polity_code,polity_name,start_year,end_year,polity_type,iso3_code,cow_code,continent,wiki_status,last_ingest,polygon_source,polygon_feature_id,polygon_feature_year,polygon_status,polygon_area_km2,predecessor,successor,polygon_feature_date
ABW-1800-2025,Aruba,1800,2025,territory,ABW,,North America,draft,2026-08-10,gadm-4.1-adm0,ABW,,assigned,180,,,
ADE-1839-1963,Aden Protectorate (1839-1963),1839,1963,colonial,,,Asia,draft,2026-06-26,cshapes-2.0,680,1967,proxy,290000,,,
AEF-1910-1960,French Equatorial Africa (AEF),1910,1960,national,AEF,,Africa,draft,2026-06-24,constructed,AEF-1910-1960,1938,assigned,2495219,,COG-1960-2025; GAB-1960-2025; CAF-1960-2025; TCD-1960-2025,
AFG-1800-1893,Afghanistan (to 1893),1800,1893,national,AFG,700,Asia,draft,2026-04-13,cshapes-2.0,700,1888,assigned,,,AFG-1893-1919,
AFG-1893-1919,Afghanistan (1893-1919),1893,1919,national,AFG,700,Asia,draft,2026-04-12,cshapes-2.0,700,1893,assigned,,AFG-1800-1893,AFG-1919-2025,
AFG-1919-2025,Afghanistan,1919,2025,national,AFG,700,Asia,draft,2026-04-12,cshapes-2.0,700,1919,assigned,,AFG-1893-1919,,
AGO-1816-2025,Angola,1816,2025,national,AGO,540,Africa,retired,2026-04-12,cshapes-2.0,540,1905,assigned,,ANG-1891-1905; KSJ-1800-1911,,
AGO-1975-2025,"Angola (independent, 1975–2025)",1975,2025,national,AGO,540,Africa,draft,2026-07-01,cshapes-2.0,540,1975,assigned,1246700,ANG-1905-1975,,
AIA-1800-2025,Anguilla,1800,2025,territory,AIA,,North America,draft,2026-08-13,gadm-4.1-adm0,AIA,,estimate,91,,,
ALB-1913-2025,Albania (1913-2025),1913,2025,national,ALB,339,Europe,draft,2026-04-12,cshapes-2.0,339,1913,assigned,,,,
ALK-1867-1959,Territory of Alaska,1867,1959,subnational,USA,,North America,draft,2026-06-26,gadm-4.1-adm1,USA.2_1,2020,assigned,1518800,F228-1856-1905,USA-1959-2025,
AMI-1946-1953,Amami Islands (US-administered),1946,1953,colonial,,,Asia,draft,2026-06-25,none,,,unassigned,,RYU-1937-1945,JPN-1952-2025,
AND-1800-2025,Andorra,1800,2025,national,AND,,Europe,reviewed,2026-04-12,cshapes-europe,232,1816,assigned,,,,
ANG-1800-1890,Angola (to 1890),1800,1890,national,ANG,,Africa,draft,2026-04-15,cshapes-2.0,540,1886,assigned,,,ANG-1890-1891,
ANG-1890-1891,Angola (1890-1891),1890,1891,national,ANG,,Africa,draft,2026-04-13,cshapes-2.0,540,1890,assigned,1037117,,ANG-1891-1905,
ANG-1891-1905,Angola (1891-1905),1891,1905,national,ANG,,Africa,draft,2026-04-13,cshapes-2.0,540,1891,assigned,1344272,ANG-1890-1891,AGO-1816-2025,
ANG-1905-1975,Angola (1905-1975),1905,1975,national,AGO,540,Africa,draft,2026-04-15,cshapes-2.0,540,1905,assigned,,ANG-1891-1905,AGO-1975-2025,
ANT-1816-1961,Dutch Caribbean (colonial),1816,1961,colonial,ANT,,North America,draft,2026-06-26,reporting-areas,ANT-1961-2010,,proxy,800,,ANT-1961-2010,
ANT-1961-2010,Netherlands Antilles,1961,2010,aggregate,ANT,,North America,draft,2026-06-11,reporting-areas,ANT-1961-2010,,assigned,800,ANT-1816-1961,CUW-2010-2025; SXM-2010-2025; BES-2010-2025,
AOF-1895-1960,French West Africa (AOF),1895,1960,national,AOF,430,Africa,draft,2026-06-23,constructed,AOF-1895-1960,1938,assigned,4774865,,SEN-1960-2025; GIN-1958-2025; CIV-1960-2025; BEN-1960-2025; NER-1960-2025; BFA-1960-2025; MLI-1960-2025; MRT-1960-1975,
AOI-1936-1941,Italian East Africa (1936-1941),1936,1941,aggregate,AOI,,Africa,draft,2026-06-29,constructed,AOI-1936-1941,,assigned,1700000,,,
ARE-1892-2025,United Arab Emirates,1892,2025,national,ARE,696,Asia,draft,2026-04-12,cshapes-2.0,696,1913,assigned,,,,
ARG-1800-1899,Argentina (to 1899),1800,1899,national,ARG,160,South America,draft,2026-07-01,cshapes-2.0,160,1886,assigned,,,ARG-1899-1902,
ARG-1800-2025,Argentina,1800,2025,national,ARG,160,South America,retired,2026-04-12,cshapes-2.0,160,1902,assigned,,,,
ARG-1899-1902,Argentina (1899-1902),1899,1902,national,ARG,160,South America,draft,2026-07-01,cshapes-2.0,160,1899,assigned,,ARG-1800-1899,ARG-1902-2025,
ARG-1902-2025,Argentina,1902,2025,national,ARG,160,South America,draft,2026-07-01,cshapes-2.0,160,1902,assigned,,ARG-1899-1902,,
ARG-BA-1853-2025,Buenos Aires (province of Argentina),1853,2025,subnational,ARG,,South America,draft,2026-09-07,gadm-4.1-adm1,ARG.1_1,,assigned,,,,
ARG-CAT-1853-2025,Catamarca (province of Argentina),1853,2025,subnational,ARG,,South America,draft,2026-09-07,gadm-4.1-adm1,ARG.2_1,,assigned,,,,
ARG-CF-1880-2025,Ciudad de Buenos Aires (Capital Federal / autonomous city of Argentina),1880,2025,subnational,ARG,,South America,draft,2026-09-07,gadm-4.1-adm1,ARG.5_1,,assigned,,,,
ARG-CHACO-1884-1951,Chaco (national territory of Argentina),1884,1951,subnational,ARG,,South America,draft,2026-09-08,gadm-4.1-adm1,ARG.3_1,,assigned,,,,
ARG-CHUBUT-1884-2025,Chubut (territory/province of Argentina),1884,2025,subnational,ARG,,South America,draft,2026-09-07,gadm-4.1-adm1,ARG.4_1,,assigned,,,,
ARG-CORDOBA-1853-2025,Córdoba (province of Argentina),1853,2025,subnational,ARG,,South America,draft,2026-09-07,gadm-4.1-adm1,ARG.6_1,,assigned,,,,
ARG-CORRIENTES-1853-2025,Corrientes (province of Argentina),1853,2025,subnational,ARG,,South America,draft,2026-09-07,gadm-4.1-adm1,ARG.7_1,,assigned,,,,
ARG-ER-1853-2025,Entre Ríos (province of Argentina),1853,2025,subnational,ARG,,South America,draft,2026-09-07,gadm-4.1-adm1,ARG.8_1,,assigned,,,,
ARG-FORMOSA-1900-1955,Formosa (national territory of Argentina),1900,1955,subnational,ARG,,South America,draft,2026-09-08,gadm-4.1-adm1,ARG.9_1,,assigned,,,,
ARG-JUJUY-1853-2025,Jujuy (province of Argentina),1853,2025,subnational,ARG,,South America,draft,2026-09-07,gadm-4.1-adm1,ARG.10_1,,assigned,,,,
ARG-LAPAMPA-1951-2025,La Pampa (province of Argentina),1951,2025,subnational,ARG,,South America,draft,2026-09-07,gadm-4.1-adm1,ARG.11_1,,assigned,,,,
ARG-LARIOJA-1853-2025,La Rioja (province of Argentina),1853,2025,subnational,ARG,,South America,draft,2026-09-07,gadm-4.1-adm1,ARG.12_1,,assigned,,,,
ARG-MENDOZA-1853-2025,Mendoza (province of Argentina),1853,2025,subnational,ARG,,South America,draft,2026-09-07,gadm-4.1-adm1,ARG.13_1,,assigned,,,,
ARG-MISIONES-1881-2025,Misiones (province of Argentina),1881,2025,subnational,ARG,,South America,draft,2026-09-07,gadm-4.1-adm1,ARG.14_1,,assigned,,,,
ARG-NEUQUEN-1884-2025,Neuquén (territory/province of Argentina),1884,2025,subnational,ARG,,South America,draft,2026-09-07,gadm-4.1-adm1,ARG.15_1,,assigned,,,,
ARG-RIONEGRO-1884-2025,Río Negro (province of Argentina),1884,2025,subnational,ARG,,South America,draft,2026-09-07,gadm-4.1-adm1,ARG.16_1,,assigned,,,,
ARG-SALTA-1853-2025,Salta (province of Argentina),1853,2025,subnational,ARG,,South America,draft,2026-09-07,gadm-4.1-adm1,ARG.17_1,,assigned,,,,
ARG-SANJUAN-1853-2025,San Juan (province of Argentina),1853,2025,subnational,ARG,,South America,draft,2026-09-07,gadm-4.1-adm1,ARG.18_1,,assigned,,,,
ARG-SANLUIS-1853-2025,San Luis (province of Argentina),1853,2025,subnational,ARG,,South America,draft,2026-09-07,gadm-4.1-adm1,ARG.19_1,,assigned,,,,
ARG-SANTACRUZ-1955-2025,Santa Cruz (province of Argentina),1955,2025,subnational,ARG,,South America,draft,2026-09-07,gadm-4.1-adm1,ARG.20_1,,assigned,,,,
ARG-SANTAFE-1853-2025,Santa Fe (province of Argentina),1853,2025,subnational,ARG,,South America,draft,2026-09-07,gadm-4.1-adm1,ARG.21_1,,assigned,,,,
ARG-SANTIAGODELESTERO-1853-2025,Santiago del Estero (province of Argentina),1853,2025,subnational,ARG,,South America,draft,2026-09-07,gadm-4.1-adm1,ARG.22_1,,assigned,,,,
ARG-TIERRADELFUEGO-1884-2025,Tierra del Fuego (territory/province of Argentina),1884,2025,subnational,ARG,,South America,draft,2026-09-07,gadm-4.1-adm1,ARG.23_1,,assigned,,,,
ARG-TUCUMAN-1853-2025,Tucumán (province of Argentina),1853,2025,subnational,ARG,,South America,draft,2026-09-07,gadm-4.1-adm1,ARG.24_1,,assigned,,,,
ARM-1991-2025,Armenia,1991,2025,national,ARM,371,Asia,reviewed,2026-04-12,cshapes-2.0,371,1991,assigned,,F228-1945-1991,,
ASH-1800-1896,Ashanti Empire,1800,1896,national,,,Africa,draft,2026-04-13,paine-2024,Asante,,assigned,,,GHA-1898-1957,
ASM-1900-2025,Territory of American Samoa,1900,2025,colonial,ASM,,Oceania,draft,2026-06-26,gadm-4.1-adm0,ASM,2023,assigned,199,,,
ATF-1800-2025,French Southern and Antarctic Lands (sub-Antarctic districts),1800,2025,territory,ATF,,Oceania,draft,2026-08-10,gadm-4.1-adm0,ATF,,proxy,7747,,,
ATG-1800-2025,Antigua and Barbuda,1800,2025,national,ATG,58,North America,draft,2026-06-09,gadm-4.1-adm0,ATG,,proxy,,,,
AUH-1800-1859,Austrian Empire (to 1859),1800,1859,national,AUH,300,Europe,draft,2026-04-13,cliopatria,Austrian Empire,1820,assigned,,,AUH-1859-1866,
AUH-1859-1866,Austrian Empire (1859-1866),1859,1866,national,AUH,300,Europe,draft,2026-04-13,cliopatria,Austrian Empire,1860,assigned,,AUH-1800-1859,AUH-1866-1908,
AUH-1866-1908,Austria-Hungary (1866-1908),1866,1908,national,AUH,300,Europe,draft,2026-04-13,cliopatria,Austria-Hungary,1880,assigned,,AUH-1859-1866,AUH-1908-1918,
AUH-1908-1918,Austria-Hungary (1908-1918),1908,1918,national,AUH,300,Europe,draft,2026-04-11,cshapes-2.0,300,1908,assigned,,AUH-1866-1908,AUT-1918-1919; HUN-1918-1920; F51-1918-1938; F248-1918-1919; POL-1918-1919,
AUS-1800-1901,Australian Colonies (to 1901),1800,1901,national,AUS,,Oceania,draft,2026-04-16,cshapes-2.0,900,1901,proxy,7686693,,AUS-1901-2025,
AUS-1901-2025,Australia,1901,2025,national,AUS,900,Oceania,reviewed,2026-04-12,cshapes-2.0,900,1927,assigned,,,,
AUS-ACT-1911-2025,Australian Capital Territory (state of Australia),1911,2025,subnational,AUS,,Oceania,draft,2026-09-07,gadm-4.1-adm1,AUS.2_1,,assigned,,,,
AUS-NSW-1901-2025,New South Wales (state of Australia),1901,2025,subnational,AUS,,Oceania,draft,2026-09-07,gadm-4.1-adm1,AUS.5_1,,assigned,,AUS-NSW-1800-1900,,
AUS-NT-1911-2025,Northern Territory (territory of Australia),1911,2025,subnational,AUS,,Oceania,draft,2026-09-07,gadm-4.1-adm1,AUS.6_1,,assigned,,,,
AUS-SA-1901-2025,South Australia (state of Australia),1901,2025,subnational,AUS,,Oceania,draft,2026-09-07,gadm-4.1-adm1,AUS.8_1,,assigned,,,,
AUS-TAS-1901-2025,Tasmania (state of Australia),1901,2025,subnational,AUS,,Oceania,draft,2026-09-07,gadm-4.1-adm1,AUS.9_1,,assigned,,,,
AUS-WA-1901-2025,Western Australia (state of Australia),1901,2025,subnational,AUS,,Oceania,draft,2026-09-07,gadm-4.1-adm1,AUS.11_1,,assigned,,,,
AUSA-1836-1900,South Australia (to 1900),1836,1900,colonial,AUS,,Oceania,draft,2026-04-15,cshapes-2.0,903,1886,assigned,,,AUS-1901-2025,
AUT-1800-1918,Austria (Cisleithania),1800,1918,national,AUT,305,Europe,draft,2026-04-17,histogis-1860-habsburg,AUT-1800-1918,,assigned,300560,,AUT-1918-1919,
AUT-1918-1919,Austria (1918-1919),1918,1919,national,AUT,305,Europe,draft,2026-04-12,cshapes-2.0,305,1918,assigned,,AUH-1908-1918,AUT-1919-2025,
AUT-1919-2025,Austria,1919,2025,national,AUT,305,Europe,draft,2026-04-12,cshapes-2.0,305,1919,assigned,,AUH-1908-1918,,
AUWA-1829-1900,Western Australia (to 1900),1829,1900,colonial,AUS,,Oceania,draft,2026-04-15,cshapes-2.0,902,1886,assigned,,,AUS-1901-2025,
AZE-1991-2025,Azerbaijan,1991,2025,national,AZE,373,Asia,reviewed,2026-04-12,cshapes-2.0,373,1991,assigned,,AZE-SSR-1920-1991,,
AZE-SSR-1920-1991,Azerbaijan SSR,1920,1991,national,AZE,373,Asia,draft,2026-08-13,cshapes-2.0,373,1991,proxy,87000,F228-1920-1921,AZE-1991-2025,
BCM-1916-1961,British Cameroons,1916,1961,colonial,CMR,472,Africa,draft,2026-06-25,cshapes-2.0,472,1953,assigned,87489,,NGA-1961-2025; CMR-1961-2025,
BDI-1922-1962,Burundi (within Ruanda-Urundi),1922,1962,subnational,BDI,,Africa,draft,2026-07-02,cshapes-2.0,516,1962,assigned,27308,,BDI-1962-2025,
BDI-1962-2025,Burundi,1962,2025,national,BDI,516,Africa,draft,2026-04-12,cshapes-2.0,516,1962,assigned,,BDK-1800-1890; RWB-1922-1962,,
BDK-1800-1890,Kingdom of Burundi,1800,1890,national,,,Africa,draft,2026-04-12,paine-2024,Burundi,,assigned,,,TAN-1891-1920; BDI-1962-2025,
BEC-1885-1966,Bechuanaland Protectorate (1885-1966),1885,1966,national,BEC,,Africa,draft,2026-04-13,cshapes-2.0,571,1938,assigned,,,BWA-1966-2025,
BEL-1831-2025,Belgium,1831,2025,national,BEL,211,Europe,draft,2026-04-12,cshapes-2.0,211,1886,assigned,,NLD-1800-1830,,
BEN-1895-1898,Benin (1895-1898),1895,1898,national,BEN,434,Africa,draft,2026-04-13,cshapes-2.0,434,1895,assigned,,DHY-1800-1894,BEN-1898-1960,
BEN-1898-1960,Benin (1898-1960),1898,1960,national,BEN,434,Africa,draft,2026-04-12,cshapes-2.0,434,1898,assigned,,BEN-1895-1898,BEN-1960-2025,
BEN-1960-2025,Benin,1960,2025,national,BEN,434,Africa,draft,2026-04-12,cshapes-2.0,434,1960,assigned,,DHY-1800-1894; PNV-1800-1882; BEN-1898-1960,,
BES-2010-2025,"Bonaire, Sint Eustatius and Saba",2010,2025,territory,BES,,North America,draft,2026-08-24,gadm-4.1-adm0,BES,,estimate,325,ANT-1961-2010,,
BFA-1919-1932,Upper Volta (1919-1932),1919,1932,national,BFA,439,Africa,draft,2026-06-26,cshapes-2.0,439,1947,assigned,,AOF-1895-1960,,
BFA-1947-1960,Burkina Faso (1947-1960),1947,1960,national,BFA,439,Africa,draft,2026-04-12,cshapes-2.0,439,1947,assigned,,AOF-1895-1960,BFA-1960-2025,
BFA-1960-2025,Burkina Faso,1960,2025,national,BFA,439,Africa,draft,2026-04-12,cshapes-2.0,439,1960,assigned,,MOS-1800-1897; BFA-1947-1960,,
BGA-1800-1894,Kingdom of Buganda,1800,1894,national,,,Africa,draft,2026-04-12,paine-2024,Buganda,,assigned,,,UGA-1894-1902; UGA-1962-2025,
BGD-1947-1971,East Pakistan (1947-1971),1947,1971,national,BGD,771,Asia,draft,2026-04-16,cshapes-2.0,771,1971,assigned,,PAK-1937-1947,BGD-1971-2025,
BGD-1971-2025,Bangladesh,1971,2025,national,BGD,771,Asia,draft,2026-04-12,cshapes-2.0,771,1971,assigned,,PAK-1949-1971,,
BGR-1878-1913,Bulgaria (to 1913),1878,1913,national,BGR,355,Europe,draft,2026-04-12,cshapes-europe,355,1886,assigned,,,BGR-1913-1918,
BGR-1913-1918,Bulgaria (1913-1918),1913,1918,national,BGR,355,Europe,draft,2026-04-12,cshapes-2.0,355,1913,assigned,,BGR-1878-1913,BGR-1918-1919,
BGR-1918-1919,Bulgaria (1918-1919),1918,1919,national,BGR,355,Europe,draft,2026-04-12,cshapes-2.0,355,1918,assigned,,BGR-1913-1918,BGR-1919-1940,
BGR-1919-1940,Bulgaria (1919-1940),1919,1940,national,BGR,355,Europe,draft,2026-04-12,cshapes-2.0,355,1919,assigned,,BGR-1918-1919,BGR-1940-2025,
BGR-1940-2025,Bulgaria (1940-2025),1940,2025,national,BGR,355,Europe,reviewed,2026-04-12,cshapes-2.0,355,1940,assigned,,BGR-1919-1940,,
BHR-1800-2025,Bahrain,1800,2025,national,BHR,692,Asia,draft,2026-04-12,cshapes-2.0,692,1971,assigned,,,,
BHS-1800-2025,Bahamas,1800,2025,national,BHS,31,North America,draft,2026-06-09,gadm-4.1-adm0,BHS,,proxy,,,,
BIH-1992-2025,Bosnia and Herzegovina,1992,2025,national,BIH,346,Europe,reviewed,2026-04-12,cshapes-2.0,346,1992,assigned,,F248-1991-1992,,
BKN-1800-1897,Kingdom of Benin,1800,1897,national,,,Africa,draft,2026-04-15,paine-2024,Benin,,assigned,,,SNI-1899-1906,
BLI-1833-1960,British Leeward Islands Colony,1833,1960,colonial,BLI,,North America,draft,2026-06-26,constructed,BLI-1833-1960,,proxy,1716,,ATG-1800-2025; KNA-1800-2025; MSR-1800-2025; DMA-1800-2025; VGB-1800-2025,
BLR-1991-2025,Belarus,1991,2025,national,BLR,370,Europe,reviewed,2026-04-12,cshapes-2.0,370,1991,assigned,,F228-1945-1991,,
BLX-1850-1999,Belgium-Luxembourg,1850,1999,aggregate,BLX,,Europe,draft,2026-06-11,reporting-areas,BLX-1850-1999,,assigned,,,BEL-1831-2025; LUX-1839-2025,
BLX-1921-1999,Belgium-Luxembourg Economic Union,1921,1999,aggregate,BEL,,Europe,retired,2026-06-25,constructed,BLX-1921-1999,,assigned,33223,,BLX-1850-1999,
BLZ-1800-1886,Belize (to 1886),1800,1886,colonial,BLZ,80,North America,draft,2026-04-13,none,,,unassigned,,,BLZ-1886-1970,
BLZ-1800-2025,Belize,1800,2025,national,BLZ,80,North America,superseded,2026-04-13,cshapes-2.0,80,1886,assigned,,,BLZ-1800-1886; BLZ-1886-1970; BLZ-1970-1981; BLZ-1981-2025,
BLZ-1886-1970,British Honduras,1886,1970,colonial,BLZ,80,North America,draft,2026-04-13,cshapes-2.0,80,1886,assigned,22966,BLZ-1800-1886,BLZ-1970-1981,
BLZ-1970-1981,Belize (pre-independence),1970,1981,colonial,BLZ,80,North America,draft,2026-04-13,cshapes-2.0,80,1886,assigned,22966,BLZ-1886-1970,BLZ-1981-2025,
BLZ-1981-2025,Belize,1981,2025,national,BLZ,80,North America,draft,2026-04-13,cshapes-2.0,80,1886,assigned,22966,BLZ-1970-1981,,
BMB-1800-1899,Bemba Kingdom,1800,1899,national,,,Africa,draft,2026-04-13,paine-2024,Bemba,,assigned,,,ZMB-1964-2025,
BMU-1684-1968,British Crown Colony of Bermuda,1684,1968,national,BMU,,North America,draft,2026-06-26,gadm-4.1-adm0,BMU,,proxy,54,,BMU-1968-2025,
BMU-1968-2025,Bermuda,1968,2025,territory,BMU,,North America,draft,2026-07-02,gadm-4.1-adm0,BMU,,proxy,54,BMU-1684-1968,,
BNB-1881-1963,British North Borneo,1881,1963,colonial,MYS,823,Asia,draft,2026-06-24,cshapes-2.0,823,1889,assigned,72620,,MYS-1963-1965,
BND-1800-1887,Kingdom of Bundu,1800,1887,national,,,Africa,draft,2026-04-13,paine-2024,Bundu,,assigned,,,SEN-1960-2025,
BNU-1800-1893,Bornu Empire,1800,1893,national,,,Africa,draft,2026-04-15,paine-2024,Borno,,assigned,,,NNI-1899-1904,
BNY-1800-1899,Kingdom of Bunyoro,1800,1899,national,,,Africa,draft,2026-04-13,paine-2024,Bunyoro,,assigned,,,UGA-1894-1902; UGA-1962-2025,
BOL-1825-1903,Bolivia (to 1903),1825,1903,national,BOL,145,South America,draft,2026-04-12,cshapes-2.0,145,1886,assigned,,,BOL-1903-1909,
BOL-1903-1909,Bolivia (1903-1909),1903,1909,national,BOL,145,South America,draft,2026-04-12,cshapes-2.0,145,1903,assigned,,BOL-1825-1903,BOL-1909-1938,
BOL-1909-1938,Bolivia (1909-1938),1909,1938,national,BOL,145,South America,draft,2026-04-12,cshapes-2.0,145,1909,assigned,,BOL-1903-1909,BOL-1938-2025,
BOL-1938-2025,Bolivia,1938,2025,national,BOL,145,South America,reviewed,2026-04-12,cshapes-2.0,145,1938,assigned,,BOL-1909-1938,,
BOL-BEN-1842-2025,Beni (department of Bolivia),1842,2025,subnational,BOL,,South America,draft,2026-09-07,gadm-4.1-adm1,BOL.3_1,,assigned,,,,
BOL-CHUQ-1825-2025,Chuquisaca (department of Bolivia),1825,2025,subnational,BOL,,South America,draft,2026-09-07,gadm-4.1-adm1,BOL.1_1,,assigned,,,,
BOL-COCH-1825-2025,Cochabamba (department of Bolivia),1825,2025,subnational,BOL,,South America,draft,2026-09-07,gadm-4.1-adm1,BOL.2_1,,assigned,,,,
BOL-LP-1825-2025,La Paz (department of Bolivia),1825,2025,subnational,BOL,,South America,draft,2026-09-07,gadm-4.1-adm1,BOL.4_1,,assigned,,,,
BOL-ORU-1825-2025,Oruro (department of Bolivia),1825,2025,subnational,BOL,,South America,draft,2026-09-07,gadm-4.1-adm1,BOL.5_1,,assigned,,,,
BOL-PND-1938-2025,Pando (department of Bolivia),1938,2025,subnational,BOL,,South America,draft,2026-09-07,gadm-4.1-adm1,BOL.6_1,,assigned,,,,
BOL-POT-1825-2025,Potosí (department of Bolivia),1825,2025,subnational,BOL,,South America,draft,2026-09-07,gadm-4.1-adm1,BOL.7_1,,assigned,,,,
BOL-SZ-1825-2025,Santa Cruz (department of Bolivia),1825,2025,subnational,BOL,,South America,draft,2026-09-07,gadm-4.1-adm1,BOL.8_1,,assigned,,,,
BOL-TARIJA-1831-2025,Tarija (department of Bolivia),1831,2025,subnational,BOL,,South America,draft,2026-09-07,gadm-4.1-adm1,BOL.9_1,,assigned,,,,
BRA-1800-1903,Brazil (to 1903),1800,1903,national,BRA,140,South America,draft,2026-07-24,cshapes-2.0,140,1890,polygon_vintage_drift,8311721,,BRA-1903-1909,
BRA-1800-2025,Brazil,1800,2025,national,BRA,140,South America,superseded,2026-04-12,cshapes-2.0,140,1960,unassigned,,,,
BRA-1903-1909,Brazil (1903-1909),1903,1909,national,BRA,140,South America,draft,2026-07-24,cshapes-2.0,140,1905,assigned,8437289,BRA-1800-1903,BRA-1909-2025,
BRA-1909-2025,Brazil,1909,2025,national,BRA,140,South America,draft,2026-07-24,cshapes-2.0,140,1930,assigned,8472100,BRA-1903-1909,,
BRA-ACRE-1962-2025,Acre,1962,2025,subnational,BRA,,South America,draft,2026-09-07,geobr-ibge,AC,2020,assigned,,,,
BRA-ALAGOAS-1889-2025,Alagoas,1889,2025,subnational,BRA,,South America,draft,2026-09-07,geobr-ibge,AL,2020,assigned,,,,
BRA-AMAPA-1943-2025,Amapá,1943,2025,subnational,BRA,,South America,draft,2026-09-07,gadm-4.1-adm1,BRA.3_1,,assigned,,,,
BRA-AMAZONAS-1889-2025,Amazonas,1889,2025,subnational,BRA,,South America,draft,2026-09-07,geobr-ibge,AM,2020,assigned,,,,
BRA-BAHIA-1889-2025,Bahia,1889,2025,subnational,BRA,,South America,draft,2026-09-07,geobr-ibge,BA,2020,assigned,,,,
BRA-CE-1889-2025,Ceará,1889,2025,subnational,BRA,,South America,draft,2026-09-07,geobr-ibge,CE,2020,assigned,,,,
BRA-DF-1960-2023,Distrito Federal (Brasília),1960,2023,subnational,BRA,,South America,draft,2026-09-07,geobr-ibge,DF,2020,assigned,,,,
BRA-ES-1889-2025,Espírito Santo,1889,2025,subnational,BRA,,South America,draft,2026-09-07,geobr-ibge,ES,2020,assigned,,,,
BRA-GOIAS-1889-2025,Goiás,1889,2025,subnational,BRA,,South America,draft,2026-09-07,geobr-ibge,GO,2020,assigned,,,,
BRA-MARANHAO-1889-2025,Maranhão,1889,2025,subnational,BRA,,South America,draft,2026-09-07,geobr-ibge,MA,2020,assigned,,,,
BRA-MATOGROSSO-1889-2025,Mato Grosso,1889,2025,subnational,BRA,,South America,draft,2026-09-07,geobr-ibge,MT,2020,assigned,,,,
BRA-MINASGERAIS-1889-2025,Minas Gerais,1889,2025,subnational,BRA,,South America,draft,2026-09-07,geobr-ibge,MG,2020,assigned,,,,
BRA-MS-1977-2025,Mato Grosso do Sul,1977,2025,subnational,BRA,,South America,draft,2026-09-07,geobr-ibge,MS,2020,assigned,,BRA-MATOGROSSO,,
BRA-PARA-1889-2025,Pará,1889,2025,subnational,BRA,,South America,draft,2026-09-07,geobr-ibge,PA,2020,assigned,,,,
BRA-PARAIBA-1889-2025,Paraíba,1889,2025,subnational,BRA,,South America,draft,2026-09-07,geobr-ibge,PB,2020,assigned,,,,
BRA-PARANA-1889-2025,Paraná,1889,2025,subnational,BRA,,South America,draft,2026-09-07,geobr-ibge,PR,2020,assigned,,,,
BRA-PERNAMBUCO-1889-2025,Pernambuco,1889,2025,subnational,BRA,,South America,draft,2026-09-07,geobr-ibge,PE,2020,assigned,,,,
BRA-PIAUI-1889-2025,Piauí,1889,2025,subnational,BRA,,South America,draft,2026-09-07,geobr-ibge,PI,2020,assigned,,,,
BRA-RIODEJANEIRO-1889-2025,Rio de Janeiro,1889,2025,subnational,BRA,,South America,draft,2026-09-07,geobr-ibge,RJ,2020,assigned,,,,
BRA-RIOGRANDEDOSUL-1889-2025,Rio Grande do Sul,1889,2025,subnational,BRA,,South America,draft,2026-09-07,geobr-ibge,RS,2020,assigned,,,,
BRA-RN-1889-2025,Rio Grande do Norte,1889,2025,subnational,BRA,,South America,draft,2026-09-07,geobr-ibge,RN,2020,assigned,,,,
BRA-RONDONIA-1943-2025,Rondônia,1943,2025,subnational,BRA,,South America,draft,2026-09-07,geobr-ibge,RO,2020,assigned,,,,
BRA-RORAIMA-1988-2025,"Roraima (state, 1988-2025)",1988,2025,subnational,BRA,,South America,draft,2026-09-07,geobr-ibge,RR,2020,assigned,,,,
BRA-SANTACATARINA-1889-2025,Santa Catarina,1889,2025,subnational,BRA,,South America,draft,2026-09-07,geobr-ibge,SC,2020,assigned,,,,
BRA-SAOPAULO-1889-2025,São Paulo,1889,2025,subnational,BRA,,South America,draft,2026-09-07,geobr-ibge,SP,2020,assigned,,,,
BRA-SERGIPE-1889-2025,Sergipe,1889,2025,subnational,BRA,,South America,draft,2026-09-08,geobr-ibge,SE,2020,assigned,,BRA-1800-1903,,
BRA-TOCANTINS-1988-2025,Tocantins,1988,2025,subnational,BRA,,South America,draft,2026-09-07,geobr-ibge,TO,2020,assigned,,,,
BRB-1800-2025,Barbados,1800,2025,national,BRB,53,North America,draft,2026-06-09,gadm-4.1-adm0,BRB,,proxy,,,,
BRG-1800-1897,Borgu Confederacy,1800,1897,national,,,Africa,draft,2026-04-13,paine-2024,Borgu,,assigned,,,NGA-1914-1960; BEN-1960-2025,
BRL-1938-1945,Greater Berlin (1938-1945),1938,1945,city-territory,,,Europe,draft,2026-06-26,gadm-4.1-adm1,DEU.3_1,2022,assigned,892,BRL-1920-1938,BRL-1945-1949,
BRL-1945-1949,Berlin (Allied Occupation),1945,1949,city-territory,,,Europe,draft,2026-06-26,gadm-4.1-adm1,DEU.3_1,2022,assigned,892,DEU-1945-1949,WBL-1949-1990; EBL-1949-1990,
BRN-1816-1888,Brunei (greater),1816,1888,national,BRN,835,Asia,draft,2026-04-12,cshapes-2.0,835,1888,assigned,,,BRN-1888-2025,
BRN-1888-2025,Brunei Darussalam,1888,2025,national,BRN,835,Asia,draft,2026-04-12,cshapes-2.0,835,1888,assigned,,BRN-1816-1888,,
BSS-1884-1960,British Somaliland Protectorate (1884-1960),1884,1960,national,BSS,,Africa,draft,2026-06-24,cshapes-2.0,521,1886,assigned,,,SOM-1960-2025,
BSW-1841-1963,Sarawak (Brooke Raj / Crown Colony),1841,1963,colonial,MYS,824,Asia,draft,2026-06-26,cshapes-2.0,824,1889,assigned,124276,,MYS-1963-1965,
BTL-1920-1957,British Togoland (1920-1957),1920,1957,colonial,GHA,,Africa,draft,2026-06-26,constructed,BTL-1920-1957,1957,assigned,26630,GTO-1884-1920,GHA-1957-2025,
BTN-1800-2025,Bhutan,1800,2025,national,BTN,,Asia,draft,2026-04-12,cshapes-2.0,760,1886,assigned,,,,
BWA-1966-2025,Botswana,1966,2025,national,BWA,571,Africa,draft,2026-04-13,cshapes-2.0,571,1966,assigned,,BEC-1885-1966,,
BWI-1833-1962,British West Indies (colonial aggregate),1833,1962,national,BWI,,North America,draft,2026-06-26,constructed,BWI-1833-1962,,proxy,34766,,JAM-1800-2025; TTO-1800-2025; BRB-1800-2025; BHS-1800-2025; ATG-1800-2025; GRD-1800-2025; VCT-1833-2025; DMA-1800-2025; LCA-1838-2025; KNA-1800-2025; MSR-1800-2025,
CAF-1906-1912,Central African Republic (1906-1912),1906,1912,national,CAF,482,Africa,draft,2026-04-13,cshapes-2.0,482,1906,assigned,,,CAF-1912-1919,
CAF-1912-1919,Central African Republic (1912-1919),1912,1919,national,CAF,482,Africa,draft,2026-04-13,cshapes-2.0,482,1912,assigned,,CAF-1906-1912,CAF-1919-1960,
CAF-1919-1960,Central African Republic (1919-1960),1919,1960,national,CAF,482,Africa,draft,2026-04-12,cshapes-2.0,482,1919,assigned,,CAF-1912-1919,CAF-1960-2025,
CAF-1960-2025,Central African Republic,1960,2025,national,CAF,482,Africa,draft,2026-04-12,cshapes-2.0,482,1960,assigned,,CAF-1919-1960,,
CAL-1850-2025,California (US state),1850,2025,subnational,USA,,North America,draft,2026-09-07,gadm-4.1-adm1,USA.5_1,,assigned,,,,
CAN-1800-1866,Canada (pre-Confederation),1800,1866,national,CAN,,North America,draft,2026-06-29,none,,,unassigned,,,CAN-1866-1870,
CAN-1866-1870,"Canada (original four provinces, 1866–1870)",1866,1870,national,CAN,20,North America,draft,2026-06-29,none,,,unassigned,500000,CAN-1800-1866,CAN-1870-1886,
CAN-1866-1886,"Canada (Confederation era, to 1886)",1866,1886,national,CAN,20,North America,retired,2026-06-29,cshapes-2.0,20,1886,proxy,9553560,CAN-1800-1866,CAN-1866-1870; CAN-1870-1886,
CAN-1870-1886,Canada (post-Rupert's Land 1870-1886),1870,1886,national,CAN,20,North America,draft,2026-06-29,cshapes-2.0,20,1886,proxy,9553560,CAN-1866-1870,CAN-1886-1949,
CAN-1886-1948,Canada (to 1948),1886,1948,national,CAN,20,North America,retired,2026-06-29,cshapes-2.0,20,1886,assigned,9553560,CAN-1866-1886,CAN-1886-1949,
CAN-1886-1949,Canada (to the Newfoundland accession),1886,1949,national,CAN,20,North America,draft,2026-08-05,cshapes-2.0,20,1886,assigned,9553560,CAN-1870-1886,CAN-1949-2025,
CAN-1948-2025,Canada,1948,2025,national,CAN,20,North America,retired,2026-04-12,cshapes-2.0,20,1948,assigned,,CAN-1866-1948,CAN-1949-2025,
CAN-1949-2025,Canada,1949,2025,national,CAN,20,North America,reviewed,2026-08-05,cshapes-2.0,20,1949,assigned,,CAN-1886-1949; NFL-1907-1949,,
CAP-1800-1895,Cape Colony (to 1895),1800,1895,national,CAP,,Africa,draft,2026-08-14,cshapes-2.0,561,1886,polygon_vintage_drift,600802,,CAP-1895-1910,
CAP-1800-1910,Cape Colony (to 1910),1800,1910,national,CAP,,Africa,superseded,2026-08-14,cshapes-2.0,561,1886,assigned,600802,,CAP-1895-1910,
CAP-1895-1910,Cape Colony (1895-1910),1895,1910,national,CAP,,Africa,draft,2026-08-14,cshapes-2.0,561,1895,assigned,716102,CAP-1800-1895,ZAF-1910-2025,
CAR-1920-1945,Caroline Islands (Japanese Mandate),1920,1945,colonial,,,Oceania,draft,2026-08-13,gadm-4.1-adm0,FSM,,proxy,702,JPN-1895-1945,FSM-1991-2025,
CAY-1800-1886,Kingdom of Cayor,1800,1886,national,,,Africa,draft,2026-04-13,paine-2024,Cayor,,assigned,,,SEN-1960-2025,
CEM-1800-2025,Ceuta and Melilla,1800,2025,territory,,,Africa,draft,2026-08-17,gadm-4.1-adm1,ESP.7_1,,proxy,30,,,
CHE-1800-2025,Switzerland,1800,2025,national,CHE,225,Europe,draft,2026-04-13,cshapes-2.0,225,1886,assigned,,,,
CHL-1810-1884,Chile (to 1884),1810,1884,national,CHL,155,South America,draft,2026-06-24,constructed,CHL-1810-1884,,proxy,,,CHL-1884-1899,
CHL-1884-1899,Chile (1884-1899),1884,1899,national,CHL,155,South America,draft,2026-06-24,cshapes-2.0,155,1886,assigned,,CHL-1810-1884,CHL-1899-1902,
CHL-1899-1902,Chile (1899-1902),1899,1902,national,CHL,155,South America,reviewed,2026-04-12,cshapes-2.0,155,1899,assigned,,CHL-1884-1899,CHL-1902-2025,
CHL-1902-2025,Chile,1902,2025,national,CHL,155,South America,reviewed,2026-04-12,cshapes-2.0,155,1902,assigned,,CHL-1899-1902,,
CHL-AI-1976-2025,Aysén (region of Chile),1976,2025,subnational,CHL,,South America,draft,2026-09-07,gadm-4.1-adm1,CHL.1_1,,assigned,,,,
CHL-AN-1976-2025,Antofagasta (region of Chile),1976,2025,subnational,CHL,,South America,draft,2026-09-07,gadm-4.1-adm1,CHL.2_1,,assigned,,,,
CHL-AP-2007-2025,Arica y Parinacota,2007,2025,subnational,CHL,,South America,draft,2026-09-07,gadm-4.1-adm1,CHL.4_1,,assigned,,,,
CHL-AR-1976-2025,La Araucanía (region of Chile),1976,2025,subnational,CHL,,South America,draft,2026-09-07,gadm-4.1-adm1,CHL.3_1,,assigned,,,,
CHL-AT-1976-2025,Atacama (region of Chile),1976,2025,subnational,CHL,,South America,draft,2026-09-07,gadm-4.1-adm1,CHL.5_1,,assigned,,,,
CHL-BI-1976-2025,Biobío (region of Chile),1976,2025,subnational,CHL,,South America,draft,2026-09-07,gadm-4.1-adm1,CHL.6_1,,assigned,,,,
CHL-CO-1976-2025,Coquimbo (region of Chile),1976,2025,subnational,CHL,,South America,draft,2026-09-07,gadm-4.1-adm1,CHL.7_1,,assigned,,,,
CHL-LI-1976-2025,O'Higgins (region of Chile),1976,2025,subnational,CHL,,South America,draft,2026-09-07,gadm-4.1-adm1,CHL.8_1,,assigned,,,,
CHL-LL-1976-2025,Los Lagos (region of Chile),1976,2025,subnational,CHL,,South America,draft,2026-09-07,gadm-4.1-adm1,CHL.9_1,,assigned,,,,
CHL-LR-2007-2025,Los Ríos (region of Chile),2007,2025,subnational,CHL,,South America,draft,2026-09-07,gadm-4.1-adm1,CHL.10_1,,assigned,,,,
CHL-MA-1976-2025,Magallanes (region of Chile),1976,2025,subnational,CHL,,South America,draft,2026-09-07,gadm-4.1-adm1,CHL.11_1,,assigned,,,,
CHL-ML-1976-2025,Maule (region of Chile),1976,2025,subnational,CHL,,South America,draft,2026-09-07,gadm-4.1-adm1,CHL.12_1,,assigned,,,,
CHL-NB-2018-2025,Ñuble (region of Chile),2018,2025,subnational,CHL,,South America,draft,2026-09-07,gadm-4.1-adm1,CHL.13_1,,assigned,,,,
CHL-RM-1976-2025,Metropolitana (region of Chile),1976,2025,subnational,CHL,,South America,draft,2026-09-07,gadm-4.1-adm1,CHL.14_1,,assigned,,,,
CHL-TA-1976-2025,Tarapacá (region of Chile),1976,2025,subnational,CHL,,South America,draft,2026-09-07,gadm-4.1-adm1,CHL.15_1,,assigned,,,,
CHL-VS-1976-2025,Valparaíso (region of Chile),1976,2025,subnational,CHL,,South America,draft,2026-09-07,gadm-4.1-adm1,CHL.16_1,,assigned,,,,
CHN-1800-1895,China (to 1895),1800,1895,national,CHN,710,Asia,draft,2026-04-12,cshapes-2.0,710,1886,assigned,,,CHN-1895-1913,
CHN-1895-1913,China (1895-1913),1895,1913,national,CHN,710,Asia,draft,2026-04-12,cshapes-2.0,710,1899,assigned,,CHN-1800-1895,CHN-1913-1914,
CHN-1913-1914,China (1913-1914),1913,1914,national,CHN,710,Asia,draft,2026-04-12,cshapes-2.0,710,1913,assigned,,CHN-1895-1913,CHN-1914-1921,
CHN-1914-1921,China (1914-1921),1914,1921,national,CHN,710,Asia,draft,2026-04-12,cshapes-2.0,710,1914,assigned,,CHN-1913-1914,CHN-1921-1945,
CHN-1921-1932,China (1921-1932),1921,1932,national,CHN,710,Asia,draft,2026-06-29,cshapes-2.0,710,1921,assigned,7496578,CHN-1914-1921,CHN-1932-1945,
CHN-1921-1945,China (1921-1945),1921,1945,national,CHN,710,Asia,superseded,2026-04-12,cshapes-2.0,710,1921,assigned,,CHN-1914-1921,CHN-1945-1947,
CHN-1932-1945,China (1932-1945),1932,1945,national,CHN,710,Asia,draft,2026-06-29,constructed,CHN-1932-1945,,assigned,6710264,CHN-1921-1932,CHN-1945-1947,
CHN-1945-1947,China (1945-1947),1945,1947,national,CHN,710,Asia,draft,2026-04-12,cshapes-2.0,710,1945,assigned,,CHN-1932-1945,CHN-1947-1949,
CHN-1947-1949,China (1947-1949),1947,1949,national,CHN,710,Asia,draft,2026-04-12,cshapes-2.0,710,1947,assigned,,CHN-1945-1947,CHN-1949-1950,
CHN-1949-1950,China (1949-1950),1949,1950,national,CHN,710,Asia,draft,2026-04-12,cshapes-2.0,710,1949,assigned,,CHN-1947-1949,CHN-1950-2025,
CHN-1950-2025,China (PRC),1950,2025,national,CHN,,Asia,draft,2026-04-12,cshapes-2.0,710,1950,assigned,9369260,CHN-1949-1950; MAN-1950-1955,,
CIV-1889-1893,Côte d'Ivoire (1889-1893),1889,1893,national,CIV,437,Africa,draft,2026-04-15,cshapes-2.0,437,1889,assigned,,,CIV-1893-1902,
CIV-1893-1902,Côte d'Ivoire (1893-1902),1893,1902,national,CIV,437,Africa,draft,2026-04-15,cshapes-2.0,437,1893,assigned,,CIV-1889-1893,CIV-1902-1932,
CIV-1902-1932,Côte d'Ivoire (1902-1932),1902,1932,national,CIV,437,Africa,draft,2026-04-13,cshapes-2.0,437,1902,assigned,,,CIV-1932-1947,
CIV-1932-1947,Côte d'Ivoire (1932-1947),1932,1947,national,CIV,437,Africa,draft,2026-04-13,cshapes-2.0,437,1933,assigned,,CIV-1902-1932,CIV-1947-1960,
CIV-1947-1960,Côte d'Ivoire (1947-1960),1947,1960,national,CIV,437,Africa,draft,2026-04-12,cshapes-2.0,437,1947,assigned,,CIV-1932-1947,CIV-1960-2025,
CIV-1960-2025,Côte d'Ivoire,1960,2025,national,CIV,437,Africa,draft,2026-04-12,cshapes-2.0,437,1983,assigned,,CIV-1947-1960,,
CMR-1960-1961,Cameroon (1960-1961),1960,1961,national,CMR,471,Africa,draft,2026-04-12,cshapes-2.0,471,1960,assigned,,,CMR-1961-2025,
CMR-1961-2025,Cameroon,1961,2025,national,CMR,471,Africa,draft,2026-04-12,cshapes-2.0,471,1961,assigned,,CMR-1960-1961,,
COD-1885-1891,Congo Free State (to 1891),1885,1891,national,COD,,Africa,draft,2026-04-15,cshapes-2.0,490,1886,assigned,,LBA-1800-1885; LND-1800-1887,COD-1891-1894,
COD-1891-1894,Democratic Republic of the Congo (1891-1894),1891,1894,national,COD,,Africa,draft,2026-04-13,cshapes-2.0,490,1892,assigned,,,COD-1894-1910,
COD-1894-1910,Democratic Republic of the Congo (1894-1910),1894,1910,national,COD,,Africa,draft,2026-04-13,cshapes-2.0,490,1894,assigned,,COD-1891-1894,COD-1910-1960,
COD-1910-1960,DR Congo (1910-1960),1910,1960,national,COD,490,Africa,draft,2026-04-12,cshapes-2.0,490,1910,assigned,,COD-1894-1910,COD-1960-2025,
COD-1960-2025,Democratic Republic of the Congo,1960,2025,national,COD,490,Africa,reviewed,2026-04-12,cshapes-2.0,490,1960,assigned,,,,
CODRU-1922-1960,Belgian Congo and Ruanda-Urundi,1922,1960,aggregate,COD,,Africa,draft,2026-06-25,constructed,CODRU-1922-1960,,assigned,2378962,,,
COG-1898-1900,Congo (1898-1900),1898,1900,national,COG,,Africa,draft,2026-04-15,cshapes-2.0,484,1898,assigned,2234540,,COG-1900-1906,
COG-1900-1906,Congo (1900-1906),1900,1906,national,COG,,Africa,draft,2026-04-15,cshapes-2.0,484,1900,assigned,962652,,COG-1906-1912,
COG-1906-1912,Congo (1906-1912),1906,1912,national,COG,,Africa,draft,2026-04-13,cshapes-2.0,484,1906,assigned,344022,,COG-1912-1919,
COG-1912-1919,Congo (1912-1919),1912,1919,national,COG,,Africa,draft,2026-04-13,cshapes-2.0,484,1912,assigned,262560,COG-1906-1912,COG-1919-1960,
COG-1919-1960,Congo (1919-1960),1919,1960,national,COG,484,Africa,draft,2026-04-12,cshapes-2.0,484,1919,assigned,,COG-1912-1919,COG-1960-2025,
COG-1960-2025,Congo,1960,2025,national,COG,484,Africa,draft,2026-04-13,cshapes-2.0,484,1960,assigned,,COG-1919-1960,,
COK-1800-2025,Cook Islands,1800,2025,territory,COK,,Oceania,draft,2026-07-02,gadm-4.1-adm0,COK,,assigned,284,,,
COL-1800-1830,Gran Colombia,1800,1830,national,COL,,South America,draft,2026-04-12,cliopatria,Gran Colombia,1825,assigned,,,COL-1830-1903,
COL-1830-1903,Colombia (to 1903),1830,1903,national,COL,,South America,draft,2026-04-12,cshapes-2.0,100,1886,assigned,1167415,COL-1800-1830,COL-1903-1922,
COL-1903-1922,Colombia (1903-1922),1903,1922,national,COL,100,South America,reviewed,2026-04-12,cshapes-2.0,100,1903,assigned,,COL-1830-1903,COL-1922-2025,
COL-1922-2025,Colombia,1922,2025,national,COL,100,South America,reviewed,2026-04-12,cshapes-2.0,100,1922,assigned,,COL-1903-1922,,
COL-AMA-1991-2025,Amazonas (department of Colombia),1991,2025,subnational,COL,,South America,draft,2026-09-07,gadm-4.1-adm1,COL.1_2,,assigned,,,,
COL-ANTIOQUIA-1886-2025,Antioquia (department of Colombia),1886,2025,subnational,COL,,South America,draft,2026-09-07,gadm-4.1-adm1,COL.2_2,,assigned,,,,
COL-ARA-1991-2025,Arauca (department of Colombia),1991,2025,subnational,COL,,South America,draft,2026-09-07,gadm-4.1-adm1,COL.3_2,,assigned,,,,
COL-ATL-1910-2025,Atlántico (department of Colombia),1910,2025,subnational,COL,,South America,draft,2026-09-08,gadm-4.1-adm1,COL.4_2,,assigned,,,,
COL-BOLIVAR-1886-2025,Bolívar (department of Colombia),1886,2025,subnational,COL,,South America,draft,2026-09-07,gadm-4.1-adm1,COL.6_2,,assigned,,,,
COL-BOYACA-1886-2025,Boyacá (department of Colombia),1886,2025,subnational,COL,,South America,draft,2026-09-07,gadm-4.1-adm1,COL.7_2,,assigned,,,,
COL-CALDAS-1905-2025,Caldas (department of Colombia),1905,2025,subnational,COL,,South America,draft,2026-09-07,gadm-4.1-adm1,COL.8_2,,assigned,,,,
COL-CAQUETA-1981-2025,Caquetá (department of Colombia),1981,2025,subnational,COL,,South America,draft,2026-09-07,gadm-4.1-adm1,COL.9_2,,assigned,,,,
COL-CASANARE-1991-2025,Casanare (department of Colombia),1991,2025,subnational,COL,,South America,draft,2026-09-07,gadm-4.1-adm1,COL.10_2,,assigned,,,,
COL-CAU-1886-2025,Cauca (department of Colombia),1886,2025,subnational,COL,,South America,draft,2026-09-07,gadm-4.1-adm1,COL.11_2,,assigned,,,,
COL-CESAR-1967-2025,Cesar (department of Colombia),1967,2025,subnational,COL,,South America,draft,2026-09-07,gadm-4.1-adm1,COL.12_2,,assigned,,,,
COL-CHO-1947-2025,Chocó (department of Colombia),1947,2025,subnational,COL,,South America,draft,2026-09-07,gadm-4.1-adm1,COL.13_2,,assigned,,,,
COL-CORDOBA-1952-2025,Córdoba (department of Colombia),1952,2025,subnational,COL,,South America,draft,2026-09-07,gadm-4.1-adm1,COL.14_2,,assigned,,,,
COL-CUNDINAMARCA-1886-2025,Cundinamarca (department of Colombia),1886,2025,subnational,COL,,South America,draft,2026-09-07,gadm-4.1-adm1,COL.15_2,,assigned,,,,
COL-GUA-1991-2025,Guainía (department of Colombia),1991,2025,subnational,COL,,South America,draft,2026-09-07,gadm-4.1-adm1,COL.16_2,,assigned,,,,
COL-GUAJIRA-1965-2025,Guajira (department of Colombia),1965,2025,subnational,COL,,South America,draft,2026-09-07,gadm-4.1-adm1,COL.19_2,,assigned,,,,
COL-GUAVIARE-1991-2025,Guaviare (department of Colombia),1991,2025,subnational,COL,,South America,draft,2026-09-07,gadm-4.1-adm1,COL.17_2,,assigned,,,,
COL-HUILA-1905-2025,Huila (department of Colombia),1905,2025,subnational,COL,,South America,draft,2026-09-07,gadm-4.1-adm1,COL.18_2,,assigned,,,,
COL-MAGDALENA-1915-2025,Magdalena (department of Colombia),1915,2025,subnational,COL,,South America,draft,2026-09-07,gadm-4.1-adm1,COL.20_2,,assigned,,,,
COL-META-1959-2025,Meta (department of Colombia),1959,2025,subnational,COL,,South America,draft,2026-09-07,gadm-4.1-adm1,COL.21_2,,assigned,,,,
COL-NARINO-1904-2025,Nariño (department of Colombia),1904,2025,subnational,COL,,South America,draft,2026-09-07,gadm-4.1-adm1,COL.22_2,,assigned,,,,
COL-NORTEDESANTANDER-1910-2025,Norte de Santander (department of Colombia),1910,2025,subnational,COL,,South America,draft,2026-09-07,gadm-4.1-adm1,COL.23_2,,assigned,,,,
COL-PUTUMAYO-1991-2025,Putumayo (department of Colombia),1991,2025,subnational,COL,,South America,draft,2026-09-07,gadm-4.1-adm1,COL.24_2,,assigned,,,,
COL-QUINDIO-1966-2025,Quindío (department of Colombia),1966,2025,subnational,COL,,South America,draft,2026-09-07,gadm-4.1-adm1,COL.25_2,,assigned,,COL-CALDAS-1905-2025,,
COL-RISARALDA-1966-2025,Risaralda (department of Colombia),1966,2025,subnational,COL,,South America,draft,2026-09-07,gadm-4.1-adm1,COL.26_2,,assigned,,,,
COL-SANDRES-1991-2025,San Andrés y Providencia (department of Colombia),1991,2025,subnational,COL,,South America,draft,2026-09-07,gadm-4.1-adm1,COL.27_1,,assigned,,,,
COL-SANTANDER-1886-2025,Santander (department of Colombia),1886,2025,subnational,COL,,South America,draft,2026-09-07,gadm-4.1-adm1,COL.28_2,,assigned,,,,
COL-SUCRE-1966-2025,Sucre (department of Colombia),1966,2025,subnational,COL,,South America,draft,2026-09-07,gadm-4.1-adm1,COL.29_2,,assigned,,,,
COL-TOLIMA-1886-2025,Tolima (department of Colombia),1886,2025,subnational,COL,,South America,draft,2026-09-07,gadm-4.1-adm1,COL.30_2,,assigned,,,,
COL-VALLEDELCAUCA-1910-2025,Valle del Cauca (department of Colombia),1910,2025,subnational,COL,,South America,draft,2026-09-07,gadm-4.1-adm1,COL.31_2,,assigned,,COL-CAU-1886-1910,,
COL-VAU-1991-2025,Vaupés (department of Colombia),1991,2025,subnational,COL,,South America,draft,2026-09-07,gadm-4.1-adm1,COL.32_2,,assigned,,,,
COL-VICHADA-1991-2025,Vichada (department of Colombia),1991,2025,subnational,COL,,South America,draft,2026-09-07,gadm-4.1-adm1,COL.33_2,,assigned,,,,
COM-1946-1975,Comoros (1946-1975),1946,1975,national,COM,581,Africa,draft,2026-04-12,cshapes-2.0,581,1946,assigned,,,COM-1975-2025,
COM-1975-2025,Comoros,1975,2025,national,COM,581,Africa,draft,2026-04-12,cshapes-2.0,581,1946,assigned,,COM-1946-1975,,
CPV-1800-1886,Cape Verde (to 1886),1800,1886,colonial,CPV,,Africa,draft,2026-08-17,cshapes-2.0,402,1886,proxy,,,CPV-1886-1975,
CPV-1886-1975,Cape Verde (Portuguese colony),1886,1975,colonial,CPV,402,Africa,draft,2026-06-26,cshapes-2.0,402,1886,assigned,4033,CPV-1800-1886,CPV-1975-2025,
CPV-1975-2025,Cabo Verde,1975,2025,national,CPV,402,Africa,draft,2026-06-26,cshapes-2.0,402,1886,assigned,4033,CPV-1886-1975,,
CRI-1800-2025,Costa Rica,1800,2025,national,CRI,94,North America,draft,2026-04-12,cshapes-2.0,94,1886,assigned,,,,
CUB-1800-2025,Cuba,1800,2025,national,CUB,40,North America,draft,2026-04-12,cshapes-2.0,40,1902,assigned,,,,
CUW-2010-2025,Curaçao,2010,2025,territory,CUW,,North America,draft,2026-08-13,gadm-4.1-adm0,CUW,,estimate,444,ANT-1961-2010,,
CXR-1946-1958,Christmas Island (under Singapore administration),1946,1958,colonial,CXR,,Asia,draft,2026-07-01,gadm-4.1-adm0,CXR,2023,assigned,139.7,GBM-1895-1946,,
CYM-1800-2025,Cayman Islands,1800,2025,territory,CYM,,North America,draft,2026-08-13,gadm-4.1-adm0,CYM,,estimate,264,,,
CYP-1879-2025,Cyprus,1879,2025,national,CYP,352,Asia,draft,2026-04-12,cshapes-2.0,352,1960,assigned,,,,
CYR-1943-1949,British Military Administration of Cyrenaica,1943,1949,national,LBY,620,Africa,draft,2026-08-13,constructed,CYR-1949-1951,,proxy,837876,LBY-1934-1943,CYR-1949-1951,
CYR-1949-1951,Emirate of Cyrenaica,1949,1951,national,LBY,620,Africa,draft,2026-06-25,constructed,CYR-1949-1951,,proxy,837876,CYR-1943-1949; LBY-1943-1949,LBY-1951-2025,
CZE-1804-1918,"Czech Lands (Crownlands of Bohemia, 1804-1918)",1804,1918,national,CZE,,Europe,draft,2026-06-24,constructed,CZE-1804-1918,1860,assigned,79349,AUH-1800-1859,F51-1918-1938,
CZE-1947-1992,Czechoslovakia (1947-1992) [superseded],1947,1992,national,,,Europe,superseded,2026-06-29,cshapes-2.0,315,1945,assigned,,,F51-1947-1993,
CZE-1993-2025,Czechia,1993,2025,national,CZE,316,Europe,reviewed,2026-04-12,cshapes-2.0,316,1993,assigned,,F51-1947-1993,,
CZN-1903-1979,Panama Canal Zone (US-administered),1903,1979,colonial,PAN,,North America,draft,2026-06-25,constructed,CZN-1903-1979,,proxy,1432,PAN-1800-1979,PAN-1979-2025,
DEU-1800-1866,Prussia (to 1866),1800,1866,national,DEU,255,Europe,draft,2026-04-13,cshapes-europe,255,1851,assigned,,,DEU-1866-1871,
DEU-1866-1871,North German Confederation (1866-1871),1866,1871,national,DEU,255,Europe,draft,2026-04-13,cshapes-europe,255,1867,assigned,,DEU-1800-1866,DEU-1871-1919,
DEU-1871-1919,German Empire (1871-1919),1871,1919,national,DEU,255,Europe,draft,2026-04-13,cshapes-europe,255,1886,assigned,,DEU-1866-1871,DEU-1919-1920,
DEU-1919-1920,Germany (1919-1920),1919,1920,national,DEU,260,Europe,draft,2026-04-12,cshapes-2.0,255,1919,assigned,,DEU-1871-1919,DEU-1920-1938,
DEU-1920-1938,Germany (1920-1938),1920,1938,national,DEU,260,Europe,draft,2026-04-12,cshapes-2.0,255,1920,assigned,,DEU-1919-1920,DEU-1938-1945; AUT-1919-2025,
DEU-1938-1945,Germany (1938-1945),1938,1945,national,DEU,260,Europe,draft,2026-04-12,cshapes-2.0,255,1938,assigned,541000,DEU-1920-1938; AUT-1919-2025,DEU-1945-1949,
DEU-1945-1949,Allied-occupied Germany,1945,1949,national,DEU,260,Europe,draft,2026-04-16,constructed,DEU-1945-1949,,assigned,,DEU-1938-1945,F77-1949-1990; F78-1949-1990,
DEU-1949-1990,"Germany (divided, 1949-1990)",1949,1990,national,DEU,255,Europe,draft,2026-04-17,constructed,DEU-1949-1990,,assigned,,DEU-1945-1949,DEU-1990-2025,
DEU-1990-2025,Germany,1990,2025,national,DEU,260,Europe,reviewed,2026-04-12,cshapes-2.0,260,1990,assigned,,F78-1949-1990; F77-1949-1990,,
DGM-1800-1899,Kingdom of Dagbon (Dagomba),1800,1899,national,,,Africa,draft,2026-04-13,paine-2024,Dagomba,,assigned,,,GHA-1898-1957,
DHY-1800-1894,Kingdom of Dahomey,1800,1894,national,,,Africa,draft,2026-04-12,paine-2024,Dahomey,,assigned,,,BEN-1895-1898; BEN-1960-2025,
DJI-1886-2025,Djibouti (RETIRED — duplicate of FRS chain),1886,2025,national,DJI,522,Africa,retired,2026-07-01,,,,,,,,
DMA-1800-2025,Dominica,1800,2025,national,DMA,54,North America,draft,2026-04-12,gadm-4.1-adm0,DMA,,assigned,,,,
DMG-1800-1899,Sultanate of Damagaram,1800,1899,national,,,Africa,draft,2026-04-13,paine-2024,Damagaram,,assigned,,,NER-1960-2025,
DMO-1800-1860,Duchy Modena,1800,1860,national,DMO,332,Europe,draft,2026-04-12,cliopatria,Duchy of Modena and Reggio,1815,assigned,,,ITA-1861-1919,
DNK-1800-1864,Denmark (with Schleswig-Holstein),1800,1864,national,DNK,390,Europe,draft,2026-04-12,cshapes-europe,390,1816,assigned,,,DNK-1864-1920,
DNK-1864-1920,Denmark (to 1920),1864,1920,national,DNK,390,Europe,draft,2026-04-12,cshapes-europe,390,1886,assigned,,DNK-1800-1864,DNK-1920-2025,
DNK-1920-2025,Denmark,1920,2025,national,DNK,390,Europe,reviewed,2026-04-12,cshapes-2.0,390,1920,assigned,,DNK-1864-1920,,
DOM-1800-2025,Dominican Republic,1800,2025,national,DOM,42,North America,draft,2026-04-12,cshapes-2.0,42,1886,assigned,,,,
DPA-1800-1860,Duchy Parma,1800,1860,national,DPA,335,Europe,draft,2026-04-12,cliopatria,Duchy of Parma and Piacenza,1815,assigned,,,ITA-1861-1919,
DRV-1954-1975,Democratic Republic of Vietnam (North Vietnam),1954,1975,national,,816,Asia,draft,2026-06-24,cshapes-2.0,816,1960,assigned,,FID-1887-1954,VNM-1975-2025,
DWI-1800-1917,Danish West Indies,1800,1917,colonial,VIR,,North America,draft,2026-06-26,gadm-4.1-adm0,VIR,2023,proxy,346,,VIR-1917-2025,
DZA-1831-1886,Algeria,1831,1886,national,DZA,615,Africa,draft,2026-04-13,cshapes-2.0,615,1886,assigned,655481,,DZA-1886-1902,
DZA-1886-1902,Algeria (1886-1902),1886,1902,national,DZA,615,Africa,draft,2026-04-13,cshapes-2.0,615,1886,assigned,,DZA-1831-1886,DZA-1902-1919,
DZA-1902-1919,Algeria (1902-1919),1902,1919,national,DZA,615,Africa,draft,2026-04-13,cshapes-2.0,615,1902,assigned,,DZA-1886-1902,DZA-1919-1962,
DZA-1919-1962,Algeria (1919-1962),1919,1962,national,DZA,615,Africa,draft,2026-04-13,cshapes-2.0,615,1919,assigned,,DZA-1902-1919,DZA-1962-2025,
DZA-1962-2025,Algeria (1962-2025),1962,2025,national,DZA,615,Africa,draft,2026-04-13,cshapes-2.0,615,1962,assigned,,DZA-1919-1962,,
DZA-CVD-1902-1919,"Algerian civil departments (Alger, Oran, Constantine, 1902-1919)",1902,1919,subnational,DZA,,Africa,draft,2026-08-31,none,,,unassigned,575511,,,
ECU-1800-1942,Ecuador (to 1942),1800,1942,national,ECU,130,South America,draft,2026-04-12,cshapes-2.0,130,1886,assigned,,,ECU-1942-2025,
ECU-1942-2025,Ecuador,1942,2025,national,ECU,130,South America,reviewed,2026-04-12,cshapes-2.0,130,1942,assigned,,ECU-1800-1942,,
EGB-1830-1914,Egba United Government (Abeokuta),1830,1914,national,,,Africa,draft,2026-04-15,paine-2024,Egba,,assigned,,,NGA-1961-2025,
EGY-1800-1820,Egypt (to 1820),1800,1820,national,EGY,651,Africa,draft,2026-06-29,cliopatria,Muhammad Ali dynasty,1811,assigned,604513,,EGY-1820-1885,
EGY-1800-1899,Egypt (to 1899),1800,1899,national,EGY,651,Africa,superseded,2026-04-12,cliopatria,Muhammad Ali dynasty,1848,assigned,,,EGY-1899-1925,
EGY-1820-1885,Egypt with Sudan (1820-1885),1820,1885,national,EGY,651,Africa,draft,2026-06-29,cliopatria,Muhammad Ali dynasty,1848,assigned,1834433,EGY-1800-1820,EGY-1885-1899,
EGY-1885-1899,Egypt (1885-1899),1885,1899,national,EGY,651,Africa,draft,2026-06-29,cshapes-2.0,651,1886,assigned,,EGY-1820-1885,EGY-1899-1925,
EGY-1899-1925,Egypt (1899-1925),1899,1925,national,EGY,651,Africa,draft,2026-04-12,cshapes-2.0,651,1899,assigned,,EGY-1885-1899,EGY-1925-1967,
EGY-1925-1967,Egypt (1925-1967),1925,1967,national,EGY,651,Africa,draft,2026-04-12,cshapes-2.0,651,1925,assigned,,EGY-1899-1925,EGY-1967-1979,
EGY-1967-1979,Egypt (1967-1979),1967,1979,national,EGY,651,Africa,draft,2026-04-12,cshapes-2.0,651,1967,assigned,,EGY-1925-1967,EGY-1979-2025,
EGY-1979-2025,Egypt,1979,2025,national,EGY,651,Africa,reviewed,2026-04-12,cshapes-2.0,651,1979,assigned,,EGY-1967-1979,,
EGYSUD-1934-1956,Egypt and Anglo-Egyptian Sudan,1934,1956,aggregate,EGY,,Africa,draft,2026-06-25,constructed,EGYSUD-1934-1956,,assigned,3485332,,,
ERI-1885-1889,"Eritrea (Italian coastal, 1885-1889)",1885,1889,national,ERI,531,Africa,draft,2026-04-13,cshapes-2.0,531,1886,assigned,,,ERI-1889-1952,
ERI-1889-1952,"Eritrea (colony/administration, 1889-1952)",1889,1952,national,ERI,531,Africa,draft,2026-04-13,cshapes-2.0,531,1900,assigned,,ERI-1885-1889,ERI-1993-2025,
ERI-1993-2025,Eritrea,1993,2025,national,ERI,531,Africa,draft,2026-04-13,cshapes-2.0,531,1993,assigned,,ERI-1889-1952; ETH-1952-1993,,
ESH-1958-1975,Western Sahara (1958-1975),1958,1975,national,ESH,,Africa,draft,2026-04-13,gadm-4.1-adm0,ESH,,proxy,,SWA-1912-1958,ESH-1975-2025,
ESH-1975-2025,Western Sahara,1975,2025,national,ESH,,Africa,draft,2026-04-13,gadm-4.1-adm0,ESH,,assigned,,ESH-1958-1975,,
ESP-17-1833-2025,Girona (province of Spain),1833,2025,subnational,ESP,,Europe,draft,2026-09-08,mapspain-ign,17,,assigned,,,,
ESP-1800-2025,Spain,1800,2025,national,ESP,230,Europe,draft,2026-04-12,cshapes-2.0,230,1886,assigned,,,,
ESP-A-1833-2025,Alicante/Alacant (province of Spain),1833,2025,subnational,ESP,,Europe,draft,2026-09-07,mapspain-ign,03,,assigned,,,,
ESP-AB-1833-2025,Albacete (province of Spain),1833,2025,subnational,ESP,,Europe,draft,2026-09-07,mapspain-ign,02,,assigned,,,,
ESP-AL-1833-2025,Almería (province of Spain),1833,2025,subnational,ESP,,Europe,draft,2026-09-07,mapspain-ign,04,,assigned,,,,
ESP-AS-1833-2025,Asturias (province of Spain),1833,2025,subnational,ESP,,Europe,draft,2026-09-07,mapspain-ign,33,,assigned,,,,
ESP-AV-1833-2025,Ávila (province of Spain),1833,2025,subnational,ESP,,Europe,draft,2026-09-07,mapspain-ign,05,,assigned,,,,
ESP-B-1833-2025,Barcelona (province of Spain),1833,2025,subnational,ESP,,Europe,draft,2026-09-08,mapspain-ign,08,,assigned,,,,
ESP-BA-1833-2025,Badajoz (province of Spain),1833,2025,subnational,ESP,,Europe,draft,2026-09-07,mapspain-ign,06,,assigned,,,,
ESP-BI-1833-2025,Bizkaia (province of Spain),1833,2025,subnational,ESP,,Europe,draft,2026-09-07,mapspain-ign,48,,assigned,,,,
ESP-BU-1833-2025,Burgos (province of Spain),1833,2025,subnational,ESP,,Europe,draft,2026-09-08,mapspain-ign,09,,assigned,,,,
ESP-CA-1833-2025,Cantabria (province of Spain),1833,2025,subnational,ESP,,Europe,draft,2026-09-07,mapspain-ign,39,,assigned,,,,
ESP-CC-1833-2025,Cáceres (province of Spain),1833,2025,subnational,ESP,,Europe,draft,2026-09-07,mapspain-ign,10,,assigned,,,,
ESP-CDZ-1833-2025,Cádiz (province of Spain),1833,2025,subnational,ESP,,Europe,draft,2026-09-08,mapspain-ign,11,,assigned,,,,
ESP-CO-1833-2025,A Coruña (province of Spain),1833,2025,subnational,ESP,,Europe,draft,2026-09-02,mapspain-ign,15,,assigned,,,,
ESP-COR-1833-2025,Córdoba (province of Spain),1833,2025,subnational,ESP,,Europe,draft,2026-09-08,mapspain-ign,14,,assigned,,,,
ESP-CR-1833-2025,Ciudad Real (province of Spain),1833,2025,subnational,ESP,,Europe,draft,2026-09-08,mapspain-ign,13,,assigned,,,,
ESP-CS-1833-2025,Castellón/Castelló (province of Spain),1833,2025,subnational,ESP,,Europe,draft,2026-09-08,mapspain-ign,12,,assigned,,,,
ESP-CU-1833-2025,Cuenca (province of Spain),1833,2025,subnational,ESP,,Europe,draft,2026-09-07,mapspain-ign,16,,assigned,,,,
ESP-GC-1833-2025,Gran Canaria (island of Spain),1833,2025,subnational,ESP,,Europe,draft,2026-09-08,none,,,unassigned,,,,
ESP-GI-1833-2025,Gipuzkoa (province of Spain),1833,2025,subnational,ESP,,Europe,draft,2026-09-07,mapspain-ign,20,,assigned,,,,
ESP-GR2-1833-2025,Granada (province of Spain),1833,2025,subnational,ESP,,Europe,draft,2026-09-08,mapspain-ign,18,,assigned,,,,
ESP-GU-1833-2025,Guadalajara (province of Spain),1833,2025,subnational,ESP,,Europe,draft,2026-09-07,mapspain-ign,19,,assigned,,,,
ESP-H-1833-2025,Huelva (province of Spain),1833,2025,subnational,ESP,,Europe,draft,2026-09-07,mapspain-ign,21,,assigned,,,,
ESP-HU-1833-2025,Huesca (province of Spain),1833,2025,subnational,ESP,,Europe,draft,2026-09-07,mapspain-ign,22,,assigned,,,,
ESP-IB-1833-2025,Illes Balears (province of Spain),1833,2025,subnational,ESP,,Europe,draft,2026-09-07,mapspain-ign,07,,assigned,,,,
ESP-IBZ-1833-2025,Eivissa y Formentera (province of Spain),1833,2025,subnational,ESP,,Europe,draft,2026-09-08,none,,,unassigned,,,,
ESP-J-1833-2025,Jaén (province of Spain),1833,2025,subnational,ESP,,Europe,draft,2026-09-07,mapspain-ign,23,,assigned,,,,
ESP-LE-1833-2025,León (province of Spain),1833,2025,subnational,ESP,,Europe,draft,2026-09-08,mapspain-ign,24,,assigned,,,,
ESP-LL-1833-2025,Lleida (province of Spain),1833,2025,subnational,ESP,,Europe,draft,2026-09-08,mapspain-ign,25,,assigned,,,,
ESP-LP-1927-2025,Las Palmas (province of Spain),1927,2025,subnational,ESP,,Europe,draft,2026-09-07,mapspain-ign,35,,assigned,,,,
ESP-LU-1833-2025,Lugo (province of Spain),1833,2025,subnational,ESP,,Europe,draft,2026-09-07,mapspain-ign,27,,assigned,,,,
ESP-MA-1833-2025,Málaga (province of Spain),1833,2025,subnational,ESP,,Europe,draft,2026-09-07,mapspain-ign,29,,assigned,,,,
ESP-MD-1833-2025,Madrid (province/region of Spain),1833,2025,subnational,ESP,,Europe,draft,2026-09-02,mapspain-ign,28,,assigned,,,,
ESP-MU-1833-2025,Murcia (province of Spain),1833,2025,subnational,ESP,,Europe,draft,2026-09-08,mapspain-ign,30,,assigned,,,,
ESP-NV-1833-2025,Navarra (province of Spain),1833,2025,subnational,ESP,,Europe,draft,2026-09-07,mapspain-ign,31,,assigned,,,,
ESP-OR-1833-2025,Ourense (province of Spain),1833,2025,subnational,ESP,,Europe,draft,2026-09-07,mapspain-ign,32,,assigned,,,,
ESP-PA-1833-2025,Palencia (province of Spain),1833,2025,subnational,ESP,,Europe,draft,2026-09-07,mapspain-ign,34,,assigned,,,,
ESP-PO-1833-2025,Pontevedra (province of Spain),1833,2025,subnational,ESP,,Europe,draft,2026-09-07,mapspain-ign,36,,assigned,,,,
ESP-RI-1833-2025,La Rioja (province of Spain),1833,2025,subnational,ESP,,Europe,draft,2026-09-07,mapspain-ign,26,,assigned,,,,
ESP-SA-1833-2025,Salamanca (province of Spain),1833,2025,subnational,ESP,,Europe,draft,2026-09-07,mapspain-ign,37,,assigned,,,,
ESP-SCT-1927-2025,Santa Cruz de Tenerife (province of Spain),1927,2025,subnational,ESP,,Europe,draft,2026-09-07,mapspain-ign,38,,assigned,,,,
ESP-SE-1833-2025,Sevilla (province of Spain),1833,2025,subnational,ESP,,Europe,draft,2026-09-07,mapspain-ign,41,,assigned,,,,
ESP-SG-1833-2025,Segovia (province of Spain),1833,2025,subnational,ESP,,Europe,draft,2026-09-07,mapspain-ign,40,,assigned,,,,
ESP-SO-1833-2025,Soria (province of Spain),1833,2025,subnational,ESP,,Europe,draft,2026-09-07,mapspain-ign,42,,assigned,,,,
ESP-T-1833-2025,Tarragona (province of Spain),1833,2025,subnational,ESP,,Europe,draft,2026-09-07,mapspain-ign,43,,assigned,,,,
ESP-TE-1833-2025,Teruel (province of Spain),1833,2025,subnational,ESP,,Europe,draft,2026-09-07,mapspain-ign,44,,assigned,,,,
ESP-TO-1833-2025,Toledo (province of Spain),1833,2025,subnational,ESP,,Europe,draft,2026-09-07,mapspain-ign,45,,assigned,,,,
ESP-V-1833-2025,Valencia/València (province of Spain),1833,2025,subnational,ESP,,Europe,draft,2026-09-07,mapspain-ign,46,,assigned,,,,
ESP-VA-1833-2025,Valladolid (province of Spain),1833,2025,subnational,ESP,,Europe,draft,2026-09-07,mapspain-ign,47,,assigned,,,,
ESP-VI-1833-2025,Araba/Álava (province of Spain),1833,2025,subnational,ESP,,Europe,draft,2026-09-07,mapspain-ign,01,,assigned,,,,
ESP-ZA-1833-2025,Zaragoza (province of Spain),1833,2025,subnational,ESP,,Europe,draft,2026-09-07,mapspain-ign,50,,assigned,,,,
ESP-ZM-1833-2025,Zamora (province of Spain),1833,2025,subnational,ESP,,Europe,draft,2026-09-07,mapspain-ign,49,,assigned,,,,
EST-1800-1918,Estonia (Governorate),1800,1918,national,EST,366,Europe,draft,2026-04-16,cshapes-2.0,366,1918,assigned,,,EST-1918-1940,
EST-1918-1940,Estonia (interwar republic),1918,1940,national,EST,366,Europe,draft,2026-04-17,cshapes-2.0,366,1918,assigned,49295,EST-1800-1918,EST-1940-1991,
EST-1940-1991,Estonian SSR,1940,1991,national,EST,366,Europe,draft,2026-04-16,cshapes-2.0,366,1918,assigned,,EST-1918-1940,EST-1991-2025,
EST-1991-2025,Estonia,1991,2025,national,EST,366,Europe,reviewed,2026-04-12,cshapes-2.0,366,1991,assigned,,F228-1945-1991,,
ETH-1800-1889,Ethiopia (to 1889),1800,1889,national,ETH,530,Africa,draft,2026-04-12,cliopatria,Ethiopian Empire,1769,assigned,,,ETH-1889-1897,
ETH-1889-1897,Ethiopia (1889-1897),1889,1897,national,ETH,530,Africa,draft,2026-04-12,cshapes-2.0,530,1889,assigned,,ETH-1800-1889,ETH-1897-1902,
ETH-1897-1902,Ethiopia (1897-1902),1897,1902,national,ETH,530,Africa,draft,2026-04-12,cshapes-2.0,530,1897,assigned,,ETH-1889-1897,ETH-1902-1907,
ETH-1902-1907,Ethiopia (1902-1907),1902,1907,national,ETH,530,Africa,draft,2026-04-12,cshapes-2.0,530,1902,assigned,,ETH-1897-1902,ETH-1907-1936,
ETH-1907-1936,Ethiopia (1907-1936),1907,1936,national,ETH,530,Africa,draft,2026-06-29,cshapes-2.0,530,1907,assigned,,ETH-1902-1907,ETH-1941-1952,
ETH-1907-1952,Ethiopia (1907-1952),1907,1952,national,ETH,530,Africa,superseded,2026-06-29,cshapes-2.0,530,1907,assigned,,ETH-1902-1907,ETH-1952-1993,
ETH-1936-1941,"Ethiopia (Italian occupation, proper territory, 1936-1941)",1936,1941,national,ETH,530,Africa,draft,2026-07-27,cshapes-2.0,530,1907,assigned,1127533,ETH-1907-1936,ETH-1941-1952,
ETH-1941-1952,Ethiopia (1941-1952),1941,1952,national,ETH,530,Africa,draft,2026-06-29,cshapes-2.0,530,1941,assigned,,ETH-1907-1936,ETH-1952-1993,
ETH-1952-1993,Ethiopia (1952-1993),1952,1993,national,ETH,530,Africa,draft,2026-04-12,cshapes-2.0,530,1952,assigned,,ETH-1941-1952,ETH-1993-2025,
ETH-1993-2025,Ethiopia,1993,2025,national,ETH,530,Africa,reviewed,2026-04-12,cshapes-2.0,530,1993,assigned,,ETH-1952-1993,,
F206-2011-2025,Sudan and South Sudan (combined reporting),2011,2025,aggregate,,,Africa,draft,2026-08-13,constructed,F206-2011-2025,,assigned,2505813,SUD-1956-2011,,
F228-1800-1856,Russian Empire (to 1856),1800,1856,national,RUS,,Europe,draft,2026-04-12,cliopatria,Russian Empire,1815,assigned,,,F228-1856-1905,
F228-1856-1905,Russian Empire (1856-1905),1856,1905,national,RUS,,Europe,draft,2026-04-12,cshapes-2.0,365,1886,assigned,,F228-1800-1856,F228-1905-1914,
F228-1905-1914,Russian Empire (1905-1914),1905,1914,national,,365,Europe,draft,2026-04-13,cshapes-2.0,365,1905,assigned,,F228-1856-1905,F228-1914-1917,
F228-1914-1917,Russian Empire (1914-1917),1914,1917,national,,365,Europe,draft,2026-04-13,cshapes-2.0,365,1914,assigned,,F228-1905-1914,F228-1917-1918,
F228-1917-1918,Russia (1917-1918),1917,1918,national,,365,Europe,draft,2026-04-13,cshapes-2.0,365,1917,assigned,,F228-1914-1917,F228-1918-1920,
F228-1918-1920,RSFSR (1918-1920),1918,1920,national,,365,Europe,draft,2026-04-13,cshapes-2.0,365,1919,assigned,,F228-1917-1918,F228-1920-1921,
F228-1920-1921,RSFSR (1920-1921),1920,1921,national,,365,Europe,draft,2026-04-13,cshapes-2.0,365,1920,assigned,,F228-1918-1920,F228-1921-1940,1920-02-02
F228-1921-1940,RSFSR/USSR (1921-1940),1921,1940,national,SUN,365,Europe,draft,2026-04-13,cshapes-2.0,365,1921,assigned,,F228-1920-1921,F228-1940-1945,
F228-1940-1945,USSR (1940-1945),1940,1945,national,SUN,365,Europe,draft,2026-04-12,cshapes-2.0,365,1941,assigned,,F228-1921-1940,F228-1945-1991,
F228-1945-1991,USSR (1945-1991),1945,1991,national,SUN,365,Europe,draft,2026-04-12,cshapes-2.0,365,1946,assigned,,F228-1940-1945,RUS-1991-2014; UKR-1991-2014; BLR-1991-2025; EST-1991-2025; LVA-1991-2025; LTU-1991-2025; MDA-1991-2025; ARM-1991-2025; AZE-1991-2025; GEO-1991-2025; KAZ-1991-2025; KGZ-1991-2025; TJK-1991-2025; TKM-1991-2025; UZB-1991-2025,
F237-1954-1975,Vietnam (combined reporting: DRV and RVN),1954,1975,aggregate,VNM,,Asia,draft,2026-07-02,cshapes-2.0,816,1976,estimate,325295,VNM-1887-1954,VNM-1975-2025,
F248-1918-1919,Yugoslavia (1918-1919),1918,1919,national,YUG,345,Europe,draft,2026-04-12,cshapes-2.0,345,1918,assigned,,AUH-1908-1918,F248-1919-1920; F248-1920-1991,
F248-1919-1920,Yugoslavia (1919-1920),1919,1920,national,YUG,345,Europe,draft,2026-04-12,cshapes-2.0,345,1919,assigned,,F248-1918-1919,F248-1920-1991,
F248-1920-1947,Yugoslavia (1920-1947),1920,1947,national,YUG,345,Europe,draft,2026-07-01,cshapes-2.0,345,1920,assigned,255000,F248-1919-1920; F248-1918-1919,F248-1947-1991,
F248-1920-1991,Yugoslavia (1920-1991),1920,1991,national,YUG,345,Europe,retired,2026-04-12,cshapes-2.0,345,1920,assigned,,F248-1919-1920; F248-1918-1919,MKD-1991-2025; F248-1991-1992,
F248-1947-1991,Yugoslavia (1947-1991),1947,1991,national,YUG,345,Europe,draft,2026-07-01,cshapes-2.0,345,1920,estimate,255000,F248-1920-1947,MKD-1991-2025; F248-1991-1992,
F248-1991-1992,Yugoslavia (1991-1992),1991,1992,national,YUG,345,Europe,draft,2026-04-12,cshapes-2.0,345,1991,assigned,,F248-1920-1991,SVN-1992-2025; HRV-1992-2025; BIH-1992-2025; SCG-1992-2006; MKD-1991-2025,
F249-1918-1990,Yemen (combined reporting: YAR and PDR Yemen),1918,1990,aggregate,YEM,,Asia,draft,2026-07-02,cshapes-2.0,678,1990,estimate,425263,,YEM-1990-2025,
F51-1918-1938,Czechoslovakia (1918-1938),1918,1938,national,CSK,315,Europe,draft,2026-04-12,cshapes-2.0,315,1918,assigned,,AUH-1908-1918,F51-1938-1945,
F51-1938-1945,Czechoslovakia (1938-1945),1938,1945,national,CSK,315,Europe,draft,2026-04-12,cshapes-2.0,315,1939,assigned,,F51-1918-1938,F51-1945-1947,
F51-1945-1947,Czechoslovakia (1945-1947),1945,1947,national,CSK,315,Europe,draft,2026-04-12,cshapes-2.0,315,1945,assigned,,F51-1938-1945,F51-1947-1993,
F51-1947-1993,Czechoslovakia (1947-1993),1947,1993,national,CSK,315,Europe,draft,2026-04-12,cshapes-2.0,315,1947,assigned,,F51-1945-1947,CZE-1993-2025; SVK-1993-2025,
F77-1949-1990,East Germany,1949,1990,national,DDR,265,Europe,draft,2026-04-12,cshapes-2.0,265,1949,assigned,,DEU-1938-1945,DEU-1990-2025,
F78-1949-1990,West Germany,1949,1990,national,,260,Europe,draft,2026-04-12,cshapes-2.0,260,1949,assigned,,WZO-1938-1949,DEU-1990-2025,
FCC-1862-1887,French Cochinchina,1862,1887,national,FID,,Asia,draft,2026-04-16,constructed,FCC-1862-1887,,proxy,,,FID-1887-1954,
FCM-1920-1960,French Cameroon (1920-1960),1920,1960,national,CMR,471,Africa,draft,2026-08-13,cshapes-2.0,471,1940,assigned,423069,GKM-1884-1916,CMR-1960-1961,
FEZ-1943-1951,French Military Administration of Fezzan,1943,1951,national,LBY,620,Africa,draft,2026-08-10,constructed,FEZ-1943-1951,,proxy,463596,LBY-1934-1943,LBY-1951-2025,
FID-1887-1954,French Indochina,1887,1954,national,FID,,Asia,draft,2026-04-17,constructed,FID-1887-1954,1920,assigned,753049,,KHM-1953-2025; LAO-1954-2025,
FIN-1809-1917,Grand Duchy of Finland,1809,1917,national,FIN,375,Europe,draft,2026-04-16,cshapes-2.0,375,1917,assigned,,,FIN-1917-1940,
FIN-1917-1940,Finland (1917-1940),1917,1940,national,FIN,375,Europe,draft,2026-04-12,cshapes-2.0,375,1917,assigned,,,FIN-1940-2025,
FIN-1940-2025,Finland (1940-2025),1940,2025,national,FIN,375,Europe,draft,2026-04-12,cshapes-2.0,375,1940,assigned,,FIN-1917-1940,,
FJI-1800-2025,Fiji,1800,2025,national,FJI,950,Oceania,draft,2026-06-09,gadm-4.1-adm0,FJI,,proxy,,,,
FLK-1833-2025,Falkland Islands,1833,2025,colonial,FLK,,South America,draft,2026-06-26,gadm-4.1-adm0,FLK,2023,proxy,12397,,,
FRA-02-1800-2025,Aisne (département),1800,2025,subnational,FRA,,Europe,draft,2026-09-07,gadm-4.1-adm2,FRA.7.1_1,,assigned,,,,
FRA-04-1790-2025,Alpes-de-Haute-Provence (département),1790,2025,subnational,FRA,,Europe,draft,2026-09-07,gadm-4.1-adm2,FRA.13.1_1,,assigned,,,,
FRA-05-1790-2025,Hautes-Alpes (département),1790,2025,subnational,FRA,,Europe,draft,2026-09-07,gadm-4.1-adm2,FRA.13.4_1,,assigned,,,,
FRA-08-1800-2025,Ardennes (département),1800,2025,subnational,FRA,,Europe,draft,2026-09-07,gadm-4.1-adm2,FRA.6.1_1,,assigned,,,,
FRA-13-1790-2025,Bouches-du-Rhône (département),1790,2025,subnational,FRA,,Europe,draft,2026-09-07,gadm-4.1-adm2,FRA.13.3_1,,assigned,,,,
FRA-14-1800-2025,Calvados (département),1800,2025,subnational,FRA,,Europe,draft,2026-09-07,gadm-4.1-adm2,FRA.9.1_1,,assigned,,,,
FRA-18-1800-2025,Cher,1800,2025,subnational,FRA,,Europe,draft,2026-09-07,gadm-4.1-adm2,FRA.4.1_1,,assigned,,,,
FRA-1800-1871,"France (with Alsace-Lorraine, to 1871)",1800,1871,national,FRA,220,Europe,draft,2026-06-29,cshapes-europe,220,1816,assigned,,,FRA-1871-1919,
FRA-1800-1919,France (to 1919),1800,1919,national,FRA,220,Europe,superseded,2026-04-12,cshapes-europe,220,1816,assigned,,,FRA-1919-2025,
FRA-1871-1919,"France (without Alsace-Lorraine, 1871-1919)",1871,1919,national,FRA,220,Europe,draft,2026-06-29,cshapes-2.0,220,1886,assigned,532305,FRA-1800-1871,FRA-1919-2025,
FRA-19-1800-2025,Corrèze (département of France),1800,2025,subnational,FRA,,Europe,draft,2026-09-07,gadm-4.1-adm2,FRA.10.3_1,,assigned,,,,
FRA-1919-2025,France,1919,2025,national,FRA,220,Europe,draft,2026-04-12,cshapes-2.0,220,1919,assigned,,FRA-1871-1919,,
FRA-21-1800-2025,Côte-d'Or,1800,2025,subnational,FRA,,Europe,draft,2026-09-07,gadm-4.1-adm2,FRA.2.1_1,,assigned,,,,
FRA-22-1800-2025,Côtes-d'Armor,1800,2025,subnational,FRA,,Europe,draft,2026-09-07,gadm-4.1-adm2,FRA.3.1_1,,assigned,,,,
FRA-23-1800-2025,Creuse (département),1800,2025,subnational,FRA,,Europe,draft,2026-09-07,gadm-4.1-adm2,FRA.10.4_1,,assigned,,,,
FRA-24-1800-2025,Dordogne (département),1800,2025,subnational,FRA,,Europe,draft,2026-09-07,gadm-4.1-adm2,FRA.10.6_1,,assigned,,,,
FRA-25-1800-2025,Doubs,1800,2025,subnational,FRA,,Europe,draft,2026-09-07,gadm-4.1-adm2,FRA.2.2_1,,assigned,,,,
FRA-27-1800-2025,Eure,1800,2025,subnational,FRA,,Europe,draft,2026-09-07,gadm-4.1-adm2,FRA.9.2_1,,assigned,,,,
FRA-28-1800-2025,Eure-et-Loir,1800,2025,subnational,FRA,,Europe,draft,2026-09-07,gadm-4.1-adm2,FRA.4.2_1,,assigned,,,,
FRA-2A-1975-2025,Corse-du-Sud,1975,2025,subnational,FRA,,Europe,draft,2026-09-07,gadm-4.1-adm2,FRA.5.1_1,,assigned,,,,
FRA-35-1800-2025,Ille-et-Vilaine (department),1800,2025,subnational,FRA,,Europe,draft,2026-09-07,gadm-4.1-adm2,FRA.3.3_1,,assigned,,,,
FRA-36-1800-2025,Indre,1800,2025,subnational,FRA,,Europe,draft,2026-09-07,gadm-4.1-adm2,FRA.4.4_1,,assigned,,,,
FRA-37-1800-2025,Indre-et-Loire,1800,2025,subnational,FRA,,Europe,draft,2026-09-07,gadm-4.1-adm2,FRA.4.3_1,,assigned,,,,
FRA-39-1800-2025,Jura,1800,2025,subnational,FRA,,Europe,draft,2026-09-07,gadm-4.1-adm2,FRA.2.4_1,,assigned,,,,
FRA-41-1800-2025,Loir-et-Cher,1800,2025,subnational,FRA,,Europe,draft,2026-09-07,gadm-4.1-adm2,FRA.4.5_1,,assigned,,,,
FRA-42-1800-2025,"Loire (department, France)",1800,2025,subnational,FRA,,Europe,draft,2026-09-07,gadm-4.1-adm2,FRA.1.9_1,,assigned,,,,
FRA-44-1800-2025,Loire-Atlantique (département),1800,2025,subnational,FRA,,Europe,draft,2026-09-07,gadm-4.1-adm2,FRA.12.1_1,,assigned,,,,
FRA-48-1800-2025,Lozère,1800,2025,subnational,FRA,,Europe,draft,2026-09-07,gadm-4.1-adm2,FRA.11.10_1,,assigned,,,,
FRA-49-1800-2025,Maine-et-Loire (department of France),1800,2025,subnational,FRA,,Europe,draft,2026-09-07,gadm-4.1-adm2,FRA.12.2_1,,assigned,,,,
FRA-50-1800-2025,Manche,1800,2025,subnational,FRA,,Europe,draft,2026-09-07,gadm-4.1-adm2,FRA.9.3_1,,assigned,,,,
FRA-52-1800-2025,Haute-Marne (département),1800,2025,subnational,FRA,,Europe,draft,2026-09-07,gadm-4.1-adm2,FRA.6.5_1,,assigned,,,,
FRA-53-1800-2025,Mayenne,1800,2025,subnational,FRA,,Europe,draft,2026-09-07,gadm-4.1-adm2,FRA.12.3_1,,assigned,,,,
FRA-54-1871-2025,Meurthe-et-Moselle,1871,2025,subnational,FRA,,Europe,draft,2026-09-07,gadm-4.1-adm2,FRA.6.7_1,,assigned,,,,
FRA-55-1800-2025,Meuse,1800,2025,subnational,FRA,,Europe,draft,2026-09-07,gadm-4.1-adm2,FRA.6.8_1,,assigned,,,,
FRA-MOR-1790-2025,Morbihan (department),1790,2025,subnational,FRA,,Europe,draft,2026-09-08,gadm-4.1-adm2,FRA.3.4_1,,assigned,,,,
FRA-57-1919-2025,Moselle,1919,2025,subnational,FRA,,Europe,draft,2026-09-07,gadm-4.1-adm2,FRA.6.9_1,,assigned,,,,
FRA-58-1800-2025,Nièvre,1800,2025,subnational,FRA,,Europe,draft,2026-09-07,gadm-4.1-adm2,FRA.2.5_1,,assigned,,,,
FRA-59-1800-2025,Nord (département),1800,2025,subnational,FRA,,Europe,draft,2026-09-07,gadm-4.1-adm2,FRA.7.2_1,,assigned,,,,
FRA-60-1800-2025,Oise (département),1800,2025,subnational,FRA,,Europe,draft,2026-09-07,gadm-4.1-adm2,FRA.7.3_1,,assigned,,,,
FRA-61-1800-2025,Orne (département),1800,2025,subnational,FRA,,Europe,draft,2026-09-07,gadm-4.1-adm2,FRA.9.4_1,,assigned,,,,
FRA-62-1800-2025,Pas-de-Calais,1800,2025,subnational,FRA,,Europe,draft,2026-09-07,gadm-4.1-adm2,FRA.7.4_1,,assigned,,,,
FRA-64-1800-2025,Pyrénées-Atlantiques,1800,2025,subnational,FRA,,Europe,draft,2026-09-07,gadm-4.1-adm2,FRA.10.11_1,,assigned,,,,
FRA-67-1919-2025,Bas-Rhin (département),1919,2025,subnational,FRA,,Europe,draft,2026-09-07,gadm-4.1-adm2,FRA.6.3_1,,assigned,,,,
FRA-68-1919-2025,Haut-Rhin (département),1919,2025,subnational,FRA,,Europe,draft,2026-09-07,gadm-4.1-adm2,FRA.6.4_1,,assigned,,,,
FRA-70-1800-2025,Haute-Saône,1800,2025,subnational,FRA,,Europe,draft,2026-09-07,gadm-4.1-adm2,FRA.2.3_1,,assigned,,,,
FRA-71-1800-2025,Saône-et-Loire,1800,2025,subnational,FRA,,Europe,draft,2026-09-07,gadm-4.1-adm2,FRA.2.6_1,,assigned,,,,
FRA-76-1800-2025,Seine-Maritime (département),1800,2025,subnational,FRA,,Europe,draft,2026-09-07,gadm-4.1-adm2,FRA.9.5_1,,assigned,,,,
FRA-77-1800-2025,Seine-et-Marne,1800,2025,subnational,FRA,,Europe,draft,2026-09-07,gadm-4.1-adm2,FRA.8.4_1,,assigned,,,,
FRA-79-1800-2025,Deux-Sèvres (département),1800,2025,subnational,FRA,,Europe,draft,2026-09-07,gadm-4.1-adm2,FRA.10.5_1,,assigned,,,,
FRA-80-1800-2025,Somme (département),1800,2025,subnational,FRA,,Europe,draft,2026-09-07,gadm-4.1-adm2,FRA.7.5_1,,assigned,,,,
FRA-81-1800-2025,Tarn (département),1800,2025,subnational,FRA,,Europe,draft,2026-09-07,gadm-4.1-adm2,FRA.11.13_1,,assigned,,,,
FRA-83-1790-2025,Var (département),1790,2025,subnational,FRA,,Europe,draft,2026-09-08,gadm-4.1-adm2,FRA.13.5_1,,assigned,,,,
FRA-84-1790-2025,Vaucluse (département),1790,2025,subnational,FRA,,Europe,draft,2026-09-07,gadm-4.1-adm2,FRA.13.6_1,,assigned,,,,
FRA-85-1800-2025,Vendée (département),1800,2025,subnational,FRA,,Europe,draft,2026-09-07,gadm-4.1-adm2,FRA.12.5_1,,assigned,,,,
FRA-88-1800-2025,Vosges (département),1800,2025,subnational,FRA,,Europe,draft,2026-09-07,gadm-4.1-adm2,FRA.6.10_1,,assigned,,,,
FRA-89-1800-2025,Yonne,1800,2025,subnational,FRA,,Europe,draft,2026-09-07,gadm-4.1-adm2,FRA.2.8_1,,assigned,,,,
FRA-91-1968-2025,Essonne,1968,2025,subnational,FRA,,Europe,draft,2026-09-07,gadm-4.1-adm2,FRA.8.1_1,,assigned,,,,
FRA-AIN-1800-2025,Ain (département of France),1800,2025,subnational,FRA,,Europe,draft,2026-09-07,gadm-4.1-adm2,FRA.1.1_1,,assigned,,,,
FRA-ALL-1800-2025,Allier,1800,2025,subnational,FRA,,Europe,draft,2026-09-07,gadm-4.1-adm2,FRA.1.2_1,,assigned,,,,
FRA-AM-1860-2025,Alpes-Maritimes,1860,2025,subnational,FRA,,Europe,draft,2026-09-07,gadm-4.1-adm2,FRA.13.2_1,,assigned,,,,
FRA-ARD-1800-2025,Ardèche,1800,2025,subnational,FRA,,Europe,draft,2026-09-07,gadm-4.1-adm2,FRA.1.3_1,,assigned,,,,
FRA-ARI-1800-2025,Ariège,1800,2025,subnational,FRA,,Europe,draft,2026-09-07,gadm-4.1-adm2,FRA.11.1_1,,assigned,,,,
FRA-AUB-1800-2025,Aube (département of France),1800,2025,subnational,FRA,,Europe,draft,2026-09-07,gadm-4.1-adm2,FRA.6.2_1,,assigned,,,,
FRA-AUD-1800-2025,"Aude (department, 1800-2025)",1800,2025,subnational,FRA,,Europe,draft,2026-09-07,gadm-4.1-adm2,FRA.11.2_1,,assigned,,,,
FRA-12-1800-2025,Aveyron (département),1800,2025,subnational,FRA,,Europe,draft,2026-09-08,gadm-4.1-adm2,FRA.11.3_1,,assigned,,,,
FRA-CANTAL-1800-2025,Cantal (département),1800,2025,subnational,FRA,,Europe,draft,2026-09-07,gadm-4.1-adm2,FRA.1.4_1,,assigned,,,,
FRA-CHTE-1800-2025,Charente,1800,2025,subnational,FRA,,Europe,draft,2026-09-07,gadm-4.1-adm2,FRA.10.2_1,,assigned,,,,
FRA-CMAR-1800-2025,Charente-Maritime,1800,2025,subnational,FRA,,Europe,draft,2026-09-07,gadm-4.1-adm2,FRA.10.1_1,,assigned,,,,
FRA-D32-1800-2025,Gers (département),1800,2025,subnational,FRA,,Europe,draft,2026-09-07,gadm-4.1-adm2,FRA.11.5_1,,assigned,,,,
FRA-DRO-1800-2025,Drôme (département),1800,2025,subnational,FRA,,Europe,draft,2026-09-07,gadm-4.1-adm2,FRA.1.5_1,,assigned,,,,
FRA-FIN-1800-2025,Finistère,1800,2025,subnational,FRA,,Europe,draft,2026-09-07,gadm-4.1-adm2,FRA.3.2_1,,assigned,,,,
FRA-GIR-1800-2025,Gironde (département),1800,2025,subnational,FRA,,Europe,draft,2026-09-07,gadm-4.1-adm2,FRA.10.7_1,,assigned,,,,
FRA-GRD-1800-2025,Gard (département),1800,2025,subnational,FRA,,Europe,draft,2026-09-07,gadm-4.1-adm2,FRA.11.4_1,,assigned,,,,
FRA-HER-1800-2025,Hérault,1800,2025,subnational,FRA,,Europe,draft,2026-09-07,gadm-4.1-adm2,FRA.11.8_1,,assigned,,,,
FRA-HG-1800-2025,Haute-Garonne,1800,2025,subnational,FRA,,Europe,draft,2026-09-07,gadm-4.1-adm2,FRA.11.6_1,,assigned,,,,
FRA-HLO-1800-2025,Haute-Loire,1800,2025,subnational,FRA,,Europe,draft,2026-09-07,gadm-4.1-adm2,FRA.1.6_1,,assigned,,,,
FRA-HP-1790-2025,Hautes-Pyrénées (département),1790,2025,subnational,FRA,,Europe,draft,2026-09-08,gadm-4.1-adm2,FRA.11.7_1,,assigned,,,,
FRA-HSAV-1860-2025,Haute-Savoie,1860,2025,subnational,FRA,,Europe,draft,2026-09-07,gadm-4.1-adm2,FRA.1.7_1,,assigned,,,,
FRA-HVN-1800-2025,Haute-Vienne (département),1800,2025,subnational,FRA,,Europe,draft,2026-09-07,gadm-4.1-adm2,FRA.10.8_1,,assigned,,,,
FRA-ISE-1800-2025,Isère (department),1800,2025,subnational,FRA,,Europe,draft,2026-09-07,gadm-4.1-adm2,FRA.1.8_1,,assigned,,,,
FRA-LAN-1800-2025,Landes (departement),1800,2025,subnational,FRA,,Europe,draft,2026-09-07,gadm-4.1-adm2,FRA.10.9_1,,assigned,,,,
FRA-LG-1800-2025,Lot-et-Garonne (département of France),1800,2025,subnational,FRA,,Europe,draft,2026-09-07,gadm-4.1-adm2,FRA.10.10_1,,assigned,,,,
FRA-LOI-1800-2025,Loiret,1800,2025,subnational,FRA,,Europe,draft,2026-09-07,gadm-4.1-adm2,FRA.4.6_1,,assigned,,,,
FRA-LOT-1800-2025,"Lot (département, France)",1800,2025,subnational,FRA,,Europe,draft,2026-09-07,gadm-4.1-adm2,FRA.11.9_1,,assigned,,,,
FRA-MRN-1800-2025,Marne (département),1800,2025,subnational,FRA,,Europe,draft,2026-09-07,gadm-4.1-adm2,FRA.6.6_1,,assigned,,,,
FRA-PDD-1800-2025,Puy-de-Dôme (département),1800,2025,subnational,FRA,,Europe,draft,2026-09-07,gadm-4.1-adm2,FRA.1.10_1,,assigned,,,,
FRA-PYRO-1790-2025,Pyrénées-Orientales,1790,2025,subnational,FRA,,Europe,draft,2026-09-08,gadm-4.1-adm2,FRA.11.11_1,,assigned,,,,
FRA-RHO-1800-2025,Rhône,1800,2025,subnational,FRA,,Europe,draft,2026-09-07,gadm-4.1-adm2,FRA.1.11_1,,assigned,,,,
FRA-SAR-1800-2025,Sarthe (département of France),1800,2025,subnational,FRA,,Europe,draft,2026-09-07,gadm-4.1-adm2,FRA.12.4_1,,assigned,,,,
FRA-SAV-1860-2025,Savoie (department),1860,2025,subnational,FRA,,Europe,draft,2026-09-07,gadm-4.1-adm2,FRA.1.12_1,,assigned,,,,
FRA-TDB-1922-2025,Territoire de Belfort,1922,2025,subnational,FRA,,Europe,draft,2026-09-08,gadm-4.1-adm2,FRA.2.7_1,,assigned,,,,
FRA-TG-1808-2025,Tarn-et-Garonne,1808,2025,subnational,FRA,,Europe,draft,2026-09-07,gadm-4.1-adm2,FRA.11.12_1,,assigned,,,,
FRA-VNE-1800-2025,Vienne (department),1800,2025,subnational,FRA,,Europe,draft,2026-09-07,gadm-4.1-adm2,FRA.10.12_1,,assigned,,,,
FRIN-1816-1954,French India (Établissements français dans l'Inde),1816,1954,colonial,IND,220,Asia,draft,2026-06-25,constructed,FRIN-1816-1954,2024,estimate,510,,IND-1949-2025,
FRN-1953-1964,Federation of Rhodesia and Nyasaland (1953-1964),1953,1964,national,FRN,,Africa,draft,2026-04-13,cshapes-2.0,550,1953,assigned,,ZWE-1900-1953,ZWE-1964-1980; ZMB-1964-2025; MWI-1964-2025,
FRO-1800-2025,Faroe Islands,1800,2025,territory,FRO,,Europe,draft,2026-07-02,gadm-4.1-adm0,FRO,,assigned,1399,,,
FRS-1884-1977,French Somaliland,1884,1977,national,DJI,522,Africa,draft,2026-07-01,cshapes-2.0,522,1900,assigned,23192,,FRS-1977-2025,
FRS-1977-2025,Djibouti (formerly French Somaliland),1977,2025,national,DJI,522,Africa,draft,2026-07-01,cshapes-2.0,522,1900,assigned,23192,FRS-1884-1977,,
FSM-1991-2025,Micronesia,1991,2025,national,FSM,987,Oceania,draft,2026-04-13,gadm-4.1-adm0,FSM,,assigned,,,,
FTJ-1800-1896,Imamate of Futa Jallon,1800,1896,national,,,Africa,draft,2026-04-13,paine-2024,Futa Jalon,,assigned,,,GIN-1958-2025; GIN-1894-1958,
FTO-1920-1960,French Togoland (1920-1960),1920,1960,national,TGO,,Africa,draft,2026-08-13,cshapes-2.0,461,1930,assigned,57094,GTO-1884-1920,TGO-1960-2025,
FTT-1800-1862,Imamate of Futa Toro,1800,1862,national,,,Africa,draft,2026-04-13,paine-2024,Futa Toro,,assigned,,,SEN-1960-2025,
GAB-1839-1912,Gabon (to 1912),1839,1912,national,GAB,481,Africa,draft,2026-04-15,cshapes-2.0,481,1886,assigned,,,GAB-1912-1919,
GAB-1912-1919,Gabon (1912-1919),1912,1919,national,GAB,481,Africa,draft,2026-04-13,cshapes-2.0,481,1912,assigned,,,GAB-1919-1960,
GAB-1919-1960,Gabon (1919-1960),1919,1960,national,GAB,481,Africa,draft,2026-04-13,cshapes-2.0,481,1919,assigned,,GAB-1912-1919,GAB-1960-2025,
GAB-1960-2025,Gabon,1960,2025,national,GAB,481,Africa,draft,2026-04-13,cshapes-2.0,481,1960,assigned,,GAB-1919-1960,,
GBM-1895-1946,British Malaya (1895-1946),1895,1946,colonial,MYS,,Asia,draft,2026-06-24,constructed,GBM-1895-1946,1909,assigned,132040,,MYS-1946-1957,
GBR-1800-1921,United Kingdom (to 1921),1800,1921,national,GBR,200,Europe,draft,2026-04-12,cshapes-europe,200,1886,assigned,,,GBR-1921-2025,
GBR-1921-2025,United Kingdom,1921,2025,national,GBR,200,Europe,draft,2026-04-12,cshapes-2.0,200,1921,assigned,,GBR-1800-1921,,
GCAR-1899-1914,German Caroline Islands (Karolinen),1899,1914,colonial,,,Oceania,draft,2026-06-26,gadm-4.1-adm0,PLW,,proxy,459,DEU-1871-1919,JPN-1895-1945,
GCO-1884-2025,German colonies Oceania,1884,2025,national,GCO,255,Oceania,retired,2026-04-13,none,,,unassigned,,,,
GCT-1919-1956,Gold Coast and British Togoland (1919-1956),1919,1956,aggregate,GHA,452,Africa,draft,2026-06-26,constructed,GCT-1919-1956,1938,assigned,239046,GHA-1898-1957,GHA-1957-2025,
GEO-1991-2025,Georgia,1991,2025,national,GEO,372,Asia,reviewed,2026-04-13,cshapes-2.0,372,1991,assigned,,F228-1945-1991,,
GHA-1821-1888,Ghana (to 1888),1821,1888,national,GHA,452,Africa,draft,2026-04-13,cshapes-2.0,452,1886,assigned,,ASH-1800-1896,GHA-1888-1898,
GHA-1888-1898,Ghana (1888-1898),1888,1898,national,GHA,452,Africa,draft,2026-04-13,cshapes-2.0,452,1888,assigned,,GHA-1821-1888,GHA-1898-1957,
GHA-1898-1957,Ghana (1898-1957),1898,1957,national,GHA,452,Africa,draft,2026-04-12,cshapes-2.0,452,1898,assigned,238533,ASH-1800-1896; GHA-1888-1898; DGM-1800-1899,GHA-1957-2025,
GHA-1957-2025,Ghana,1957,2025,national,GHA,452,Africa,draft,2026-04-12,cshapes-2.0,452,1957,assigned,,,,
GIB-1800-2025,Gibraltar,1800,2025,territory,GIB,,Europe,draft,2026-08-13,gadm-4.1-adm0,GIB,,estimate,6.8,,,
GIN-1894-1958,Guinea (1894-1958),1894,1958,national,GIN,438,Africa,draft,2026-04-12,cshapes-2.0,438,1894,assigned,,,GIN-1958-2025,
GIN-1958-2025,Guinea,1958,2025,national,GIN,438,Africa,draft,2026-04-12,cshapes-2.0,438,1958,assigned,,FTJ-1800-1896; GIN-1894-1958,,
GKM-1884-1912,German Kamerun (1884-1912),1884,1912,colonial,CMR,470,Africa,draft,2026-06-29,cshapes-2.0,470,1905,assigned,510512,,GKM-1912-1916,
GKM-1884-1916,German Kamerun,1884,1916,colonial,CMR,470,Africa,superseded,2026-06-29,cshapes-2.0,470,1912,assigned,799953,,BCM-1916-1961; FCM-1920-1960,
GKM-1912-1916,German Kamerun (1912-1916),1912,1916,colonial,CMR,470,Africa,draft,2026-06-29,cshapes-2.0,470,1913,assigned,799953,GKM-1884-1912,BCM-1916-1961; FCM-1920-1960,
GLP-1816-2025,Guadeloupe,1816,2025,national,GLP,65,North America,draft,2026-06-24,cshapes-2.0,65,1886,assigned,1652,,,
GMB-1800-2025,Gambia,1800,2025,national,GMB,420,Africa,draft,2026-04-13,cshapes-2.0,420,1889,assigned,,,,
GNB-1879-1886,Guinea-Bissau,1879,1886,national,GNB,,Africa,draft,2026-04-13,cshapes-2.0,404,1886,assigned,,,GNB-1886-1974,
GNB-1886-1974,Guinea-Bissau (1886-1974),1886,1974,national,GNB,404,Africa,draft,2026-04-13,cshapes-2.0,404,1886,assigned,,GNB-1879-1886,GNB-1974-2025,
GNB-1974-2025,Guinea-Bissau (1974-2025),1974,2025,national,GNB,404,Africa,draft,2026-04-13,cshapes-2.0,404,1974,assigned,,GNB-1886-1974,,
GNQ-1886-1968,Equatorial Guinea (1886-1968),1886,1968,national,GNQ,411,Africa,draft,2026-04-13,cshapes-2.0,411,1900,assigned,,,GNQ-1968-2025,
GNQ-1968-2025,Equatorial Guinea,1968,2025,national,GNQ,,Africa,draft,2026-04-12,cshapes-2.0,411,1900,assigned,,GNQ-1886-1968,,
GOB-1800-1808,Kingdom of Gobir,1800,1808,national,,,Africa,draft,2026-04-15,paine-2024,Gobir,,assigned,,,SOK-1804-1903,
GRC-1830-1881,Greece (1830–1881),1830,1881,national,GRC,350,Europe,draft,2026-06-29,cliopatria,First Hellenic Republic,1830,assigned,47000,,GRC-1881-1913,
GRC-1830-1913,Greece (to 1913),1830,1913,national,GRC,350,Europe,superseded,2026-04-12,cshapes-europe,350,1835,assigned,,,GRC-1913-1919,
GRC-1881-1913,Greece (1881–1913),1881,1913,national,GRC,350,Europe,draft,2026-06-29,cshapes-europe,350,1886,assigned,63711,GRC-1830-1881,GRC-1913-1919,
GRC-1913-1919,Greece (1913-1919),1913,1919,national,GRC,350,Europe,draft,2026-04-12,cshapes-2.0,350,1913,assigned,,GRC-1881-1913,GRC-1919-1947,
GRC-1919-1947,Greece (1919-1947),1919,1947,national,GRC,350,Europe,draft,2026-06-29,cshapes-2.0,350,1919,assigned,129479,GRC-1913-1919,GRC-1947-2025,
GRC-1919-2025,Greece,1919,2025,national,GRC,350,Europe,superseded,2026-04-12,cshapes-2.0,350,1919,assigned,,GRC-1913-1919,,
GRC-1947-2025,Greece (1947-2025),1947,2025,national,GRC,350,Europe,draft,2026-06-29,cshapes-2.0,350,1944,assigned,129479,GRC-1919-1947,,
GRD-1800-2025,Grenada,1800,2025,national,GRD,55,North America,draft,2026-06-09,gadm-4.1-adm0,GRD,,proxy,,,,
GRL-1800-2025,Greenland,1800,2025,national,GRL,,North America,draft,2026-04-13,gadm-4.1-adm0,GRL,,assigned,,,,
GTM-1821-2025,Guatemala,1821,2025,national,GTM,90,North America,draft,2026-04-12,cshapes-2.0,90,1886,assigned,,,,
GTO-1884-1920,German Togoland (1884-1920),1884,1920,colonial,GTO,,Africa,draft,2026-08-17,constructed,GTO-1884-1920,1920,proxy,,,BTL-1920-1957; FTO-1920-1960,
GUF-1816-1946,French Guiana (Colony),1816,1946,colonial,GUF,120,South America,draft,2026-06-26,cshapes-2.0,120,1886,assigned,83711,,GUF-1946-2025,
GUF-1946-2025,French Guiana (Overseas Department),1946,2025,national,GUF,120,South America,draft,2026-06-26,cshapes-2.0,120,1946,assigned,83711,GUF-1816-1946,,
GUM-1898-1950,Territory of Guam,1898,1950,colonial,GUM,,Oceania,draft,2026-06-26,gadm-4.1-adm0,GUM,2023,assigned,550,,GUM-1950-2025,
GUM-1950-2025,Guam (US Territory),1950,2025,territory,GUM,,Oceania,draft,2026-06-26,gadm-4.1-adm0,GUM,2023,assigned,550,GUM-1898-1950,,
GUY-1800-2025,Guyana,1800,2025,national,GUY,110,South America,draft,2026-04-13,cshapes-2.0,110,1886,assigned,,,,
HATAY-1938-1939,Sanjak of Alexandretta / Hatay State,1938,1939,colonial,TUR,,Asia,draft,2026-06-25,none,,,unassigned,,SYR-1922-1946,TUR-1920-2025,
HAW-1959-2025,Hawaii (state of the United States),1959,2025,subnational,USA,,North America,draft,2026-09-07,gadm-4.1-adm1,USA.12_1,,assigned,,,,
HAWI-1898-1959,Territory of Hawaii,1898,1959,national,,4,Oceania,draft,2026-06-24,cshapes-2.0,4,1898,assigned,16686,,USA-1959-2025,
HKG-1842-2025,Hong Kong,1842,2025,national,HKG,,Asia,draft,2026-04-17,gadm-4.1-adm1,CHN.HKG,,assigned,,CHN-1800-1895,,
HND-1800-2025,Honduras,1800,2025,national,HND,91,North America,draft,2026-04-12,cshapes-2.0,91,1886,polygon_vintage_drift,,,,
HRV-1992-2025,Croatia,1992,2025,national,HRV,344,Europe,reviewed,2026-04-12,cshapes-2.0,344,1992,assigned,,F248-1991-1992,,
HTI-1800-2025,Haiti,1800,2025,national,HTI,41,North America,draft,2026-04-12,cshapes-2.0,41,1934,assigned,,,,
HUN-1800-1918,Kingdom of Hungary (Transleithania),1800,1918,national,HUN,310,Europe,draft,2026-04-17,histogis-1860-habsburg,HUN-1800-1918,,assigned,325421,,HUN-1918-1920,
HUN-1918-1920,Hungary (1918-1920),1918,1920,national,HUN,310,Europe,draft,2026-06-30,histogis-1860-habsburg,HUN-1800-1918,,assigned,325421,AUH-1908-1918,HUN-1920-1938,
HUN-1920-1938,Hungary (1920-1938),1920,1938,national,HUN,310,Europe,draft,2026-04-12,cshapes-2.0,310,1920,assigned,,HUN-1919-1920,HUN-1938-1940,
HUN-1938-1940,Hungary (1938-1940),1938,1940,national,HUN,310,Europe,draft,2026-06-30,cshapes-2.0,310,1938,assigned,108785,HUN-1920-1938,HUN-1940-1944,
HUN-1938-1947,Hungary (1938-1947),1938,1947,national,HUN,310,Europe,superseded,2026-06-30,cshapes-2.0,310,1938,assigned,108785,HUN-1920-1938,HUN-1947-2025,
HUN-1940-1944,Hungary (1940-1944),1940,1944,national,HUN,310,Europe,draft,2026-07-01,constructed,HUN-1940-1944,1940,proxy,152423,HUN-1938-1940,HUN-1944-1947,
HUN-1944-1947,Hungary (1944-1947),1944,1947,national,HUN,310,Europe,draft,2026-06-30,cshapes-2.0,310,1947,assigned,93033,HUN-1940-1944,HUN-1947-2025,
HUN-1947-2025,Hungary (1947-2025),1947,2025,national,HUN,310,Europe,reviewed,2026-04-12,cshapes-2.0,310,1947,assigned,,HUN-1944-1947,,
HYD-1724-1948,Hyderabad State,1724,1948,subnational,IND,750,Asia,draft,2026-06-25,cliopatria,Hyderabad State,1947,assigned,211298,,IND-1947-1949,
IBD-1829-1893,Ibadan City-State,1829,1893,national,,,Africa,draft,2026-04-15,paine-2024,Ibadan,,assigned,,,SNI-1899-1906,
ICN-1800-2025,Canary Islands,1800,2025,national,ICN,,Africa,draft,2026-04-13,gadm-4.1-adm1,ESP.14_1,,assigned,,,,
IDN-1800-1889,Indonesia (to 1889),1800,1889,national,IDN,750,Asia,superseded,2026-04-12,cshapes-2.0,850,1886,unassigned,1877243,,IDN-1889-1945,
IDN-1800-1945,Dutch East Indies (1800-1945),1800,1945,colonial,IDN,850,Asia,draft,2026-07-24,cshapes-2.0,850,1900,polygon_vintage_drift,1877243,,IDN-1945-1949,
IDN-1889-1945,Indonesia (1889-1945),1889,1945,national,IDN,750,Asia,superseded,2026-04-13,cshapes-2.0,850,1900,unassigned,1877243,IDN-1800-1889,IDN-1945-1949,
IDN-1945-1949,Indonesia (1945-1949),1945,1949,national,IDN,850,Asia,draft,2026-04-12,cshapes-2.0,850,1945,assigned,,IDN-1889-1945,IDN-1949-1963,
IDN-1949-1963,Indonesia (1949-1963),1949,1963,national,IDN,850,Asia,draft,2026-08-14,cshapes-2.0,850,1949,assigned,,IDN-1945-1949,IDN-1963-1976,
IDN-1949-1969,Indonesia (1949-1969),1949,1969,national,IDN,850,Asia,retired,2026-07-27,cshapes-2.0,850,1949,assigned,,IDN-1945-1949,IDN-1949-1963,
IDN-1963-1976,Indonesia (1963-1976),1963,1976,national,IDN,850,Asia,draft,2026-08-14,cshapes-2.0,850,1969,assigned,,IDN-1949-1963; NNG-1949-1963,IDN-1976-2002,
IDN-1969-1976,Indonesia (1969-1976),1969,1976,national,IDN,850,Asia,retired,2026-04-12,cshapes-2.0,850,1969,assigned,,IDN-1949-1963,IDN-1963-1976,
IDN-1976-2002,Indonesia (1976-2002),1976,2002,national,IDN,850,Asia,draft,2026-04-12,cshapes-2.0,850,1976,assigned,,IDN-1963-1976,IDN-2002-2025,
IDN-2002-2025,Indonesia,2002,2025,national,IDN,850,Asia,reviewed,2026-04-12,cshapes-2.0,850,2002,assigned,,IDN-1976-2002,,
IDN-BLB-1949-1951,"Bali and Lombok (within Indonesia, 1949-1951)",1949,1951,subnational,IDN,,Asia,draft,2026-06-26,constructed,IDN-BLB-1949-1951,,proxy,10505,,,
IDN-JVM-1949-1951,"Java and Madura (within Indonesia, 1949-1951)",1949,1951,subnational,IDN,,Asia,draft,2026-06-26,constructed,IDN-JVM-1949-1951,,proxy,132000,,,
IDN-OTH-1949-1951,"Other islands (within Indonesia, 1949-1951)",1949,1951,subnational,IDN,,Asia,draft,2026-06-26,constructed,IDN-OTH-1949-1951,,proxy,1349065,,,
IGL-1800-1901,Igala Kingdom,1800,1901,national,,,Africa,draft,2026-04-15,paine-2024,Igala,,assigned,,,NNI-1899-1904,
IJB-1800-1892,Ijebu Kingdom,1800,1892,national,,,Africa,draft,2026-04-15,paine-2024,Ijebu,,assigned,,,SNI-1899-1906,
IND-1800-1886,British India (to 1886),1800,1886,national,IND,750,Asia,draft,2026-07-24,constructed,IND-1800-1886,,polygon_vintage_drift,4135466,,IND-1886-1893,
IND-1800-1893,India (to 1893),1800,1893,national,IND,750,Asia,superseded,2026-04-12,cshapes-2.0,750,1886,unassigned,,,IND-1893-1914,
IND-1886-1893,British India (1886-1893),1886,1893,national,IND,750,Asia,draft,2026-07-24,constructed,IND-1886-1893,1890,assigned,4652712,IND-1800-1886,IND-1893-1914,
IND-1893-1914,India (1893-1914),1893,1914,national,IND,750,Asia,draft,2026-04-12,constructed,IND-1893-1914,1899,assigned,,IND-1800-1893,IND-1914-1937,
IND-1914-1937,India (1914-1937),1914,1937,national,IND,750,Asia,draft,2026-04-12,constructed,IND-1914-1937,1914,assigned,,IND-1893-1914,IND-1937-1947,
IND-1937-1947,India (1937-1947),1937,1947,national,IND,750,Asia,draft,2026-04-12,constructed,IND-1937-1947,1937,assigned,4227508,IND-1914-1937,IND-1947-1949,
IND-1947-1949,India (1947-1949),1947,1949,national,IND,750,Asia,draft,2026-04-12,constructed,IND-1947-1949,1947,assigned,,IND-1937-1947,IND-1949-2025,
IND-1949-2025,India,1949,2025,national,IND,750,Asia,draft,2026-04-12,cshapes-2.0,750,1949,assigned,,IND-1947-1949,,
IRL-1800-1921,Ireland (within United Kingdom),1800,1921,national,IRL,205,Europe,draft,2026-04-16,constructed,IRL-1800-1921,2024,assigned,84433,,IRL-1921-2025,
IRL-1921-2025,Ireland,1921,2025,national,IRL,205,Europe,draft,2026-04-13,cshapes-2.0,205,1921,assigned,,GBR-1800-1921,,
IRN-1800-1828,Persia (Qajar to 1828),1800,1828,national,IRN,630,Asia,draft,2026-04-12,cliopatria,Qajar Dynasty,1800,assigned,,,IRN-1828-2025,
IRN-1828-2025,Iran,1828,2025,national,IRN,630,Asia,draft,2026-04-12,cshapes-2.0,630,1886,assigned,,IRN-1800-1828,,
IRQ-1921-1932,Iraq (British Mandate for Mesopotamia),1921,1932,national,IRQ,645,Asia,draft,2026-04-12,cshapes-2.0,645,1932,assigned,,,IRQ-1932-2025,
IRQ-1921-2025,Iraq,1921,2025,national,IRQ,645,Asia,superseded,2026-04-12,cshapes-2.0,645,1932,assigned,,,IRQ-1921-1932; IRQ-1932-2025,
IRQ-1932-2025,Iraq,1932,2025,national,IRQ,645,Asia,draft,2026-04-12,cshapes-2.0,645,1932,assigned,,IRQ-1921-1932,,
ISL-1800-2025,Iceland,1800,2025,national,ISL,395,Europe,draft,2026-04-13,cshapes-2.0,395,1944,assigned,,,,
ISR-1948-1967,Israel (1948-1967),1948,1967,national,ISR,666,Asia,draft,2026-04-13,cshapes-2.0,666,1948,assigned,,PAL-1920-1948,ISR-1967-1979,
ISR-1967-1979,Israel (1967-1979),1967,1979,national,ISR,666,Asia,draft,2026-04-12,cshapes-2.0,666,1967,assigned,,ISR-1948-1967,ISR-1979-2025,
ISR-1979-2025,Israel,1979,2025,national,ISR,666,Asia,draft,2026-04-12,cshapes-2.0,666,1979,assigned,,ISR-1967-1979,,
ITA-1861-1866,Italy (1861-1866),1861,1866,national,ITA,325,Europe,draft,2026-06-29,cshapes-europe,325,1862,assigned,,SAR-1800-1860; PAP-1800-1870,ITA-1866-1870,
ITA-1861-1919,Italy (to 1919),1861,1919,national,ITA,325,Europe,superseded,2026-04-12,cshapes-europe,325,1886,assigned,,SAR-1800-1860; PAP-1800-1870,ITA-1919-2025,
ITA-1866-1870,Italy (1866-1870),1866,1870,national,ITA,325,Europe,draft,2026-06-29,cshapes-europe,325,1867,assigned,,ITA-1861-1866,ITA-1870-1919,
ITA-1870-1919,Italy (1870-1919),1870,1919,national,ITA,325,Europe,draft,2026-06-29,cshapes-europe,325,1886,assigned,,ITA-1866-1870,ITA-1919-2025,
ITA-1919-2025,Italy,1919,2025,national,ITA,325,Europe,draft,2026-04-12,cshapes-2.0,325,1919,assigned,,ITA-1861-1919,,
ITA-ABR-1970-2025,Abruzzo (region of Italy),1970,2025,subnational,ITA,,Europe,draft,2026-09-07,gadm-4.1-adm1,ITA.1_1,,assigned,,,,
ITA-BAS-1861-2025,Basilicata (region of Italy),1861,2025,subnational,ITA,,Europe,draft,2026-09-07,gadm-4.1-adm1,ITA.3_1,,assigned,,,,
ITA-CAL-1861-2025,Calabria (region of Italy),1861,2025,subnational,ITA,,Europe,draft,2026-09-07,gadm-4.1-adm1,ITA.4_1,,assigned,,,,
ITA-CAM-1970-2025,Campania (region of Italy),1970,2025,subnational,ITA,,Europe,draft,2026-09-07,gadm-4.1-adm1,ITA.5_1,,assigned,,,,
ITA-EMR-1970-2025,Emilia-Romagna (region of Italy),1970,2025,subnational,ITA,,Europe,draft,2026-09-07,gadm-4.1-adm1,ITA.6_1,,assigned,,,,
ITA-ITH1-1919-2025,Bolzano/South Tyrol (province of Italy),1919,2025,subnational,ITA,,Europe,draft,2026-09-07,gadm-4.1-adm2,ITA.17.1_1,,assigned,,,,
ITA-ITH4-1970-2025,Friuli-Venezia Giulia (region of Italy),1970,2025,subnational,ITA,,Europe,draft,2026-09-07,gadm-4.1-adm1,ITA.7_1,,assigned,,,,
ITA-ITI1-1861-2025,Toscana (region of Italy),1861,2025,subnational,ITA,,Europe,draft,2026-09-07,gadm-4.1-adm1,ITA.16_1,,assigned,,,,
ITA-ITI2-1970-2025,Umbria (region of Italy),1970,2025,subnational,ITA,,Europe,draft,2026-09-07,gadm-4.1-adm1,ITA.18_1,,assigned,,,,
ITA-LAZ-1970-2025,Lazio (region of Italy),1970,2025,subnational,ITA,,Europe,draft,2026-09-07,gadm-4.1-adm1,ITA.8_1,,assigned,,,,
ITA-LIG-1970-2025,Liguria (region of Italy),1970,2025,subnational,ITA,,Europe,draft,2026-09-07,gadm-4.1-adm1,ITA.9_1,,assigned,,,,
ITA-LOM-1861-2025,Lombardia (region of Italy),1861,2025,subnational,ITA,,Europe,draft,2026-09-07,gadm-4.1-adm1,ITA.10_1,,assigned,,,,
ITA-MAR-1861-2025,Marche (region of Italy),1861,2025,subnational,ITA,,Europe,draft,2026-09-07,gadm-4.1-adm1,ITA.11_1,,assigned,,,,
ITA-PIE-1970-2025,Piemonte (region of Italy),1970,2025,subnational,ITA,,Europe,draft,2026-09-07,gadm-4.1-adm1,ITA.13_1,,assigned,,,,
ITA-PUG-1861-2025,Puglia (region of Italy),1861,2025,subnational,ITA,,Europe,draft,2026-09-07,gadm-4.1-adm1,ITA.2_1,,assigned,,,,
ITA-SAR-1861-2025,Sardegna (region of Italy),1861,2025,subnational,ITA,,Europe,draft,2026-09-07,gadm-4.1-adm1,ITA.14_1,,assigned,,,,
ITA-SIC-1861-2025,Sicilia (region of Italy),1861,2025,subnational,ITA,,Europe,draft,2026-09-07,gadm-4.1-adm1,ITA.15_1,,assigned,,,,
ITA-VEN-1866-2025,Veneto (region of Italy),1866,2025,subnational,ITA,,Europe,draft,2026-09-07,gadm-4.1-adm1,ITA.20_1,,assigned,,,,
ITAEG-1912-1947,Italian Islands of the Aegean (Dodecanese),1912,1947,colonial,GRC,325,Europe,draft,2026-06-25,none,,,unassigned,,OTT-1908-1912,GRC-1947-2025,
ITS-1908-1960,Italian Somaliland (1908-1960),1908,1960,national,ITS,,Africa,draft,2026-04-13,constructed,ITS-1908-1960,,assigned,464743,,SOM-1960-2025,
JAM-1800-2025,Jamaica,1800,2025,national,JAM,51,North America,draft,2026-04-13,cshapes-2.0,51,1886,assigned,,,,
JOL-1800-1890,Kingdom of Jolof,1800,1890,national,,,Africa,draft,2026-04-13,paine-2024,Jolof,,assigned,,,SEN-1960-2025,
JOR-1918-1920,Jordan (to 1920),1918,1920,national,JOR,663,Asia,draft,2026-04-13,cshapes-2.0,663,1920,assigned,,,JOR-1920-1923,
JOR-1920-1923,Jordan (1920-1923),1920,1923,national,JOR,663,Asia,draft,2026-04-13,cshapes-2.0,663,1920,assigned,,JOR-1918-1920,JOR-1923-1946,
JOR-1923-1946,Jordan (1923-1946),1923,1946,national,JOR,663,Asia,draft,2026-04-13,cshapes-2.0,663,1925,assigned,,JOR-1920-1923,JOR-1946-2025,
JOR-1946-2025,Jordan,1946,2025,national,JOR,663,Asia,draft,2026-04-13,cshapes-2.0,663,1946,assigned,,JOR-1923-1946,,
JPN-1800-1895,Japan (to 1895),1800,1895,national,JPN,,Asia,draft,2026-04-12,cshapes-2.0,740,1886,assigned,,,JPN-1895-1945,
JPN-1895-1945,Japanese Empire,1895,1945,national,JPN,,Asia,draft,2026-04-12,constructed,JPN-1895-1945,,assigned,,JPN-1800-1895,JPN-1945-1952,
JPN-1945-1952,Japan (occupied),1945,1952,national,JPN,,Asia,draft,2026-04-12,cshapes-2.0,740,1886,assigned,377657,JPN-1895-1945,JPN-1952-2025,
JPN-1952-2025,Japan,1952,2025,national,JPN,,Asia,draft,2026-04-12,cshapes-2.0,740,1886,assigned,,JPN-1945-1952,,
JPN-AICHI-1871-2025,Aichi (prefecture of Japan),1871,2025,subnational,JPN,,Asia,draft,2026-09-01,gadm-4.1-adm1,JPN.1_1,,assigned,,,,
JPN-AKITA-1871-2025,Akita (prefecture of Japan),1871,2025,subnational,JPN,,Asia,draft,2026-09-01,gadm-4.1-adm1,JPN.2_1,,assigned,,,,
JPN-AOMORI-1871-2025,Aomori (prefecture of Japan),1871,2025,subnational,JPN,,Asia,draft,2026-09-01,gadm-4.1-adm1,JPN.3_1,,assigned,,,,
JPN-CHIBA-1871-2025,Chiba (prefecture of Japan),1871,2025,subnational,JPN,,Asia,draft,2026-09-01,gadm-4.1-adm1,JPN.4_1,,assigned,,,,
JPN-EHIME-1871-2025,Ehime (prefecture of Japan),1871,2025,subnational,JPN,,Asia,draft,2026-09-01,gadm-4.1-adm1,JPN.5_1,,assigned,,,,
JPN-FUKUI-1871-2025,Fukui (prefecture of Japan),1871,2025,subnational,JPN,,Asia,draft,2026-09-01,gadm-4.1-adm1,JPN.6_1,,assigned,,,,
JPN-FUKUOKA-1871-2025,Fukuoka (prefecture of Japan),1871,2025,subnational,JPN,,Asia,draft,2026-09-01,gadm-4.1-adm1,JPN.7_1,,assigned,,,,
JPN-FUKUSHIMA-1871-2025,Fukushima (prefecture of Japan),1871,2025,subnational,JPN,,Asia,draft,2026-09-01,gadm-4.1-adm1,JPN.8_1,,assigned,,,,
JPN-GIFU-1871-2025,Gifu (prefecture of Japan),1871,2025,subnational,JPN,,Asia,draft,2026-09-01,gadm-4.1-adm1,JPN.9_1,,assigned,,,,
JPN-GUMMA-1871-2025,Gumma (prefecture of Japan),1871,2025,subnational,JPN,,Asia,draft,2026-09-01,gadm-4.1-adm1,JPN.10_1,,assigned,,,,
JPN-HIROSHIMA-1871-2025,Hiroshima (prefecture of Japan),1871,2025,subnational,JPN,,Asia,draft,2026-09-01,gadm-4.1-adm1,JPN.11_1,,assigned,,,,
JPN-HOKKAIDO-1871-2025,Hokkaido (prefecture of Japan),1871,2025,subnational,JPN,,Asia,draft,2026-09-01,gadm-4.1-adm1,JPN.12_1,,assigned,,,,
JPN-HYOGO-1871-2025,Hyogo (prefecture of Japan),1871,2025,subnational,JPN,,Asia,draft,2026-09-01,gadm-4.1-adm1,JPN.13_1,,assigned,,,,
JPN-IBARAKI-1871-2025,Ibaraki (prefecture of Japan),1871,2025,subnational,JPN,,Asia,draft,2026-09-01,gadm-4.1-adm1,JPN.14_1,,assigned,,,,
JPN-ISHIKAWA-1871-2025,Ishikawa (prefecture of Japan),1871,2025,subnational,JPN,,Asia,draft,2026-09-01,gadm-4.1-adm1,JPN.15_1,,assigned,,,,
JPN-IWATE-1871-2025,Iwate (prefecture of Japan),1871,2025,subnational,JPN,,Asia,draft,2026-09-01,gadm-4.1-adm1,JPN.16_1,,assigned,,,,
JPN-KAGAWA-1871-2025,Kagawa (prefecture of Japan),1871,2025,subnational,JPN,,Asia,draft,2026-09-01,gadm-4.1-adm1,JPN.17_1,,assigned,,,,
JPN-KAGOSHIMA-1871-2025,Kagoshima (prefecture of Japan),1871,2025,subnational,JPN,,Asia,draft,2026-09-01,gadm-4.1-adm1,JPN.18_1,,assigned,,,,
JPN-KANAGAWA-1871-2025,Kanagawa (prefecture of Japan),1871,2025,subnational,JPN,,Asia,draft,2026-09-01,gadm-4.1-adm1,JPN.19_1,,assigned,,,,
JPN-KOCHI-1871-2025,Kochi (prefecture of Japan),1871,2025,subnational,JPN,,Asia,draft,2026-09-01,gadm-4.1-adm1,JPN.20_1,,assigned,,,,
JPN-KUMAMOTO-1871-2025,Kumamoto (prefecture of Japan),1871,2025,subnational,JPN,,Asia,draft,2026-09-01,gadm-4.1-adm1,JPN.21_1,,assigned,,,,
JPN-KYOTO-1871-2025,Kyoto (prefecture of Japan),1871,2025,subnational,JPN,,Asia,draft,2026-09-01,gadm-4.1-adm1,JPN.22_1,,assigned,,,,
JPN-MIE-1871-2025,Mie (prefecture of Japan),1871,2025,subnational,JPN,,Asia,draft,2026-09-01,gadm-4.1-adm1,JPN.23_1,,assigned,,,,
JPN-MIYAGI-1871-2025,Miyagi (prefecture of Japan),1871,2025,subnational,JPN,,Asia,draft,2026-09-01,gadm-4.1-adm1,JPN.24_1,,assigned,,,,
JPN-MIYAZAKI-1871-2025,Miyazaki (prefecture of Japan),1871,2025,subnational,JPN,,Asia,draft,2026-09-01,gadm-4.1-adm1,JPN.25_1,,assigned,,,,
JPN-NAGANO-1871-2025,Nagano (prefecture of Japan),1871,2025,subnational,JPN,,Asia,draft,2026-09-01,gadm-4.1-adm1,JPN.26_1,,assigned,,,,
JPN-NAGASAKI-1871-2025,Nagasaki (prefecture of Japan),1871,2025,subnational,JPN,,Asia,draft,2026-09-01,gadm-4.1-adm1,JPN.27_1,,assigned,,,,
JPN-NARA-1871-2025,Nara (prefecture of Japan),1871,2025,subnational,JPN,,Asia,draft,2026-09-01,gadm-4.1-adm1,JPN.28_1,,assigned,,,,
JPN-NIIGATA-1871-2025,Niigata (prefecture of Japan),1871,2025,subnational,JPN,,Asia,draft,2026-09-01,gadm-4.1-adm1,JPN.29_1,,assigned,,,,
JPN-OITA-1871-2025,Oita (prefecture of Japan),1871,2025,subnational,JPN,,Asia,draft,2026-09-01,gadm-4.1-adm1,JPN.30_1,,assigned,,,,
JPN-OKAYAMA-1871-2025,Okayama (prefecture of Japan),1871,2025,subnational,JPN,,Asia,draft,2026-09-01,gadm-4.1-adm1,JPN.31_1,,assigned,,,,
JPN-OSAKA-1871-2025,Osaka (prefecture of Japan),1871,2025,subnational,JPN,,Asia,draft,2026-09-01,gadm-4.1-adm1,JPN.33_1,,assigned,,,,
JPN-SAGA-1871-2025,Saga (prefecture of Japan),1871,2025,subnational,JPN,,Asia,draft,2026-09-01,gadm-4.1-adm1,JPN.34_1,,assigned,,,,
JPN-SAITAMA-1871-2025,Saitama (prefecture of Japan),1871,2025,subnational,JPN,,Asia,draft,2026-09-01,gadm-4.1-adm1,JPN.35_1,,assigned,,,,
JPN-SHIGA-1871-2025,Shiga (prefecture of Japan),1871,2025,subnational,JPN,,Asia,draft,2026-09-01,gadm-4.1-adm1,JPN.36_1,,assigned,,,,
JPN-SHIMANE-1871-2025,Shimane (prefecture of Japan),1871,2025,subnational,JPN,,Asia,draft,2026-09-01,gadm-4.1-adm1,JPN.37_1,,assigned,,,,
JPN-SHIZUOKA-1871-2025,Shizuoka (prefecture of Japan),1871,2025,subnational,JPN,,Asia,draft,2026-09-01,gadm-4.1-adm1,JPN.38_1,,assigned,,,,
JPN-TOCHIGI-1871-2025,Tochigi (prefecture of Japan),1871,2025,subnational,JPN,,Asia,draft,2026-09-01,gadm-4.1-adm1,JPN.39_1,,assigned,,,,
JPN-TOKUSHIMA-1871-2025,Tokushima (prefecture of Japan),1871,2025,subnational,JPN,,Asia,draft,2026-09-01,gadm-4.1-adm1,JPN.40_1,,assigned,,,,
JPN-TOKYO-1871-2025,Tokyo (prefecture of Japan),1871,2025,subnational,JPN,,Asia,draft,2026-09-01,gadm-4.1-adm1,JPN.41_1,,assigned,,,,
JPN-TOTTORI-1871-2025,Tottori (prefecture of Japan),1871,2025,subnational,JPN,,Asia,draft,2026-09-01,gadm-4.1-adm1,JPN.42_1,,assigned,,,,
JPN-TOYAMA-1871-2025,Toyama (prefecture of Japan),1871,2025,subnational,JPN,,Asia,draft,2026-09-01,gadm-4.1-adm1,JPN.43_1,,assigned,,,,
JPN-WAKAYAMA-1871-2025,Wakayama (prefecture of Japan),1871,2025,subnational,JPN,,Asia,draft,2026-09-01,gadm-4.1-adm1,JPN.44_1,,assigned,,,,
JPN-YAMAGATA-1871-2025,Yamagata (prefecture of Japan),1871,2025,subnational,JPN,,Asia,draft,2026-09-01,gadm-4.1-adm1,JPN.45_1,,assigned,,,,
JPN-YAMAGUCHI-1871-2025,Yamaguchi (prefecture of Japan),1871,2025,subnational,JPN,,Asia,draft,2026-09-01,gadm-4.1-adm1,JPN.46_1,,assigned,,,,
JPN-YAMANASHI-1871-2025,Yamanashi (prefecture of Japan),1871,2025,subnational,JPN,,Asia,draft,2026-09-01,gadm-4.1-adm1,JPN.47_1,,assigned,,,,
KAZ-1991-2025,Kazakhstan,1991,2025,national,KAZ,705,Asia,reviewed,2026-04-12,cshapes-2.0,705,1997,assigned,,F228-1945-1991,,
KEN-1888-1891,Kenya (1888-1891),1888,1891,national,KEN,501,Africa,draft,2026-04-15,cshapes-2.0,501,1888,assigned,,,KEN-1891-1894,
KEN-1891-1894,Kenya (1891-1894),1891,1894,national,KEN,501,Africa,draft,2026-04-15,cshapes-2.0,501,1891,assigned,,,KEN-1894-1902,
KEN-1894-1902,Kenya (1894-1902),1894,1902,national,KEN,501,Africa,draft,2026-04-15,cshapes-2.0,501,1894,assigned,,,KEN-1902-1907,
KEN-1902-1907,Kenya (1902-1907),1902,1907,national,KEN,501,Africa,draft,2026-04-15,cshapes-2.0,501,1902,assigned,,,KEN-1907-1924,
KEN-1907-1924,Kenya (1907-1924),1907,1924,national,KEN,501,Africa,draft,2026-04-13,cshapes-2.0,501,1908,assigned,,,KEN-1924-1926; KEN-1926-1963,
KEN-1924-1926,Kenya (1924-1926),1924,1926,national,KEN,501,Africa,draft,2026-04-13,cshapes-2.0,501,1924,assigned,,KEN-1907-1924,KEN-1926-1963,
KEN-1926-1963,Kenya (1926-1963),1926,1963,national,KEN,501,Africa,draft,2026-04-12,cshapes-2.0,501,1926,assigned,,KEN-1907-1924; KEN-1924-1926,KEN-1963-2025,
KEN-1963-2025,Kenya,1963,2025,national,KEN,501,Africa,reviewed,2026-04-12,cshapes-2.0,501,1963,assigned,,,,
KGZ-1991-2025,Kyrgyzstan,1991,2025,national,KGZ,703,Asia,reviewed,2026-04-12,cshapes-2.0,703,1991,assigned,,F228-1945-1991,,
KHM-1800-1904,Cambodia (to 1904),1800,1904,national,KHM,,Asia,draft,2026-04-13,cshapes-2.0,811,1893,assigned,,,KHM-1904-1907,
KHM-1904-1907,Cambodia (1904-1907),1904,1907,national,KHM,,Asia,draft,2026-04-13,cshapes-2.0,811,1904,assigned,,KHM-1800-1904,KHM-1907-1953,
KHM-1907-1953,Cambodia (1907-1953),1907,1953,national,KHM,811,Asia,draft,2026-04-12,cshapes-2.0,811,1907,assigned,,KHM-1904-1907,KHM-1953-2025,
KHM-1953-2025,Cambodia,1953,2025,national,KHM,811,Asia,draft,2026-04-12,cshapes-2.0,811,1953,assigned,,KHM-1907-1953,,
KIR-1800-2025,Kiribati,1800,2025,national,KIR,946,Oceania,draft,2026-04-13,gadm-4.1-adm0,KIR,,assigned,811,,,
KJM-1947-1972,Jammu and Kashmir (disputed territory),1947,1972,disputed,,7506,Asia,draft,2026-06-25,cshapes-2.0,7506,1948,assigned,105844,,IND-1949-2025; PAK-1949-1971,
KNA-1800-2025,Saint Kitts and Nevis,1800,2025,national,KNA,60,North America,draft,2026-04-13,gadm-4.1-adm0,KNA,,assigned,,,,
KOR-1800-1945,Korea (to 1945),1800,1945,national,KOR,730,Asia,draft,2026-04-17,constructed,KOR-1800-1945,,assigned,,,KOR-1945-1948,
KOR-1945-1948,Korea (occupied),1945,1948,national,KOR,730,Asia,draft,2026-04-16,cshapes-2.0,730,1910,assigned,,KOR-1800-1945,KOR-1948-2025; PRK-1948-2025,
KOR-1948-2025,South Korea,1948,2025,national,KOR,732,Asia,draft,2026-04-12,cshapes-2.0,732,1948,assigned,,,,
KOS-2008-2025,Kosovo,2008,2025,national,KOS,347,Europe,draft,2026-04-12,cshapes-2.0,347,2008,assigned,,SRB-2006-2008,,
KRS-1910-1945,Korea South (within Japanese Chosen),1910,1945,colonial,KOR,,Asia,draft,2026-06-26,cshapes-2.0,732,1948,assigned,100210,,KOR-1948-2025,
KSJ-1800-1911,Kingdom of Kasanje,1800,1911,national,,,Africa,draft,2026-04-13,paine-2024,Kasanje,,assigned,,,AGO-1816-2025,
KWT-1800-2025,Kuwait,1800,2025,national,KWT,690,Asia,draft,2026-04-12,cshapes-2.0,690,1961,assigned,,,,
KZM-1800-1899,Kingdom of Kazembe,1800,1899,national,,,Africa,draft,2026-04-13,paine-2024,Kazembe,,assigned,,,ZMB-1964-2025,
LAO-1893-1954,Laos (1893-1954),1893,1954,national,LAO,812,Asia,draft,2026-04-13,cshapes-2.0,812,1896,assigned,,,LAO-1954-2025,
LAO-1954-2025,Laos,1954,2025,national,LAO,812,Asia,draft,2026-04-12,cshapes-2.0,812,1954,assigned,,LAO-1893-1954,,
LBA-1800-1885,Luba Empire,1800,1885,national,,,Africa,draft,2026-04-15,paine-2024,Luba,,assigned,,,COD-1885-1891; COD-1960-2025,
LBN-1920-1944,Lebanon (1920-1944),1920,1944,national,LBN,660,Asia,draft,2026-04-12,cshapes-2.0,660,1920,assigned,,,LBN-1944-2025,
LBN-1944-2025,Lebanon,1944,2025,national,LBN,660,Asia,draft,2026-04-12,cshapes-2.0,660,1944,assigned,,LBN-1920-1944,,
LBR-1847-2025,Liberia,1847,2025,national,LBR,450,Africa,draft,2026-04-13,cshapes-2.0,450,1892,assigned,,,,
LBY-1912-1919,Libya (1912-1919),1912,1919,national,LBY,620,Africa,draft,2026-04-15,cshapes-2.0,620,1912,assigned,,OTT-1908-1912,LBY-1919-1925,
LBY-1919-1925,Libya (1919-1925),1919,1925,national,LBY,620,Africa,draft,2026-04-15,cshapes-2.0,620,1919,assigned,,,LBY-1925-1934,
LBY-1925-1934,Libya (1925-1934),1925,1934,national,LBY,620,Africa,draft,2026-04-15,cshapes-2.0,620,1925,assigned,,,LBY-1934-1943,
LBY-1934-1943,Libya (1934-1943),1934,1943,national,LBY,620,Africa,draft,2026-04-15,cshapes-2.0,620,1934,assigned,,,LBY-1943-1949; TRP-1943-1951; CYR-1943-1949; FEZ-1943-1951,
LBY-1943-1949,Libya (1943-1949),1943,1949,national,LBY,620,Africa,draft,2026-06-30,cshapes-2.0,620,1943,assigned,1617537,LBY-1934-1943,LBY-1949-1951; CYR-1949-1951,
LBY-1949-1951,Libya under UN Transitional Administration (1949-1951),1949,1951,national,LBY,620,Africa,draft,2026-06-26,cshapes-2.0,620,1943,assigned,1617537,LBY-1943-1949,LBY-1951-2025,
LBY-1951-2025,Libya,1951,2025,national,LBY,620,Africa,reviewed,2026-04-12,cshapes-2.0,620,1951,assigned,,LBY-1949-1951; TRP-1943-1951; CYR-1949-1951; FEZ-1943-1951,,
LCA-1800-1838,Saint Lucia (to 1838),1800,1838,national,,,North America,draft,2026-04-15,gadm-4.1-adm0,LCA,,assigned,,,LCA-1838-2025,
LCA-1838-2025,Saint Lucia,1838,2025,national,LCA,56,North America,draft,2026-04-13,gadm-4.1-adm0,LCA,,assigned,,LCA-1800-1838,,
LIE-1800-2025,Liechtenstein,1800,2025,national,LIE,,Europe,draft,2026-04-13,cshapes-europe,223,1806,assigned,160,,,
LKA-1800-2025,Sri Lanka,1800,2025,national,LKA,780,Asia,draft,2026-04-13,cshapes-2.0,780,1948,assigned,,,,
LND-1800-1887,Lunda Empire,1800,1887,national,,,Africa,draft,2026-04-15,paine-2024,Lunda,,assigned,,,COD-1960-2025; COD-1885-1891,
LSO-1868-1886,Basutoland,1868,1886,national,LSO,,Africa,draft,2026-04-16,cshapes-2.0,570,1886,assigned,,LST-1822-1868,LSO-1886-1966,
LSO-1886-1966,Lesotho (1886-1966),1886,1966,national,LSO,570,Africa,draft,2026-04-13,cshapes-2.0,570,1886,assigned,,,LSO-1966-2025,
LSO-1966-2025,Lesotho,1966,2025,national,LSO,570,Africa,draft,2026-04-13,cshapes-2.0,570,1966,assigned,,LST-1822-1868; LSO-1886-1966,,
LST-1822-1868,Basotho Kingdom,1822,1868,national,,,Africa,draft,2026-04-13,paine-2024,Lesotho,,assigned,,,LSO-1966-2025,
LTU-1800-1918,Lithuania (Russian governorate),1800,1918,national,LTU,368,Europe,draft,2026-04-16,cshapes-2.0,368,1918,assigned,,,LTU-1918-1940,
LTU-1918-1940,Lithuania (interwar republic),1918,1940,national,LTU,368,Europe,draft,2026-04-17,cshapes-2.0,368,1922,assigned,55858,LTU-1800-1918,LTU-1940-1991,
LTU-1940-1991,Lithuanian SSR,1940,1991,national,LTU,368,Europe,draft,2026-04-16,cshapes-2.0,368,1939,assigned,,LTU-1918-1940,LTU-1991-2025,
LTU-1991-2025,Lithuania,1991,2025,national,LTU,368,Europe,reviewed,2026-04-12,cshapes-2.0,368,1991,assigned,,F228-1945-1991,,
LUX-1839-2025,Luxembourg,1839,2025,national,LUX,212,Europe,reviewed,2026-04-11,cshapes-2.0,212,1886,assigned,,NLD-1800-1830,,
LVA-1800-1918,Latvia (Livonia and Courland),1800,1918,national,LVA,367,Europe,draft,2026-04-16,cshapes-2.0,367,1918,assigned,,,LVA-1918-1940,
LVA-1918-1940,Latvia (interwar republic),1918,1940,national,LVA,367,Europe,draft,2026-04-17,cshapes-2.0,367,1918,assigned,65966,LVA-1800-1918,LVA-1940-1991,
LVA-1940-1991,Latvian SSR,1940,1991,national,LVA,367,Europe,draft,2026-04-16,cshapes-2.0,367,1918,assigned,,LVA-1918-1940,LVA-1991-2025,
LVA-1991-2025,Latvia,1991,2025,national,LVA,367,Europe,reviewed,2026-04-12,cshapes-2.0,367,1991,assigned,,F228-1945-1991,,
LZI-1800-1890,Lozi Kingdom (Barotseland),1800,1890,national,,,Africa,draft,2026-04-13,paine-2024,Lozi,,assigned,,,ZMB-1964-2025,
MAC-1800-2025,"China, Macao SAR",1800,2025,national,MAC,,Asia,draft,2026-06-09,gadm-4.1-adm1,CHN.MAC,,proxy,,,,
MAF-2007-2025,Saint-Martin (French part),2007,2025,territory,MAF,,North America,draft,2026-08-13,gadm-4.1-adm0,MAF,,estimate,53,,,
MAN-1932-1945,Manchukuo (1932-1945),1932,1945,national,MAN,,Asia,draft,2026-04-17,constructed,MAN-1932-1945,,assigned,791708,CHN-1921-1932,CHN-1945-1947; CHN-1947-1949; CHN-1950-2025,
MAN-1945-1950,"Manchuria (region, 1945-1950)",1945,1950,subnational,MAN,,Asia,draft,2026-07-27,constructed,MAN-1932-1945,,assigned,791708,MAN-1932-1945,MAN-1950-1955; CHN-1950-2025,
MAN-1950-1955,"Manchuria (region, 1950-1955)",1950,1955,subnational,MAN,,Asia,draft,2026-09-01,constructed,MAN-1932-1945,,proxy,791708,MAN-1945-1950,CHN-1950-2025,
MAR-1911-1958,Morocco (to 1958),1911,1958,national,MAR,600,Africa,draft,2026-04-12,cshapes-2.0,600,1912,assigned,,MOR-1904-1911,MAR-1958-1975,
MAR-1958-1975,Morocco (1958-1975),1958,1975,national,MAR,600,Africa,draft,2026-04-12,cshapes-2.0,600,1958,assigned,,MAR-1911-1958,MAR-1975-1979,
MAR-1975-1979,Morocco (1975-1979),1975,1979,national,MAR,600,Africa,reviewed,2026-04-12,cshapes-2.0,600,1975,assigned,,MAR-1958-1975,MAR-1979-2025,
MAR-1979-2025,Morocco,1979,2025,national,MAR,600,Africa,draft,2026-04-12,cshapes-2.0,600,1979,assigned,,MAR-1975-1979,,
MASG-1946-1963,Malaya and Singapore,1946,1963,aggregate,MYS,,Asia,draft,2026-06-25,constructed,MASG-1946-1963,,assigned,132040,,,
MCO-1800-2025,Monaco,1800,2025,national,MCO,,Europe,reviewed,2026-04-12,gadm-4.1-adm0,MCO,1861,assigned,2.35,,,
MDA-1991-2025,Moldova,1991,2025,national,MDA,359,Europe,reviewed,2026-04-12,cshapes-2.0,359,1991,assigned,,F228-1945-1991,,
MDG-1882-2025,Madagascar,1882,2025,national,MDG,580,Africa,draft,2026-04-13,cshapes-2.0,580,1960,assigned,,,,
MDV-1800-2025,Maldives,1800,2025,national,MDV,781,Asia,draft,2026-04-13,gadm-4.1-adm0,MDV,1887,estimate,298,,,
MEX-1800-1848,Mexico (to 1848),1800,1848,national,MEX,,North America,draft,2026-04-12,cliopatria,Federated Republic of Mexico,1825,assigned,,,MEX-1848-2025,
MEX-1848-2025,Mexico,1848,2025,national,MEX,,North America,draft,2026-04-12,cshapes-2.0,70,1886,assigned,,MEX-1800-1848,,
MEX-AGS-1857-2025,Aguascalientes,1857,2025,subnational,MEX,,North America,draft,2026-09-07,gadm-4.1-adm1,MEX.1_1,,assigned,,,,
MEX-BCN-1952-2025,Baja California,1952,2025,subnational,MEX,,North America,draft,2026-09-07,gadm-4.1-adm1,MEX.3_1,,assigned,,,,
MEX-BCS-1931-2025,Baja California Sur,1931,2025,subnational,MEX,,North America,draft,2026-09-07,gadm-4.1-adm1,MEX.2_1,,assigned,,,,
MEX-CAM-1863-2025,Campeche,1863,2025,subnational,MEX,,North America,draft,2026-09-07,gadm-4.1-adm1,MEX.4_1,,assigned,,,,
MEX-CHIAPAS-1824-2025,Chiapas,1824,2025,subnational,MEX,,North America,draft,2026-09-07,gadm-4.1-adm1,MEX.5_1,,assigned,,,,
MEX-CHIHUAHUA-1824-2025,Chihuahua,1824,2025,subnational,MEX,,North America,draft,2026-09-07,gadm-4.1-adm1,MEX.6_1,,assigned,,,,
MEX-CMX-1824-2025,Ciudad de México (Distrito Federal),1824,2025,subnational,MEX,,North America,draft,2026-09-07,gadm-4.1-adm1,MEX.15_1,,assigned,,,,
MEX-COAH-1824-2025,Coahuila,1824,2025,subnational,MEX,,North America,draft,2026-09-07,gadm-4.1-adm1,MEX.7_1,,assigned,,,,
MEX-COL-1857-2025,Colima,1857,2025,subnational,MEX,,North America,draft,2026-09-07,gadm-4.1-adm1,MEX.8_1,,assigned,,,,
MEX-DGO-1824-2025,Durango (state),1824,2025,subnational,MEX,,North America,draft,2026-09-07,gadm-4.1-adm1,MEX.10_1,,assigned,,,,
MEX-GUANAJUATO-1824-2025,Guanajuato,1824,2025,subnational,MEX,,North America,draft,2026-09-07,gadm-4.1-adm1,MEX.11_1,,assigned,,,,
MEX-GUE-1849-2025,Guerrero,1849,2025,subnational,MEX,,North America,draft,2026-09-07,gadm-4.1-adm1,MEX.12_1,,assigned,,,,
MEX-HIDALGO-1869-2025,Hidalgo,1869,2025,subnational,MEX,,North America,draft,2026-09-07,gadm-4.1-adm1,MEX.13_1,,assigned,,,,
MEX-JALISCO-1824-2025,Jalisco,1824,2025,subnational,MEX,,North America,draft,2026-09-07,gadm-4.1-adm1,MEX.14_1,,assigned,,,,
MEX-MEX-1824-2025,Estado de México,1824,2025,subnational,MEX,,North America,draft,2026-09-07,gadm-4.1-adm1,MEX.15_1,,assigned,,,,
MEX-MICHOACAN-1824-2025,Michoacán,1824,2025,subnational,MEX,,North America,draft,2026-09-07,gadm-4.1-adm1,MEX.16_1,,assigned,,,,
MEX-MOR-1869-2025,Morelos,1869,2025,subnational,MEX,,North America,draft,2026-09-07,gadm-4.1-adm1,MEX.17_1,,assigned,,,,
MEX-NAYARIT-1917-2025,Nayarit,1917,2025,subnational,MEX,,North America,draft,2026-09-07,gadm-4.1-adm1,MEX.18_1,,assigned,,,,
MEX-NL-1824-2025,Nuevo León,1824,2025,subnational,MEX,,North America,draft,2026-09-07,gadm-4.1-adm1,MEX.19_1,,assigned,,,,
MEX-OAXACA-1824-2025,Oaxaca,1824,2025,subnational,MEX,,North America,draft,2026-09-07,gadm-4.1-adm1,MEX.20_1,,assigned,,,,
MEX-PUE-1824-2025,Puebla,1824,2025,subnational,MEX,,North America,draft,2026-09-07,gadm-4.1-adm1,MEX.21_1,,assigned,,,,
MEX-QROO-1902-2025,Quintana Roo,1902,2025,subnational,MEX,,North America,draft,2026-09-07,gadm-4.1-adm1,MEX.23_1,,assigned,,,,
MEX-QUERETARO-1824-2025,Querétaro,1824,2025,subnational,MEX,,North America,draft,2026-09-07,gadm-4.1-adm1,MEX.22_1,,assigned,,,,
MEX-SANLUISPOTOSI-1824-2025,San Luis Potosí (state of Mexico),1824,2025,subnational,MEX,,North America,draft,2026-09-07,gadm-4.1-adm1,MEX.24_1,,assigned,,,,
MEX-SIN-1830-2025,Sinaloa,1830,2025,subnational,MEX,,North America,draft,2026-09-07,gadm-4.1-adm1,MEX.25_1,,assigned,,,,
MEX-SON-1830-2025,Sonora,1830,2025,subnational,MEX,,North America,draft,2026-09-08,gadm-4.1-adm1,MEX.26_1,,assigned,,,,
MEX-TABASCO-1824-2025,Tabasco,1824,2025,subnational,MEX,,North America,draft,2026-09-07,gadm-4.1-adm1,MEX.27_1,,assigned,,,,
MEX-TAMAULIPAS-1824-2025,Tamaulipas,1824,2025,subnational,MEX,,North America,draft,2026-09-07,gadm-4.1-adm1,MEX.28_1,,assigned,,,,
MEX-TLAX-1857-2025,Tlaxcala,1857,2025,subnational,MEX,,North America,draft,2026-09-07,gadm-4.1-adm1,MEX.29_1,,assigned,,,,
MEX-VERACRUZ-1824-2025,Veracruz,1824,2025,subnational,MEX,,North America,draft,2026-09-07,gadm-4.1-adm1,MEX.30_1,,assigned,,,,
MEX-YUC-1824-2025,Yucatán,1824,2025,subnational,MEX,,North America,draft,2026-09-07,gadm-4.1-adm1,MEX.31_1,,assigned,,,,
MEX-ZAC-1824-2025,Zacatecas,1824,2025,subnational,MEX,,North America,draft,2026-09-07,gadm-4.1-adm1,MEX.32_1,,assigned,,,,
MHL-1874-2025,Marshall Islands,1874,2025,national,MHL,983,Oceania,draft,2026-04-13,gadm-4.1-adm0,MHL,,estimate,181,,,
MKD-1991-2025,North Macedonia,1991,2025,national,MKD,343,Europe,reviewed,2026-04-12,cshapes-2.0,343,1991,assigned,,F248-1920-1991; F248-1991-1992,,
MKY-1918-1962,Mutawakkilite Kingdom of Yemen (1918-1962),1918,1962,national,,679,Asia,draft,2026-06-26,cshapes-2.0,678,1930,assigned,136555,,YEM-1990-2025,
MLI-1890-1960,French Sudan (1890-1960),1890,1960,national,MLI,432,Africa,draft,2026-06-24,cshapes-2.0,432,1905,assigned,1736746,,MLI-1960-2025,
MLI-1960-2025,Mali,1960,2025,national,MLI,432,Africa,draft,2026-04-12,cshapes-2.0,432,1961,assigned,,,,
MLT-1800-2025,Malta,1800,2025,national,MLT,,Europe,reviewed,2026-04-12,cshapes-2.0,338,1886,assigned,,,,
MMR-1800-1826,Konbaung Burma (to 1826),1800,1826,national,MMR,,Asia,draft,2026-04-15,cliopatria,Burma,1822,assigned,,,MMR-1826-1852,
MMR-1826-1852,Burma (1826-1852),1826,1852,national,MMR,,Asia,draft,2026-04-13,cliopatria,Burma,1842,assigned,,,MMR-1852-1885,
MMR-1852-1885,Upper Burma (1852-1885),1852,1885,national,MMR,,Asia,draft,2026-04-13,cliopatria,Burma,1859,assigned,,MMR-1826-1852,MMR-1885-2025,
MMR-1885-2025,Myanmar,1885,2025,national,MMR,,Asia,draft,2026-04-12,cliopatria,Burma,1967,polygon_vintage_drift,,MMR-1852-1885,,
MMR-LWR-1852-1885,British Lower Burma (1852-1885),1852,1885,colonial,MMR,,Asia,draft,2026-06-30,constructed,MMR-LWR-1852-1885,,proxy,116000,MMR-1826-1852,MMR-1885-2025,
MNE-1878-1913,Montenegro (to 1913),1878,1913,national,MNE,341,Europe,draft,2026-04-12,cshapes-europe,341,1886,assigned,,,MNE-1913-1915,
MNE-1913-1915,Montenegro (1913-1915),1913,1915,national,MNE,341,Europe,retired,2026-04-12,cshapes-2.0,341,1886,assigned,,MNE-1878-1913,MNE-1913-1918,
MNE-1913-1918,Montenegro (1913-1918),1913,1918,national,MNE,341,Europe,draft,2026-04-15,cshapes-2.0,341,1915,assigned,,MNE-1878-1913,F248-1918-1919,
MNE-2006-2025,Montenegro,2006,2025,national,MNE,341,Europe,draft,2026-04-12,cshapes-2.0,341,2006,assigned,,SCG-1992-2006,,
MNG-1911-1921,Bogd Khanate of Mongolia,1911,1921,national,MNG,,Asia,draft,2026-04-13,cshapes-2.0,712,1921,assigned,,,MNG-1921-2025,
MNG-1921-2025,Mongolia,1921,2025,national,MNG,712,Asia,draft,2026-04-13,cshapes-2.0,712,1921,assigned,,MNG-1911-1921,,
MNP-1986-2025,Northern Mariana Islands,1986,2025,territory,MNP,,Oceania,draft,2026-08-13,gadm-4.1-adm0,MNP,,estimate,464,,,
MOR-1800-1904,Morocco (to 1904),1800,1904,national,MOR,,Africa,draft,2026-04-15,cliopatria,Morocco,1800,assigned,,,MOR-1904-1911,
MOR-1904-1911,Morocco (1904-1911),1904,1911,national,MOR,,Africa,draft,2026-08-17,cliopatria,Morocco,1905,assigned,,MOR-1800-1904,MAR-1911-1958,
MOR-1904-1956,Morocco (1904-1956) [superseded],1904,1956,national,MOR,,Africa,superseded,2026-06-24,cshapes-2.0,600,1902,assigned,,,MAR-1911-1958,
MOR-1956-1958,Morocco (1956-1958),1956,1958,national,MOR,,Africa,retired,2026-04-15,cshapes-2.0,600,1912,assigned,,,MAR-1911-1958,
MOS-1800-1897,Mossi Kingdoms,1800,1897,national,,,Africa,draft,2026-04-13,paine-2024,Mossi,,assigned,,,BFA-1960-2025; BFA-1947-1960,
MOZ-1800-1891,Mozambique (to 1891),1800,1891,national,MOZ,541,Africa,draft,2026-04-13,cshapes-2.0,541,1886,assigned,,,MOZ-1891-1975,
MOZ-1891-1975,Mozambique (1891-1975),1891,1975,national,MOZ,541,Africa,draft,2026-04-13,cshapes-2.0,541,1891,assigned,,MOZ-1800-1891,MOZ-1975-2025,
MOZ-1975-2025,Mozambique (1975-2025),1975,2025,national,MOZ,541,Africa,draft,2026-04-13,cshapes-2.0,541,1975,assigned,,MOZ-1891-1975,,
MRT-1920-1960,French Mauritania,1920,1960,national,MRT,435,Africa,draft,2026-06-24,cshapes-2.0,435,1920,assigned,826366,AOF-1895-1960,MRT-1960-1975,
MRT-1960-1975,Mauritania (1960-1975),1960,1975,national,MRT,435,Africa,draft,2026-04-13,cshapes-2.0,435,1960,assigned,,,MRT-1975-1979,
MRT-1975-1979,Mauritania (1975-1979),1975,1979,national,MRT,435,Africa,draft,2026-04-13,cshapes-2.0,435,1975,assigned,,MRT-1960-1975,MRT-1979-2025,
MRT-1979-2025,Mauritania,1979,2025,national,MRT,435,Africa,draft,2026-04-12,cshapes-2.0,435,1979,assigned,,MRT-1975-1979,,
MSR-1800-2025,Montserrat,1800,2025,national,MSR,,North America,draft,2026-06-24,gadm-4.1-adm0,MSR,,assigned,100.6,,,
MTQ-1816-2025,Martinique,1816,2025,national,MTQ,66,North America,draft,2026-06-24,cshapes-2.0,66,1886,assigned,1234,,,
MUS-1800-2025,Mauritius,1800,2025,national,MUS,590,Africa,draft,2026-04-13,cshapes-2.0,590,1886,assigned,,,,
MWI-1891-1953,Nyasaland (1891-1953),1891,1953,national,MWI,553,Africa,draft,2026-06-24,cshapes-2.0,553,1891,assigned,118483,,MWI-1953-1964,
MWI-1953-1964,Nyasaland within Federation of Rhodesia and Nyasaland,1953,1964,national,MWI,553,Africa,draft,2026-06-26,cshapes-2.0,553,1891,assigned,118483,MWI-1891-1953,MWI-1964-2025,
MWI-1964-2025,Malawi,1964,2025,national,MWI,553,Africa,draft,2026-04-12,cshapes-2.0,553,1964,assigned,,,,
MYS-1946-1957,Malayan Union / Federation of Malaya (1946-1957),1946,1957,national,MYS,,Asia,draft,2026-04-15,cshapes-2.0,820,1946,assigned,,,MYS-1957-1963,
MYS-1957-1963,Malaysia (1957-1963),1957,1963,national,MYS,820,Asia,draft,2026-04-13,cshapes-2.0,820,1957,assigned,,,MYS-1963-1965,
MYS-1963-1965,Malaysia (1963-1965),1963,1965,national,MYS,820,Asia,draft,2026-04-13,cshapes-2.0,820,1963,assigned,,MYS-1957-1963,MYS-1965-2025,
MYS-1965-2025,Malaysia,1965,2025,national,MYS,820,Asia,draft,2026-04-12,cshapes-2.0,820,1965,assigned,,MYS-1963-1965,,
MYT-1800-2025,Mayotte,1800,2025,territory,MYT,,Africa,draft,2026-08-13,gadm-4.1-adm0,MYT,,estimate,374,,,
NAM-1884-1886,Namibia,1884,1886,national,NAM,565,Africa,draft,2026-04-13,cshapes-2.0,565,1920,assigned,,,NAM-1886-1915,
NAM-1886-1915,Namibia (1886-1915),1886,1915,national,NAM,565,Africa,draft,2026-04-13,cshapes-2.0,565,1887,assigned,824760,NAM-1884-1886,NAM-1915-1920,
NAM-1915-1920,Namibia (1915-1920),1915,1920,national,NAM,565,Africa,draft,2026-04-13,cshapes-2.0,565,1915,assigned,,NAM-1886-1915,NAM-1920-1990,
NAM-1920-1990,Namibia (1920-1990),1920,1990,national,NAM,565,Africa,draft,2026-04-13,cshapes-2.0,565,1920,assigned,,NAM-1915-1920,NAM-1990-2025,
NAM-1990-2025,Namibia (1990-2025),1990,2025,national,NAM,565,Africa,draft,2026-04-13,cshapes-2.0,565,1990,assigned,,NAM-1920-1990,,
NAT-1843-1895,Natal (to 1895),1843,1895,national,NAT,,Africa,reviewed,2026-06-30,cshapes-2.0,562,1886,assigned,43663,ZUL-1816-1879,NAT-1895-1910,
NAT-1895-1910,Natal (1895-1910),1895,1910,national,NAT,,Africa,reviewed,2026-06-30,cshapes-2.0,562,1895,assigned,72516,NAT-1843-1895,ZAF-1910-2025,
NCL-1800-2025,New Caledonia,1800,2025,national,NCL,,Oceania,draft,2026-06-09,gadm-4.1-adm0,NCL,,proxy,,,,
NDB-1823-1894,Ndebele Kingdom,1823,1894,national,,,Africa,draft,2026-04-13,paine-2024,Ndebele,,assigned,,,ZWE-1890-1891,
NER-1911-1922,"Niger (Military Territory, 1911-1922)",1911,1922,national,NER,436,Africa,draft,2026-07-01,cshapes-2.0,436,1926,assigned,1182017,AOF-1895-1960,NER-1922-1947,
NER-1922-1947,Colonial Niger (1922-1947),1922,1947,national,NER,436,Africa,draft,2026-08-13,cshapes-2.0,436,1926,assigned,1182017,AOF-1895-1960,NER-1947-1960,
NER-1947-1960,Niger (1947-1960),1947,1960,national,NER,436,Africa,draft,2026-08-13,cshapes-2.0,436,1947,assigned,1182017,NER-1922-1947,NER-1960-2025,
NER-1960-2025,Niger,1960,2025,national,NER,436,Africa,draft,2026-04-13,cshapes-2.0,436,1960,assigned,,DMG-1800-1899,,
NFK-1914-2025,Norfolk Island (Australian Territory),1914,2025,territory,NFK,,Oceania,draft,2026-07-01,gadm-4.1-adm0,NFK,2023,proxy,36.6,,,
NFL-1800-1907,Colony of Newfoundland,1800,1907,colonial,NFL,,North America,draft,2026-08-17,cshapes-2.0,21,1886,proxy,,,NFL-1907-1949,
NFL-1907-1949,Dominion of Newfoundland,1907,1949,national,NFL,21,North America,draft,2026-06-25,cshapes-2.0,21,1920,assigned,398416,NFL-1800-1907,CAN-1949-2025,
NGA-1886-1914,Colonial Nigeria,1886,1914,national,NGA,,Africa,draft,2026-04-16,cshapes-2.0,475,1914,assigned,,,NGA-1914-1960,
NGA-1914-1960,Nigeria (1914-1960),1914,1960,national,NGA,475,Africa,reviewed,2026-04-13,cshapes-2.0,475,1914,assigned,,NNI-1904-1913; SNI-1906-1913; BRG-1800-1897,NGA-1960-1961,
NGA-1960-1961,Nigeria (1960-1961),1960,1961,national,NGA,475,Africa,draft,2026-04-12,cshapes-2.0,475,1960,assigned,,NGA-1914-1960,NGA-1961-2025,
NGA-1961-2025,Nigeria,1961,2025,national,NGA,475,Africa,reviewed,2026-04-12,cshapes-2.0,475,1961,assigned,,NGA-1960-1961,,
NIC-1800-2025,Nicaragua,1800,2025,national,NIC,93,North America,draft,2026-04-12,cshapes-2.0,93,1886,assigned,,,,
NIU-1800-2025,Niue,1800,2025,territory,NIU,,Oceania,draft,2026-07-02,gadm-4.1-adm0,NIU,,assigned,267,,,
NKR-1800-1901,Kingdom of Nkore (Ankole),1800,1901,national,,,Africa,draft,2026-04-13,paine-2024,Nkore,,assigned,,,UGA-1894-1902; UGA-1962-2025,
NLD-1800-1830,United Kingdom of the Netherlands,1800,1830,national,NLD,,Europe,draft,2026-04-12,cliopatria,Netherlands,1820,assigned,,,NLD-1830-2025; LUX-1839-2025,
NLD-1830-2025,Netherlands,1830,2025,national,NLD,,Europe,draft,2026-04-12,cliopatria,Netherlands,1950,assigned,,NLD-1800-1830,,
NNG-1949-1963,Netherlands New Guinea (1949-1963),1949,1963,colonial,IDN,,Oceania,draft,2026-07-24,cshapes-2.0,851,1955,assigned,410361,IDN-1945-1949,IDN-1963-1976,
NNI-1899-1904,Northern Nigeria (1899-1904),1899,1904,national,NNI,385,Africa,draft,2026-04-13,cshapes-2.0,4784,1899,assigned,,,NNI-1904-1913,
NNI-1904-1913,Northern Nigeria (1904-1913),1904,1913,national,NNI,385,Africa,draft,2026-04-13,cshapes-2.0,4784,1905,assigned,660625,NNI-1899-1904,NGA-1914-1960,
NOR-1800-2025,Norway,1800,2025,national,NOR,385,Europe,draft,2026-04-13,cshapes-2.0,385,1905,assigned,,,,
NPL-1800-1816,Greater Nepal,1800,1816,national,NPL,,Asia,draft,2026-04-13,cliopatria,Nepal,1800,assigned,,,NPL-1816-2025,
NPL-1816-2025,Nepal,1816,2025,national,NPL,,Asia,draft,2026-04-12,cliopatria,Nepal,1929,assigned,,NPL-1800-1816,,
NRH-1911-1953,Northern Rhodesia (1911-1953),1911,1953,colonial,ZMB,,,draft,,cshapes-2.0,551,1911,assigned,751924,NWR-1900-1905,FRN-1953-1964,
NRH-1953-1964,Northern Rhodesia within Federation of Rhodesia and Nyasaland (1953-1964),1953,1964,national,ZMB,551,Africa,draft,2026-07-02,cshapes-2.0,551,1953,assigned,751924,NRH-1911-1953,ZMB-1964-2025,
NRU-1888-2025,Nauru,1888,2025,national,NRU,970,Oceania,draft,2026-04-13,gadm-4.1-adm0,NRU,,assigned,21,,,
NSW-1800-1900,New South Wales (to 1900),1800,1900,national,NSW,,Oceania,draft,2026-04-15,cshapes-2.0,901,1886,assigned,,,AUS-1901-2025,
NUP-1800-1897,Nupe Kingdom (Bida Emirate),1800,1897,national,NGA,,Africa,draft,2026-04-15,none,,,unassigned,,,NNI-1899-1904,
NWR-1900-1905,Northwestern Rhodesia (1900-1905),1900,1905,national,NWR,,Africa,draft,2026-04-13,cshapes-2.0,5519,1900,assigned,,,NRH-1911-1953,
NZL-1840-2025,New Zealand,1840,2025,national,NZL,920,Oceania,draft,2026-08-13,cshapes-2.0,920,1907,assigned,,,,
OMN-1800-1856,Omani Empire,1800,1856,national,OMN,,Asia,draft,2026-04-13,cliopatria,Sultanate of Oman,1840,assigned,,,OMN-1856-2025,
OMN-1856-2025,Sultanate of Oman,1856,2025,national,OMN,,Asia,draft,2026-04-12,cliopatria,Sultanate of Oman,1973,assigned,,OMN-1800-1856,,
OTT-1800-1886,Ottoman Empire (to 1886),1800,1886,national,OTT,640,Asia,draft,2026-04-11,cliopatria,Ottoman Empire,1857,assigned,,,OTT-1886-1908,
OTT-1886-1908,Ottoman Empire (1886–1908),1886,1908,national,OTT,640,Asia,reviewed,2026-04-12,cshapes-2.0,640,1886,assigned,,OTT-1800-1886,OTT-1908-1912,
OTT-1908-1912,Ottoman Empire (1908–1912),1908,1912,national,OTT,640,Asia,draft,2026-04-11,cshapes-2.0,640,1886,assigned,,OTT-1886-1908,TUR-1913-1914; SAU-1924-2025; LBY-1912-1919,
OYO-1800-1836,Oyo Empire,1800,1836,national,,,Africa,draft,2026-04-15,paine-2024,Oyo,,assigned,,,IBD-1829-1893,
PAK-1937-1947,"Pakistan (territory within British India, 1937–1947)",1937,1947,national,PAK,770,Asia,draft,2026-06-30,cshapes-2.0,770,1947,assigned,881625,,PAK-1947-1949,
PAK-1947-1949,Pakistan (1947-1949),1947,1949,national,PAK,770,Asia,draft,2026-04-13,cshapes-2.0,770,1947,assigned,,,PAK-1949-1971,
PAK-1949-1971,Pakistan (1949-1971),1949,1971,national,PAK,770,Asia,draft,2026-04-12,cshapes-2.0,770,1949,assigned,,PAK-1947-1949,PAK-1971-2025; BGD-1971-2025,
PAK-1971-2025,Pakistan,1971,2025,national,PAK,770,Asia,draft,2026-04-12,cshapes-2.0,770,1971,assigned,,PAK-1949-1971,,
PAL-1920-1948,Palestine (1920-1948),1920,1948,national,PAL,,Asia,draft,2026-04-13,cshapes-2.0,665,1920,assigned,,,ISR-1948-1967,
PAN-1903-1979,"Panama (1903-1979, before Canal Zone return)",1903,1979,national,PAN,95,North America,draft,2026-04-15,cshapes-2.0,95,1903,assigned,75517,COL-1830-1903,PAN-1979-2025,
PAN-1979-2025,Panama (post-Canal Zone),1979,2025,national,PAN,95,North America,draft,2026-04-12,cshapes-2.0,95,1903,assigned,,COL-1830-1903,,
PAP-1800-1870,Papal States,1800,1870,national,PAP,327,Europe,draft,2026-04-12,cliopatria,Papal States,1814,assigned,,,ITA-1861-1919; VAT-1929-2025,
PAPNG-1920-1949,Papua and New Guinea (combined reporting unit),1920,1949,aggregate,PNG,,Oceania,draft,2026-08-05,constructed,PAPNG-1920-1949,1930,assigned,461684,TPAP-1906-1949; TNGU-1920-1949,PNG-1949-1975,
PCN-1800-2025,Pitcairn Islands,1800,2025,territory,PCN,,Oceania,draft,2026-08-13,gadm-4.1-adm0,PCN,,estimate,47,,,
PER-1825-1884,Peru (to 1884),1825,1884,national,PER,135,South America,draft,2026-07-01,cshapes-2.0,135,1886,assigned,,,PER-1884-1909,
PER-1825-1909,Peru (to 1909),1825,1909,national,PER,135,South America,superseded,2026-04-12,cshapes-2.0,135,1886,assigned,,,PER-1909-1922,
PER-1884-1909,Peru (1884-1909),1884,1909,national,PER,135,South America,draft,2026-07-01,cshapes-2.0,135,1886,assigned,,PER-1825-1884,PER-1909-1922,
PER-1909-1922,Peru (1909-1922),1909,1922,national,PER,135,South America,reviewed,2026-04-12,cshapes-2.0,135,1909,assigned,,PER-1884-1909,PER-1922-1942,
PER-1922-1942,Peru (1922-1942),1922,1942,national,PER,135,South America,draft,2026-04-12,cshapes-2.0,135,1922,assigned,,PER-1909-1922,PER-1942-2025,
PER-1942-2025,Peru,1942,2025,national,PER,135,South America,reviewed,2026-04-12,cshapes-2.0,135,1942,assigned,,PER-1922-1942,,
PHL-1800-2025,Philippines,1800,2025,national,PHL,840,Asia,draft,2026-04-13,cshapes-2.0,840,1898,assigned,,,,
PLW-1991-2025,Palau,1991,2025,national,PLW,986,Oceania,draft,2026-04-13,gadm-4.1-adm0,PLW,,assigned,,,,
PNG-1949-1975,Territory of Papua and New Guinea,1949,1975,national,PNG,,Oceania,draft,2026-04-16,cshapes-2.0,910,1949,assigned,,TPAP-1906-1949; TNGU-1920-1949,PNG-1975-2025,
PNG-1975-2025,Papua New Guinea,1975,2025,national,PNG,910,Oceania,draft,2026-04-12,cshapes-2.0,910,1975,assigned,,,,
PNV-1800-1882,Kingdom of Porto-Novo,1800,1882,national,,,Africa,draft,2026-04-13,paine-2024,Porto Novo,,assigned,,,BEN-1960-2025; BEN-1898-1960,
POL-1815-1918,Congress Poland (1815-1918),1815,1918,national,POL,290,Europe,draft,2026-04-16,cshapes-2.0,290,1918,assigned,,,POL-1918-1919,
POL-1918-1919,Poland (1918-1919),1918,1919,national,POL,290,Europe,draft,2026-04-12,cshapes-2.0,290,1918,assigned,,AUH-1908-1918; F228-1856-1905; DEU-1800-1866,POL-1919-1920,
POL-1919-1920,Poland (1919-1920),1919,1920,national,POL,290,Europe,draft,2026-04-12,constructed,POL-1919-1920,1919,polygon_vintage_drift,256575,POL-1918-1919,POL-1920-1921,1919-09-10
POL-1920-1921,Poland (1920-1921),1920,1921,national,POL,290,Europe,draft,2026-04-12,cshapes-2.0,290,1920,assigned,,POL-1919-1920,POL-1921-1945,
POL-1921-1945,Poland (1921-1945),1921,1945,national,POL,290,Europe,draft,2026-04-12,cshapes-2.0,290,1921,assigned,,POL-1920-1921,POL-1945-2025,
POL-1945-2025,Poland (1945-2025),1945,2025,national,POL,290,Europe,reviewed,2026-04-12,cshapes-2.0,290,1945,assigned,,POL-1921-1945,,
PRI-1800-2025,Puerto Rico,1800,2025,national,PRI,,North America,draft,2026-06-09,gadm-4.1-adm0,PRI,,proxy,,,,
PRK-1948-2025,North Korea,1948,2025,national,PRK,731,Asia,draft,2026-04-12,cshapes-2.0,731,1948,assigned,,,,
PRT-1800-2025,Portugal,1800,2025,national,PRT,235,Europe,draft,2026-04-13,cshapes-2.0,235,1886,assigned,,,,
PRT-ALE-1989-2025,Alentejo (NUTS II region of Portugal),1989,2025,subnational,PRT,,Europe,draft,2026-09-07,none,,,unassigned,,,,
PRT-AV-1835-2025,Aveiro (district of Portugal),1835,2025,subnational,PRT,,Europe,draft,2026-09-07,gadm-4.1-adm1,PRT.1_1,,assigned,,,,
PRT-BG-1835-2025,Bragança (district of Portugal),1835,2025,subnational,PRT,,Europe,draft,2026-09-07,gadm-4.1-adm1,PRT.5_1,,assigned,,,,
PRT-BJ-1986-2025,Beja (NUTS III region of Portugal),1986,2025,subnational,PRT,,Europe,draft,2026-09-07,gadm-4.1-adm1,PRT.3_1,,assigned,,,,
PRT-BRA-1986-2025,Braga (NUTS III region of Portugal),1986,2025,subnational,PRT,,Europe,draft,2026-09-07,gadm-4.1-adm1,PRT.4_1,,assigned,,,,
PRT-CB-1835-2025,Castelo Branco (district of Portugal),1835,2025,subnational,PRT,,Europe,draft,2026-09-07,gadm-4.1-adm1,PRT.6_1,,assigned,,,,
PRT-CENTRO-1986-2025,Centro (NUTS II region of Portugal),1986,2025,subnational,PRT,,Europe,draft,2026-09-07,none,,,unassigned,,,,
PRT-CO-1835-2025,Coimbra (district/NUTS III region of Portugal),1835,2025,subnational,PRT,,Europe,draft,2026-09-07,gadm-4.1-adm1,PRT.7_1,,assigned,,,,
PRT-EV-1989-2025,Évora (NUTS III region of Portugal),1989,2025,subnational,PRT,,Europe,draft,2026-09-07,gadm-4.1-adm1,PRT.8_1,,assigned,,,,
PRT-FA-1989-2025,"Faro (Algarve, NUTS region of Portugal)",1989,2025,subnational,PRT,,Europe,draft,2026-09-07,gadm-4.1-adm1,PRT.9_1,,assigned,,,,
PRT-GU-1835-2025,Guarda (district/NUTS region of Portugal),1835,2025,subnational,PRT,,Europe,draft,2026-09-07,gadm-4.1-adm1,PRT.10_1,,assigned,,,,
PRT-LE-1835-2025,Leiria (district / NUTS region of Portugal),1835,2025,subnational,PRT,,Europe,draft,2026-09-07,gadm-4.1-adm1,PRT.11_1,,assigned,,,,
PRT-LI-1835-2025,Lisboa (district/NUTS region of Portugal),1835,2025,subnational,PRT,,Europe,draft,2026-09-07,gadm-4.1-adm1,PRT.12_1,,assigned,,,,
PRT-LIS-1835-2025,Área Metropolitana de Lisboa (Lisbon district/NUTS region of Portugal),1835,2025,subnational,PRT,,Europe,draft,2026-09-07,gadm-4.1-adm1,PRT.12_1,,assigned,,,,
PRT-PG-1986-2025,Portalegre (NUTS region of Portugal),1986,2025,subnational,PRT,,Europe,draft,2026-09-07,gadm-4.1-adm1,PRT.14_1,,assigned,,,,
PRT-PO-1835-2025,Porto (district of Portugal),1835,2025,subnational,PRT,,Europe,draft,2026-09-07,gadm-4.1-adm1,PRT.15_1,,assigned,,,,
PRT-PT11-1986-2025,Norte (NUTS II region of Portugal),1986,2025,subnational,PRT,,Europe,draft,2026-09-07,gadm-4.1-adm1,,,unassigned,,,,
PRT-PT15-1986-2025,Algarve (NUTS II region of Portugal),1986,2025,subnational,PRT,,Europe,draft,2026-09-07,gadm-4.1-adm1,PRT.9_1,,assigned,,,,
PRT-SA-1989-2025,Santarém (NUTS region of Portugal),1989,2025,subnational,PRT,,Europe,draft,2026-09-07,gadm-4.1-adm1,PRT.16_1,,assigned,,,,
PRT-SE-1989-2025,Setúbal (NUTS III region of Portugal),1989,2025,subnational,PRT,,Europe,draft,2026-09-07,gadm-4.1-adm1,PRT.17_1,,assigned,,,,
PRT-VC-1835-2025,Viana do Castelo (district / NUTS III region of Portugal),1835,2025,subnational,PRT,,Europe,draft,2026-09-07,gadm-4.1-adm1,PRT.18_1,,assigned,,,,
PRT-VI-1835-2025,Viseu (district/NUTS region of Portugal),1835,2025,subnational,PRT,,Europe,draft,2026-09-07,gadm-4.1-adm1,PRT.20_1,,assigned,,,,
PRT-VR-1989-2025,Vila Real (district/NUTS III region of Portugal),1989,2025,subnational,PRT,,Europe,draft,2026-09-07,gadm-4.1-adm1,PRT.19_1,,assigned,,,,
PRY-1811-1870,Paraguay (pre-Triple Alliance),1811,1870,national,PRY,150,South America,draft,2026-06-25,none,,,unassigned,392000,,PRY-1870-1932,
PRY-1811-1938,Paraguay (to 1938),1811,1938,national,PRY,150,South America,superseded,2026-06-25,cshapes-2.0,150,1886,assigned,,,PRY-1870-1932,
PRY-1870-1932,Paraguay (post-Triple Alliance),1870,1932,national,PRY,150,South America,draft,2026-06-25,cshapes-2.0,150,1886,estimate,157000,PRY-1811-1870,PRY-1932-1938,
PRY-1932-1938,Paraguay (Chaco War period),1932,1938,national,PRY,150,South America,draft,2026-06-25,cshapes-2.0,150,1886,assigned,293510,PRY-1870-1932,PRY-1938-2025,
PRY-1938-2025,Paraguay,1938,2025,national,PRY,150,South America,draft,2026-04-12,cshapes-2.0,150,1938,assigned,,PRY-1932-1938,,
PSE-1948-2025,Palestine (West Bank and Gaza),1948,2025,disputed,PSE,,Asia,draft,2026-07-02,gadm-4.1-adm0,PSE,,assigned,6225,,,
PTIND-1816-1961,Portuguese India (Estado da India Portuguesa),1816,1961,colonial,,235,Asia,draft,,constructed,PTIND-1816-1961,,estimate,3812,,IND-1949-2025,
PYF-1800-2025,French Polynesia,1800,2025,national,PYF,,Oceania,draft,2026-06-09,gadm-4.1-adm0,PYF,,proxy,,,,
QAT-1800-2025,Qatar,1800,2025,national,QAT,694,Asia,draft,2026-04-12,cshapes-2.0,694,1916,assigned,,,,
QUE-1859-1900,Queensland (to 1900),1859,1900,national,QUE,,Oceania,draft,2026-04-15,cshapes-2.0,905,1886,assigned,,NSW-1800-1900,AUS-1901-2025,
RAFR-1850-2021,Africa Other,1850,2021,aggregate,RAFR,,Africa,retired,2026-06-11,reporting-areas,RAFR-1850-2021,,unassigned,,,,
RAFR-1850-2025,Africa Other,1850,2025,aggregate,RAFR,,Africa,draft,2026-08-05,reporting-areas,RAFR-1850-2025,,assigned,,,,
RASI-1850-2021,Asia Other,1850,2021,aggregate,RASI,,Asia,retired,2026-06-11,reporting-areas,RASI-1850-2021,,unassigned,,,,
RASI-1850-2025,Asia Other,1850,2025,aggregate,RASI,,Asia,draft,2026-08-05,reporting-areas,RASI-1850-2025,,assigned,,,,
REU-1816-1946,Réunion (French Colony),1816,1946,colonial,REU,585,Africa,draft,2026-06-24,cshapes-2.0,585,1886,assigned,2642,,REU-1946-2025,
REU-1946-2025,Réunion (French Overseas Department),1946,2025,national,REU,585,Africa,draft,2026-06-26,cshapes-2.0,585,1886,assigned,2642,REU-1816-1946,,
REUR-1850-2021,Europe Other,1850,2021,aggregate,REUR,,Europe,retired,2026-06-11,reporting-areas,REUR-1850-2021,,unassigned,,,,
REUR-1850-2025,Europe Other,1850,2025,aggregate,REUR,,Europe,draft,2026-08-05,reporting-areas,REUR-1850-2025,,assigned,,,,
RLAM-1850-2013,Latin America Other,1850,2013,aggregate,RLAM,,South America,retired,2026-06-11,reporting-areas,RLAM-1850-2013,,unassigned,,,,
RLAM-1850-2025,Latin America Other,1850,2025,aggregate,RLAM,,South America,draft,2026-08-05,reporting-areas,RLAM-1850-2025,,assigned,,,,
RNAM-1850-2021,North America Other,1850,2021,aggregate,RNAM,,North America,retired,2026-06-11,reporting-areas,RNAM-1850-2021,,unassigned,,,,
RNAM-1850-2025,North America Other,1850,2025,aggregate,RNAM,,North America,draft,2026-08-05,reporting-areas,RNAM-1850-2025,,assigned,,,,
ROCE-1850-2021,Oceania Other,1850,2021,aggregate,ROCE,,Oceania,retired,2026-06-11,reporting-areas,ROCE-1850-2021,,unassigned,,,,
ROCE-1850-2025,Oceania Other,1850,2025,aggregate,ROCE,,Oceania,draft,2026-08-05,reporting-areas,ROCE-1850-2025,,assigned,,,,
ROU-1859-1913,Romania (to 1913),1859,1913,national,ROU,360,Europe,draft,2026-04-12,cshapes-europe,360,1886,assigned,,,ROU-1913-1918,
ROU-1913-1918,Romania (1913-1918),1913,1918,national,ROU,360,Europe,draft,2026-04-12,cshapes-2.0,360,1913,assigned,,ROU-1859-1913,ROU-1918-1919,
ROU-1918-1919,Romania (1918-1919),1918,1919,national,ROU,360,Europe,draft,2026-04-12,cshapes-2.0,360,1921,assigned,295000,ROU-1913-1918,ROU-1919-1920,
ROU-1919-1920,Romania (1919-1920),1919,1920,national,ROU,360,Europe,draft,2026-04-12,cshapes-2.0,360,1919,assigned,,ROU-1918-1919,ROU-1920-1940,1919-09-10
ROU-1920-1940,Romania (1920-1940),1920,1940,national,ROU,360,Europe,draft,2026-04-12,cshapes-2.0,360,1921,assigned,296000,ROU-1919-1920,ROU-1940-1947,
ROU-1940-1947,Romania (1940-1947),1940,1947,national,ROU,360,Europe,reviewed,2026-07-01,constructed,ROU-1940-1947,1940,proxy,194000,ROU-1920-1940,ROU-1947-2025,
ROU-1940-2025,Romania (1940-2025),1940,2025,national,ROU,360,Europe,superseded,2026-04-12,cshapes-2.0,360,1940,assigned,,ROU-1920-1940,,
ROU-1947-2025,Romania (1947-2025),1947,2025,national,ROU,360,Europe,reviewed,2026-07-01,cshapes-2.0,360,1946,assigned,238000,ROU-1940-1947,,
ROW-1850-2023,Rest of World,1850,2023,aggregate,ROW,,World,retired,2026-06-11,reporting-areas,ROW-1850-2023,,unassigned,,,,
ROW-1850-2025,Rest of World,1850,2025,aggregate,ROW,,World,draft,2026-08-05,reporting-areas,ROW-1850-2025,,assigned,,,,
RSFSR-1917-1991,Russian SFSR (1917-1991),1917,1991,national,RUS,365,Europe,retired,2026-06-24,cshapes-2.0,365,1991,unassigned,17098242,F228-1914-1917,RUS-1991-2014,
RUS-1991-2014,Russia (1991-2014),1991,2014,national,RUS,365,Europe,draft,2026-04-12,cshapes-2.0,365,1992,assigned,,F228-1945-1991,RUS-2014-2025,
RUS-2014-2025,Russia,2014,2025,national,RUS,365,Europe,draft,2026-04-12,cshapes-2.0,365,2014,assigned,,RUS-1991-2014,,
RVN-1954-1975,Republic of Vietnam (South Vietnam),1954,1975,national,,817,Asia,draft,2026-06-24,cshapes-2.0,817,1960,assigned,,FID-1887-1954,VNM-1975-2025,
RWA-1922-1962,Rwanda (within Ruanda-Urundi),1922,1962,subnational,RWA,,Africa,draft,2026-07-02,cshapes-2.0,517,1962,assigned,25250,,RWA-1962-2025,
RWA-1962-2025,Rwanda,1962,2025,national,RWA,517,Africa,draft,2026-04-12,cshapes-2.0,517,1962,assigned,,RWK-1800-1890; RWB-1922-1962,,
RWB-1919-1922,Rwanda and Burundi,1919,1922,national,RWB,,Africa,draft,2026-04-13,none,,,unassigned,,TAN-1891-1920,RWB-1922-1962,
RWB-1922-1962,Ruanda-Urundi (1922-1962),1922,1962,national,RWB,515,Africa,draft,2026-04-13,cshapes-2.0,515,1922,assigned,,RWB-1919-1922,RWA-1962-2025; BDI-1962-2025,
RWK-1800-1890,Kingdom of Rwanda,1800,1890,national,,,Africa,draft,2026-04-13,paine-2024,Rwanda,,assigned,,,TAN-1891-1920,
RYU-1937-1945,Ryukyu Islands / Okinawa Prefecture (Japanese),1937,1945,subnational,JPN,,Asia,draft,2026-06-24,gadm-4.1-adm1,JPN.32_1,,assigned,2271,JPN-1895-1945,RYU-1945-1972,
RYU-1945-1972,Ryukyu Islands (US Administration),1945,1972,national,,,Asia,draft,2026-06-24,gadm-4.1-adm1,JPN.32_1,,proxy,2271,RYU-1937-1945,JPN-1952-2025,
SAA-1947-1957,Saar Protectorate,1947,1957,national,SAA,,Europe,draft,2026-08-13,gadm-4.1-adm1,DEU.12_1,,assigned,2571,SAC-1935-1947,F78-1949-1990,
SAB-1920-1935,Saar Basin Territory (League of Nations),1920,1935,colonial,SAB,,Europe,draft,2026-06-25,none,,,unassigned,,DEU-1919-1920,SAC-1935-1947,
SAC-1935-1947,"Saar (German incorporation, 1935-1947)",1935,1947,national,SAC,,Europe,draft,2026-06-26,none,,,unassigned,1912,SAB-1920-1935,SAA-1947-1957,
SAR-1800-1860,Sardinia,1800,1860,national,SAR,325,Europe,draft,2026-04-12,cliopatria,Kingdom of Sardinia,1815,assigned,,,ITA-1861-1919,
SAU-1924-2025,Saudi Arabia,1924,2025,national,SAU,670,Asia,draft,2026-04-12,cshapes-2.0,670,1935,assigned,,OTT-1908-1912,,
SBZ-1938-1949,Eastern Germany / Soviet Occupation Zone,1938,1949,national,,265,Europe,draft,2026-06-26,cshapes-2.0,265,1949,assigned,109272,DEU-1938-1945,F77-1949-1990,
SCG-1992-2006,Serbia and Montenegro,1992,2006,national,SCG,,Europe,draft,2026-04-12,cshapes-2.0,345,1992,assigned,,F248-1991-1992,SRB-2006-2008; MNE-2006-2025,
SDN-2011-2025,Sudan,2011,2025,national,SDN,625,Africa,draft,2026-04-12,cshapes-2.0,625,2011,assigned,,SUD-1956-2011,,
SEN-1854-1886,Senegal (colony),1854,1886,national,SEN,,Africa,draft,2026-04-16,cshapes-2.0,433,1886,assigned,,,SEN-1886-1960,
SEN-1886-1960,Senegal (1886-1960),1886,1960,national,SEN,433,Africa,draft,2026-04-13,cshapes-2.0,433,1886,assigned,,CAY-1800-1886; BND-1800-1887; FTT-1800-1862; WLO-1800-1855; SNE-1800-1887; JOL-1800-1890; SLM-1800-1887,SEN-1960-2025,
SEN-1960-2025,Senegal,1960,2025,national,SEN,433,Africa,draft,2026-04-12,cshapes-2.0,433,1960,assigned,,CAY-1800-1886; SEN-1886-1960,,
SER-1816-1878,Principality of Serbia (1816-1878),1816,1878,national,SER,,Europe,draft,2026-07-01,cliopatria,Serbia,1830,unassigned,38000,OTT-1800-1886,SER-1878-1913,
SER-1816-1913,Serbia (1816-1913),1816,1913,national,SER,,Europe,retired,2026-04-12,cshapes-2.0,340,1886,assigned,,OTT-1800-1886,SER-1913-1918,
SER-1878-1913,Kingdom of Serbia (1878-1913),1878,1913,national,SER,345,Europe,draft,2026-07-01,cshapes-2.0,340,1886,assigned,48000,SER-1816-1878,SER-1913-1918,
SER-1913-1918,Serbia (1913-1918),1913,1918,national,SER,,Europe,draft,2026-04-12,cshapes-europe,340,1915,assigned,90599,SER-1878-1913,F248-1918-1919,
SER-1918-1945,Serbia within Yugoslavia (1918-1945),1918,1945,subnational,SER,,Europe,draft,2026-07-01,cshapes-europe,340,1915,proxy,90599,SER-1913-1918,SRB-2006-2008,
SER-2006-2008,Serbia (2006-2008),2006,2008,national,SER,,Europe,retired,2026-04-12,cshapes-2.0,345,1992,assigned,,SCG-1992-2006,SRB-2006-2008,
SGP-1946-1963,Singapore (Crown Colony),1946,1963,colonial,SGP,830,Asia,draft,2026-06-25,cshapes-2.0,830,1953,assigned,544.72,GBM-1895-1946,MYS-1963-1965; SGP-1965-2025,
SGP-1963-1965,Singapore (State of Singapore in Malaysia),1963,1965,subnational,SGP,,Asia,draft,2026-07-02,cshapes-2.0,830,1962,assigned,547,SGP-1946-1963,SGP-1965-2025,
SGP-1965-2025,Singapore,1965,2025,national,SGP,830,Asia,draft,2026-04-12,cshapes-2.0,830,1965,assigned,,,,
SGS-1800-2025,South Georgia and the South Sandwich Islands,1800,2025,territory,SGS,,South America,draft,2026-08-10,gadm-4.1-adm0,SGS,,estimate,3903,,,
SHN-1834-1967,Saint Helena (Crown Colony),1834,1967,colonial,SHN,,Africa,draft,2026-06-26,gadm-4.1-adm1,SHN.2_1,2024,assigned,123,,,
SLB-1800-2025,Solomon Islands,1800,2025,national,SLB,940,Oceania,draft,2026-06-09,gadm-4.1-adm0,SLB,,proxy,,,,
SLE-1800-1886,Sierra Leone,1800,1886,national,SLE,451,Africa,draft,2026-04-13,cshapes-2.0,451,1895,assigned,,,SLE-1886-1889,
SLE-1886-1889,Sierra Leone (1886-1889),1886,1889,national,SLE,451,Africa,draft,2026-04-13,cshapes-2.0,451,1886,assigned,,SLE-1800-1886,SLE-1889-1961,
SLE-1889-1961,Sierra Leone (1889-1961),1889,1961,national,SLE,451,Africa,draft,2026-04-13,cshapes-2.0,451,1895,assigned,,SLE-1886-1889,SLE-1961-2025,
SLE-1961-2025,Sierra Leone (1961-2025),1961,2025,national,SLE,451,Africa,draft,2026-04-13,cshapes-2.0,451,1961,assigned,,SLE-1889-1961,,
SLM-1800-1887,Kingdom of Saloum,1800,1887,national,,,Africa,draft,2026-04-13,paine-2024,Salum,,assigned,,,SEN-1960-2025,
SLV-1821-2025,El Salvador,1821,2025,national,SLV,92,North America,draft,2026-04-12,cshapes-2.0,92,1886,assigned,21041,,,
SMO-1912-1956,Spanish Morocco (1912-1956),1912,1956,national,SMO,,Africa,draft,2026-04-15,cshapes-2.0,602,1912,assigned,,SWA-1884-1912,,
SMR-1800-2025,San Marino,1800,2025,national,SMR,,Europe,draft,2026-04-13,gadm-4.1-adm0,SMR,,proxy,61,,,
SNE-1800-1887,Kingdom of Sine,1800,1887,national,,,Africa,draft,2026-04-13,paine-2024,Sine,,assigned,,,SEN-1960-2025,
SNI-1899-1906,Southern Nigeria (1899-1906),1899,1906,national,SNI,,Africa,draft,2026-04-13,cshapes-2.0,4783,1899,assigned,130337,,SNI-1906-1913,
SNI-1906-1913,Southern Nigeria (1906-1913),1906,1913,national,SNI,,Africa,draft,2026-04-13,cshapes-2.0,4783,1906,assigned,202103,SNI-1899-1906,NGA-1914-1960,
SNW-1814-1905,"Sweden-Norway (Union, 1814-1905)",1814,1905,national,SNW,380,Europe,draft,2026-04-12,cshapes-europe,380,1816,assigned,,SWE-1809-1814,SWE-1905-2025; NOR-1800-2025,
SOK-1804-1903,Sokoto Caliphate,1804,1903,national,,,Africa,draft,2026-04-15,paine-2024,Sokoto,,assigned,,GOB-1800-1808,NNI-1899-1904,
SOM-1960-2025,Somalia,1960,2025,national,SOM,520,Africa,draft,2026-04-13,cshapes-2.0,520,1960,assigned,,BSS-1884-1960; ITS-1908-1960,,
SPM-1816-2025,Saint Pierre and Miquelon,1816,2025,colonial,SPM,,North America,draft,2026-07-02,gadm-4.1-adm0,SPM,2024,proxy,242,,,
SRB-2006-2008,Serbia (including Kosovo),2006,2008,national,SRB,345,Europe,draft,2026-07-02,cshapes-2.0,340,2007,assigned,87745,SCG-1992-2006,SRB-2008-2025; KOS-2008-2025,
SRB-2008-2025,Serbia,2008,2025,national,SRB,345,Europe,reviewed,2026-04-12,cshapes-2.0,340,2008,assigned,77251,SRB-2006-2008,,
SRH-1953-1964,"Southern Rhodesia (within Federation, 1953-1964)",1953,1964,national,ZWE,552,Africa,draft,2026-06-24,cshapes-2.0,552,1953,assigned,390610,ZWE-1900-1953,ZWE-1964-1980,
SSD-2011-2025,South Sudan,2011,2025,national,SSD,626,Africa,draft,2026-04-12,cshapes-2.0,626,2011,assigned,,SUD-1956-2011,,
STP-1800-2025,Sao Tome and Principe,1800,2025,national,STP,403,Africa,draft,2026-04-13,gadm-4.1-adm0,STP,,proxy,1002,,,
SUD-1899-1934,"Sudan (Anglo-Egyptian Condominium, to 1934)",1899,1934,national,SUD,,Africa,draft,2026-04-17,cshapes-2.0,625,1914,assigned,2579525,,SUD-1934-1956,
SUD-1934-1956,Sudan (1934-1956),1934,1956,national,SUD,,Africa,draft,2026-04-16,cshapes-2.0,625,1934,assigned,,SUD-1899-1934,SUD-1956-2011,
SUD-1956-2011,Sudan (1956-2011),1956,2011,national,SDN,,Africa,draft,2026-04-12,cshapes-2.0,625,1956,assigned,,SUD-1934-1956,SDN-2011-2025; SSD-2011-2025,
SUR-1800-1886,Dutch Guiana (to 1886),1800,1886,colonial,SUR,,South America,draft,2026-08-17,cshapes-2.0,115,1886,proxy,,,SUR-1886-1954,
SUR-1886-1954,Dutch Guiana,1886,1954,national,SUR,115,South America,draft,2026-07-01,cshapes-2.0,115,1886,assigned,144985,SUR-1800-1886,SUR-1954-1975,
SUR-1954-1975,Surinam (Autonomous),1954,1975,national,SUR,115,South America,draft,2026-07-01,cshapes-2.0,115,1954,assigned,144985,SUR-1886-1954,SUR-1975-2025,
SUR-1975-2025,Suriname,1975,2025,national,SUR,115,South America,draft,2026-07-01,cshapes-2.0,115,1975,assigned,144985,SUR-1954-1975,,
SVK-1993-2025,Slovakia,1993,2025,national,SVK,317,Europe,reviewed,2026-04-12,cshapes-2.0,317,1993,assigned,,F51-1947-1993,,
SVN-1992-2025,Slovenia,1992,2025,national,SVN,349,Europe,reviewed,2026-04-12,cshapes-2.0,349,1992,assigned,,F248-1991-1992,,
SWA-1884-1912,Spanish West Africa (to 1912),1884,1912,national,SWA,,Africa,draft,2026-04-13,cshapes-2.0,610,1886,assigned,,,SWA-1912-1958,
SWA-1912-1958,Spanish West Africa (1912-1958),1912,1958,national,SWA,,Africa,draft,2026-04-13,cshapes-2.0,610,1912,assigned,268968,SWA-1884-1912,ESH-1958-1975,
SWE-1800-1809,Sweden (with Finland to 1809),1800,1809,national,SWE,380,Europe,reviewed,2026-04-13,gadm-4.1-adm0,SWE,,proxy,,,SWE-1809-1814,
SWE-1809-1814,Sweden (1809-1814),1809,1814,national,SWE,380,Europe,draft,2026-04-12,gadm-4.1-adm0,SWE,,proxy,,SWE-1800-1809,SWE-1814-1905,
SWE-1814-1905,Sweden (1814-1905),1814,1905,national,SWE,380,Europe,draft,2026-04-16,gadm-4.1-adm0,SWE,,proxy,,SWE-1809-1814,SWE-1905-2025,
SWE-1905-2025,Sweden,1905,2025,national,SWE,380,Europe,draft,2026-04-13,cshapes-2.0,380,1905,assigned,,SWE-1814-1905; NOR-1800-2025,,
SWK-1800-1894,Swazi Kingdom,1800,1894,national,,,Africa,draft,2026-04-15,paine-2024,Swazi,,assigned,,,SWZ-1894-2025,
SWZ-1894-2025,Eswatini,1894,2025,national,SWZ,572,Africa,draft,2026-04-13,cshapes-2.0,572,1902,assigned,,,,
SXM-2010-2025,Sint Maarten,2010,2025,territory,SXM,,North America,draft,2026-08-24,gadm-4.1-adm0,SXM,,estimate,38,ANT-1961-2010,,
SYC-1903-2025,Seychelles,1903,2025,national,SYC,591,Africa,draft,2026-04-13,gadm-4.1-adm0,SYC,,assigned,455,MUS-1800-2025,,
SYL-1944-1953,Syria and Lebanon (combined statistical unit),1944,1953,aggregate,,,Asia,draft,2026-07-01,constructed,SYL-1944-1953,1949,assigned,195632,,SYR-1946-1967; LBN-1944-2025,
SYR-1920-1922,Syria (French Mandate),1920,1922,national,SYR,,Asia,draft,2026-04-16,cshapes-2.0,652,1921,assigned,,SYR-1918-1920,SYR-1922-1946,
SYR-1922-1946,Syria (1922-1946),1922,1946,national,SYR,652,Asia,draft,2026-04-13,cshapes-2.0,652,1922,assigned,,,SYR-1946-1967,
SYR-1946-1967,Syrian Arab Republic (1946-1967),1946,1967,national,SYR,652,Asia,draft,2026-04-13,cshapes-2.0,652,1946,assigned,,SYR-1922-1946,SYR-1967-2025,
SYR-1967-2025,Syrian Arab Republic,1967,2025,national,SYR,652,Asia,draft,2026-04-12,cshapes-2.0,652,1967,assigned,,SYR-1946-1967,,
TAN-1891-1920,Tanzania (1891-1920),1891,1920,national,TAN,,Africa,draft,2026-04-13,cshapes-2.0,510,1900,assigned,,RWK-1800-1890,TAN-1920-1922,
TAN-1920-1922,Tanzania (1920-1922),1920,1922,national,TAN,,Africa,draft,2026-04-13,cshapes-2.0,510,1921,assigned,,TAN-1891-1920,TAN-1922-1964,
TAN-1922-1964,Tanzania (1922-1964),1922,1961,national,TAN,,Africa,draft,2026-04-13,cshapes-2.0,510,1946,assigned,945087,TAN-1920-1922,TZA-1961-1964,
TAS-1825-1900,Van Diemen's Land (Tasmania) (to 1900),1825,1900,national,TAS,,Oceania,draft,2026-04-15,cshapes-2.0,906,1886,assigned,,NSW-1800-1900,AUS-1901-2025,
TCA-1800-2025,Turks and Caicos Islands,1800,2025,territory,TCA,,North America,draft,2026-08-13,gadm-4.1-adm0,TCA,,estimate,948,,,
TCD-1900-1912,Chad (1900-1912),1900,1912,national,TCD,,Africa,draft,2026-04-13,cshapes-2.0,483,1900,assigned,,WAD-1800-1912,TCD-1912-1919,
TCD-1912-1919,Chad (1912-1919),1912,1919,national,TCD,,Africa,draft,2026-04-13,cshapes-2.0,483,1912,assigned,1220972,TCD-1900-1912,TCD-1919-1960,
TCD-1919-1960,Chad (1919-1960),1919,1960,national,TCD,483,Africa,draft,2026-04-13,cshapes-2.0,483,1919,assigned,,TCD-1912-1919; WAD-1800-1912,TCD-1960-2025,
TCD-1960-2025,Chad,1960,2025,national,TCD,483,Africa,draft,2026-04-12,cshapes-2.0,483,1960,assigned,,WAD-1800-1912; TCD-1919-1960,,
TGO-1960-2025,Togo,1960,2025,national,TGO,461,Africa,draft,2026-04-13,cshapes-2.0,461,1960,assigned,,,,
THA-1800-1893,Thailand (to 1893),1800,1893,national,THA,800,Asia,draft,2026-04-12,cshapes-2.0,800,1886,assigned,,,THA-1893-1904,
THA-1893-1904,Thailand (1893-1904),1893,1904,national,THA,800,Asia,draft,2026-04-12,cshapes-2.0,800,1893,assigned,,THA-1800-1893,THA-1904-1907,
THA-1904-1907,Thailand (1904-1907),1904,1907,national,THA,800,Asia,draft,2026-04-12,cshapes-2.0,800,1904,assigned,,THA-1893-1904,THA-1907-1909,
THA-1907-1909,Thailand (1907-1909),1907,1909,national,THA,800,Asia,draft,2026-04-12,cshapes-2.0,800,1907,assigned,,THA-1904-1907,THA-1909-2025,
THA-1909-2025,Thailand,1909,2025,national,THA,800,Asia,reviewed,2026-04-12,cshapes-2.0,800,1909,assigned,,THA-1907-1909,,
TJK-1991-2025,Tajikistan,1991,2025,national,TJK,702,Asia,reviewed,2026-04-12,cshapes-2.0,702,1991,assigned,,F228-1945-1991,,
TKL-1800-2025,Tokelau,1800,2025,territory,TKL,,Oceania,draft,2026-08-06,gadm-4.1-adm0,TKL,,estimate,12,,,
TKM-1991-2025,Turkmenistan,1991,2025,national,TKM,701,Asia,reviewed,2026-04-12,cshapes-2.0,701,1991,assigned,,F228-1945-1991,,
TLS-1800-2025,Timor-Leste,1800,2025,national,TLS,860,Asia,draft,2026-04-12,cshapes-2.0,860,1886,assigned,,,,
TNGU-1920-1949,Territory of New Guinea,1920,1949,colonial,PNG,912,Oceania,draft,2026-06-26,cshapes-2.0,912,1930,assigned,237536,GNGU-1884-1914,PNG-1949-1975,
TON-1800-2025,Tonga,1800,2025,national,TON,955,Oceania,draft,2026-04-13,gadm-4.1-adm0,TON,,assigned,,,,
TPAP-1906-1949,Territory of Papua,1906,1949,colonial,PNG,911,Oceania,draft,2026-07-01,cshapes-2.0,911,1910,assigned,224148,,PNG-1949-1975,
TRP-1943-1951,British Military Administration of Tripolitania,1943,1951,national,LBY,620,Africa,draft,2026-06-26,constructed,TRP-1943-1951,,proxy,314598,LBY-1934-1943,LBY-1951-2025,
TRS-1947-1954,Free Territory of Trieste,1947,1954,national,,,Europe,draft,2026-06-26,constructed,,1947,unassigned,737,ITA-1919-2025,ITA-1919-2025,
TTO-1800-2025,Trinidad and Tobago,1800,2025,national,TTO,52,North America,draft,2026-04-13,cshapes-2.0,52,1886,assigned,,,,
TTPI-1947-1994,Trust Territory of the Pacific Islands,1947,1994,colonial,PCI,,Oceania,draft,2026-06-26,constructed,TTPI-1947-1994,,proxy,1791,CAR-1920-1945; MHL-1874-2025,FSM-1991-2025; MHL-1874-2025; PLW-1991-2025,
TUN-1800-1881,Beylik of Tunis,1800,1881,national,TUN,616,Africa,draft,2026-04-13,cshapes-2.0,616,1886,proxy,,,TUN-1881-2025,
TUN-1881-2025,Tunisia,1881,2025,national,TUN,616,Africa,draft,2026-04-13,cshapes-2.0,616,1886,assigned,,TUN-1800-1881,,
TUR-1800-1913,"Turkey (Anatolia, to 1913)",1800,1913,national,TUR,640,Asia,draft,2026-04-16,cshapes-2.0,640,1923,estimate,779964,,TUR-1913-1914,
TUR-1913-1914,Türkiye (1913-1914),1913,1914,national,TUR,640,Asia,reviewed,2026-04-12,constructed,TUR-1913-1914,,assigned,1785218,OTT-1908-1912,TUR-1914-1918,
TUR-1914-1918,Türkiye (1914-1918),1914,1918,national,TUR,640,Asia,reviewed,2026-04-12,cshapes-2.0,640,1914,assigned,,TUR-1913-1914,TUR-1918-1920,
TUR-1918-1920,Türkiye (1918-1920),1918,1920,national,TUR,640,Asia,reviewed,2026-04-12,cshapes-2.0,640,1919,assigned,,TUR-1914-1918,TUR-1920-2025,
TUR-1920-2025,Türkiye (1920-2025),1920,2025,national,TUR,640,Asia,draft,2026-04-12,cshapes-2.0,640,1923,assigned,,TUR-1918-1920,,
TUS-1800-1860,Tuscany,1800,1860,national,TUS,337,Europe,draft,2026-04-15,cliopatria,Grand Duchy of Tuscany,1848,assigned,24632,,ITA-1861-1919,
TUV-1800-2025,Tuvalu,1800,2025,national,TUV,947,Oceania,draft,2026-04-13,gadm-4.1-adm0,TUV,,estimate,26,,,
TWN-1895-1945,Formosa (Japanese Taiwan),1895,1945,colonial,TWN,,Asia,draft,2026-06-24,cshapes-2.0,713,1949,assigned,36193,CHN-1800-1895,TWN-1945-2025,
TWN-1945-2025,Taiwan,1945,2025,national,TWN,713,Asia,draft,2026-06-24,cshapes-2.0,713,1949,assigned,36193,TWN-1895-1945,,
TWO-1800-1860,Two Sicilies,1800,1860,national,TWO,329,Europe,draft,2026-04-15,cliopatria,Kingdom of the Two Sicilies,1820,assigned,,,ITA-1861-1919,
TZA-1961-1964,Tanzania (1961-1964),1961,1964,national,TZA,510,Africa,draft,2026-04-13,cshapes-2.0,510,1961,assigned,,TAN-1922-1964,TZA-1964-2025,
TZA-1964-2025,Tanzania,1964,2025,national,TZA,510,Africa,draft,2026-04-13,cshapes-2.0,510,1964,assigned,,TZA-1961-1964,,
UGA-1894-1902,Uganda (1894-1902),1894,1902,national,UGA,500,Africa,draft,2026-04-13,cshapes-2.0,500,1894,assigned,,BGA-1800-1894; BNY-1800-1899; NKR-1800-1901,UGA-1902-1910,
UGA-1902-1910,Uganda (1902-1910),1902,1910,national,UGA,500,Africa,draft,2026-04-13,cshapes-2.0,500,1902,assigned,,UGA-1894-1902,UGA-1910-1926,
UGA-1910-1926,Uganda (1910-1926),1910,1926,national,UGA,500,Africa,draft,2026-04-13,cshapes-2.0,500,1914,assigned,,UGA-1902-1910,UGA-1926-1962,
UGA-1926-1962,Uganda (1926-1962),1926,1962,national,UGA,500,Africa,draft,2026-04-13,cshapes-2.0,500,1926,assigned,,UGA-1910-1926,UGA-1962-2025,
UGA-1962-2025,Uganda,1962,2025,national,UGA,500,Africa,draft,2026-04-12,cshapes-2.0,500,1962,assigned,,BGA-1800-1894; UGA-1926-1962,,
UKR-1991-2014,Ukraine (1991-2014),1991,2014,national,UKR,369,Europe,draft,2026-04-12,cshapes-2.0,369,1991,assigned,,F228-1945-1991,UKR-2014-2025,
UKR-2014-2025,Ukraine,2014,2025,national,UKR,369,Europe,draft,2026-04-12,cshapes-2.0,369,2014,assigned,,UKR-1991-2014,,
URY-1828-2025,Uruguay,1828,2025,national,URY,165,South America,draft,2026-04-12,cshapes-2.0,165,1886,assigned,,,,
USA-1800-1803,United States (original),1800,1803,national,USA,2,North America,draft,2026-04-12,cliopatria,United States of America,1800,assigned,,,USA-1803-1848,
USA-1803-1848,United States (1803-1848),1803,1848,national,USA,2,North America,draft,2026-04-12,cliopatria,United States of America,1815,assigned,,USA-1800-1803,USA-1848-1867,
USA-1848-1867,United States (1848-1867),1848,1867,national,USA,2,North America,draft,2026-04-12,cliopatria,United States of America,1849,assigned,,USA-1803-1848,USA-1867-1959,
USA-1867-1959,United States (1867-1959),1867,1959,national,USA,2,North America,draft,2026-04-12,cliopatria,United States of America,1880,assigned,,USA-1848-1867,USA-1959-2025,
USA-1959-2025,United States of America,1959,2025,national,USA,2,North America,draft,2026-04-12,cshapes-2.0,2,1960,assigned,,USA-1867-1959,,
USA-AL-1819-2025,Alabama (state of the United States),1819,2025,subnational,USA,,North America,draft,2026-09-07,gadm-4.1-adm1,USA.1_1,,assigned,,,,
USA-AR-1836-2025,Arkansas (state of the United States),1836,2025,subnational,USA,,North America,draft,2026-09-07,gadm-4.1-adm1,USA.4_1,,assigned,,,,
USA-AZ-1863-2025,Arizona (state of the United States),1863,2025,subnational,USA,,North America,draft,2026-09-07,gadm-4.1-adm1,USA.3_1,,assigned,,,,
USA-CO-1876-2025,Colorado (state of the United States),1876,2025,subnational,USA,,North America,draft,2026-09-07,gadm-4.1-adm1,USA.6_1,,assigned,,,,
USA-CT-1800-2025,Connecticut (state of the United States),1800,2025,subnational,USA,,North America,draft,2026-09-07,gadm-4.1-adm1,USA.7_1,,assigned,,,,
USA-DE-1800-2025,Delaware (state of the United States),1800,2025,subnational,USA,,North America,draft,2026-09-07,gadm-4.1-adm1,USA.8_1,,assigned,,,,
USA-FL-1845-2025,Florida (state of the United States),1845,2025,subnational,USA,,North America,draft,2026-09-07,gadm-4.1-adm1,USA.10_1,,assigned,,,,
USA-GA-1800-2025,Georgia (state of the United States),1800,2025,subnational,USA,,North America,draft,2026-09-07,gadm-4.1-adm1,USA.11_1,,assigned,,,,
USA-IA-1846-2025,Iowa (state of the United States),1846,2025,subnational,USA,,North America,draft,2026-09-07,gadm-4.1-adm1,USA.16_1,,assigned,,,,
USA-ID-1890-2025,Idaho (state of the United States),1890,2025,subnational,USA,,North America,draft,2026-09-07,gadm-4.1-adm1,USA.13_1,,assigned,,,,
USA-IL-1818-2025,Illinois (state of the United States),1818,2025,subnational,USA,,North America,draft,2026-09-07,gadm-4.1-adm1,USA.14_1,,assigned,,,,
USA-IN-1816-2025,Indiana (state of the United States),1816,2025,subnational,USA,,North America,draft,2026-09-07,gadm-4.1-adm1,USA.15_1,,assigned,,,,
USA-KS-1861-2025,Kansas (state of the United States),1861,2025,subnational,USA,,North America,draft,2026-09-07,gadm-4.1-adm1,USA.17_1,,assigned,,,,
USA-KY-1800-2025,Kentucky (state of the United States),1800,2025,subnational,USA,,North America,draft,2026-09-07,gadm-4.1-adm1,USA.18_1,,assigned,,,,
USA-LA-1812-2025,Louisiana (state of the United States),1812,2025,subnational,USA,,North America,draft,2026-09-07,gadm-4.1-adm1,USA.19_1,,assigned,,,,
USA-MA-1800-2025,Massachusetts (state of the United States),1800,2025,subnational,USA,,North America,draft,2026-09-07,gadm-4.1-adm1,USA.22_1,,assigned,,,,
USA-MD-1800-2025,Maryland (state of the United States),1800,2025,subnational,USA,,North America,draft,2026-09-07,gadm-4.1-adm1,USA.21_1,,assigned,,,,
USA-ME-1820-2025,Maine (state of the United States),1820,2025,subnational,USA,,North America,draft,2026-09-07,gadm-4.1-adm1,USA.20_1,,assigned,,,,
USA-MI-1837-2025,Michigan (state of the United States),1837,2025,subnational,USA,,North America,draft,2026-09-07,gadm-4.1-adm1,USA.23_1,,assigned,,,,
USA-MN-1858-2025,Minnesota (state of the United States),1858,2025,subnational,USA,,North America,draft,2026-09-07,gadm-4.1-adm1,USA.24_1,,assigned,,,,
USA-MO-1821-2025,Missouri (state of the United States),1821,2025,subnational,USA,,North America,draft,2026-09-07,gadm-4.1-adm1,USA.26_1,,assigned,,,,
USA-MS-1817-2025,Mississippi (state of the United States),1817,2025,subnational,USA,,North America,draft,2026-09-07,gadm-4.1-adm1,USA.25_1,,assigned,,,,
USA-MT-1889-2025,Montana (state of the United States),1889,2025,subnational,USA,,North America,draft,2026-09-07,gadm-4.1-adm1,USA.27_1,,assigned,,,,
USA-NC-1800-2025,North Carolina (state of the United States),1800,2025,subnational,USA,,North America,draft,2026-09-07,gadm-4.1-adm1,USA.34_1,,assigned,,,,
USA-ND-1889-2025,North Dakota (state of the United States),1889,2025,subnational,USA,,North America,draft,2026-09-07,gadm-4.1-adm1,USA.35_1,,assigned,,,,
USA-NE-1867-2025,Nebraska (state of the United States),1867,2025,subnational,USA,,North America,draft,2026-09-07,gadm-4.1-adm1,USA.28_1,,assigned,,,,
USA-NH-1800-2025,New Hampshire (state of the United States),1800,2025,subnational,USA,,North America,draft,2026-09-07,gadm-4.1-adm1,USA.30_1,,assigned,,,,
USA-NJ-1800-2025,New Jersey (state of the United States),1800,2025,subnational,USA,,North America,draft,2026-09-07,gadm-4.1-adm1,USA.31_1,,assigned,,,,
USA-NM-1912-2025,New Mexico (state of the United States),1912,2025,subnational,USA,,North America,draft,2026-09-07,gadm-4.1-adm1,USA.32_1,,assigned,,,,
USA-NV-1864-2025,Nevada (state of the United States),1864,2025,subnational,USA,,North America,draft,2026-09-07,gadm-4.1-adm1,USA.29_1,,assigned,,,,
USA-NY-1800-2025,New York (state of the United States),1800,2025,subnational,USA,,North America,draft,2026-09-07,gadm-4.1-adm1,USA.33_1,,assigned,,,,
USA-OH-1803-2025,Ohio (state of the United States),1803,2025,subnational,USA,,North America,draft,2026-09-07,gadm-4.1-adm1,USA.36_1,,assigned,,,,
USA-OK-1907-2025,Oklahoma (state of the United States),1907,2025,subnational,USA,,North America,draft,2026-09-07,gadm-4.1-adm1,USA.37_1,,assigned,,,,
USA-OR-1859-2025,Oregon (state of the United States),1859,2025,subnational,USA,,North America,draft,2026-09-07,gadm-4.1-adm1,USA.38_1,,assigned,,,,
USA-PA-1800-2025,Pennsylvania (state of the United States),1800,2025,subnational,USA,,North America,draft,2026-09-07,gadm-4.1-adm1,USA.39_1,,assigned,,,,
USA-RI-1790-2025,Rhode Island (state of the United States),1790,2025,subnational,USA,,North America,draft,2026-09-08,gadm-4.1-adm1,USA.40_1,,assigned,,,,
USA-SC-1800-2025,South Carolina (state of the United States),1800,2025,subnational,USA,,North America,draft,2026-09-07,gadm-4.1-adm1,USA.41_1,,assigned,,,,
USA-SOUTHDAKOTA-1889-2025,South Dakota (state of the United States),1889,2025,subnational,USA,,North America,draft,2026-09-07,gadm-4.1-adm1,USA.42_1,,assigned,,,,
USA-TN-1800-2025,Tennessee (state of the United States),1800,2025,subnational,USA,,North America,draft,2026-09-07,gadm-4.1-adm1,USA.43_1,,assigned,,,,
USA-TX-1845-2025,Texas (state of the United States),1845,2025,subnational,USA,,North America,draft,2026-09-07,gadm-4.1-adm1,USA.44_1,,assigned,,,,
USA-UTAH-1896-2025,Utah (state of the United States),1896,2025,subnational,USA,,North America,draft,2026-09-07,gadm-4.1-adm1,USA.45_1,,assigned,,,,
USA-VA-1800-2025,Virginia (state of the United States),1800,2025,subnational,USA,,North America,draft,2026-09-07,gadm-4.1-adm1,USA.47_1,,assigned,,,,
USA-VT-1800-2025,Vermont (state of the United States),1800,2025,subnational,USA,,North America,draft,2026-09-07,gadm-4.1-adm1,USA.46_1,,assigned,,,,
USA-WA-1889-2025,Washington (state of the United States),1889,2025,subnational,USA,,North America,draft,2026-09-07,gadm-4.1-adm1,USA.48_1,,assigned,,,,
USA-WI-1848-2025,Wisconsin (state of the United States),1848,2025,subnational,USA,,North America,draft,2026-09-07,gadm-4.1-adm1,USA.50_1,,assigned,,,,
USA-WV-1863-2025,West Virginia (state of the United States),1863,2025,subnational,USA,,North America,draft,2026-09-07,gadm-4.1-adm1,USA.49_1,,assigned,,,,
USA-WY-1890-2025,Wyoming (state of the United States),1890,2025,subnational,USA,,North America,draft,2026-09-07,gadm-4.1-adm1,USA.51_1,,assigned,,,,
UZB-1991-2025,Uzbekistan,1991,2025,national,UZB,704,Asia,reviewed,2026-04-12,cshapes-2.0,704,1991,assigned,,F228-1945-1991,,
VAT-1929-2025,Holy See (Vatican City State),1929,2025,national,VAT,,Europe,draft,2026-08-10,gadm-4.1-adm0,VAT,,estimate,0.49,PAP-1800-1870,,
VCT-1800-1833,Saint Vincent (to 1833),1800,1833,national,,,North America,draft,2026-04-15,gadm-4.1-adm0,VCT,,assigned,,,VCT-1833-2025,
VCT-1833-2025,Saint Vincent and the Grenadines,1833,2025,national,VCT,57,North America,draft,2026-04-13,gadm-4.1-adm0,VCT,,assigned,,VCT-1800-1833,,
VEN-1821-2025,Venezuela,1821,2025,national,VEN,101,South America,draft,2026-04-12,cshapes-2.0,101,1886,assigned,,,,
VGB-1800-2025,British Virgin Islands,1800,2025,national,VGB,,North America,draft,2026-06-26,gadm-4.1-adm0,VGB,,assigned,153,,,
VIC-1851-1900,Victoria (to 1900),1851,1900,national,VIC,,Oceania,draft,2026-04-15,cshapes-2.0,904,1886,assigned,,NSW-1800-1900,AUS-1901-2025,
VIR-1917-2025,United States Virgin Islands,1917,2025,colonial,VIR,,North America,draft,2026-06-26,gadm-4.1-adm0,VIR,2023,assigned,346,DWI-1800-1917,,
VNM-1887-1954,Vietnam (French Indochina),1887,1954,national,VNM,815,Asia,draft,2026-06-24,cshapes-2.0,815,1894,assigned,326024,FCC-1862-1887,VNM-1975-2025,
VNM-1975-2025,Vietnam,1975,2025,national,VNM,816,Asia,draft,2026-04-12,cshapes-2.0,816,1975,assigned,,,,
VUT-1800-2025,Vanuatu,1800,2025,national,VUT,935,Oceania,draft,2026-04-12,gadm-4.1-adm0,VUT,,assigned,,,,
WAD-1800-1912,Wadai Empire,1800,1912,national,,,Africa,draft,2026-04-13,paine-2024,Wadai,,assigned,,,TCD-1900-1912; TCD-1960-2025,
WBK-1950-1967,West Bank (Jordanian-annexed),1950,1967,colonial,JOR,6631,Asia,draft,2026-06-25,cshapes-2.0,6631,1953,assigned,5871,PAL-1920-1948,ISR-1967-1979,
WBL-1949-1990,West Berlin,1949,1990,city-territory,,,Europe,draft,2026-06-26,cshapes-2.0,west-berlin-sectors,1949,unassigned,480,BRL-1945-1949,DEU-1990-2025,
WIN-1833-1960,British Windward Islands Colony,1833,1960,colonial,WIN,,North America,draft,2026-08-14,constructed,WIN-1833-1960,,proxy,2150,,GRD-1800-2025; LCA-1838-2025; VCT-1833-2025; DMA-1800-2025,
WLF-1800-2025,Wallis and Futuna,1800,2025,territory,WLF,,Oceania,draft,2026-08-10,gadm-4.1-adm0,WLF,,estimate,142,,,
WLO-1800-1855,Kingdom of Waalo,1800,1855,national,,,Africa,draft,2026-04-13,paine-2024,Walo,,assigned,,,SEN-1960-2025,
WSM-1900-2025,Samoa,1900,2025,national,WSM,990,Oceania,draft,2026-04-12,gadm-4.1-adm0,WSM,,assigned,,,,
WZO-1938-1949,Western Germany / Western Occupation Zones,1938,1949,national,,260,Europe,draft,2026-07-01,cshapes-2.0,260,1949,assigned,248000,DEU-1938-1945,F78-1949-1990,
YEM-1990-2025,Yemen (1990-2025),1990,2025,national,YEM,678,Asia,draft,2026-04-13,cshapes-2.0,678,2000,assigned,,,,
ZAF-1910-2025,South Africa (Union and Republic),1910,2025,national,ZAF,560,Africa,reviewed,2026-07-01,cshapes-2.0,560,1910,assigned,1221037,CAP-1895-1910; NAT-1895-1910,,
ZMB-1964-2025,Zambia,1964,2025,national,ZMB,551,Africa,draft,2026-04-12,cshapes-2.0,551,1964,assigned,,BMB-1800-1899; LZI-1800-1890; KZM-1800-1899,,
ZNZ-1890-1963,Zanzibar Protectorate,1890,1963,national,ZNZ,,Africa,draft,2026-06-24,cshapes-2.0,511,1930,assigned,2650,,TZA-1964-2025,
ZUL-1816-1879,Zulu Kingdom,1816,1879,national,,,Africa,draft,2026-04-15,paine-2024,Zulu,,assigned,,,NAT-1843-1895; ZAF-1910-2025,
ZWE-1890-1891,Zimbabwe,1890,1891,national,ZWE,552,Africa,draft,2026-04-13,cshapes-2.0,552,1965,assigned,,NDB-1823-1894,ZWE-1891-1900,
ZWE-1891-1900,Zimbabwe (1891-1900),1891,1900,national,ZWE,552,Africa,draft,2026-04-13,cshapes-2.0,552,1891,assigned,,NDB-1823-1894; ZWE-1890-1891,ZWE-1900-1953,
ZWE-1900-1953,Zimbabwe (1900-1953),1900,1953,national,ZWE,552,Africa,draft,2026-04-13,cshapes-2.0,552,1900,assigned,,ZWE-1891-1900,FRN-1953-1964,
ZWE-1964-1980,Zimbabwe (1964-1980),1964,1980,national,ZWE,552,Africa,draft,2026-04-13,cshapes-2.0,552,1965,assigned,,FRN-1953-1964,ZWE-1980-2025,
ZWE-1980-2025,Zimbabwe (1980-2025),1980,2025,national,ZWE,552,Africa,draft,2026-04-13,cshapes-2.0,552,1965,assigned,,ZWE-1964-1980,,
