source_label,source,year_start,year_end,common_name,polity_code,confidence,basis,observed_rows
Abyssinia,,1800,1889,Ethiopia (1800-1889),ETH-1800-1889,high,"historical exonym for Ethiopia in European sources. REPAIRED: the single row targeted the bare prefix `ETH`, which names a family rather than a period, so the Matcher dropped it and the alias did nothing. Its basis said it should route 'to the ETH chain per year', which an alias cannot express in one row — so it is split across the chain's segments, still stopping at 1936 to keep occupation-era data off the sovereign polities.",
Abyssinia,,1889,1897,Ethiopia (1889-1897),ETH-1889-1897,high,"historical exonym for Ethiopia in European sources. REPAIRED: the single row targeted the bare prefix `ETH`, which names a family rather than a period, so the Matcher dropped it and the alias did nothing. Its basis said it should route 'to the ETH chain per year', which an alias cannot express in one row — so it is split across the chain's segments, still stopping at 1936 to keep occupation-era data off the sovereign polities.",
Abyssinia,,1897,1902,Ethiopia (1897-1902),ETH-1897-1902,high,"historical exonym for Ethiopia in European sources. REPAIRED: the single row targeted the bare prefix `ETH`, which names a family rather than a period, so the Matcher dropped it and the alias did nothing. Its basis said it should route 'to the ETH chain per year', which an alias cannot express in one row — so it is split across the chain's segments, still stopping at 1936 to keep occupation-era data off the sovereign polities.",
Abyssinia,,1902,1907,Ethiopia (1902-1907),ETH-1902-1907,high,"historical exonym for Ethiopia in European sources. REPAIRED: the single row targeted the bare prefix `ETH`, which names a family rather than a period, so the Matcher dropped it and the alias did nothing. Its basis said it should route 'to the ETH chain per year', which an alias cannot express in one row — so it is split across the chain's segments, still stopping at 1936 to keep occupation-era data off the sovereign polities.",
Abyssinia,,1907,1936,Ethiopia (1907-1936),ETH-1907-1936,high,"historical exonym for Ethiopia in European sources. REPAIRED: the single row targeted the bare prefix `ETH`, which names a family rather than a period, so the Matcher dropped it and the alias did nothing. Its basis said it should route 'to the ETH chain per year', which an alias cannot express in one row — so it is split across the chain's segments, still stopping at 1936 to keep occupation-era data off the sovereign polities.",
Aden Protectorate,fao1952,1937,1951,Aden Protectorate,ADE-1839-1963,high,FAO 1952 18 rows labelled Aden Protectorate 1937-1951; distinct British territory from MKY-1918-1962 (north Yemen),18
Afghanistan,faostat,1961,2024,Afghanistan,AFG-1919-2025,high,FAOSTAT area code 2; observed 1961-2024 in pins faostat-cbs-new;faostat-cbs-old-animal;faostat-cbs-old-crops;faostat-fbs-new;faostat-fbs-old;faostat-production;faostat-trade-totals; iso-equal period match,122086
Afghanistan,lassaletta-grassland-share,1961,2009,Afghanistan,AFG-1919-2025,high,"Exact match of the source label to this polity name, single live AFG family. Non-overlapping ranges following the exclusive end_year of the polities database, so each data year resolves to the polity live in it regardless of match order.",
Africa Orientale Italiana,,1936,1941,Italian East Africa (1936-1941),AOI-1936-1941,high,Italian-language name for AOI aggregate 1936-1941; same territory as Italian East Africa alias,
Alaska,fao1952,1867,1959,Territory of Alaska,ALK-1867-1959,high,US sub-territory; FAO 1952 data labelled Alaska (1937-1951); ~1518800 km2 vs parent USA-1867-1959 ~9.4M km2; sub-territory rule applies,39
Albania,faostat,1961,2024,Albania (1913-2025),ALB-1913-2025,high,FAOSTAT area code 3; observed 1961-2024 in pins faostat-cbs-new;faostat-cbs-old-animal;faostat-cbs-old-crops;faostat-fbs-new;faostat-fbs-old;faostat-production;faostat-trade-totals; iso-equal period match,177572
Albania,lassaletta-grassland-share,1961,2009,Albania (1913-2025),ALB-1913-2025,high,"Exact match of the source label to this polity name, single live ALB family. Non-overlapping ranges following the exclusive end_year of the polities database, so each data year resolves to the polity live in it regardless of match order.",
Algeria,faostat,1961,1961,Algeria (1919-1962),DZA-1919-1962,high,FAOSTAT area code 4; observed 1961-1961 in pins faostat-cbs-new;faostat-cbs-old-animal;faostat-cbs-old-crops;faostat-fbs-new;faostat-fbs-old;faostat-production;faostat-trade-totals; iso-equal period match,208548
Algeria,faostat,1962,2024,Algeria (1962-2025),DZA-1962-2025,high,FAOSTAT area code 4; observed 1962-2024 in pins faostat-cbs-new;faostat-cbs-old-animal;faostat-cbs-old-crops;faostat-fbs-new;faostat-fbs-old;faostat-production;faostat-trade-totals; iso-equal period match,208548
American Samoa,,,,Territory of American Samoa,ASM-1900-2025,high,FAO 1952 label for US-administered eastern Samoan islands (~199 km²); distinct from WSM-1900-2025 (~2831 km²),
American Samoa,faostat,1900,2025,Territory of American Samoa,ASM-1900-2025,high,FAOSTAT area code 5; no data in scanned pins; registry map to ASM-1900-2025 (1900-2025),0
Andorra,faostat,1850,2025,Andorra,AND-1800-2025,high,FAOSTAT area code 6; no data in scanned pins; registry map to AND-1800-2025 (1850-2025),0
Anglo-Egypt Sudan,fao1952,1934,1956,Sudan (Anglo-Egyptian Condominium),SUD-1934-1956,high,name-equivalence for spelled-out Anglo-Egyptian Condominium variant; 1949-1951 data years within polity span; SUD-1934-1956 covers ~2.49M km2 (modern Sudan + South Sudan); bare 'sudan' alias (row 36) only captured lowercase label,63
Anglo-Egyptian Sudan,,1934,1956,Sudan (Anglo-Egyptian Condominium),SUD-1934-1956,high,full-name variant catch-all for future sources; name-equivalence; SUD-1934-1956 covers ~2.49M km2 (modern Sudan + South Sudan),
Angola,faostat,1961,1974,Angola (1905-1975),ANG-1905-1975,high,FAOSTAT area code 7; observed 1961-1974 in pins faostat-cbs-new;faostat-cbs-old-animal;faostat-cbs-old-crops;faostat-fbs-new;faostat-fbs-old;faostat-production;faostat-trade-totals; manual-route period match,171428
Angola,faostat,1975,2024,"Angola (independent, 1975–2025)",AGO-1975-2025,high,FAOSTAT area code 7; observed 1975-2024 in pins faostat-cbs-new;faostat-cbs-old-animal;faostat-cbs-old-crops;faostat-fbs-new;faostat-fbs-old;faostat-production;faostat-trade-totals; manual-route period match,171428
Angola,lassaletta-grassland-share,1961,1974,Angola (1905-1975),ANG-1905-1975,high,"Exact match of the source label to this polity name, single live ANG family. Non-overlapping ranges following the exclusive end_year of the polities database, so each data year resolves to the polity live in it regardless of match order.",
Angola,lassaletta-grassland-share,1975,2009,"Angola (independent, 1975–2025)",AGO-1975-2025,high,"Copy of the curated `faostat` decision for the identical label. Lassaletta et al. use FAO country names, so the era assignment already made there applies unchanged; only the year range is intersected with this dataset window.",
Antigua and Barbuda,faostat,1961,2024,Antigua and Barbuda,ATG-1800-2025,high,FAOSTAT area code 8; observed 1961-2024 in pins faostat-cbs-new;faostat-cbs-old-animal;faostat-cbs-old-crops;faostat-fbs-new;faostat-fbs-old;faostat-production;faostat-trade-totals; iso-equal period match,152103
Argentina,faostat,1961,2024,Argentina,ARG-1902-2025,high,FAOSTAT area code 9; observed 1961-2024 in pins faostat-cbs-new;faostat-cbs-old-animal;faostat-cbs-old-crops;faostat-fbs-new;faostat-fbs-old;faostat-production;faostat-trade-totals; iso-equal period match,242032
Argentina,lassaletta-grassland-share,1961,2009,Argentina,ARG-1902-2025,high,"Exact match of the source label to this polity name, single live ARG family. Non-overlapping ranges following the exclusive end_year of the polities database, so each data year resolves to the polity live in it regardless of match order.",
Argentina,mitchell,1870,1898,Argentina (to 1899),ARG-1800-1899,high,mitchell data 1870-1898; pre-Puna Argentina; routed to ARG-1800-1899 (CShapes gwcode=160 vintage-1886); split from ARG-1800-2025 2026-07-01,
Argentina,mitchell,1899,1901,Argentina (1899-1902),ARG-1899-1902,high,mitchell data 1899-1901; transitional row post-Puna arbitration; routed to ARG-1899-1902 (CShapes gwcode=160 vintage-1899); split from ARG-1800-2025 2026-07-01,
Argentine Republic,mitchell,1870,1898,Argentina (to 1899),ARG-1800-1899,high,mitchell alternate label for Argentina 1870-1898; same routing as 'Argentina' mitchell alias for this period; split from ARG-1800-2025 2026-07-01,
Argentine Republic,mitchell,1899,1901,Argentina (1899-1902),ARG-1899-1902,high,mitchell alternate label for Argentina 1899-1901; same routing as 'Argentina' mitchell alias for this period; split from ARG-1800-2025 2026-07-01,
Armenia,faostat,1992,2024,Armenia,ARM-1991-2025,high,FAOSTAT area code 1; observed 1992-2024 in pins faostat-cbs-new;faostat-cbs-old-animal;faostat-cbs-old-crops;faostat-fbs-new;faostat-fbs-old;faostat-production;faostat-trade-totals; iso-equal period match,96333
Australia,faostat,1961,2024,Australia,AUS-1901-2025,high,FAOSTAT area code 10; observed 1961-2024 in pins faostat-cbs-new;faostat-cbs-old-animal;faostat-cbs-old-crops;faostat-fbs-new;faostat-fbs-old;faostat-production;faostat-trade-totals; iso-equal period match,253557
Austria,faostat,1961,2024,Austria,AUT-1919-2025,high,FAOSTAT area code 11; observed 1961-2024 in pins faostat-cbs-new;faostat-cbs-old-animal;faostat-cbs-old-crops;faostat-fbs-new;faostat-fbs-old;faostat-production;faostat-trade-totals; iso-equal period match,255267
Austria,lassaletta-grassland-share,1961,2009,Austria,AUT-1919-2025,high,"Exact match of the source label to this polity name, single live AUT family. Non-overlapping ranges following the exclusive end_year of the polities database, so each data year resolves to the polity live in it regardless of match order.",
Azerbaijan,faostat,1992,2024,Azerbaijan,AZE-1991-2025,high,FAOSTAT area code 52; observed 1992-2024 in pins faostat-cbs-new;faostat-cbs-old-animal;faostat-cbs-old-crops;faostat-fbs-new;faostat-fbs-old;faostat-production;faostat-trade-totals; iso-equal period match,103326
BZE,mueller-synthetic-n,1981,2025,Belize,BLZ-1981-2025,high,"FAO-style legacy code; ISO3 is BLZ. Rate table has no year column, so scoped to the extant polity's span.",
Bahamas,faostat,1961,2024,Bahamas,BHS-1800-2025,high,FAOSTAT area code 12; observed 1961-2024 in pins faostat-cbs-new;faostat-cbs-old-animal;faostat-cbs-old-crops;faostat-fbs-new;faostat-fbs-old;faostat-production;faostat-trade-totals; iso-equal period match,163402
Bahrain,faostat,1961,2024,Bahrain,BHR-1800-2025,high,FAOSTAT area code 13; observed 1961-2024 in pins faostat-cbs-new;faostat-fbs-new;faostat-production;faostat-trade-totals; iso-equal period match,77122
Bangladesh,faostat,1961,1970,East Pakistan (1947-1971),BGD-1947-1971,high,FAOSTAT area code 16; observed 1961-1970 in pins faostat-cbs-new;faostat-cbs-old-animal;faostat-cbs-old-crops;faostat-fbs-new;faostat-fbs-old;faostat-production;faostat-trade-totals; iso-equal period match,203548
Bangladesh,faostat,1971,2024,Bangladesh,BGD-1971-2025,high,FAOSTAT area code 16; observed 1971-2024 in pins faostat-cbs-new;faostat-cbs-old-animal;faostat-cbs-old-crops;faostat-fbs-new;faostat-fbs-old;faostat-production;faostat-trade-totals; iso-equal period match,203548
Bangladesh,lassaletta-grassland-share,1961,1970,East Pakistan (1947-1971),BGD-1947-1971,high,"Copy of the curated `faostat` decision for the identical label. Lassaletta et al. use FAO country names, so the era assignment already made there applies unchanged; only the year range is intersected with this dataset window.",
Bangladesh,lassaletta-grassland-share,1971,2009,Bangladesh,BGD-1971-2025,high,"Exact match of the source label to this polity name, single live BGD family. Non-overlapping ranges following the exclusive end_year of the polities database, so each data year resolves to the polity live in it regardless of match order.",
Barbados,faostat,1961,2024,Barbados,BRB-1800-2025,high,FAOSTAT area code 14; observed 1961-2024 in pins faostat-cbs-new;faostat-cbs-old-animal;faostat-cbs-old-crops;faostat-fbs-new;faostat-fbs-old;faostat-production;faostat-trade-totals; iso-equal period match,198640
Barbados,lassaletta-grassland-share,1961,2009,Barbados,BRB-1800-2025,high,"Exact match of the source label to this polity name, single live BRB family. Non-overlapping ranges following the exclusive end_year of the polities database, so each data year resolves to the polity live in it regardless of match order.",
Basutoland,fao1952,1886,1966,Basutoland,LSO-1886-1966,high,official colonial name for Lesotho 1886-1966; fao1952 data labelled Basutoland for 1937-1951 routes here; territory equals CShapes polygon (30355 km2),
Bechuanaland,fao1952,1937,1951,Bechuanaland Protectorate,BEC-1885-1966,high,colonial-era short form used in fao1952 data,
Belarus,faostat,1992,2024,Belarus,BLR-1991-2025,high,FAOSTAT area code 57; observed 1992-2024 in pins faostat-cbs-new;faostat-cbs-old-animal;faostat-cbs-old-crops;faostat-fbs-new;faostat-fbs-old;faostat-production;faostat-trade-totals; iso-equal period match,110351
Belgian Congo,,,,Belgian Congo,COD-1910-1960,high,name-equivalence,180
Belgian Congo (fao1952),,,,Belgian Congo,COD-1910-1960,high,name-equivalence,180
Belgium,faostat,2000,2024,Belgium,BEL-1831-2025,high,FAOSTAT area code 255; observed 2000-2024 in pins faostat-cbs-new;faostat-cbs-old-animal;faostat-cbs-old-crops;faostat-fbs-new;faostat-fbs-old;faostat-production;faostat-trade-totals; iso-equal period match,102668
Belgium-Luxembourg,faostat,1961,1999,Belgium-Luxembourg,BLX-1850-1999,high,FAOSTAT area code 15; observed 1961-1999 in pins faostat-cbs-old-animal;faostat-cbs-old-crops;faostat-fbs-old;faostat-production;faostat-trade-totals; iso-equal period match,156557
Belgium-Luxemburg,lassaletta-grassland-share,1961,1999,Belgium-Luxembourg Economic Union,BLX-1850-1999,high,"Source's spelling of the Belgium-Luxembourg reporting unit. Scoped to 1999: the source keeps reporting the pair to 2009, but the union ended in 1999 and no single polity covers it after that. The 2000-2009 rows are deliberately left unaliased pending a decision.",
Belize,faostat,1961,1969,British Honduras,BLZ-1886-1970,high,FAOSTAT area code 23; observed 1961-1969 in pins faostat-cbs-new;faostat-cbs-old-animal;faostat-cbs-old-crops;faostat-fbs-new;faostat-fbs-old;faostat-production;faostat-trade-totals; iso-equal period match,177780
Belize,faostat,1970,1980,Belize (pre-independence),BLZ-1970-1981,high,FAOSTAT area code 23; observed 1970-1980 in pins faostat-cbs-new;faostat-cbs-old-animal;faostat-cbs-old-crops;faostat-fbs-new;faostat-fbs-old;faostat-production;faostat-trade-totals; iso-equal period match,177780
Belize,faostat,1981,2024,Belize,BLZ-1981-2025,high,FAOSTAT area code 23; observed 1981-2024 in pins faostat-cbs-new;faostat-cbs-old-animal;faostat-cbs-old-crops;faostat-fbs-new;faostat-fbs-old;faostat-production;faostat-trade-totals; iso-equal period match,177780
Belize,lassaletta-grassland-share,1961,1969,British Honduras,BLZ-1886-1970,high,"Copy of the curated `faostat` decision for the identical label. Lassaletta et al. use FAO country names, so the era assignment already made there applies unchanged; only the year range is intersected with this dataset window.",
Belize,lassaletta-grassland-share,1970,1980,Belize (pre-independence),BLZ-1970-1981,high,"Copy of the curated `faostat` decision for the identical label. Lassaletta et al. use FAO country names, so the era assignment already made there applies unchanged; only the year range is intersected with this dataset window.",
Belize,lassaletta-grassland-share,1981,2009,Belize,BLZ-1981-2025,high,"Exact match of the source label to this polity name, single live BLZ family. Non-overlapping ranges following the exclusive end_year of the polities database, so each data year resolves to the polity live in it regardless of match order.",
Benin,faostat,1961,2024,Benin,BEN-1960-2025,high,FAOSTAT area code 53; observed 1961-2024 in pins faostat-cbs-old-animal;faostat-cbs-old-crops;faostat-fbs-new;faostat-fbs-old;faostat-production;faostat-trade-totals; iso-equal period match,176976
Benin,lassaletta-grassland-share,1961,2009,Benin,BEN-1960-2025,high,"Exact match of the source label to this polity name, single live BEN family. Non-overlapping ranges following the exclusive end_year of the polities database, so each data year resolves to the polity live in it regardless of match order.",
Bermuda,fao1952,1937,1951,Bermuda,BMU-1684-1968,high,island identity; fixed ~54 km2 Crown Colony territory unambiguous; no matching WHEP polity existed,41
Bermuda,faostat,1961,1967,British Crown Colony of Bermuda,BMU-1684-1968,high,FAOSTAT area code 17; observed 1961-1967 in pins faostat-cbs-old-animal;faostat-cbs-old-crops;faostat-fbs-old; iso-equal period match,67310
Bermuda,faostat,1968,2013,Bermuda,BMU-1968-2025,high,FAOSTAT area code 17; observed 1968-2013 in pins faostat-cbs-old-animal;faostat-cbs-old-crops;faostat-fbs-old; iso-equal period match,67310
Bhutan,faostat,1961,2024,Bhutan,BTN-1800-2025,high,FAOSTAT area code 18; observed 1961-2024 in pins faostat-cbs-new;faostat-fbs-new;faostat-production;faostat-trade-totals; iso-equal period match,46525
Bolivia (Plurinational State of),faostat,1961,2024,Bolivia,BOL-1938-2025,high,FAOSTAT area code 19; observed 1961-2024 in pins faostat-cbs-new;faostat-cbs-old-animal;faostat-cbs-old-crops;faostat-fbs-new;faostat-fbs-old;faostat-production;faostat-trade-totals; iso-equal period match,203360
Bolivia (Plurinational State of),lassaletta-grassland-share,1961,2009,Bolivia,BOL-1938-2025,high,"Copy of the curated `faostat` decision for the identical label. Lassaletta et al. use FAO country names, so the era assignment already made there applies unchanged; only the year range is intersected with this dataset window.",
Bosnia and Herzegovina,faostat,1992,2024,Bosnia and Herzegovina,BIH-1992-2025,high,FAOSTAT area code 80; observed 1992-2024 in pins faostat-cbs-new;faostat-cbs-old-animal;faostat-cbs-old-crops;faostat-fbs-new;faostat-fbs-old;faostat-production;faostat-trade-totals; iso-equal period match,103643
Botswana,faostat,1961,1965,Bechuanaland Protectorate (1885-1966),BEC-1885-1966,high,FAOSTAT area code 20; observed 1961-1965 in pins faostat-cbs-new;faostat-cbs-old-animal;faostat-cbs-old-crops;faostat-fbs-new;faostat-fbs-old;faostat-production;faostat-trade-totals; manual-route period match,211714
Botswana,faostat,1966,2024,Botswana,BWA-1966-2025,high,FAOSTAT area code 20; observed 1966-2024 in pins faostat-cbs-new;faostat-cbs-old-animal;faostat-cbs-old-crops;faostat-fbs-new;faostat-fbs-old;faostat-production;faostat-trade-totals; manual-route period match,211714
Br Solomon Is,fao1952,1893,1978,British Solomon Islands Protectorate,SLB-1800-2025,high,abbreviated variant of Br Solomon Islands; same territory,
Br Solomon Islands,fao1952,1893,1978,British Solomon Islands Protectorate,SLB-1800-2025,high,BSIP administered identical ~28400 km2 archipelago 1893-1978; no sub-territory/empire routing risk,
Br West Indies Barbados,fao1952,1950,1951,Barbados,BRB-1800-2025,high,abbreviated colonial-era FAO prefix; island qualifier identifies Barbados alone (~430 km2); same basis as British West Indies Barbados alias (line 23),
Br West Indies Jamaica,,,,Jamaica,JAM-1800-2025,high,abbreviated FAO label; Jamaica qualifier unambiguously identifies the island,
Br West Indies Leeward Islands,fao1952,1937,1951,British Leeward Islands Colony,BLI-1833-1960,high,abbreviated FAO 1952 label variant; same routing as British West Indies Leeward Islands,
Br West Indies St Kitts-Nevis Anguilla,fao1952,1949,1967,Saint Kitts-Nevis-Anguilla (British colony),KNA-1800-2025,high,colonial-era FAO label for the Saint Kitts-Nevis-Anguilla colonial unit; Anguilla (~91 km2) was part of this unit until 1967 separation; current GADM KNA polygon (~261 km2) excludes Anguilla so pre-1967 data routed here understates territory by ~26%; no separate WHEP polity exists for the colonial unit,
Br West Indies St Lucia,fao1952,1949,1951,Saint Lucia,LCA-1838-2025,high,colonial-era FAO abbreviated prefix; island qualifier identifies Saint Lucia alone (~616 km2); routing to BWI aggregate (~34766 km2) would overstate ~56x; matches BWI-prefixed pattern already resolved for TTO/BRB/VCT,12
Br West Indies St Vincent,fao1952,1949,1951,Saint Vincent and the Grenadines,VCT-1833-2025,high,abbreviated colonial-era FAO prefix; island qualifier identifies Saint Vincent alone (~389 km2); same basis as British West Indies St Vincent alias; tractor-count data 12 rows,12
Brazil,faostat,1961,2024,Brazil,BRA-1909-2025,high,FAOSTAT area code 21; observed 1961-2024 in pins faostat-cbs-new;faostat-cbs-old-animal;faostat-cbs-old-crops;faostat-fbs-new;faostat-fbs-old;faostat-production;faostat-trade-totals; iso-equal period match,255068
Brazil,lassaletta-grassland-share,1961,2009,Brazil,BRA-1909-2025,high,"Exact match of the source label to this polity name, single live BRA family. Non-overlapping ranges following the exclusive end_year of the polities database, so each data year resolves to the polity live in it regardless of match order.",
British Borneo Brunei,,,,,BRN-1888-2025,high,FAO 1952 sub-entry pattern; Brunei suffix unambiguously identifies Brunei Protectorate (~5765 km²); full data range 1937-1951,
British Borneo North Borneo,,1937,1951,British North Borneo,BNB-1881-1963,high,"British Borneo North Borneo -> BNB-1881-1963 (years 1937-1951; FAO 1952 sub-entry for Chartered Company / Crown Colony of North Borneo, northeast Borneo ~72620 km2, now Sabah Malaysia)",
British Borneo Sarawak,fao,1946,1951,Sarawak (Brooke Raj / Crown Colony),BSW-1841-1963,high,Same label and same reasoning as the mitchell-scoped rule; FAO carries it for 1950.,1
British Borneo Sarawak,fao1952,1937,1951,Sarawak (Brooke Raj / Crown Colony),BSW-1841-1963,high,FAO 1952 sub-entry for Brooke Raj / Crown Colony of Sarawak; northwest Borneo ~124276 km²; distinct from BNB-1881-1963 (northeast Borneo ~72620 km²) and BRN-1888-2025,
British Borneo Sarawak,mitchell,1937,1937,Sarawak (Brooke Raj / Crown Colony),BSW-1841-1963,high,"Both territories are typed `national`/`colonial` on the same iso3, so matchlib's type tie-break cannot separate them and shapefile-independent FAMILY ORDER decided the route. The label names the territory explicitly, so the route is not a judgement. The label names SARAWAK and it was routing to British North Borneo -- a different territory on the same island, not merely a different size.",1
British Solomon Is,fao1952,1893,1978,British Solomon Islands Protectorate,SLB-1800-2025,high,abbreviated variant of British Solomon Islands; same territory,
British Solomon Islands,fao1952,1893,1978,British Solomon Islands Protectorate,SLB-1800-2025,high,variant of Br Solomon Islands; same territory,
British Somaliland,fao1952,1884,1960,British Somaliland Protectorate,BSS-1884-1960,high,unambiguous FAO label for British Somaliland Protectorate (~140k km2); data years 1937-1951 within polity span; CShapes-2.0 polygon (feature_id=521) already assigned; borders stable through colonial period,
British Togoland,,1920,1957,British Togoland,BTL-1920-1957,high,"REPAIRED: the row's fields were written in the wrong columns (target in `year_start`, confidence in `year_end`), leaving the target empty, so the alias did nothing. Years set to the BTL-1920-1957 span.",
British Virgin Islands,faostat,1850,2025,British Virgin Islands,VGB-1800-2025,high,FAOSTAT area code 239; no data in scanned pins; registry map to VGB-1800-2025 (1850-2025),0
British W Indies Jamaica,fao1952,1938,1951,Jamaica,JAM-1800-2025,high,"abbreviated FAO label (W without period); Jamaica qualifier unambiguously identifies the island (~10991 km²); rice paddy data 1949-1951; parallel to Br West Indies Jamaica and British West Indies Jamaica aliases Year window widened from 1949 to 1938: the same label carries FAO 1952 rows from 1938, which fell outside the rule and so went unresolved (issue 18).",3
British West Indies,fao1952,1937,1951,British West Indies (colonial aggregate),BWI-1833-1962,high,FAO 1952 group-level rows (24 rows cotton/groundnuts/population); no island qualifier; cannot route to single island polity,24
British West Indies  Leeward Islands,fao1952,1937,1951,British Leeward Islands Colony,BLI-1833-1960,high,double-space FAO 1952 label variant; same routing as British West Indies Leeward Islands,
British West Indies Bahama Islands,fao1952,1937,1951,Bahamas,BHS-1800-2025,high,colonial-era FAO prefix; island qualifier identifies the Bahamas alone (~13940 km2); routing to BWI aggregate (~34766 km2) would overstate ~2.5x; consistent with BWI-prefixed island aliases already resolved for BRB TTO GRD LCA VCT,9
British West Indies Barbados,fao1952,1935,1951,Barbados,BRB-1800-2025,high,colonial-era FAO prefix; scale consistent with ~430 km2 island territory,
British West Indies Grenada,fao1952,1800,1962,Grenada,GRD-1800-2025,high,colonial-era FAO prefix; island qualifier identifies Grenada alone (~344 km2); routing to BWI aggregate would overstate territory; data years 1949-1951 within polity span; upper bound at BWI dissolution 1962,10
British West Indies Leeward Islands,fao1952,1937,1951,British Leeward Islands Colony,BLI-1833-1960,high,FAO 1952 label for the British Leeward Islands Colony administrative unit (ATG+KNA+MSR+DMA+VGB ~1716 km²); routing to BWI-1833-1962 (~34766 km²) would overstate territory ~20×,
British West Indies St Lucia,fao1952,1938,1951,Saint Lucia,LCA-1838-2025,high,"colonial-era FAO prefix; island qualifier identifies Saint Lucia alone (~616 km2); same territory as Br West Indies St Lucia alias; routing to BWI aggregate would overstate ~56x Year window widened from 1939 to 1938: the same label carries FAO 1952 rows from 1938, which fell outside the rule and so went unresolved (issue 18).",10
British West Indies St Vincent,fao1952,1939,1951,Saint Vincent and the Grenadines,VCT-1833-2025,high,colonial-era FAO prefix; island qualifier identifies Saint Vincent alone (~389 km2); routing to BWI aggregate (~34766 km2) would overstate ~90x; matches BWI-prefixed pattern already resolved for TTO and BRB,13
British West Indies Trinidad and Tobago,fao1952,1937,1951,Trinidad and Tobago,TTO-1800-2025,high,colonial-era FAO prefix; scale consistent with ~5126 km2 island territory,
Brunei Darussalam,faostat,1961,2024,Brunei Darussalam,BRN-1888-2025,high,FAOSTAT area code 26; observed 1961-2024 in pins faostat-cbs-old-animal;faostat-cbs-old-crops;faostat-fbs-old;faostat-production;faostat-trade-totals; iso-equal period match,161774
Bulgaria,faostat,1961,2024,Bulgaria (1940-2025),BGR-1940-2025,high,FAOSTAT area code 27; observed 1961-2024 in pins faostat-cbs-new;faostat-cbs-old-animal;faostat-cbs-old-crops;faostat-fbs-new;faostat-fbs-old;faostat-production;faostat-trade-totals; iso-equal period match,241988
Burkina Faso,faostat,1961,2024,Burkina Faso,BFA-1960-2025,high,FAOSTAT area code 233; observed 1961-2024 in pins faostat-cbs-new;faostat-cbs-old-animal;faostat-cbs-old-crops;faostat-fbs-new;faostat-fbs-old;faostat-production;faostat-trade-totals; iso-equal period match,173575
Burkina Faso,lassaletta-grassland-share,1961,2009,Burkina Faso,BFA-1960-2025,high,"Exact match of the source label to this polity name, single live BFA family. Non-overlapping ranges following the exclusive end_year of the polities database, so each data year resolves to the polity live in it regardless of match order.",
Burundi,faostat,1961,1961,Burundi (within Ruanda-Urundi),BDI-1922-1962,high,FAOSTAT area code 29; observed 1961-1961 in pins faostat-fbs-new;faostat-production;faostat-trade-totals; iso-equal period match,62205
Burundi,faostat,1962,2024,Burundi,BDI-1962-2025,high,FAOSTAT area code 29; observed 1962-2024 in pins faostat-fbs-new;faostat-production;faostat-trade-totals; iso-equal period match,62205
Burundi,lassaletta-grassland-share,1961,1961,Burundi (within Ruanda-Urundi),BDI-1922-1962,high,"Copy of the curated `faostat` decision for the identical label. Lassaletta et al. use FAO country names, so the era assignment already made there applies unchanged; only the year range is intersected with this dataset window.",
Burundi,lassaletta-grassland-share,1962,2009,Burundi,BDI-1962-2025,high,"Exact match of the source label to this polity name, single live BDI family. Non-overlapping ranges following the exclusive end_year of the polities database, so each data year resolves to the polity live in it regardless of match order.",
COS,mueller-synthetic-n,1800,2025,Costa Rica,CRI-1800-2025,high,FAO-style legacy code; ISO3 is CRI.,
Cabo Verde,faostat,1961,1974,Cape Verde (Portuguese colony),CPV-1886-1975,high,FAOSTAT area code 35; observed 1961-1974 in pins faostat-cbs-new;faostat-cbs-old-animal;faostat-cbs-old-crops;faostat-fbs-new;faostat-fbs-old;faostat-production;faostat-trade-totals; iso-equal period match,150407
Cabo Verde,faostat,1975,2024,Cabo Verde,CPV-1975-2025,high,FAOSTAT area code 35; observed 1975-2024 in pins faostat-cbs-new;faostat-cbs-old-animal;faostat-cbs-old-crops;faostat-fbs-new;faostat-fbs-old;faostat-production;faostat-trade-totals; iso-equal period match,150407
Cambodia,faostat,1961,2024,Cambodia,KHM-1953-2025,high,FAOSTAT area code 115; observed 1961-2024 in pins faostat-cbs-new;faostat-cbs-old-animal;faostat-cbs-old-crops;faostat-fbs-new;faostat-fbs-old;faostat-production;faostat-trade-totals; iso-equal period match,167371
Cambodia,lassaletta-grassland-share,1961,2009,Cambodia,KHM-1953-2025,high,"Exact match of the source label to this polity name, single live KHM family. Non-overlapping ranges following the exclusive end_year of the polities database, so each data year resolves to the polity live in it regardless of match order.",
Cameroon,faostat,1961,2024,Cameroon,CMR-1961-2025,high,FAOSTAT area code 32; observed 1961-2024 in pins faostat-cbs-new;faostat-cbs-old-animal;faostat-cbs-old-crops;faostat-fbs-new;faostat-fbs-old;faostat-production;faostat-trade-totals; iso-equal period match,216617
Cameroon,lassaletta-grassland-share,1961,2009,Cameroon,CMR-1961-2025,high,"Exact match of the source label to this polity name, single live CMR family. Non-overlapping ranges following the exclusive end_year of the polities database, so each data year resolves to the polity live in it regardless of match order.",
Canada,faostat,1961,2024,Canada,CAN-1949-2025,high,FAOSTAT area code 33; observed 1961-2024 in pins faostat-cbs-new;faostat-cbs-old-animal;faostat-cbs-old-crops;faostat-fbs-new;faostat-fbs-old;faostat-production;faostat-trade-totals; iso-equal period match,252243
Canada,lassaletta-grassland-share,1961,2009,Canada,CAN-1949-2025,high,"Exact match of the source label to this polity name, single live CAN family. Non-overlapping ranges following the exclusive end_year of the polities database, so each data year resolves to the polity live in it regardless of match order.",
Canada,trade-sources,1867,1869,"Canada (original four provinces, 1866–1870)",CAN-1866-1870,high,"Reporter label in inst/extdata/trade_sources.csv, resolved through FAOSTAT area 33. Exact match to the canonical area name.",
Canada,trade-sources,1870,1885,Canada (post-Rupert's Land 1870-1886),CAN-1870-1886,high,"Reporter label in inst/extdata/trade_sources.csv, resolved through FAOSTAT area 33. Exact match to the canonical area name.",
Canada,trade-sources,1886,1913,Canada (to 1948),CAN-1886-1949,high,"Reporter label in inst/extdata/trade_sources.csv, resolved through FAOSTAT area 33. Exact match to the canonical area name.",
Cape Verde,lassaletta-grassland-share,1961,1975,Cabo Verde,CPV-1886-1975,high,Pre-2013 English name for Cabo Verde. Split at independence: the 1961-1975 rows fall in the Portuguese colonial period.,
Cape Verde,lassaletta-grassland-share,1975,2009,Cabo Verde,CPV-1975-2025,high,Pre-2013 English name for Cabo Verde; rows from independence onward.,
Cape Verde Islands,fao1952,1886,1975,Cape Verde Islands,CPV-1886-1975,high,colonial-era FAO label for Portuguese Cape Verde archipelago (~4033 km2); data years 1937-1951 within polity span 1886-1975; island identity unambiguous; routing to CPV-1975-2025 would assign colonial-era data to post-independence polity,
Cape of Good Hope,,1800,1894,Cape Colony,CAP-1800-1895,high,"name-equivalence; extent approximation documented on wiki. Ranged and split at 1895 (issue 22): was UNRANGED, matching every year including modern ones; verified in layer B that all 205 rows carrying this label are dated 1854-1904, so bounding it drops nothing",178
Cape of Good Hope,,1895,1909,Cape Colony,CAP-1895-1910,high,"same label, years after the 1895 British Bechuanaland annexation; routed to the observed 716,102 km2 CShapes step (issue 22)",27
Central African Republic,faostat,1961,2024,Central African Republic,CAF-1960-2025,high,FAOSTAT area code 37; observed 1961-2024 in pins faostat-cbs-old-animal;faostat-cbs-old-crops;faostat-fbs-new;faostat-fbs-old;faostat-production;faostat-trade-totals; iso-equal period match,155872
Central African Republic,lassaletta-grassland-share,1961,2009,Central African Republic,CAF-1960-2025,high,"Exact match of the source label to this polity name, single live CAF family. Non-overlapping ranges following the exclusive end_year of the polities database, so each data year resolves to the polity live in it regardless of match order.",
Chad,faostat,1961,2024,Chad,TCD-1960-2025,high,FAOSTAT area code 39; observed 1961-2024 in pins faostat-cbs-old-animal;faostat-cbs-old-crops;faostat-fbs-new;faostat-fbs-old;faostat-production;faostat-trade-totals; iso-equal period match,134061
Chad,lassaletta-grassland-share,1961,2009,Chad,TCD-1960-2025,high,"Exact match of the source label to this polity name, single live TCD family. Non-overlapping ranges following the exclusive end_year of the polities database, so each data year resolves to the polity live in it regardless of match order.",
Chile,faostat,1961,2024,Chile,CHL-1902-2025,high,FAOSTAT area code 40; observed 1961-2024 in pins faostat-cbs-new;faostat-cbs-old-animal;faostat-cbs-old-crops;faostat-fbs-new;faostat-fbs-old;faostat-production;faostat-trade-totals; iso-equal period match,230765
Chile,lassaletta-grassland-share,1961,2009,Chile,CHL-1902-2025,high,"Exact match of the source label to this polity name, single live CHL family. Non-overlapping ranges following the exclusive end_year of the polities database, so each data year resolves to the polity live in it regardless of match order.",
China,lassaletta-grassland-share,1961,2009,China (PRC),CHN-1950-2025,high,"Lassaletta et al. report a single ""China"" series, so unlike FAOSTAT area 351 -- which is left unmapped because it is published alongside its own components and would double-count them -- there are no components to double-count here. The label names the PRC over the whole 1961-2009 window.",
China,trade-sources,1886,1894,China (to 1895),CHN-1800-1895,high,"Trade statistics reported by the Chinese state. Targeted at the CHN chain directly rather than through FAOSTAT area 351, which is the deliberate China aggregate and maps to no polity.",
China,trade-sources,1895,1912,China (1895-1913),CHN-1895-1913,high,"Trade statistics reported by the Chinese state. Targeted at the CHN chain directly rather than through FAOSTAT area 351, which is the deliberate China aggregate and maps to no polity.",
China,trade-sources,1913,1913,China (1913-1914),CHN-1913-1914,high,"Trade statistics reported by the Chinese state. Targeted at the CHN chain directly rather than through FAOSTAT area 351, which is the deliberate China aggregate and maps to no polity.",
China,trade-sources,1914,1920,China (1914-1921),CHN-1914-1921,high,"Trade statistics reported by the Chinese state. Targeted at the CHN chain directly rather than through FAOSTAT area 351, which is the deliberate China aggregate and maps to no polity.",
China,trade-sources,1921,1931,China (1921-1932),CHN-1921-1932,high,"Trade statistics reported by the Chinese state. Targeted at the CHN chain directly rather than through FAOSTAT area 351, which is the deliberate China aggregate and maps to no polity.",
China,trade-sources,1932,1944,China (1932-1945),CHN-1932-1945,high,"Trade statistics reported by the Chinese state. Targeted at the CHN chain directly rather than through FAOSTAT area 351, which is the deliberate China aggregate and maps to no polity.",
China,trade-sources,1945,1946,China (1945-1947),CHN-1945-1947,high,"Trade statistics reported by the Chinese state. Targeted at the CHN chain directly rather than through FAOSTAT area 351, which is the deliberate China aggregate and maps to no polity.",
China,trade-sources,1947,1948,China (1947-1949),CHN-1947-1949,high,"Trade statistics reported by the Chinese state. Targeted at the CHN chain directly rather than through FAOSTAT area 351, which is the deliberate China aggregate and maps to no polity.",
China,trade-sources,1949,1949,China (1949-1950),CHN-1949-1950,high,"Trade statistics reported by the Chinese state. Targeted at the CHN chain directly rather than through FAOSTAT area 351, which is the deliberate China aggregate and maps to no polity.",
China,trade-sources,1950,1996,China (PRC),CHN-1950-2025,high,"Trade statistics reported by the Chinese state. Targeted at the CHN chain directly rather than through FAOSTAT area 351, which is the deliberate China aggregate and maps to no polity.",
China Manchuria,fao1952,1937,1945,Manchukuo,MAN-1932-1945,high,FAO 1952 label for Manchuria region; 1937-1945 = Manchukuo period; CShapes CHN polygon already excludes Manchukuo from 1932; routing to CHN would understate Chinese territory and overstate scope of Manchukuo data,
China Manchuria,fao1952,1945,1946,China (1945-1947),CHN-1945-1947,high,FAO 1952 label for Manchuria; post-Manchukuo reintegration into Republic of China August 1945; CHN-1945-1947 polygon covers Manchuria,
China Manchuria,fao1952,1947,1948,China (1947-1949),CHN-1947-1949,high,FAO 1952 label for Manchuria; ROC period 1947-1949; CHN-1947-1949 polygon covers Manchuria,
China Manchuria,fao1952,1949,1949,China (1949-1950),CHN-1949-1950,high,FAO 1952 label for Manchuria; PRC period from October 1949; CHN-1949-1950 polygon covers Manchuria,
China Manchuria,fao1952,1950,2025,China (1950-2025),CHN-1950-2025,high,FAO 1952 label for Manchuria; PRC period from 1950 onward; CHN-1950-2025 polygon covers Manchuria,
China and Manchuria,fao1952,1949,1949,China (1949-1950),CHN-1949-1950,high,variant of China Manchuria alias; Manchuria reintegrated into PRC 1949; CHN-1949-1950 polygon covers Manchuria,
China and Manchuria,fao1952,1950,1952,China (1950-2025),CHN-1950-2025,high,variant of China Manchuria alias; PRC period 1950 onward; CHN-1950-2025 polygon covers Manchuria,
"China, Hong Kong SAR",faostat,1961,2024,Hong Kong,HKG-1842-2025,high,FAOSTAT area code 96; observed 1961-2024 in pins faostat-cbs-new;faostat-cbs-old-animal;faostat-cbs-old-crops;faostat-fbs-new;faostat-fbs-old;faostat-production;faostat-trade-totals; iso-equal period match,231444
"China, Macao SAR",faostat,1961,2024,"China, Macao SAR",MAC-1800-2025,high,FAOSTAT area code 128; observed 1961-2024 in pins faostat-cbs-new;faostat-cbs-old-animal;faostat-cbs-old-crops;faostat-fbs-new;faostat-fbs-old;faostat-production;faostat-trade-totals; iso-equal period match,185164
"China, Manchuria Province of",mitchell,1945,1949,manchuria,MAN-1945-1950,high,"new polity created: MAN-1945-1950 (Manchuria (region, 1945-1950)) to close reporting-territory gap for Mitchell's Manchuria-region series 1945-1950 (previously folding up into national CHN rows)",
"China, Taiwan Province of",faostat,1961,2024,Taiwan,TWN-1945-2025,high,FAOSTAT area code 214; observed 1961-2024 in pins faostat-cbs-new;faostat-cbs-old-animal;faostat-cbs-old-crops;faostat-fbs-new;faostat-fbs-old;faostat-production;faostat-trade-totals; iso-equal period match,252667
"China, mainland",faostat,1961,2024,China (PRC),CHN-1950-2025,high,FAOSTAT area code 41; observed 1961-2024 in pins faostat-cbs-new;faostat-cbs-old-animal;faostat-cbs-old-crops;faostat-fbs-new;faostat-fbs-old;faostat-production;faostat-trade-totals; iso-equal period match,269529
Christmas Island,faostat,1946,1958,Christmas Island (under Singapore administration),CXR-1946-1958,high,FAOSTAT area code 42; no data in scanned pins; registry map to CXR-1946-1958 (1946-1958),0
Colombia,faostat,1961,2024,Colombia,COL-1922-2025,high,FAOSTAT area code 44; observed 1961-2024 in pins faostat-cbs-new;faostat-cbs-old-animal;faostat-cbs-old-crops;faostat-fbs-new;faostat-fbs-old;faostat-production;faostat-trade-totals; iso-equal period match,235230
Colombia,lassaletta-grassland-share,1961,2009,Colombia,COL-1922-2025,high,"Exact match of the source label to this polity name, single live COL family. Non-overlapping ranges following the exclusive end_year of the polities database, so each data year resolves to the polity live in it regardless of match order.",
Comoro Islands,fao1952,1949,1951,Comoros (1946-1975),COM-1946-1975,high,colonial-era FAO label for French overseas territory (~2235 km2); data 1949-1951 within polity span 1946-1975; 8 rows of agaves/bananas consistent with small island territory,8
Comoros,faostat,1961,1974,Comoros (1946-1975),COM-1946-1975,high,FAOSTAT area code 45; observed 1961-1974 in pins faostat-cbs-new;faostat-fbs-new;faostat-production;faostat-trade-totals; iso-equal period match,52459
Comoros,faostat,1975,2024,Comoros,COM-1975-2025,high,FAOSTAT area code 45; observed 1975-2024 in pins faostat-cbs-new;faostat-fbs-new;faostat-production;faostat-trade-totals; iso-equal period match,52459
Congo,faostat,1961,2024,Congo,COG-1960-2025,high,FAOSTAT area code 46; observed 1961-2024 in pins faostat-cbs-new;faostat-cbs-old-animal;faostat-cbs-old-crops;faostat-fbs-new;faostat-fbs-old;faostat-production;faostat-trade-totals; iso-equal period match,170222
Congo,lassaletta-grassland-share,1961,2009,Congo,COG-1960-2025,high,"Exact match of the source label to this polity name, single live COG family. Non-overlapping ranges following the exclusive end_year of the polities database, so each data year resolves to the polity live in it regardless of match order.",
Cook Islands,faostat,1961,2024,Cook Islands,COK-1800-2025,high,FAOSTAT area code 47; observed 1961-2024 in pins faostat-production;faostat-trade-totals; iso-equal period match,42137
Costa Rica,faostat,1961,2024,Costa Rica,CRI-1800-2025,high,FAOSTAT area code 48; observed 1961-2024 in pins faostat-cbs-new;faostat-cbs-old-animal;faostat-cbs-old-crops;faostat-fbs-new;faostat-fbs-old;faostat-production;faostat-trade-totals; iso-equal period match,216304
Costa Rica,lassaletta-grassland-share,1961,2009,Costa Rica,CRI-1800-2025,high,"Exact match of the source label to this polity name, single live CRI family. Non-overlapping ranges following the exclusive end_year of the polities database, so each data year resolves to the polity live in it regardless of match order.",
Cote d'Ivoire,lassaletta-grassland-share,1961,2009,Cote d'Ivoire,CIV-1960-2025,high,Unaccented spelling of Cote d'Ivoire; data window falls entirely in the post-independence polity.,
Croatia,faostat,1992,2024,Croatia,HRV-1992-2025,high,FAOSTAT area code 98; observed 1992-2024 in pins faostat-cbs-new;faostat-cbs-old-animal;faostat-cbs-old-crops;faostat-fbs-new;faostat-fbs-old;faostat-production;faostat-trade-totals; iso-equal period match,122938
Cuba,faostat,1961,2024,Cuba,CUB-1800-2025,high,FAOSTAT area code 49; observed 1961-2024 in pins faostat-cbs-new;faostat-cbs-old-animal;faostat-cbs-old-crops;faostat-fbs-new;faostat-fbs-old;faostat-production;faostat-trade-totals; iso-equal period match,171184
Cuba,lassaletta-grassland-share,1961,2009,Cuba,CUB-1800-2025,high,"Exact match of the source label to this polity name, single live CUB family. Non-overlapping ranges following the exclusive end_year of the polities database, so each data year resolves to the polity live in it regardless of match order.",
Cyprus,faostat,1961,2024,Cyprus,CYP-1879-2025,high,FAOSTAT area code 50; observed 1961-2024 in pins faostat-cbs-new;faostat-cbs-old-animal;faostat-cbs-old-crops;faostat-fbs-new;faostat-fbs-old;faostat-production;faostat-trade-totals; iso-equal period match,233146
Cyprus,lassaletta-grassland-share,1961,2009,Cyprus,CYP-1879-2025,high,"Exact match of the source label to this polity name, single live CYP family. Non-overlapping ranges following the exclusive end_year of the polities database, so each data year resolves to the polity live in it regardless of match order.",
Cyrenaica,mitchell,1949,1949,Emirate of Cyrenaica,CYR-1949-1951,high,"Both territories are typed `national`/`colonial` on the same iso3, so matchlib's type tie-break cannot separate them and shapefile-independent FAMILY ORDER decided the route. The label names the territory explicitly, so the route is not a judgement. Bare variant of the label above; pinned identically.",2
Czech Republic,,1993,2025,Czechia,CZE-1993-2025,high,"short-form label used by WHEP harmonization tables; resolves to the same polity as the canonical FAOSTAT label 'Czechia', which already routes to CZE-1993-2025. Added because the label appears in regions_full/polities_cats and resolve_polity_label() returned NA for it. Rescoped from source=faostat to blanket: the label is a generic English short form, not a FAOSTAT convention, and scoping it to one source left it unreachable for every other. Measured on WHEP's crop_residues, whose areas resolve by name with no source given: these four labels accounted for 9,822 of the 10,022 rows still carrying no area code (DR Congo 3,147; Ivory Coast 2,992; Lao 1,881; Czech Republic 1,802).",0
Czechia,faostat,1993,2024,Czechia,CZE-1993-2025,high,FAOSTAT area code 167; observed 1993-2024 in pins faostat-cbs-new;faostat-cbs-old-animal;faostat-cbs-old-crops;faostat-fbs-new;faostat-fbs-old;faostat-production;faostat-trade-totals; iso-equal period match,126408
Czechoslovakia,faostat,1961,1992,Czechoslovakia (1947-1993),F51-1947-1993,high,FAOSTAT area code 51; observed 1961-1992 in pins faostat-cbs-old-animal;faostat-cbs-old-crops;faostat-fbs-old;faostat-production;faostat-trade-totals; manual-replace period match,92870
Czechoslovakia,lassaletta-grassland-share,1961,1992,Czechoslovakia (1947-1993),F51-1947-1993,high,"Exact match of the source label to this polity name, single live F51 family. Non-overlapping ranges following the exclusive end_year of the polities database, so each data year resolves to the polity live in it regardless of match order.",
Côte d'Ivoire,faostat,1961,2024,Côte d'Ivoire,CIV-1960-2025,high,FAOSTAT area code 107; observed 1961-2024 in pins faostat-cbs-new;faostat-cbs-old-animal;faostat-cbs-old-crops;faostat-fbs-new;faostat-fbs-old;faostat-production;faostat-trade-totals; iso-equal period match,208865
DPRepublic of Korea,lassaletta-grassland-share,1961,2009,Democratic People's Republic of Korea,PRK-1948-2025,high,Source's contracted spelling of the DPRK.,
DR Congo,,1960,2025,Democratic Republic of the Congo,COD-1960-2025,high,"short-form label used by WHEP harmonization tables; resolves to the same polity as the canonical FAOSTAT label 'Democratic Republic of the Congo', which already routes to COD-1960-2025. Added because the label appears in regions_full/polities_cats and resolve_polity_label() returned NA for it. Rescoped from source=faostat to blanket: the label is a generic English short form, not a FAOSTAT convention, and scoping it to one source left it unreachable for every other. Measured on WHEP's crop_residues, whose areas resolve by name with no source given: these four labels accounted for 9,822 of the 10,022 rows still carrying no area code (DR Congo 3,147; Ivory Coast 2,992; Lao 1,881; Czech Republic 1,802).",0
Democratic People's Republic of Korea,faostat,1961,2024,North Korea,PRK-1948-2025,high,FAOSTAT area code 116; observed 1961-2024 in pins faostat-cbs-new;faostat-cbs-old-animal;faostat-cbs-old-crops;faostat-fbs-new;faostat-fbs-old;faostat-production;faostat-trade-totals; iso-equal period match,112014
Democratic Republic of the Congo,faostat,1961,2024,Democratic Republic of the Congo,COD-1960-2025,high,FAOSTAT area code 250; observed 1961-2024 in pins faostat-cbs-new;faostat-fbs-new;faostat-production;faostat-trade-totals; iso-equal period match,81027
Democratic Republic of the Congo,lassaletta-grassland-share,1961,2009,Democratic Republic of the Congo,COD-1960-2025,high,"Exact match of the source label to this polity name, single live COD family. Non-overlapping ranges following the exclusive end_year of the polities database, so each data year resolves to the polity live in it regardless of match order.",
Denmark,faostat,1961,2024,Denmark,DNK-1920-2025,high,FAOSTAT area code 54; observed 1961-2024 in pins faostat-cbs-new;faostat-cbs-old-animal;faostat-cbs-old-crops;faostat-fbs-new;faostat-fbs-old;faostat-production;faostat-trade-totals; iso-equal period match,255081
Denmark,lassaletta-grassland-share,1961,2009,Denmark,DNK-1920-2025,high,"Exact match of the source label to this polity name, single live DNK family. Non-overlapping ranges following the exclusive end_year of the polities database, so each data year resolves to the polity live in it regardless of match order.",
Djibouti,faostat,1961,1976,French Somaliland,FRS-1884-1977,high,FAOSTAT area code 72; observed 1961-1976 in pins faostat-cbs-new;faostat-cbs-old-animal;faostat-cbs-old-crops;faostat-fbs-new;faostat-fbs-old;faostat-production;faostat-trade-totals; manual-route period match,140634
Djibouti,faostat,1977,2024,Djibouti (formerly French Somaliland),FRS-1977-2025,high,FAOSTAT area code 72; observed 1977-2024 in pins faostat-cbs-new;faostat-cbs-old-animal;faostat-cbs-old-crops;faostat-fbs-new;faostat-fbs-old;faostat-production;faostat-trade-totals; manual-route period match,140634
Dominica,faostat,1961,2024,Dominica,DMA-1800-2025,high,FAOSTAT area code 55; observed 1961-2024 in pins faostat-cbs-old-animal;faostat-cbs-old-crops;faostat-fbs-new;faostat-fbs-old;faostat-production;faostat-trade-totals; iso-equal period match,149397
Dominica,lassaletta-grassland-share,1961,2009,Dominica,DMA-1800-2025,high,"Exact match of the source label to this polity name, single live DMA family. Non-overlapping ranges following the exclusive end_year of the polities database, so each data year resolves to the polity live in it regardless of match order.",
Dominican Rep,fao1952,1800,2025,Dominican Republic,DOM-1800-2025,high,abbreviated FAO 1952 form; borders stable since 1844 independence; polygon vintage drift (~63 years) not a territorial concern; commodities (bananas/cassava/rice paddy/sweet potatoes/yams) consistent with Dominican Republic agriculture 1949-1951,
Dominican Republic,faostat,1961,2024,Dominican Republic,DOM-1800-2025,high,FAOSTAT area code 56; observed 1961-2024 in pins faostat-cbs-new;faostat-cbs-old-animal;faostat-cbs-old-crops;faostat-fbs-new;faostat-fbs-old;faostat-production;faostat-trade-totals; iso-equal period match,181837
Dominican Republic,lassaletta-grassland-share,1961,2009,Dominican Republic,DOM-1800-2025,high,"Exact match of the source label to this polity name, single live DOM family. Non-overlapping ranges following the exclusive end_year of the polities database, so each data year resolves to the polity live in it regardless of match order.",
Dutch Caribbean,fao1952,1816,1960,Dutch Caribbean (colonial),ANT-1816-1961,high,common-name variant for Dutch Caribbean colonial territory 1816-1960,
Dutch Guiana,mitchell,1886,1954,Dutch Guiana,SUR-1886-1954,high,colonial-era name for Suriname; same territory ~144985 km²; year-ranged to colonial period 1886-1954,
EI Salvador,,,,El Salvador,SLV-1821-2025,high,OCR I/l variant,
ELS,mueller-synthetic-n,1821,2025,El Salvador,SLV-1821-2025,high,FAO-style legacy code; ISO3 is SLV.,
Ecuador,faostat,1961,2024,Ecuador,ECU-1942-2025,high,FAOSTAT area code 58; observed 1961-2024 in pins faostat-cbs-new;faostat-cbs-old-animal;faostat-cbs-old-crops;faostat-fbs-new;faostat-fbs-old;faostat-production;faostat-trade-totals; iso-equal period match,221065
Ecuador,lassaletta-grassland-share,1961,2009,Ecuador,ECU-1942-2025,high,"Exact match of the source label to this polity name, single live ECU family. Non-overlapping ranges following the exclusive end_year of the polities database, so each data year resolves to the polity live in it regardless of match order.",
Egypt,faostat,1961,1966,Egypt (1925-1967),EGY-1925-1967,high,FAOSTAT area code 59; observed 1961-1966 in pins faostat-cbs-new;faostat-cbs-old-animal;faostat-cbs-old-crops;faostat-fbs-new;faostat-fbs-old;faostat-production;faostat-trade-totals; iso-equal period match,243914
Egypt,faostat,1967,1978,Egypt (1967-1979),EGY-1967-1979,high,FAOSTAT area code 59; observed 1967-1978 in pins faostat-cbs-new;faostat-cbs-old-animal;faostat-cbs-old-crops;faostat-fbs-new;faostat-fbs-old;faostat-production;faostat-trade-totals; iso-equal period match,243914
Egypt,faostat,1979,2024,Egypt,EGY-1979-2025,high,FAOSTAT area code 59; observed 1979-2024 in pins faostat-cbs-new;faostat-cbs-old-animal;faostat-cbs-old-crops;faostat-fbs-new;faostat-fbs-old;faostat-production;faostat-trade-totals; iso-equal period match,243914
Egypt,lassaletta-grassland-share,1961,1966,Egypt (1925-1967),EGY-1925-1967,high,"Exact match of the source label to this polity name, single live EGY family. Non-overlapping ranges following the exclusive end_year of the polities database, so each data year resolves to the polity live in it regardless of match order.",
Egypt,lassaletta-grassland-share,1967,1978,Egypt (1967-1979),EGY-1967-1979,high,"Exact match of the source label to this polity name, single live EGY family. Non-overlapping ranges following the exclusive end_year of the polities database, so each data year resolves to the polity live in it regardless of match order.",
Egypt,lassaletta-grassland-share,1979,2009,Egypt,EGY-1979-2025,high,"Exact match of the source label to this polity name, single live EGY family. Non-overlapping ranges following the exclusive end_year of the polities database, so each data year resolves to the polity live in it regardless of match order.",
Egypt,mitchell,1866,1884,Egypt with Sudan (1820-1885),EGY-1820-1885,high,title-case variant of egypt alias for Mitchell 1866-1884; same routing and basis,19
Egypt,mitchell,1885,1899,Egypt (1885-1899),EGY-1885-1899,high,title-case variant of egypt alias for Mitchell 1885-1899; same routing and basis,65
Egypt,trade-sources,1879,1879,Egypt with Sudan (1820-1885),EGY-1820-1885,high,"Reporter label in inst/extdata/trade_sources.csv, resolved through FAOSTAT area 59. Exact match to the canonical area name.",
El Salvador,faostat,1961,2024,El Salvador,SLV-1821-2025,high,FAOSTAT area code 60; observed 1961-2024 in pins faostat-cbs-new;faostat-cbs-old-animal;faostat-cbs-old-crops;faostat-fbs-new;faostat-fbs-old;faostat-production;faostat-trade-totals; iso-equal period match,207960
El Salvador,lassaletta-grassland-share,1961,2009,El Salvador,SLV-1821-2025,high,"Exact match of the source label to this polity name, single live SLV family. Non-overlapping ranges following the exclusive end_year of the polities database, so each data year resolves to the polity live in it regardless of match order.",
Equatorial Guinea,faostat,1961,1967,Equatorial Guinea (1886-1968),GNQ-1886-1968,high,FAOSTAT area code 61; observed 1961-1967 in pins faostat-production;faostat-trade-totals; iso-equal period match,23719
Equatorial Guinea,faostat,1968,2024,Equatorial Guinea,GNQ-1968-2025,high,FAOSTAT area code 61; observed 1968-2024 in pins faostat-production;faostat-trade-totals; iso-equal period match,23719
Equatorial Guinea,lassaletta-grassland-share,1961,1967,Equatorial Guinea (1886-1968),GNQ-1886-1968,high,"Exact match of the source label to this polity name, single live GNQ family. Non-overlapping ranges following the exclusive end_year of the polities database, so each data year resolves to the polity live in it regardless of match order.",
Equatorial Guinea,lassaletta-grassland-share,1968,2009,Equatorial Guinea,GNQ-1968-2025,high,"Exact match of the source label to this polity name, single live GNQ family. Non-overlapping ranges following the exclusive end_year of the polities database, so each data year resolves to the polity live in it regardless of match order.",
Eritrea,faostat,1993,2024,Eritrea,ERI-1993-2025,high,FAOSTAT area code 178; observed 1993-2024 in pins faostat-production;faostat-trade-totals; iso-equal period match,14746
Estonia,faostat,1992,2024,Estonia,EST-1991-2025,high,FAOSTAT area code 63; observed 1992-2024 in pins faostat-cbs-new;faostat-cbs-old-animal;faostat-cbs-old-crops;faostat-fbs-new;faostat-fbs-old;faostat-production;faostat-trade-totals; iso-equal period match,117745
Eswatini,faostat,1894,2025,Eswatini,SWZ-1894-2025,high,"FAOSTAT renamed Swaziland to Eswatini in 2018; the label had no alias at all, so resolve_polity_label() returned NA for a country that carries its own commodity-balance data. Target SWZ-1894-2025 spans the whole chain.",0
Ethiopia,,1936,1941,Italian East Africa (1936-1941),AOI-1936-1941,high,year-ranged alias: label Ethiopia 1936-1941 in data reflecting AOI-aggregate territorial scope (>1.5x pre-1936 ETH series magnitude); routes to AOI-1936-1941 to prevent ~70% territorial overstatement,
Ethiopia,faostat,1993,2024,Ethiopia,ETH-1993-2025,high,FAOSTAT area code 238; observed 1993-2024 in pins faostat-cbs-new;faostat-cbs-old-animal;faostat-cbs-old-crops;faostat-fbs-new;faostat-fbs-old;faostat-production;faostat-trade-totals; iso-equal period match,102786
Ethiopia PDR,faostat,1961,1992,Ethiopia (1952-1993),ETH-1952-1993,high,FAOSTAT area code 62; observed 1961-1992 in pins faostat-cbs-old-animal;faostat-cbs-old-crops;faostat-fbs-old;faostat-production;faostat-trade-totals; iso-equal period match,85546
Ethiopia PDR,lassaletta-grassland-share,1961,1992,Ethiopia (1952-1993),ETH-1952-1993,high,"Copy of the curated `faostat` decision for the identical label. Lassaletta et al. use FAO country names, so the era assignment already made there applies unchanged; only the year range is intersected with this dataset window.",
FSU,lassaletta-grassland-share,1961,1991,Soviet Union,F228-1945-1991,high,"Former Soviet Union aggregate. Scoped to the 1991 dissolution: the source reports FSU as one unit to 2009, but no polity holds that territory after 1991. The 1992-2009 rows are deliberately left unaliased pending a decision.",
Falkland Islands,fao1952,1937,1951,Falkland Islands,FLK-1833-2025,high,boundary stable since 1833; GADM-4.1 proxy valid for 1937-1951 data; ~12397 km2 vs GBR ~242000 km2 (~20x overstatement avoided),19
Falkland Islands (Malvinas),faostat,1850,2025,Falkland Islands,FLK-1833-2025,high,FAOSTAT area code 65; no data in scanned pins; registry map to FLK-1833-2025 (1850-2025),0
Faroe Islands,faostat,1961,2024,Faroe Islands,FRO-1800-2025,high,FAOSTAT area code 64; observed 1961-2024 in pins faostat-production;faostat-trade-totals; iso-equal period match,45036
Federation of Malaya,fao1952,1946,1957,Malayan Union / Federation of Malaya,MYS-1946-1957,high,Natural word-order form of already-aliased 'Malaya Federation of'; same territory (~132040 km2 peninsular Malaya excl. Singapore),
Fiji,faostat,1961,2024,Fiji,FJI-1800-2025,high,FAOSTAT area code 66; observed 1961-2024 in pins faostat-cbs-new;faostat-cbs-old-animal;faostat-cbs-old-crops;faostat-fbs-new;faostat-fbs-old;faostat-production;faostat-trade-totals; iso-equal period match,203519
Finland,faostat,1961,2024,Finland (1940-2025),FIN-1940-2025,high,FAOSTAT area code 67; observed 1961-2024 in pins faostat-cbs-new;faostat-cbs-old-animal;faostat-cbs-old-crops;faostat-fbs-new;faostat-fbs-old;faostat-production;faostat-trade-totals; iso-equal period match,229594
Finland,lassaletta-grassland-share,1961,2009,Finland (1940-2025),FIN-1940-2025,high,"Exact match of the source label to this polity name, single live FIN family. Non-overlapping ranges following the exclusive end_year of the polities database, so each data year resolves to the polity live in it regardless of match order.",
Formosa,,1895,1945,,TWN-1895-1945,high,Federico-Tena label,
Fr Equat Africa,fao1952,1950,1951,French Equatorial Africa (AEF),AEF-1910-1960,high,shortened 4-letter prefix abbreviation of French Equatorial Africa; federation-level aggregate consistent with AEF unified federation polygon (~2.5M km²); 8 rows tractor counts 1950-1951; existing 'French Equat Africa' alias covers same target but this shorter form was missing,8
France,faostat,1961,2024,France,FRA-1919-2025,high,FAOSTAT area code 68; observed 1961-2024 in pins faostat-cbs-new;faostat-cbs-old-animal;faostat-cbs-old-crops;faostat-fbs-new;faostat-fbs-old;faostat-production;faostat-trade-totals; iso-equal period match,269731
France,trade-sources,1825,1870,"France (with Alsace-Lorraine, to 1871)",FRA-1800-1871,high,"Reporter label in inst/extdata/trade_sources.csv, resolved through FAOSTAT area 68. Exact match to the canonical area name.",
France,trade-sources,1871,1918,"France (without Alsace-Lorraine, 1871-1919)",FRA-1871-1919,high,"Reporter label in inst/extdata/trade_sources.csv, resolved through FAOSTAT area 68. Exact match to the canonical area name.",
France,trade-sources,1919,1926,France,FRA-1919-2025,high,"Reporter label in inst/extdata/trade_sources.csv, resolved through FAOSTAT area 68. Exact match to the canonical area name.",
France Saar,,1947,1957,Saar Protectorate,SAA-1947-1957,high,new polity routed,
France Saar,fao1952,1935,1946,Saar (German incorporation 1935-1947),SAC-1935-1947,high,year-ranged alias for FAO 1952 rows with 1938 data; Saar was under German administration 1935-1947; folding into DEU-1920-1938 (~250x territory overstatement ~476k km2 vs ~1912 km2),
French Equat Africa,,,,French Equatorial Africa (AEF),AEF-1910-1960,high,boundless fallback for null-year fao1952 rows,16
French Equat Africa,,1939,1951,French Equatorial Africa (AEF),AEF-1910-1960,high,standard abbreviation; fao1952 source; data years within polity span,110
French Guiana,fao1952,1946,2025,French Guiana (Overseas Department),GUF-1946-2025,high,year-ranged alias for fao1952 data 1946-1951; post-DOM transition,
French Guiana,faostat,1961,2006,French Guiana (Overseas Department),GUF-1946-2025,high,FAOSTAT area code 69; observed 1961-2006 in pins faostat-production;faostat-trade-totals; manual-route period match,8934
French Guiana,iia,1816,1945,French Guiana (Colony),GUF-1816-1946,high,year-ranged alias for IIA/fao1952 data 1909-1945; colonial period,85
French Morocco,,1911,1956,Morocco,MAR-1911-1958,high,"name-equivalence; redirected from MOR-1904-1956 (duplicate retired 2026-06-24); range clipped 1904 -> 1911 on 2026-08-11 (issue 54): the 1904 start was inherited from MOR-1904-1956, the duplicate retired on 2026-06-24, and never re-checked against the replacement MAR-1911-1958, which begins at the 1911 protectorate. NO Moroccan polity covers 1904-1910, so any data there now resolves to nothing instead of to an entity that did not exist -- a visible gap rather than an invisible mis-route.",261
French Oceania,fao1952,1937,1951,French Polynesia,PYF-1800-2025,high,historical English name for Établissements français de l'Océanie; same archipelagos (Society/Tuamotu/Marquesas/Gambier/Austral) before and after 1945; renamed French Polynesia 1957,50
French Polynesia,faostat,1961,2024,French Polynesia,PYF-1800-2025,high,FAOSTAT area code 70; observed 1961-2024 in pins faostat-cbs-new;faostat-cbs-old-animal;faostat-cbs-old-crops;faostat-fbs-new;faostat-fbs-old;faostat-production;faostat-trade-totals; iso-equal period match,170270
French W Africa,,,,French West Africa (AOF),AOF-1895-1960,high,federation-level reporting unit,12
French West Africa,,,,French West Africa (AOF),AOF-1895-1960,high,federation-level reporting unit,150
GUA,mueller-synthetic-n,1821,2025,Guatemala,GTM-1821-2025,high,FAO-style legacy code; ISO3 is GTM.,
Gabon,faostat,1961,2024,Gabon,GAB-1960-2025,high,FAOSTAT area code 74; observed 1961-2024 in pins faostat-cbs-new;faostat-cbs-old-animal;faostat-cbs-old-crops;faostat-fbs-new;faostat-fbs-old;faostat-production;faostat-trade-totals; iso-equal period match,162217
Gabon,lassaletta-grassland-share,1961,2009,Gabon,GAB-1960-2025,high,"Exact match of the source label to this polity name, single live GAB family. Non-overlapping ranges following the exclusive end_year of the polities database, so each data year resolves to the polity live in it regardless of match order.",
Gambia,faostat,1961,2024,Gambia,GMB-1800-2025,high,FAOSTAT area code 75; observed 1961-2024 in pins faostat-cbs-new;faostat-cbs-old-animal;faostat-cbs-old-crops;faostat-fbs-new;faostat-fbs-old;faostat-production;faostat-trade-totals; iso-equal period match,141154
Gambia,lassaletta-grassland-share,1961,2009,Gambia,GMB-1800-2025,high,"Exact match of the source label to this polity name, single live GMB family. Non-overlapping ranges following the exclusive end_year of the polities database, so each data year resolves to the polity live in it regardless of match order.",
Georgia,faostat,1992,2024,Georgia,GEO-1991-2025,high,FAOSTAT area code 73; observed 1992-2024 in pins faostat-cbs-new;faostat-cbs-old-animal;faostat-cbs-old-crops;faostat-fbs-new;faostat-fbs-old;faostat-production;faostat-trade-totals; iso-equal period match,101509
Germany,faostat,1961,1989,"Germany (divided, 1949-1990)",DEU-1949-1990,high,FAOSTAT area code 79; observed 1961-1989 in pins faostat-cbs-new;faostat-cbs-old-animal;faostat-cbs-old-crops;faostat-fbs-new;faostat-fbs-old;faostat-production;faostat-trade-totals; iso-equal period match,266337
Germany,faostat,1990,2024,Germany,DEU-1990-2025,high,FAOSTAT area code 79; observed 1990-2024 in pins faostat-cbs-new;faostat-cbs-old-animal;faostat-cbs-old-crops;faostat-fbs-new;faostat-fbs-old;faostat-production;faostat-trade-totals; iso-equal period match,266337
Germany,lassaletta-grassland-share,1961,1989,"Germany (divided, 1949-1990)",DEU-1949-1990,high,"Copy of the curated `faostat` decision for the identical label. Lassaletta et al. use FAO country names, so the era assignment already made there applies unchanged; only the year range is intersected with this dataset window.",
Germany,lassaletta-grassland-share,1990,2009,Germany,DEU-1990-2025,high,"Exact match of the source label to this polity name, single live DEU family. Non-overlapping ranges following the exclusive end_year of the polities database, so each data year resolves to the polity live in it regardless of match order.",
Germany,trade-sources,1859,1865,Prussia (to 1866),DEU-1800-1866,high,"Reporter label in inst/extdata/trade_sources.csv, resolved through FAOSTAT area 79. Exact match to the canonical area name.",
Germany,trade-sources,1866,1870,North German Confederation (1866-1871),DEU-1866-1871,high,"Reporter label in inst/extdata/trade_sources.csv, resolved through FAOSTAT area 79. Exact match to the canonical area name.",
Germany,trade-sources,1871,1918,German Empire (1871-1919),DEU-1871-1919,high,"Reporter label in inst/extdata/trade_sources.csv, resolved through FAOSTAT area 79. Exact match to the canonical area name.",
Germany,trade-sources,1919,1919,Germany (1919-1920),DEU-1919-1920,high,"Reporter label in inst/extdata/trade_sources.csv, resolved through FAOSTAT area 79. Exact match to the canonical area name.",
Germany,trade-sources,1920,1937,Germany (1920-1938),DEU-1920-1938,high,"Reporter label in inst/extdata/trade_sources.csv, resolved through FAOSTAT area 79. Exact match to the canonical area name.",
Germany,trade-sources,1938,1944,Germany (1938-1945),DEU-1938-1945,high,"Reporter label in inst/extdata/trade_sources.csv, resolved through FAOSTAT area 79. Exact match to the canonical area name.",
Germany,trade-sources,1945,1948,Allied-occupied Germany,DEU-1945-1949,high,"Reporter label in inst/extdata/trade_sources.csv, resolved through FAOSTAT area 79. Exact match to the canonical area name.",
Germany,trade-sources,1949,1952,"Germany (divided, 1949-1990)",DEU-1949-1990,high,"Reporter label in inst/extdata/trade_sources.csv, resolved through FAOSTAT area 79. Exact match to the canonical area name.",
Germany Berlin,fao1952,1937,1937,Germany (1920-1938),DEU-1920-1938,high,single 1937 data year under FAO 'Germany Berlin' label predates partition; routes to pre-war Germany national polity; ~892 km2 Berlin city well within DEU-1920-1938 (~471000 km2),
Germany Berlin,fao1952,1938,1944,Greater Berlin (1938-1945),BRL-1938-1945,high,FAO 1952 distinct sub-territory ~892 km²; ~700x smaller than DEU-1938-1945; sub-territory rules require separate polity,
Germany Berlin,fao1952,1945,1948,Berlin (Allied Occupation),BRL-1945-1949,high,FAO 1952 separate reporting unit for occupied Berlin 1945-1948; ~892 km2 city-territory is ~400x smaller than DEU-1945-1949 (~357000 km2); sub-territory rule requires separate polity,
Germany Berlin,fao1952,1949,1951,West Berlin,WBL-1949-1990,high,post-1949 FAO 'Germany Berlin' refers to Western-bloc West Berlin (~480 km2); ~520x smaller than F78-1949-1990 (~249000 km2); sub-territory rule requires separate polity,
Germany Eastern,fao1952,1938,1948,Eastern Germany / Soviet Occupation Zone,SBZ-1938-1949,high,year-ranged alias for FAO 1952 Germany Eastern pre-1949 data,
Germany Saar,,1947,1957,Saar Protectorate,SAA-1947-1957,high,new polity routed; Saar protectorate 1947-57 (pre-1947 Saar=Germany),
Germany Western,fao1952,1937,1937,West Germany (pre-Anschluss back-projection),DEU-1920-1938,high,FAO 1952 'Germany Western' pre-1938 data: back-projected to Weimar/early-Nazi Germany (DEU-1920-1938) as geographic frame; year_end=1937 keeps Anschluss boundary,10
Germany Western,fao1952,1938,1948,Western Germany / Western Occupation Zones,WZO-1938-1949,high,FAO 1952 'Germany Western' 1938-1948: US/UK/French occupation zone frame (~248000 km²); symmetric with SBZ-1938-1949; WZO polity fills pre-FRG date gap,30
Germany Western,fao1952,1949,1951,West Germany,F78-1949-1990,high,FAO 1952 'Germany Western' from 1949: FRG formally established 23 May 1949; CShapes gwcode=260 polygon (~249000 km²),5
Ghana,faostat,1961,2024,Ghana,GHA-1957-2025,high,FAOSTAT area code 81; observed 1961-2024 in pins faostat-cbs-new;faostat-cbs-old-animal;faostat-cbs-old-crops;faostat-fbs-new;faostat-fbs-old;faostat-production;faostat-trade-totals; iso-equal period match,191734
Ghana,lassaletta-grassland-share,1961,2009,Ghana,GHA-1957-2025,high,"Exact match of the source label to this polity name, single live GHA family. Non-overlapping ranges following the exclusive end_year of the polities database, so each data year resolves to the polity live in it regardless of match order.",
Gold Coast,fao1952,1898,1956,Gold Coast Colony,GHA-1898-1957,high,"British Crown Colony of the Gold Coast (~238533 km²); CShapes 2.0 polygon vintage 1898; fao1952 data years 1937-1951 fall within polity span 1898-1956; 'Gold Coast and Br Togoland' is a separate unresolved coverage gap; range clipped 1821 -> 1898 on 2026-08-11 (issue 54): the target GHA-1898-1957 begins in 1898 and this basis records the fao1952 data years as 1937-1951, so the 1821 start was a source range copied without checking it against the target. GHA-1821-1888 and GHA-1888-1898 both exist, so had any data fallen before 1898 it was going to the wrong polity while the right ones sat unused.",36
Gold Coast & Br Togoland,fao1952,1919,1956,Gold Coast and British Togoland,GCT-1919-1956,high,"ampersand variant of the composite FAO label; routes to the COMPOSITE polity (Gold Coast + British Togoland), not GHA alone which understates by the Togoland share",
Gold Coast and Br Tog,fao1952,1919,1956,Gold Coast and British Togoland,GCT-1919-1956,high,"abbreviated variant of the composite FAO label; routes to the COMPOSITE polity, not GHA alone",
Gold Coast and Br Togoland,fao1952,1919,1956,Gold Coast and British Togoland,GCT-1919-1956,high,FAO verbatim label; combined Gold Coast Colony + British Togoland mandate 240056 km²; see GCT-1919-1956 wiki page,32
Gold Coast and British Togoland,fao1952,1919,1956,Gold Coast and British Togoland,GCT-1919-1956,high,FAO label variant; same combined territory 240056 km²; see GCT-1919-1956 wiki page,
Gold Coast and British togoland,fao1952,1919,1956,Gold Coast and British Togoland,GCT-1919-1956,high,FAO label variant; same combined territory 240056 km²; see GCT-1919-1956 wiki page,
Greece,faostat,1961,2024,Greece (1947-2025),GRC-1947-2025,high,FAOSTAT area code 84; observed 1961-2024 in pins faostat-cbs-new;faostat-cbs-old-animal;faostat-cbs-old-crops;faostat-fbs-new;faostat-fbs-old;faostat-production;faostat-trade-totals; iso-equal period match,268331
Greece,lassaletta-grassland-share,1961,2009,Greece (1947-2025),GRC-1947-2025,high,"Exact match of the source label to this polity name, single live GRC family. Non-overlapping ranges following the exclusive end_year of the polities database, so each data year resolves to the polity live in it regardless of match order.",
Greenland,faostat,1850,2025,Greenland,GRL-1800-2025,high,FAOSTAT area code 85; no data in scanned pins; registry map to GRL-1800-2025 (1850-2025),0
Grenada,faostat,1961,2024,Grenada,GRD-1800-2025,high,FAOSTAT area code 86; observed 1961-2024 in pins faostat-cbs-new;faostat-cbs-old-animal;faostat-cbs-old-crops;faostat-fbs-new;faostat-fbs-old;faostat-production;faostat-trade-totals; iso-equal period match,162962
Guadeloupe,faostat,1961,2006,Guadeloupe,GLP-1816-2025,high,FAOSTAT area code 87; observed 1961-2006 in pins faostat-production;faostat-trade-totals; iso-equal period match,11766
Guam,fao1952,1898,1949,Territory of Guam,GUM-1898-1950,high,year-ranged alias for fao1952 Guam data 1937-1951,
Guam,fao1952,1950,2025,Guam (US Territory),GUM-1950-2025,high,FAO 1952 row labelled Guam 1951; Guam Organic Act 1950 transitions from GUM-1898-1950; island boundary fixed,1
Guam,faostat,1898,1949,Territory of Guam,GUM-1898-1950,high,FAOSTAT area code 88; no data in scanned pins; registry map to GUM-1898-1950 (1898-1950),0
Guatemala,faostat,1961,2024,Guatemala,GTM-1821-2025,high,FAOSTAT area code 89; observed 1961-2024 in pins faostat-cbs-new;faostat-cbs-old-animal;faostat-cbs-old-crops;faostat-fbs-new;faostat-fbs-old;faostat-production;faostat-trade-totals; iso-equal period match,224016
Guatemala,lassaletta-grassland-share,1961,2009,Guatemala,GTM-1821-2025,high,"Exact match of the source label to this polity name, single live GTM family. Non-overlapping ranges following the exclusive end_year of the polities database, so each data year resolves to the polity live in it regardless of match order.",
Guinea,faostat,1961,2024,Guinea,GIN-1958-2025,high,FAOSTAT area code 90; observed 1961-2024 in pins faostat-cbs-new;faostat-cbs-old-animal;faostat-cbs-old-crops;faostat-fbs-new;faostat-fbs-old;faostat-production;faostat-trade-totals; iso-equal period match,152542
Guinea,lassaletta-grassland-share,1961,2009,Guinea,GIN-1958-2025,high,"Exact match of the source label to this polity name, single live GIN family. Non-overlapping ranges following the exclusive end_year of the polities database, so each data year resolves to the polity live in it regardless of match order.",
Guinea-Bissau,faostat,1961,1973,Guinea-Bissau (1886-1974),GNB-1886-1974,high,FAOSTAT area code 175; observed 1961-1973 in pins faostat-cbs-new;faostat-cbs-old-animal;faostat-cbs-old-crops;faostat-fbs-new;faostat-fbs-old;faostat-production;faostat-trade-totals; iso-equal period match,127361
Guinea-Bissau,faostat,1974,2024,Guinea-Bissau (1974-2025),GNB-1974-2025,high,FAOSTAT area code 175; observed 1974-2024 in pins faostat-cbs-new;faostat-cbs-old-animal;faostat-cbs-old-crops;faostat-fbs-new;faostat-fbs-old;faostat-production;faostat-trade-totals; iso-equal period match,127361
Guinea-Bissau,lassaletta-grassland-share,1961,1973,Guinea-Bissau (1886-1974),GNB-1886-1974,high,"Exact match of the source label to this polity name, single live GNB family. Non-overlapping ranges following the exclusive end_year of the polities database, so each data year resolves to the polity live in it regardless of match order.",
Guinea-Bissau,lassaletta-grassland-share,1974,2009,Guinea-Bissau (1974-2025),GNB-1974-2025,high,"Exact match of the source label to this polity name, single live GNB family. Non-overlapping ranges following the exclusive end_year of the polities database, so each data year resolves to the polity live in it regardless of match order.",
Guyana,faostat,1961,2024,Guyana,GUY-1800-2025,high,FAOSTAT area code 91; observed 1961-2024 in pins faostat-cbs-new;faostat-cbs-old-animal;faostat-cbs-old-crops;faostat-fbs-new;faostat-fbs-old;faostat-production;faostat-trade-totals; iso-equal period match,174251
Guyana,lassaletta-grassland-share,1961,2009,Guyana,GUY-1800-2025,high,"Exact match of the source label to this polity name, single live GUY family. Non-overlapping ranges following the exclusive end_year of the polities database, so each data year resolves to the polity live in it regardless of match order.",
HAI,mueller-synthetic-n,1800,2025,Haiti,HTI-1800-2025,high,FAO-style legacy code; ISO3 is HTI.,
HON,mueller-synthetic-n,1800,2025,Honduras,HND-1800-2025,high,FAO-style legacy code; ISO3 is HND.,
Haiti,faostat,1961,2024,Haiti,HTI-1800-2025,high,FAOSTAT area code 93; observed 1961-2024 in pins faostat-cbs-new;faostat-cbs-old-animal;faostat-cbs-old-crops;faostat-fbs-new;faostat-fbs-old;faostat-production;faostat-trade-totals; iso-equal period match,152458
Honduras,faostat,1961,2024,Honduras,HND-1800-2025,high,FAOSTAT area code 95; observed 1961-2024 in pins faostat-cbs-new;faostat-cbs-old-animal;faostat-cbs-old-crops;faostat-fbs-new;faostat-fbs-old;faostat-production;faostat-trade-totals; iso-equal period match,213241
Honduras,lassaletta-grassland-share,1961,2009,Honduras,HND-1800-2025,high,"Exact match of the source label to this polity name, single live HND family. Non-overlapping ranges following the exclusive end_year of the polities database, so each data year resolves to the polity live in it regardless of match order.",
Hungary,faostat,1961,2024,Hungary (1947-2025),HUN-1947-2025,high,FAOSTAT area code 97; observed 1961-2024 in pins faostat-cbs-new;faostat-cbs-old-animal;faostat-cbs-old-crops;faostat-fbs-new;faostat-fbs-old;faostat-production;faostat-trade-totals; iso-equal period match,255854
Hungary,lassaletta-grassland-share,1961,2009,Hungary (1947-2025),HUN-1947-2025,high,"Exact match of the source label to this polity name, single live HUN family. Non-overlapping ranges following the exclusive end_year of the polities database, so each data year resolves to the polity live in it regardless of match order.",
Iceland,faostat,1961,2024,Iceland,ISL-1800-2025,high,FAOSTAT area code 99; observed 1961-2024 in pins faostat-cbs-new;faostat-cbs-old-animal;faostat-cbs-old-crops;faostat-fbs-new;faostat-fbs-old;faostat-production;faostat-trade-totals; iso-equal period match,170791
Iceland,lassaletta-grassland-share,1961,2009,Iceland,ISL-1800-2025,high,"Exact match of the source label to this polity name, single live ISL family. Non-overlapping ranges following the exclusive end_year of the polities database, so each data year resolves to the polity live in it regardless of match order.",
India,faostat,1961,2024,India,IND-1949-2025,high,FAOSTAT area code 100; observed 1961-2024 in pins faostat-cbs-new;faostat-cbs-old-animal;faostat-cbs-old-crops;faostat-fbs-new;faostat-fbs-old;faostat-production;faostat-trade-totals; iso-equal period match,254312
India,lassaletta-grassland-share,1961,2009,India,IND-1949-2025,high,"Exact match of the source label to this polity name, single live IND family. Non-overlapping ranges following the exclusive end_year of the polities database, so each data year resolves to the polity live in it regardless of match order.",
India,trade-sources,1885,1885,British India (to 1886),IND-1800-1886,high,"Reporter label in inst/extdata/trade_sources.csv, resolved through FAOSTAT area 100. Exact match to the canonical area name.",
India,trade-sources,1886,1892,British India (1886-1893),IND-1886-1893,high,"Reporter label in inst/extdata/trade_sources.csv, resolved through FAOSTAT area 100. Exact match to the canonical area name.",
India,trade-sources,1893,1913,India (1893-1914),IND-1893-1914,high,"Reporter label in inst/extdata/trade_sources.csv, resolved through FAOSTAT area 100. Exact match to the canonical area name.",
Indochina Viet Nam,fao,1937,1953,Vietnam (French Indochina),VNM-1887-1954,high,"A HOLE IN MY OWN FIX. PR 152 aliased this label for source `mitchell` only, so the identical label arriving from FAO still resolved to FID-1887-1954 -- ALL OF FRENCH INDOCHINA instead of Vietnam. Caught by the stated-area gate: FAO states 225,000 km2 for the label while FID's polygon is 753,049, a 3.35x gap that could only mean the label was reaching the wrong polity. Same tokenisation cause as before ('Viet Nam' vs 'Vietnam'); the lesson is that a source-scoped alias fixes one source and leaves every other one wrong.",1
Indochina Viet Nam,mitchell,1937,1951,Vietnam (French Indochina),VNM-1887-1954,high,"Routed to FID-1887-1954 -- ALL OF FRENCH INDOCHINA -- while the label names Viet Nam explicitly. Cause is a tokenisation gap, not a missing alias: VNM-1887-1954 is named 'Vietnam (French Indochina)', and matchlib.norm drops parenthesised qualifiers, leaving the single token {'vietnam'}. This label tokenises to {'indochina','viet','nam'}, and 'vietnam' is not a subset of that, so the name match fails. The sibling labels DO match -- 'Indochina Cambodia' -> {'indochina','cambodia'} against 'Cambodia (1907-1953)' -> {'cambodia'}, and 'Indochina Laos' likewise -- so only Viet Nam falls through. And it does not fall through to UNMATCHED: the remaining shared token 'indochina' matches French Indochina, so the label lands on the CONTAINING EMPIRE. In 1949-1951 the source reports all three constituents separately ('Indochina Viet Nam' + 'Indochina Cambodia' + 'Indochina Laos'), so leaving Viet Nam on the whole adds a part to an aggregate that its siblings also report against.",96
Indochina: Viet Nam,mitchell,1949,1951,Vietnam (French Indochina),VNM-1887-1954,high,Punctuation variant of the label above; identical cause and fix.,3
Indonesia,fao1952,1800,1944,Dutch East Indies,IDN-1800-1945,high,"the merged row is named Dutch East Indies (its actual identity) so the source label Indonesia no longer resolves by name, and these fao1952 rows carry no iso3 code; alias restores the 23 rows the merge would otherwise orphan",23
Indonesia,fao1952,1945,1945,Dutch East Indies,IDN-1945-1949,high,"boundary year 1945 split out 2026-08-05 (issue 90 group B): the alias claimed 1945 while IDN-1800-1945 covers only to 1944, so the rows landed on a polity whose own columns exclude the year. Retargeted to IDN-1945-1949, area change +0.0% -- identical polygon; the 1945 split is the proclamation of independence, not a territorial change.",
Indonesia,faostat,1961,1962,Indonesia (1949-1963),IDN-1949-1963,high,FAOSTAT area code 101; split at 1963 not 1969 per issue 23 (West New Guinea passed to Indonesia 1963-05-01); observed 1961-1968 in pins faostat-cbs-new;faostat-cbs-old-animal;faostat-cbs-old-crops;faostat-fbs-new;faostat-fbs-old;faostat-production;faostat-trade-totals; iso-equal period match,251399
Indonesia,faostat,1963,1975,Indonesia (1963-1976),IDN-1963-1976,high,FAOSTAT area code 101; range starts 1963 not 1969 per issue 23 (West New Guinea passed to Indonesia 1963-05-01); observed 1963-1975 in pins faostat-cbs-new;faostat-cbs-old-animal;faostat-cbs-old-crops;faostat-fbs-new;faostat-fbs-old;faostat-production;faostat-trade-totals; iso-equal period match,251399
Indonesia,faostat,1976,2001,Indonesia (1976-2002),IDN-1976-2002,high,FAOSTAT area code 101; observed 1976-2001 in pins faostat-cbs-new;faostat-cbs-old-animal;faostat-cbs-old-crops;faostat-fbs-new;faostat-fbs-old;faostat-production;faostat-trade-totals; iso-equal period match,251399
Indonesia,faostat,2002,2024,Indonesia,IDN-2002-2025,high,FAOSTAT area code 101; observed 2002-2024 in pins faostat-cbs-new;faostat-cbs-old-animal;faostat-cbs-old-crops;faostat-fbs-new;faostat-fbs-old;faostat-production;faostat-trade-totals; iso-equal period match,251399
Indonesia,lassaletta-grassland-share,1961,1962,Indonesia (1949-1963),IDN-1949-1963,high,"Exact match of the source label to this polity name, single live IDN family. Non-overlapping ranges following the exclusive end_year of the polities database, so each data year resolves to the polity live in it regardless of match order.",
Indonesia,lassaletta-grassland-share,1963,1975,Indonesia (1963-1976),IDN-1963-1976,high,"Exact match of the source label to this polity name, single live IDN family. Non-overlapping ranges following the exclusive end_year of the polities database, so each data year resolves to the polity live in it regardless of match order.",
Indonesia,lassaletta-grassland-share,1976,2001,Indonesia (1976-2002),IDN-1976-2002,high,"Exact match of the source label to this polity name, single live IDN family. Non-overlapping ranges following the exclusive end_year of the polities database, so each data year resolves to the polity live in it regardless of match order.",
Indonesia,lassaletta-grassland-share,2002,2009,Indonesia,IDN-2002-2025,high,"Exact match of the source label to this polity name, single live IDN family. Non-overlapping ranges following the exclusive end_year of the polities database, so each data year resolves to the polity live in it regardless of match order.",
Indonesia Bali and Lombok,fao1952,1949,1951,Bali and Lombok (within Indonesia),IDN-BLB-1949-1951,high,FAO 1952 island-group sub-national label; ~10505 km2 vs ~1900000 km2 whole Indonesia; 180x overstatement if routed to IDN-1949-1963,
Indonesia Bali and Lombok,fao1952,1950,1951,indonesia bali and lombok,IDN-BLB-1949-1951,high,"assertion-verification: The label ""Indonesia Bali and Lombok"" is a FAO 1952 island-group sub-national reporting unit, not the whole of Indonesia; FAO 1952 explicitly disaggregated Indonesia into ""Java and Madura"", ""Bali and Lombok"", and ""Other islands"" reporting rows. The deterministic matcher routed it to IDN-1949-1963 (w",16
Indonesia Java and Madura,fao1952,1949,1951,Java and Madura (within Indonesia),IDN-JVM-1949-1951,high,FAO 1952 island-group sub-national label; ~132000 km2 vs ~1900000 km2 whole Indonesia; 14x overstatement if routed to IDN-1949-1963,
Indonesia Other islands,fao1952,1949,1951,Other islands (within Indonesia),IDN-OTH-1949-1951,high,FAO 1952 island-group sub-national label; ~1757495 km2; double-count risk if routed to IDN-1949-1963 alongside already-matched JVM+BLB entries,
Iran (Islamic Republic of),faostat,1961,2024,Iran,IRN-1828-2025,high,FAOSTAT area code 102; observed 1961-2024 in pins faostat-cbs-new;faostat-cbs-old-animal;faostat-cbs-old-crops;faostat-fbs-new;faostat-fbs-old;faostat-production;faostat-trade-totals; iso-equal period match,218401
Iran (Islamic Republic of),lassaletta-grassland-share,1961,2009,Iran,IRN-1828-2025,high,"Copy of the curated `faostat` decision for the identical label. Lassaletta et al. use FAO country names, so the era assignment already made there applies unchanged; only the year range is intersected with this dataset window.",
Iraq,faostat,1961,2024,Iraq,IRQ-1932-2025,high,FAOSTAT area code 103; observed 1961-2024 in pins faostat-cbs-new;faostat-cbs-old-animal;faostat-cbs-old-crops;faostat-fbs-new;faostat-fbs-old;faostat-production;faostat-trade-totals; iso-equal period match,176958
Iraq,lassaletta-grassland-share,1961,2009,Iraq,IRQ-1932-2025,high,"Exact match of the source label to this polity name, single live IRQ family. Non-overlapping ranges following the exclusive end_year of the polities database, so each data year resolves to the polity live in it regardless of match order.",
Ireland,faostat,1961,2024,Ireland,IRL-1921-2025,high,FAOSTAT area code 104; observed 1961-2024 in pins faostat-cbs-new;faostat-cbs-old-animal;faostat-cbs-old-crops;faostat-fbs-new;faostat-fbs-old;faostat-production;faostat-trade-totals; iso-equal period match,246559
Ireland,lassaletta-grassland-share,1961,2009,Ireland,IRL-1921-2025,high,"Exact match of the source label to this polity name, single live IRL family. Non-overlapping ranges following the exclusive end_year of the polities database, so each data year resolves to the polity live in it regardless of match order.",
Israel,faostat,1961,1966,Israel (1948-1967),ISR-1948-1967,high,FAOSTAT area code 105; observed 1961-1966 in pins faostat-cbs-new;faostat-cbs-old-animal;faostat-cbs-old-crops;faostat-fbs-new;faostat-fbs-old;faostat-production;faostat-trade-totals; iso-equal period match,234671
Israel,faostat,1967,1978,Israel (1967-1979),ISR-1967-1979,high,FAOSTAT area code 105; observed 1967-1978 in pins faostat-cbs-new;faostat-cbs-old-animal;faostat-cbs-old-crops;faostat-fbs-new;faostat-fbs-old;faostat-production;faostat-trade-totals; iso-equal period match,234671
Israel,faostat,1979,2024,Israel,ISR-1979-2025,high,FAOSTAT area code 105; observed 1979-2024 in pins faostat-cbs-new;faostat-cbs-old-animal;faostat-cbs-old-crops;faostat-fbs-new;faostat-fbs-old;faostat-production;faostat-trade-totals; iso-equal period match,234671
Israel,lassaletta-grassland-share,1961,1966,Israel (1948-1967),ISR-1948-1967,high,"Exact match of the source label to this polity name, single live ISR family. Non-overlapping ranges following the exclusive end_year of the polities database, so each data year resolves to the polity live in it regardless of match order.",
Israel,lassaletta-grassland-share,1967,1978,Israel (1967-1979),ISR-1967-1979,high,"Exact match of the source label to this polity name, single live ISR family. Non-overlapping ranges following the exclusive end_year of the polities database, so each data year resolves to the polity live in it regardless of match order.",
Israel,lassaletta-grassland-share,1979,2009,Israel,ISR-1979-2025,high,"Exact match of the source label to this polity name, single live ISR family. Non-overlapping ranges following the exclusive end_year of the polities database, so each data year resolves to the polity live in it regardless of match order.",
Italian East Africa,,1936,1941,Italian East Africa (1936-1941),AOI-1936-1941,high,unambiguous label for AOI aggregate 1936-1941; ~1700000 km2; routes aggregate Horn of Africa data to AOI polity not sovereign Ethiopia,
Italy,faostat,1961,2024,Italy,ITA-1919-2025,high,FAOSTAT area code 106; observed 1961-2024 in pins faostat-cbs-new;faostat-cbs-old-animal;faostat-cbs-old-crops;faostat-fbs-new;faostat-fbs-old;faostat-production;faostat-trade-totals; iso-equal period match,278124
Italy,lassaletta-grassland-share,1961,2009,Italy,ITA-1919-2025,high,"Exact match of the source label to this polity name, single live ITA family. Non-overlapping ranges following the exclusive end_year of the polities database, so each data year resolves to the polity live in it regardless of match order.",
Ivory Coast,,1960,2025,Côte d'Ivoire,CIV-1960-2025,high,"short-form label used by WHEP harmonization tables; resolves to the same polity as the canonical FAOSTAT label ""Côte d'Ivoire"", which already routes to CIV-1960-2025. Added because the label appears in regions_full/polities_cats and resolve_polity_label() returned NA for it. Rescoped from source=faostat to blanket: the label is a generic English short form, not a FAOSTAT convention, and scoping it to one source left it unreachable for every other. Measured on WHEP's crop_residues, whose areas resolve by name with no source given: these four labels accounted for 9,822 of the 10,022 rows still carrying no area code (DR Congo 3,147; Ivory Coast 2,992; Lao 1,881; Czech Republic 1,802).",0
Jamaica,faostat,1961,2024,Jamaica,JAM-1800-2025,high,FAOSTAT area code 109; observed 1961-2024 in pins faostat-cbs-new;faostat-cbs-old-animal;faostat-cbs-old-crops;faostat-fbs-new;faostat-fbs-old;faostat-production;faostat-trade-totals; iso-equal period match,199570
Jamaica,lassaletta-grassland-share,1961,2009,Jamaica,JAM-1800-2025,high,"Exact match of the source label to this polity name, single live JAM family. Non-overlapping ranges following the exclusive end_year of the polities database, so each data year resolves to the polity live in it regardless of match order.",
Japan,fao1952,1895,1944,Japanese Empire,JPN-1895-1945,high,name-equivalence,57
Japan,faostat,1961,2024,Japan,JPN-1952-2025,high,FAOSTAT area code 110; observed 1961-2024 in pins faostat-cbs-old-animal;faostat-cbs-old-crops;faostat-fbs-new;faostat-fbs-old;faostat-production;faostat-trade-totals; iso-equal period match,254381
Japan,lassaletta-grassland-share,1961,2009,Japan,JPN-1952-2025,high,"Exact match of the source label to this polity name, single live JPN family. Non-overlapping ranges following the exclusive end_year of the polities database, so each data year resolves to the polity live in it regardless of match order.",
Jordan,faostat,1961,2024,Jordan,JOR-1946-2025,high,FAOSTAT area code 112; observed 1961-2024 in pins faostat-cbs-new;faostat-cbs-old-animal;faostat-cbs-old-crops;faostat-fbs-new;faostat-fbs-old;faostat-production;faostat-trade-totals; iso-equal period match,214926
Jordan,lassaletta-grassland-share,1961,2009,Jordan,JOR-1946-2025,high,"Exact match of the source label to this polity name, single live JOR family. Non-overlapping ranges following the exclusive end_year of the polities database, so each data year resolves to the polity live in it regardless of match order.",
Kazakhstan,faostat,1992,2024,Kazakhstan,KAZ-1991-2025,high,FAOSTAT area code 108; observed 1992-2024 in pins faostat-cbs-new;faostat-cbs-old-animal;faostat-cbs-old-crops;faostat-fbs-new;faostat-fbs-old;faostat-production;faostat-trade-totals; iso-equal period match,120824
Kenya,faostat,1961,1962,Kenya (1926-1963),KEN-1926-1963,high,FAOSTAT area code 114; observed 1961-1962 in pins faostat-cbs-new;faostat-cbs-old-animal;faostat-cbs-old-crops;faostat-fbs-new;faostat-fbs-old;faostat-production;faostat-trade-totals; iso-equal period match,239879
Kenya,faostat,1963,2024,Kenya,KEN-1963-2025,high,FAOSTAT area code 114; observed 1963-2024 in pins faostat-cbs-new;faostat-cbs-old-animal;faostat-cbs-old-crops;faostat-fbs-new;faostat-fbs-old;faostat-production;faostat-trade-totals; iso-equal period match,239879
Kenya,lassaletta-grassland-share,1961,1962,Kenya (1926-1963),KEN-1926-1963,high,"Exact match of the source label to this polity name, single live KEN family. Non-overlapping ranges following the exclusive end_year of the polities database, so each data year resolves to the polity live in it regardless of match order.",
Kenya,lassaletta-grassland-share,1963,2009,Kenya,KEN-1963-2025,high,"Exact match of the source label to this polity name, single live KEN family. Non-overlapping ranges following the exclusive end_year of the polities database, so each data year resolves to the polity live in it regardless of match order.",
Kiribati,faostat,1961,2024,Kiribati,KIR-1800-2025,high,FAOSTAT area code 83; observed 1961-2024 in pins faostat-cbs-new;faostat-cbs-old-animal;faostat-cbs-old-crops;faostat-fbs-new;faostat-fbs-old;faostat-production;faostat-trade-totals; iso-equal period match,105746
Korea,fao1952,1949,1951,South Korea,KOR-1948-2025,high,unqualified label refers to RoK for this source/period; North Korea was inaccessible to FAO compilers; magnitudes consistent with ~100k km2 RoK territory,
Korea South,fao1952,1910,1945,Korea South (within Japanese Chosen),KRS-1910-1945,high,FAO 1952 sub-territorial label for southern half of Japanese Chosen (~100210 km²); 38th-parallel proxy polygon; cannot route to KOR-1948-2025 (wrong era) or KOR-1800-1945 (wrong scope ~2x overstatement),
Korea South,fao1952,1948,1951,South Korea,KOR-1948-2025,high,routing gap fix; existing KRS-1910-1945 alias only covers 1910-1945; KOR-1948-2025 is the correct post-independence polity (~100k km2); magnitudes consistent with RoK territory,
Kuwait,faostat,1961,2024,Kuwait,KWT-1800-2025,high,FAOSTAT area code 118; observed 1961-2024 in pins faostat-cbs-new;faostat-cbs-old-animal;faostat-cbs-old-crops;faostat-fbs-new;faostat-fbs-old;faostat-production;faostat-trade-totals; iso-equal period match,188419
Kyrgyzstan,faostat,1992,2024,Kyrgyzstan,KGZ-1991-2025,high,FAOSTAT area code 113; observed 1992-2024 in pins faostat-cbs-new;faostat-cbs-old-animal;faostat-cbs-old-crops;faostat-fbs-new;faostat-fbs-old;faostat-production;faostat-trade-totals; iso-equal period match,103359
Lao,,1954,2025,Lao People's Democratic Republic,LAO-1954-2025,high,"short-form label used by WHEP harmonization tables; resolves to the same polity as the canonical FAOSTAT label ""Lao People's Democratic Republic"", which already routes to LAO-1954-2025. Added because the label appears in regions_full/polities_cats and resolve_polity_label() returned NA for it. Rescoped from source=faostat to blanket: the label is a generic English short form, not a FAOSTAT convention, and scoping it to one source left it unreachable for every other. Measured on WHEP's crop_residues, whose areas resolve by name with no source given: these four labels accounted for 9,822 of the 10,022 rows still carrying no area code (DR Congo 3,147; Ivory Coast 2,992; Lao 1,881; Czech Republic 1,802).",0
Lao People's Democratic Republic,faostat,1961,2024,Laos,LAO-1954-2025,high,FAOSTAT area code 120; observed 1961-2024 in pins faostat-cbs-new;faostat-cbs-old-animal;faostat-cbs-old-crops;faostat-fbs-new;faostat-fbs-old;faostat-production;faostat-trade-totals; iso-equal period match,136563
Lao People's Democratic Republic,lassaletta-grassland-share,1961,2009,Laos,LAO-1954-2025,high,"Copy of the curated `faostat` decision for the identical label. Lassaletta et al. use FAO country names, so the era assignment already made there applies unchanged; only the year range is intersected with this dataset window.",
Latvia,faostat,1992,2024,Latvia,LVA-1991-2025,high,FAOSTAT area code 119; observed 1992-2024 in pins faostat-cbs-new;faostat-cbs-old-animal;faostat-cbs-old-crops;faostat-fbs-new;faostat-fbs-old;faostat-production;faostat-trade-totals; iso-equal period match,120121
Lebanon,faostat,1961,2024,Lebanon,LBN-1944-2025,high,FAOSTAT area code 121; observed 1961-2024 in pins faostat-cbs-new;faostat-cbs-old-animal;faostat-cbs-old-crops;faostat-fbs-new;faostat-fbs-old;faostat-production;faostat-trade-totals; iso-equal period match,225832
Lebanon,lassaletta-grassland-share,1961,2009,Lebanon,LBN-1944-2025,high,"Exact match of the source label to this polity name, single live LBN family. Non-overlapping ranges following the exclusive end_year of the polities database, so each data year resolves to the polity live in it regardless of match order.",
Lesotho,faostat,1961,1965,Lesotho (1886-1966),LSO-1886-1966,high,FAOSTAT area code 122; observed 1961-1965 in pins faostat-cbs-new;faostat-cbs-old-animal;faostat-cbs-old-crops;faostat-fbs-new;faostat-fbs-old;faostat-production;faostat-trade-totals; iso-equal period match,109395
Lesotho,faostat,1966,2024,Lesotho,LSO-1966-2025,high,FAOSTAT area code 122; observed 1966-2024 in pins faostat-cbs-new;faostat-cbs-old-animal;faostat-cbs-old-crops;faostat-fbs-new;faostat-fbs-old;faostat-production;faostat-trade-totals; iso-equal period match,109395
Lesotho,lassaletta-grassland-share,1961,1965,Lesotho (1886-1966),LSO-1886-1966,high,"Exact match of the source label to this polity name, single live LSO family. Non-overlapping ranges following the exclusive end_year of the polities database, so each data year resolves to the polity live in it regardless of match order.",
Lesotho,lassaletta-grassland-share,1966,2009,Lesotho,LSO-1966-2025,high,"Exact match of the source label to this polity name, single live LSO family. Non-overlapping ranges following the exclusive end_year of the polities database, so each data year resolves to the polity live in it regardless of match order.",
Liberia,faostat,1961,2024,Liberia,LBR-1847-2025,high,FAOSTAT area code 123; observed 1961-2024 in pins faostat-cbs-new;faostat-cbs-old-animal;faostat-cbs-old-crops;faostat-fbs-new;faostat-fbs-old;faostat-production;faostat-trade-totals; iso-equal period match,135600
Liberia,lassaletta-grassland-share,1961,2009,Liberia,LBR-1847-2025,high,"Exact match of the source label to this polity name, single live LBR family. Non-overlapping ranges following the exclusive end_year of the polities database, so each data year resolves to the polity live in it regardless of match order.",
Libya,fao1952,1943,1949,Libya (1943-1949),LBY-1943-1949,high,plain FAO 1952 all-Libya aggregate label (distinct from sub-provincial Libya Tripolitania/Libya Cyrenaica/Libya Fezzan labels); livestock magnitudes confirm all-Libya scope: 1949 horses+mules+asses=152k vs Tripolitania-only 33k; CShapes all-Libya polygon ~1617537 km2,
Libya,fao1952,1950,1950,Libya under UN Transitional Administration (1950-1951),LBY-1949-1951,high,all-Libya FAO label 1950 data; bridging polity covers full-territory UN transitional administration period,
Libya,fao1952,1951,1951,Libya under UN Transitional Administration (1950-1951),LBY-1951-2025,high,"boundary year 1951 split out 2026-08-05 (issue 90 group B): the alias claimed 1951 while LBY-1949-1951 covers only to 1950, so the rows landed on a polity whose own columns exclude the year. Retargeted to LBY-1951-2025, area change +0.0% -- identical polygon; independence 24 Dec 1951 ends the UN transitional administration, same territory.",
Libya,faostat,1961,2024,Libya,LBY-1951-2025,high,FAOSTAT area code 124; observed 1961-2024 in pins faostat-cbs-new;faostat-fbs-new;faostat-production;faostat-trade-totals; iso-equal period match,81391
Libya,lassaletta-grassland-share,1961,2009,Libya,LBY-1951-2025,high,"Exact match of the source label to this polity name, single live LBY family. Non-overlapping ranges following the exclusive end_year of the polities database, so each data year resolves to the polity live in it regardless of match order.",
Libya,iia,1943,1948,Libya under Allied occupation (1943-1949),LBY-1943-1949,high,"Pinned by issue 137 alongside the mitchell rule below. These 3 rows (1943, 1944, 1945) carry the ALL-LIBYA label and were resolving to FEZ-1943-1951 -- Fezzan alone, 463,596 km2 against the all-Libya row's 1,617,537, a 3.5x understatement -- purely because pick_by_year left every occupation-era LBY member as a candidate (all four are typed `national`; there was no Libyan state to be subordinate to) and FAMILY ORDER decided: FEZ sorts first. Adding CYR-1943-1949 for the 4 unmatched Cyrenaica rows moved these to CYR instead, which is no more correct and no less: the defect is the unpinned label, not which member happens to sort first. Pinned to LBY-1943-1949, the row that IS all of Libya under Allied occupation, and ranged over the whole 1943-1948 window (end_year is exclusive; 1949 belongs to LBY-1949-1951) so no future ingest year can fall back into order-dependence.",3
Libya,mitchell,1943,1948,Libya under Allied occupation (1943-1949),LBY-1943-1949,high,"Same defect and same fix as the iia rule above (issue 137): 6 rows, 4 in 1945 and 2 in 1947, carrying the all-Libya label and routed to FEZ-1943-1951 by family order before this PR and to CYR-1943-1949 after it. Neither is the reporting unit the label names. Pinned to LBY-1943-1949 over the full 1943-1948 window. This rule is adjacent to, and does not overlap, the 1949-1950 rule below -- end_year exclusive on the polity, year_end inclusive on the alias, so 1948/1949 is the correct seam.",6
Libya,mitchell,1949,1950,Libya under UN Transitional Administration (1949-1951),LBY-1949-1951,high,"28 rows resolving to CYR-1949-1951 -- the Emirate of CYRENAICA alone, roughly the eastern third of Libya -- because NO all-Libya row was live in 1949. LBY-1943-1949 ends exclusive at 1949 and the transitional row started in 1950. Fixed at the source by starting LBY-1949-1951 in 1949, the year of UN Resolution 289 (21 Nov 1949) and the year that row's own summary always claimed to cover. Ranged over the full 1949-1950 span rather than only the observed year so later ingests cannot fall into the same hole.",28
Libya Cyrenaica,fao1952,1943,1948,British Military Administration of Cyrenaica,CYR-1943-1949,high,"The 1948 half of this label, which the 1949-1951 rule below could not reach and which was resolving to NOTHING -- 4 FAO 1952 land-use rows, including `use total` at 85,540 thousand hectares = 855,400 km2, the stated area the CYR/TRP/FEZ pages all measure their polygons against. CYR-1943-1949 (British Military Administration of Cyrenaica) was created for them in issue 198 and reuses CYR-1949-1951's constructed polygon unchanged, so the route is the same 837,876 km2 of ground under the earlier administration. Ranged over the whole 1943-1948 span rather than only the observed year so an earlier FAO/IIA edition cannot fall into the same hole. year_end 1948 not 1949 because CYR-1943-1949's end_year is EXCLUSIVE (issue 131).",4
Libya Cyrenaica,fao1952,1949,1951,Emirate of Cyrenaica,CYR-1949-1951,high,FAO 1952 label for eastern Libyan province; ~850-900k km2 vs all-Libya ~1.6M km2; 4 rows 1949-1951 (the 4 rows at 1948 route to CYR-1943-1949 by the rule above),4
Libya Cyrenaica,mitchell,1949,1950,Emirate of Cyrenaica,CYR-1949-1951,high,"Both territories are typed `national`/`colonial` on the same iso3, so matchlib's type tie-break cannot separate them and shapefile-independent FAMILY ORDER decided the route. The label names the territory explicitly, so the route is not a judgement. Already resolved to CYR for 4 of 8 rows and to LBY-1943-1949 (all Libya) for the other 4, purely by which year was asked. Pinned so the split cannot recur. The 1948 rows ARE now covered, by CYR-1943-1949 (issue 198); the sentence here previously said they were not, which was true until that row existed.",4
Libya Fezzan,fao1952,1943,1950,French Military Administration of Fezzan,FEZ-1943-1951,high,"FAO 1952 label for the French-administered southwestern third of Libya; FAO states 551,100 km2 for it against 1,759,500 for all Libya, so routing these rows to the LBY aggregate would overstate the territory described by 3.2x and double-count against the already-matched Libya Tripolitania and Libya Cyrenaica series; polygon is a union of 5 GADM adm1 shabiyat measuring 463,596 km2 (-15.9% vs FAO, the GADM Libya-wide 8.2% shortfall concentrating in the emptiest quarter); issue 156; year_end 1950 not 1951 because FEZ-1943-1951's end_year is EXCLUSIVE (issue 131) -- 1951 Fezzan data is unroutable for the same reason it is for Tripolitania and Cyrenaica, recorded as an open question rather than papered over with an out-of-range alias",5
Libya Tripolitania,fao1952,1943,1951,British Military Administration of Tripolitania,TRP-1943-1951,high,FAO 1952 label for western Libyan province; ~330-400k km2 vs all-Libya ~1.6M km2 (~4x overstatement if routed to LBY aggregate); 37 rows 1948-1951,37
Libya Tripolitania,mitchell,1948,1950,British Military Administration of Tripolitania,TRP-1943-1951,high,"Both territories are typed `national`/`colonial` on the same iso3, so matchlib's type tie-break cannot separate them and shapefile-independent FAMILY ORDER decided the route. The label names the territory explicitly, so the route is not a judgement. 20 of 22 rows were routing to CYR-1949-1951, the Emirate of CYRENAICA -- Tripolitania's data landing on the other side of the country. Cyrenaica is the east, Tripolitania the west; they were separately administered 1943-1951.",22
Libya: Cyrenaica,mitchell,1949,1950,Emirate of Cyrenaica,CYR-1949-1951,high,"Both territories are typed `national`/`colonial` on the same iso3, so matchlib's type tie-break cannot separate them and shapefile-independent FAMILY ORDER decided the route. The label names the territory explicitly, so the route is not a judgement. Punctuation variant of the label above; pinned identically.",5
Liechtenstein,faostat,1850,2025,Liechtenstein,LIE-1800-2025,high,FAOSTAT area code 125; no data in scanned pins; registry map to LIE-1800-2025 (1850-2025),0
Lithuania,faostat,1992,2024,Lithuania,LTU-1991-2025,high,FAOSTAT area code 126; observed 1992-2024 in pins faostat-cbs-new;faostat-cbs-old-animal;faostat-cbs-old-crops;faostat-fbs-new;faostat-fbs-old;faostat-production;faostat-trade-totals; iso-equal period match,123044
Luxembourg,faostat,2000,2024,Luxembourg,LUX-1839-2025,high,FAOSTAT area code 256; observed 2000-2024 in pins faostat-cbs-new;faostat-cbs-old-animal;faostat-cbs-old-crops;faostat-fbs-new;faostat-fbs-old;faostat-production;faostat-trade-totals; iso-equal period match,94451
MNE,crops-manure-n,1992,2005,Serbia and Montenegro,SCG-1992-2006,high,"West et al. (2014) is a circa-2000 snapshot that uses MODERN ISO codes, so this code names a state that did not exist in the data year. Serbia and Montenegro were one polity until 2006. Manure_N_Mg is an additive quantity, so SRB and MNE both resolving to SCG-1992-2006 sums to that polity's total rather than double-counting it; contrast mueller-synthetic-n, where the values are RATES and every code must reach a DISTINCT polity.",
Madagascar,faostat,1961,2024,Madagascar,MDG-1882-2025,high,FAOSTAT area code 129; observed 1961-2024 in pins faostat-cbs-new;faostat-cbs-old-animal;faostat-cbs-old-crops;faostat-fbs-new;faostat-fbs-old;faostat-production;faostat-trade-totals; iso-equal period match,207040
Madagascar,lassaletta-grassland-share,1961,2009,Madagascar,MDG-1882-2025,high,"Exact match of the source label to this polity name, single live MDG family. Non-overlapping ranges following the exclusive end_year of the polities database, so each data year resolves to the polity live in it regardless of match order.",
Makatea,fao1952,1949,1951,French Polynesia,PYF-1800-2025,high,Makatea is a ~28 km² atoll in the Tuamotu Archipelago administratively part of French Oceania (Établissements français de l'Océanie); phosphate production data 1949-1951; GADM PYF polygon covers the Tuamotu Archipelago; no separate polity needed,8
Malawi,faostat,1961,1963,Nyasaland within Federation of Rhodesia and Nyasaland,MWI-1953-1964,high,FAOSTAT area code 130; observed 1961-1963 in pins faostat-cbs-new;faostat-cbs-old-animal;faostat-cbs-old-crops;faostat-fbs-new;faostat-fbs-old;faostat-production;faostat-trade-totals; iso-equal period match,185999
Malawi,faostat,1964,2024,Malawi,MWI-1964-2025,high,FAOSTAT area code 130; observed 1964-2024 in pins faostat-cbs-new;faostat-cbs-old-animal;faostat-cbs-old-crops;faostat-fbs-new;faostat-fbs-old;faostat-production;faostat-trade-totals; iso-equal period match,185999
Malawi,lassaletta-grassland-share,1964,2009,Malawi,MWI-1964-2025,high,"Exact match of the source label to this polity name, single live MWI family. Non-overlapping ranges following the exclusive end_year of the polities database, so each data year resolves to the polity live in it regardless of match order.",
Malaya Fed of,fao1952,1949,1951,Malayan Union / Federation of Malaya,MYS-1946-1957,high,Abbreviated form of 'Malaya Federation of'; same territory (~132040 km2 peninsular Malaya excl. Singapore) already aliased under full name,25
Malaya Federation,mitchell,1937,1937,British Malaya (1895-1946),GBM-1895-1946,high,"Both territories are typed `national`/`colonial` on the same iso3, so matchlib's type tie-break cannot separate them and shapefile-independent FAMILY ORDER decided the route. The label names the territory explicitly, so the route is not a judgement. The label says Malaya; it was routing to North Borneo.",1
Malaya Federation of,fao,1948,1951,Malayan Union / Federation of Malaya (1946-1957),MYS-1946-1957,high,"The post-1946 Federation, not British Malaya; FAO carries it for 1951.",1
Malaya Federation of,fao1952,1939,1945,British Malaya,GBM-1895-1946,high,FAO retroactive label for British Malaya territory; matched by territorial extent (~132040 km2) and contiguous successor chain,
Malaya Federation of,fao1952,1946,1951,Malayan Union / Federation of Malaya,MYS-1946-1957,high,Direct name match to Malayan Union/Federation of Malaya polity,
Malaya Federation of,mitchell,1939,1939,British Malaya (1895-1946),GBM-1895-1946,high,"Both territories are typed `national`/`colonial` on the same iso3, so matchlib's type tie-break cannot separate them and shapefile-independent FAMILY ORDER decided the route. The label names the territory explicitly, so the route is not a judgement. The label says Malaya; it was routing to North Borneo.",2
Malaya Federation of and Singapore,fao1952,1895,1945,British Malaya (1895-1946),GBM-1895-1946,high,"FAO 1952 reports Malaya and Singapore as ONE unit in its agricultural-population table, and for 1937 the unit that WAS Malaya-including-Singapore is British Malaya: GBM-1895-1946 is built as Straits Settlements (CShapes 827, 3,601 km2, which IS Singapore plus Penang and Malacca) union Federated Malay States (821, 71,415) union Unfederated Malay States (822, 57,024) = 132,040 km2. MASG-1946-1963, the row for the same combined unit later, measures 132,040 km2 from CShapes Malaya (820) union Singapore (830) -- the same ground by an independent recipe, so the series is territorially continuous across the two rows. Routing the 1937 row to MYS-1946-1957 was impossible (starts 1946) and routing it to peninsular Malaya alone would have dropped Singapore. 2 rows (1937). Issue 137.",2
Malaya Federation of and Singapore,fao1952,1946,1962,Malaya and Singapore,MASG-1946-1963,high,"Same FAO 1952 combined unit, post-war years. The label resolved to NOTHING at all (status `none`, not `year_uncovered`): it normalises to neither `malaya and singapore` nor any polity name, so no family was ever found and the 1951 rows were unmatched even though MASG-1946-1963 covers 1951 and is exactly this reporting unit. 1951 male 839 + female 347 = 1,186 thousand agricultural population, continuous with the 1,171 the same table gives for 1937. year_end 1962 not 1963 because MASG-1946-1963's end_year is EXCLUSIVE. 3 rows (1951). Issue 137.",3
Malaysia,faostat,1961,1962,Malaysia (1957-1963),MYS-1957-1963,high,"FAOSTAT area code 131; observed 1961-1962 in pins faostat-cbs-new;faostat-cbs-old-animal;faostat-cbs-old-crops;faostat-fbs-new;faostat-fbs-old;faostat-production;faostat-trade-totals; manual-span period match; FAOSTAT Malaysia pre-1963 is the Federation of Malaya (peninsula): natural-rubber production jumps ~23% between 1962 and 1963 when Sabah and Sarawak accede - a territorial step, not organic growth for a tree crop",250837
Malaysia,faostat,1963,1964,Malaysia (1963-1965),MYS-1963-1965,high,FAOSTAT area code 131; observed 1963-1964 in pins faostat-cbs-new;faostat-cbs-old-animal;faostat-cbs-old-crops;faostat-fbs-new;faostat-fbs-old;faostat-production;faostat-trade-totals; iso-equal period match,250837
Malaysia,faostat,1965,2024,Malaysia,MYS-1965-2025,high,FAOSTAT area code 131; observed 1965-2024 in pins faostat-cbs-new;faostat-cbs-old-animal;faostat-cbs-old-crops;faostat-fbs-new;faostat-fbs-old;faostat-production;faostat-trade-totals; iso-equal period match,250837
Malaysia,lassaletta-grassland-share,1961,1962,Malaysia (1957-1963),MYS-1957-1963,high,"Exact match of the source label to this polity name, single live MYS family. Non-overlapping ranges following the exclusive end_year of the polities database, so each data year resolves to the polity live in it regardless of match order.",
Malaysia,lassaletta-grassland-share,1963,1964,Malaysia (1963-1965),MYS-1963-1965,high,"Exact match of the source label to this polity name, single live MYS family. Non-overlapping ranges following the exclusive end_year of the polities database, so each data year resolves to the polity live in it regardless of match order.",
Malaysia,lassaletta-grassland-share,1965,2009,Malaysia,MYS-1965-2025,high,"Exact match of the source label to this polity name, single live MYS family. Non-overlapping ranges following the exclusive end_year of the polities database, so each data year resolves to the polity live in it regardless of match order.",
Maldives,faostat,1961,2024,Maldives,MDV-1800-2025,high,FAOSTAT area code 132; observed 1961-2024 in pins faostat-cbs-new;faostat-cbs-old-animal;faostat-cbs-old-crops;faostat-fbs-new;faostat-fbs-old;faostat-production;faostat-trade-totals; iso-equal period match,131539
Mali,faostat,1961,2024,Mali,MLI-1960-2025,high,FAOSTAT area code 133; observed 1961-2024 in pins faostat-cbs-old-animal;faostat-cbs-old-crops;faostat-fbs-new;faostat-fbs-old;faostat-production;faostat-trade-totals; iso-equal period match,181291
Mali,lassaletta-grassland-share,1961,2009,Mali,MLI-1960-2025,high,"Exact match of the source label to this polity name, single live MLI family. Non-overlapping ranges following the exclusive end_year of the polities database, so each data year resolves to the polity live in it regardless of match order.",
Malta,faostat,1961,2024,Malta,MLT-1800-2025,high,FAOSTAT area code 134; observed 1961-2024 in pins faostat-cbs-new;faostat-cbs-old-animal;faostat-cbs-old-crops;faostat-fbs-new;faostat-fbs-old;faostat-production;faostat-trade-totals; iso-equal period match,207406
Malta,lassaletta-grassland-share,1961,2009,Malta,MLT-1800-2025,high,"Exact match of the source label to this polity name, single live MLT family. Non-overlapping ranges following the exclusive end_year of the polities database, so each data year resolves to the polity live in it regardless of match order.",
Marcinique,fao1952,1816,2025,Martinique,MTQ-1816-2025,high,OCR misread of 'Martinique' in fao1952; data years 1949-1951 within polity span; no territorial mismatch,
Marshall Islands,faostat,1991,2024,Marshall Islands,MHL-1874-2025,high,FAOSTAT area code 127; observed 1991-2024 in pins faostat-cbs-new;faostat-fbs-new;faostat-production;faostat-trade-totals; iso-equal period match,20782
Martinique,faostat,1961,2006,Martinique,MTQ-1816-2025,high,FAOSTAT area code 135; observed 1961-2006 in pins faostat-production;faostat-trade-totals; iso-equal period match,9541
Mauritania,faostat,1961,1974,Mauritania (1960-1975),MRT-1960-1975,high,FAOSTAT area code 136; observed 1961-1974 in pins faostat-cbs-new;faostat-cbs-old-animal;faostat-cbs-old-crops;faostat-fbs-new;faostat-fbs-old;faostat-production;faostat-trade-totals; iso-equal period match,148763
Mauritania,faostat,1975,1978,Mauritania (1975-1979),MRT-1975-1979,high,FAOSTAT area code 136; observed 1975-1978 in pins faostat-cbs-new;faostat-cbs-old-animal;faostat-cbs-old-crops;faostat-fbs-new;faostat-fbs-old;faostat-production;faostat-trade-totals; iso-equal period match,148763
Mauritania,faostat,1979,2024,Mauritania,MRT-1979-2025,high,FAOSTAT area code 136; observed 1979-2024 in pins faostat-cbs-new;faostat-cbs-old-animal;faostat-cbs-old-crops;faostat-fbs-new;faostat-fbs-old;faostat-production;faostat-trade-totals; iso-equal period match,148763
Mauritania,lassaletta-grassland-share,1961,1974,Mauritania (1960-1975),MRT-1960-1975,high,"Exact match of the source label to this polity name, single live MRT family. Non-overlapping ranges following the exclusive end_year of the polities database, so each data year resolves to the polity live in it regardless of match order.",
Mauritania,lassaletta-grassland-share,1975,1978,Mauritania (1975-1979),MRT-1975-1979,high,"Exact match of the source label to this polity name, single live MRT family. Non-overlapping ranges following the exclusive end_year of the polities database, so each data year resolves to the polity live in it regardless of match order.",
Mauritania,lassaletta-grassland-share,1979,2009,Mauritania,MRT-1979-2025,high,"Exact match of the source label to this polity name, single live MRT family. Non-overlapping ranges following the exclusive end_year of the polities database, so each data year resolves to the polity live in it regardless of match order.",
Mauritius,faostat,1961,2024,Mauritius,MUS-1800-2025,high,FAOSTAT area code 137; observed 1961-2024 in pins faostat-cbs-new;faostat-cbs-old-animal;faostat-cbs-old-crops;faostat-fbs-new;faostat-fbs-old;faostat-production;faostat-trade-totals; iso-equal period match,205404
Mauritius,lassaletta-grassland-share,1961,2009,Mauritius,MUS-1800-2025,high,"Exact match of the source label to this polity name, single live MUS family. Non-overlapping ranges following the exclusive end_year of the polities database, so each data year resolves to the polity live in it regardless of match order.",
Mexico,faostat,1961,2024,Mexico,MEX-1848-2025,high,FAOSTAT area code 138; observed 1961-2024 in pins faostat-cbs-new;faostat-cbs-old-animal;faostat-cbs-old-crops;faostat-fbs-new;faostat-fbs-old;faostat-production;faostat-trade-totals; iso-equal period match,262735
Mexico,lassaletta-grassland-share,1961,2009,Mexico,MEX-1848-2025,high,"Exact match of the source label to this polity name, single live MEX family. Non-overlapping ranges following the exclusive end_year of the polities database, so each data year resolves to the polity live in it regardless of match order.",
Micronesia (Federated States of),faostat,1991,2024,Micronesia,FSM-1991-2025,high,FAOSTAT area code 145; observed 1991-2024 in pins faostat-cbs-new;faostat-fbs-new;faostat-production;faostat-trade-totals; iso-equal period match,17189
Moldova,faostat,1991,2025,Republic of Moldova,MDA-1991-2025,high,"short-form label used by WHEP harmonization tables; resolves to the same polity as the canonical FAOSTAT label 'Republic of Moldova', which already routes to MDA-1991-2025. Added because the label appears in regions_full/polities_cats and resolve_polity_label() returned NA for it.",0
Monaco,faostat,1850,2025,Monaco,MCO-1800-2025,high,FAOSTAT area code 140; no data in scanned pins; registry map to MCO-1800-2025 (1850-2025),0
Mongolia,faostat,1961,2024,Mongolia,MNG-1921-2025,high,FAOSTAT area code 141; observed 1961-2024 in pins faostat-cbs-new;faostat-cbs-old-animal;faostat-cbs-old-crops;faostat-fbs-new;faostat-fbs-old;faostat-production;faostat-trade-totals; iso-equal period match,138130
Mongolia,lassaletta-grassland-share,1961,2009,Mongolia,MNG-1921-2025,high,"Exact match of the source label to this polity name, single live MNG family. Non-overlapping ranges following the exclusive end_year of the polities database, so each data year resolves to the polity live in it regardless of match order.",
Montenegro,faostat,2006,2024,Montenegro,MNE-2006-2025,high,FAOSTAT area code 273; observed 2006-2024 in pins faostat-cbs-new;faostat-cbs-old-animal;faostat-cbs-old-crops;faostat-fbs-new;faostat-fbs-old;faostat-production;faostat-trade-totals; iso-equal period match,56042
Montserrat,faostat,1850,2025,Montserrat,MSR-1800-2025,high,FAOSTAT area code 142; no data in scanned pins; registry map to MSR-1800-2025 (1850-2025),0
Morocco,faostat,1961,1974,Morocco (1958-1975),MAR-1958-1975,high,FAOSTAT area code 143; observed 1961-1974 in pins faostat-cbs-new;faostat-cbs-old-animal;faostat-cbs-old-crops;faostat-fbs-new;faostat-fbs-old;faostat-production;faostat-trade-totals; iso-equal period match,245737
Morocco,faostat,1975,1978,Morocco (1975-1979),MAR-1975-1979,high,FAOSTAT area code 143; observed 1975-1978 in pins faostat-cbs-new;faostat-cbs-old-animal;faostat-cbs-old-crops;faostat-fbs-new;faostat-fbs-old;faostat-production;faostat-trade-totals; iso-equal period match,245737
Morocco,faostat,1979,2024,Morocco,MAR-1979-2025,high,FAOSTAT area code 143; observed 1979-2024 in pins faostat-cbs-new;faostat-cbs-old-animal;faostat-cbs-old-crops;faostat-fbs-new;faostat-fbs-old;faostat-production;faostat-trade-totals; iso-equal period match,245737
Morocco,lassaletta-grassland-share,1961,1974,Morocco (1958-1975),MAR-1958-1975,high,"Copy of the curated `faostat` decision for the identical label. Lassaletta et al. use FAO country names, so the era assignment already made there applies unchanged; only the year range is intersected with this dataset window.",
Morocco,lassaletta-grassland-share,1975,1978,Morocco (1975-1979),MAR-1975-1979,high,"Copy of the curated `faostat` decision for the identical label. Lassaletta et al. use FAO country names, so the era assignment already made there applies unchanged; only the year range is intersected with this dataset window.",
Morocco,lassaletta-grassland-share,1979,2009,Morocco,MAR-1979-2025,high,"Copy of the curated `faostat` decision for the identical label. Lassaletta et al. use FAO country names, so the era assignment already made there applies unchanged; only the year range is intersected with this dataset window.",
Mozambique,faostat,1961,1974,Mozambique (1891-1975),MOZ-1891-1975,high,FAOSTAT area code 144; observed 1961-1974 in pins faostat-cbs-new;faostat-cbs-old-animal;faostat-cbs-old-crops;faostat-fbs-new;faostat-fbs-old;faostat-production;faostat-trade-totals; iso-equal period match,181274
Mozambique,faostat,1975,2024,Mozambique (1975-2025),MOZ-1975-2025,high,FAOSTAT area code 144; observed 1975-2024 in pins faostat-cbs-new;faostat-cbs-old-animal;faostat-cbs-old-crops;faostat-fbs-new;faostat-fbs-old;faostat-production;faostat-trade-totals; iso-equal period match,181274
Mozambique,lassaletta-grassland-share,1961,1974,Mozambique (1891-1975),MOZ-1891-1975,high,"Exact match of the source label to this polity name, single live MOZ family. Non-overlapping ranges following the exclusive end_year of the polities database, so each data year resolves to the polity live in it regardless of match order.",
Mozambique,lassaletta-grassland-share,1975,2009,Mozambique (1975-2025),MOZ-1975-2025,high,"Exact match of the source label to this polity name, single live MOZ family. Non-overlapping ranges following the exclusive end_year of the polities database, so each data year resolves to the polity live in it regardless of match order.",
Myanmar,faostat,1961,2024,Myanmar,MMR-1885-2025,high,FAOSTAT area code 28; observed 1961-2024 in pins faostat-cbs-new;faostat-cbs-old-animal;faostat-cbs-old-crops;faostat-fbs-new;faostat-fbs-old;faostat-production;faostat-trade-totals; iso-equal period match,172477
Myanmar,lassaletta-grassland-share,1961,2009,Myanmar,MMR-1885-2025,high,"Exact match of the source label to this polity name, single live MMR family. Non-overlapping ranges following the exclusive end_year of the polities database, so each data year resolves to the polity live in it regardless of match order.",
Namibia,faostat,1961,1989,Namibia (1920-1990),NAM-1920-1990,high,FAOSTAT area code 147; observed 1961-1989 in pins faostat-cbs-new;faostat-cbs-old-animal;faostat-cbs-old-crops;faostat-fbs-new;faostat-fbs-old;faostat-production;faostat-trade-totals; iso-equal period match,172109
Namibia,faostat,1990,2024,Namibia (1990-2025),NAM-1990-2025,high,FAOSTAT area code 147; observed 1990-2024 in pins faostat-cbs-new;faostat-cbs-old-animal;faostat-cbs-old-crops;faostat-fbs-new;faostat-fbs-old;faostat-production;faostat-trade-totals; iso-equal period match,172109
Namibia,lassaletta-grassland-share,1961,1989,Namibia (1920-1990),NAM-1920-1990,high,"Exact match of the source label to this polity name, single live NAM family. Non-overlapping ranges following the exclusive end_year of the polities database, so each data year resolves to the polity live in it regardless of match order.",
Namibia,lassaletta-grassland-share,1990,2009,Namibia (1990-2025),NAM-1990-2025,high,"Exact match of the source label to this polity name, single live NAM family. Non-overlapping ranges following the exclusive end_year of the polities database, so each data year resolves to the polity live in it regardless of match order.",
Nauru,faostat,1961,2024,Nauru,NRU-1888-2025,high,FAOSTAT area code 148; observed 1961-2024 in pins faostat-cbs-new;faostat-fbs-new;faostat-production;faostat-trade-totals; iso-equal period match,21491
Necherlands,fao1952,1949,1951,Netherlands,NLD-1830-2025,high,OCR garble of 'Netherlands' in fao1952; data years 1949-1951 within polity span; no territorial mismatch; resolves 8 unmatched rows of oats data,8
Nepal,faostat,1961,2024,Nepal,NPL-1816-2025,high,FAOSTAT area code 149; observed 1961-2024 in pins faostat-cbs-new;faostat-cbs-old-animal;faostat-cbs-old-crops;faostat-fbs-new;faostat-fbs-old;faostat-production;faostat-trade-totals; iso-equal period match,193378
Nepal,lassaletta-grassland-share,1961,2009,Nepal,NPL-1816-2025,high,"Exact match of the source label to this polity name, single live NPL family. Non-overlapping ranges following the exclusive end_year of the polities database, so each data year resolves to the polity live in it regardless of match order.",
Neth West Indies,fao1952,1816,1960,Dutch Caribbean (colonial),ANT-1816-1961,high,abbreviation variant of 'Netherlands W Indies'; same ~960 km2 Dutch Caribbean island group; data years 1937-1951 within ANT-1816-1961 span,
Netherlands,lassaletta-grassland-share,1961,2009,Netherlands,NLD-1830-2025,high,"Exact match of the source label to this polity name, single live NLD family. Non-overlapping ranges following the exclusive end_year of the polities database, so each data year resolves to the polity live in it regardless of match order.",
Netherlands (Kingdom of the),faostat,1961,2024,Netherlands,NLD-1830-2025,high,FAOSTAT area code 150; observed 1961-2024 in pins faostat-cbs-new;faostat-cbs-old-animal;faostat-cbs-old-crops;faostat-fbs-new;faostat-fbs-old;faostat-production;faostat-trade-totals; iso-equal period match,259019
Netherlands Antilles,fao1952,1816,1960,Dutch Caribbean (colonial),ANT-1816-1961,high,alternate name variant for Dutch Caribbean colonial territory; formal name used post-1954 Charter; routes to ANT-1816-1961 for pre-1961 data,
Netherlands Antilles (former),faostat,1961,2010,Netherlands Antilles,ANT-1961-2010,high,FAOSTAT area code 151; observed 1961-2010 in pins faostat-cbs-old-animal;faostat-cbs-old-crops;faostat-fbs-new;faostat-fbs-old; iso-equal period match,61441
Netherlands New Guinea,fao1952,1949,1962,Netherlands New Guinea,NNG-1949-1963,high,"closes a previously UNMATCHED fao1952 label; CShapes gwcode 851 is an exact historical feature for the territory (410,361 km2), which is also exactly the hole in the Indonesian chain (1,877,243 - 1,466,882)",3
Netherlands W Indies,fao1952,1816,1960,Dutch Caribbean (colonial),ANT-1816-1961,high,FAO 1952 label for Dutch Caribbean islands (Curaçao/Aruba/Bonaire/Sint Maarten/Sint Eustatius/Saba); 21 rows 1936-1951; island territory ~960 km²; routed to ANT-1816-1961 not ANT-1961-2010 (which starts 1961),21
Netherlands West Indies,fao1952,1816,1960,Dutch Caribbean (colonial),ANT-1816-1961,high,full spelling variant of 'Netherlands W Indies'; same ~960 km2 Dutch Caribbean island group,
NetherlandsWest Indies,fao1952,,,Dutch Caribbean (colonial),ANT-1816-1961,high,concatenated FAO label missing space between 'Netherlands' and 'West Indies'; refers to Netherlands Antilles colonial territory in the Caribbean; ANT-1816-1961 polygon covers the relevant islands,
New Caledonia,faostat,1961,2024,New Caledonia,NCL-1800-2025,high,FAOSTAT area code 153; observed 1961-2024 in pins faostat-cbs-new;faostat-cbs-old-animal;faostat-cbs-old-crops;faostat-fbs-new;faostat-fbs-old;faostat-production;faostat-trade-totals; iso-equal period match,161177
New Guinea,fao1952,1937,1949,Territory of New Guinea,TNGU-1920-1949,high,CShapes 2.0 feature 746 polygon 237536 km²; 1920 vintage covers stable mandate borders through 1949; 1937-1949 data years within TNGU-1920-1949 span; successor PNG-1949-1975 (administrative union 1949-07-01),
New Guinea,fao1952,1950,1951,Papua and New Guinea (administrative union),PNG-1949-1975,medium,post-1949 administrative union of Territory of Papua and Territory of New Guinea; FAO 1952 data years 1950-1951 fall after 1949-07-01 union date; polygon covers combined territory,
New Guinea,mitchell,1920,1948,Territory of New Guinea,TNGU-1920-1949,high,"Resolved by family order until PAPNG-1920-1949 was added, which made the PNG family ambiguous and turned this label into an unmatched None -- safer than the previous silent guess, but still unrouted. Pinned to the territory the label names. 1 observed row (1937).",1
New Guinea australian,mitchell,1920,1948,Territory of New Guinea,TNGU-1920-1949,high,"Same as 'New Guinea' above; 'australian' distinguishes it from the Dutch and former German portions of the island, and the Australian mandate IS the Territory of New Guinea. 1 observed row (1939).",1
New Hebrides,fao1952,1906,1979,New Hebrides (Vanuatu),VUT-1800-2025,high,Anglo-French Condominium 1906-1980; identical island territory (12184 km²) became Vanuatu at independence 1980; wiki page VUT-1800-2025 documents colonial name continuity,
New Zealand,faostat,1961,2024,New Zealand,NZL-1840-2025,high,FAOSTAT area code 156; observed 1961-2024 in pins faostat-cbs-new;faostat-cbs-old-animal;faostat-cbs-old-crops;faostat-fbs-new;faostat-fbs-old;faostat-production;faostat-trade-totals; iso-equal period match,240961
New Zealand,lassaletta-grassland-share,1961,2009,New Zealand,NZL-1840-2025,high,"Exact match of the source label to this polity name, single live NZL family. Non-overlapping ranges following the exclusive end_year of the polities database, so each data year resolves to the polity live in it regardless of match order.",
Nicaragua,faostat,1961,2023,Nicaragua,NIC-1800-2025,high,FAOSTAT area code 157; observed 1961-2023 in pins faostat-cbs-new;faostat-cbs-old-animal;faostat-cbs-old-crops;faostat-fbs-new;faostat-fbs-old;faostat-production;faostat-trade-totals; iso-equal period match,208187
Nicaragua,lassaletta-grassland-share,1961,2009,Nicaragua,NIC-1800-2025,high,"Exact match of the source label to this polity name, single live NIC family. Non-overlapping ranges following the exclusive end_year of the polities database, so each data year resolves to the polity live in it regardless of match order.",
Niger,faostat,1961,2024,Niger,NER-1960-2025,high,FAOSTAT area code 158; observed 1961-2024 in pins faostat-cbs-new;faostat-cbs-old-animal;faostat-cbs-old-crops;faostat-fbs-new;faostat-fbs-old;faostat-production;faostat-trade-totals; iso-equal period match,180039
Niger,lassaletta-grassland-share,1961,2009,Niger,NER-1960-2025,high,"Exact match of the source label to this polity name, single live NER family. Non-overlapping ranges following the exclusive end_year of the polities database, so each data year resolves to the polity live in it regardless of match order.",
Nigeria,faostat,1961,2024,Nigeria,NGA-1961-2025,high,FAOSTAT area code 159; observed 1961-2024 in pins faostat-cbs-new;faostat-cbs-old-animal;faostat-cbs-old-crops;faostat-fbs-new;faostat-fbs-old;faostat-production;faostat-trade-totals; iso-equal period match,191847
Nigeria,lassaletta-grassland-share,1961,2009,Nigeria,NGA-1961-2025,high,"Exact match of the source label to this polity name, single live NGA family. Non-overlapping ranges following the exclusive end_year of the polities database, so each data year resolves to the polity live in it regardless of match order.",
Niue,faostat,1961,2024,Niue,NIU-1800-2025,high,FAOSTAT area code 160; observed 1961-2024 in pins faostat-production;faostat-trade-totals; iso-equal period match,22055
Norfolk Island,faostat,1914,2025,Norfolk Island (Australian Territory),NFK-1914-2025,high,FAOSTAT area code 161; no data in scanned pins; registry map to NFK-1914-2025 (1914-2025),0
Norfolk Islands,fao1952,1914,2025,Norfolk Island (Australian Territory),NFK-1914-2025,high,FAO 1952 label for Norfolk Island as Australian external territory; fixed volcanic island ~35 km²; routing to AUS-1901-2025 (~7.69M km²) would overstate ~220000x; 9 rows,9
North Korea,faostat,1948,2025,Democratic People's Republic of Korea,PRK-1948-2025,high,"short-form label used by WHEP harmonization tables; resolves to the same polity as the canonical FAOSTAT label ""Democratic People's Republic of Korea"", which already routes to PRK-1948-2025. Added because the label appears in regions_full/polities_cats and resolve_polity_label() returned NA for it.",0
North Macedonia,faostat,1992,2024,North Macedonia,MKD-1991-2025,high,FAOSTAT area code 154; observed 1992-2024 in pins faostat-cbs-new;faostat-cbs-old-animal;faostat-cbs-old-crops;faostat-fbs-new;faostat-fbs-old;faostat-production;faostat-trade-totals; iso-equal period match,115222
Norway,faostat,1961,2024,Norway,NOR-1800-2025,high,FAOSTAT area code 162; observed 1961-2024 in pins faostat-cbs-new;faostat-cbs-old-animal;faostat-cbs-old-crops;faostat-fbs-new;faostat-fbs-old;faostat-production;faostat-trade-totals; iso-equal period match,231582
Norway,lassaletta-grassland-share,1961,2009,Norway,NOR-1800-2025,high,"Exact match of the source label to this polity name, single live NOR family. Non-overlapping ranges following the exclusive end_year of the polities database, so each data year resolves to the polity live in it regardless of match order.",
Occupied Palestinian Territory,lassaletta-grassland-share,1961,2009,Palestine (West Bank and Gaza),PSE-1948-2025,high,Pre-2013 UN designation for the Palestinian territories.,
Oman,faostat,1961,2024,Sultanate of Oman,OMN-1856-2025,high,FAOSTAT area code 221; observed 1961-2024 in pins faostat-cbs-new;faostat-cbs-old-animal;faostat-cbs-old-crops;faostat-fbs-new;faostat-fbs-old;faostat-production;faostat-trade-totals; iso-equal period match,144474
Oman,lassaletta-grassland-share,1961,2009,Sultanate of Oman,OMN-1856-2025,high,"Copy of the curated `faostat` decision for the identical label. Lassaletta et al. use FAO country names, so the era assignment already made there applies unchanged; only the year range is intersected with this dataset window.",
Pacific Is,fao1952,1947,1994,Trust Territory of the Pacific Islands,TTPI-1947-1994,high,FAO 1952 shortest abbreviation for TTPI; same routing as 'pacific is us trust' (line 245); ~1791 km2 land area consistent with Caroline+Marshall+NMI+Palau island aggregate,
Pacific Is (U S,fao1952,1947,1994,Trust Territory of the Pacific Islands,TTPI-1947-1994,high,FAO 1952 parenthetical abbreviation variant for TTPI; same routing as 'pacific is us trust' (line 245); ~1791 km2 land area consistent with TTPI island aggregate,
Pacific Is US tr,fao1952,1947,1994,Trust Territory of the Pacific Islands,TTPI-1947-1994,high,FAO 1952 abbreviated label variant for TTPI; same routing as 'pacific is us trust' (line 245); ~1791 km2 land area consistent with Caroline+Marshall+NMI+Palau island aggregate,
Pacific Islands (U S,fao1952,1947,1994,Trust Territory of the Pacific Islands,TTPI-1947-1994,high,FAO 1952 label variant; data years start 1937 but TTPI established 1947-07-18 so year_start clamped to 1947; ~1791 km2 land area consistent with TTPI island aggregate,
Pakistan,fao1952,1937,1939,"Pakistan (territory within British India, 1937-1947)",PAK-1937-1947,high,"FAO 1952 retroactively attributed 1937-1939 data labelled 'Pakistan' to the future-Pakistan sub-territory (~881625 km2); routing to IND-1937-1947 (~4.2M km2) would misstate scope ~5x. REPAIRED: common_name contained an unquoted comma, which shifted the target into `confidence` and left this alias inert.",
Pakistan,faostat,1961,1970,Pakistan (1949-1971),PAK-1949-1971,high,FAOSTAT area code 165; observed 1961-1970 in pins faostat-cbs-new;faostat-cbs-old-animal;faostat-cbs-old-crops;faostat-fbs-new;faostat-fbs-old;faostat-production;faostat-trade-totals; iso-equal period match,233714
Pakistan,faostat,1971,2024,Pakistan,PAK-1971-2025,high,FAOSTAT area code 165; observed 1971-2024 in pins faostat-cbs-new;faostat-cbs-old-animal;faostat-cbs-old-crops;faostat-fbs-new;faostat-fbs-old;faostat-production;faostat-trade-totals; iso-equal period match,233714
Pakistan,lassaletta-grassland-share,1961,1970,Pakistan (1949-1971),PAK-1949-1971,high,"Exact match of the source label to this polity name, single live PAK family. Non-overlapping ranges following the exclusive end_year of the polities database, so each data year resolves to the polity live in it regardless of match order.",
Pakistan,lassaletta-grassland-share,1971,2009,Pakistan,PAK-1971-2025,high,"Exact match of the source label to this polity name, single live PAK family. Non-overlapping ranges following the exclusive end_year of the polities database, so each data year resolves to the polity live in it regardless of match order.",
Palau,faostat,2000,2024,Palau,PLW-1991-2025,high,FAOSTAT area code 180; observed 2000-2024 in pins faostat-trade-totals; iso-equal period match,9051
Palestine,faostat,1961,2024,Palestine (West Bank and Gaza),PSE-1948-2025,high,FAOSTAT area code 299; observed 1961-2024 in pins faostat-production;faostat-trade-totals; iso-equal period match,32534
Panama,faostat,1961,1978,"Panama (1903-1979, before Canal Zone return)",PAN-1903-1979,high,FAOSTAT area code 166; observed 1961-1978 in pins faostat-cbs-new;faostat-cbs-old-animal;faostat-cbs-old-crops;faostat-fbs-new;faostat-fbs-old;faostat-production;faostat-trade-totals; iso-equal period match,196061
Panama,faostat,1979,2024,Panama (post-Canal Zone),PAN-1979-2025,high,FAOSTAT area code 166; observed 1979-2024 in pins faostat-cbs-new;faostat-cbs-old-animal;faostat-cbs-old-crops;faostat-fbs-new;faostat-fbs-old;faostat-production;faostat-trade-totals; iso-equal period match,196061
Panama,lassaletta-grassland-share,1961,1978,"Panama (1903-1979, before Canal Zone return)",PAN-1903-1979,high,"Copy of the curated `faostat` decision for the identical label. Lassaletta et al. use FAO country names, so the era assignment already made there applies unchanged; only the year range is intersected with this dataset window.",
Panama,lassaletta-grassland-share,1979,2009,Panama (post-Canal Zone),PAN-1979-2025,high,"Copy of the curated `faostat` decision for the identical label. Lassaletta et al. use FAO country names, so the era assignment already made there applies unchanged; only the year range is intersected with this dataset window.",
Papua,fao1952,1937,1949,Territory of Papua,TPAP-1906-1949,high,FAO 1952 yearbook label for the Australian-administered Territory of Papua (southern half of New Guinea island); CShapes polygon 224148 km2 is exact match; 1950-1951 rows held: FAO disaggregated Papua and New Guinea separately even after 1949 administrative merger -- routing both to PNG-1949-1975 would double-count,17
Papua,fao1952,1950,1951,Territory of Papua and New Guinea,PNG-1949-1975,high,FAO legacy label for former Territory of Papua; post-1949 administrative union means no separate entity exists; sub-territory approximation (~224148 km² vs ~462840 km² full polygon; ~2x undercount risk) documented on wiki; 11 rows does not warrant a granular polity,11
Papua,mitchell,1937,1937,Territory of Papua,TPAP-1906-1949,high,"Both territories are typed `national`/`colonial` on the same iso3, so matchlib's type tie-break cannot separate them and shapefile-independent FAMILY ORDER decided the route. The label names the territory explicitly, so the route is not a judgement. The label names PAPUA and it was routing to TNGU-1920-1949, the Territory of NEW GUINEA. Papua (Australian territory from 1906) and New Guinea (League mandate from 1920) were administered separately until 1949; they are not interchangeable.",1
Papua New Guinea,faostat,1961,1974,Territory of Papua and New Guinea,PNG-1949-1975,high,FAOSTAT area code 168; observed 1961-1974 in pins faostat-cbs-new;faostat-fbs-new;faostat-production;faostat-trade-totals; iso-equal period match,87626
Papua New Guinea,faostat,1975,2024,Papua New Guinea,PNG-1975-2025,high,FAOSTAT area code 168; observed 1975-2024 in pins faostat-cbs-new;faostat-fbs-new;faostat-production;faostat-trade-totals; iso-equal period match,87626
Paraguay,faostat,1961,2024,Paraguay,PRY-1938-2025,high,FAOSTAT area code 169; observed 1961-2024 in pins faostat-cbs-new;faostat-cbs-old-animal;faostat-cbs-old-crops;faostat-fbs-new;faostat-fbs-old;faostat-production;faostat-trade-totals; iso-equal period match,194468
Paraguay,lassaletta-grassland-share,1961,2009,Paraguay,PRY-1938-2025,high,"Exact match of the source label to this polity name, single live PRY family. Non-overlapping ranges following the exclusive end_year of the polities database, so each data year resolves to the polity live in it regardless of match order.",
Peru,faostat,1961,2024,Peru,PER-1942-2025,high,FAOSTAT area code 170; observed 1961-2024 in pins faostat-cbs-new;faostat-cbs-old-animal;faostat-cbs-old-crops;faostat-fbs-new;faostat-fbs-old;faostat-production;faostat-trade-totals; iso-equal period match,239266
Peru,lassaletta-grassland-share,1961,2009,Peru,PER-1942-2025,high,"Exact match of the source label to this polity name, single live PER family. Non-overlapping ranges following the exclusive end_year of the polities database, so each data year resolves to the polity live in it regardless of match order.",
Philippines,faostat,1961,2024,Philippines,PHL-1800-2025,high,FAOSTAT area code 171; observed 1961-2024 in pins faostat-cbs-new;faostat-cbs-old-animal;faostat-cbs-old-crops;faostat-fbs-new;faostat-fbs-old;faostat-production;faostat-trade-totals; iso-equal period match,234546
Philippines,lassaletta-grassland-share,1961,2009,Philippines,PHL-1800-2025,high,"Exact match of the source label to this polity name, single live PHL family. Non-overlapping ranges following the exclusive end_year of the polities database, so each data year resolves to the polity live in it regardless of match order.",
Poland,faostat,1961,2024,Poland (1945-2025),POL-1945-2025,high,FAOSTAT area code 173; observed 1961-2024 in pins faostat-cbs-new;faostat-cbs-old-animal;faostat-cbs-old-crops;faostat-fbs-new;faostat-fbs-old;faostat-production;faostat-trade-totals; iso-equal period match,236068
Poland,lassaletta-grassland-share,1961,2009,Poland (1945-2025),POL-1945-2025,high,"Exact match of the source label to this polity name, single live POL family. Non-overlapping ranges following the exclusive end_year of the polities database, so each data year resolves to the polity live in it regardless of match order.",
Portugal,faostat,1961,2024,Portugal,PRT-1800-2025,high,FAOSTAT area code 174; observed 1961-2024 in pins faostat-cbs-new;faostat-cbs-old-animal;faostat-cbs-old-crops;faostat-fbs-new;faostat-fbs-old;faostat-production;faostat-trade-totals; iso-equal period match,262025
Portugal,lassaletta-grassland-share,1961,2009,Portugal,PRT-1800-2025,high,"Exact match of the source label to this polity name, single live PRT family. Non-overlapping ranges following the exclusive end_year of the polities database, so each data year resolves to the polity live in it regardless of match order.",
Portuguese Guinea,fao1952,1886,1974,Guinea-Bissau (1886-1974),GNB-1886-1974,high,colonial name for Guinea-Bissau; borders stable from 1886 boundary treaties through independence 10 Sep 1974; no annexations or cessions; polygon_vintage (1886) matches data years 1934-1951 without territorial drift,18
Portuguese India,fao1952,1816,1961,Portuguese India (Estado da India Portuguesa),PTIND-1816-1961,high,colonial-era FAO label for Portuguese India (Goa + Daman + Diu ~3812 km2); borders stable 1816-1961; territory equals PTIND-1816-1961 polygon; no sub-territory ambiguity,
Portuguese Timor,fao1952,1800,1975,Timor-Leste,TLS-1800-2025,high,"colonial-era FAO label for East Timor under Portuguese rule; territory ~15000 km² equals TLS-1800-2025 polygon; data items (natural rubber livestock population) consistent with small agricultural colonial territory; no sub-territory ambiguity — Portuguese Timor was the colonial unit itself not a sub-division of metropolitan Portugal; year_end=1975 stops before Indonesian annexation; range clipped 1702 -> 1800 on 2026-08-11 (issue 54): 1702 predates this database's own 1800 start, so no polity could ever have been named for those years.",10
Puerto Rico,faostat,1961,2024,Puerto Rico,PRI-1800-2025,high,FAOSTAT area code 177; observed 1961-2024 in pins faostat-production; iso-equal period match,13095
Qatar,faostat,1961,2024,Qatar,QAT-1800-2025,high,FAOSTAT area code 179; observed 1961-2024 in pins faostat-cbs-new;faostat-fbs-new;faostat-production;faostat-trade-totals; iso-equal period match,67600
ROM,mueller-synthetic-n,1947,2025,Romania,ROU-1947-2025,high,FAO-style legacy code; ISO3 is ROU (ROM was the pre-2002 ISO3).,
Republic of Korea,faostat,1961,2024,South Korea,KOR-1948-2025,high,FAOSTAT area code 117; observed 1961-2024 in pins faostat-cbs-new;faostat-cbs-old-animal;faostat-cbs-old-crops;faostat-fbs-new;faostat-fbs-old;faostat-production;faostat-trade-totals; iso-equal period match,247177
Republic of Korea,lassaletta-grassland-share,1961,2009,South Korea,KOR-1948-2025,high,"Copy of the curated `faostat` decision for the identical label. Lassaletta et al. use FAO country names, so the era assignment already made there applies unchanged; only the year range is intersected with this dataset window.",
Republic of Moldova,faostat,1992,2024,Moldova,MDA-1991-2025,high,FAOSTAT area code 146; observed 1992-2024 in pins faostat-cbs-new;faostat-cbs-old-animal;faostat-cbs-old-crops;faostat-fbs-new;faostat-fbs-old;faostat-production;faostat-trade-totals; iso-equal period match,111192
Reunion,lassaletta-grassland-share,1961,2009,Reunion (French Overseas Department),REU-1946-2025,high,"Unaccented spelling of Reunion. Needed despite existing rules: the blanket one covers 1816-1946 and the other is scoped to fao1952, so neither reaches this source's 1961-2009 window.",
RoW,crops-manure-n,1850,2022,Rest of World,ROW-1850-2025,high,"The source's residual bucket for countries it does not report individually. Maps to the Rest of World aggregate, matching how unmapped FAOSTAT areas are folded on the production side.",
Romania,faostat,1961,2024,Romania (1947-2025),ROU-1947-2025,high,FAOSTAT area code 183; observed 1961-2024 in pins faostat-cbs-new;faostat-cbs-old-animal;faostat-cbs-old-crops;faostat-fbs-new;faostat-fbs-old;faostat-production;faostat-trade-totals; iso-equal period match,234453
Russian Federation,faostat,1992,2013,Russia (1991-2014),RUS-1991-2014,high,FAOSTAT area code 185; observed 1992-2013 in pins faostat-cbs-new;faostat-cbs-old-animal;faostat-cbs-old-crops;faostat-fbs-new;faostat-fbs-old;faostat-production;faostat-trade-totals; iso-equal period match,127905
Russian Federation,faostat,2014,2024,Russia,RUS-2014-2025,high,FAOSTAT area code 185; observed 2014-2024 in pins faostat-cbs-new;faostat-cbs-old-animal;faostat-cbs-old-crops;faostat-fbs-new;faostat-fbs-old;faostat-production;faostat-trade-totals; iso-equal period match,127905
Rwanda,faostat,1961,1961,Rwanda (within Ruanda-Urundi),RWA-1922-1962,high,FAOSTAT area code 184; observed 1961-1961 in pins faostat-cbs-new;faostat-cbs-old-animal;faostat-cbs-old-crops;faostat-fbs-new;faostat-fbs-old;faostat-production;faostat-trade-totals; iso-equal period match,162034
Rwanda,faostat,1962,2024,Rwanda,RWA-1962-2025,high,FAOSTAT area code 184; observed 1962-2024 in pins faostat-cbs-new;faostat-cbs-old-animal;faostat-cbs-old-crops;faostat-fbs-new;faostat-fbs-old;faostat-production;faostat-trade-totals; iso-equal period match,162034
Rwanda,lassaletta-grassland-share,1961,1961,Rwanda (within Ruanda-Urundi),RWA-1922-1962,high,"Copy of the curated `faostat` decision for the identical label. Lassaletta et al. use FAO country names, so the era assignment already made there applies unchanged; only the year range is intersected with this dataset window.",
Rwanda,lassaletta-grassland-share,1962,2009,Rwanda,RWA-1962-2025,high,"Exact match of the source label to this polity name, single live RWA family. Non-overlapping ranges following the exclusive end_year of the polities database, so each data year resolves to the polity live in it regardless of match order.",
Ryukyu Islands,,1937,1944,Ryukyu Islands / Okinawa Prefecture (Japanese),RYU-1937-1945,high,new polity routed; sub-territory of JPN-1895-1945 must not fold into empire aggregate (~658000 km² vs ~2271 km²; ~290x overstatement),
Ryukyu Islands,,1945,1951,Ryukyu Islands (US Administration),RYU-1945-1972,high,new polity routed; distinct from JPN-1945-1952 home islands (~377000 km²); Ryukyus under US military/civil administration 1945-1972,
Réunion,faostat,1961,2006,Réunion (French Overseas Department),REU-1946-2025,high,FAOSTAT area code 182; observed 1961-2006 in pins faostat-production;faostat-trade-totals; manual-route period match,13083
SRB,crops-manure-n,1992,2005,Serbia and Montenegro,SCG-1992-2006,high,"West et al. (2014) is a circa-2000 snapshot that uses MODERN ISO codes, so this code names a state that did not exist in the data year. Serbia and Montenegro were one polity until 2006. Manure_N_Mg is an additive quantity, so SRB and MNE both resolving to SCG-1992-2006 sums to that polity's total rather than double-counting it; contrast mueller-synthetic-n, where the values are RATES and every code must reach a DISTINCT polity.",
SRM,mueller-synthetic-n,1992,2006,Serbia and Montenegro,SCG-1992-2006,high,"Identified by ELIMINATION, not resemblance. SRM previously pointed at SUR-1975-2025 on the reading that it was a legacy code for Suriname, but SUR appears in the same file as its own distinct code and resolves to that polity directly by ISO3 — so Suriname received two sets of rates and this entity received none. Every ex-Yugoslav republic is present (HRV, BIH, MKD, SVN) while SRB, SCG and MNE are all absent, so SRM is the federal state of Serbia and Montenegro, which is what existed while these rates were compiled.",
SSD,crops-manure-n,1956,2010,Sudan (1956-2011),SUD-1956-2011,high,"West et al. (2014) is a circa-2000 snapshot using modern ISO codes; South Sudan did not exist until 2011. Its territory was part of Sudan, which the file also reports separately as SDN, so both resolving to SUD-1956-2011 reconstructs the whole of pre-partition Sudan. Additive quantity, so this sums rather than double-counts.",
Saar,,1947,1957,Saar Protectorate,SAA-1947-1957,high,new polity routed,
"Saint Helena, Ascension and Tristan da Cunha",faostat,1850,1967,Saint Helena (Crown Colony),SHN-1834-1967,high,FAOSTAT area code 187; no data in scanned pins; registry map to SHN-1834-1967 (1850-1967),0
Saint Kitts and Nevis,faostat,1961,2024,Saint Kitts and Nevis,KNA-1800-2025,high,FAOSTAT area code 188; observed 1961-2024 in pins faostat-cbs-new;faostat-cbs-old-animal;faostat-cbs-old-crops;faostat-fbs-new;faostat-fbs-old;faostat-production;faostat-trade-totals; iso-equal period match,138883
Saint Kitts and Nevis,lassaletta-grassland-share,1961,2009,Saint Kitts and Nevis,KNA-1800-2025,high,"Exact match of the source label to this polity name, single live KNA family. Non-overlapping ranges following the exclusive end_year of the polities database, so each data year resolves to the polity live in it regardless of match order.",
Saint Lucia,faostat,1961,2024,Saint Lucia,LCA-1838-2025,high,FAOSTAT area code 189; observed 1961-2024 in pins faostat-cbs-new;faostat-cbs-old-animal;faostat-cbs-old-crops;faostat-fbs-new;faostat-fbs-old;faostat-production;faostat-trade-totals; iso-equal period match,166519
Saint Pierre and Miquelon,faostat,1850,2025,Saint Pierre and Miquelon,SPM-1816-2025,high,FAOSTAT area code 190; no data in scanned pins; registry map to SPM-1816-2025 (1850-2025),0
Saint Vincent and the Grenadines,faostat,1961,2024,Saint Vincent and the Grenadines,VCT-1833-2025,high,FAOSTAT area code 191; observed 1961-2024 in pins faostat-cbs-new;faostat-cbs-old-animal;faostat-cbs-old-crops;faostat-fbs-new;faostat-fbs-old;faostat-production;faostat-trade-totals; iso-equal period match,148884
Samoa,faostat,1961,2024,Samoa,WSM-1900-2025,high,FAOSTAT area code 244; observed 1961-2024 in pins faostat-cbs-new;faostat-cbs-old-animal;faostat-cbs-old-crops;faostat-fbs-new;faostat-fbs-old;faostat-production;faostat-trade-totals; iso-equal period match,141994
San Marino,faostat,1850,2025,San Marino,SMR-1800-2025,high,FAOSTAT area code 192; no data in scanned pins; registry map to SMR-1800-2025 (1850-2025),0
Sao Tome and Principe,faostat,1961,2024,Sao Tome and Principe,STP-1800-2025,high,FAOSTAT area code 193; observed 1961-2024 in pins faostat-cbs-new;faostat-cbs-old-animal;faostat-cbs-old-crops;faostat-fbs-new;faostat-fbs-old;faostat-production;faostat-trade-totals; iso-equal period match,113416
Saudi Arabia,faostat,1961,2024,Saudi Arabia,SAU-1924-2025,high,FAOSTAT area code 194; observed 1961-2024 in pins faostat-cbs-new;faostat-cbs-old-animal;faostat-cbs-old-crops;faostat-fbs-new;faostat-fbs-old;faostat-production;faostat-trade-totals; iso-equal period match,225841
Saudi Arabia,lassaletta-grassland-share,1961,2009,Saudi Arabia,SAU-1924-2025,high,"Exact match of the source label to this polity name, single live SAU family. Non-overlapping ranges following the exclusive end_year of the polities database, so each data year resolves to the polity live in it regardless of match order.",
Senegal,faostat,1961,2024,Senegal,SEN-1960-2025,high,FAOSTAT area code 195; observed 1961-2024 in pins faostat-cbs-new;faostat-cbs-old-animal;faostat-cbs-old-crops;faostat-fbs-new;faostat-fbs-old;faostat-production;faostat-trade-totals; iso-equal period match,206509
Senegal,lassaletta-grassland-share,1961,2009,Senegal,SEN-1960-2025,high,"Exact match of the source label to this polity name, single live SEN family. Non-overlapping ranges following the exclusive end_year of the polities database, so each data year resolves to the polity live in it regardless of match order.",
Serbia,faostat,2006,2007,Serbia (including Kosovo),SRB-2006-2008,high,FAOSTAT area code 272; observed 2006-2007 in pins faostat-cbs-new;faostat-cbs-old-animal;faostat-cbs-old-crops;faostat-fbs-new;faostat-fbs-old;faostat-production;faostat-trade-totals; iso-equal period match,68875
Serbia,faostat,2008,2024,Serbia,SRB-2008-2025,high,FAOSTAT area code 272; observed 2008-2024 in pins faostat-cbs-new;faostat-cbs-old-animal;faostat-cbs-old-crops;faostat-fbs-new;faostat-fbs-old;faostat-production;faostat-trade-totals; iso-equal period match,68875
Serbia and Montenegro,faostat,1992,2005,Serbia and Montenegro,SCG-1992-2006,high,FAOSTAT area code 186; observed 1992-2005 in pins faostat-cbs-old-animal;faostat-cbs-old-crops;faostat-fbs-old;faostat-production;faostat-trade-totals; iso-equal period match,46585
Seychelles,faostat,1961,2024,Seychelles,SYC-1903-2025,high,FAOSTAT area code 196; observed 1961-2024 in pins faostat-cbs-new;faostat-fbs-new;faostat-production;faostat-trade-totals; iso-equal period match,73947
Sierra Leone,faostat,1961,2024,Sierra Leone (1961-2025),SLE-1961-2025,high,FAOSTAT area code 197; observed 1961-2024 in pins faostat-cbs-new;faostat-cbs-old-animal;faostat-cbs-old-crops;faostat-fbs-new;faostat-fbs-old;faostat-production;faostat-trade-totals; iso-equal period match,142058
Sierra Leone,lassaletta-grassland-share,1961,2009,Sierra Leone (1961-2025),SLE-1961-2025,high,"Exact match of the source label to this polity name, single live SLE family. Non-overlapping ranges following the exclusive end_year of the polities database, so each data year resolves to the polity live in it regardless of match order.",
Singapore,faostat,1961,1962,Singapore (Crown Colony),SGP-1946-1963,high,FAOSTAT area code 200; observed 1961-1962 in pins faostat-production;faostat-trade-totals; iso-equal period match,100174
Singapore,faostat,1963,1964,Singapore (State of Singapore in Malaysia),SGP-1963-1965,high,FAOSTAT area code 200; observed 1963-1964 in pins faostat-production;faostat-trade-totals; iso-equal period match,100174
Singapore,faostat,1965,2024,Singapore,SGP-1965-2025,high,FAOSTAT area code 200; observed 1965-2024 in pins faostat-production;faostat-trade-totals; iso-equal period match,100174
Singapore,lassaletta-grassland-share,1961,1962,Singapore (Crown Colony),SGP-1946-1963,high,"Copy of the curated `faostat` decision for the identical label. Lassaletta et al. use FAO country names, so the era assignment already made there applies unchanged; only the year range is intersected with this dataset window.",
Singapore,lassaletta-grassland-share,1963,1964,Singapore (State of Singapore in Malaysia),SGP-1963-1965,high,"Copy of the curated `faostat` decision for the identical label. Lassaletta et al. use FAO country names, so the era assignment already made there applies unchanged; only the year range is intersected with this dataset window.",
Singapore,lassaletta-grassland-share,1965,2009,Singapore,SGP-1965-2025,high,"Exact match of the source label to this polity name, single live SGP family. Non-overlapping ranges following the exclusive end_year of the polities database, so each data year resolves to the polity live in it regardless of match order.",
Singapore Christmas Island,fao1952,1949,1951,Christmas Island (under Singapore administration),CXR-1946-1958,high,verbatim FAO label; island is ~139.7 km2 geographically separate from Singapore island (~544 km2) ~1400 km away; routing to SGP-1946-1963 would mis-attribute sub-territory; dedicated polity created,8
Slovakia,faostat,1993,2024,Slovakia,SVK-1993-2025,high,FAOSTAT area code 199; observed 1993-2024 in pins faostat-cbs-new;faostat-cbs-old-animal;faostat-cbs-old-crops;faostat-fbs-new;faostat-fbs-old;faostat-production;faostat-trade-totals; iso-equal period match,124405
Slovenia,faostat,1992,2024,Slovenia,SVN-1992-2025,high,FAOSTAT area code 198; observed 1992-2024 in pins faostat-cbs-new;faostat-cbs-old-animal;faostat-cbs-old-crops;faostat-fbs-new;faostat-fbs-old;faostat-production;faostat-trade-totals; iso-equal period match,127691
Solomon Islands,faostat,1961,2024,Solomon Islands,SLB-1800-2025,high,FAOSTAT area code 25; observed 1961-2024 in pins faostat-cbs-new;faostat-cbs-old-animal;faostat-cbs-old-crops;faostat-fbs-new;faostat-fbs-old;faostat-production;faostat-trade-totals; iso-equal period match,120550
Somalia,fao1952,1939,1951,Italian Somaliland,ITS-1908-1960,high,banana and cotton lint exports are signature products of Italian Somaliland; 1939-1951 data years fall within ITS-1908-1960 span; 1950-1960 was UN Trust Territory (AFIS) still coded ITS-1908-1960,
Somalia,faostat,1961,2024,Somalia,SOM-1960-2025,high,FAOSTAT area code 201; observed 1961-2024 in pins faostat-fbs-new;faostat-production;faostat-trade-totals; iso-equal period match,62074
Somalia,lassaletta-grassland-share,1961,2009,Somalia,SOM-1960-2025,high,"Exact match of the source label to this polity name, single live SOM family. Non-overlapping ranges following the exclusive end_year of the polities database, so each data year resolves to the polity live in it regardless of match order.",
South Africa,faostat,1961,2024,South Africa (Union and Republic),ZAF-1910-2025,high,FAOSTAT area code 202; observed 1961-2024 in pins faostat-cbs-new;faostat-cbs-old-animal;faostat-cbs-old-crops;faostat-fbs-new;faostat-fbs-old;faostat-production;faostat-trade-totals; iso-equal period match,253610
South Korea,faostat,1948,2025,Republic of Korea,KOR-1948-2025,high,"short-form label used by WHEP harmonization tables; resolves to the same polity as the canonical FAOSTAT label 'Republic of Korea', which already routes to KOR-1948-2025. Added because the label appears in regions_full/polities_cats and resolve_polity_label() returned NA for it.",0
South Sudan,faostat,2012,2024,South Sudan,SSD-2011-2025,high,FAOSTAT area code 277; observed 2012-2024 in pins faostat-fbs-new;faostat-production;faostat-trade-totals; iso-equal period match,17383
South West Africa,fao1952,1937,1951,Namibia (1920-1990),NAM-1920-1990,high,name-equivalence; League of Nations Class C Mandate administered by South Africa 1920-1990; entire mandate territory (not a sub-region); borders stable throughout mandate period so 1920 CShapes polygon vintage drift is not a territorial concern for 1937-1951 data,63
Spain,faostat,1961,2024,Spain,ESP-1800-2025,high,FAOSTAT area code 203; observed 1961-2024 in pins faostat-cbs-new;faostat-cbs-old-animal;faostat-cbs-old-crops;faostat-fbs-new;faostat-fbs-old;faostat-production;faostat-trade-totals; iso-equal period match,278591
Spain,lassaletta-grassland-share,1961,2009,Spain,ESP-1800-2025,high,"Exact match of the source label to this polity name, single live ESP family. Non-overlapping ranges following the exclusive end_year of the polities database, so each data year resolves to the polity live in it regardless of match order.",
Spanish Guinea,fao1952,1886,1968,Spanish Guinea (Equatorial Guinea colonial),GNQ-1886-1968,high,historical colonial name for Rio Muni + Bioko/Fernando Poo + Annobon + Corisco (~28000 km2); territory period and agricultural items all match GNQ-1886-1968; no sub-territory ambiguity,13
Sri Lanka,faostat,1961,2024,Sri Lanka,LKA-1800-2025,high,FAOSTAT area code 38; observed 1961-2024 in pins faostat-cbs-new;faostat-cbs-old-animal;faostat-cbs-old-crops;faostat-fbs-new;faostat-fbs-old;faostat-production;faostat-trade-totals; iso-equal period match,229589
Sri Lanka,lassaletta-grassland-share,1961,2009,Sri Lanka,LKA-1800-2025,high,"Exact match of the source label to this polity name, single live LKA family. Non-overlapping ranges following the exclusive end_year of the polities database, so each data year resolves to the polity live in it regardless of match order.",
St Pierre and Miquelon,fao1952,1937,1951,Saint Pierre and Miquelon,SPM-1816-2025,high,verbatim FAO label; dedicated polity created for ~242 km² island territory; routing to FRA-1919-2025 (~544k km²) would overstate ~2250x,8
Sudan,faostat,2012,2024,Sudan,SDN-2011-2025,high,FAOSTAT area code 276; observed 2012-2024 in pins faostat-cbs-old-animal;faostat-cbs-old-crops;faostat-fbs-new;faostat-fbs-old;faostat-production;faostat-trade-totals; iso-equal period match,35724
Sudan (former),faostat,1961,2011,Sudan (1956-2011),SUD-1956-2011,high,FAOSTAT area code 206; observed 1961-2011 in pins faostat-cbs-old-animal;faostat-cbs-old-crops;faostat-fbs-old;faostat-production;faostat-trade-totals; manual-replace period match,139921
Surinam,fao1952,1886,1954,Dutch Guiana,SUR-1886-1954,high,FAO spelling variant for Suriname/Dutch Guiana; territory ~144985 km² identical to Dutch Guiana throughout data period 1936-1951; year-ranged 1886-1954 prevents routing to post-autonomy SUR-1954-1975; 102 rows,102
Suriname,faostat,1961,1974,Surinam (Autonomous),SUR-1954-1975,high,FAOSTAT area code 207; observed 1961-1974 in pins faostat-cbs-new;faostat-cbs-old-animal;faostat-cbs-old-crops;faostat-fbs-new;faostat-fbs-old;faostat-production;faostat-trade-totals; iso-equal period match,152943
Suriname,faostat,1975,2024,Suriname,SUR-1975-2025,high,FAOSTAT area code 207; observed 1975-2024 in pins faostat-cbs-new;faostat-cbs-old-animal;faostat-cbs-old-crops;faostat-fbs-new;faostat-fbs-old;faostat-production;faostat-trade-totals; iso-equal period match,152943
Suriname,lassaletta-grassland-share,1961,1974,Surinam (Autonomous),SUR-1954-1975,high,"Copy of the curated `faostat` decision for the identical label. Lassaletta et al. use FAO country names, so the era assignment already made there applies unchanged; only the year range is intersected with this dataset window.",
Suriname,lassaletta-grassland-share,1975,2009,Suriname,SUR-1975-2025,high,"Exact match of the source label to this polity name, single live SUR family. Non-overlapping ranges following the exclusive end_year of the polities database, so each data year resolves to the polity live in it regardless of match order.",
Swaziland,faostat,1961,2024,Eswatini,SWZ-1894-2025,high,FAOSTAT area code 209; observed 1961-2024 in pins faostat-cbs-new;faostat-cbs-old-animal;faostat-cbs-old-crops;faostat-fbs-new;faostat-fbs-old;faostat-production;faostat-trade-totals; iso-equal period match,180663
Swaziland,lassaletta-grassland-share,1961,2009,Eswatini,SWZ-1894-2025,high,"Name used before the 2018 rename to Eswatini. Needed despite an existing rule, which is scoped to source faostat and so does not apply here.",
Sweden,faostat,1961,2024,Sweden,SWE-1905-2025,high,FAOSTAT area code 210; observed 1961-2024 in pins faostat-cbs-new;faostat-cbs-old-animal;faostat-cbs-old-crops;faostat-fbs-new;faostat-fbs-old;faostat-production;faostat-trade-totals; iso-equal period match,245456
Sweden,lassaletta-grassland-share,1961,2009,Sweden,SWE-1905-2025,high,"Exact match of the source label to this polity name, single live SWE family. Non-overlapping ranges following the exclusive end_year of the polities database, so each data year resolves to the polity live in it regardless of match order.",
Switzerland,faostat,1961,2024,Switzerland,CHE-1800-2025,high,FAOSTAT area code 211; observed 1961-2024 in pins faostat-cbs-new;faostat-cbs-old-animal;faostat-cbs-old-crops;faostat-fbs-new;faostat-fbs-old;faostat-production;faostat-trade-totals; iso-equal period match,242756
Switzerland,lassaletta-grassland-share,1961,2009,Switzerland,CHE-1800-2025,high,"Exact match of the source label to this polity name, single live CHE family. Non-overlapping ranges following the exclusive end_year of the polities database, so each data year resolves to the polity live in it regardless of match order.",
Syria,,1946,1967,Syrian Arab Republic,SYR-1946-1967,high,"Year-ranged to match its target. It previously had NO year range and no source, so every year resolved to SYR-1946-1967 — a polity that ended in 1967 — which is wrong for any modern use of the label. ""Syria"" is a current country name, unlike the other unranged aliases to ended polities (Belgian Congo, French West Africa, Cape of Good Hope), which no present-day source uses. The canonical FAOSTAT label ""Syrian Arab Republic"" was already split at 1967; this mirrors that split.",162
Syria,,1967,2025,Syrian Arab Republic,SYR-1967-2025,high,"Second half of the ""Syria"" split. Without it, a post-1967 source using the short label would resolve to nothing at all once the first alias was correctly bounded — trading a wrong answer for no answer. Mirrors the canonical ""Syrian Arab Republic"" 1967-2024 alias.",0
Syria and Lebanon,fao1952,1944,1953,Syria and Lebanon (combined statistical unit),SYL-1944-1953,high,FAO 1952 joint label for the combined Syrian-Lebanese customs union territory; data years 1944-1953; composed-union polygon ~195632 km²,
Syrian Arab Republic,faostat,1961,1966,Syrian Arab Republic (1946-1967),SYR-1946-1967,high,FAOSTAT area code 212; observed 1961-1966 in pins faostat-cbs-new;faostat-fbs-new;faostat-production;faostat-trade-totals; iso-equal period match,113504
Syrian Arab Republic,faostat,1967,2024,Syrian Arab Republic,SYR-1967-2025,high,FAOSTAT area code 212; observed 1967-2024 in pins faostat-cbs-new;faostat-fbs-new;faostat-production;faostat-trade-totals; iso-equal period match,113504
Syrian Arab Republic,lassaletta-grassland-share,1961,1966,Syrian Arab Republic (1946-1967),SYR-1946-1967,high,"Exact match of the source label to this polity name, single live SYR family. Non-overlapping ranges following the exclusive end_year of the polities database, so each data year resolves to the polity live in it regardless of match order.",
Syrian Arab Republic,lassaletta-grassland-share,1967,2009,Syrian Arab Republic,SYR-1967-2025,high,"Exact match of the source label to this polity name, single live SYR family. Non-overlapping ranges following the exclusive end_year of the polities database, so each data year resolves to the polity live in it regardless of match order.",
TRI,mueller-synthetic-n,1800,2025,Trinidad and Tobago,TTO-1800-2025,high,FAO-style legacy code; ISO3 is TTO.,
Tajikistan,faostat,1992,2024,Tajikistan,TJK-1991-2025,high,FAOSTAT area code 208; observed 1992-2024 in pins faostat-cbs-new;faostat-cbs-old-animal;faostat-cbs-old-crops;faostat-fbs-new;faostat-fbs-old;faostat-production;faostat-trade-totals; iso-equal period match,71520
Tanzania,faostat,1964,2025,United Republic of Tanzania,TZA-1964-2025,high,"short-form label used by WHEP harmonization tables; resolves to the same polity as the canonical FAOSTAT label 'United Republic of Tanzania', which already routes to TZA-1964-2025. Added because the label appears in regions_full/polities_cats and resolve_polity_label() returned NA for it.",0
Thailand,faostat,1961,2024,Thailand,THA-1909-2025,high,FAOSTAT area code 216; observed 1961-2024 in pins faostat-cbs-new;faostat-cbs-old-animal;faostat-cbs-old-crops;faostat-fbs-new;faostat-fbs-old;faostat-production;faostat-trade-totals; iso-equal period match,252783
Thailand,lassaletta-grassland-share,1961,2009,Thailand,THA-1909-2025,high,"Exact match of the source label to this polity name, single live THA family. Non-overlapping ranges following the exclusive end_year of the polities database, so each data year resolves to the polity live in it regardless of match order.",
Timor-Leste,faostat,1961,2024,Timor-Leste,TLS-1800-2025,high,FAOSTAT area code 176; observed 1961-2024 in pins faostat-cbs-new;faostat-cbs-old-animal;faostat-cbs-old-crops;faostat-fbs-new;faostat-fbs-old;faostat-production;faostat-trade-totals; iso-equal period match,109034
Togo,faostat,1961,2024,Togo,TGO-1960-2025,high,FAOSTAT area code 217; observed 1961-2024 in pins faostat-cbs-old-animal;faostat-cbs-old-crops;faostat-fbs-new;faostat-fbs-old;faostat-production;faostat-trade-totals; iso-equal period match,186647
Togo,lassaletta-grassland-share,1961,2009,Togo,TGO-1960-2025,high,"Exact match of the source label to this polity name, single live TGO family. Non-overlapping ranges following the exclusive end_year of the polities database, so each data year resolves to the polity live in it regardless of match order.",
Tonga,faostat,1961,2024,Tonga,TON-1800-2025,high,FAOSTAT area code 219; observed 1961-2024 in pins faostat-cbs-new;faostat-fbs-new;faostat-production;faostat-trade-totals; iso-equal period match,46569
Trieste,fao1952,1937,1946,Province of Trieste (pre-FTT),TRS-1947-1954,medium,Province of Trieste ~700 km² footprint ≈ FTT; cannot attribute to all-Italy ~300000 km²; closest territorial match,
Trieste,fao1952,1947,1951,Free Territory of Trieste,TRS-1947-1954,high,FAO separate reporting entity; FTT not Italian territory 1947-1954; ~737 km² vs ~300000 km² Italy,
Trieste UK ans US,fao1952,1947,1954,Free Territory of Trieste,TRS-1947-1954,high,typographic variant of 'Trieste UK-US' ('ans' for 'and'); same Zone A FTT territory,
Trieste UK-US,fao1952,1947,1954,Free Territory of Trieste,TRS-1947-1954,high,UK-US qualifier denotes Anglo-American administration of Zone A of FTT; same ~737 km2 territory as existing 'Trieste' alias; data years 1949-1951 within polity span 1947-1954,
Trieste uk us,fao1952,1947,1954,Free Territory of Trieste,TRS-1947-1954,high,lowercase variant of 'Trieste UK-US'; same Zone A FTT territory,
Trieste us uk,fao1952,1947,1954,Free Territory of Trieste,TRS-1947-1954,high,reversed-qualifier variant of 'Trieste UK-US'; same Zone A FTT territory,
Trinidad and Tobago,faostat,1961,2024,Trinidad and Tobago,TTO-1800-2025,high,FAOSTAT area code 220; observed 1961-2024 in pins faostat-cbs-new;faostat-cbs-old-animal;faostat-cbs-old-crops;faostat-fbs-new;faostat-fbs-old;faostat-production;faostat-trade-totals; iso-equal period match,211626
Trinidad and Tobago,lassaletta-grassland-share,1961,2009,Trinidad and Tobago,TTO-1800-2025,high,"Exact match of the source label to this polity name, single live TTO family. Non-overlapping ranges following the exclusive end_year of the polities database, so each data year resolves to the polity live in it regardless of match order.",
Tripolitania,fao1952,1943,1951,British Military Administration of Tripolitania,TRP-1943-1951,high,FAO 1952 short-form label for western Libyan province; same territory as Libya Tripolitania; 2 rows 1949-1951,2
Tripolitania,mitchell,1949,1949,British Military Administration of Tripolitania,TRP-1943-1951,high,"Both territories are typed `national`/`colonial` on the same iso3, so matchlib's type tie-break cannot separate them and shapefile-independent FAMILY ORDER decided the route. The label names the territory explicitly, so the route is not a judgement. Same substitution of Cyrenaica for Tripolitania.",1
Tunisia,faostat,1961,2024,Tunisia,TUN-1881-2025,high,FAOSTAT area code 222; observed 1961-2024 in pins faostat-cbs-new;faostat-cbs-old-animal;faostat-cbs-old-crops;faostat-fbs-new;faostat-fbs-old;faostat-production;faostat-trade-totals; iso-equal period match,226193
Tunisia,lassaletta-grassland-share,1961,2009,Tunisia,TUN-1881-2025,high,"Exact match of the source label to this polity name, single live TUN family. Non-overlapping ranges following the exclusive end_year of the polities database, so each data year resolves to the polity live in it regardless of match order.",
Turkey,,1880,1912,"Turkey (Anatolia, to 1913)",TUR-1800-1913,high,"added 2026-08-05 (issue 54): the unranged `Turkey` alias was bounded to 1920, leaving 37 layer-B rows at 1880-1912 with no target. TUR-1800-1913 covers 1800-1912 and is the Ottoman-era Anatolian row those Mitchell and IIA observations describe.",
Turkey,,1915,1917,Turkiye (1914-1918),TUR-1914-1918,high,"added 2026-08-05 (issue 54): the existing ranged sibling covers only 1914 while TUR-1914-1918 covers 1914-1917, so 1915-1917 had no target once the unranged alias was bounded.",
Turkey,,1918,1919,Turkiye (1918-1920),TUR-1918-1920,high,added 2026-08-05 (issue 54): TUR-1918-1920 covers 1918-1919 and had no alias at all.,
Turkey,,1920,,Türkiye,TUR-1920-2025,high,"name-equivalence | bounded below 2026-08-05 (issue 54): this alias had a BLANK year_start, so it applied to every year including years before TUR-1920-2025 existed, and layer B put 46 rows on it dated 1880-1919. A blank year_start is unbounded below, which no gate could evaluate -- the existing check tests year_start < start_year and skips a blank one entirely.",323
Turkmenistan,faostat,1992,2024,Turkmenistan,TKM-1991-2025,high,FAOSTAT area code 213; observed 1992-2024 in pins faostat-cbs-new;faostat-cbs-old-animal;faostat-cbs-old-crops;faostat-fbs-new;faostat-fbs-old;faostat-production;faostat-trade-totals; iso-equal period match,63651
Tuvalu,faostat,1961,2024,Tuvalu,TUV-1800-2025,high,FAOSTAT area code 227; observed 1961-2024 in pins faostat-cbs-new;faostat-fbs-new;faostat-production;faostat-trade-totals; iso-equal period match,24864
Türkiye,faostat,1961,2024,Türkiye (1920-2025),TUR-1920-2025,high,FAOSTAT area code 223; observed 1961-2024 in pins faostat-cbs-new;faostat-cbs-old-animal;faostat-cbs-old-crops;faostat-fbs-new;faostat-fbs-old;faostat-production;faostat-trade-totals; iso-equal period match,258437
U of S Africa,fao1952,1910,1961,Union of South Africa,ZAF-1910-2025,high,abbreviation of Union of South Africa; existing alias maps full form; no polygon_vintage_drift for 1948-1951 data,65
USSR,,1921,1940,RSFSR/USSR (1921-1940),F228-1921-1940,high,whole-USSR aggregate label; sampled commodities (butter/sugar/cotton lint) confirm no sub-territory ambiguity; F228-1921-1940 is the correct aggregate polity,
USSR,,1940,1945,USSR (1940-1945),F228-1940-1945,high,whole-USSR aggregate label; wartime period including Baltic annexations; F228-1940-1945 is the correct aggregate polity,
USSR,,1945,1991,USSR (1945-1991),F228-1945-1991,high,whole-USSR aggregate label; post-WWII Soviet period through dissolution; F228-1945-1991 is the correct aggregate polity,
USSR,faostat,1961,1991,USSR (1945-1991),F228-1945-1991,high,FAOSTAT area code 228; observed 1961-1991 in pins faostat-cbs-old-animal;faostat-cbs-old-crops;faostat-fbs-old;faostat-production;faostat-trade-totals; manual-replace period match,91616
Uganda,faostat,1961,1961,Uganda (1926-1962),UGA-1926-1962,high,FAOSTAT area code 226; observed 1961-1961 in pins faostat-cbs-new;faostat-cbs-old-animal;faostat-cbs-old-crops;faostat-fbs-new;faostat-fbs-old;faostat-production;faostat-trade-totals; iso-equal period match,200589
Uganda,faostat,1962,2024,Uganda,UGA-1962-2025,high,FAOSTAT area code 226; observed 1962-2024 in pins faostat-cbs-new;faostat-cbs-old-animal;faostat-cbs-old-crops;faostat-fbs-new;faostat-fbs-old;faostat-production;faostat-trade-totals; iso-equal period match,200589
Uganda,lassaletta-grassland-share,1961,1961,Uganda (1926-1962),UGA-1926-1962,high,"Exact match of the source label to this polity name, single live UGA family. Non-overlapping ranges following the exclusive end_year of the polities database, so each data year resolves to the polity live in it regardless of match order.",
Uganda,lassaletta-grassland-share,1962,2009,Uganda,UGA-1962-2025,high,"Exact match of the source label to this polity name, single live UGA family. Non-overlapping ranges following the exclusive end_year of the polities database, so each data year resolves to the polity live in it regardless of match order.",
Ukraine,faostat,1992,2013,Ukraine (1991-2014),UKR-1991-2014,high,FAOSTAT area code 230; observed 1992-2013 in pins faostat-cbs-new;faostat-cbs-old-animal;faostat-cbs-old-crops;faostat-fbs-new;faostat-fbs-old;faostat-production;faostat-trade-totals; iso-equal period match,117919
Ukraine,faostat,2014,2024,Ukraine,UKR-2014-2025,high,FAOSTAT area code 230; observed 2014-2024 in pins faostat-cbs-new;faostat-cbs-old-animal;faostat-cbs-old-crops;faostat-fbs-new;faostat-fbs-old;faostat-production;faostat-trade-totals; iso-equal period match,117919
Union of S Africa,fao1952,1910,1961,Union of South Africa,ZAF-1910-2025,high,name-alias only; no territory mismatch; Union of South Africa = ZAF 1910-1961,
United Arab Emirates,faostat,1961,2024,United Arab Emirates,ARE-1892-2025,high,FAOSTAT area code 225; observed 1961-2024 in pins faostat-cbs-new;faostat-cbs-old-animal;faostat-cbs-old-crops;faostat-fbs-new;faostat-fbs-old;faostat-production;faostat-trade-totals; iso-equal period match,201802
United Arab Emirates,lassaletta-grassland-share,1961,2009,United Arab Emirates,ARE-1892-2025,high,"Exact match of the source label to this polity name, single live ARE family. Non-overlapping ranges following the exclusive end_year of the polities database, so each data year resolves to the polity live in it regardless of match order.",
United Kingdom,faostat,1921,2025,United Kingdom of Great Britain and Northern Ireland,GBR-1921-2025,high,"short-form label used by WHEP harmonization tables; resolves to the same polity as the canonical FAOSTAT label 'United Kingdom of Great Britain and Northern Ireland', which already routes to GBR-1921-2025. Added because the label appears in regions_full/polities_cats and resolve_polity_label() returned NA for it.",0
United Kingdom,lassaletta-grassland-share,1961,2009,United Kingdom,GBR-1921-2025,high,"Exact match of the source label to this polity name, single live GBR family. Non-overlapping ranges following the exclusive end_year of the polities database, so each data year resolves to the polity live in it regardless of match order.",
United Kingdom Great Britain,fao1952,1937,1951,United Kingdom,GBR-1921-2025,high,source-side label variant for the UK as a whole; 'Great Britain' used loosely to mean the full UK state; data items (tractor counts + population) are national-level; 1937-1951 window fully within GBR-1921-2025 span (1921-2025); no sub-territory mismatch,9
United Kingdom of Great Britain and Northern Ireland,faostat,1961,2024,United Kingdom,GBR-1921-2025,high,FAOSTAT area code 229; observed 1961-2024 in pins faostat-cbs-new;faostat-cbs-old-animal;faostat-cbs-old-crops;faostat-fbs-new;faostat-fbs-old;faostat-production;faostat-trade-totals; iso-equal period match,258802
United Kingdom of Great Britain and Northern Ireland (the),trade-sources,1809,1920,United Kingdom (to 1921),GBR-1800-1921,high,"Reporter label in inst/extdata/trade_sources.csv, resolved through FAOSTAT area 229. The trailing ""(the)"" is the UN M49 convention and is the only difference from the canonical area name.",
United Kingdom of Great Britain and Northern Ireland (the),trade-sources,1921,1964,United Kingdom,GBR-1921-2025,high,"Reporter label in inst/extdata/trade_sources.csv, resolved through FAOSTAT area 229. The trailing ""(the)"" is the UN M49 convention and is the only difference from the canonical area name.",
United Republic of Tanzania,faostat,1961,1963,Tanzania (1961-1964),TZA-1961-1964,high,FAOSTAT area code 215; observed 1961-1963 in pins faostat-cbs-new;faostat-cbs-old-animal;faostat-cbs-old-crops;faostat-fbs-new;faostat-fbs-old;faostat-production;faostat-trade-totals; iso-equal period match,219893
United Republic of Tanzania,faostat,1964,2024,Tanzania,TZA-1964-2025,high,FAOSTAT area code 215; observed 1964-2024 in pins faostat-cbs-new;faostat-cbs-old-animal;faostat-cbs-old-crops;faostat-fbs-new;faostat-fbs-old;faostat-production;faostat-trade-totals; iso-equal period match,219893
United Republic of Tanzania,lassaletta-grassland-share,1961,1963,Tanzania (1961-1964),TZA-1961-1964,high,"Copy of the curated `faostat` decision for the identical label. Lassaletta et al. use FAO country names, so the era assignment already made there applies unchanged; only the year range is intersected with this dataset window.",
United Republic of Tanzania,lassaletta-grassland-share,1964,2009,Tanzania,TZA-1964-2025,high,"Copy of the curated `faostat` decision for the identical label. Lassaletta et al. use FAO country names, so the era assignment already made there applies unchanged; only the year range is intersected with this dataset window.",
United States Virgin Islands,faostat,1850,1916,Danish West Indies,DWI-1800-1917,high,FAOSTAT area code 240; no data in scanned pins; registry map to DWI-1800-1917 (1850-1917),0
United States Virgin Islands,faostat,1917,2025,United States Virgin Islands,VIR-1917-2025,high,FAOSTAT area code 240; no data in scanned pins; registry map to VIR-1917-2025 (1917-2025),0
United States of America,faostat,1961,2024,United States of America,USA-1959-2025,high,FAOSTAT area code 231; observed 1961-2024 in pins faostat-cbs-new;faostat-cbs-old-animal;faostat-cbs-old-crops;faostat-fbs-new;faostat-fbs-old;faostat-production;faostat-trade-totals; iso-equal period match,275022
United States of America (the),trade-sources,1827,1847,United States (1803-1848),USA-1803-1848,high,"Reporter label in inst/extdata/trade_sources.csv, resolved through FAOSTAT area 231. The trailing ""(the)"" is the UN M49 convention and is the only difference from the canonical area name.",
United States of America (the),trade-sources,1848,1866,United States (1848-1867),USA-1848-1867,high,"Reporter label in inst/extdata/trade_sources.csv, resolved through FAOSTAT area 231. The trailing ""(the)"" is the UN M49 convention and is the only difference from the canonical area name.",
United States of America (the),trade-sources,1867,1958,United States (1867-1959),USA-1867-1959,high,"Reporter label in inst/extdata/trade_sources.csv, resolved through FAOSTAT area 231. The trailing ""(the)"" is the UN M49 convention and is the only difference from the canonical area name.",
United States of America (the),trade-sources,1959,2014,United States of America,USA-1959-2025,high,"Reporter label in inst/extdata/trade_sources.csv, resolved through FAOSTAT area 231. The trailing ""(the)"" is the UN M49 convention and is the only difference from the canonical area name.",
Uruguay,faostat,1961,2024,Uruguay,URY-1828-2025,high,FAOSTAT area code 234; observed 1961-2024 in pins faostat-cbs-new;faostat-cbs-old-animal;faostat-cbs-old-crops;faostat-fbs-new;faostat-fbs-old;faostat-production;faostat-trade-totals; iso-equal period match,212716
Uruguay,lassaletta-grassland-share,1961,2009,Uruguay,URY-1828-2025,high,"Exact match of the source label to this polity name, single live URY family. Non-overlapping ranges following the exclusive end_year of the polities database, so each data year resolves to the polity live in it regardless of match order.",
Uzbekistan,faostat,1992,2024,Uzbekistan,UZB-1991-2025,high,FAOSTAT area code 235; observed 1992-2024 in pins faostat-cbs-new;faostat-cbs-old-animal;faostat-cbs-old-crops;faostat-fbs-new;faostat-fbs-old;faostat-production;faostat-trade-totals; iso-equal period match,94197
Vanuatu,faostat,1961,2024,Vanuatu,VUT-1800-2025,high,FAOSTAT area code 155; observed 1961-2024 in pins faostat-cbs-new;faostat-cbs-old-animal;faostat-cbs-old-crops;faostat-fbs-new;faostat-fbs-old;faostat-production;faostat-trade-totals; iso-equal period match,132942
Venezuela (Bolivarian Republic of),faostat,1961,2024,Venezuela,VEN-1821-2025,high,FAOSTAT area code 236; observed 1961-2024 in pins faostat-cbs-new;faostat-cbs-old-animal;faostat-cbs-old-crops;faostat-fbs-new;faostat-fbs-old;faostat-production;faostat-trade-totals; iso-equal period match,232770
Venezuela (Bolivarian Republic of),lassaletta-grassland-share,1961,2009,Venezuela,VEN-1821-2025,high,"Copy of the curated `faostat` decision for the identical label. Lassaletta et al. use FAO country names, so the era assignment already made there applies unchanged; only the year range is intersected with this dataset window.",
Viet Nam,faostat,1961,1974,Vietnam (combined reporting: DRV and RVN),F237-1954-1975,high,FAOSTAT area code 237; observed 1961-1974 in pins faostat-cbs-new;faostat-cbs-old-animal;faostat-cbs-old-crops;faostat-fbs-new;faostat-fbs-old;faostat-production;faostat-trade-totals; iso-equal period match,170522
Viet Nam,faostat,1975,2024,Vietnam,VNM-1975-2025,high,FAOSTAT area code 237; observed 1975-2024 in pins faostat-cbs-new;faostat-cbs-old-animal;faostat-cbs-old-crops;faostat-fbs-new;faostat-fbs-old;faostat-production;faostat-trade-totals; iso-equal period match,170522
Virgin Is US,fao1952,1917,2025,United States Virgin Islands,VIR-1917-2025,high,abbreviated FAO label for US Virgin Islands; same territory as 'Virgin Islands US',
Virgin Islands US,fao1952,1917,2025,United States Virgin Islands,VIR-1917-2025,high,unambiguous FAO label for US Virgin Islands (~346 km2); data years 1936-1951 within polity span; consistent with existing 'united states virgin islands' alias,
Western Australia,sa_colonial,1829,1900,Western Australia (colonial),AUWA-1829-1900,high,"SA colonial statistical register is a multi-colony comparative publication; norm(""Western Australia"") resolves to AUWA-1829-1900 via name_fam; WA wheat 170k-865k bushels 1870-1898 consistent with WA small agricultural sector; SA wheat 2.6M-14.6M bushels confirms correct split; alias anchors routing so pipeline refactors cannot drift to AUS-1800-1901 or AUS-1901-2025",
Western Sahara,faostat,1958,1975,Western Sahara (1958-1975),ESH-1958-1975,high,FAOSTAT area code 205; no data in scanned pins; registry map to ESH-1958-1975 (1958-1975),0
Western Sahara,faostat,1975,2025,Western Sahara,ESH-1975-2025,high,FAOSTAT area code 205; no data in scanned pins; registry map to ESH-1975-2025 (1975-2025),0
Windward Islands  Grenada,fao1952,1800,2025,Grenada,GRD-1800-2025,high,FAO 1952 colonial sub-entry format; island qualifier identifies Grenada alone (~344 km2); land-use data is island-specific; data year 1950 within polity span; routing to BWI or Windward Islands aggregate would misrepresent territory scale,7
Windward Islands  St Lucia,fao1952,1838,1962,Saint Lucia,LCA-1838-2025,high,FAO label reporting St Lucia as sub-unit of British Windward Islands colonial grouping; island qualifier identifies Saint Lucia alone (~616 km2); routing to Windward Islands aggregate (~3900 km2) would overstate ~6x; data year 1950 within LCA-1838-2025 span; matches BWI-prefixed pattern already resolved for LCA,7
Yemen,fao1952,1918,1962,Mutawakkilite Kingdom of Yemen,MKY-1918-1962,high,FAO 1952 label 'Yemen' for data years 1937-1951; the only internationally-recognised Yemeni state in that period (~195000 km²); without this alias rows fell through to YEM-1990-2025 (unified Yemen) — wrong polity by ~40 years; IIA alias is source-scoped and does not cover fao1952,8
Yemen,faostat,1961,1989,Yemen (combined reporting: YAR and PDR Yemen),F249-1918-1990,high,FAOSTAT area code 249; observed 1961-1989 in pins faostat-cbs-new;faostat-cbs-old-animal;faostat-cbs-old-crops;faostat-fbs-new;faostat-fbs-old;faostat-production;faostat-trade-totals; iso-equal period match,187189
Yemen,faostat,1990,2024,Yemen (1990-2025),YEM-1990-2025,high,FAOSTAT area code 249; observed 1990-2024 in pins faostat-cbs-new;faostat-cbs-old-animal;faostat-cbs-old-crops;faostat-fbs-new;faostat-fbs-old;faostat-production;faostat-trade-totals; iso-equal period match,187189
Yemen,lassaletta-grassland-share,1961,1989,Yemen (combined reporting: YAR and PDR Yemen),F249-1918-1990,high,"Copy of the curated `faostat` decision for the identical label. Lassaletta et al. use FAO country names, so the era assignment already made there applies unchanged; only the year range is intersected with this dataset window.",
Yemen,lassaletta-grassland-share,1990,2009,Yemen (1990-2025),YEM-1990-2025,high,"Exact match of the source label to this polity name, single live YEM family. Non-overlapping ranges following the exclusive end_year of the polities database, so each data year resolves to the polity live in it regardless of match order.",
Yugoslav SFR,faostat,1961,1990,Yugoslavia (1947-1991),F248-1947-1991,high,FAOSTAT area code 248; observed 1961-1990 in pins faostat-cbs-old-animal;faostat-cbs-old-crops;faostat-fbs-old;faostat-production;faostat-trade-totals; manual-replace period match,112967
Yugoslav SFR,faostat,1991,1991,Yugoslavia (1991-1992),F248-1991-1992,high,FAOSTAT area code 248; observed 1991-1991 in pins faostat-cbs-old-animal;faostat-cbs-old-crops;faostat-fbs-old;faostat-production;faostat-trade-totals; manual-replace period match,112967
Yugoslav SFR,lassaletta-grassland-share,1961,1990,Yugoslavia (1947-1991),F248-1947-1991,high,"Copy of the curated `faostat` decision for the identical label. Lassaletta et al. use FAO country names, so the era assignment already made there applies unchanged; only the year range is intersected with this dataset window.",
Yugoslav SFR,lassaletta-grassland-share,1991,1991,Yugoslavia (1991-1992),F248-1991-1992,high,"Copy of the curated `faostat` decision for the identical label. Lassaletta et al. use FAO country names, so the era assignment already made there applies unchanged; only the year range is intersected with this dataset window.",
ZAR,mueller-synthetic-n,1960,2025,Democratic Republic of the Congo,COD-1960-2025,high,"FAO-style legacy code for Zaire, renamed DR Congo in 1997; ISO3 is COD.",
Zambia,faostat,1961,1963,Northern Rhodesia within Federation of Rhodesia and Nyasaland (1953-1964),NRH-1953-1964,high,FAOSTAT area code 251; observed 1961-1963 in pins faostat-cbs-new;faostat-cbs-old-animal;faostat-cbs-old-crops;faostat-fbs-new;faostat-fbs-old;faostat-production;faostat-trade-totals; iso-equal period match,199421
Zambia,faostat,1964,2024,Zambia,ZMB-1964-2025,high,FAOSTAT area code 251; observed 1964-2024 in pins faostat-cbs-new;faostat-cbs-old-animal;faostat-cbs-old-crops;faostat-fbs-new;faostat-fbs-old;faostat-production;faostat-trade-totals; iso-equal period match,199421
Zambia,lassaletta-grassland-share,1961,1963,Northern Rhodesia within Federation of Rhodesia and Nyasaland (1953-1964),NRH-1953-1964,high,"Copy of the curated `faostat` decision for the identical label. Lassaletta et al. use FAO country names, so the era assignment already made there applies unchanged; only the year range is intersected with this dataset window.",
Zambia,lassaletta-grassland-share,1964,2009,Zambia,ZMB-1964-2025,high,"Exact match of the source label to this polity name, single live ZMB family. Non-overlapping ranges following the exclusive end_year of the polities database, so each data year resolves to the polity live in it regardless of match order.",
Zanzibar and Pemba,fao1952,1890,1963,Zanzibar Protectorate,ZNZ-1890-1963,high,island identity; categorically distinct from TAN (~942k km²) vs ZNZ (~2650 km²),71
Zimbabwe,faostat,1961,1963,"Southern Rhodesia (within Federation, 1953-1964)",SRH-1953-1964,high,FAOSTAT area code 181; observed 1961-1963 in pins faostat-cbs-new;faostat-cbs-old-animal;faostat-cbs-old-crops;faostat-fbs-new;faostat-fbs-old;faostat-production;faostat-trade-totals; iso-equal period match,224061
Zimbabwe,faostat,1964,1979,Zimbabwe (1964-1980),ZWE-1964-1980,high,FAOSTAT area code 181; observed 1964-1979 in pins faostat-cbs-new;faostat-cbs-old-animal;faostat-cbs-old-crops;faostat-fbs-new;faostat-fbs-old;faostat-production;faostat-trade-totals; iso-equal period match,224061
Zimbabwe,faostat,1980,2024,Zimbabwe (1980-2025),ZWE-1980-2025,high,FAOSTAT area code 181; observed 1980-2024 in pins faostat-cbs-new;faostat-cbs-old-animal;faostat-cbs-old-crops;faostat-fbs-new;faostat-fbs-old;faostat-production;faostat-trade-totals; iso-equal period match,224061
Zimbabwe,lassaletta-grassland-share,1964,1979,Zimbabwe (1964-1980),ZWE-1964-1980,high,"Exact match of the source label to this polity name, single live ZWE family. Non-overlapping ranges following the exclusive end_year of the polities database, so each data year resolves to the polity live in it regardless of match order.",
Zimbabwe,lassaletta-grassland-share,1980,2009,Zimbabwe (1980-2025),ZWE-1980-2025,high,"Exact match of the source label to this polity name, single live ZWE family. Non-overlapping ranges following the exclusive end_year of the polities database, so each data year resolves to the polity live in it regardless of match order.",
algeria,,1831,1885,Algeria,DZA-1831-1886,high,name-equivalence; French colonial Algeria pre-CShapes baseline,
algeria,,1886,1901,Algeria,DZA-1886-1902,high,name-equivalence; French colonial Algeria 1886-1902,
algeria,,1902,1918,Algeria,DZA-1902-1919,high,name-equivalence; French colonial Algeria post-Sahara annexation,
algeria,,1919,1962,Algeria,DZA-1919-1962,high,name-equivalence; French colonial Algeria IIA period (1905-1945 active),
algeria,,1962,2025,Algeria,DZA-1962-2025,high,name-equivalence; independent Algeria,
algeria,mitchell,1902,1918,"Algerian civil departments (Alger, Oran, Constantine, 1902-1919)",DZA-CVD-1902-1919,high,"issue #400 case 2, decided by the maintainer 2026-08-31: the source reports the three CIVIL DEPARTMENTS (Alger, Oran, Constantine), which IIA itself states as 575,511 km2 across its 1909/1925/1929 editions, not the colony including the Territoires du Sud. DZA-1902-1919's polygon is 2,442,683 km2, so a per-km2 intensity on it understates by 4.244x. Corroborated by mitchell showing NO step at the 1902 Sahara annexation (wheat 1,295,000 -> 1,387,000 ha; barley 1,423,000 -> 1,344,000; camels 203,000 -> 199,000), so the series is civil-departments-scale throughout. Source-scoped so the unscoped algeria rule still sends any other source to the colony.",297
algeria,iia,1902,1918,"Algerian civil departments (Alger, Oran, Constantine, 1902-1919)",DZA-CVD-1902-1919,high,"issue #400 case 2, decided by the maintainer 2026-08-31: the source reports the three CIVIL DEPARTMENTS (Alger, Oran, Constantine), which IIA itself states as 575,511 km2 across its 1909/1925/1929 editions, not the colony including the Territoires du Sud. DZA-1902-1919's polygon is 2,442,683 km2, so a per-km2 intensity on it understates by 4.244x. Corroborated by mitchell showing NO step at the 1902 Sahara annexation (wheat 1,295,000 -> 1,387,000 ha; barley 1,423,000 -> 1,344,000; camels 203,000 -> 199,000), so the series is civil-departments-scale throughout. Source-scoped so the unscoped algeria rule still sends any other source to the colony.",121
angola,,1898,1904,Portuguese Angola (pre-1905),ANG-1891-1905,high,year-ranged alias: data labelled angola 1898-1904 routes to ANG-1891-1905 (Portuguese Angola pre-1905 CShapes polygon); covers iia+mitchell sources,
angola,,1905,1960,Angola (Portuguese colony 1905-1975),ANG-1905-1975,high,year-ranged alias: data labelled angola 1905-1960 routes to ANG-1905-1975 (Portuguese Angola post-1905 CShapes polygon); covers iia+mitchell sources,
argentina,iia,1909,1945,Argentina,ARG-1902-2025,high,name-equivalence; iso match (arg); full IIA data range 1909-1945 within ARG-1902-2025 span (1902-2025); retargeted from ARG-1800-2025 after split 2026-07-01; 88 rows flagged but 84 already matched via iso — residual 88 unmatched rows have year=NA (data-quality gap not a routing gap),88
australia,,1800,1900,,AUS-1800-1901,high,year-ranged aggregate routing for pre-Federation Australia,118
australia,,1901,2025,,AUS-1901-2025,high,year-ranged aggregate routing for post-Federation Australia,118
azerbaijan,iia-tea,1920,1990,Azerbaijan SSR,AZE-SSR-1920-1991,high,IIA tea data labeled 'azerbaijan' 1920-1990; Azerbaijan SSR ~87000 km² — routing to USSR aggregate (~21M km²) would overstate 240x,
belgium,iia,,,Belgium,BEL-1831-2025,high,null-year IIA rows unmatched by year-containment router; BEL-1831-2025 territorially sound (~30500 km²; CShapes cowcode=211); no year bounds set so alias applies only to source=iia rows with year=NA,78
bermuda,iia,1930,1945,Bermuda,BMU-1684-1968,high,island identity; same territory as fao1952 Bermuda label; lowercase variant,17
botswana,,1885,1966,,BEC-1885-1966,medium,reused from stopped run wf_62a587d4 audit,
botswana,,1966,2025,,BWA-1966-2025,medium,reused from stopped run wf_62a587d4 audit,
british honduras,,1886,1970,British Honduras,BLZ-1886-1970,high,colonial-era name for Belize 1886-1970; CShapes feature 80 (~22966 km2); data years 1909-1951 route here; BLZ chain-restructure 2026-07-01,
british virgin islands,iia-cotton,1909,1925,British Virgin Islands,VGB-1800-2025,high,IIA source contains 29 rows for 'british virgin islands' 1909-1925 cotton lint and cotton seed; island territory unambiguously distinct from broader British West Indies aggregate,29
british west indies jamaica,,1800,2025,,JAM-1800-2025,medium,reused from stopped run wf_62a587d4 audit,
bulgaria,,1878,1912,,BGR-1878-1913,high,name-equivalence year-ranged BGR chain,137
bulgaria,,1913,1917,,BGR-1913-1918,high,name-equivalence year-ranged BGR chain,137
bulgaria,,1918,1918,,BGR-1918-1919,high,name-equivalence year-ranged BGR chain,137
bulgaria,,1919,1939,,BGR-1919-1940,high,name-equivalence year-ranged BGR chain,137
bulgaria,,1940,2025,,BGR-1940-2025,high,name-equivalence year-ranged BGR chain + catch-all for years=null,137
burkina faso,iia,1919,1932,Upper Volta (1919-1932),BFA-1919-1932,high,year-ranged alias: Upper Volta first colonial period; routing to AOF-1895-1960 would overstate territory ~17x (~272k km2 vs ~4.77M km2),68
burma,,1826,1852,,MMR-1826-1852,medium,reused from stopped run wf_62a587d4 audit,
burma,,1885,2025,,MMR-1885-2025,medium,reused from stopped run wf_62a587d4 audit,
burma,mitchell,1852,1885,British Lower Burma (1852-1885),MMR-LWR-1852-1885,high,Mitchell rice-paddy series 1852-1885 records ~4M tonnes from Irrawaddy delta; impossible for Upper Burma rump (~437k km2 uplands); consistent with British Lower Burma delta economy (world leading rice exporter); routing to MMR-1852-1885 would overstate ~4.8x; Cliopatria area diff confirms ~116k km2 ceded to Britain in 1852,
burundi,iia,1919,1921,Ruanda-Urundi (occupation),RWB-1919-1922,high,IIA bare label 'burundi' pre-mandate occupation period; routes to Belgian occupation polity covering same combined territory,
burundi,iia,1922,1961,Burundi (within Ruanda-Urundi),BDI-1922-1962,high,"RETARGETED 2026-08-25 (issue 355) from RWB-1922-1962. The decision on the RWB page justified the mandate-level routing as `since no finer-grained Burundi-only polity exists for this period` -- and BDI-1922-1962 (1922-1962, `Burundi (within Ruanda-Urundi)`) does exist, with a 27,176 km2 polygon and its own page. That same decision already states the data IS Burundi's share and not the whole mandate. The precedent is in this table: `Burundi,faostat,1961,1961` already routes to BDI-1922-1962.",
cameroon,,1884,1911,German Kamerun (1884-1912),GKM-1884-1912,high,name-equivalence; CShapes 2.0 FID 295 pre-Agadir polygon ~510559 km²; data years 1884-1911 fall within GKM-1884-1912 span,
cameroon,,1912,1915,German Kamerun (1912-1916),GKM-1912-1916,high,name-equivalence; CShapes 2.0 FID 296 post-Agadir polygon ~799999 km²; data years 1912-1915 fall within GKM-1912-1916 span,
canada,,1866,1869,Canada (original four provinces 1866-1870),CAN-1866-1870,high,year-ranged alias: pre-Rupert's Land Confederation (1867-1870); polygon ESTIMATE ~500000 km² composed GADM union of ON+QC+NB+NS; fixes 19× overstatement from CShapes 1886 proxy,
canada,,1870,1885,Canada (post-Rupert's Land 1870-1886),CAN-1870-1886,high,year-ranged alias: post-Rupert's Land transfer 1870 to CPR completion 1885; CShapes 2.0 gwcode=20 gwsyear=1886 proxy ~9.55M km²; ~10% overstatement (BC 1871/PEI 1873 not yet joined) acceptable,
canada,,1886,1886,Canada (post-CPR completion 1886),CAN-1886-1949,high,year-ranged alias: 1886 data rows route to CAN-1886-1949; year 1886 is start of CAN-1886-1949 and not covered by the 1870-1885 alias for CAN-1870-1886,
canada,,1948,1948,Canada,CAN-1886-1949,high,"calendar-1948 data predates the Newfoundland accession (31 March 1949) so belongs to the Newfoundland-EXCLUDED territory. Was a COMPENSATION for CAN-1948-2025 starting at the 22 July 1948 referendum; since 2026-08-05 (issue 15) the boundary itself is at the accession and CAN-1886-1949 genuinely covers 1948, so this is now an ordinary year-scoped alias",54
cape natal,mitchell,1918,1957,Cape and Natal provinces (South Africa),ZAF-1910-2025,medium,combined Cape+Natal provincial sub-total; may undercount national cattle figures; routed to national polity with undercount caveat,
cape province,,1800,1894,,CAP-1800-1895,medium,reused from stopped run wf_62a587d4 audit; clipped 1910 -> 1894 at the 1895 split (issue 22). year_end 1910 previously reached the target's exclusive end_year,84
cape province,,1895,1909,,CAP-1895-1910,medium,reused from stopped run wf_62a587d4 audit; 1895-1909 half of the 1895 split (issue 22),29
china 22 provinces,fao1952,1937,1945,China,CHN-1932-1945,high,name-variant: FAO designation for China proper excl. Manchuria; re-routed from CHN-1921-1945 (superseded) to CHN-1932-1945 (composed-difference polygon excludes Manchukuo),87
china 22 provinces,fao1952,1945,1946,China,CHN-1945-1947,high,name-variant: FAO designation for China proper excl. Manchuria; CShapes polygon already excludes Manchukuo from 1932,87
china 22 provinces,fao1952,1947,1948,China,CHN-1947-1949,high,name-variant: FAO designation for China proper excl. Manchuria; CShapes polygon already excludes Manchukuo from 1932,87
china 22 provinces,fao1952,1949,1949,China,CHN-1949-1950,high,name-variant: FAO designation for China proper excl. Manchuria; CShapes polygon already excludes Manchukuo from 1932,87
china 22 provinces,fao1952,1950,1951,China,CHN-1950-2025,high,name-variant: FAO designation for China proper excl. Manchuria; CShapes polygon already excludes Manchukuo from 1932,87
china taiwan,,1895,1944,,TWN-1895-1945,high,FAO1952 label for Taiwan under Japanese colonial rule routes to Formosa polity,27
china taiwan,,1945,2025,,TWN-1945-2025,high,colonial-period split fix,
"china, mainland",,1800,1895,China (mainland),CHN-1800-1895,high,FAO/IIA label for China excl. Taiwan; routes to all CHN slots,
"china, mainland",,1895,1913,China (mainland),CHN-1895-1913,high,FAO/IIA label for China excl. Taiwan; routes to all CHN slots,
"china, mainland",,1913,1913,China (mainland),CHN-1913-1914,high,FAO/IIA label for China excl. Taiwan; routes to all CHN slots,
"china, mainland",,1914,1920,China (mainland),CHN-1914-1921,high,FAO/IIA label for China excl. Taiwan; routes to all CHN slots,
"china, mainland",,1921,1931,China (mainland),CHN-1921-1932,high,FAO/IIA label for China excl. Taiwan; split at 1932 (Manchukuo); routes to all CHN slots,
"china, mainland",,1932,1944,China (mainland),CHN-1932-1945,high,FAO/IIA label for China excl. Taiwan; split at 1932 (Manchukuo); routes to all CHN slots,
"china, mainland",,1945,1946,China (mainland),CHN-1945-1947,high,FAO/IIA label for China excl. Taiwan; routes to all CHN slots,
"china, mainland",,1947,1948,China (mainland),CHN-1947-1949,high,FAO/IIA label for China excl. Taiwan; routes to all CHN slots,
"china, mainland",,1949,1949,China (mainland),CHN-1949-1950,high,FAO/IIA label for China excl. Taiwan; routes to all CHN slots,
"china, mainland",,1950,2025,China (mainland),CHN-1950-2025,high,FAO/IIA label for China excl. Taiwan; routes to all CHN slots,
"china, manchuria province of",,1921,1931,,CHN-1921-1932,medium,split from CHN-1921-1945 at 1932; Manchuria was Chinese 1921-1932,
"china, manchuria province of",,1932,1944,,MAN-1932-1945,medium,reused from stopped run wf_62a587d4 audit,
"china, manchuria province of",,1945,1946,,CHN-1945-1947,medium,reused from stopped run wf_62a587d4 audit,
"china, manchuria province of",,1947,1949,,CHN-1947-1949,medium,reused from stopped run wf_62a587d4 audit,
"china, manchuria province of",,1950,2025,,CHN-1950-2025,medium,reused from stopped run wf_62a587d4 audit,
"china, taiwan province of",,1895,1944,Taiwan,TWN-1895-1945,high,"colonial-period split fix. REPAIRED: the label contains a comma and was written unquoted, so every field shifted one column left and the target landed in `confidence`. The alias resolved to None, i.e. it did nothing, for as long as it existed.",
cyprus,iia,1879,2025,Cyprus,CYP-1879-2025,high,island identity; 1960 CShapes polygon valid for 1879-1974; post-1974 rows carry polygon_vintage_drift (~57% overstatement vs. RoC-controlled area) documented on wiki,97
czech republic,,1919,1937,,F51-1918-1938,high,year-ranged alias: interwar Czechoslovakia covers 1919-1938 Czech data,603
czech republic,,1919,1937,Czechoslovakia (1918-1938),F51-1918-1938,high,IIA data (flax/hops/wheat/rye tens-of-thousands ha) matches Bohemia-Moravia scale ~79k km2; not full Czechoslovakia ~140k km2 but closest polity for Czech Lands 1919-1938,
czech republic,,1938,1944,,F51-1938-1945,high,year-ranged alias: WWII-period Czechoslovakia covers 1938-1945 Czech data,603
czech republic,,1939,1944,Czechoslovakia (1938-1945),F51-1938-1945,medium,German occupation period; Czech Lands agricultural data recorded under Protectorate of Bohemia-Moravia geography; output magnitudes consistent with pre-war Czech Lands,
czech republic,,1945,1946,,F51-1945-1947,high,year-ranged alias: postwar Czechoslovakia covers 1945-1947 Czech data,603
czech republic,,1946,1946,Czechoslovakia (1945-1947),F51-1945-1947,high,Restored Czechoslovakia post-WWII; Czech Lands reintegrated; borders near-identical to pre-Munich configuration minus Ruthenia (ceded to USSR 1945),
czech republic,,1947,1993,Czechoslovakia (1947-1993),F51-1947-1993,high,redirected from CZE-1947-1992 (duplicate retired 2026-06-29); year-end extended to 1993 to cover full Czechoslovakia span,
czechoslovakia,,1947,1993,Czechoslovakia (1947-1993),F51-1947-1993,high,post-WWII Czechoslovakia; canonical polity is F51-1947-1993 (COW 315); CZE-1947-1992 was a miscoded duplicate retired 2026-06-29,
czechoslovakia,juan,1914,1918,Czech Lands (Bohemia-Moravia-Silesia under Austria-Hungary),CZE-1804-1918,high,Pre-independence label: Czechoslovakia did not exist before Oct 1918; juan source fiber-crop data (flax/hemp/linseed/rapeseed) 1914-1917 measures Czech Lands (~79349 km2) within AUH -- NOT the full empire (~675000 km2); CZE-1804-1918 is the exact matching polity for this sub-territory and period,27
denmark the faeroes,fao1952,1800,2025,Faroe Islands,FRO-1800-2025,high,FAO 1952 sub-entry for Faroe Islands (~1399 km²); routing to DNK-1920-2025 (~43000 km²) would overstate ~30x; sub-territory/parent conflation avoided,
djibouti,iia,1884,1977,French Somaliland,FRS-1884-1977,high,IIA colonial-era label; same territory as French Somaliland ~23192 km²; DJI-1886-2025 retired duplicate; routes colonial-era data to correct FRS chain,
egypt,mitchell,1866,1884,Egypt with Sudan (1820-1885),EGY-1820-1885,high,"year-ranged alias: Mitchell label ""egypt"" 1866-1884 routes to EGY-1820-1885 (Egypt with Sudan); 19 data rows; EGY-1800-1899 split at 1820 and 1885 Sudan border changes",19
egypt,mitchell,1885,1899,Egypt (1885-1899),EGY-1885-1899,high,"year-ranged alias: Mitchell label ""egypt"" 1885-1899 routes to EGY-1885-1899 (Egypt proper post-Mahdist loss); 65 data rows; CShapes 2.0 COW 651 1886 polygon",65
ethiopia,fao1952,1936,1941,ethiopia,ETH-1936-1941,high,"assertion-verification: fao1952's ""Ethiopia"" label reports continuous values across 1934-1945 with no step consistent with the AOI aggregate (~1.7M km2) vs Ethiopia-proper (~1.0M km2) territory difference; new polity ETH-1936-1941 created to hold Ethiopia-proper-only data during the Italian occupation, releasing quarantined key ethiopia|fao1952|1937-1937",1
ethiopia,iia,1936,1941,ethiopia,ETH-1936-1941,high,"assertion-verification: iia's ""ethiopia"" label reports continuous coffee-green series across 1932-1945 (19,800 t 1932; 16,300 t 1938; 17,000 t 1945) with no step consistent with the AOI aggregate (~1.7M km2) vs Ethiopia-proper (~1.0M km2) territory difference; new polity ETH-1936-1941 created to hold Ethiopia-proper-only data during the Italian occupation, releasing quarantined key ethiopia|iia|1938-1938",1
france,,1800,1870,France,FRA-1800-1871,high,year-ranged split at 1871 Treaty of Frankfurt (Alsace-Lorraine cession) and 1919 Treaty of Versailles,
france,,1871,1918,France,FRA-1871-1919,high,year-ranged split at 1871 Treaty of Frankfurt (Alsace-Lorraine cession) and 1919 Treaty of Versailles,
france,,1919,2025,France,FRA-1919-2025,high,year-ranged split at 1919 Alsace-Lorraine reintegration,
french guiana,,1946,2025,French Guiana (Overseas Department),GUF-1946-2025,high,year-ranged alias lowercase for post-1946 data; post-DOM transition,
french guiana,iia,1816,1945,French Guiana (Colony),GUF-1816-1946,high,year-ranged alias lowercase for IIA/fao1952 data 1909-1945; colonial period,85
germany eastern,,1949,1990,,F77-1949-1990,medium,reused from stopped run wf_62a587d4 audit,
greece,,1830,1881,Greece,GRC-1830-1881,high,split of GRC-1830-1913 at 1881 Thessaly cession; routes pre-1881 data to ~47000 km2 Cliopatria polygon,
greece,,1881,1913,Greece,GRC-1881-1913,high,split of GRC-1830-1913 at 1881 Thessaly cession; routes post-1881 data to CShapes 1886 polygon 63711 km2,
greece,whep-split-2026-06-29,1919,1946,Greece,GRC-1919-1947,high,year-ranged routing: Greece pre-Dodecanese (1919-1946); split from GRC-1919-2025 at 1947 Dodecanese acquisition,
greece,whep-split-2026-06-29,1947,2025,Greece,GRC-1947-2025,high,year-ranged routing: Greece post-Dodecanese (1947-2025); split from GRC-1919-2025 at 1947 Dodecanese acquisition,
hawaii,,1898,1959,Territory of Hawaii,HAWI-1898-1959,high,new polity routed; label carries no iso,
hungary,,1920,1920,Hungary (1920-1938),HUN-1920-1938,high,year-ranged alias: harvest-year 1920 post-Trianon rump (~93000 km2); prevents misrouting to HUN-1918-1920 pre-Trianon polygon (~325421 km2),
indochina,,1866,1886,French Cochinchina,FCC-1862-1887,high,"added 2026-08-05 (issue 54): French Indochina was federated in 1887, so the 20 Mitchell rows labelled `indochina` at 1866-1886 predate it. FCC-1862-1887 (French Cochinchina, 1862-1886) is the French possession those years describe -- the only one before the federation.",
indochina,,1887,,French Indochina,FID-1887-1954,high,"name-equivalence | bounded below 2026-08-05 (issue 54): this alias had a BLANK year_start, so it applied to every year including years before FID-1887-1954 existed, and layer B put 20 rows on it dated 1866-1886. A blank year_start is unbounded below, which no gate could evaluate -- the existing check tests year_start < start_year and skips a blank one entirely.",259
indochina cambodia,,1907,1953,,KHM-1907-1953,medium,reused from stopped run wf_62a587d4 audit,
indochina laos,,1936,1951,Laos (1893-1954),LAO-1893-1954,high,FAO label for Lao sub-territory within French Indochina (~196820 km²); routing to FID-1887-1954 (~740000 km²) would overstate ~3x,59
indochina viet nam,,1887,1953,Vietnam (French Indochina),VNM-1887-1954,high,"REROUTED 2026-08-18 from FID-1887-1954, the federation, to Vietnam's own polity (issue #355). Three independent reasons, none needing the source. (1) SIBLING CONSISTENCY: the other two constituent labels already route to their own polities -- `indochina laos` -> LAO-1893-1954 (59 rows) and `indochina cambodia` -> KHM-1907-1953 (95 rows). Vietnam was the odd one out. (2) THIS ROW CONTRADICTED ITS OWN SOURCE-SCOPED SIBLINGS: `Indochina Viet Nam` for mitchell (1937-1951, 96 rows) and for fao (1937-1953) both already named VNM-1887-1954, so the blank-source wildcard was overriding them with a different answer for fao1952. (3) IT WAS A WHOLE-ON-PART DOUBLE COUNT: FID-1887-1954 separately receives `Indochina` and `indochina` (261 federation rows), so summing FID counted Vietnam twice. VNM-1887-1954 exists for exactly this span and already carries 356 rows from the `viet nam` label. 113 rows move (109 `Indochina Viet Nam` + 4 `Indochina: Viet Nam`). NOT touched: `Indochina Cambodia Viet Nam` (2 rows) and `Indochina Cambodia, Laos and Viet Nam` (2), which are genuine multi-territory labels and belong on the federation or nowhere. Year end set to 1953, not 1954: alias `year_end` is INCLUSIVE while the polity's `end_year` is EXCLUSIVE, so 1953 is VNM-1887-1954's last covered year. The old row claimed to 1954 and was baselined as an overclaim against FID; rerouting removes the overclaim rather than moving it, so the baseline line is deleted instead of edited.",
israel,,1920,1947,,PAL-1920-1948,medium,reused from stopped run wf_62a587d4 audit,
israel,,1948,1967,,ISR-1948-1967,medium,reused from stopped run wf_62a587d4 audit,
israel/palestine,,1925,1948,British Mandate Palestine,PAL-1920-1948,high,slash-form label for British Mandate Palestine 1925-1948; ~26k km2 consistent with wheat data magnitude,
israel/palestine,,1949,1949,Israel,ISR-1948-1967,medium,post-Mandate year 1949 routes to Israel (independence May 1948); same label different period,
italy,,1861,1865,Italy (1861-1866),ITA-1861-1866,high,year-ranged routing: Italy 1861-1866 (proclamation to Vienna Peace Treaty/Venetia cession); polygon_status=estimate (CShapes 1886 overstates ~30k km2),
italy,,1866,1869,Italy (1866-1870),ITA-1866-1870,high,year-ranged routing: Italy 1866-1870 (Venetia acquisition to capture of Rome); polygon_status=estimate (CShapes 1886 overstates ~12k km2),
italy,,1870,1918,Italy (1870-1919),ITA-1870-1919,high,year-ranged routing: Italy 1870-1919 (post-Rome capture to Treaty of Saint-Germain); split from ITA-1861-1919. year_end clipped 1919 -> 1918 on 2026-08-13 (issue 90 group B residue): ITA-1870-1919 has an EXCLUSIVE end_year so it covers to 1918 only; the two earlier links of this same chain were already written 1861-1865 and 1866-1869 on that convention and this one was not,
italy,,1919,1919,Italy,ITA-1919-2025,high,"single-year boundary alias added 2026-08-13 (issue 90 group B residue): 73 layer-B rows labelled ""italy"" in 1919 (65 juan, 7 iia, 1 mitchell) were routing to ITA-1870-1919, whose exclusive end_year ends its coverage in 1918, so no live polity was named for them. ITA-1919-2025 is the polity this database says was live in 1919. Territorial cost 284848 -> 300310 km2 (+5.4%), the Saint-Germain gains; well inside the band the group B magnitude check accepted (it rejected egypt 1899 at +29.9% and greece 1913 at +91.2%). The juan area series shows no discontinuity at 1919 or 1920 (wheat 4.29M ha 1919, 4.57M 1920, 4.77M 1921), so the data itself cannot decide the year and the database's own period boundary does",73
italy,iia,,1860,Kingdom of Sardinia (pre-unification Italy),SAR-1800-1860,high,year-ranged alias: IIA 'italy'/ita rows pre-1861 measure Sardinian/pre-unification aggregate; SAR-1800-1860 has Cliopatria polygon assigned,
japan,,1945,1951,Japan (occupied),JPN-1945-1952,high,polity exists in DB; omitted from resolver resolved_family,
japan,,1952,1952,Japan (occupied),JPN-1952-2025,high,"boundary year 1952 split out 2026-08-05 (issue 90 group B): the alias claimed 1952 while JPN-1945-1952 covers only to 1951, so the rows landed on a polity whose own columns exclude the year. Retargeted to JPN-1952-2025, area change +0.0% -- identical polygon; the 1952 split is the end of the Occupation, not a territorial change.",
korea,mitchell,1949,1960,South Korea,KOR-1948-2025,high,post-1948 Korea data from Mitchell refers to Republic of Korea (South Korea); North Korea data inaccessible to Western compilers; agricultural magnitudes (~100k km2 territory) consistent with RoK,
libya,mitchell,1949,1950,Libya under UN Transitional Administration (1949-1951),LBY-1949-1951,high,"Lowercase variant of the label above, same years, same target.",3
ltaly,fao1952,1949,1951,Italy,ITA-1919-2025,high,OCR corruption of 'Italy' (capital I rendered as lowercase l); unambiguous single-country label; routes to post-WW2 Italian Republic polygon (~301000 km²),3
malawi,,1954,1963,Nyasaland within Federation of Rhodesia and Nyasaland,MWI-1953-1964,high,sub-territorial gap: Nyasaland ~118k km² vs FRN ~1.26M km²; boundary-stable proxy polygon,
malaysia,mitchell,1898,1945,British Malaya (1895-1946),GBM-1895-1946,high,"Both territories are typed `national`/`colonial` on the same iso3, so matchlib's type tie-break cannot separate them and shapefile-independent FAMILY ORDER decided the route. The label names the territory explicitly, so the route is not a judgement. 197 Mitchell rows resolved to BNB-1881-1963 (British North Borneo, Sabah) instead of British Malaya. The items settle it: rubber 56, rice paddy 42, coffee 37, tobacco 35, tea 16, maize 11 -- peninsular plantation agriculture. British Malaya dominated world natural-rubber output; North Borneo was marginal. Same reasoning already recorded on the FAOSTAT Malaysia alias, where rubber jumps ~23% in 1963 when Sabah and Sarawak accede.",197
micronesia (federated states of),iia,1920,1945,Caroline Islands (Japanese Mandate),CAR-1920-1945,high,anachronistic modern FSM label applied to Caroline Islands under Japanese mandate 1920-1945; routed to CAR-1920-1945 to prevent back-extension of FSM-1991-2025,
natal,,1910,1957,Natal province (South Africa),ZAF-1910-2025,medium,Mitchell post-Union Natal province data; NAT polities end 1910 and have zero overlap with 1910-1957 data years; Natal province ~94361 km2 (~6% of ZAF ~1221037 km2); sub-territory approximation documented on wiki,
neth west indies,fao1952,1816,1960,Dutch Caribbean (colonial),ANT-1816-1961,high,lowercase variant of 'Neth West Indies'; same routing as Netherlands W Indies,
netherlands antilles,,1816,1960,Dutch Caribbean (colonial),ANT-1816-1961,high,lowercase general-purpose alias for Dutch Caribbean pre-1961 data from any source,
netherlands w indies,fao1952,1816,1960,Dutch Caribbean (colonial),ANT-1816-1961,high,lowercase variant of Netherlands W Indies FAO 1952 label,21
netherlands west indies,fao1952,1816,1960,Dutch Caribbean (colonial),ANT-1816-1961,high,lowercase full spelling variant; same routing as Netherlands West Indies,
netherlandswest indies,fao1952,,,Dutch Caribbean (colonial),ANT-1816-1961,high,lowercase variant of concatenated FAO label 'NetherlandsWest Indies'; same routing to Netherlands Antilles colonial polity,
niger,,1911,1921,Niger (Military Territory),NER-1911-1922,high,Territoire militaire du Niger 1911-1922; CShapes 2.0 cowcode 436 area 1182017 km²; routes label niger for years 1911-1921,
niger,,1922,1922,Niger (Military Territory),NER-1922-1947,high,"boundary year 1922 split out 2026-08-05 (issue 90 group B): the alias claimed 1922 while NER-1911-1922 covers only to 1921, so the rows landed on a polity whose own columns exclude the year. Retargeted to NER-1922-1947, area change +0.0% -- identical polygon; the 1922 split is the military-territory-to-colony change, same borders.",
pacific is us trust,fao1952,1947,1994,Trust Territory of the Pacific Islands,TTPI-1947-1994,high,FAO 1952 aggregate label for full TTPI (Caroline Islands+Marshall Islands+NMI+Palau); 18 rows 1949-1951; scale ~1791 km2 land consistent with island aggregate,18
palau,iia,1909,1914,German Caroline Islands (Karolinen),GCAR-1899-1914,high,Angaur phosphate mines (Deutsche Sudsee-Phosphat-Actiengesellschaft) opened 1909 on Angaur Island (Palau) under German colonial administration; data 1909-1914 records German-period production; routed to new polity GCAR-1899-1914,6
palau,iia,1915,1919,Palau (Japanese military occupation),JPN-1895-1945,high,Japanese military occupation of German Caroline Islands October 1914-1920; no separate WHEP polity for occupation period; JPN-1895-1945 is the closest administrative entity,5
palau,iia,1920,1932,Palau (Caroline Islands Japanese Mandate),CAR-1920-1945,high,Palau administered under Nan'yo-cho South Seas Mandate 1920-1945; no separate Palau mandate polity; CAR-1920-1945 covers Caroline mandate umbrella; polygon_vintage_drift applies (GADM FSM does not cover Palau land area ~459 km2),4
panama canal zone,fao1952,1903,1979,Panama Canal Zone,CZN-1903-1979,high,FAO 1952 verbatim label for US-administered Canal Zone (~1432 km2); 5 rows year 1951; land-area ratio of 51.8x in FAO data matches actual ratio Panama/Canal Zone (~52.7x) confirming sub-territory scope; routing to PAN-1903-1979 (~75517 km2) would overstate ~52x,5
papua new guinea,iia,1920,1940,"Territory of Papua (IIA series, scope undetermined)",TPAP-1906-1949,low,"TARGET UNCHANGED, BASIS CORRECTED 2026-08-13 (issue 137). The previous basis claimed the series is TPAP+TNGU combined on the evidence of ""tobacco 15.7x and cacao 2.6x step-changes confirm TNGU plantation output entering post-1920"". Re-measured, neither step is post-1920: tobacco runs 6 ha (1910) -> 94 (1916) -> 154 (1917), a 15.7x rise ENTIRELY BEFORE 1920, and there is no tobacco row after 1917 at all; cacao area is FLAT across the 1920 transition (388 ha in 1914, 393 in 1922, 402 in 1930), which is evidence against New Guinea entering the series, and the 2.6x is the 1933 jump to a repeated 1000 ha whose tonnes swing 700/800/100/100/200 -- a rounding/extraction artefact 13 years after the union of administration, not a territorial step. Nor can the LABEL decide it: the iia ingest carries MODERN country names (`cabo verde`, `eswatini`, `china, hong kong sar`, `dr congo`), so `papua new guinea` is an ISO container assigned downstream, not a reporting unit the source named. Scope therefore undetermined; TPAP kept because it is the only PNG-family territory live across the whole 1910-1940 IIA window (TNGU starts 1920) and because retargeting to PAPNG-1920-1949 would assert a combination no measurement supports. Confidence stays `low`. 30 rows 1922-1940.",30
papua new guinea,mitchell,1922,1940,Papua and New Guinea (combined reporting unit),PAPNG-1920-1949,high,"Resolved to TNGU-1920-1949 -- the Territory of NEW GUINEA alone, 237,536 km2 -- silently omitting the Territory of Papua's 224,148 km2, i.e. 48.6% of the unit the label names. For 1920-1948 no PNG member is typed `national` (both territories are `colonial`), so pick_by_year's filter leaves zero candidates and family order decided; TNGU sorts before TPAP. PAPNG-1920-1949 created for this data: CShapes gw911 union gw912 = 461,684 km2 against CShapes' own separately-coded combined territory gw910 at 461,689 (0.001%), constituents intersecting in zero area. Issue 137. MEASURED 0 ROWS 2026-08-13: this rule fires on source `mitchell`, and layer B (192,670 rows, unchanged since 2026-06-25) has NO mitchell row under this label between 1922 and 1940 -- mitchell's only `papua new guinea` rows are 3 in 1958-1960, handled by the rule below. The 23 rows and the 1922-1940 span belong to the `iia` rows above, which is where the routing defect actually was and where it stayed, because a source-scoped rule cannot reach another source. The rule is kept rather than deleted: the reasoning for PAPNG-1920-1949 is sound and this is where a genuinely combined mitchell series would land. observed_rows corrected 23 -> 0.",0
papua new guinea,mitchell,1949,1974,Territory of Papua and New Guinea,PNG-1949-1975,high,"A PRE-EXISTING gap, exposed rather than caused by adding PAPNG-1920-1949. The label normalises to 'papua new guinea', which EXACTLY matches PNG-1975-2025's name 'Papua New Guinea', so the resolver locks on to the modern row and then reports year_uncovered for anything before 1975 -- it never reaches PNG-1949-1975, whose name is 'Territory of Papua and New Guinea' and normalises differently. An exact name match on the wrong period beats an inexact one on the right period. 3 observed rows (1958-1960); the range covers the whole span so later ingests cannot fall into the same hole.",3
reunion,,1816,1946,Réunion,REU-1816-1946,high,name-equivalence,
reunion,fao1952,1946,2025,Réunion,REU-1946-2025,high,post-1946 FAO data routes to DOM successor polity; island territory unchanged at 1946 administrative transition,47
romania,,1859,1912,Romania,ROU-1859-1913,high,iso rou + year-ranged dispatch to ROU family,
romania,,1913,1917,Romania,ROU-1913-1918,high,iso rou + year-ranged dispatch to ROU family,
romania,,1918,1918,Romania,ROU-1918-1919,high,iso rou + year-ranged dispatch to ROU family,
romania,,1919,1919,Romania,ROU-1919-1920,high,iso rou + year-ranged dispatch to ROU family,
romania,,1920,1939,Romania,ROU-1920-1940,high,iso rou + year-ranged dispatch to ROU family,
romania,,1940,1946,Romania (1940-1947),ROU-1940-1947,high,iso rou + year-ranged dispatch; split at 1947 Treaty of Paris (northern Transylvania returned),
romania,,1947,2025,Romania (1947-2025),ROU-1947-2025,high,iso rou + year-ranged dispatch; split at 1947 Treaty of Paris (northern Transylvania returned),
russian federation,,1906,1913,Russian Empire (1905-1914),F228-1905-1914,high,data labelled 'russian federation' pre-1917 measures Russian Empire territory; modern RF did not exist until 1991,
russian federation,,1914,1916,Russian Empire (1914-1917),F228-1914-1917,high,data labelled 'russian federation' 1914-1917 measures wartime Russian Empire; modern RF did not exist until 1991,
russian federation,,1917,1917,Russia (1917-1918),F228-1917-1918,high,provisional state after February Revolution; RF did not exist until 1991,
russian federation,,1918,1919,RSFSR (1918-1920),F228-1918-1920,high,RSFSR is direct territorial predecessor of modern RF; RF did not exist until 1991,
russian federation,,1920,1921,RSFSR (1920-1921),F228-1920-1921,high,RSFSR is direct territorial predecessor of modern RF; RF did not exist until 1991,
russian federation,,1921,1939,RSFSR/USSR (1921-1940),F228-1921-1940,high,data measures Russian core of USSR; RF did not exist until 1991,
russian federation,,1940,1944,USSR (1940-1945),F228-1940-1945,high,data measures Russian core of USSR; RF did not exist until 1991,
russian federation,,1945,1960,USSR (1945-1991),F228-1945-1991,high,data measures Russian core of USSR; RF did not exist until 1991,
russian federation,,1991,2014,,RUS-1991-2014,medium,reused from stopped run wf_62a587d4 audit,
russian federation,,2014,2025,,RUS-2014-2025,medium,reused from stopped run wf_62a587d4 audit,
rwanda,mitchell,1953,1960,Rwanda (within Ruanda-Urundi),RWA-1922-1962,high,"RETARGETED 2026-08-25 (issue 355) from RWB-1922-1962. Its own basis said the label `refers to Rwanda portion` of the mandate, then routed it to the whole. RWA-1922-1962 covers 1922-1962 with a 25,186 km2 polygon, and `Rwanda,faostat,1961,1961` already routes there.",
rwanda and burundi,,,,Ruanda-Urundi,RWB-1922-1962,high,name-equivalence,155
serbia,,1816,1878,,SER-1816-1878,medium,split from SER-1816-1913; Principality of Serbia pre-independence,
serbia,,1878,1912,,SER-1878-1913,medium,split from SER-1816-1913; Kingdom of Serbia post-Berlin Congress,
serbia,,1913,1918,,SER-1913-1918,medium,reused from stopped run wf_62a587d4 audit,
serbia,,1918,1919,Serbia within Kingdom of Serbs Croats and Slovenes (1918-1919),F248-1918-1919,medium,year-ranged predecessor chain,
serbia,,1919,1919,Serbia within Kingdom of Serbs Croats and Slovenes (1919-1920),F248-1919-1920,medium,year-ranged predecessor chain,
serbia,,1920,1944,Yugoslavia (1920-1947),F248-1920-1947,high,"REROUTED 2026-08-18 from SER-1918-1945. The label carries the ALL-YUGOSLAVIA series, not the Serbian sub-territory, on four independent legs. (1) AVAILABILITY: raw IIA `serbia` is 28 rows, ALL imports/exports, ZERO production or area, 1909-1912 only -- it cannot have supplied 573 valued rows; raw `kingdom of serbs, croats and slovenes` (1909-1925, 88 production + 73 area) and raw `yugoslavia` (1926-1945, 409 + 249) partition the period exactly. (2) PER-ITEM PROVENANCE: all 23 attributable item series attribute to raw `yugoslavia`, none to anything else, so this is a whole-label misrouting and not an item-level mixture (state/item_provenance.csv, label_is_mixed=no). (3) THE SOURCE'S OWN STATED AREA: IIA states 248,494 / 248,665 / 249,468 km2 for this entity in the 1929/1932/1933 editions, which is F248-1920-1947's 255,000 to within 2.5% and SER-1918-1945's 90,599 out by 2.74x. Its earlier statements reproduce the pre-1918 polities exactly -- 48,302 km2 for data year 1911 against SER-1878-1913's 48,000, and 87,776 for 1913 against SER-1913-1918's 90,599 -- so the SOURCE draws the boundary at the state's formation, which is why the pre-1918 rows keep their existing routing. (4) DIRECT AGREEMENT WITH ANOTHER SOURCE: iia `serbia` and juan `yugoslav sfr` share 324 (item, unit, year) cells at a MEDIAN RATIO OF 1.000, 71% within 2%, with area series identical to the digit (beans dry 35,000 = 35,000 ha, 32,000 = 32,000, 30,000 = 30,000 over seven years). Serbia was ~34% of Yugoslavia, so a sub-territory series would read ~0.34. Note only IIA's `serbia` label spans past 1918 at all: mitchell's ends 1909 and juan's 1912, and both carry `yugoslav sfr` separately -- so this wildcard row served IIA alone.",568
serbia,,1945,1947,Yugoslavia (1945-1947) — serbia sub-territory data approximation,F248-1920-1947,low,no granular Serbia-within-SFRY polity exists; approximation pending SER-1945-1991 creation,
serbia,,1947,1991,Yugoslavia (1947-1991) — serbia sub-territory data approximation,F248-1947-1991,low,no granular Serbia-within-SFRY polity exists; approximation pending SER-1945-1991 creation,
serbia,,1991,1992,Serbia within Yugoslavia/SFR dissolution (1991-1992),F248-1991-1992,medium,year-ranged predecessor chain,
serbia,,1992,2006,Serbia within Federal Republic of Yugoslavia / Serbia and Montenegro,SCG-1992-2006,medium,year-ranged predecessor chain,
serbia,,2006,2008,Serbia (2006-2008 pre-independence),SRB-2006-2008,medium,year-ranged predecessor chain,
serbia,,2008,2025,,SRB-2008-2025,medium,reused from stopped run wf_62a587d4 audit,
singapore,iia,1895,1945,British Malaya (Straits Settlements/Singapore sub-territory),GBM-1895-1946,high,sub-territory of Straits Settlements (cowcode 827 3601 km2) within GBM-1895-1946 composed-union polygon (132040 km2); no separate Straits Settlements WHEP polity; aggregation documented on GBM wiki page under oq-gbm-singapore-iia-data,
somalia,iia,1920,1959,Italian Somaliland,ITS-1908-1960,high,"REROUTED 2026-08-18 from BSS-1884-1960 (British Somaliland Protectorate) on the raw IIA extract. The previous basis already flagged this ('aggregate figures should route to ITS-1908-1960') and rested on area share; the raw extract settles it by availability instead: raw `british somaliland` carries 158 rows and ZERO production-or-area rows, so it cannot have supplied layer B's 74 valued `somalia` rows. Raw `italian somaliland` carries 712 rows including 99 production/area, and the commodities are decisive on their own -- cotton, ginned cotton, cottonseed, sesame, groundnut, sugar cane, eggs, i.e. the irrigated Juba and Shabelle valley crops of the Italian south. British Somaliland was arid pastoral country growing none of these. This also removes an internal inconsistency: `somalia,mitchell` already routes to ITS-1908-1960 for the same reason. Note raw also carries `italian and british somaliland` (21 rows, 9 production/area) as a distinct combined label, which is NOT this series.",81
somalia,mitchell,1920,1959,Italian Somaliland,ITS-1908-1960,high,Mitchell IHS Africa/Asia volumes label Italian-administered southern territory as 'Somalia'; ITS (~627k km2 ~78% of combined area) is the primary economic reporting unit for pastoral livestock data; BSS-1884-1960 remains for data explicitly scoped to British Somaliland,
south africa,,1852,1894,Cape Colony,CAP-1800-1895,high,218 rows Mitchell+IIA pre-Union data; Cape Colony was the dominant British entity in the region routinely called 'South Africa' before 1910; OFS and Transvaal absent from WHEP so no finer routing possible; approximation risk if OFS/Transvaal figures included in source aggregates; clipped 1909 -> 1894 at the 1895 split (issue 22),146
south africa,,1895,1909,Cape Colony,CAP-1895-1910,high,"218 rows Mitchell+IIA pre-Union data; Cape Colony was the dominant British entity in the region routinely called 'South Africa' before 1910; OFS and Transvaal absent from WHEP so no finer routing possible; approximation risk if OFS/Transvaal figures included in source aggregates; 1895-1909 half of the 1895 split (issue 22), on the observed 716,102 km2 CShapes step",72
south africa,,1910,2025,South Africa (Union and Republic),ZAF-1910-2025,high,polity-dates fix 2026-07-01; ZAF-1828-2025 renamed to ZAF-1910-2025,
south africa,iia,1910,2025,South Africa,ZAF-1910-2025,high,name-equivalence; iso zaf + label south africa = Union/Republic of South Africa; territorial scope matches CShapes 1910 polygon,90
southern rhodesia,,1900,1953,,ZWE-1900-1953,medium,reused from stopped run wf_62a587d4 audit,
st helena,fao1952,1931,1951,Saint Helena,SHN-1834-1967,high,unambiguous FAO label for Saint Helena island (~122 km2); 15 data rows 1931-1951 for livestock and agricultural commodities scale to small island economy; Ascension and Tristan da Cunha reported separately,
sudan,,1899,1933,,SUD-1899-1934,medium,reused from stopped run wf_62a587d4 audit,
sudan,,1934,1955,,SUD-1934-1956,medium,reused from stopped run wf_62a587d4 audit,
sudan,,1956,2011,,SUD-1956-2011,medium,reused from stopped run wf_62a587d4 audit,
sudan,,2011,2025,,SDN-2011-2025,medium,reused from stopped run wf_62a587d4 audit,
suriname,mitchell,1886,1953,Dutch Guiana,SUR-1886-1954,high,year-ranged alias: Mitchell rice-paddy data labelled suriname 1909-1960 colonial period routes to SUR-1886-1954 (Dutch Guiana); 84 rows; year_end=1954 prevents routing to SUR-1975-2025 for colonial-era data,84
suriname,mitchell,1954,1954,Dutch Guiana,SUR-1954-1975,high,"boundary year 1954 split out 2026-08-05 (issue 90 group B): the alias claimed 1954 while SUR-1886-1954 covers only to 1953, so the rows landed on a polity whose own columns exclude the year. Retargeted to SUR-1954-1975, area change +0.0% -- identical polygon; the 1954 split is the grant of autonomy, same territory.",
tanganyika,,1922,1960,,TAN-1922-1964,medium,"year_end clipped 1964 -> 1960 on 2026-08-13 (issue 79): TAN-1922-1964 still carries 1964 in its CODE but its span was narrowed to end_year=1961 when TZA-1961-1964 was split out for independence, so the alias claimed 1961-1964 -- four years the target does not cover, the only overshoot larger than one year in the whole class. Its two sibling rows in this chain (1891-1919, 1920-1921) already use polity end_year minus one; this makes the third agree.",
tanganyika,,1961,1963,Tanzania (1961-1964),TZA-1961-1964,high,"boundary years split out 2026-08-13 (issue 79), following the issue 90 group B pattern: the 1922-1964 row's claim on 1961-1963 moved here, to the polity the database says was live then -- Tanganyika independent 9 Dec 1961, before the April 1964 union with Zanzibar.",
tanganyika,,1964,1964,United Republic of Tanzania,TZA-1964-2025,high,"boundary year split out 2026-08-13 (issue 79): the 1922-1964 row's claim on 1964 moved here. 1964 is the Tanganyika-Zanzibar union, so a 1964 observation labelled ""tanganyika"" belongs to the united republic that the database says was live in it.",
tanzania,,1891,1919,,TAN-1891-1920,medium,reused from stopped run wf_62a587d4 audit,
tanzania,,1920,1921,,TAN-1920-1922,medium,reused from stopped run wf_62a587d4 audit,
tanzania,,1922,1960,,TAN-1922-1964,medium,"year_end clipped 1964 -> 1960 on 2026-08-13 (issue 79): see the tanganyika row above. TAN-1922-1964's span ends at end_year=1961 since TZA-1961-1964 was split out, so 1961-1964 was claimed against a polity that does not cover it.",
tanzania,,1961,1963,Tanzania (1961-1964),TZA-1961-1964,high,"boundary years split out 2026-08-13 (issue 79): the 1922-1964 row's claim on 1961-1963 moved here, to the polity the database says was live then.",
tanzania,,1964,1964,United Republic of Tanzania,TZA-1964-2025,high,"boundary year split out 2026-08-13 (issue 79): the 1922-1964 row's claim on 1964 moved here, to the united republic formed by the April 1964 union.",
turkey,,1913,1913,Türkiye (1913-1914),TUR-1913-1914,high,year-ranged alias: data labelled turkey/turkiye 1913-1914 measures Ottoman state post-Balkan-Wars (~1785218 km²); routes before unbounded Turkey→TUR-1920-2025 alias to prevent ~2.3× territory understatement,
turkey,,1914,1914,Türkiye (1913-1914),TUR-1914-1918,high,"boundary year 1914 split out 2026-08-05 (issue 90 group B): the alias claimed 1914 while TUR-1913-1914 covers only to 1913, so the rows landed on a polity whose own columns exclude the year. Retargeted to TUR-1914-1918, area change +0.0% -- identical polygon; the 1914 split is entry into the war, not a territorial change.",
union of south africa,,1910,2025,,ZAF-1910-2025,medium,reused from stopped run wf_62a587d4 audit,
united states and dependent territories,fao1952,1867,1959,United States and dependent territories,USA-1867-1959,high,FAO 1952 aggregate label for continental US + minor overseas territories (excl. Alaska reported separately by FAO); production data dominated by continental US; dependent territories (~12k km2) negligible relative to 9.8M km2 USA; no double-count with HAWI-1898-1959 or PRI-1800-2025,32
united states of america,,1800,1803,United States of America,USA-1800-1803,high,year-ranged alias for time-sliced USA family (full span 1800-2025),141
united states of america,,1803,1848,United States of America,USA-1803-1848,high,year-ranged alias for time-sliced USA family (full span 1800-2025),141
united states of america,,1848,1866,United States of America,USA-1848-1867,high,year-ranged alias for time-sliced USA family (full span 1800-2025),141
united states of america,,1867,1958,United States of America,USA-1867-1959,high,year-ranged alias for time-sliced USA family (full span 1800-2025),141
united states of america,,1959,2025,United States of America,USA-1959-2025,high,year-ranged alias for time-sliced USA family (full span 1800-2025),141
united states of america,iia,1800,1803,United States of America,USA-1800-1803,high,source-restricted iia alias; year-ranged USA family,141
united states of america,iia,1803,1848,United States of America,USA-1803-1848,high,source-restricted iia alias; year-ranged USA family,141
united states of america,iia,1848,1866,United States of America,USA-1848-1867,high,source-restricted iia alias; year-ranged USA family,141
united states of america,iia,1867,1958,United States of America,USA-1867-1959,high,source-restricted iia alias; year-ranged USA family,141
united states of america,iia,1959,2025,United States of America,USA-1959-2025,high,source-restricted iia alias; year-ranged USA family,141
united states of america,juan,1898,1958,United States of America,USA-1867-1959,high,belt-and-suspenders: source=juan year-ranged alias to prevent misrouting to HAWI after iso3 cleared,
united states of america,juan,1900,1958,united states of america,USA-1867-1959,high,"assertion-verification: The source label is literally ""united states of america"" (iso_in_data=usa) with staple magnitudes (median wheat 23.3M ha, barley 4.2M ha, seed cotton 6.7M ha across 120 country-years) that are national-US-scale, not Alaska-scale. Alaska's own wiki page (wiki/polities/alk-1867-1959.md) documents it a",6076
united states of america,mitchell,1898,1958,United States of America,USA-1867-1959,high,belt-and-suspenders: source=mitchell year-ranged alias to prevent misrouting to HAWI after iso3 cleared,
united states virgin islands,iia,1909,1916,Danish West Indies,DWI-1800-1917,high,year-ranged: IIA label pre-transfer; island identity; GADM VIR proxy exact in extent,
united states virgin islands,iia,1917,1945,United States Virgin Islands,VIR-1917-2025,high,year-ranged: IIA label post-transfer 1917; GADM VIR assigned,
viet nam,,1887,1953,,VNM-1887-1954,high,"sub-territory: Vietnam component of French Indochina (~326k km2); IIA+Mitchell ""viet nam"" labels measure Vietnam only not full federation",
viet nam,,1954,1954,,F237-1954-1975,high,"boundary year 1954 split out 2026-08-05 (issue 90 group B): the alias claimed 1954 while VNM-1887-1954 covers only to 1953, so the rows landed on a polity whose own columns exclude the year. Retargeted to F237-1954-1975, area change -14.7% -- F237 measures 324,094 km2 against Vietnam's ~331,000, while VNM-1887-1954 measures 379,770 -- so the successor is the BETTER fit, not merely an acceptable one.",
viet nam,,1955,1974,Republic of Vietnam,RVN-1954-1975,high,"Mitchell western stats used ""viet nam"" exclusively for South Vietnam 1955-1974",
viet nam,,1975,2025,,VNM-1975-2025,medium,reused from stopped run wf_62a587d4 audit,
viet nam,iia,,,Vietnam (French Indochina),VNM-1887-1954,high,sub-territory routing for IIA year=NA rows; Vietnam component of French Indochina only,58
yemen,iia,1918,1962,Mutawakkilite Kingdom of Yemen,MKY-1918-1962,high,IIA 'yemen' coffee data 1922-1945 measures Mutawakkilite Kingdom of Yemen; only independent Yemeni state 1918-1962; no prior WHEP Yemen polity covered this period,21
yugoslav sfr,juan,1909,1912,Kingdom of Serbia (1878-1913),SER-1878-1913,medium,Split from 1909-1913 alias; Yugoslavia formed 1918; Kingdom of Serbia is the only independent South Slav state 1909-1912; routing to any Yugoslavia polygon would overstate ~3x,
yugoslav sfr,juan,1913,1913,Kingdom of Serbia post-Balkan Wars,SER-1913-1918,medium,Split from 1909-1913 alias; year 1913 falls in SER-1913-1918 (post-Balkan Wars expansion),
yugoslavia,,1920,1946,Yugoslavia (1920-1947),F248-1920-1947,high,year-ranged alias post-split: data labelled yugoslavia 1920-1947 routes to F248-1920-1947 (Kingdom of Yugoslavia; CShapes 1920 polygon ~255000 km2); split from F248-1920-1991 2026-07-01,
yugoslavia,,1947,1947,Yugoslavia (1920-1947),F248-1947-1991,high,"boundary year 1947 split out 2026-08-05 (issue 90 group B): the alias claimed 1947 while F248-1920-1947 covers only to 1946, so the rows landed on a polity whose own columns exclude the year. Retargeted to F248-1947-1991, area change +0.0% -- identical polygon; the 1947 split is the constitutional change, same territory.",
zambia,mitchell,1953,1964,Northern Rhodesia within Federation of Rhodesia and Nyasaland,NRH-1953-1964,high,sub-territorial gap: Northern Rhodesia ~752k km² vs FRN ~1.26M km²; boundary-stable proxy polygon; routing to FRN would overstate ~1.7x,
zimbabwe,,1953,1964,Southern Rhodesia (within Federation 1953-1964),SRH-1953-1964,high,ISO zwe data 1953-1964 measures Southern Rhodesia alone (~390610 km²); routing to FRN (~1260000 km²) would overstate ~3×,
Br W Indies Jamaica,fao1952,1949,1951,Jamaica,JAM-1800-2025,high,abbreviated FAO 1952 prefix ('Br W Indies'); Jamaica qualifier names the island alone (~11000 km2 GADM); routing to BWI-1833-1962 (~34766 km2) would overstate 3.2x; same routing as the already-resolved 'Br West Indies Jamaica' and 'British W Indies Jamaica'. Issue 18.,3
Br W Indies Trinidad and Tobago,fao1952,1949,1951,Trinidad and Tobago,TTO-1800-2025,high,abbreviated FAO 1952 prefix; island qualifier names Trinidad and Tobago alone (~5159 km2 GADM); same routing as 'British West Indies Trinidad and Tobago'. Issue 18.,3
Br West Indies Antigua,fao1952,1951,1951,Antigua and Barbuda,ATG-1800-2025,high,"abbreviated FAO 1952 prefix; island qualifier names Antigua (with Barbuda, ~435.8 km2 GADM); the same source's 1950 'Leeward Islands  Antigua' land-use total is 44.0 thousand ha = 440 km2, 1.0% from GADM, so the label is island-level. Issue 18.",4
Br West Indies Grenada,fao1952,1951,1951,Grenada,GRD-1800-2025,high,abbreviated FAO 1952 prefix; island qualifier names Grenada alone (~359.5 km2 GADM); same routing as the already-resolved 'British West Indies Grenada'. Issue 18.,4
Br West Indies Leeward Is,fao1952,1949,1949,British Leeward Islands Colony,BLI-1833-1960,high,abbreviated FAO 1952 variant of 'Br West Indies Leeward Islands' ('Is' for 'Islands'); same routing as that rule and as 'British West Indies Leeward Islands'. Issue 18.,2
Br West Indies Montserrat,fao1952,1949,1950,Montserrat,MSR-1800-2025,high,abbreviated FAO 1952 prefix; island qualifier names Montserrat alone (~100.6 km2 GADM); routing to BLI-1833-1960 (~1727 km2) would overstate 17x. Issue 18.,6
British W Indies Trinidad and Tobago,fao1952,1938,1951,Trinidad and Tobago,TTO-1800-2025,high,FAO 1952 prefix with 'W' unpunctuated; island qualifier names Trinidad and Tobago alone (~5159 km2 GADM); parallel to the existing 'British W Indies Jamaica' rule. Issue 18.,4
British West Indies Trinidad & Tobago,fao1952,1938,1951,Trinidad and Tobago,TTO-1800-2025,high,"ampersand variant of 'British West Indies Trinidad and Tobago' (matchlib.norm keeps 'and' as a token, so '&' does NOT normalise onto it and needs its own rule); the double-space variant collapses onto this key. Issue 18.",10
British West Indies Windward Islands,fao1952,1937,1951,British Windward Islands Colony,WIN-1833-1960,high,"FAO 1952 label for the Windward Islands Colony as a reporting group, not an island: the same source's 1950 land-use total for 'Windward Islands' is 215.0 thousand ha = 2150 km2 against the GRD+LCA+VCT+DMA union's 2126 km2 (1.1%), while any single island is 3-6x smaller and BWI-1833-1962 is 16x larger. Polity created for this label. The double-space variant collapses onto this key. Issue 18.",7
British West Indies Antigua,fao1952,1949,1950,Antigua and Barbuda,ATG-1800-2025,high,"FAO 1952 colonial prefix; island qualifier names Antigua with Barbuda (~435.8 km2 GADM), confirmed against the same source's 1950 'Leeward Islands  Antigua' total of 44.0 thousand ha; routing to BLI-1833-1960 would overstate 4x. Issue 18.",3
British West Indies Bahamas,fao1952,1939,1949,Bahamas,BHS-1800-2025,high,modern-name variant of the already-resolved 'British West Indies Bahama Islands'; same ~13388 km2 GADM archipelago; routing to BWI-1833-1962 (~34766 km2) would overstate 2.6x. Issue 18.,9
British West Indies Cayman Islands,fao1952,1947,1947,Cayman Islands,CYM-1800-2025,high,"FAO 1952 colonial prefix; island qualifier names the Caymans alone (~280.4 km2 GADM), and the same 1950 land-use table gives them 24.0 thousand ha = 240 km2, so the row is island-level; administered from Jamaica but reported separately here. Issue 18.",2
British West Indies Dominica,fao1952,1938,1951,Dominica,DMA-1800-2025,high,"FAO 1952 colonial prefix; island qualifier names Dominica alone (~754.2 km2 GADM); Dominica moved from the Leeward to the Windward group in 1940, which is why the island-level rule is the safe one across this span rather than either colonial aggregate. Issue 18.",4
British West Indies Jamaica and Dependencies,fao1952,1937,1951,Jamaica,JAM-1800-2025,high,"Jamaica plus its dependencies, which in this period were the Cayman Islands (280.4 km2) and the Turks and Caicos (991.5 km2) against Jamaica's own 11000 km2: routing to JAM-1800-2025 understates the label by ~10%. No WHEP polity covers the three together, and the alternative -- BWI-1833-1962 at ~34766 km2 -- overstates by 2.8x, so the 10% understatement is the smaller error. Issue 18.",2
British West Indies Leeward Is,fao1952,1950,1950,British Leeward Islands Colony,BLI-1833-1960,high,"FAO 1952 variant with 'Is' for 'Islands'; same routing as 'British West Indies Leeward Islands'. Note the measured drift: FAO's 1950 Leeward Islands land-use total is 109.0 thousand ha = 1090 km2 against BLI's 1727 km2 built polygon, because by 1950 the group no longer held Dominica -- ATG+KNA+MSR+VGB is 972.9 km2 and ~1064 with Anguilla, 2.4% from FAO. That is BLI's documented oq-dominica-split, not a routing error. Issue 18.",2
British West Indies Montserrat,fao1952,1951,1951,Montserrat,MSR-1800-2025,high,"FAO 1952 colonial prefix; island qualifier names Montserrat alone (~100.6 km2 GADM); the same source's 1950 'Leeward Islands  Montserrat' land-use total is 8.0 thousand ha = 80 km2, so the label is island-level. Issue 18.",1
British West Indies St Kitts-Nevis,fao1952,1951,1951,Saint Kitts and Nevis,KNA-1800-2025,high,"FAO 1952 colonial prefix; island qualifier names the Saint Kitts-Nevis(-Anguilla) colonial unit; GADM KNA is 267.1 km2 and excludes Anguilla (~91 km2, administered with it until 1967), so pre-1967 rows routed here understate by ~25% -- the same caveat already recorded on the 'Br West Indies St Kitts-Nevis Anguilla' rule. Issue 18.",1
British West Indies St L cia,fao1952,1938,1951,Saint Lucia,LCA-1838-2025,high,OCR damage in the source label: 'St L cia' is 'St Lucia' with the 'u' lost. Routes exactly as the already-resolved 'British West Indies St Lucia' (~614.4 km2 GADM). Kept as an alias rather than repaired upstream because the layer-B consolidation is built outside this repository; issue 18 records the upstream half separately. Issue 18.,4
British West Indies Turks and Caicos,fao1952,1948,1948,Turks and Caicos Islands,TCA-1800-2025,high,FAO 1952 colonial prefix; island qualifier names the Turks and Caicos alone (~991.5 km2 GADM); administered from Jamaica in this period but reported separately here. Issue 18.,2
British West Indies Virgin Islands,fao1952,1950,1951,British Virgin Islands,VGB-1800-2025,high,"FAO 1952 colonial prefix under a BRITISH West Indies heading, so this is the British Virgin Islands (~169.4 km2 GADM), not VIR-1917-2025, which FAO 1952 reports under the United States. Issue 18.",3
Jamaica St Lucia,fao1952,1949,1951,Saint Lucia,LCA-1838-2025,high,"PREFIX-CARRY PARSE ARTEFACT, not a composite territory. In the FAO 1952 irrigation table the extraction carries the preceding row's label forward: the table reads British West Indies Barbados / British West Indies Grenada / Jamaica / St Lucia / St Vincent / Trinidad and Tobago, and 'Jamaica' appears in the SAME table as its own label with 14.0 thousand ha while 'Jamaica St Lucia' carries 0.1 -- an island-scale figure. The trailing qualifier is the unit. Issue 18.",3
Jamaica St Vincent,fao1952,1949,1951,Saint Vincent and the Grenadines,VCT-1833-2025,high,"same prefix-carry artefact as 'Jamaica St Lucia' in the FAO 1952 irrigation table; 0.4 thousand ha, island-scale, against Jamaica's own 14.0 in the same table. Trailing qualifier is the unit. Issue 18.",3
Jamaica Trinidad and Tobago,fao1952,1951,1951,Trinidad and Tobago,TTO-1800-2025,high,same prefix-carry artefact as 'Jamaica St Lucia' in the FAO 1952 irrigation table; 1.2 thousand ha against Jamaica's own 14.9 for 1951 in the same table. Trailing qualifier is the unit. Issue 18.,1
Leeward Islands,fao1952,1950,1951,British Leeward Islands Colony,BLI-1833-1960,high,"FAO 1952 group-level rows without the 'British West Indies' prefix; bli-1833-1960.md's own routing table already listed this label but no rule existed, so 6 rows went unresolved. The 1950 land-use total is 109.0 thousand ha = 1090 km2 against BLI's 1727 km2 built polygon: by 1950 the group no longer held Dominica, and ATG+KNA+MSR+VGB is 972.9 km2, or ~1064 with Anguilla -- 2.4% from FAO. Source-side confirmation of BLI's oq-dominica-split, not a routing error. Issue 18.",6
Leeward Islands  Antigua,fao1952,1950,1950,Antigua and Barbuda,ATG-1800-2025,high,"FAO 1952 sub-entry format (group heading + island); land-use total 44.0 thousand ha = 440 km2 against GADM ATG 435.8, 1.0% -- the island, not the group. Same format as the already-resolved 'Windward Islands  Grenada' and 'Windward Islands  St Lucia'. Issue 18.",5
Leeward Islands  Montserrat,fao1952,1950,1950,Montserrat,MSR-1800-2025,high,"FAO 1952 sub-entry format; land-use total 8.0 thousand ha = 80 km2 against GADM MSR 100.6 -- island scale, 20x smaller than the Leeward group's own 109.0 thousand ha in the same column. Issue 18.",5
Leeward Islands  St Kitts & Nevis,fao1952,1950,1950,Saint Kitts and Nevis,KNA-1800-2025,high,"FAO 1952 sub-entry format; land-use total 39.0 thousand ha = 390 km2 against GADM KNA 267.1, or 358 with Anguilla (~91 km2, administered with the colony until 1967) -- 8.9% from the colonial unit and clearly island scale. Issue 18.",5
Leeward Islands  Trinidad and Tobago,fao1952,1951,1951,Trinidad and Tobago,TTO-1800-2025,high,"FAO 1952 sub-entry format, and the qualifier wins: Trinidad and Tobago was a Windward-adjacent colony and never a Leeward Island, so the group heading here is extraction debris. The land-use total settles it -- 513.0 thousand ha = 5130 km2 against GADM TTO 5159.1, a 0.6% match, versus the Leeward group's own 109.0 thousand ha. Issue 18.",6
Windward Islands,fao1952,1950,1950,British Windward Islands Colony,WIN-1833-1960,high,"FAO 1952 group-level rows: the 1950 land-use total is 215.0 thousand ha = 2150 km2 against the GRD+LCA+VCT+DMA union's 2126 km2 (1.1%), while the three island sub-entries printed in the same column sum to 1300 km2. Group, not island. Polity created for this label. Issue 18.",6
Windward Islands  St Vincent,fao1952,1950,1950,Saint Vincent and the Grenadines,VCT-1833-2025,high,"FAO 1952 sub-entry format; land-use total 34.0 thousand ha = 340 km2 against GADM VCT 397.9 (-14.6%, the Grenadines' allocation being the likely difference) -- island scale, and the same format as the already-resolved 'Windward Islands  Grenada' and 'Windward Islands  St Lucia'. Issue 18.",5
Russia/USSR,federico_tena,1800,1855,Russian Empire (to 1856),F228-1800-1856,high,"Federico-Tena writes ONE reporting unit as two alternatives, and no alias matched the slash-joined name. norm() turns the slash into a space, so the label reached a family only by accident through the external common_names spelling table -- 'russia ussr' landed on the USSR name family (1940-1991), 'serbia yugoslavia' on the Serbia one (1913-), 'ottoman empire turkey' on the Turkiye one (1913-) -- which is why four of the five read as year_uncovered rather than unresolved: the name resolved and the SPAN was wrong. Split across the chain, one row per period, year_end = polity end_year - 1 so consecutive rows do not touch. Issue 26.",62
Russia/USSR,federico_tena,1856,1904,Russian Empire (1856-1905),F228-1856-1905,high,"Federico-Tena writes ONE reporting unit as two alternatives, and no alias matched the slash-joined name. norm() turns the slash into a space, so the label reached a family only by accident through the external common_names spelling table -- 'russia ussr' landed on the USSR name family (1940-1991), 'serbia yugoslavia' on the Serbia one (1913-), 'ottoman empire turkey' on the Turkiye one (1913-) -- which is why four of the five read as year_uncovered rather than unresolved: the name resolved and the SPAN was wrong. Split across the chain, one row per period, year_end = polity end_year - 1 so consecutive rows do not touch. Issue 26.",98
Russia/USSR,federico_tena,1905,1913,Russian Empire (1905-1914),F228-1905-1914,high,"Federico-Tena writes ONE reporting unit as two alternatives, and no alias matched the slash-joined name. norm() turns the slash into a space, so the label reached a family only by accident through the external common_names spelling table -- 'russia ussr' landed on the USSR name family (1940-1991), 'serbia yugoslavia' on the Serbia one (1913-), 'ottoman empire turkey' on the Turkiye one (1913-) -- which is why four of the five read as year_uncovered rather than unresolved: the name resolved and the SPAN was wrong. Split across the chain, one row per period, year_end = polity end_year - 1 so consecutive rows do not touch. Issue 26.",19
Russia/USSR,federico_tena,1914,1916,Russian Empire (1914-1917),F228-1914-1917,high,"Federico-Tena writes ONE reporting unit as two alternatives, and no alias matched the slash-joined name. norm() turns the slash into a space, so the label reached a family only by accident through the external common_names spelling table -- 'russia ussr' landed on the USSR name family (1940-1991), 'serbia yugoslavia' on the Serbia one (1913-), 'ottoman empire turkey' on the Turkiye one (1913-) -- which is why four of the five read as year_uncovered rather than unresolved: the name resolved and the SPAN was wrong. Split across the chain, one row per period, year_end = polity end_year - 1 so consecutive rows do not touch. Issue 26.",6
Russia/USSR,federico_tena,1917,1917,Russia (1917-1918),F228-1917-1918,high,"Federico-Tena writes ONE reporting unit as two alternatives, and no alias matched the slash-joined name. norm() turns the slash into a space, so the label reached a family only by accident through the external common_names spelling table -- 'russia ussr' landed on the USSR name family (1940-1991), 'serbia yugoslavia' on the Serbia one (1913-), 'ottoman empire turkey' on the Turkiye one (1913-) -- which is why four of the five read as year_uncovered rather than unresolved: the name resolved and the SPAN was wrong. Split across the chain, one row per period, year_end = polity end_year - 1 so consecutive rows do not touch. Issue 26.",2
Russia/USSR,federico_tena,1918,1919,RSFSR (1918-1920),F228-1918-1920,medium,"Federico-Tena writes ONE reporting unit as two alternatives, and no alias matched the slash-joined name. norm() turns the slash into a space, so the label reached a family only by accident through the external common_names spelling table -- 'russia ussr' landed on the USSR name family (1940-1991), 'serbia yugoslavia' on the Serbia one (1913-), 'ottoman empire turkey' on the Turkiye one (1913-) -- which is why four of the five read as year_uncovered rather than unresolved: the name resolved and the SPAN was wrong. Split across the chain, one row per period, year_end = polity end_year - 1 so consecutive rows do not touch. Issue 26. 1918-1920 is the civil-war RSFSR, territorially far smaller than the empire whose trade this series continues; it is the only thing the chain offers for those years, so the routing is a candidate for verification, not a territorial claim.",4
Russia/USSR,federico_tena,1920,1920,RSFSR (1920-1921),F228-1920-1921,medium,"Federico-Tena writes ONE reporting unit as two alternatives, and no alias matched the slash-joined name. norm() turns the slash into a space, so the label reached a family only by accident through the external common_names spelling table -- 'russia ussr' landed on the USSR name family (1940-1991), 'serbia yugoslavia' on the Serbia one (1913-), 'ottoman empire turkey' on the Turkiye one (1913-) -- which is why four of the five read as year_uncovered rather than unresolved: the name resolved and the SPAN was wrong. Split across the chain, one row per period, year_end = polity end_year - 1 so consecutive rows do not touch. Issue 26. Same civil-war caveat as the 1918-1919 row.",2
Russia/USSR,federico_tena,1921,1938,RSFSR/USSR (1921-1940),F228-1921-1940,high,"Federico-Tena writes ONE reporting unit as two alternatives, and no alias matched the slash-joined name. norm() turns the slash into a space, so the label reached a family only by accident through the external common_names spelling table -- 'russia ussr' landed on the USSR name family (1940-1991), 'serbia yugoslavia' on the Serbia one (1913-), 'ottoman empire turkey' on the Turkiye one (1913-) -- which is why four of the five read as year_uncovered rather than unresolved: the name resolved and the SPAN was wrong. Split across the chain, one row per period, year_end = polity end_year - 1 so consecutive rows do not touch. Issue 26.",36
Germany/Zollverein,federico_tena,1821,1865,Prussia (to 1866),DEU-1800-1866,medium,"Federico-Tena writes ONE reporting unit as two alternatives, and no alias matched the slash-joined name. norm() turns the slash into a space, so the label reached a family only by accident through the external common_names spelling table -- 'russia ussr' landed on the USSR name family (1940-1991), 'serbia yugoslavia' on the Serbia one (1913-), 'ottoman empire turkey' on the Turkiye one (1913-) -- which is why four of the five read as year_uncovered rather than unresolved: the name resolved and the SPAN was wrong. Split across the chain, one row per period, year_end = polity end_year - 1 so consecutive rows do not touch. Issue 26. No Zollverein polity exists and this task creates none: from 1834 the reporting unit is the customs union (Prussia plus most German states), materially larger than DEU-1800-1866 = Prussia alone. Routed to the DEU chain so the mismatch becomes a visible assertion instead of an unrouted label; verification owns whether a Zollverein polity is owed.",75
Germany/Zollverein,federico_tena,1866,1870,North German Confederation (1866-1871),DEU-1866-1871,high,"Federico-Tena writes ONE reporting unit as two alternatives, and no alias matched the slash-joined name. norm() turns the slash into a space, so the label reached a family only by accident through the external common_names spelling table -- 'russia ussr' landed on the USSR name family (1940-1991), 'serbia yugoslavia' on the Serbia one (1913-), 'ottoman empire turkey' on the Turkiye one (1913-) -- which is why four of the five read as year_uncovered rather than unresolved: the name resolved and the SPAN was wrong. Split across the chain, one row per period, year_end = polity end_year - 1 so consecutive rows do not touch. Issue 26.",10
Germany/Zollverein,federico_tena,1871,1918,German Empire (1871-1919),DEU-1871-1919,high,"Federico-Tena writes ONE reporting unit as two alternatives, and no alias matched the slash-joined name. norm() turns the slash into a space, so the label reached a family only by accident through the external common_names spelling table -- 'russia ussr' landed on the USSR name family (1940-1991), 'serbia yugoslavia' on the Serbia one (1913-), 'ottoman empire turkey' on the Turkiye one (1913-) -- which is why four of the five read as year_uncovered rather than unresolved: the name resolved and the SPAN was wrong. Split across the chain, one row per period, year_end = polity end_year - 1 so consecutive rows do not touch. Issue 26.",97
Germany/Zollverein,federico_tena,1919,1919,Germany (1919-1920),DEU-1919-1920,high,"Federico-Tena writes ONE reporting unit as two alternatives, and no alias matched the slash-joined name. norm() turns the slash into a space, so the label reached a family only by accident through the external common_names spelling table -- 'russia ussr' landed on the USSR name family (1940-1991), 'serbia yugoslavia' on the Serbia one (1913-), 'ottoman empire turkey' on the Turkiye one (1913-) -- which is why four of the five read as year_uncovered rather than unresolved: the name resolved and the SPAN was wrong. Split across the chain, one row per period, year_end = polity end_year - 1 so consecutive rows do not touch. Issue 26.",2
Germany/Zollverein,federico_tena,1920,1937,Germany (1920-1938),DEU-1920-1938,high,"Federico-Tena writes ONE reporting unit as two alternatives, and no alias matched the slash-joined name. norm() turns the slash into a space, so the label reached a family only by accident through the external common_names spelling table -- 'russia ussr' landed on the USSR name family (1940-1991), 'serbia yugoslavia' on the Serbia one (1913-), 'ottoman empire turkey' on the Turkiye one (1913-) -- which is why four of the five read as year_uncovered rather than unresolved: the name resolved and the SPAN was wrong. Split across the chain, one row per period, year_end = polity end_year - 1 so consecutive rows do not touch. Issue 26.",36
Germany/Zollverein,federico_tena,1938,1938,Germany (1938-1945),DEU-1938-1945,high,"Federico-Tena writes ONE reporting unit as two alternatives, and no alias matched the slash-joined name. norm() turns the slash into a space, so the label reached a family only by accident through the external common_names spelling table -- 'russia ussr' landed on the USSR name family (1940-1991), 'serbia yugoslavia' on the Serbia one (1913-), 'ottoman empire turkey' on the Turkiye one (1913-) -- which is why four of the five read as year_uncovered rather than unresolved: the name resolved and the SPAN was wrong. Split across the chain, one row per period, year_end = polity end_year - 1 so consecutive rows do not touch. Issue 26.",2
Serbia/Yugoslavia,federico_tena,1830,1877,Principality of Serbia (1816-1878),SER-1816-1878,high,"Federico-Tena writes ONE reporting unit as two alternatives, and no alias matched the slash-joined name. norm() turns the slash into a space, so the label reached a family only by accident through the external common_names spelling table -- 'russia ussr' landed on the USSR name family (1940-1991), 'serbia yugoslavia' on the Serbia one (1913-), 'ottoman empire turkey' on the Turkiye one (1913-) -- which is why four of the five read as year_uncovered rather than unresolved: the name resolved and the SPAN was wrong. Split across the chain, one row per period, year_end = polity end_year - 1 so consecutive rows do not touch. Issue 26.",76
Serbia/Yugoslavia,federico_tena,1878,1912,Kingdom of Serbia (1878-1913),SER-1878-1913,high,"Federico-Tena writes ONE reporting unit as two alternatives, and no alias matched the slash-joined name. norm() turns the slash into a space, so the label reached a family only by accident through the external common_names spelling table -- 'russia ussr' landed on the USSR name family (1940-1991), 'serbia yugoslavia' on the Serbia one (1913-), 'ottoman empire turkey' on the Turkiye one (1913-) -- which is why four of the five read as year_uncovered rather than unresolved: the name resolved and the SPAN was wrong. Split across the chain, one row per period, year_end = polity end_year - 1 so consecutive rows do not touch. Issue 26.",70
Serbia/Yugoslavia,federico_tena,1913,1917,Serbia (1913-1918),SER-1913-1918,high,"Federico-Tena writes ONE reporting unit as two alternatives, and no alias matched the slash-joined name. norm() turns the slash into a space, so the label reached a family only by accident through the external common_names spelling table -- 'russia ussr' landed on the USSR name family (1940-1991), 'serbia yugoslavia' on the Serbia one (1913-), 'ottoman empire turkey' on the Turkiye one (1913-) -- which is why four of the five read as year_uncovered rather than unresolved: the name resolved and the SPAN was wrong. Split across the chain, one row per period, year_end = polity end_year - 1 so consecutive rows do not touch. Issue 26. Written explicitly rather than left to the accidental spelling-alias route that already covered these five years, so the whole chain is legible in one place.",11
Serbia/Yugoslavia,federico_tena,1918,1918,Yugoslavia (1918-1919),F248-1918-1919,high,"Federico-Tena writes ONE reporting unit as two alternatives, and no alias matched the slash-joined name. norm() turns the slash into a space, so the label reached a family only by accident through the external common_names spelling table -- 'russia ussr' landed on the USSR name family (1940-1991), 'serbia yugoslavia' on the Serbia one (1913-), 'ottoman empire turkey' on the Turkiye one (1913-) -- which is why four of the five read as year_uncovered rather than unresolved: the name resolved and the SPAN was wrong. Split across the chain, one row per period, year_end = polity end_year - 1 so consecutive rows do not touch. Issue 26.",2
Serbia/Yugoslavia,federico_tena,1919,1919,Yugoslavia (1919-1920),F248-1919-1920,high,"Federico-Tena writes ONE reporting unit as two alternatives, and no alias matched the slash-joined name. norm() turns the slash into a space, so the label reached a family only by accident through the external common_names spelling table -- 'russia ussr' landed on the USSR name family (1940-1991), 'serbia yugoslavia' on the Serbia one (1913-), 'ottoman empire turkey' on the Turkiye one (1913-) -- which is why four of the five read as year_uncovered rather than unresolved: the name resolved and the SPAN was wrong. Split across the chain, one row per period, year_end = polity end_year - 1 so consecutive rows do not touch. Issue 26.",2
Serbia/Yugoslavia,federico_tena,1920,1938,Yugoslavia (1920-1947),F248-1920-1947,high,"Federico-Tena writes ONE reporting unit as two alternatives, and no alias matched the slash-joined name. norm() turns the slash into a space, so the label reached a family only by accident through the external common_names spelling table -- 'russia ussr' landed on the USSR name family (1940-1991), 'serbia yugoslavia' on the Serbia one (1913-), 'ottoman empire turkey' on the Turkiye one (1913-) -- which is why four of the five read as year_uncovered rather than unresolved: the name resolved and the SPAN was wrong. Split across the chain, one row per period, year_end = polity end_year - 1 so consecutive rows do not touch. Issue 26.",38
Ottoman Empire/Turkey,federico_tena,1830,1885,Ottoman Empire (to 1886),OTT-1800-1886,high,"Federico-Tena writes ONE reporting unit as two alternatives, and no alias matched the slash-joined name. norm() turns the slash into a space, so the label reached a family only by accident through the external common_names spelling table -- 'russia ussr' landed on the USSR name family (1940-1991), 'serbia yugoslavia' on the Serbia one (1913-), 'ottoman empire turkey' on the Turkiye one (1913-) -- which is why four of the five read as year_uncovered rather than unresolved: the name resolved and the SPAN was wrong. Split across the chain, one row per period, year_end = polity end_year - 1 so consecutive rows do not touch. Issue 26.",92
Ottoman Empire/Turkey,federico_tena,1886,1907,Ottoman Empire (1886–1908),OTT-1886-1908,high,"Federico-Tena writes ONE reporting unit as two alternatives, and no alias matched the slash-joined name. norm() turns the slash into a space, so the label reached a family only by accident through the external common_names spelling table -- 'russia ussr' landed on the USSR name family (1940-1991), 'serbia yugoslavia' on the Serbia one (1913-), 'ottoman empire turkey' on the Turkiye one (1913-) -- which is why four of the five read as year_uncovered rather than unresolved: the name resolved and the SPAN was wrong. Split across the chain, one row per period, year_end = polity end_year - 1 so consecutive rows do not touch. Issue 26.",44
Ottoman Empire/Turkey,federico_tena,1908,1911,Ottoman Empire (1908–1912),OTT-1908-1912,high,"Federico-Tena writes ONE reporting unit as two alternatives, and no alias matched the slash-joined name. norm() turns the slash into a space, so the label reached a family only by accident through the external common_names spelling table -- 'russia ussr' landed on the USSR name family (1940-1991), 'serbia yugoslavia' on the Serbia one (1913-), 'ottoman empire turkey' on the Turkiye one (1913-) -- which is why four of the five read as year_uncovered rather than unresolved: the name resolved and the SPAN was wrong. Split across the chain, one row per period, year_end = polity end_year - 1 so consecutive rows do not touch. Issue 26. Stops at 1911, not 1912: the OTT chain ends at an exclusive 1912 and the next whole-empire row does not exist, so 1912 stays unrouted rather than being claimed by an alias one year past its target (see the PR body -- the 1912 hole is a finding, not fixed here).",8
Ottoman Empire/Turkey,federico_tena,1913,1913,Türkiye (1913-1914),TUR-1913-1914,high,"Federico-Tena writes ONE reporting unit as two alternatives, and no alias matched the slash-joined name. norm() turns the slash into a space, so the label reached a family only by accident through the external common_names spelling table -- 'russia ussr' landed on the USSR name family (1940-1991), 'serbia yugoslavia' on the Serbia one (1913-), 'ottoman empire turkey' on the Turkiye one (1913-) -- which is why four of the five read as year_uncovered rather than unresolved: the name resolved and the SPAN was wrong. Split across the chain, one row per period, year_end = polity end_year - 1 so consecutive rows do not touch. Issue 26.",3
Ottoman Empire/Turkey,federico_tena,1914,1917,Türkiye (1914-1918),TUR-1914-1918,high,"Federico-Tena writes ONE reporting unit as two alternatives, and no alias matched the slash-joined name. norm() turns the slash into a space, so the label reached a family only by accident through the external common_names spelling table -- 'russia ussr' landed on the USSR name family (1940-1991), 'serbia yugoslavia' on the Serbia one (1913-), 'ottoman empire turkey' on the Turkiye one (1913-) -- which is why four of the five read as year_uncovered rather than unresolved: the name resolved and the SPAN was wrong. Split across the chain, one row per period, year_end = polity end_year - 1 so consecutive rows do not touch. Issue 26.",8
Ottoman Empire/Turkey,federico_tena,1918,1919,Türkiye (1918-1920),TUR-1918-1920,high,"Federico-Tena writes ONE reporting unit as two alternatives, and no alias matched the slash-joined name. norm() turns the slash into a space, so the label reached a family only by accident through the external common_names spelling table -- 'russia ussr' landed on the USSR name family (1940-1991), 'serbia yugoslavia' on the Serbia one (1913-), 'ottoman empire turkey' on the Turkiye one (1913-) -- which is why four of the five read as year_uncovered rather than unresolved: the name resolved and the SPAN was wrong. Split across the chain, one row per period, year_end = polity end_year - 1 so consecutive rows do not touch. Issue 26.",4
Ottoman Empire/Turkey,federico_tena,1920,1938,Türkiye,TUR-1920-2025,high,"Federico-Tena writes ONE reporting unit as two alternatives, and no alias matched the slash-joined name. norm() turns the slash into a space, so the label reached a family only by accident through the external common_names spelling table -- 'russia ussr' landed on the USSR name family (1940-1991), 'serbia yugoslavia' on the Serbia one (1913-), 'ottoman empire turkey' on the Turkiye one (1913-) -- which is why four of the five read as year_uncovered rather than unresolved: the name resolved and the SPAN was wrong. Split across the chain, one row per period, year_end = polity end_year - 1 so consecutive rows do not touch. Issue 26.",38
Palestine/Jordan,federico_tena,1920,1938,Palestine (1920-1948),PAL-1920-1948,medium,"Federico-Tena writes ONE reporting unit as two alternatives, and no alias matched the slash-joined name. norm() turns the slash into a space, so the label reached a family only by accident through the external common_names spelling table -- 'russia ussr' landed on the USSR name family (1940-1991), 'serbia yugoslavia' on the Serbia one (1913-), 'ottoman empire turkey' on the Turkiye one (1913-) -- which is why four of the five read as year_uncovered rather than unresolved: the name resolved and the SPAN was wrong. Split across the chain, one row per period, year_end = polity end_year - 1 so consecutive rows do not touch. Issue 26. PAL-1920-1948 is Palestine west of the Jordan while the source's unit is Palestine AND Transjordan (its own note reads '1800-1918 Ottoman Empire'), so this is best-available routing with a known territorial mismatch for verification to judge; no combined polity is created here. The label's remaining row, a 1913-keyed population the sheet's own note says is in fact 1920, is left unrouted.",38
Bermuda,federico_tena,1816,1938,British Crown Colony of Bermuda,BMU-1684-1968,high,"Federico-Tena supplies no ISO column, so matchlib falls back to exact normalised-name matching; this family's early period carries a DIFFERENT polity_name, so the label could not reach it and the source's early years read as year_uncovered although the polity exists. Routing only, no new polity and no span changed. Issue 26. 'Bermuda' reached only BMU-1968-2025; BMU-1684-1968 is named 'British Crown Colony of Bermuda'. Same ~54 km2 island. The same routing is already recorded for this family's fao1952 and faostat labels.",213
Persia (Iran),federico_tena,1850,1938,Iran,IRN-1828-2025,high,"Federico-Tena supplies no ISO column, so matchlib falls back to exact normalised-name matching; this family's early period carries a DIFFERENT polity_name, so the label could not reach it and the source's early years read as year_uncovered although the polity exists. Routing only, no new polity and no span changed. Issue 26. 'Persia' reached only IRN-1800-1828 ('Persia (Qajar to 1828)'); the row covering 1828 onward is named 'Iran'. Exonym/endonym of one continuing state.",179
Finland,federico_tena,1812,1916,Grand Duchy of Finland,FIN-1809-1917,high,"Federico-Tena supplies no ISO column, so matchlib falls back to exact normalised-name matching; this family's early period carries a DIFFERENT polity_name, so the label could not reach it and the source's early years read as year_uncovered although the polity exists. Routing only, no new polity and no span changed. Issue 26. 'Finland' reached only FIN-1917-1940 and later; FIN-1809-1917 is named 'Grand Duchy of Finland'. Federico-Tena's own polity window for Finland starts at 1917 independence while its trade series starts 1812, i.e. the series IS the Grand Duchy's.",173
Australia Commonwealth,federico_tena,1826,1900,Australian Colonies (to 1901),AUS-1800-1901,high,"Federico-Tena supplies no ISO column, so matchlib falls back to exact normalised-name matching; this family's early period carries a DIFFERENT polity_name, so the label could not reach it and the source's early years read as year_uncovered although the polity exists. Routing only, no new polity and no span changed. Issue 26. The label's existing alias reached only AUS-1901-2025; AUS-1800-1901 is named 'Australian Colonies (to 1901)' and covers the whole pre-Federation span, so the colonial sub-rows (AUWA, AUSA) are not involved.",150
India,federico_tena,1800,1885,British India (to 1886),IND-1800-1886,high,"Federico-Tena supplies no ISO column, so matchlib falls back to exact normalised-name matching; this family's early period carries a DIFFERENT polity_name, so the label could not reach it and the source's early years read as year_uncovered although the polity exists. Routing only, no new polity and no span changed. Issue 26. 'India' reached only IND-1893-1914 onward; the pre-1893 rows are named 'British India'. Identical to the routing already recorded for the trade-sources label 'India'.",172
India,federico_tena,1886,1892,British India (1886-1893),IND-1886-1893,high,"Federico-Tena supplies no ISO column, so matchlib falls back to exact normalised-name matching; this family's early period carries a DIFFERENT polity_name, so the label could not reach it and the source's early years read as year_uncovered although the polity exists. Routing only, no new polity and no span changed. Issue 26. Second segment of the same chain; see the 1800-1885 row.",14
British Honduras (Belize),federico_tena,1816,1885,Belize (to 1886),BLZ-1800-1886,high,"Federico-Tena supplies no ISO column, so matchlib falls back to exact normalised-name matching; this family's early period carries a DIFFERENT polity_name, so the label could not reach it and the source's early years read as year_uncovered although the polity exists. Routing only, no new polity and no span changed. Issue 26. The label reached only BLZ-1886-1970 ('British Honduras'); the row covering 1800-1885 is named 'Belize (to 1886)'.",129
Brunei,federico_tena,1889,1938,Brunei Darussalam,BRN-1888-2025,high,"Federico-Tena supplies no ISO column, so matchlib falls back to exact normalised-name matching; this family's early period carries a DIFFERENT polity_name, so the label could not reach it and the source's early years read as year_uncovered although the polity exists. Routing only, no new polity and no span changed. Issue 26. 'Brunei' reached only BRN-1816-1888 ('Brunei (greater)'); the row covering 1888 onward is named 'Brunei Darussalam'. Same routing as this family's faostat label.",101
Japan,federico_tena,1896,1938,Japanese Empire,JPN-1895-1945,high,"Federico-Tena supplies no ISO column, so matchlib falls back to exact normalised-name matching; this family's early period carries a DIFFERENT polity_name, so the label could not reach it and the source's early years read as year_uncovered although the polity exists. Routing only, no new polity and no span changed. Issue 26. 'Japan' reached JPN-1800-1895 and JPN-1945-1952 but not JPN-1895-1945, named 'Japanese Empire'. Identical to the routing already recorded for the fao1952 label 'Japan'.",87
Tunisia,federico_tena,1830,1880,Beylik of Tunis,TUN-1800-1881,high,"Federico-Tena supplies no ISO column, so matchlib falls back to exact normalised-name matching; this family's early period carries a DIFFERENT polity_name, so the label could not reach it and the source's early years read as year_uncovered although the polity exists. Routing only, no new polity and no span changed. Issue 26. 'Tunisia' reached only TUN-1881-2025; the pre-protectorate row is named 'Beylik of Tunis'.",82
Austria-Hungary,federico_tena,1830,1858,Austrian Empire (to 1859),AUH-1800-1859,high,"Federico-Tena supplies no ISO column, so matchlib falls back to exact normalised-name matching; this family's early period carries a DIFFERENT polity_name, so the label could not reach it and the source's early years read as year_uncovered although the polity exists. Routing only, no new polity and no span changed. Issue 26. 'Austria-Hungary' reached only AUH-1866-1908 and AUH-1908-1918; the two earlier rows of the same AUH chain are named 'Austrian Empire'. The source's unit is the Habsburg customs area throughout, which is what the chain models.",58
Austria-Hungary,federico_tena,1859,1865,Austrian Empire (1859-1866),AUH-1859-1866,high,"Federico-Tena supplies no ISO column, so matchlib falls back to exact normalised-name matching; this family's early period carries a DIFFERENT polity_name, so the label could not reach it and the source's early years read as year_uncovered although the polity exists. Routing only, no new polity and no span changed. Issue 26. Second segment of the same chain; see the 1830-1858 row.",14
Egypt,federico_tena,1850,1884,Egypt with Sudan (1820-1885),EGY-1820-1885,medium,"Federico-Tena supplies no ISO column, so matchlib falls back to exact normalised-name matching; this family's early period carries a DIFFERENT polity_name, so the label could not reach it and the source's early years read as year_uncovered although the polity exists. Routing only, no new polity and no span changed. Issue 26. 'Egypt' reached EGY-1800-1820 and EGY-1885-1899 onward but not the row between them, named 'Egypt with Sudan (1820-1885)'. Same routing as this family's mitchell label. Confidence is medium, not high, because Federico-Tena also reports Sudan separately from 1850, so this polity's territory and the source's two units overlap -- flagged for verification.",70
Netherlands,federico_tena,1800,1829,United Kingdom of the Netherlands,NLD-1800-1830,medium,"Federico-Tena supplies no ISO column, so matchlib falls back to exact normalised-name matching; this family's early period carries a DIFFERENT polity_name, so the label could not reach it and the source's early years read as year_uncovered although the polity exists. Routing only, no new polity and no span changed. Issue 26. 'Netherlands' reached only NLD-1830-2025; the row covering 1800-1829 is named 'United Kingdom of the Netherlands'. Medium: that polity includes the future Belgium, which Federico-Tena reports separately from 1830 -- so the two series are consistent at their seam but the pre-1830 territory is larger than the label suggests.",60
Colombia,federico_tena,1820,1829,Gran Colombia,COL-1800-1830,medium,"Federico-Tena supplies no ISO column, so matchlib falls back to exact normalised-name matching; this family's early period carries a DIFFERENT polity_name, so the label could not reach it and the source's early years read as year_uncovered although the polity exists. Routing only, no new polity and no span changed. Issue 26. 'Colombia' reached only COL-1830-1903 onward; the row covering these years is named 'Gran Colombia'. Medium: Gran Colombia included Venezuela and Ecuador, which the source reports separately from 1820, so verification must decide whether these ten rows belong on the union or are owed a New-Granada-only reading.",10
Basutoland,federico_tena,1913,1913,Lesotho (1886-1966),LSO-1886-1966,high,"Federico-Tena supplies no ISO column, so matchlib falls back to exact normalised-name matching; this family's early period carries a DIFFERENT polity_name, so the label could not reach it and the source's early years read as year_uncovered although the polity exists. Routing only, no new polity and no span changed. Issue 26. The single row is the 1913 population. 'Basutoland' is the name of LSO-1868-1886, which ends before 1913; the row live in 1913 is the same territory named 'Lesotho (1886-1966)'.",1
Mongolia,federico_tena,1913,1913,Bogd Khanate of Mongolia,MNG-1911-1921,high,"Federico-Tena supplies no ISO column, so matchlib falls back to exact normalised-name matching; this family's early period carries a DIFFERENT polity_name, so the label could not reach it and the source's early years read as year_uncovered although the polity exists. Routing only, no new polity and no span changed. Issue 26. The single row is the 1913 population. 'Mongolia' reached only MNG-1921-2025; the row live in 1913 is named 'Bogd Khanate of Mongolia', and the source's own polity window for Mongolia starts 1911, agreeing with it.",1
Nigeria,federico_tena,1886,1913,Colonial Nigeria,NGA-1886-1914,high,"Federico-Tena supplies no ISO column, so matchlib falls back to exact normalised-name matching; this family's early period carries a DIFFERENT polity_name, so the label could not reach it and the source's early years read as year_uncovered although the polity exists. Routing only, no new polity and no span changed. Issue 26. 'Nigeria' reached only NGA-1914-1960 onward; NGA-1886-1914 is named 'Colonial Nigeria'. Deliberately starts at 1886 and not at the source's 1817: WHEP has no Nigeria polity before 1886 (the ISO family's only earlier row is NUP-1800-1897, the Nupe Kingdom, a different territory), so 1817-1885 stays unrouted as a source back-cast.",57
congo,iia,1913,1945,French Equatorial Africa,AEF-1910-1960,high,"The layer-B `congo` label carries the FEDERATION total, not Moyen-Congo. Availability is decisive: raw `french equatorial africa` holds 274 production/area rows against just 23 for raw `french equatorial africa: middle congo`, and layer B's `congo` matches raw FEA in 162 of 179 dated production values (91%). The commodity profile confirms it -- ginned-cotton area at a median 121,000 ha and cottonseed at 62,621 ha is the Oubangui-Chari/Chad savanna cotton programme, not equatorial forest. Layer B carries NO `french equatorial africa` label of its own (403 raw labels were collapsed to 164), so this reroute creates no duplicate label. It DOES make iia feed both sides of the AEF composition -- `gabon`, `central african republic` and `chad` remain on GAB/CAF/TCD -- with 33 (item, unit, year) cells present on both sides, now recorded as `sum_risk` in state/polity_composition.csv rather than left silent.",241
FrenchWest Africa,fao1952,1949,1950,French West Africa (AOF),AOF-1895-1960,high,"Spelling variant of `French West Africa`, which is already aliased to AOF-1895-1960 as a federation-level reporting unit (150 observed rows). The missing space is the only difference; data years 1949-1950 sit inside AOF's span. 6 rows were unassigned for want of this.",6
Zanzibar,fao1952,1949,1951,Zanzibar Protectorate,ZNZ-1890-1963,high,"The Zanzibar Protectorate is in the database as ZNZ-1890-1963 and the label names it exactly; data years 1949-1951 sit inside its span. 7 rows were unassigned only because no alias existed and the bare name did not resolve. Note fao1952 ALSO carries `Union of South Africa Zanzibar & Pemba`, which is a glued table cell and is NOT this label -- it is left unassigned deliberately.",7
Somalia,fao1952,1934,1938,Italian Somaliland,ITS-1908-1960,high,"1934-1938 back-projection (issue 450). FAO 1952 states a pre-war period average under a post-war reporting-unit name; eff_year dates it to 1938, which falls outside every existing window for this label. Destination is the polity live in 1938, and for six of the eight it is the same polity the label's dated rows already use. Same shape as the `Germany Western` and `Germany Berlin` 1937-1937 rows, written for exactly this reason.",
Necherlands,fao1952,1934,1938,Netherlands,NLD-1830-2025,high,"1934-1938 back-projection (issue 450). FAO 1952 states a pre-war period average under a post-war reporting-unit name; eff_year dates it to 1938, which falls outside every existing window for this label. Destination is the polity live in 1938, and for six of the eight it is the same polity the label's dated rows already use. Same shape as the `Germany Western` and `Germany Berlin` 1937-1937 rows, written for exactly this reason.",
Makatea,fao1952,1934,1938,French Polynesia,PYF-1800-2025,high,"1934-1938 back-projection (issue 450). FAO 1952 states a pre-war period average under a post-war reporting-unit name; eff_year dates it to 1938, which falls outside every existing window for this label. Destination is the polity live in 1938, and for six of the eight it is the same polity the label's dated rows already use. Same shape as the `Germany Western` and `Germany Berlin` 1937-1937 rows, written for exactly this reason.",
ltaly,fao1952,1934,1938,Italy,ITA-1919-2025,high,"1934-1938 back-projection (issue 450). FAO 1952 states a pre-war period average under a post-war reporting-unit name; eff_year dates it to 1938, which falls outside every existing window for this label. Destination is the polity live in 1938, and for six of the eight it is the same polity the label's dated rows already use. Same shape as the `Germany Western` and `Germany Berlin` 1937-1937 rows, written for exactly this reason.",
FrenchWest Africa,fao1952,1934,1938,French West Africa (AOF),AOF-1895-1960,high,"1934-1938 back-projection (issue 450). FAO 1952 states a pre-war period average under a post-war reporting-unit name; eff_year dates it to 1938, which falls outside every existing window for this label. Destination is the polity live in 1938, and for six of the eight it is the same polity the label's dated rows already use. Same shape as the `Germany Western` and `Germany Berlin` 1937-1937 rows, written for exactly this reason.",
Zanzibar,fao1952,1934,1938,Zanzibar Protectorate,ZNZ-1890-1963,high,"1934-1938 back-projection (issue 450). FAO 1952 states a pre-war period average under a post-war reporting-unit name; eff_year dates it to 1938, which falls outside every existing window for this label. Destination is the polity live in 1938, and for six of the eight it is the same polity the label's dated rows already use. Same shape as the `Germany Western` and `Germany Berlin` 1937-1937 rows, written for exactly this reason.",
Malaya Federation of,fao1952,1934,1938,British Malaya,GBM-1895-1946,high,"1934-1938 back-projection (issue 450). FAO 1952 states a pre-war period average under a post-war reporting-unit name; eff_year dates it to 1938, which falls outside every existing window for this label. Destination is the polity live in 1938, and for six of the eight it is the same polity the label's dated rows already use. Same shape as the `Germany Western` and `Germany Berlin` 1937-1937 rows, written for exactly this reason.",
Taiwan,fao1952,1934,1938,Japanese Formosa,TWN-1895-1945,high,"1934-1938 back-projection (issue 450). FAO 1952 states a pre-war period average under a post-war reporting-unit name; eff_year dates it to 1938, which falls outside every existing window for this label. Destination is the polity live in 1938, and for six of the eight it is the same polity the label's dated rows already use. Same shape as the `Germany Western` and `Germany Berlin` 1937-1937 rows, written for exactly this reason.",
Western,fao1952,1949,1951,West Germany,F78-1949-1990,high,"FAO 1952 `Western` is `Germany Western` with the country prefix lost, established by an ADDITIVE IDENTITY rather than by the name: Germany's total minus (Western + Eastern) is exactly +17 thousand people in BOTH 1937 and 1951 (13,145-13,128; 11,601-11,584) and exactly +5 thousand goats in EACH of 1949, 1950 and 1951 (2,831-2,826; 3,094-3,089; 2,962-2,957). Five year-observations, ten distinct component values, and a residual constant within each variable but different between them -- the signature of a real third component (`Germany Berlin`), not a coincidence. Window 1949-1951 only: those are the years where the prefixed twin routes to F78 while the `Germany` total routes to DEU-1949-1990, so total and parts sit on DIFFERENT polities. Verified before applying: 0 key collisions with `Germany Western`, 0 at (polity, item, indicator, unit, year) against everything already on F78, and fao1952 is the only source on that polity -- so all 10 rows are new cells and no published value moves. The 1937 and 1934-1938 rows are deliberately NOT routed: they would land on DEU-1920-1938 beside the total, which is issue 411's total-and-parts defect. Scoped to fao1952 because a bare `Western` is too generic to route source-agnostically. See fao1952-western-eastern-lost-germany-prefix in state/data_errors.csv and issue 450.",
Eastern,fao1952,1949,1951,East Germany,F77-1949-1990,high,"FAO 1952 `Eastern` is `Germany Eastern` with the country prefix lost, established by an ADDITIVE IDENTITY rather than by the name: Germany's total minus (Western + Eastern) is exactly +17 thousand people in BOTH 1937 and 1951 (13,145-13,128; 11,601-11,584) and exactly +5 thousand goats in EACH of 1949, 1950 and 1951 (2,831-2,826; 3,094-3,089; 2,962-2,957). Five year-observations, ten distinct component values, and a residual constant within each variable but different between them -- the signature of a real third component (`Germany Berlin`), not a coincidence. Window 1949-1951 only: those are the years where the prefixed twin routes to F77 while the `Germany` total routes to DEU-1949-1990, so total and parts sit on DIFFERENT polities. Verified before applying: 0 key collisions with `Germany Western`, 0 at (polity, item, indicator, unit, year) against everything already on F77, and fao1952 is the only source on that polity -- so all 4 rows are new cells and no published value moves. The 1937 and 1934-1938 rows are deliberately NOT routed: they would land on DEU-1920-1938 beside the total, which is issue 411's total-and-parts defect. Scoped to fao1952 because a bare `Eastern` is too generic to route source-agnostically. See fao1952-western-eastern-lost-germany-prefix in state/data_errors.csv and issue 450.",
Buenos Aires,juan-subnational,1900,2023,,ARG-BA-1853-2025,high,"subnational vocabulary, agent-harness stage 1: the source reports this label as a reporting unit and this polity is the territory it names for these years (disposition proposed). Every data year of the unit is accounted for in pipelines/agent-harness/state/routing_verdicts.csv. Source component: LatAm Subnational.",
Ciudad de Buenos Aires,juan-subnational,1900,2023,,ARG-CF-1880-2025,high,"subnational vocabulary, agent-harness stage 1: the source reports this label as a reporting unit and this polity is the territory it names for these years (disposition proposed). Every data year of the unit is accounted for in pipelines/agent-harness/state/routing_verdicts.csv. Source component: LatAm Subnational.",
Catamarca,juan-subnational,1900,2023,,ARG-CAT-1853-2025,high,"subnational vocabulary, agent-harness stage 1: the source reports this label as a reporting unit and this polity is the territory it names for these years (disposition proposed). Every data year of the unit is accounted for in pipelines/agent-harness/state/routing_verdicts.csv. Source component: LatAm Subnational.",
Chaco,juan-subnational,1900,1950,,ARG-CHACO-1884-1951,high,"subnational vocabulary, agent-harness stage 1: the source reports this label as a reporting unit and this polity is the territory it names for these years (disposition proposed). Every data year of the unit is accounted for in pipelines/agent-harness/state/routing_verdicts.csv. Source component: LatAm Subnational.",
Chubut,juan-subnational,1900,2023,,ARG-CHUBUT-1884-2025,medium,"subnational vocabulary, agent-harness stage 1: the source reports this label as a reporting unit and this polity is the territory it names for these years (disposition proposed). Every data year of the unit is accounted for in pipelines/agent-harness/state/routing_verdicts.csv. Source component: LatAm Subnational.",
Córdoba,juan-subnational,1900,2023,,ARG-CORDOBA-1853-2025,high,"subnational vocabulary, agent-harness stage 1: the source reports this label as a reporting unit and this polity is the territory it names for these years (disposition proposed). Every data year of the unit is accounted for in pipelines/agent-harness/state/routing_verdicts.csv. Source component: LatAm Subnational.",
Corrientes,juan-subnational,1900,2023,,ARG-CORRIENTES-1853-2025,high,"subnational vocabulary, agent-harness stage 1: the source reports this label as a reporting unit and this polity is the territory it names for these years (disposition proposed). Every data year of the unit is accounted for in pipelines/agent-harness/state/routing_verdicts.csv. Source component: LatAm Subnational.",
Entre Ríos,juan-subnational,1900,2023,,ARG-ER-1853-2025,high,"subnational vocabulary, agent-harness stage 1: the source reports this label as a reporting unit and this polity is the territory it names for these years (disposition proposed). Every data year of the unit is accounted for in pipelines/agent-harness/state/routing_verdicts.csv. Source component: LatAm Subnational.",
Formosa,juan-subnational,1900,1954,,ARG-FORMOSA-1900-1955,medium,"subnational vocabulary, agent-harness stage 1: the source reports this label as a reporting unit and this polity is the territory it names for these years (disposition proposed). Every data year of the unit is accounted for in pipelines/agent-harness/state/routing_verdicts.csv. Source component: LatAm Subnational.",
Jujuy,juan-subnational,1900,2023,,ARG-JUJUY-1853-2025,high,"subnational vocabulary, agent-harness stage 1: the source reports this label as a reporting unit and this polity is the territory it names for these years (disposition proposed). Every data year of the unit is accounted for in pipelines/agent-harness/state/routing_verdicts.csv. Source component: LatAm Subnational.",
La Pampa,juan-subnational,1951,2023,,ARG-LAPAMPA-1951-2025,medium,"subnational vocabulary, agent-harness stage 1: the source reports this label as a reporting unit and this polity is the territory it names for these years (disposition proposed). Every data year of the unit is accounted for in pipelines/agent-harness/state/routing_verdicts.csv. Source component: LatAm Subnational.",
La Rioja,juan-subnational,1900,2023,,ARG-LARIOJA-1853-2025,high,"subnational vocabulary, agent-harness stage 1: the source reports this label as a reporting unit and this polity is the territory it names for these years (disposition proposed). Every data year of the unit is accounted for in pipelines/agent-harness/state/routing_verdicts.csv. Source component: LatAm Subnational.",
Mendoza,juan-subnational,1900,2023,,ARG-MENDOZA-1853-2025,high,"subnational vocabulary, agent-harness stage 1: the source reports this label as a reporting unit and this polity is the territory it names for these years (disposition proposed). Every data year of the unit is accounted for in pipelines/agent-harness/state/routing_verdicts.csv. Source component: LatAm Subnational.",
Misiones,juan-subnational,1900,2023,,ARG-MISIONES-1881-2025,medium,"subnational vocabulary, agent-harness stage 1: the source reports this label as a reporting unit and this polity is the territory it names for these years (disposition proposed). Every data year of the unit is accounted for in pipelines/agent-harness/state/routing_verdicts.csv. Source component: LatAm Subnational.",
Neuquén,juan-subnational,1900,2023,,ARG-NEUQUEN-1884-2025,medium,"subnational vocabulary, agent-harness stage 1: the source reports this label as a reporting unit and this polity is the territory it names for these years (disposition proposed). Every data year of the unit is accounted for in pipelines/agent-harness/state/routing_verdicts.csv. Source component: LatAm Subnational.",
Río Negro,juan-subnational,1900,2023,,ARG-RIONEGRO-1884-2025,high,"subnational vocabulary, agent-harness stage 1: the source reports this label as a reporting unit and this polity is the territory it names for these years (disposition proposed). Every data year of the unit is accounted for in pipelines/agent-harness/state/routing_verdicts.csv. Source component: LatAm Subnational.",
Salta,juan-subnational,1900,2023,,ARG-SALTA-1853-2025,high,"subnational vocabulary, agent-harness stage 1: the source reports this label as a reporting unit and this polity is the territory it names for these years (disposition proposed). Every data year of the unit is accounted for in pipelines/agent-harness/state/routing_verdicts.csv. Source component: LatAm Subnational.",
San Juan,juan-subnational,1900,2023,,ARG-SANJUAN-1853-2025,high,"subnational vocabulary, agent-harness stage 1: the source reports this label as a reporting unit and this polity is the territory it names for these years (disposition proposed). Every data year of the unit is accounted for in pipelines/agent-harness/state/routing_verdicts.csv. Source component: LatAm Subnational.",
San Luis,juan-subnational,1900,2023,,ARG-SANLUIS-1853-2025,medium,"subnational vocabulary, agent-harness stage 1: the source reports this label as a reporting unit and this polity is the territory it names for these years (disposition proposed). Every data year of the unit is accounted for in pipelines/agent-harness/state/routing_verdicts.csv. Source component: LatAm Subnational.",
Santa Cruz,juan-subnational,1900,1901,,ARG-1899-1902,high,"subnational vocabulary, agent-harness stage 1: the source reports this label as a reporting unit and this polity is the territory it names for these years (disposition matched). Every data year of the unit is accounted for in pipelines/agent-harness/state/routing_verdicts.csv. Source component: LatAm Subnational.",
Santa Cruz,juan-subnational,1902,1954,,ARG-1902-2025,high,"subnational vocabulary, agent-harness stage 1: the source reports this label as a reporting unit and this polity is the territory it names for these years (disposition matched). Every data year of the unit is accounted for in pipelines/agent-harness/state/routing_verdicts.csv. Source component: LatAm Subnational.",
Santa Cruz,juan-subnational,1955,2023,,ARG-SANTACRUZ-1955-2025,high,"subnational vocabulary, agent-harness stage 1: the source reports this label as a reporting unit and this polity is the territory it names for these years (disposition proposed). Every data year of the unit is accounted for in pipelines/agent-harness/state/routing_verdicts.csv. Source component: LatAm Subnational.",
Santa Fe,juan-subnational,1900,2023,,ARG-SANTAFE-1853-2025,high,"subnational vocabulary, agent-harness stage 1: the source reports this label as a reporting unit and this polity is the territory it names for these years (disposition proposed). Every data year of the unit is accounted for in pipelines/agent-harness/state/routing_verdicts.csv. Source component: LatAm Subnational.",
Santiago del Estero,juan-subnational,1900,2023,,ARG-SANTIAGODELESTERO-1853-2025,high,"subnational vocabulary, agent-harness stage 1: the source reports this label as a reporting unit and this polity is the territory it names for these years (disposition proposed). Every data year of the unit is accounted for in pipelines/agent-harness/state/routing_verdicts.csv. Source component: LatAm Subnational.",
Tierra del Fuego,juan-subnational,1900,2023,,ARG-TIERRADELFUEGO-1884-2025,medium,"subnational vocabulary, agent-harness stage 1: the source reports this label as a reporting unit and this polity is the territory it names for these years (disposition proposed). Every data year of the unit is accounted for in pipelines/agent-harness/state/routing_verdicts.csv. Source component: LatAm Subnational.",
Tucumán,juan-subnational,1900,2023,,ARG-TUCUMAN-1853-2025,high,"subnational vocabulary, agent-harness stage 1: the source reports this label as a reporting unit and this polity is the territory it names for these years (disposition proposed). Every data year of the unit is accounted for in pipelines/agent-harness/state/routing_verdicts.csv. Source component: LatAm Subnational.",
Australian Capital Territory,juan-subnational,1911,2022,,AUS-ACT-1911-2025,high,"subnational vocabulary, agent-harness stage 1: the source reports this label as a reporting unit and this polity is the territory it names for these years (disposition proposed). Every data year of the unit is accounted for in pipelines/agent-harness/state/routing_verdicts.csv. Source component: ABS Historical Agricultural Commodities.",
New South Wales,juan-subnational,1860,1899,,NSW-1800-1900,medium,"subnational vocabulary, agent-harness stage 1: the source reports this label as a reporting unit and this polity is the territory it names for these years (disposition matched). Every data year of the unit is accounted for in pipelines/agent-harness/state/routing_verdicts.csv. Source component: ABS Historical Agricultural Commodities.",
New South Wales,juan-subnational,1901,2022,,AUS-NSW-1901-2025,medium,"subnational vocabulary, agent-harness stage 1: the source reports this label as a reporting unit and this polity is the territory it names for these years (disposition proposed). Every data year of the unit is accounted for in pipelines/agent-harness/state/routing_verdicts.csv. Source component: ABS Historical Agricultural Commodities.",
Northern Territory,juan-subnational,1880,1899,,AUSA-1836-1900,medium,"subnational vocabulary, agent-harness stage 1: the source reports this label as a reporting unit and this polity is the territory it names for these years (disposition matched). Every data year of the unit is accounted for in pipelines/agent-harness/state/routing_verdicts.csv. Source component: ABS Historical Agricultural Commodities.",
Northern Territory,juan-subnational,1900,1900,,AUS-1800-1901,medium,"subnational vocabulary, agent-harness stage 1: the source reports this label as a reporting unit and this polity is the territory it names for these years (disposition matched). Every data year of the unit is accounted for in pipelines/agent-harness/state/routing_verdicts.csv. Source component: ABS Historical Agricultural Commodities.",
Northern Territory,juan-subnational,1911,2022,,AUS-NT-1911-2025,medium,"subnational vocabulary, agent-harness stage 1: the source reports this label as a reporting unit and this polity is the territory it names for these years (disposition proposed). Every data year of the unit is accounted for in pipelines/agent-harness/state/routing_verdicts.csv. Source component: ABS Historical Agricultural Commodities.",
Queensland,juan-subnational,1860,1899,,QUE-1859-1900,medium,"subnational vocabulary, agent-harness stage 1: the source reports this label as a reporting unit and this polity is the territory it names for these years (disposition matched). Every data year of the unit is accounted for in pipelines/agent-harness/state/routing_verdicts.csv. Source component: ABS Historical Agricultural Commodities.",
South Australia,juan-subnational,1860,1899,,AUSA-1836-1900,high,"subnational vocabulary, agent-harness stage 1: the source reports this label as a reporting unit and this polity is the territory it names for these years (disposition matched). Every data year of the unit is accounted for in pipelines/agent-harness/state/routing_verdicts.csv. Source component: ABS Historical Agricultural Commodities.",
South Australia,juan-subnational,1900,1900,,AUS-1800-1901,high,"subnational vocabulary, agent-harness stage 1: the source reports this label as a reporting unit and this polity is the territory it names for these years (disposition matched). Every data year of the unit is accounted for in pipelines/agent-harness/state/routing_verdicts.csv. Source component: ABS Historical Agricultural Commodities.",
South Australia,juan-subnational,1901,2022,,AUS-SA-1901-2025,high,"subnational vocabulary, agent-harness stage 1: the source reports this label as a reporting unit and this polity is the territory it names for these years (disposition proposed). Every data year of the unit is accounted for in pipelines/agent-harness/state/routing_verdicts.csv. Source component: ABS Historical Agricultural Commodities.",
Tasmania,juan-subnational,1860,1899,,TAS-1825-1900,high,"subnational vocabulary, agent-harness stage 1: the source reports this label as a reporting unit and this polity is the territory it names for these years (disposition matched). Every data year of the unit is accounted for in pipelines/agent-harness/state/routing_verdicts.csv. Source component: ABS Historical Agricultural Commodities.",
Tasmania,juan-subnational,1900,1900,,AUS-1800-1901,high,"subnational vocabulary, agent-harness stage 1: the source reports this label as a reporting unit and this polity is the territory it names for these years (disposition matched). Every data year of the unit is accounted for in pipelines/agent-harness/state/routing_verdicts.csv. Source component: ABS Historical Agricultural Commodities.",
Tasmania,juan-subnational,1901,2022,,AUS-TAS-1901-2025,high,"subnational vocabulary, agent-harness stage 1: the source reports this label as a reporting unit and this polity is the territory it names for these years (disposition proposed). Every data year of the unit is accounted for in pipelines/agent-harness/state/routing_verdicts.csv. Source component: ABS Historical Agricultural Commodities.",
Victoria,juan-subnational,1860,1899,,VIC-1851-1900,medium,"subnational vocabulary, agent-harness stage 1: the source reports this label as a reporting unit and this polity is the territory it names for these years (disposition matched). Every data year of the unit is accounted for in pipelines/agent-harness/state/routing_verdicts.csv. Source component: ABS Historical Agricultural Commodities.",
Victoria,juan-subnational,1901,2022,,AUS-1901-2025,medium,"subnational vocabulary, agent-harness stage 1: the source reports this label as a reporting unit and this polity is the territory it names for these years (disposition matched). Every data year of the unit is accounted for in pipelines/agent-harness/state/routing_verdicts.csv. Source component: ABS Historical Agricultural Commodities.",
Western Australia,juan-subnational,1860,1899,,AUWA-1829-1900,medium,"subnational vocabulary, agent-harness stage 1: the source reports this label as a reporting unit and this polity is the territory it names for these years (disposition matched). Every data year of the unit is accounted for in pipelines/agent-harness/state/routing_verdicts.csv. Source component: ABS Historical Agricultural Commodities.",
Western Australia,juan-subnational,1901,2022,,AUS-WA-1901-2025,medium,"subnational vocabulary, agent-harness stage 1: the source reports this label as a reporting unit and this polity is the territory it names for these years (disposition proposed). Every data year of the unit is accounted for in pipelines/agent-harness/state/routing_verdicts.csv. Source component: ABS Historical Agricultural Commodities.",
Alagoas,juan-subnational,1900,2023,,BRA-ALAGOAS-1889-2025,high,"subnational vocabulary, agent-harness stage 1: the source reports this label as a reporting unit and this polity is the territory it names for these years (disposition proposed). Every data year of the unit is accounted for in pipelines/agent-harness/state/routing_verdicts.csv. Source component: LatAm Subnational.",
Amapá,juan-subnational,1943,2023,,BRA-AMAPA-1943-2025,high,"subnational vocabulary, agent-harness stage 1: the source reports this label as a reporting unit and this polity is the territory it names for these years (disposition proposed). Every data year of the unit is accounted for in pipelines/agent-harness/state/routing_verdicts.csv. Source component: LatAm Subnational.",
Amazonas,juan-subnational,1900,2024,,BRA-AMAZONAS-1889-2025,high,"subnational vocabulary, agent-harness stage 1: the source reports this label as a reporting unit and this polity is the territory it names for these years (disposition proposed). Every data year of the unit is accounted for in pipelines/agent-harness/state/routing_verdicts.csv. Source component: LatAm Subnational. Clipped from 1900-2025 to the target's own span: an alias may not route years to a polity that did not exist then, so the earlier years stay unaliased rather than being misattributed.",
Bahia,juan-subnational,1900,2023,,BRA-BAHIA-1889-2025,high,"subnational vocabulary, agent-harness stage 1: the source reports this label as a reporting unit and this polity is the territory it names for these years (disposition proposed). Every data year of the unit is accounted for in pipelines/agent-harness/state/routing_verdicts.csv. Source component: LatAm Subnational.",
Ceará,juan-subnational,1900,2023,,BRA-CE-1889-2025,high,"subnational vocabulary, agent-harness stage 1: the source reports this label as a reporting unit and this polity is the territory it names for these years (disposition proposed). Every data year of the unit is accounted for in pipelines/agent-harness/state/routing_verdicts.csv. Source component: LatAm Subnational.",
Distrito Federal,juan-subnational,1960,2022,,BRA-DF-1960-2023,medium,"subnational vocabulary, agent-harness stage 1: the source reports this label as a reporting unit and this polity is the territory it names for these years (disposition proposed). Every data year of the unit is accounted for in pipelines/agent-harness/state/routing_verdicts.csv. Source component: LatAm Subnational. Clipped from 1960-2023 to the target's own span: an alias may not route years to a polity that did not exist then, so the earlier years stay unaliased rather than being misattributed.",
Espírito Santo,juan-subnational,1900,2023,,BRA-ES-1889-2025,high,"subnational vocabulary, agent-harness stage 1: the source reports this label as a reporting unit and this polity is the territory it names for these years (disposition proposed). Every data year of the unit is accounted for in pipelines/agent-harness/state/routing_verdicts.csv. Source component: LatAm Subnational.",
Goiás,juan-subnational,1900,2023,,BRA-GOIAS-1889-2025,high,"subnational vocabulary, agent-harness stage 1: the source reports this label as a reporting unit and this polity is the territory it names for these years (disposition proposed). Every data year of the unit is accounted for in pipelines/agent-harness/state/routing_verdicts.csv. Source component: LatAm Subnational.",
Maranhão,juan-subnational,1900,2023,,BRA-MARANHAO-1889-2025,high,"subnational vocabulary, agent-harness stage 1: the source reports this label as a reporting unit and this polity is the territory it names for these years (disposition proposed). Every data year of the unit is accounted for in pipelines/agent-harness/state/routing_verdicts.csv. Source component: LatAm Subnational.",
Mato Grosso,juan-subnational,1900,2023,,BRA-MATOGROSSO-1889-2025,high,"subnational vocabulary, agent-harness stage 1: the source reports this label as a reporting unit and this polity is the territory it names for these years (disposition proposed). Every data year of the unit is accounted for in pipelines/agent-harness/state/routing_verdicts.csv. Source component: LatAm Subnational.",
Mato Grosso do Sul,juan-subnational,1977,2023,,BRA-MS-1977-2025,medium,"subnational vocabulary, agent-harness stage 1: the source reports this label as a reporting unit and this polity is the territory it names for these years (disposition proposed). Every data year of the unit is accounted for in pipelines/agent-harness/state/routing_verdicts.csv. Source component: LatAm Subnational.",
Minas Gerais,juan-subnational,1900,2023,,BRA-MINASGERAIS-1889-2025,high,"subnational vocabulary, agent-harness stage 1: the source reports this label as a reporting unit and this polity is the territory it names for these years (disposition proposed). Every data year of the unit is accounted for in pipelines/agent-harness/state/routing_verdicts.csv. Source component: LatAm Subnational.",
Pará,juan-subnational,1900,2023,,BRA-PARA-1889-2025,high,"subnational vocabulary, agent-harness stage 1: the source reports this label as a reporting unit and this polity is the territory it names for these years (disposition proposed). Every data year of the unit is accounted for in pipelines/agent-harness/state/routing_verdicts.csv. Source component: LatAm Subnational.",
Paraíba,juan-subnational,1900,2023,,BRA-PARAIBA-1889-2025,high,"subnational vocabulary, agent-harness stage 1: the source reports this label as a reporting unit and this polity is the territory it names for these years (disposition proposed). Every data year of the unit is accounted for in pipelines/agent-harness/state/routing_verdicts.csv. Source component: LatAm Subnational.",
Paraná,juan-subnational,1900,2023,,BRA-PARANA-1889-2025,high,"subnational vocabulary, agent-harness stage 1: the source reports this label as a reporting unit and this polity is the territory it names for these years (disposition proposed). Every data year of the unit is accounted for in pipelines/agent-harness/state/routing_verdicts.csv. Source component: LatAm Subnational.",
Pernambuco,juan-subnational,1900,2023,,BRA-PERNAMBUCO-1889-2025,high,"subnational vocabulary, agent-harness stage 1: the source reports this label as a reporting unit and this polity is the territory it names for these years (disposition proposed). Every data year of the unit is accounted for in pipelines/agent-harness/state/routing_verdicts.csv. Source component: LatAm Subnational.",
Piauí,juan-subnational,1900,2023,,BRA-PIAUI-1889-2025,high,"subnational vocabulary, agent-harness stage 1: the source reports this label as a reporting unit and this polity is the territory it names for these years (disposition proposed). Every data year of the unit is accounted for in pipelines/agent-harness/state/routing_verdicts.csv. Source component: LatAm Subnational.",
Rio de Janeiro,juan-subnational,1900,2023,,BRA-RIODEJANEIRO-1889-2025,high,"subnational vocabulary, agent-harness stage 1: the source reports this label as a reporting unit and this polity is the territory it names for these years (disposition proposed). Every data year of the unit is accounted for in pipelines/agent-harness/state/routing_verdicts.csv. Source component: LatAm Subnational.",
Rio Grande do Norte,juan-subnational,1900,2023,,BRA-RN-1889-2025,high,"subnational vocabulary, agent-harness stage 1: the source reports this label as a reporting unit and this polity is the territory it names for these years (disposition proposed). Every data year of the unit is accounted for in pipelines/agent-harness/state/routing_verdicts.csv. Source component: LatAm Subnational.",
Rio Grande do Sul,juan-subnational,1900,2023,,BRA-RIOGRANDEDOSUL-1889-2025,high,"subnational vocabulary, agent-harness stage 1: the source reports this label as a reporting unit and this polity is the territory it names for these years (disposition proposed). Every data year of the unit is accounted for in pipelines/agent-harness/state/routing_verdicts.csv. Source component: LatAm Subnational.",
Rondônia,juan-subnational,1943,2023,,BRA-RONDONIA-1943-2025,medium,"subnational vocabulary, agent-harness stage 1: the source reports this label as a reporting unit and this polity is the territory it names for these years (disposition proposed). Every data year of the unit is accounted for in pipelines/agent-harness/state/routing_verdicts.csv. Source component: LatAm Subnational.",
Santa Catarina,juan-subnational,1900,2023,,BRA-SANTACATARINA-1889-2025,high,"subnational vocabulary, agent-harness stage 1: the source reports this label as a reporting unit and this polity is the territory it names for these years (disposition proposed). Every data year of the unit is accounted for in pipelines/agent-harness/state/routing_verdicts.csv. Source component: LatAm Subnational.",
São Paulo,juan-subnational,1900,2023,,BRA-SAOPAULO-1889-2025,high,"subnational vocabulary, agent-harness stage 1: the source reports this label as a reporting unit and this polity is the territory it names for these years (disposition proposed). Every data year of the unit is accounted for in pipelines/agent-harness/state/routing_verdicts.csv. Source component: LatAm Subnational.",
Sergipe,juan-subnational,1900,2023,,BRA-SERGIPE-1889-2025,high,"subnational vocabulary, agent-harness stage 1: the source reports this label as a reporting unit and this polity is the territory it names for these years (disposition proposed). Every data year of the unit is accounted for in pipelines/agent-harness/state/routing_verdicts.csv. Source component: LatAm Subnational.",
Aysen,juan-subnational,1976,2023,,CHL-AI-1976-2025,high,"subnational vocabulary, agent-harness stage 1: the source reports this label as a reporting unit and this polity is the territory it names for these years (disposition proposed). Every data year of the unit is accounted for in pipelines/agent-harness/state/routing_verdicts.csv. Source component: LatAm Subnational.",
Antofagasta,juan-subnational,1976,2023,,CHL-AN-1976-2025,high,"subnational vocabulary, agent-harness stage 1: the source reports this label as a reporting unit and this polity is the territory it names for these years (disposition proposed). Every data year of the unit is accounted for in pipelines/agent-harness/state/routing_verdicts.csv. Source component: LatAm Subnational.",
Arica y Parinacota,juan-subnational,1900,1901,,CHL-1899-1902,medium,"subnational vocabulary, agent-harness stage 1: the source reports this label as a reporting unit and this polity is the territory it names for these years (disposition back_cast). Every data year of the unit is accounted for in pipelines/agent-harness/state/routing_verdicts.csv. Source component: LatAm Subnational.",
Arica y Parinacota,juan-subnational,1902,1975,,CHL-1902-2025,medium,"subnational vocabulary, agent-harness stage 1: the source reports this label as a reporting unit and this polity is the territory it names for these years (disposition back_cast). Every data year of the unit is accounted for in pipelines/agent-harness/state/routing_verdicts.csv. Source component: LatAm Subnational.",
Arica y Parinacota,juan-subnational,1976,2006,,CHL-1902-2025,medium,"subnational vocabulary, agent-harness stage 1: the source reports this label as a reporting unit and this polity is the territory it names for these years (disposition back_cast). Every data year of the unit is accounted for in pipelines/agent-harness/state/routing_verdicts.csv. Source component: LatAm Subnational.",
Arica y Parinacota,juan-subnational,2007,2023,,CHL-AP-2007-2025,medium,"subnational vocabulary, agent-harness stage 1: the source reports this label as a reporting unit and this polity is the territory it names for these years (disposition proposed). Every data year of the unit is accounted for in pipelines/agent-harness/state/routing_verdicts.csv. Source component: LatAm Subnational.",
La Araucanía,juan-subnational,1900,1901,,CHL-1899-1902,medium,"subnational vocabulary, agent-harness stage 1: the source reports this label as a reporting unit and this polity is the territory it names for these years (disposition back_cast). Every data year of the unit is accounted for in pipelines/agent-harness/state/routing_verdicts.csv. Source component: LatAm Subnational.",
La Araucanía,juan-subnational,1902,1975,,CHL-1902-2025,medium,"subnational vocabulary, agent-harness stage 1: the source reports this label as a reporting unit and this polity is the territory it names for these years (disposition back_cast). Every data year of the unit is accounted for in pipelines/agent-harness/state/routing_verdicts.csv. Source component: LatAm Subnational.",
La Araucanía,juan-subnational,1976,2023,,CHL-AR-1976-2025,medium,"subnational vocabulary, agent-harness stage 1: the source reports this label as a reporting unit and this polity is the territory it names for these years (disposition proposed). Every data year of the unit is accounted for in pipelines/agent-harness/state/routing_verdicts.csv. Source component: LatAm Subnational.",
Biobío,juan-subnational,1976,2023,,CHL-BI-1976-2025,medium,"subnational vocabulary, agent-harness stage 1: the source reports this label as a reporting unit and this polity is the territory it names for these years (disposition proposed). Every data year of the unit is accounted for in pipelines/agent-harness/state/routing_verdicts.csv. Source component: LatAm Subnational.",
Coquimbo,juan-subnational,1976,2023,,CHL-CO-1976-2025,high,"subnational vocabulary, agent-harness stage 1: the source reports this label as a reporting unit and this polity is the territory it names for these years (disposition proposed). Every data year of the unit is accounted for in pipelines/agent-harness/state/routing_verdicts.csv. Source component: LatAm Subnational.",
O'Higgins,juan-subnational,1900,1901,,CHL-1899-1902,high,"subnational vocabulary, agent-harness stage 1: the source reports this label as a reporting unit and this polity is the territory it names for these years (disposition matched). Every data year of the unit is accounted for in pipelines/agent-harness/state/routing_verdicts.csv. Source component: LatAm Subnational.",
O'Higgins,juan-subnational,1902,1975,,CHL-1902-2025,high,"subnational vocabulary, agent-harness stage 1: the source reports this label as a reporting unit and this polity is the territory it names for these years (disposition matched). Every data year of the unit is accounted for in pipelines/agent-harness/state/routing_verdicts.csv. Source component: LatAm Subnational.",
O'Higgins,juan-subnational,1976,2023,,CHL-LI-1976-2025,high,"subnational vocabulary, agent-harness stage 1: the source reports this label as a reporting unit and this polity is the territory it names for these years (disposition proposed). Every data year of the unit is accounted for in pipelines/agent-harness/state/routing_verdicts.csv. Source component: LatAm Subnational.",
Los Rios,juan-subnational,2007,2023,,CHL-LR-2007-2025,medium,"subnational vocabulary, agent-harness stage 1: the source reports this label as a reporting unit and this polity is the territory it names for these years (disposition proposed). Every data year of the unit is accounted for in pipelines/agent-harness/state/routing_verdicts.csv. Source component: LatAm Subnational.",
Magallanes,juan-subnational,1976,2023,,CHL-MA-1976-2025,medium,"subnational vocabulary, agent-harness stage 1: the source reports this label as a reporting unit and this polity is the territory it names for these years (disposition proposed). Every data year of the unit is accounted for in pipelines/agent-harness/state/routing_verdicts.csv. Source component: LatAm Subnational.",
Maule,juan-subnational,1976,2023,,CHL-ML-1976-2025,high,"subnational vocabulary, agent-harness stage 1: the source reports this label as a reporting unit and this polity is the territory it names for these years (disposition proposed). Every data year of the unit is accounted for in pipelines/agent-harness/state/routing_verdicts.csv. Source component: LatAm Subnational.",
Nuble,juan-subnational,2018,2023,,CHL-NB-2018-2025,medium,"subnational vocabulary, agent-harness stage 1: the source reports this label as a reporting unit and this polity is the territory it names for these years (disposition proposed). Every data year of the unit is accounted for in pipelines/agent-harness/state/routing_verdicts.csv. Source component: LatAm Subnational.",
Metropolitana,juan-subnational,1976,2023,,CHL-RM-1976-2025,medium,"subnational vocabulary, agent-harness stage 1: the source reports this label as a reporting unit and this polity is the territory it names for these years (disposition proposed). Every data year of the unit is accounted for in pipelines/agent-harness/state/routing_verdicts.csv. Source component: LatAm Subnational.",
Tarapaca,juan-subnational,1976,2023,,CHL-TA-1976-2025,medium,"subnational vocabulary, agent-harness stage 1: the source reports this label as a reporting unit and this polity is the territory it names for these years (disposition proposed). Every data year of the unit is accounted for in pipelines/agent-harness/state/routing_verdicts.csv. Source component: LatAm Subnational.",
Valparaíso,juan-subnational,1976,2023,,CHL-VS-1976-2025,medium,"subnational vocabulary, agent-harness stage 1: the source reports this label as a reporting unit and this polity is the territory it names for these years (disposition proposed). Every data year of the unit is accounted for in pipelines/agent-harness/state/routing_verdicts.csv. Source component: LatAm Subnational.",
Amazonas,juan-subnational,1915,1921,,COL-1903-1922,high,"subnational vocabulary, agent-harness stage 1: the source reports this label as a reporting unit and this polity is the territory it names for these years (disposition back_cast). Every data year of the unit is accounted for in pipelines/agent-harness/state/routing_verdicts.csv. Source component: LatAm Subnational.",
Amazonas,juan-subnational,1922,1990,,COL-1922-2025,high,"subnational vocabulary, agent-harness stage 1: the source reports this label as a reporting unit and this polity is the territory it names for these years (disposition back_cast). Every data year of the unit is accounted for in pipelines/agent-harness/state/routing_verdicts.csv. Source component: LatAm Subnational.",
Amazonas,juan-subnational,1991,2023,,COL-AMA-1991-2025,high,"subnational vocabulary, agent-harness stage 1: the source reports this label as a reporting unit and this polity is the territory it names for these years (disposition proposed). Every data year of the unit is accounted for in pipelines/agent-harness/state/routing_verdicts.csv. Source component: LatAm Subnational.",
Antioquia,juan-subnational,1915,2023,,COL-ANTIOQUIA-1886-2025,high,"subnational vocabulary, agent-harness stage 1: the source reports this label as a reporting unit and this polity is the territory it names for these years (disposition proposed). Every data year of the unit is accounted for in pipelines/agent-harness/state/routing_verdicts.csv. Source component: LatAm Subnational.",
Atlántico,juan-subnational,1915,2023,,COL-ATL-1910-2025,medium,"subnational vocabulary, agent-harness stage 1: the source reports this label as a reporting unit and this polity is the territory it names for these years (disposition proposed). Every data year of the unit is accounted for in pipelines/agent-harness/state/routing_verdicts.csv. Source component: LatAm Subnational.",
Bolívar,juan-subnational,1915,2023,,COL-BOLIVAR-1886-2025,medium,"subnational vocabulary, agent-harness stage 1: the source reports this label as a reporting unit and this polity is the territory it names for these years (disposition proposed). Every data year of the unit is accounted for in pipelines/agent-harness/state/routing_verdicts.csv. Source component: LatAm Subnational.",
Boyacá,juan-subnational,1915,2023,,COL-BOYACA-1886-2025,high,"subnational vocabulary, agent-harness stage 1: the source reports this label as a reporting unit and this polity is the territory it names for these years (disposition proposed). Every data year of the unit is accounted for in pipelines/agent-harness/state/routing_verdicts.csv. Source component: LatAm Subnational.",
Caldas,juan-subnational,1915,2023,,COL-CALDAS-1905-2025,medium,"subnational vocabulary, agent-harness stage 1: the source reports this label as a reporting unit and this polity is the territory it names for these years (disposition proposed). Every data year of the unit is accounted for in pipelines/agent-harness/state/routing_verdicts.csv. Source component: LatAm Subnational.",
Caquetá,juan-subnational,1981,2023,,COL-CAQUETA-1981-2025,medium,"subnational vocabulary, agent-harness stage 1: the source reports this label as a reporting unit and this polity is the territory it names for these years (disposition proposed). Every data year of the unit is accounted for in pipelines/agent-harness/state/routing_verdicts.csv. Source component: LatAm Subnational.",
Casanare,juan-subnational,1991,2023,,COL-CASANARE-1991-2025,medium,"subnational vocabulary, agent-harness stage 1: the source reports this label as a reporting unit and this polity is the territory it names for these years (disposition proposed). Every data year of the unit is accounted for in pipelines/agent-harness/state/routing_verdicts.csv. Source component: LatAm Subnational.",
Cauca,juan-subnational,1915,2023,,COL-CAU-1886-2025,medium,"subnational vocabulary, agent-harness stage 1: the source reports this label as a reporting unit and this polity is the territory it names for these years (disposition proposed). Every data year of the unit is accounted for in pipelines/agent-harness/state/routing_verdicts.csv. Source component: LatAm Subnational.",
Chocó,juan-subnational,1947,2023,,COL-CHO-1947-2025,medium,"subnational vocabulary, agent-harness stage 1: the source reports this label as a reporting unit and this polity is the territory it names for these years (disposition proposed). Every data year of the unit is accounted for in pipelines/agent-harness/state/routing_verdicts.csv. Source component: LatAm Subnational.",
Córdoba,juan-subnational,1952,2023,,COL-CORDOBA-1952-2025,medium,"subnational vocabulary, agent-harness stage 1: the source reports this label as a reporting unit and this polity is the territory it names for these years (disposition proposed). Every data year of the unit is accounted for in pipelines/agent-harness/state/routing_verdicts.csv. Source component: LatAm Subnational.",
Cundinamarca,juan-subnational,1915,2023,,COL-CUNDINAMARCA-1886-2025,high,"subnational vocabulary, agent-harness stage 1: the source reports this label as a reporting unit and this polity is the territory it names for these years (disposition proposed). Every data year of the unit is accounted for in pipelines/agent-harness/state/routing_verdicts.csv. Source component: LatAm Subnational.",
Guainía,juan-subnational,1915,1921,,COL-1903-1922,medium,"subnational vocabulary, agent-harness stage 1: the source reports this label as a reporting unit and this polity is the territory it names for these years (disposition back_cast). Every data year of the unit is accounted for in pipelines/agent-harness/state/routing_verdicts.csv. Source component: LatAm Subnational.",
Guainía,juan-subnational,1922,1990,,COL-1922-2025,medium,"subnational vocabulary, agent-harness stage 1: the source reports this label as a reporting unit and this polity is the territory it names for these years (disposition back_cast). Every data year of the unit is accounted for in pipelines/agent-harness/state/routing_verdicts.csv. Source component: LatAm Subnational.",
Guainía,juan-subnational,1991,2023,,COL-GUA-1991-2025,medium,"subnational vocabulary, agent-harness stage 1: the source reports this label as a reporting unit and this polity is the territory it names for these years (disposition proposed). Every data year of the unit is accounted for in pipelines/agent-harness/state/routing_verdicts.csv. Source component: LatAm Subnational.",
Guajira,juan-subnational,1965,2023,,COL-GUAJIRA-1965-2025,medium,"subnational vocabulary, agent-harness stage 1: the source reports this label as a reporting unit and this polity is the territory it names for these years (disposition proposed). Every data year of the unit is accounted for in pipelines/agent-harness/state/routing_verdicts.csv. Source component: LatAm Subnational.",
Guaviare,juan-subnational,1915,1921,,COL-1903-1922,high,"subnational vocabulary, agent-harness stage 1: the source reports this label as a reporting unit and this polity is the territory it names for these years (disposition matched). Every data year of the unit is accounted for in pipelines/agent-harness/state/routing_verdicts.csv. Source component: LatAm Subnational.",
Guaviare,juan-subnational,1922,1990,,COL-1922-2025,high,"subnational vocabulary, agent-harness stage 1: the source reports this label as a reporting unit and this polity is the territory it names for these years (disposition matched). Every data year of the unit is accounted for in pipelines/agent-harness/state/routing_verdicts.csv. Source component: LatAm Subnational.",
Guaviare,juan-subnational,1991,2023,,COL-GUAVIARE-1991-2025,high,"subnational vocabulary, agent-harness stage 1: the source reports this label as a reporting unit and this polity is the territory it names for these years (disposition proposed). Every data year of the unit is accounted for in pipelines/agent-harness/state/routing_verdicts.csv. Source component: LatAm Subnational.",
Huila,juan-subnational,1915,2023,,COL-HUILA-1905-2025,medium,"subnational vocabulary, agent-harness stage 1: the source reports this label as a reporting unit and this polity is the territory it names for these years (disposition proposed). Every data year of the unit is accounted for in pipelines/agent-harness/state/routing_verdicts.csv. Source component: LatAm Subnational.",
Magdalena,juan-subnational,1915,2023,,COL-MAGDALENA-1915-2025,high,"subnational vocabulary, agent-harness stage 1: the source reports this label as a reporting unit and this polity is the territory it names for these years (disposition proposed). Every data year of the unit is accounted for in pipelines/agent-harness/state/routing_verdicts.csv. Source component: LatAm Subnational.",
Nariño,juan-subnational,1915,2023,,COL-NARINO-1904-2025,medium,"subnational vocabulary, agent-harness stage 1: the source reports this label as a reporting unit and this polity is the territory it names for these years (disposition proposed). Every data year of the unit is accounted for in pipelines/agent-harness/state/routing_verdicts.csv. Source component: LatAm Subnational.",
Colombia,juan-subnational,1900,1902,,COL-1830-1903,high,"subnational vocabulary, agent-harness stage 1: the source reports this label as a reporting unit and this polity is the territory it names for these years (disposition matched). Every data year of the unit is accounted for in pipelines/agent-harness/state/routing_verdicts.csv. Source component: LatAm Subnational.",
Colombia,juan-subnational,1903,1921,,COL-1903-1922,high,"subnational vocabulary, agent-harness stage 1: the source reports this label as a reporting unit and this polity is the territory it names for these years (disposition matched). Every data year of the unit is accounted for in pipelines/agent-harness/state/routing_verdicts.csv. Source component: LatAm Subnational.",
Colombia,juan-subnational,1922,2023,,COL-1922-2025,high,"subnational vocabulary, agent-harness stage 1: the source reports this label as a reporting unit and this polity is the territory it names for these years (disposition matched). Every data year of the unit is accounted for in pipelines/agent-harness/state/routing_verdicts.csv. Source component: LatAm Subnational.",
Norte de Santander,juan-subnational,1915,2023,,COL-NORTEDESANTANDER-1910-2025,medium,"subnational vocabulary, agent-harness stage 1: the source reports this label as a reporting unit and this polity is the territory it names for these years (disposition proposed). Every data year of the unit is accounted for in pipelines/agent-harness/state/routing_verdicts.csv. Source component: LatAm Subnational.",
Putumayo,juan-subnational,1991,2023,,COL-PUTUMAYO-1991-2025,high,"subnational vocabulary, agent-harness stage 1: the source reports this label as a reporting unit and this polity is the territory it names for these years (disposition proposed). Every data year of the unit is accounted for in pipelines/agent-harness/state/routing_verdicts.csv. Source component: LatAm Subnational.",
Quindío,juan-subnational,1966,2023,,COL-QUINDIO-1966-2025,medium,"subnational vocabulary, agent-harness stage 1: the source reports this label as a reporting unit and this polity is the territory it names for these years (disposition proposed). Every data year of the unit is accounted for in pipelines/agent-harness/state/routing_verdicts.csv. Source component: LatAm Subnational.",
San Andrés y Providencia,juan-subnational,1991,2023,,COL-SANDRES-1991-2025,medium,"subnational vocabulary, agent-harness stage 1: the source reports this label as a reporting unit and this polity is the territory it names for these years (disposition proposed). Every data year of the unit is accounted for in pipelines/agent-harness/state/routing_verdicts.csv. Source component: LatAm Subnational.",
Santander,juan-subnational,1915,2023,,COL-SANTANDER-1886-2025,high,"subnational vocabulary, agent-harness stage 1: the source reports this label as a reporting unit and this polity is the territory it names for these years (disposition proposed). Every data year of the unit is accounted for in pipelines/agent-harness/state/routing_verdicts.csv. Source component: LatAm Subnational.",
Sucre,juan-subnational,1966,2023,,COL-SUCRE-1966-2025,medium,"subnational vocabulary, agent-harness stage 1: the source reports this label as a reporting unit and this polity is the territory it names for these years (disposition proposed). Every data year of the unit is accounted for in pipelines/agent-harness/state/routing_verdicts.csv. Source component: LatAm Subnational.",
Tolima,juan-subnational,1915,2023,,COL-TOLIMA-1886-2025,medium,"subnational vocabulary, agent-harness stage 1: the source reports this label as a reporting unit and this polity is the territory it names for these years (disposition proposed). Every data year of the unit is accounted for in pipelines/agent-harness/state/routing_verdicts.csv. Source component: LatAm Subnational.",
Valle del Cauca,juan-subnational,1915,2023,,COL-VALLEDELCAUCA-1910-2025,medium,"subnational vocabulary, agent-harness stage 1: the source reports this label as a reporting unit and this polity is the territory it names for these years (disposition proposed). Every data year of the unit is accounted for in pipelines/agent-harness/state/routing_verdicts.csv. Source component: LatAm Subnational.",
Vaupés,juan-subnational,1991,2023,,COL-VAU-1991-2025,medium,"subnational vocabulary, agent-harness stage 1: the source reports this label as a reporting unit and this polity is the territory it names for these years (disposition proposed). Every data year of the unit is accounted for in pipelines/agent-harness/state/routing_verdicts.csv. Source component: LatAm Subnational.",
Vichada,juan-subnational,1991,2023,,COL-VICHADA-1991-2025,medium,"subnational vocabulary, agent-harness stage 1: the source reports this label as a reporting unit and this polity is the territory it names for these years (disposition proposed). Every data year of the unit is accounted for in pipelines/agent-harness/state/routing_verdicts.csv. Source component: LatAm Subnational.",
Cuba,juan-subnational,1900,2023,,CUB-1800-2025,high,"subnational vocabulary, agent-harness stage 1: the source reports this label as a reporting unit and this polity is the territory it names for these years (disposition matched). Every data year of the unit is accounted for in pipelines/agent-harness/state/routing_verdicts.csv. Source component: LatAm Subnational.",
Dominican Republic,juan-subnational,1900,2023,,DOM-1800-2025,high,"subnational vocabulary, agent-harness stage 1: the source reports this label as a reporting unit and this polity is the territory it names for these years (disposition matched). Every data year of the unit is accounted for in pipelines/agent-harness/state/routing_verdicts.csv. Source component: LatAm Subnational.",
ES111,juan-subnational,1865,2021,,ESP-CO-1833-2025,high,"subnational vocabulary, agent-harness stage 1: the source reports this label as a reporting unit and this polity is the territory it names for these years (disposition matched). Every data year of the unit is accounted for in pipelines/agent-harness/state/routing_verdicts.csv. Source component: Mediterranean Subnational.",
ES112,juan-subnational,1865,2021,,ESP-LU-1833-2025,high,"subnational vocabulary, agent-harness stage 1: the source reports this label as a reporting unit and this polity is the territory it names for these years (disposition proposed). Every data year of the unit is accounted for in pipelines/agent-harness/state/routing_verdicts.csv. Source component: Mediterranean Subnational.",
ES113,juan-subnational,1865,2021,,ESP-OR-1833-2025,high,"subnational vocabulary, agent-harness stage 1: the source reports this label as a reporting unit and this polity is the territory it names for these years (disposition proposed). Every data year of the unit is accounted for in pipelines/agent-harness/state/routing_verdicts.csv. Source component: Mediterranean Subnational.",
ES114,juan-subnational,1865,2021,,ESP-PO-1833-2025,high,"subnational vocabulary, agent-harness stage 1: the source reports this label as a reporting unit and this polity is the territory it names for these years (disposition proposed). Every data year of the unit is accounted for in pipelines/agent-harness/state/routing_verdicts.csv. Source component: Mediterranean Subnational.",
ES120,juan-subnational,1865,2021,,ESP-AS-1833-2025,high,"subnational vocabulary, agent-harness stage 1: the source reports this label as a reporting unit and this polity is the territory it names for these years (disposition proposed). Every data year of the unit is accounted for in pipelines/agent-harness/state/routing_verdicts.csv. Source component: Mediterranean Subnational.",
ES130,juan-subnational,1865,2021,,ESP-CA-1833-2025,high,"subnational vocabulary, agent-harness stage 1: the source reports this label as a reporting unit and this polity is the territory it names for these years (disposition proposed). Every data year of the unit is accounted for in pipelines/agent-harness/state/routing_verdicts.csv. Source component: Mediterranean Subnational.",
ES211,juan-subnational,1865,2021,,ESP-VI-1833-2025,high,"subnational vocabulary, agent-harness stage 1: the source reports this label as a reporting unit and this polity is the territory it names for these years (disposition proposed). Every data year of the unit is accounted for in pipelines/agent-harness/state/routing_verdicts.csv. Source component: Mediterranean Subnational.",
ES212,juan-subnational,1865,2021,,ESP-GI-1833-2025,high,"subnational vocabulary, agent-harness stage 1: the source reports this label as a reporting unit and this polity is the territory it names for these years (disposition proposed). Every data year of the unit is accounted for in pipelines/agent-harness/state/routing_verdicts.csv. Source component: Mediterranean Subnational.",
ES213,juan-subnational,1865,2021,,ESP-BI-1833-2025,high,"subnational vocabulary, agent-harness stage 1: the source reports this label as a reporting unit and this polity is the territory it names for these years (disposition proposed). Every data year of the unit is accounted for in pipelines/agent-harness/state/routing_verdicts.csv. Source component: Mediterranean Subnational.",
ES220,juan-subnational,1865,2021,,ESP-NV-1833-2025,high,"subnational vocabulary, agent-harness stage 1: the source reports this label as a reporting unit and this polity is the territory it names for these years (disposition proposed). Every data year of the unit is accounted for in pipelines/agent-harness/state/routing_verdicts.csv. Source component: Mediterranean Subnational.",
ES230,juan-subnational,1865,2021,,ESP-RI-1833-2025,high,"subnational vocabulary, agent-harness stage 1: the source reports this label as a reporting unit and this polity is the territory it names for these years (disposition proposed). Every data year of the unit is accounted for in pipelines/agent-harness/state/routing_verdicts.csv. Source component: Mediterranean Subnational.",
ES241,juan-subnational,1865,2021,,ESP-HU-1833-2025,high,"subnational vocabulary, agent-harness stage 1: the source reports this label as a reporting unit and this polity is the territory it names for these years (disposition proposed). Every data year of the unit is accounted for in pipelines/agent-harness/state/routing_verdicts.csv. Source component: Mediterranean Subnational.",
ES242,juan-subnational,1865,2021,,ESP-TE-1833-2025,high,"subnational vocabulary, agent-harness stage 1: the source reports this label as a reporting unit and this polity is the territory it names for these years (disposition proposed). Every data year of the unit is accounted for in pipelines/agent-harness/state/routing_verdicts.csv. Source component: Mediterranean Subnational.",
ES243,juan-subnational,1833,2024,,ESP-ZA-1833-2025,high,"subnational vocabulary, agent-harness stage 1: the source reports this label as a reporting unit and this polity is the territory it names for these years (disposition proposed). Every data year of the unit is accounted for in pipelines/agent-harness/state/routing_verdicts.csv. Source component: Mediterranean Subnational.",
ES300,juan-subnational,1865,2021,,ESP-MD-1833-2025,high,"subnational vocabulary, agent-harness stage 1: the source reports this label as a reporting unit and this polity is the territory it names for these years (disposition matched). Every data year of the unit is accounted for in pipelines/agent-harness/state/routing_verdicts.csv. Source component: Mediterranean Subnational.",
ES411,juan-subnational,1865,2021,,ESP-AV-1833-2025,high,"subnational vocabulary, agent-harness stage 1: the source reports this label as a reporting unit and this polity is the territory it names for these years (disposition proposed). Every data year of the unit is accounted for in pipelines/agent-harness/state/routing_verdicts.csv. Source component: Mediterranean Subnational.",
ES412,juan-subnational,1865,2021,,ESP-BU-1833-2025,high,"subnational vocabulary, agent-harness stage 1: the source reports this label as a reporting unit and this polity is the territory it names for these years (disposition proposed). Every data year of the unit is accounted for in pipelines/agent-harness/state/routing_verdicts.csv. Source component: Mediterranean Subnational.",
ES413,juan-subnational,1865,2021,,ESP-LE-1833-2025,high,"subnational vocabulary, agent-harness stage 1: the source reports this label as a reporting unit and this polity is the territory it names for these years (disposition proposed). Every data year of the unit is accounted for in pipelines/agent-harness/state/routing_verdicts.csv. Source component: Mediterranean Subnational.",
ES414,juan-subnational,1865,2021,,ESP-PA-1833-2025,high,"subnational vocabulary, agent-harness stage 1: the source reports this label as a reporting unit and this polity is the territory it names for these years (disposition proposed). Every data year of the unit is accounted for in pipelines/agent-harness/state/routing_verdicts.csv. Source component: Mediterranean Subnational.",
ES415,juan-subnational,1865,2021,,ESP-SA-1833-2025,high,"subnational vocabulary, agent-harness stage 1: the source reports this label as a reporting unit and this polity is the territory it names for these years (disposition proposed). Every data year of the unit is accounted for in pipelines/agent-harness/state/routing_verdicts.csv. Source component: Mediterranean Subnational.",
ES416,juan-subnational,1865,2021,,ESP-SG-1833-2025,high,"subnational vocabulary, agent-harness stage 1: the source reports this label as a reporting unit and this polity is the territory it names for these years (disposition proposed). Every data year of the unit is accounted for in pipelines/agent-harness/state/routing_verdicts.csv. Source component: Mediterranean Subnational.",
ES417,juan-subnational,1865,2021,,ESP-SO-1833-2025,high,"subnational vocabulary, agent-harness stage 1: the source reports this label as a reporting unit and this polity is the territory it names for these years (disposition proposed). Every data year of the unit is accounted for in pipelines/agent-harness/state/routing_verdicts.csv. Source component: Mediterranean Subnational.",
ES418,juan-subnational,1865,2021,,ESP-VA-1833-2025,high,"subnational vocabulary, agent-harness stage 1: the source reports this label as a reporting unit and this polity is the territory it names for these years (disposition proposed). Every data year of the unit is accounted for in pipelines/agent-harness/state/routing_verdicts.csv. Source component: Mediterranean Subnational.",
ES419,juan-subnational,1865,2021,,ESP-ZM-1833-2025,high,"subnational vocabulary, agent-harness stage 1: the source reports this label as a reporting unit and this polity is the territory it names for these years (disposition proposed). Every data year of the unit is accounted for in pipelines/agent-harness/state/routing_verdicts.csv. Source component: Mediterranean Subnational.",
ES421,juan-subnational,1865,2021,,ESP-AB-1833-2025,high,"subnational vocabulary, agent-harness stage 1: the source reports this label as a reporting unit and this polity is the territory it names for these years (disposition proposed). Every data year of the unit is accounted for in pipelines/agent-harness/state/routing_verdicts.csv. Source component: Mediterranean Subnational.",
ES422,juan-subnational,1865,2021,,ESP-CR-1833-2025,high,"subnational vocabulary, agent-harness stage 1: the source reports this label as a reporting unit and this polity is the territory it names for these years (disposition proposed). Every data year of the unit is accounted for in pipelines/agent-harness/state/routing_verdicts.csv. Source component: Mediterranean Subnational.",
ES423,juan-subnational,1865,2021,,ESP-CU-1833-2025,high,"subnational vocabulary, agent-harness stage 1: the source reports this label as a reporting unit and this polity is the territory it names for these years (disposition proposed). Every data year of the unit is accounted for in pipelines/agent-harness/state/routing_verdicts.csv. Source component: Mediterranean Subnational.",
ES424,juan-subnational,1865,2021,,ESP-GU-1833-2025,high,"subnational vocabulary, agent-harness stage 1: the source reports this label as a reporting unit and this polity is the territory it names for these years (disposition proposed). Every data year of the unit is accounted for in pipelines/agent-harness/state/routing_verdicts.csv. Source component: Mediterranean Subnational.",
ES425,juan-subnational,1833,2024,,ESP-TO-1833-2025,high,"subnational vocabulary, agent-harness stage 1: the source reports this label as a reporting unit and this polity is the territory it names for these years (disposition proposed). Every data year of the unit is accounted for in pipelines/agent-harness/state/routing_verdicts.csv. Source component: Mediterranean Subnational. Clipped from 1833-2025 to the target's own span: an alias may not route years to a polity that did not exist then, so the earlier years stay unaliased rather than being misattributed.",
ES431,juan-subnational,1865,2021,,ESP-BA-1833-2025,high,"subnational vocabulary, agent-harness stage 1: the source reports this label as a reporting unit and this polity is the territory it names for these years (disposition proposed). Every data year of the unit is accounted for in pipelines/agent-harness/state/routing_verdicts.csv. Source component: Mediterranean Subnational.",
ES432,juan-subnational,1865,2021,,ESP-CC-1833-2025,high,"subnational vocabulary, agent-harness stage 1: the source reports this label as a reporting unit and this polity is the territory it names for these years (disposition proposed). Every data year of the unit is accounted for in pipelines/agent-harness/state/routing_verdicts.csv. Source component: Mediterranean Subnational.",
ES511,juan-subnational,1865,2021,,ESP-B-1833-2025,high,"subnational vocabulary, agent-harness stage 1: the source reports this label as a reporting unit and this polity is the territory it names for these years (disposition proposed). Every data year of the unit is accounted for in pipelines/agent-harness/state/routing_verdicts.csv. Source component: Mediterranean Subnational.",
ES512,juan-subnational,1865,2021,,ESP-17-1833-2025,high,"subnational vocabulary, agent-harness stage 1: the source reports this label as a reporting unit and this polity is the territory it names for these years (disposition proposed). Every data year of the unit is accounted for in pipelines/agent-harness/state/routing_verdicts.csv. Source component: Mediterranean Subnational.",
ES513,juan-subnational,1865,2021,,ESP-LL-1833-2025,high,"subnational vocabulary, agent-harness stage 1: the source reports this label as a reporting unit and this polity is the territory it names for these years (disposition proposed). Every data year of the unit is accounted for in pipelines/agent-harness/state/routing_verdicts.csv. Source component: Mediterranean Subnational.",
ES514,juan-subnational,1865,2021,,ESP-T-1833-2025,high,"subnational vocabulary, agent-harness stage 1: the source reports this label as a reporting unit and this polity is the territory it names for these years (disposition proposed). Every data year of the unit is accounted for in pipelines/agent-harness/state/routing_verdicts.csv. Source component: Mediterranean Subnational.",
ES521,juan-subnational,1865,2021,,ESP-A-1833-2025,high,"subnational vocabulary, agent-harness stage 1: the source reports this label as a reporting unit and this polity is the territory it names for these years (disposition proposed). Every data year of the unit is accounted for in pipelines/agent-harness/state/routing_verdicts.csv. Source component: Mediterranean Subnational.",
ES522,juan-subnational,1865,2021,,ESP-CS-1833-2025,medium,"subnational vocabulary, agent-harness stage 1: the source reports this label as a reporting unit and this polity is the territory it names for these years (disposition proposed). Every data year of the unit is accounted for in pipelines/agent-harness/state/routing_verdicts.csv. Source component: Mediterranean Subnational.",
ES523,juan-subnational,1865,2021,,ESP-V-1833-2025,high,"subnational vocabulary, agent-harness stage 1: the source reports this label as a reporting unit and this polity is the territory it names for these years (disposition proposed). Every data year of the unit is accounted for in pipelines/agent-harness/state/routing_verdicts.csv. Source component: Mediterranean Subnational.",
ES53,juan-subnational,1865,2020,,ESP-IB-1833-2025,high,"subnational vocabulary, agent-harness stage 1: the source reports this label as a reporting unit and this polity is the territory it names for these years (disposition proposed). Every data year of the unit is accounted for in pipelines/agent-harness/state/routing_verdicts.csv. Source component: Mediterranean Subnational.",
ES611,juan-subnational,1865,2021,,ESP-AL-1833-2025,high,"subnational vocabulary, agent-harness stage 1: the source reports this label as a reporting unit and this polity is the territory it names for these years (disposition proposed). Every data year of the unit is accounted for in pipelines/agent-harness/state/routing_verdicts.csv. Source component: Mediterranean Subnational.",
ES612,juan-subnational,1865,2021,,ESP-CDZ-1833-2025,high,"subnational vocabulary, agent-harness stage 1: the source reports this label as a reporting unit and this polity is the territory it names for these years (disposition proposed). Every data year of the unit is accounted for in pipelines/agent-harness/state/routing_verdicts.csv. Source component: Mediterranean Subnational.",
ES613,juan-subnational,1865,2021,,ESP-COR-1833-2025,high,"subnational vocabulary, agent-harness stage 1: the source reports this label as a reporting unit and this polity is the territory it names for these years (disposition proposed). Every data year of the unit is accounted for in pipelines/agent-harness/state/routing_verdicts.csv. Source component: Mediterranean Subnational.",
ES614,juan-subnational,1865,2021,,ESP-GR2-1833-2025,high,"subnational vocabulary, agent-harness stage 1: the source reports this label as a reporting unit and this polity is the territory it names for these years (disposition proposed). Every data year of the unit is accounted for in pipelines/agent-harness/state/routing_verdicts.csv. Source component: Mediterranean Subnational.",
ES615,juan-subnational,1865,2021,,ESP-H-1833-2025,high,"subnational vocabulary, agent-harness stage 1: the source reports this label as a reporting unit and this polity is the territory it names for these years (disposition proposed). Every data year of the unit is accounted for in pipelines/agent-harness/state/routing_verdicts.csv. Source component: Mediterranean Subnational.",
ES616,juan-subnational,1865,2021,,ESP-J-1833-2025,high,"subnational vocabulary, agent-harness stage 1: the source reports this label as a reporting unit and this polity is the territory it names for these years (disposition proposed). Every data year of the unit is accounted for in pipelines/agent-harness/state/routing_verdicts.csv. Source component: Mediterranean Subnational.",
ES617,juan-subnational,1865,2021,,ESP-MA-1833-2025,high,"subnational vocabulary, agent-harness stage 1: the source reports this label as a reporting unit and this polity is the territory it names for these years (disposition proposed). Every data year of the unit is accounted for in pipelines/agent-harness/state/routing_verdicts.csv. Source component: Mediterranean Subnational.",
ES618,juan-subnational,1865,2021,,ESP-SE-1833-2025,high,"subnational vocabulary, agent-harness stage 1: the source reports this label as a reporting unit and this polity is the territory it names for these years (disposition proposed). Every data year of the unit is accounted for in pipelines/agent-harness/state/routing_verdicts.csv. Source component: Mediterranean Subnational.",
ES620,juan-subnational,1865,2021,,ESP-MU-1833-2025,high,"subnational vocabulary, agent-harness stage 1: the source reports this label as a reporting unit and this polity is the territory it names for these years (disposition proposed). Every data year of the unit is accounted for in pipelines/agent-harness/state/routing_verdicts.csv. Source component: Mediterranean Subnational.",
ES701,juan-subnational,1927,2021,,ESP-LP-1927-2025,medium,"subnational vocabulary, agent-harness stage 1: the source reports this label as a reporting unit and this polity is the territory it names for these years (disposition proposed). Every data year of the unit is accounted for in pipelines/agent-harness/state/routing_verdicts.csv. Source component: Mediterranean Subnational.",
ES702,juan-subnational,1927,2021,,ESP-SCT-1927-2025,high,"subnational vocabulary, agent-harness stage 1: the source reports this label as a reporting unit and this polity is the territory it names for these years (disposition proposed). Every data year of the unit is accounted for in pipelines/agent-harness/state/routing_verdicts.csv. Source component: Mediterranean Subnational. Clipped from 1880-2021 to the target's own span: an alias may not route years to a polity that did not exist then, so the earlier years stay unaliased rather than being misattributed.",
ES705,juan-subnational,1865,2020,,ESP-GC-1833-2025,medium,"subnational vocabulary, agent-harness stage 1: the source reports this label as a reporting unit and this polity is the territory it names for these years (disposition proposed). Every data year of the unit is accounted for in pipelines/agent-harness/state/routing_verdicts.csv. Source component: Mediterranean Subnational. Repointed 2026-09-10: this row targeted ESP-LP-1833-2025, which no longer exists — that page was renamed ESP-GC-1833-2025 when it was found to be titled ""Las Palmas"" while its unit is ES705, which nuts_code_names.csv gives as Gran Canaria. ES701 is Las Palmas and has its own row. A dead alias target aborts WHEP's whole .rda rebuild.",
ES709,juan-subnational,1927,2020,,ESP-SCT-1927-2025,medium,"subnational vocabulary, agent-harness stage 1: the source reports this label as a reporting unit and this polity is the territory it names for these years (disposition proposed). Every data year of the unit is accounted for in pipelines/agent-harness/state/routing_verdicts.csv. Source component: Mediterranean Subnational.",
FR102,juan-subnational,1862,2023,,FRA-77-1800-2025,high,"subnational vocabulary, agent-harness stage 1: the source reports this label as a reporting unit and this polity is the territory it names for these years (disposition proposed). Every data year of the unit is accounted for in pipelines/agent-harness/state/routing_verdicts.csv. Source component: Mediterranean Subnational.",
FR104,juan-subnational,1968,2023,,FRA-91-1968-2025,medium,"subnational vocabulary, agent-harness stage 1: the source reports this label as a reporting unit and this polity is the territory it names for these years (disposition proposed). Every data year of the unit is accounted for in pipelines/agent-harness/state/routing_verdicts.csv. Source component: Mediterranean Subnational.",
FRB01,juan-subnational,1862,2023,,FRA-18-1800-2025,high,"subnational vocabulary, agent-harness stage 1: the source reports this label as a reporting unit and this polity is the territory it names for these years (disposition proposed). Every data year of the unit is accounted for in pipelines/agent-harness/state/routing_verdicts.csv. Source component: Mediterranean Subnational.",
FRB02,juan-subnational,1862,2023,,FRA-28-1800-2025,high,"subnational vocabulary, agent-harness stage 1: the source reports this label as a reporting unit and this polity is the territory it names for these years (disposition proposed). Every data year of the unit is accounted for in pipelines/agent-harness/state/routing_verdicts.csv. Source component: Mediterranean Subnational.",
FRB03,juan-subnational,1862,2023,,FRA-36-1800-2025,high,"subnational vocabulary, agent-harness stage 1: the source reports this label as a reporting unit and this polity is the territory it names for these years (disposition proposed). Every data year of the unit is accounted for in pipelines/agent-harness/state/routing_verdicts.csv. Source component: Mediterranean Subnational.",
FRB04,juan-subnational,1862,2023,,FRA-37-1800-2025,high,"subnational vocabulary, agent-harness stage 1: the source reports this label as a reporting unit and this polity is the territory it names for these years (disposition proposed). Every data year of the unit is accounted for in pipelines/agent-harness/state/routing_verdicts.csv. Source component: Mediterranean Subnational.",
FRB05,juan-subnational,1862,2023,,FRA-41-1800-2025,high,"subnational vocabulary, agent-harness stage 1: the source reports this label as a reporting unit and this polity is the territory it names for these years (disposition proposed). Every data year of the unit is accounted for in pipelines/agent-harness/state/routing_verdicts.csv. Source component: Mediterranean Subnational.",
FRB06,juan-subnational,1862,2023,,FRA-LOI-1800-2025,high,"subnational vocabulary, agent-harness stage 1: the source reports this label as a reporting unit and this polity is the territory it names for these years (disposition proposed). Every data year of the unit is accounted for in pipelines/agent-harness/state/routing_verdicts.csv. Source component: Mediterranean Subnational.",
FRC11,juan-subnational,1862,2023,,FRA-21-1800-2025,high,"subnational vocabulary, agent-harness stage 1: the source reports this label as a reporting unit and this polity is the territory it names for these years (disposition proposed). Every data year of the unit is accounted for in pipelines/agent-harness/state/routing_verdicts.csv. Source component: Mediterranean Subnational.",
FRC12,juan-subnational,1862,2023,,FRA-58-1800-2025,high,"subnational vocabulary, agent-harness stage 1: the source reports this label as a reporting unit and this polity is the territory it names for these years (disposition proposed). Every data year of the unit is accounted for in pipelines/agent-harness/state/routing_verdicts.csv. Source component: Mediterranean Subnational.",
FRC13,juan-subnational,1862,2023,,FRA-71-1800-2025,high,"subnational vocabulary, agent-harness stage 1: the source reports this label as a reporting unit and this polity is the territory it names for these years (disposition proposed). Every data year of the unit is accounted for in pipelines/agent-harness/state/routing_verdicts.csv. Source component: Mediterranean Subnational.",
FRC14,juan-subnational,1862,2023,,FRA-89-1800-2025,high,"subnational vocabulary, agent-harness stage 1: the source reports this label as a reporting unit and this polity is the territory it names for these years (disposition proposed). Every data year of the unit is accounted for in pipelines/agent-harness/state/routing_verdicts.csv. Source component: Mediterranean Subnational.",
FRC21,juan-subnational,1862,2023,,FRA-25-1800-2025,high,"subnational vocabulary, agent-harness stage 1: the source reports this label as a reporting unit and this polity is the territory it names for these years (disposition proposed). Every data year of the unit is accounted for in pipelines/agent-harness/state/routing_verdicts.csv. Source component: Mediterranean Subnational.",
FRC22,juan-subnational,1862,2023,,FRA-39-1800-2025,medium,"subnational vocabulary, agent-harness stage 1: the source reports this label as a reporting unit and this polity is the territory it names for these years (disposition proposed). Every data year of the unit is accounted for in pipelines/agent-harness/state/routing_verdicts.csv. Source component: Mediterranean Subnational.",
FRC23,juan-subnational,1862,2023,,FRA-70-1800-2025,high,"subnational vocabulary, agent-harness stage 1: the source reports this label as a reporting unit and this polity is the territory it names for these years (disposition proposed). Every data year of the unit is accounted for in pipelines/agent-harness/state/routing_verdicts.csv. Source component: Mediterranean Subnational.",
FRC24,juan-subnational,1922,2023,,FRA-TDB-1922-2025,medium,"subnational vocabulary, agent-harness stage 1: the source reports this label as a reporting unit and this polity is the territory it names for these years (disposition proposed). Every data year of the unit is accounted for in pipelines/agent-harness/state/routing_verdicts.csv. Source component: Mediterranean Subnational.",
FRD11,juan-subnational,1862,2023,,FRA-14-1800-2025,high,"subnational vocabulary, agent-harness stage 1: the source reports this label as a reporting unit and this polity is the territory it names for these years (disposition proposed). Every data year of the unit is accounted for in pipelines/agent-harness/state/routing_verdicts.csv. Source component: Mediterranean Subnational.",
FRD12,juan-subnational,1862,2023,,FRA-50-1800-2025,high,"subnational vocabulary, agent-harness stage 1: the source reports this label as a reporting unit and this polity is the territory it names for these years (disposition proposed). Every data year of the unit is accounted for in pipelines/agent-harness/state/routing_verdicts.csv. Source component: Mediterranean Subnational.",
FRD13,juan-subnational,1862,2023,,FRA-61-1800-2025,high,"subnational vocabulary, agent-harness stage 1: the source reports this label as a reporting unit and this polity is the territory it names for these years (disposition proposed). Every data year of the unit is accounted for in pipelines/agent-harness/state/routing_verdicts.csv. Source component: Mediterranean Subnational.",
FRD21,juan-subnational,1862,2023,,FRA-27-1800-2025,high,"subnational vocabulary, agent-harness stage 1: the source reports this label as a reporting unit and this polity is the territory it names for these years (disposition proposed). Every data year of the unit is accounted for in pipelines/agent-harness/state/routing_verdicts.csv. Source component: Mediterranean Subnational.",
FRD22,juan-subnational,1862,2023,,FRA-76-1800-2025,high,"subnational vocabulary, agent-harness stage 1: the source reports this label as a reporting unit and this polity is the territory it names for these years (disposition proposed). Every data year of the unit is accounted for in pipelines/agent-harness/state/routing_verdicts.csv. Source component: Mediterranean Subnational.",
FRE11,juan-subnational,1862,2023,,FRA-59-1800-2025,high,"subnational vocabulary, agent-harness stage 1: the source reports this label as a reporting unit and this polity is the territory it names for these years (disposition proposed). Every data year of the unit is accounted for in pipelines/agent-harness/state/routing_verdicts.csv. Source component: Mediterranean Subnational.",
FRE12,juan-subnational,1862,2023,,FRA-62-1800-2025,medium,"subnational vocabulary, agent-harness stage 1: the source reports this label as a reporting unit and this polity is the territory it names for these years (disposition proposed). Every data year of the unit is accounted for in pipelines/agent-harness/state/routing_verdicts.csv. Source component: Mediterranean Subnational.",
FRE21,juan-subnational,1862,2023,,FRA-02-1800-2025,high,"subnational vocabulary, agent-harness stage 1: the source reports this label as a reporting unit and this polity is the territory it names for these years (disposition proposed). Every data year of the unit is accounted for in pipelines/agent-harness/state/routing_verdicts.csv. Source component: Mediterranean Subnational.",
FRE22,juan-subnational,1862,2023,,FRA-60-1800-2025,high,"subnational vocabulary, agent-harness stage 1: the source reports this label as a reporting unit and this polity is the territory it names for these years (disposition proposed). Every data year of the unit is accounted for in pipelines/agent-harness/state/routing_verdicts.csv. Source component: Mediterranean Subnational.",
FRE23,juan-subnational,1862,2023,,FRA-80-1800-2025,high,"subnational vocabulary, agent-harness stage 1: the source reports this label as a reporting unit and this polity is the territory it names for these years (disposition proposed). Every data year of the unit is accounted for in pipelines/agent-harness/state/routing_verdicts.csv. Source component: Mediterranean Subnational.",
FRF21,juan-subnational,1862,2023,,FRA-08-1800-2025,high,"subnational vocabulary, agent-harness stage 1: the source reports this label as a reporting unit and this polity is the territory it names for these years (disposition proposed). Every data year of the unit is accounted for in pipelines/agent-harness/state/routing_verdicts.csv. Source component: Mediterranean Subnational.",
FRF22,juan-subnational,1862,2023,,FRA-AUB-1800-2025,high,"subnational vocabulary, agent-harness stage 1: the source reports this label as a reporting unit and this polity is the territory it names for these years (disposition proposed). Every data year of the unit is accounted for in pipelines/agent-harness/state/routing_verdicts.csv. Source component: Mediterranean Subnational.",
FRF23,juan-subnational,1862,2023,,FRA-MRN-1800-2025,high,"subnational vocabulary, agent-harness stage 1: the source reports this label as a reporting unit and this polity is the territory it names for these years (disposition proposed). Every data year of the unit is accounted for in pipelines/agent-harness/state/routing_verdicts.csv. Source component: Mediterranean Subnational.",
FRF24,juan-subnational,1862,2023,,FRA-52-1800-2025,high,"subnational vocabulary, agent-harness stage 1: the source reports this label as a reporting unit and this polity is the territory it names for these years (disposition proposed). Every data year of the unit is accounted for in pipelines/agent-harness/state/routing_verdicts.csv. Source component: Mediterranean Subnational.",
FRF31,juan-subnational,1871,2023,,FRA-54-1871-2025,high,"subnational vocabulary, agent-harness stage 1: the source reports this label as a reporting unit and this polity is the territory it names for these years (disposition proposed). Every data year of the unit is accounted for in pipelines/agent-harness/state/routing_verdicts.csv. Source component: Mediterranean Subnational. Clipped from 1862-2023 to the target's own span: an alias may not route years to a polity that did not exist then, so the earlier years stay unaliased rather than being misattributed.",
FRF32,juan-subnational,1862,2023,,FRA-55-1800-2025,high,"subnational vocabulary, agent-harness stage 1: the source reports this label as a reporting unit and this polity is the territory it names for these years (disposition proposed). Every data year of the unit is accounted for in pipelines/agent-harness/state/routing_verdicts.csv. Source component: Mediterranean Subnational.",
FRF33,juan-subnational,1919,2023,,FRA-57-1919-2025,medium,"subnational vocabulary, agent-harness stage 1: the source reports this label as a reporting unit and this polity is the territory it names for these years (disposition proposed). Every data year of the unit is accounted for in pipelines/agent-harness/state/routing_verdicts.csv. Source component: Mediterranean Subnational.",
FRF34,juan-subnational,1862,2023,,FRA-88-1800-2025,high,"subnational vocabulary, agent-harness stage 1: the source reports this label as a reporting unit and this polity is the territory it names for these years (disposition proposed). Every data year of the unit is accounted for in pipelines/agent-harness/state/routing_verdicts.csv. Source component: Mediterranean Subnational.",
FRG01,juan-subnational,1862,2023,,FRA-44-1800-2025,high,"subnational vocabulary, agent-harness stage 1: the source reports this label as a reporting unit and this polity is the territory it names for these years (disposition proposed). Every data year of the unit is accounted for in pipelines/agent-harness/state/routing_verdicts.csv. Source component: Mediterranean Subnational.",
FRG02,juan-subnational,1862,2023,,FRA-49-1800-2025,high,"subnational vocabulary, agent-harness stage 1: the source reports this label as a reporting unit and this polity is the territory it names for these years (disposition proposed). Every data year of the unit is accounted for in pipelines/agent-harness/state/routing_verdicts.csv. Source component: Mediterranean Subnational.",
FRG03,juan-subnational,1862,2023,,FRA-53-1800-2025,high,"subnational vocabulary, agent-harness stage 1: the source reports this label as a reporting unit and this polity is the territory it names for these years (disposition proposed). Every data year of the unit is accounted for in pipelines/agent-harness/state/routing_verdicts.csv. Source component: Mediterranean Subnational.",
FRG04,juan-subnational,1862,2023,,FRA-SAR-1800-2025,high,"subnational vocabulary, agent-harness stage 1: the source reports this label as a reporting unit and this polity is the territory it names for these years (disposition proposed). Every data year of the unit is accounted for in pipelines/agent-harness/state/routing_verdicts.csv. Source component: Mediterranean Subnational.",
FRG05,juan-subnational,1862,2023,,FRA-85-1800-2025,high,"subnational vocabulary, agent-harness stage 1: the source reports this label as a reporting unit and this polity is the territory it names for these years (disposition proposed). Every data year of the unit is accounted for in pipelines/agent-harness/state/routing_verdicts.csv. Source component: Mediterranean Subnational.",
FRH01,juan-subnational,1862,2023,,FRA-22-1800-2025,high,"subnational vocabulary, agent-harness stage 1: the source reports this label as a reporting unit and this polity is the territory it names for these years (disposition proposed). Every data year of the unit is accounted for in pipelines/agent-harness/state/routing_verdicts.csv. Source component: Mediterranean Subnational.",
FRH02,juan-subnational,1862,2023,,FRA-FIN-1800-2025,high,"subnational vocabulary, agent-harness stage 1: the source reports this label as a reporting unit and this polity is the territory it names for these years (disposition proposed). Every data year of the unit is accounted for in pipelines/agent-harness/state/routing_verdicts.csv. Source component: Mediterranean Subnational.",
FRH03,juan-subnational,1862,2023,,FRA-35-1800-2025,high,"subnational vocabulary, agent-harness stage 1: the source reports this label as a reporting unit and this polity is the territory it names for these years (disposition proposed). Every data year of the unit is accounted for in pipelines/agent-harness/state/routing_verdicts.csv. Source component: Mediterranean Subnational.",
FRI11,juan-subnational,1862,2023,,FRA-24-1800-2025,high,"subnational vocabulary, agent-harness stage 1: the source reports this label as a reporting unit and this polity is the territory it names for these years (disposition proposed). Every data year of the unit is accounted for in pipelines/agent-harness/state/routing_verdicts.csv. Source component: Mediterranean Subnational.",
FRI12,juan-subnational,1862,2023,,FRA-GIR-1800-2025,high,"subnational vocabulary, agent-harness stage 1: the source reports this label as a reporting unit and this polity is the territory it names for these years (disposition proposed). Every data year of the unit is accounted for in pipelines/agent-harness/state/routing_verdicts.csv. Source component: Mediterranean Subnational.",
FRI13,juan-subnational,1862,2023,,FRA-LAN-1800-2025,high,"subnational vocabulary, agent-harness stage 1: the source reports this label as a reporting unit and this polity is the territory it names for these years (disposition proposed). Every data year of the unit is accounted for in pipelines/agent-harness/state/routing_verdicts.csv. Source component: Mediterranean Subnational.",
FRI14,juan-subnational,1862,2023,,FRA-LG-1800-2025,high,"subnational vocabulary, agent-harness stage 1: the source reports this label as a reporting unit and this polity is the territory it names for these years (disposition proposed). Every data year of the unit is accounted for in pipelines/agent-harness/state/routing_verdicts.csv. Source component: Mediterranean Subnational.",
FRI15,juan-subnational,1862,2023,,FRA-64-1800-2025,high,"subnational vocabulary, agent-harness stage 1: the source reports this label as a reporting unit and this polity is the territory it names for these years (disposition proposed). Every data year of the unit is accounted for in pipelines/agent-harness/state/routing_verdicts.csv. Source component: Mediterranean Subnational.",
FRI21,juan-subnational,1862,2023,,FRA-19-1800-2025,high,"subnational vocabulary, agent-harness stage 1: the source reports this label as a reporting unit and this polity is the territory it names for these years (disposition proposed). Every data year of the unit is accounted for in pipelines/agent-harness/state/routing_verdicts.csv. Source component: Mediterranean Subnational.",
FRI22,juan-subnational,1862,2023,,FRA-23-1800-2025,high,"subnational vocabulary, agent-harness stage 1: the source reports this label as a reporting unit and this polity is the territory it names for these years (disposition proposed). Every data year of the unit is accounted for in pipelines/agent-harness/state/routing_verdicts.csv. Source component: Mediterranean Subnational.",
FRI23,juan-subnational,1862,2023,,FRA-HVN-1800-2025,high,"subnational vocabulary, agent-harness stage 1: the source reports this label as a reporting unit and this polity is the territory it names for these years (disposition proposed). Every data year of the unit is accounted for in pipelines/agent-harness/state/routing_verdicts.csv. Source component: Mediterranean Subnational.",
FRI31,juan-subnational,1862,2023,,FRA-CHTE-1800-2025,medium,"subnational vocabulary, agent-harness stage 1: the source reports this label as a reporting unit and this polity is the territory it names for these years (disposition proposed). Every data year of the unit is accounted for in pipelines/agent-harness/state/routing_verdicts.csv. Source component: Mediterranean Subnational.",
FRI32,juan-subnational,1862,1918,,FRA-CMAR-1800-2025,high,"subnational vocabulary, agent-harness stage 1: the source reports this label as a reporting unit and this polity is the territory it names for these years (disposition proposed). Every data year of the unit is accounted for in pipelines/agent-harness/state/routing_verdicts.csv. Source component: Mediterranean Subnational.",
FRI32,juan-subnational,1919,2023,,FRA-CMAR-1800-2025,high,"subnational vocabulary, agent-harness stage 1: the source reports this label as a reporting unit and this polity is the territory it names for these years (disposition proposed). Every data year of the unit is accounted for in pipelines/agent-harness/state/routing_verdicts.csv. Source component: Mediterranean Subnational.",
FRI33,juan-subnational,1862,2023,,FRA-79-1800-2025,high,"subnational vocabulary, agent-harness stage 1: the source reports this label as a reporting unit and this polity is the territory it names for these years (disposition proposed). Every data year of the unit is accounted for in pipelines/agent-harness/state/routing_verdicts.csv. Source component: Mediterranean Subnational.",
FRI34,juan-subnational,1862,2023,,FRA-VNE-1800-2025,high,"subnational vocabulary, agent-harness stage 1: the source reports this label as a reporting unit and this polity is the territory it names for these years (disposition proposed). Every data year of the unit is accounted for in pipelines/agent-harness/state/routing_verdicts.csv. Source component: Mediterranean Subnational.",
FRJ12,juan-subnational,1862,2023,,FRA-GRD-1800-2025,high,"subnational vocabulary, agent-harness stage 1: the source reports this label as a reporting unit and this polity is the territory it names for these years (disposition proposed). Every data year of the unit is accounted for in pipelines/agent-harness/state/routing_verdicts.csv. Source component: Mediterranean Subnational.",
FRJ13,juan-subnational,1862,2023,,FRA-HER-1800-2025,high,"subnational vocabulary, agent-harness stage 1: the source reports this label as a reporting unit and this polity is the territory it names for these years (disposition proposed). Every data year of the unit is accounted for in pipelines/agent-harness/state/routing_verdicts.csv. Source component: Mediterranean Subnational.",
FRJ14,juan-subnational,1862,2023,,FRA-48-1800-2025,high,"subnational vocabulary, agent-harness stage 1: the source reports this label as a reporting unit and this polity is the territory it names for these years (disposition proposed). Every data year of the unit is accounted for in pipelines/agent-harness/state/routing_verdicts.csv. Source component: Mediterranean Subnational.",
FRJ15,juan-subnational,1862,2023,,FRA-PYRO-1790-2025,high,"subnational vocabulary, agent-harness stage 1: the source reports this label as a reporting unit and this polity is the territory it names for these years (disposition proposed). Every data year of the unit is accounted for in pipelines/agent-harness/state/routing_verdicts.csv. Source component: Mediterranean Subnational.",
FRJ21,juan-subnational,1862,2023,,FRA-ARI-1800-2025,high,"subnational vocabulary, agent-harness stage 1: the source reports this label as a reporting unit and this polity is the territory it names for these years (disposition proposed). Every data year of the unit is accounted for in pipelines/agent-harness/state/routing_verdicts.csv. Source component: Mediterranean Subnational.",
FRJ23,juan-subnational,1862,2023,,FRA-HG-1800-2025,high,"subnational vocabulary, agent-harness stage 1: the source reports this label as a reporting unit and this polity is the territory it names for these years (disposition proposed). Every data year of the unit is accounted for in pipelines/agent-harness/state/routing_verdicts.csv. Source component: Mediterranean Subnational.",
FRJ24,juan-subnational,1862,2023,,FRA-D32-1800-2025,high,"subnational vocabulary, agent-harness stage 1: the source reports this label as a reporting unit and this polity is the territory it names for these years (disposition proposed). Every data year of the unit is accounted for in pipelines/agent-harness/state/routing_verdicts.csv. Source component: Mediterranean Subnational.",
FRJ25,juan-subnational,1862,2023,,FRA-LOT-1800-2025,high,"subnational vocabulary, agent-harness stage 1: the source reports this label as a reporting unit and this polity is the territory it names for these years (disposition proposed). Every data year of the unit is accounted for in pipelines/agent-harness/state/routing_verdicts.csv. Source component: Mediterranean Subnational.",
FRJ26,juan-subnational,1862,2023,,FRA-HP-1790-2025,high,"subnational vocabulary, agent-harness stage 1: the source reports this label as a reporting unit and this polity is the territory it names for these years (disposition proposed). Every data year of the unit is accounted for in pipelines/agent-harness/state/routing_verdicts.csv. Source component: Mediterranean Subnational.",
FRJ27,juan-subnational,1862,2023,,FRA-81-1800-2025,high,"subnational vocabulary, agent-harness stage 1: the source reports this label as a reporting unit and this polity is the territory it names for these years (disposition proposed). Every data year of the unit is accounted for in pipelines/agent-harness/state/routing_verdicts.csv. Source component: Mediterranean Subnational.",
FRJ28,juan-subnational,1862,2023,,FRA-TG-1808-2025,high,"subnational vocabulary, agent-harness stage 1: the source reports this label as a reporting unit and this polity is the territory it names for these years (disposition proposed). Every data year of the unit is accounted for in pipelines/agent-harness/state/routing_verdicts.csv. Source component: Mediterranean Subnational.",
FRK11,juan-subnational,1862,2023,,FRA-ALL-1800-2025,high,"subnational vocabulary, agent-harness stage 1: the source reports this label as a reporting unit and this polity is the territory it names for these years (disposition proposed). Every data year of the unit is accounted for in pipelines/agent-harness/state/routing_verdicts.csv. Source component: Mediterranean Subnational.",
FRK12,juan-subnational,1862,2023,,FRA-CANTAL-1800-2025,high,"subnational vocabulary, agent-harness stage 1: the source reports this label as a reporting unit and this polity is the territory it names for these years (disposition proposed). Every data year of the unit is accounted for in pipelines/agent-harness/state/routing_verdicts.csv. Source component: Mediterranean Subnational.",
FRK13,juan-subnational,1862,2023,,FRA-HLO-1800-2025,high,"subnational vocabulary, agent-harness stage 1: the source reports this label as a reporting unit and this polity is the territory it names for these years (disposition proposed). Every data year of the unit is accounted for in pipelines/agent-harness/state/routing_verdicts.csv. Source component: Mediterranean Subnational.",
FRK14,juan-subnational,1862,2023,,FRA-PDD-1800-2025,high,"subnational vocabulary, agent-harness stage 1: the source reports this label as a reporting unit and this polity is the territory it names for these years (disposition proposed). Every data year of the unit is accounted for in pipelines/agent-harness/state/routing_verdicts.csv. Source component: Mediterranean Subnational.",
FRK21,juan-subnational,1862,2023,,FRA-AIN-1800-2025,high,"subnational vocabulary, agent-harness stage 1: the source reports this label as a reporting unit and this polity is the territory it names for these years (disposition proposed). Every data year of the unit is accounted for in pipelines/agent-harness/state/routing_verdicts.csv. Source component: Mediterranean Subnational.",
FRK22,juan-subnational,1862,2023,,FRA-ARD-1800-2025,high,"subnational vocabulary, agent-harness stage 1: the source reports this label as a reporting unit and this polity is the territory it names for these years (disposition proposed). Every data year of the unit is accounted for in pipelines/agent-harness/state/routing_verdicts.csv. Source component: Mediterranean Subnational.",
FRK23,juan-subnational,1862,2023,,FRA-DRO-1800-2025,high,"subnational vocabulary, agent-harness stage 1: the source reports this label as a reporting unit and this polity is the territory it names for these years (disposition proposed). Every data year of the unit is accounted for in pipelines/agent-harness/state/routing_verdicts.csv. Source component: Mediterranean Subnational.",
FRK24,juan-subnational,1862,2023,,FRA-ISE-1800-2025,high,"subnational vocabulary, agent-harness stage 1: the source reports this label as a reporting unit and this polity is the territory it names for these years (disposition proposed). Every data year of the unit is accounted for in pipelines/agent-harness/state/routing_verdicts.csv. Source component: Mediterranean Subnational.",
FRK25,juan-subnational,1862,2023,,FRA-42-1800-2025,high,"subnational vocabulary, agent-harness stage 1: the source reports this label as a reporting unit and this polity is the territory it names for these years (disposition proposed). Every data year of the unit is accounted for in pipelines/agent-harness/state/routing_verdicts.csv. Source component: Mediterranean Subnational.",
FRK26,juan-subnational,1862,2023,,FRA-RHO-1800-2025,high,"subnational vocabulary, agent-harness stage 1: the source reports this label as a reporting unit and this polity is the territory it names for these years (disposition proposed). Every data year of the unit is accounted for in pipelines/agent-harness/state/routing_verdicts.csv. Source component: Mediterranean Subnational.",
FRK27,juan-subnational,1862,2023,,FRA-SAV-1860-2025,medium,"subnational vocabulary, agent-harness stage 1: the source reports this label as a reporting unit and this polity is the territory it names for these years (disposition proposed). Every data year of the unit is accounted for in pipelines/agent-harness/state/routing_verdicts.csv. Source component: Mediterranean Subnational.",
FRK28,juan-subnational,1860,2023,,FRA-HSAV-1860-2025,medium,"subnational vocabulary, agent-harness stage 1: the source reports this label as a reporting unit and this polity is the territory it names for these years (disposition proposed). Every data year of the unit is accounted for in pipelines/agent-harness/state/routing_verdicts.csv. Source component: Mediterranean Subnational.",
FRL01,juan-subnational,1862,2023,,FRA-04-1790-2025,high,"subnational vocabulary, agent-harness stage 1: the source reports this label as a reporting unit and this polity is the territory it names for these years (disposition proposed). Every data year of the unit is accounted for in pipelines/agent-harness/state/routing_verdicts.csv. Source component: Mediterranean Subnational.",
FRL02,juan-subnational,1862,2023,,FRA-05-1790-2025,high,"subnational vocabulary, agent-harness stage 1: the source reports this label as a reporting unit and this polity is the territory it names for these years (disposition proposed). Every data year of the unit is accounted for in pipelines/agent-harness/state/routing_verdicts.csv. Source component: Mediterranean Subnational.",
FRL03,juan-subnational,1862,2023,,FRA-AM-1860-2025,medium,"subnational vocabulary, agent-harness stage 1: the source reports this label as a reporting unit and this polity is the territory it names for these years (disposition proposed). Every data year of the unit is accounted for in pipelines/agent-harness/state/routing_verdicts.csv. Source component: Mediterranean Subnational.",
FRL04,juan-subnational,1862,2023,,FRA-13-1790-2025,high,"subnational vocabulary, agent-harness stage 1: the source reports this label as a reporting unit and this polity is the territory it names for these years (disposition proposed). Every data year of the unit is accounted for in pipelines/agent-harness/state/routing_verdicts.csv. Source component: Mediterranean Subnational.",
FRL05,juan-subnational,1862,2023,,FRA-83-1790-2025,high,"subnational vocabulary, agent-harness stage 1: the source reports this label as a reporting unit and this polity is the territory it names for these years (disposition proposed). Every data year of the unit is accounted for in pipelines/agent-harness/state/routing_verdicts.csv. Source component: Mediterranean Subnational.",
FRL06,juan-subnational,1862,2023,,FRA-84-1790-2025,medium,"subnational vocabulary, agent-harness stage 1: the source reports this label as a reporting unit and this polity is the territory it names for these years (disposition proposed). Every data year of the unit is accounted for in pipelines/agent-harness/state/routing_verdicts.csv. Source component: Mediterranean Subnational.",
Guatemala,juan-subnational,1900,2023,,GTM-1821-2025,high,"subnational vocabulary, agent-harness stage 1: the source reports this label as a reporting unit and this polity is the territory it names for these years (disposition matched). Every data year of the unit is accounted for in pipelines/agent-harness/state/routing_verdicts.csv. Source component: LatAm Subnational.",
ITC1,juan-subnational,1880,1918,,ITA-1870-1919,high,"subnational vocabulary, agent-harness stage 1: the source reports this label as a reporting unit and this polity is the territory it names for these years (disposition matched). Every data year of the unit is accounted for in pipelines/agent-harness/state/routing_verdicts.csv. Source component: Mediterranean Subnational.",
ITC1,juan-subnational,1919,1969,,ITA-1919-2025,high,"subnational vocabulary, agent-harness stage 1: the source reports this label as a reporting unit and this polity is the territory it names for these years (disposition matched). Every data year of the unit is accounted for in pipelines/agent-harness/state/routing_verdicts.csv. Source component: Mediterranean Subnational.",
ITC1,juan-subnational,1970,2023,,ITA-PIE-1970-2025,high,"subnational vocabulary, agent-harness stage 1: the source reports this label as a reporting unit and this polity is the territory it names for these years (disposition proposed). Every data year of the unit is accounted for in pipelines/agent-harness/state/routing_verdicts.csv. Source component: Mediterranean Subnational.",
ITC3,juan-subnational,1970,2023,,ITA-LIG-1970-2025,high,"subnational vocabulary, agent-harness stage 1: the source reports this label as a reporting unit and this polity is the territory it names for these years (disposition proposed). Every data year of the unit is accounted for in pipelines/agent-harness/state/routing_verdicts.csv. Source component: Mediterranean Subnational. Clipped from 1861-2023 to the target's own span: an alias may not route years to a polity that did not exist then, so the earlier years stay unaliased rather than being misattributed.",
ITC4,juan-subnational,1861,2023,,ITA-LOM-1861-2025,medium,"subnational vocabulary, agent-harness stage 1: the source reports this label as a reporting unit and this polity is the territory it names for these years (disposition proposed). Every data year of the unit is accounted for in pipelines/agent-harness/state/routing_verdicts.csv. Source component: Mediterranean Subnational.",
ITF1,juan-subnational,1919,1969,,ITA-1919-2025,medium,"subnational vocabulary, agent-harness stage 1: the source reports this label as a reporting unit and this polity is the territory it names for these years (disposition back_cast). Every data year of the unit is accounted for in pipelines/agent-harness/state/routing_verdicts.csv. Source component: Mediterranean Subnational. Clipped from 1861-1969 to the target's own span: an alias may not route years to a polity that did not exist then, so the earlier years stay unaliased rather than being misattributed.",
ITF1,juan-subnational,1970,2023,,ITA-ABR-1970-2025,medium,"subnational vocabulary, agent-harness stage 1: the source reports this label as a reporting unit and this polity is the territory it names for these years (disposition proposed). Every data year of the unit is accounted for in pipelines/agent-harness/state/routing_verdicts.csv. Source component: Mediterranean Subnational.",
ITF3,juan-subnational,1970,2023,,ITA-CAM-1970-2025,medium,"subnational vocabulary, agent-harness stage 1: the source reports this label as a reporting unit and this polity is the territory it names for these years (disposition proposed). Every data year of the unit is accounted for in pipelines/agent-harness/state/routing_verdicts.csv. Source component: Mediterranean Subnational. Clipped from 1861-2023 to the target's own span: an alias may not route years to a polity that did not exist then, so the earlier years stay unaliased rather than being misattributed.",
ITF4,juan-subnational,1861,2023,,ITA-PUG-1861-2025,high,"subnational vocabulary, agent-harness stage 1: the source reports this label as a reporting unit and this polity is the territory it names for these years (disposition proposed). Every data year of the unit is accounted for in pipelines/agent-harness/state/routing_verdicts.csv. Source component: Mediterranean Subnational.",
ITF5,juan-subnational,1861,2023,,ITA-BAS-1861-2025,high,"subnational vocabulary, agent-harness stage 1: the source reports this label as a reporting unit and this polity is the territory it names for these years (disposition proposed). Every data year of the unit is accounted for in pipelines/agent-harness/state/routing_verdicts.csv. Source component: Mediterranean Subnational.",
ITF6,juan-subnational,1861,1865,,ITA-1861-1866,high,"subnational vocabulary, agent-harness stage 1: the source reports this label as a reporting unit and this polity is the territory it names for these years (disposition back_cast). Every data year of the unit is accounted for in pipelines/agent-harness/state/routing_verdicts.csv. Source component: Mediterranean Subnational.",
ITF6,juan-subnational,1866,1869,,ITA-1866-1870,high,"subnational vocabulary, agent-harness stage 1: the source reports this label as a reporting unit and this polity is the territory it names for these years (disposition back_cast). Every data year of the unit is accounted for in pipelines/agent-harness/state/routing_verdicts.csv. Source component: Mediterranean Subnational.",
ITF6,juan-subnational,1870,1918,,ITA-1870-1919,high,"subnational vocabulary, agent-harness stage 1: the source reports this label as a reporting unit and this polity is the territory it names for these years (disposition back_cast). Every data year of the unit is accounted for in pipelines/agent-harness/state/routing_verdicts.csv. Source component: Mediterranean Subnational.",
ITF6,juan-subnational,1919,2023,,ITA-CAL-1861-2025,high,"subnational vocabulary, agent-harness stage 1: the source reports this label as a reporting unit and this polity is the territory it names for these years (disposition proposed). Every data year of the unit is accounted for in pipelines/agent-harness/state/routing_verdicts.csv. Source component: Mediterranean Subnational.",
ITG1,juan-subnational,1861,2023,,ITA-SIC-1861-2025,high,"subnational vocabulary, agent-harness stage 1: the source reports this label as a reporting unit and this polity is the territory it names for these years (disposition proposed). Every data year of the unit is accounted for in pipelines/agent-harness/state/routing_verdicts.csv. Source component: Mediterranean Subnational.",
ITG2,juan-subnational,1861,2023,,ITA-SAR-1861-2025,medium,"subnational vocabulary, agent-harness stage 1: the source reports this label as a reporting unit and this polity is the territory it names for these years (disposition proposed). Every data year of the unit is accounted for in pipelines/agent-harness/state/routing_verdicts.csv. Source component: Mediterranean Subnational.",
ITH1,juan-subnational,1919,2023,,ITA-ITH1-1919-2025,medium,"subnational vocabulary, agent-harness stage 1: the source reports this label as a reporting unit and this polity is the territory it names for these years (disposition proposed). Every data year of the unit is accounted for in pipelines/agent-harness/state/routing_verdicts.csv. Source component: Mediterranean Subnational.",
ITH4,juan-subnational,1919,1969,,ITA-1919-2025,high,"subnational vocabulary, agent-harness stage 1: the source reports this label as a reporting unit and this polity is the territory it names for these years (disposition matched). Every data year of the unit is accounted for in pipelines/agent-harness/state/routing_verdicts.csv. Source component: Mediterranean Subnational.",
ITH4,juan-subnational,1970,2023,,ITA-ITH4-1970-2025,high,"subnational vocabulary, agent-harness stage 1: the source reports this label as a reporting unit and this polity is the territory it names for these years (disposition proposed). Every data year of the unit is accounted for in pipelines/agent-harness/state/routing_verdicts.csv. Source component: Mediterranean Subnational.",
ITH5,juan-subnational,1861,1865,,ITA-1861-1866,high,"subnational vocabulary, agent-harness stage 1: the source reports this label as a reporting unit and this polity is the territory it names for these years (disposition matched). Every data year of the unit is accounted for in pipelines/agent-harness/state/routing_verdicts.csv. Source component: Mediterranean Subnational.",
ITH5,juan-subnational,1866,1869,,ITA-1866-1870,high,"subnational vocabulary, agent-harness stage 1: the source reports this label as a reporting unit and this polity is the territory it names for these years (disposition matched). Every data year of the unit is accounted for in pipelines/agent-harness/state/routing_verdicts.csv. Source component: Mediterranean Subnational.",
ITH5,juan-subnational,1870,1918,,ITA-1870-1919,high,"subnational vocabulary, agent-harness stage 1: the source reports this label as a reporting unit and this polity is the territory it names for these years (disposition matched). Every data year of the unit is accounted for in pipelines/agent-harness/state/routing_verdicts.csv. Source component: Mediterranean Subnational.",
ITH5,juan-subnational,1919,1969,,ITA-1919-2025,high,"subnational vocabulary, agent-harness stage 1: the source reports this label as a reporting unit and this polity is the territory it names for these years (disposition matched). Every data year of the unit is accounted for in pipelines/agent-harness/state/routing_verdicts.csv. Source component: Mediterranean Subnational.",
ITH5,juan-subnational,1970,2023,,ITA-EMR-1970-2025,high,"subnational vocabulary, agent-harness stage 1: the source reports this label as a reporting unit and this polity is the territory it names for these years (disposition proposed). Every data year of the unit is accounted for in pipelines/agent-harness/state/routing_verdicts.csv. Source component: Mediterranean Subnational.",
ITI1,juan-subnational,1861,2023,,ITA-ITI1-1861-2025,high,"subnational vocabulary, agent-harness stage 1: the source reports this label as a reporting unit and this polity is the territory it names for these years (disposition proposed). Every data year of the unit is accounted for in pipelines/agent-harness/state/routing_verdicts.csv. Source component: Mediterranean Subnational.",
ITI2,juan-subnational,1861,1865,,ITA-1861-1866,medium,"subnational vocabulary, agent-harness stage 1: the source reports this label as a reporting unit and this polity is the territory it names for these years (disposition matched). Every data year of the unit is accounted for in pipelines/agent-harness/state/routing_verdicts.csv. Source component: Mediterranean Subnational.",
ITI2,juan-subnational,1866,1869,,ITA-1866-1870,medium,"subnational vocabulary, agent-harness stage 1: the source reports this label as a reporting unit and this polity is the territory it names for these years (disposition matched). Every data year of the unit is accounted for in pipelines/agent-harness/state/routing_verdicts.csv. Source component: Mediterranean Subnational.",
ITI2,juan-subnational,1870,1918,,ITA-1870-1919,medium,"subnational vocabulary, agent-harness stage 1: the source reports this label as a reporting unit and this polity is the territory it names for these years (disposition matched). Every data year of the unit is accounted for in pipelines/agent-harness/state/routing_verdicts.csv. Source component: Mediterranean Subnational.",
ITI2,juan-subnational,1919,1969,,ITA-1919-2025,medium,"subnational vocabulary, agent-harness stage 1: the source reports this label as a reporting unit and this polity is the territory it names for these years (disposition matched). Every data year of the unit is accounted for in pipelines/agent-harness/state/routing_verdicts.csv. Source component: Mediterranean Subnational.",
ITI2,juan-subnational,1970,2023,,ITA-ITI2-1970-2025,medium,"subnational vocabulary, agent-harness stage 1: the source reports this label as a reporting unit and this polity is the territory it names for these years (disposition proposed). Every data year of the unit is accounted for in pipelines/agent-harness/state/routing_verdicts.csv. Source component: Mediterranean Subnational.",
ITI3,juan-subnational,1861,2023,,ITA-MAR-1861-2025,high,"subnational vocabulary, agent-harness stage 1: the source reports this label as a reporting unit and this polity is the territory it names for these years (disposition proposed). Every data year of the unit is accounted for in pipelines/agent-harness/state/routing_verdicts.csv. Source component: Mediterranean Subnational.",
ITI4,juan-subnational,1861,1865,,ITA-1861-1866,high,"subnational vocabulary, agent-harness stage 1: the source reports this label as a reporting unit and this polity is the territory it names for these years (disposition matched). Every data year of the unit is accounted for in pipelines/agent-harness/state/routing_verdicts.csv. Source component: Mediterranean Subnational.",
ITI4,juan-subnational,1866,1869,,ITA-1866-1870,high,"subnational vocabulary, agent-harness stage 1: the source reports this label as a reporting unit and this polity is the territory it names for these years (disposition matched). Every data year of the unit is accounted for in pipelines/agent-harness/state/routing_verdicts.csv. Source component: Mediterranean Subnational.",
ITI4,juan-subnational,1870,1918,,ITA-1870-1919,high,"subnational vocabulary, agent-harness stage 1: the source reports this label as a reporting unit and this polity is the territory it names for these years (disposition matched). Every data year of the unit is accounted for in pipelines/agent-harness/state/routing_verdicts.csv. Source component: Mediterranean Subnational.",
ITI4,juan-subnational,1919,1969,,ITA-1919-2025,high,"subnational vocabulary, agent-harness stage 1: the source reports this label as a reporting unit and this polity is the territory it names for these years (disposition matched). Every data year of the unit is accounted for in pipelines/agent-harness/state/routing_verdicts.csv. Source component: Mediterranean Subnational.",
ITI4,juan-subnational,1970,2023,,ITA-LAZ-1970-2025,high,"subnational vocabulary, agent-harness stage 1: the source reports this label as a reporting unit and this polity is the territory it names for these years (disposition proposed). Every data year of the unit is accounted for in pipelines/agent-harness/state/routing_verdicts.csv. Source component: Mediterranean Subnational.",
Aichi,juan-subnational,1883,2022,,JPN-AICHI-1871-2025,high,"subnational vocabulary, agent-harness stage 1: the source reports this label as a reporting unit and this polity is the territory it names for these years (disposition matched). Every data year of the unit is accounted for in pipelines/agent-harness/state/routing_verdicts.csv. Source component: Japan Prefectural Subnational.",
Akita,juan-subnational,1883,2022,,JPN-AKITA-1871-2025,high,"subnational vocabulary, agent-harness stage 1: the source reports this label as a reporting unit and this polity is the territory it names for these years (disposition matched). Every data year of the unit is accounted for in pipelines/agent-harness/state/routing_verdicts.csv. Source component: Japan Prefectural Subnational.",
Aomori,juan-subnational,1883,2022,,JPN-AOMORI-1871-2025,high,"subnational vocabulary, agent-harness stage 1: the source reports this label as a reporting unit and this polity is the territory it names for these years (disposition matched). Every data year of the unit is accounted for in pipelines/agent-harness/state/routing_verdicts.csv. Source component: Japan Prefectural Subnational.",
Chiba,juan-subnational,1883,2022,,JPN-CHIBA-1871-2025,high,"subnational vocabulary, agent-harness stage 1: the source reports this label as a reporting unit and this polity is the territory it names for these years (disposition matched). Every data year of the unit is accounted for in pipelines/agent-harness/state/routing_verdicts.csv. Source component: Japan Prefectural Subnational.",
Ehime,juan-subnational,1883,2022,,JPN-EHIME-1871-2025,high,"subnational vocabulary, agent-harness stage 1: the source reports this label as a reporting unit and this polity is the territory it names for these years (disposition matched). Every data year of the unit is accounted for in pipelines/agent-harness/state/routing_verdicts.csv. Source component: Japan Prefectural Subnational.",
Fukui,juan-subnational,1883,2022,,JPN-FUKUI-1871-2025,high,"subnational vocabulary, agent-harness stage 1: the source reports this label as a reporting unit and this polity is the territory it names for these years (disposition matched). Every data year of the unit is accounted for in pipelines/agent-harness/state/routing_verdicts.csv. Source component: Japan Prefectural Subnational.",
Fukuoka,juan-subnational,1883,2022,,JPN-FUKUOKA-1871-2025,high,"subnational vocabulary, agent-harness stage 1: the source reports this label as a reporting unit and this polity is the territory it names for these years (disposition matched). Every data year of the unit is accounted for in pipelines/agent-harness/state/routing_verdicts.csv. Source component: Japan Prefectural Subnational.",
Fukushima,juan-subnational,1883,2022,,JPN-FUKUSHIMA-1871-2025,high,"subnational vocabulary, agent-harness stage 1: the source reports this label as a reporting unit and this polity is the territory it names for these years (disposition matched). Every data year of the unit is accounted for in pipelines/agent-harness/state/routing_verdicts.csv. Source component: Japan Prefectural Subnational.",
Gifu,juan-subnational,1883,2022,,JPN-GIFU-1871-2025,high,"subnational vocabulary, agent-harness stage 1: the source reports this label as a reporting unit and this polity is the territory it names for these years (disposition matched). Every data year of the unit is accounted for in pipelines/agent-harness/state/routing_verdicts.csv. Source component: Japan Prefectural Subnational.",
Gumma,juan-subnational,1883,2022,,JPN-GUMMA-1871-2025,high,"subnational vocabulary, agent-harness stage 1: the source reports this label as a reporting unit and this polity is the territory it names for these years (disposition matched). Every data year of the unit is accounted for in pipelines/agent-harness/state/routing_verdicts.csv. Source component: Japan Prefectural Subnational.",
Hiroshima,juan-subnational,1883,2022,,JPN-HIROSHIMA-1871-2025,high,"subnational vocabulary, agent-harness stage 1: the source reports this label as a reporting unit and this polity is the territory it names for these years (disposition matched). Every data year of the unit is accounted for in pipelines/agent-harness/state/routing_verdicts.csv. Source component: Japan Prefectural Subnational.",
Hokkaido,juan-subnational,1883,2022,,JPN-HOKKAIDO-1871-2025,high,"subnational vocabulary, agent-harness stage 1: the source reports this label as a reporting unit and this polity is the territory it names for these years (disposition matched). Every data year of the unit is accounted for in pipelines/agent-harness/state/routing_verdicts.csv. Source component: Japan Prefectural Subnational.",
Hyogo,juan-subnational,1883,2022,,JPN-HYOGO-1871-2025,high,"subnational vocabulary, agent-harness stage 1: the source reports this label as a reporting unit and this polity is the territory it names for these years (disposition matched). Every data year of the unit is accounted for in pipelines/agent-harness/state/routing_verdicts.csv. Source component: Japan Prefectural Subnational.",
Ibaraki,juan-subnational,1883,2022,,JPN-IBARAKI-1871-2025,high,"subnational vocabulary, agent-harness stage 1: the source reports this label as a reporting unit and this polity is the territory it names for these years (disposition matched). Every data year of the unit is accounted for in pipelines/agent-harness/state/routing_verdicts.csv. Source component: Japan Prefectural Subnational.",
Ishikawa,juan-subnational,1883,2022,,JPN-ISHIKAWA-1871-2025,high,"subnational vocabulary, agent-harness stage 1: the source reports this label as a reporting unit and this polity is the territory it names for these years (disposition matched). Every data year of the unit is accounted for in pipelines/agent-harness/state/routing_verdicts.csv. Source component: Japan Prefectural Subnational.",
Iwate,juan-subnational,1883,2022,,JPN-IWATE-1871-2025,high,"subnational vocabulary, agent-harness stage 1: the source reports this label as a reporting unit and this polity is the territory it names for these years (disposition matched). Every data year of the unit is accounted for in pipelines/agent-harness/state/routing_verdicts.csv. Source component: Japan Prefectural Subnational.",
Kagawa,juan-subnational,1883,2022,,JPN-KAGAWA-1871-2025,high,"subnational vocabulary, agent-harness stage 1: the source reports this label as a reporting unit and this polity is the territory it names for these years (disposition matched). Every data year of the unit is accounted for in pipelines/agent-harness/state/routing_verdicts.csv. Source component: Japan Prefectural Subnational.",
Kagoshima,juan-subnational,1883,2022,,JPN-KAGOSHIMA-1871-2025,high,"subnational vocabulary, agent-harness stage 1: the source reports this label as a reporting unit and this polity is the territory it names for these years (disposition matched). Every data year of the unit is accounted for in pipelines/agent-harness/state/routing_verdicts.csv. Source component: Japan Prefectural Subnational.",
Kanagawa,juan-subnational,1883,2022,,JPN-KANAGAWA-1871-2025,high,"subnational vocabulary, agent-harness stage 1: the source reports this label as a reporting unit and this polity is the territory it names for these years (disposition matched). Every data year of the unit is accounted for in pipelines/agent-harness/state/routing_verdicts.csv. Source component: Japan Prefectural Subnational.",
Kochi,juan-subnational,1883,2022,,JPN-KOCHI-1871-2025,high,"subnational vocabulary, agent-harness stage 1: the source reports this label as a reporting unit and this polity is the territory it names for these years (disposition matched). Every data year of the unit is accounted for in pipelines/agent-harness/state/routing_verdicts.csv. Source component: Japan Prefectural Subnational.",
Kumamoto,juan-subnational,1883,2022,,JPN-KUMAMOTO-1871-2025,high,"subnational vocabulary, agent-harness stage 1: the source reports this label as a reporting unit and this polity is the territory it names for these years (disposition matched). Every data year of the unit is accounted for in pipelines/agent-harness/state/routing_verdicts.csv. Source component: Japan Prefectural Subnational.",
Kyoto,juan-subnational,1883,2022,,JPN-KYOTO-1871-2025,high,"subnational vocabulary, agent-harness stage 1: the source reports this label as a reporting unit and this polity is the territory it names for these years (disposition matched). Every data year of the unit is accounted for in pipelines/agent-harness/state/routing_verdicts.csv. Source component: Japan Prefectural Subnational.",
Mie,juan-subnational,1883,2022,,JPN-MIE-1871-2025,high,"subnational vocabulary, agent-harness stage 1: the source reports this label as a reporting unit and this polity is the territory it names for these years (disposition matched). Every data year of the unit is accounted for in pipelines/agent-harness/state/routing_verdicts.csv. Source component: Japan Prefectural Subnational.",
Miyagi,juan-subnational,1883,2022,,JPN-MIYAGI-1871-2025,high,"subnational vocabulary, agent-harness stage 1: the source reports this label as a reporting unit and this polity is the territory it names for these years (disposition matched). Every data year of the unit is accounted for in pipelines/agent-harness/state/routing_verdicts.csv. Source component: Japan Prefectural Subnational.",
Miyazaki,juan-subnational,1883,2022,,JPN-MIYAZAKI-1871-2025,high,"subnational vocabulary, agent-harness stage 1: the source reports this label as a reporting unit and this polity is the territory it names for these years (disposition matched). Every data year of the unit is accounted for in pipelines/agent-harness/state/routing_verdicts.csv. Source component: Japan Prefectural Subnational.",
Nagano,juan-subnational,1883,2022,,JPN-NAGANO-1871-2025,high,"subnational vocabulary, agent-harness stage 1: the source reports this label as a reporting unit and this polity is the territory it names for these years (disposition matched). Every data year of the unit is accounted for in pipelines/agent-harness/state/routing_verdicts.csv. Source component: Japan Prefectural Subnational.",
Nagasaki,juan-subnational,1883,2022,,JPN-NAGASAKI-1871-2025,high,"subnational vocabulary, agent-harness stage 1: the source reports this label as a reporting unit and this polity is the territory it names for these years (disposition matched). Every data year of the unit is accounted for in pipelines/agent-harness/state/routing_verdicts.csv. Source component: Japan Prefectural Subnational.",
Nara,juan-subnational,1883,2022,,JPN-NARA-1871-2025,high,"subnational vocabulary, agent-harness stage 1: the source reports this label as a reporting unit and this polity is the territory it names for these years (disposition matched). Every data year of the unit is accounted for in pipelines/agent-harness/state/routing_verdicts.csv. Source component: Japan Prefectural Subnational.",
Niigata,juan-subnational,1883,2022,,JPN-NIIGATA-1871-2025,high,"subnational vocabulary, agent-harness stage 1: the source reports this label as a reporting unit and this polity is the territory it names for these years (disposition matched). Every data year of the unit is accounted for in pipelines/agent-harness/state/routing_verdicts.csv. Source component: Japan Prefectural Subnational.",
Oita,juan-subnational,1883,2022,,JPN-OITA-1871-2025,high,"subnational vocabulary, agent-harness stage 1: the source reports this label as a reporting unit and this polity is the territory it names for these years (disposition matched). Every data year of the unit is accounted for in pipelines/agent-harness/state/routing_verdicts.csv. Source component: Japan Prefectural Subnational.",
Okayama,juan-subnational,1883,2022,,JPN-OKAYAMA-1871-2025,high,"subnational vocabulary, agent-harness stage 1: the source reports this label as a reporting unit and this polity is the territory it names for these years (disposition matched). Every data year of the unit is accounted for in pipelines/agent-harness/state/routing_verdicts.csv. Source component: Japan Prefectural Subnational.",
Osaka,juan-subnational,1883,2022,,JPN-OSAKA-1871-2025,high,"subnational vocabulary, agent-harness stage 1: the source reports this label as a reporting unit and this polity is the territory it names for these years (disposition matched). Every data year of the unit is accounted for in pipelines/agent-harness/state/routing_verdicts.csv. Source component: Japan Prefectural Subnational.",
Saga,juan-subnational,1883,2022,,JPN-SAGA-1871-2025,high,"subnational vocabulary, agent-harness stage 1: the source reports this label as a reporting unit and this polity is the territory it names for these years (disposition matched). Every data year of the unit is accounted for in pipelines/agent-harness/state/routing_verdicts.csv. Source component: Japan Prefectural Subnational.",
Saitama,juan-subnational,1883,2022,,JPN-SAITAMA-1871-2025,high,"subnational vocabulary, agent-harness stage 1: the source reports this label as a reporting unit and this polity is the territory it names for these years (disposition matched). Every data year of the unit is accounted for in pipelines/agent-harness/state/routing_verdicts.csv. Source component: Japan Prefectural Subnational.",
Shiga,juan-subnational,1883,2022,,JPN-SHIGA-1871-2025,high,"subnational vocabulary, agent-harness stage 1: the source reports this label as a reporting unit and this polity is the territory it names for these years (disposition matched). Every data year of the unit is accounted for in pipelines/agent-harness/state/routing_verdicts.csv. Source component: Japan Prefectural Subnational.",
Shimane,juan-subnational,1883,2022,,JPN-SHIMANE-1871-2025,high,"subnational vocabulary, agent-harness stage 1: the source reports this label as a reporting unit and this polity is the territory it names for these years (disposition matched). Every data year of the unit is accounted for in pipelines/agent-harness/state/routing_verdicts.csv. Source component: Japan Prefectural Subnational.",
Shizuoka,juan-subnational,1883,2022,,JPN-SHIZUOKA-1871-2025,high,"subnational vocabulary, agent-harness stage 1: the source reports this label as a reporting unit and this polity is the territory it names for these years (disposition matched). Every data year of the unit is accounted for in pipelines/agent-harness/state/routing_verdicts.csv. Source component: Japan Prefectural Subnational.",
Tochigi,juan-subnational,1883,2022,,JPN-TOCHIGI-1871-2025,high,"subnational vocabulary, agent-harness stage 1: the source reports this label as a reporting unit and this polity is the territory it names for these years (disposition matched). Every data year of the unit is accounted for in pipelines/agent-harness/state/routing_verdicts.csv. Source component: Japan Prefectural Subnational.",
Tokushima,juan-subnational,1883,2022,,JPN-TOKUSHIMA-1871-2025,high,"subnational vocabulary, agent-harness stage 1: the source reports this label as a reporting unit and this polity is the territory it names for these years (disposition matched). Every data year of the unit is accounted for in pipelines/agent-harness/state/routing_verdicts.csv. Source component: Japan Prefectural Subnational.",
Tokyo,juan-subnational,1883,2022,,JPN-TOKYO-1871-2025,high,"subnational vocabulary, agent-harness stage 1: the source reports this label as a reporting unit and this polity is the territory it names for these years (disposition matched). Every data year of the unit is accounted for in pipelines/agent-harness/state/routing_verdicts.csv. Source component: Japan Prefectural Subnational.",
Tottori,juan-subnational,1883,2022,,JPN-TOTTORI-1871-2025,high,"subnational vocabulary, agent-harness stage 1: the source reports this label as a reporting unit and this polity is the territory it names for these years (disposition matched). Every data year of the unit is accounted for in pipelines/agent-harness/state/routing_verdicts.csv. Source component: Japan Prefectural Subnational.",
Toyama,juan-subnational,1883,2022,,JPN-TOYAMA-1871-2025,high,"subnational vocabulary, agent-harness stage 1: the source reports this label as a reporting unit and this polity is the territory it names for these years (disposition matched). Every data year of the unit is accounted for in pipelines/agent-harness/state/routing_verdicts.csv. Source component: Japan Prefectural Subnational.",
Wakayama,juan-subnational,1883,2022,,JPN-WAKAYAMA-1871-2025,high,"subnational vocabulary, agent-harness stage 1: the source reports this label as a reporting unit and this polity is the territory it names for these years (disposition matched). Every data year of the unit is accounted for in pipelines/agent-harness/state/routing_verdicts.csv. Source component: Japan Prefectural Subnational.",
Yamagata,juan-subnational,1883,2022,,JPN-YAMAGATA-1871-2025,high,"subnational vocabulary, agent-harness stage 1: the source reports this label as a reporting unit and this polity is the territory it names for these years (disposition matched). Every data year of the unit is accounted for in pipelines/agent-harness/state/routing_verdicts.csv. Source component: Japan Prefectural Subnational.",
Yamaguchi,juan-subnational,1883,2022,,JPN-YAMAGUCHI-1871-2025,high,"subnational vocabulary, agent-harness stage 1: the source reports this label as a reporting unit and this polity is the territory it names for these years (disposition matched). Every data year of the unit is accounted for in pipelines/agent-harness/state/routing_verdicts.csv. Source component: Japan Prefectural Subnational.",
Yamanashi,juan-subnational,1883,2022,,JPN-YAMANASHI-1871-2025,high,"subnational vocabulary, agent-harness stage 1: the source reports this label as a reporting unit and this polity is the territory it names for these years (disposition matched). Every data year of the unit is accounted for in pipelines/agent-harness/state/routing_verdicts.csv. Source component: Japan Prefectural Subnational.",
Aguascalientes,juan-subnational,1900,2023,,MEX-AGS-1857-2025,medium,"subnational vocabulary, agent-harness stage 1: the source reports this label as a reporting unit and this polity is the territory it names for these years (disposition proposed). Every data year of the unit is accounted for in pipelines/agent-harness/state/routing_verdicts.csv. Source component: LatAm Subnational.",
Baja California,juan-subnational,1900,1951,,MEX-1848-2025,high,"subnational vocabulary, agent-harness stage 1: the source reports this label as a reporting unit and this polity is the territory it names for these years (disposition matched). Every data year of the unit is accounted for in pipelines/agent-harness/state/routing_verdicts.csv. Source component: LatAm Subnational.",
Baja California,juan-subnational,1952,2023,,MEX-BCN-1952-2025,high,"subnational vocabulary, agent-harness stage 1: the source reports this label as a reporting unit and this polity is the territory it names for these years (disposition proposed). Every data year of the unit is accounted for in pipelines/agent-harness/state/routing_verdicts.csv. Source component: LatAm Subnational.",
Baja California Sur,juan-subnational,1931,2023,,MEX-BCS-1931-2025,medium,"subnational vocabulary, agent-harness stage 1: the source reports this label as a reporting unit and this polity is the territory it names for these years (disposition proposed). Every data year of the unit is accounted for in pipelines/agent-harness/state/routing_verdicts.csv. Source component: LatAm Subnational.",
Campeche,juan-subnational,1900,2023,,MEX-CAM-1863-2025,medium,"subnational vocabulary, agent-harness stage 1: the source reports this label as a reporting unit and this polity is the territory it names for these years (disposition proposed). Every data year of the unit is accounted for in pipelines/agent-harness/state/routing_verdicts.csv. Source component: LatAm Subnational.",
Chiapas,juan-subnational,1900,2023,,MEX-CHIAPAS-1824-2025,medium,"subnational vocabulary, agent-harness stage 1: the source reports this label as a reporting unit and this polity is the territory it names for these years (disposition proposed). Every data year of the unit is accounted for in pipelines/agent-harness/state/routing_verdicts.csv. Source component: LatAm Subnational.",
Chihuahua,juan-subnational,1900,2023,,MEX-CHIHUAHUA-1824-2025,medium,"subnational vocabulary, agent-harness stage 1: the source reports this label as a reporting unit and this polity is the territory it names for these years (disposition proposed). Every data year of the unit is accounted for in pipelines/agent-harness/state/routing_verdicts.csv. Source component: LatAm Subnational.",
Ciudad de México,juan-subnational,1900,2023,,MEX-CMX-1824-2025,medium,"subnational vocabulary, agent-harness stage 1: the source reports this label as a reporting unit and this polity is the territory it names for these years (disposition proposed). Every data year of the unit is accounted for in pipelines/agent-harness/state/routing_verdicts.csv. Source component: LatAm Subnational.",
Coahuila,juan-subnational,1900,2023,,MEX-COAH-1824-2025,medium,"subnational vocabulary, agent-harness stage 1: the source reports this label as a reporting unit and this polity is the territory it names for these years (disposition proposed). Every data year of the unit is accounted for in pipelines/agent-harness/state/routing_verdicts.csv. Source component: LatAm Subnational.",
Colima,juan-subnational,1900,2023,,MEX-COL-1857-2025,medium,"subnational vocabulary, agent-harness stage 1: the source reports this label as a reporting unit and this polity is the territory it names for these years (disposition proposed). Every data year of the unit is accounted for in pipelines/agent-harness/state/routing_verdicts.csv. Source component: LatAm Subnational.",
Durango,juan-subnational,1900,2023,,MEX-DGO-1824-2025,medium,"subnational vocabulary, agent-harness stage 1: the source reports this label as a reporting unit and this polity is the territory it names for these years (disposition proposed). Every data year of the unit is accounted for in pipelines/agent-harness/state/routing_verdicts.csv. Source component: LatAm Subnational.",
Guanajuato,juan-subnational,1900,2023,,MEX-GUANAJUATO-1824-2025,high,"subnational vocabulary, agent-harness stage 1: the source reports this label as a reporting unit and this polity is the territory it names for these years (disposition proposed). Every data year of the unit is accounted for in pipelines/agent-harness/state/routing_verdicts.csv. Source component: LatAm Subnational.",
Guerrero,juan-subnational,1900,2023,,MEX-GUE-1849-2025,medium,"subnational vocabulary, agent-harness stage 1: the source reports this label as a reporting unit and this polity is the territory it names for these years (disposition proposed). Every data year of the unit is accounted for in pipelines/agent-harness/state/routing_verdicts.csv. Source component: LatAm Subnational.",
Hidalgo,juan-subnational,1900,2023,,MEX-HIDALGO-1869-2025,medium,"subnational vocabulary, agent-harness stage 1: the source reports this label as a reporting unit and this polity is the territory it names for these years (disposition proposed). Every data year of the unit is accounted for in pipelines/agent-harness/state/routing_verdicts.csv. Source component: LatAm Subnational.",
Jalisco,juan-subnational,1900,2023,,MEX-JALISCO-1824-2025,high,"subnational vocabulary, agent-harness stage 1: the source reports this label as a reporting unit and this polity is the territory it names for these years (disposition proposed). Every data year of the unit is accounted for in pipelines/agent-harness/state/routing_verdicts.csv. Source component: LatAm Subnational.",
Estado de México,juan-subnational,1900,2023,,MEX-MEX-1824-2025,medium,"subnational vocabulary, agent-harness stage 1: the source reports this label as a reporting unit and this polity is the territory it names for these years (disposition proposed). Every data year of the unit is accounted for in pipelines/agent-harness/state/routing_verdicts.csv. Source component: LatAm Subnational.",
Michoacán,juan-subnational,1900,2023,,MEX-MICHOACAN-1824-2025,high,"subnational vocabulary, agent-harness stage 1: the source reports this label as a reporting unit and this polity is the territory it names for these years (disposition proposed). Every data year of the unit is accounted for in pipelines/agent-harness/state/routing_verdicts.csv. Source component: LatAm Subnational.",
Morelos,juan-subnational,1900,2023,,MEX-MOR-1869-2025,medium,"subnational vocabulary, agent-harness stage 1: the source reports this label as a reporting unit and this polity is the territory it names for these years (disposition proposed). Every data year of the unit is accounted for in pipelines/agent-harness/state/routing_verdicts.csv. Source component: LatAm Subnational.",
Nayarit,juan-subnational,1917,2023,,MEX-NAYARIT-1917-2025,medium,"subnational vocabulary, agent-harness stage 1: the source reports this label as a reporting unit and this polity is the territory it names for these years (disposition proposed). Every data year of the unit is accounted for in pipelines/agent-harness/state/routing_verdicts.csv. Source component: LatAm Subnational.",
Nuevo León,juan-subnational,1900,2023,,MEX-NL-1824-2025,medium,"subnational vocabulary, agent-harness stage 1: the source reports this label as a reporting unit and this polity is the territory it names for these years (disposition proposed). Every data year of the unit is accounted for in pipelines/agent-harness/state/routing_verdicts.csv. Source component: LatAm Subnational.",
Oaxaca,juan-subnational,1900,2023,,MEX-OAXACA-1824-2025,medium,"subnational vocabulary, agent-harness stage 1: the source reports this label as a reporting unit and this polity is the territory it names for these years (disposition proposed). Every data year of the unit is accounted for in pipelines/agent-harness/state/routing_verdicts.csv. Source component: LatAm Subnational.",
Puebla,juan-subnational,1900,2023,,MEX-PUE-1824-2025,high,"subnational vocabulary, agent-harness stage 1: the source reports this label as a reporting unit and this polity is the territory it names for these years (disposition proposed). Every data year of the unit is accounted for in pipelines/agent-harness/state/routing_verdicts.csv. Source component: LatAm Subnational.",
Querétaro,juan-subnational,1900,2023,,MEX-QUERETARO-1824-2025,medium,"subnational vocabulary, agent-harness stage 1: the source reports this label as a reporting unit and this polity is the territory it names for these years (disposition proposed). Every data year of the unit is accounted for in pipelines/agent-harness/state/routing_verdicts.csv. Source component: LatAm Subnational.",
Quintana Roo,juan-subnational,1902,2023,,MEX-QROO-1902-2025,medium,"subnational vocabulary, agent-harness stage 1: the source reports this label as a reporting unit and this polity is the territory it names for these years (disposition proposed). Every data year of the unit is accounted for in pipelines/agent-harness/state/routing_verdicts.csv. Source component: LatAm Subnational.",
San Luis Potosí,juan-subnational,1900,2023,,MEX-SANLUISPOTOSI-1824-2025,medium,"subnational vocabulary, agent-harness stage 1: the source reports this label as a reporting unit and this polity is the territory it names for these years (disposition proposed). Every data year of the unit is accounted for in pipelines/agent-harness/state/routing_verdicts.csv. Source component: LatAm Subnational.",
Sinaloa,juan-subnational,1900,2023,,MEX-SIN-1830-2025,medium,"subnational vocabulary, agent-harness stage 1: the source reports this label as a reporting unit and this polity is the territory it names for these years (disposition proposed). Every data year of the unit is accounted for in pipelines/agent-harness/state/routing_verdicts.csv. Source component: LatAm Subnational.",
Sonora,juan-subnational,1900,2023,,MEX-SON-1830-2025,medium,"subnational vocabulary, agent-harness stage 1: the source reports this label as a reporting unit and this polity is the territory it names for these years (disposition proposed). Every data year of the unit is accounted for in pipelines/agent-harness/state/routing_verdicts.csv. Source component: LatAm Subnational.",
Tabasco,juan-subnational,1900,2023,,MEX-TABASCO-1824-2025,medium,"subnational vocabulary, agent-harness stage 1: the source reports this label as a reporting unit and this polity is the territory it names for these years (disposition proposed). Every data year of the unit is accounted for in pipelines/agent-harness/state/routing_verdicts.csv. Source component: LatAm Subnational.",
Tamaulipas,juan-subnational,1900,2023,,MEX-TAMAULIPAS-1824-2025,medium,"subnational vocabulary, agent-harness stage 1: the source reports this label as a reporting unit and this polity is the territory it names for these years (disposition proposed). Every data year of the unit is accounted for in pipelines/agent-harness/state/routing_verdicts.csv. Source component: LatAm Subnational.",
Tlaxcala,juan-subnational,1900,2023,,MEX-TLAX-1857-2025,medium,"subnational vocabulary, agent-harness stage 1: the source reports this label as a reporting unit and this polity is the territory it names for these years (disposition proposed). Every data year of the unit is accounted for in pipelines/agent-harness/state/routing_verdicts.csv. Source component: LatAm Subnational.",
Veracruz,juan-subnational,1900,2023,,MEX-VERACRUZ-1824-2025,medium,"subnational vocabulary, agent-harness stage 1: the source reports this label as a reporting unit and this polity is the territory it names for these years (disposition proposed). Every data year of the unit is accounted for in pipelines/agent-harness/state/routing_verdicts.csv. Source component: LatAm Subnational.",
Yucatán,juan-subnational,1900,2023,,MEX-YUC-1824-2025,medium,"subnational vocabulary, agent-harness stage 1: the source reports this label as a reporting unit and this polity is the territory it names for these years (disposition proposed). Every data year of the unit is accounted for in pipelines/agent-harness/state/routing_verdicts.csv. Source component: LatAm Subnational.",
Zacatecas,juan-subnational,1900,2023,,MEX-ZAC-1824-2025,medium,"subnational vocabulary, agent-harness stage 1: the source reports this label as a reporting unit and this polity is the territory it names for these years (disposition proposed). Every data year of the unit is accounted for in pipelines/agent-harness/state/routing_verdicts.csv. Source component: LatAm Subnational.",
PT11,juan-subnational,1989,2020,,PRT-PT11-1986-2025,high,"subnational vocabulary, agent-harness stage 1: the source reports this label as a reporting unit and this polity is the territory it names for these years (disposition proposed). Every data year of the unit is accounted for in pipelines/agent-harness/state/routing_verdicts.csv. Source component: Mediterranean Subnational.",
PT15,juan-subnational,1986,2020,,PRT-PT15-1986-2025,medium,"subnational vocabulary, agent-harness stage 1: the source reports this label as a reporting unit and this polity is the territory it names for these years (disposition proposed). Every data year of the unit is accounted for in pipelines/agent-harness/state/routing_verdicts.csv. Source component: Mediterranean Subnational.",
PT16,juan-subnational,1989,2020,,PRT-CENTRO-1986-2025,high,"subnational vocabulary, agent-harness stage 1: the source reports this label as a reporting unit and this polity is the territory it names for these years (disposition proposed). Every data year of the unit is accounted for in pipelines/agent-harness/state/routing_verdicts.csv. Source component: Mediterranean Subnational.",
PT17,juan-subnational,1870,2020,,PRT-LIS-1835-2025,medium,"subnational vocabulary, agent-harness stage 1: the source reports this label as a reporting unit and this polity is the territory it names for these years (disposition proposed). Every data year of the unit is accounted for in pipelines/agent-harness/state/routing_verdicts.csv. Source component: Mediterranean Subnational.",
PT18,juan-subnational,1989,2020,,PRT-ALE-1989-2025,medium,"subnational vocabulary, agent-harness stage 1: the source reports this label as a reporting unit and this polity is the territory it names for these years (disposition proposed). Every data year of the unit is accounted for in pipelines/agent-harness/state/routing_verdicts.csv. Source component: Mediterranean Subnational.",
PT_AV,juan-subnational,1880,2023,,PRT-AV-1835-2025,high,"subnational vocabulary, agent-harness stage 1: the source reports this label as a reporting unit and this polity is the territory it names for these years (disposition proposed). Every data year of the unit is accounted for in pipelines/agent-harness/state/routing_verdicts.csv. Source component: Mediterranean Subnational.",
PT_BG,juan-subnational,1989,2023,,PRT-BG-1835-2025,high,"subnational vocabulary, agent-harness stage 1: the source reports this label as a reporting unit and this polity is the territory it names for these years (disposition proposed). Every data year of the unit is accounted for in pipelines/agent-harness/state/routing_verdicts.csv. Source component: Mediterranean Subnational.",
PT_BJ,juan-subnational,1989,2023,,PRT-BJ-1986-2025,medium,"subnational vocabulary, agent-harness stage 1: the source reports this label as a reporting unit and this polity is the territory it names for these years (disposition proposed). Every data year of the unit is accounted for in pipelines/agent-harness/state/routing_verdicts.csv. Source component: Mediterranean Subnational.",
PT_BR,juan-subnational,1989,2023,,PRT-BRA-1986-2025,high,"subnational vocabulary, agent-harness stage 1: the source reports this label as a reporting unit and this polity is the territory it names for these years (disposition proposed). Every data year of the unit is accounted for in pipelines/agent-harness/state/routing_verdicts.csv. Source component: Mediterranean Subnational.",
PT_CB,juan-subnational,1880,2023,,PRT-CB-1835-2025,medium,"subnational vocabulary, agent-harness stage 1: the source reports this label as a reporting unit and this polity is the territory it names for these years (disposition proposed). Every data year of the unit is accounted for in pipelines/agent-harness/state/routing_verdicts.csv. Source component: Mediterranean Subnational.",
PT_CO,juan-subnational,1880,2023,,PRT-CO-1835-2025,medium,"subnational vocabulary, agent-harness stage 1: the source reports this label as a reporting unit and this polity is the territory it names for these years (disposition proposed). Every data year of the unit is accounted for in pipelines/agent-harness/state/routing_verdicts.csv. Source component: Mediterranean Subnational.",
PT_EV,juan-subnational,1989,2023,,PRT-EV-1989-2025,high,"subnational vocabulary, agent-harness stage 1: the source reports this label as a reporting unit and this polity is the territory it names for these years (disposition proposed). Every data year of the unit is accounted for in pipelines/agent-harness/state/routing_verdicts.csv. Source component: Mediterranean Subnational.",
PT_FA,juan-subnational,1880,1988,,PRT-1800-2025,medium,"subnational vocabulary, agent-harness stage 1: the source reports this label as a reporting unit and this polity is the territory it names for these years (disposition matched). Every data year of the unit is accounted for in pipelines/agent-harness/state/routing_verdicts.csv. Source component: Mediterranean Subnational.",
PT_FA,juan-subnational,1989,2023,,PRT-FA-1989-2025,medium,"subnational vocabulary, agent-harness stage 1: the source reports this label as a reporting unit and this polity is the territory it names for these years (disposition proposed). Every data year of the unit is accounted for in pipelines/agent-harness/state/routing_verdicts.csv. Source component: Mediterranean Subnational.",
PT_GU,juan-subnational,1880,2023,,PRT-GU-1835-2025,medium,"subnational vocabulary, agent-harness stage 1: the source reports this label as a reporting unit and this polity is the territory it names for these years (disposition proposed). Every data year of the unit is accounted for in pipelines/agent-harness/state/routing_verdicts.csv. Source component: Mediterranean Subnational.",
PT_LE,juan-subnational,1880,2023,,PRT-LE-1835-2025,medium,"subnational vocabulary, agent-harness stage 1: the source reports this label as a reporting unit and this polity is the territory it names for these years (disposition proposed). Every data year of the unit is accounted for in pipelines/agent-harness/state/routing_verdicts.csv. Source component: Mediterranean Subnational.",
PT_LI,juan-subnational,1880,2023,,PRT-LI-1835-2025,medium,"subnational vocabulary, agent-harness stage 1: the source reports this label as a reporting unit and this polity is the territory it names for these years (disposition proposed). Every data year of the unit is accounted for in pipelines/agent-harness/state/routing_verdicts.csv. Source component: Mediterranean Subnational.",
PT_PG,juan-subnational,1989,2023,,PRT-PG-1986-2025,high,"subnational vocabulary, agent-harness stage 1: the source reports this label as a reporting unit and this polity is the territory it names for these years (disposition proposed). Every data year of the unit is accounted for in pipelines/agent-harness/state/routing_verdicts.csv. Source component: Mediterranean Subnational.",
PT_PO,juan-subnational,1880,2023,,PRT-PO-1835-2025,medium,"subnational vocabulary, agent-harness stage 1: the source reports this label as a reporting unit and this polity is the territory it names for these years (disposition proposed). Every data year of the unit is accounted for in pipelines/agent-harness/state/routing_verdicts.csv. Source component: Mediterranean Subnational.",
PT_SA,juan-subnational,1989,2023,,PRT-SA-1989-2025,high,"subnational vocabulary, agent-harness stage 1: the source reports this label as a reporting unit and this polity is the territory it names for these years (disposition proposed). Every data year of the unit is accounted for in pipelines/agent-harness/state/routing_verdicts.csv. Source component: Mediterranean Subnational.",
PT_SE,juan-subnational,1989,2023,,PRT-SE-1989-2025,high,"subnational vocabulary, agent-harness stage 1: the source reports this label as a reporting unit and this polity is the territory it names for these years (disposition proposed). Every data year of the unit is accounted for in pipelines/agent-harness/state/routing_verdicts.csv. Source component: Mediterranean Subnational.",
PT_VC,juan-subnational,1880,2023,,PRT-VC-1835-2025,medium,"subnational vocabulary, agent-harness stage 1: the source reports this label as a reporting unit and this polity is the territory it names for these years (disposition proposed). Every data year of the unit is accounted for in pipelines/agent-harness/state/routing_verdicts.csv. Source component: Mediterranean Subnational.",
PT_VI,juan-subnational,1880,2023,,PRT-VI-1835-2025,medium,"subnational vocabulary, agent-harness stage 1: the source reports this label as a reporting unit and this polity is the territory it names for these years (disposition proposed). Every data year of the unit is accounted for in pipelines/agent-harness/state/routing_verdicts.csv. Source component: Mediterranean Subnational.",
PT_VR,juan-subnational,1989,2023,,PRT-VR-1989-2025,medium,"subnational vocabulary, agent-harness stage 1: the source reports this label as a reporting unit and this polity is the territory it names for these years (disposition proposed). Every data year of the unit is accounted for in pipelines/agent-harness/state/routing_verdicts.csv. Source component: Mediterranean Subnational.",
ALABAMA,juan-subnational,1866,2024,,USA-AL-1819-2025,high,"subnational vocabulary, agent-harness stage 1: the source reports this label as a reporting unit and this polity is the territory it names for these years (disposition proposed). Every data year of the unit is accounted for in pipelines/agent-harness/state/routing_verdicts.csv. Source component: USDA NASS Subnational. Clipped from 1866-2025 to the target's own span: an alias may not route years to a polity that did not exist then, so the earlier years stay unaliased rather than being misattributed.",
ARIZONA,juan-subnational,1882,2024,,USA-AZ-1863-2025,medium,"subnational vocabulary, agent-harness stage 1: the source reports this label as a reporting unit and this polity is the territory it names for these years (disposition proposed). Every data year of the unit is accounted for in pipelines/agent-harness/state/routing_verdicts.csv. Source component: USDA NASS Subnational. Clipped from 1882-2026 to the target's own span: an alias may not route years to a polity that did not exist then, so the earlier years stay unaliased rather than being misattributed.",
ARKANSAS,juan-subnational,1866,2024,,USA-AR-1836-2025,high,"subnational vocabulary, agent-harness stage 1: the source reports this label as a reporting unit and this polity is the territory it names for these years (disposition proposed). Every data year of the unit is accounted for in pipelines/agent-harness/state/routing_verdicts.csv. Source component: USDA NASS Subnational. Clipped from 1866-2025 to the target's own span: an alias may not route years to a polity that did not exist then, so the earlier years stay unaliased rather than being misattributed.",
COLORADO,juan-subnational,1876,2024,,USA-CO-1876-2025,high,"subnational vocabulary, agent-harness stage 1: the source reports this label as a reporting unit and this polity is the territory it names for these years (disposition proposed). Every data year of the unit is accounted for in pipelines/agent-harness/state/routing_verdicts.csv. Source component: USDA NASS Subnational. Clipped from 1876-2025 to the target's own span: an alias may not route years to a polity that did not exist then, so the earlier years stay unaliased rather than being misattributed.",
CONNECTICUT,juan-subnational,1866,2024,,USA-CT-1800-2025,high,"subnational vocabulary, agent-harness stage 1: the source reports this label as a reporting unit and this polity is the territory it names for these years (disposition proposed). Every data year of the unit is accounted for in pipelines/agent-harness/state/routing_verdicts.csv. Source component: USDA NASS Subnational. Clipped from 1866-2025 to the target's own span: an alias may not route years to a polity that did not exist then, so the earlier years stay unaliased rather than being misattributed.",
DELAWARE,juan-subnational,1866,2024,,USA-DE-1800-2025,high,"subnational vocabulary, agent-harness stage 1: the source reports this label as a reporting unit and this polity is the territory it names for these years (disposition proposed). Every data year of the unit is accounted for in pipelines/agent-harness/state/routing_verdicts.csv. Source component: USDA NASS Subnational. Clipped from 1866-2025 to the target's own span: an alias may not route years to a polity that did not exist then, so the earlier years stay unaliased rather than being misattributed.",
FLORIDA,juan-subnational,1866,2024,,USA-FL-1845-2025,high,"subnational vocabulary, agent-harness stage 1: the source reports this label as a reporting unit and this polity is the territory it names for these years (disposition proposed). Every data year of the unit is accounted for in pipelines/agent-harness/state/routing_verdicts.csv. Source component: USDA NASS Subnational. Clipped from 1866-2026 to the target's own span: an alias may not route years to a polity that did not exist then, so the earlier years stay unaliased rather than being misattributed.",
Georgia,juan-subnational,1866,2024,,USA-GA-1800-2025,high,"subnational vocabulary, agent-harness stage 1: the source reports this label as a reporting unit and this polity is the territory it names for these years (disposition proposed). Every data year of the unit is accounted for in pipelines/agent-harness/state/routing_verdicts.csv. Source component: USDA NASS Subnational. Clipped from 1866-2025 to the target's own span: an alias may not route years to a polity that did not exist then, so the earlier years stay unaliased rather than being misattributed.",
US Hawaii,juan-subnational,1959,2024,,HAW-1959-2025,high,"subnational vocabulary, agent-harness stage 1: the source reports this label as a reporting unit and this polity is the territory it names for these years (disposition proposed). Every data year of the unit is accounted for in pipelines/agent-harness/state/routing_verdicts.csv. Source component: USDA NASS Subnational. Clipped from 1959-2025 to the target's own span: an alias may not route years to a polity that did not exist then, so the earlier years stay unaliased rather than being misattributed.",
IDAHO,juan-subnational,1890,2024,,USA-ID-1890-2025,high,"subnational vocabulary, agent-harness stage 1: the source reports this label as a reporting unit and this polity is the territory it names for these years (disposition proposed). Every data year of the unit is accounted for in pipelines/agent-harness/state/routing_verdicts.csv. Source component: USDA NASS Subnational. Clipped from 1879-2025 to the target's own span: an alias may not route years to a polity that did not exist then, so the earlier years stay unaliased rather than being misattributed.",
ILLINOIS,juan-subnational,1866,2024,,USA-IL-1818-2025,high,"subnational vocabulary, agent-harness stage 1: the source reports this label as a reporting unit and this polity is the territory it names for these years (disposition proposed). Every data year of the unit is accounted for in pipelines/agent-harness/state/routing_verdicts.csv. Source component: USDA NASS Subnational. Clipped from 1866-2025 to the target's own span: an alias may not route years to a polity that did not exist then, so the earlier years stay unaliased rather than being misattributed.",
INDIANA,juan-subnational,1866,2024,,USA-IN-1816-2025,high,"subnational vocabulary, agent-harness stage 1: the source reports this label as a reporting unit and this polity is the territory it names for these years (disposition proposed). Every data year of the unit is accounted for in pipelines/agent-harness/state/routing_verdicts.csv. Source component: USDA NASS Subnational. Clipped from 1866-2025 to the target's own span: an alias may not route years to a polity that did not exist then, so the earlier years stay unaliased rather than being misattributed.",
IOWA,juan-subnational,1866,2024,,USA-IA-1846-2025,high,"subnational vocabulary, agent-harness stage 1: the source reports this label as a reporting unit and this polity is the territory it names for these years (disposition proposed). Every data year of the unit is accounted for in pipelines/agent-harness/state/routing_verdicts.csv. Source component: USDA NASS Subnational. Clipped from 1866-2025 to the target's own span: an alias may not route years to a polity that did not exist then, so the earlier years stay unaliased rather than being misattributed.",
KANSAS,juan-subnational,1866,2024,,USA-KS-1861-2025,high,"subnational vocabulary, agent-harness stage 1: the source reports this label as a reporting unit and this polity is the territory it names for these years (disposition proposed). Every data year of the unit is accounted for in pipelines/agent-harness/state/routing_verdicts.csv. Source component: USDA NASS Subnational. Clipped from 1866-2025 to the target's own span: an alias may not route years to a polity that did not exist then, so the earlier years stay unaliased rather than being misattributed.",
KENTUCKY,juan-subnational,1866,2024,,USA-KY-1800-2025,high,"subnational vocabulary, agent-harness stage 1: the source reports this label as a reporting unit and this polity is the territory it names for these years (disposition proposed). Every data year of the unit is accounted for in pipelines/agent-harness/state/routing_verdicts.csv. Source component: USDA NASS Subnational. Clipped from 1866-2025 to the target's own span: an alias may not route years to a polity that did not exist then, so the earlier years stay unaliased rather than being misattributed.",
LOUISIANA,juan-subnational,1866,2024,,USA-LA-1812-2025,medium,"subnational vocabulary, agent-harness stage 1: the source reports this label as a reporting unit and this polity is the territory it names for these years (disposition proposed). Every data year of the unit is accounted for in pipelines/agent-harness/state/routing_verdicts.csv. Source component: USDA NASS Subnational. Clipped from 1866-2025 to the target's own span: an alias may not route years to a polity that did not exist then, so the earlier years stay unaliased rather than being misattributed.",
MAINE,juan-subnational,1866,2024,,USA-ME-1820-2025,high,"subnational vocabulary, agent-harness stage 1: the source reports this label as a reporting unit and this polity is the territory it names for these years (disposition proposed). Every data year of the unit is accounted for in pipelines/agent-harness/state/routing_verdicts.csv. Source component: USDA NASS Subnational. Clipped from 1866-2025 to the target's own span: an alias may not route years to a polity that did not exist then, so the earlier years stay unaliased rather than being misattributed.",
MARYLAND,juan-subnational,1866,2024,,USA-MD-1800-2025,medium,"subnational vocabulary, agent-harness stage 1: the source reports this label as a reporting unit and this polity is the territory it names for these years (disposition proposed). Every data year of the unit is accounted for in pipelines/agent-harness/state/routing_verdicts.csv. Source component: USDA NASS Subnational. Clipped from 1866-2025 to the target's own span: an alias may not route years to a polity that did not exist then, so the earlier years stay unaliased rather than being misattributed.",
MASSACHUSETTS,juan-subnational,1866,2024,,USA-MA-1800-2025,medium,"subnational vocabulary, agent-harness stage 1: the source reports this label as a reporting unit and this polity is the territory it names for these years (disposition proposed). Every data year of the unit is accounted for in pipelines/agent-harness/state/routing_verdicts.csv. Source component: USDA NASS Subnational. Clipped from 1866-2025 to the target's own span: an alias may not route years to a polity that did not exist then, so the earlier years stay unaliased rather than being misattributed.",
MICHIGAN,juan-subnational,1866,2024,,USA-MI-1837-2025,high,"subnational vocabulary, agent-harness stage 1: the source reports this label as a reporting unit and this polity is the territory it names for these years (disposition proposed). Every data year of the unit is accounted for in pipelines/agent-harness/state/routing_verdicts.csv. Source component: USDA NASS Subnational. Clipped from 1866-2025 to the target's own span: an alias may not route years to a polity that did not exist then, so the earlier years stay unaliased rather than being misattributed.",
MINNESOTA,juan-subnational,1866,2024,,USA-MN-1858-2025,high,"subnational vocabulary, agent-harness stage 1: the source reports this label as a reporting unit and this polity is the territory it names for these years (disposition proposed). Every data year of the unit is accounted for in pipelines/agent-harness/state/routing_verdicts.csv. Source component: USDA NASS Subnational. Clipped from 1866-2025 to the target's own span: an alias may not route years to a polity that did not exist then, so the earlier years stay unaliased rather than being misattributed.",
MISSISSIPPI,juan-subnational,1866,2024,,USA-MS-1817-2025,high,"subnational vocabulary, agent-harness stage 1: the source reports this label as a reporting unit and this polity is the territory it names for these years (disposition proposed). Every data year of the unit is accounted for in pipelines/agent-harness/state/routing_verdicts.csv. Source component: USDA NASS Subnational. Clipped from 1866-2025 to the target's own span: an alias may not route years to a polity that did not exist then, so the earlier years stay unaliased rather than being misattributed.",
MISSOURI,juan-subnational,1866,2024,,USA-MO-1821-2025,high,"subnational vocabulary, agent-harness stage 1: the source reports this label as a reporting unit and this polity is the territory it names for these years (disposition proposed). Every data year of the unit is accounted for in pipelines/agent-harness/state/routing_verdicts.csv. Source component: USDA NASS Subnational. Clipped from 1866-2025 to the target's own span: an alias may not route years to a polity that did not exist then, so the earlier years stay unaliased rather than being misattributed.",
MONTANA,juan-subnational,1889,2024,,USA-MT-1889-2025,high,"subnational vocabulary, agent-harness stage 1: the source reports this label as a reporting unit and this polity is the territory it names for these years (disposition proposed). Every data year of the unit is accounted for in pipelines/agent-harness/state/routing_verdicts.csv. Source component: USDA NASS Subnational. Clipped from 1889-2025 to the target's own span: an alias may not route years to a polity that did not exist then, so the earlier years stay unaliased rather than being misattributed.",
NEBRASKA,juan-subnational,1867,2024,,USA-NE-1867-2025,high,"subnational vocabulary, agent-harness stage 1: the source reports this label as a reporting unit and this polity is the territory it names for these years (disposition proposed). Every data year of the unit is accounted for in pipelines/agent-harness/state/routing_verdicts.csv. Source component: USDA NASS Subnational. Clipped from 1867-2025 to the target's own span: an alias may not route years to a polity that did not exist then, so the earlier years stay unaliased rather than being misattributed.",
NEVADA,juan-subnational,1870,2024,,USA-NV-1864-2025,high,"subnational vocabulary, agent-harness stage 1: the source reports this label as a reporting unit and this polity is the territory it names for these years (disposition proposed). Every data year of the unit is accounted for in pipelines/agent-harness/state/routing_verdicts.csv. Source component: USDA NASS Subnational. Clipped from 1870-2025 to the target's own span: an alias may not route years to a polity that did not exist then, so the earlier years stay unaliased rather than being misattributed.",
NEW HAMPSHIRE,juan-subnational,1866,2024,,USA-NH-1800-2025,high,"subnational vocabulary, agent-harness stage 1: the source reports this label as a reporting unit and this polity is the territory it names for these years (disposition proposed). Every data year of the unit is accounted for in pipelines/agent-harness/state/routing_verdicts.csv. Source component: USDA NASS Subnational. Clipped from 1866-2025 to the target's own span: an alias may not route years to a polity that did not exist then, so the earlier years stay unaliased rather than being misattributed.",
NEW JERSEY,juan-subnational,1866,2024,,USA-NJ-1800-2025,high,"subnational vocabulary, agent-harness stage 1: the source reports this label as a reporting unit and this polity is the territory it names for these years (disposition proposed). Every data year of the unit is accounted for in pipelines/agent-harness/state/routing_verdicts.csv. Source component: USDA NASS Subnational. Clipped from 1866-2025 to the target's own span: an alias may not route years to a polity that did not exist then, so the earlier years stay unaliased rather than being misattributed.",
NEW YORK,juan-subnational,1866,2024,,USA-NY-1800-2025,high,"subnational vocabulary, agent-harness stage 1: the source reports this label as a reporting unit and this polity is the territory it names for these years (disposition proposed). Every data year of the unit is accounted for in pipelines/agent-harness/state/routing_verdicts.csv. Source component: USDA NASS Subnational. Clipped from 1866-2025 to the target's own span: an alias may not route years to a polity that did not exist then, so the earlier years stay unaliased rather than being misattributed.",
NORTH CAROLINA,juan-subnational,1866,2024,,USA-NC-1800-2025,medium,"subnational vocabulary, agent-harness stage 1: the source reports this label as a reporting unit and this polity is the territory it names for these years (disposition proposed). Every data year of the unit is accounted for in pipelines/agent-harness/state/routing_verdicts.csv. Source component: USDA NASS Subnational. Clipped from 1866-2025 to the target's own span: an alias may not route years to a polity that did not exist then, so the earlier years stay unaliased rather than being misattributed.",
OHIO,juan-subnational,1866,2024,,USA-OH-1803-2025,high,"subnational vocabulary, agent-harness stage 1: the source reports this label as a reporting unit and this polity is the territory it names for these years (disposition proposed). Every data year of the unit is accounted for in pipelines/agent-harness/state/routing_verdicts.csv. Source component: USDA NASS Subnational. Clipped from 1866-2025 to the target's own span: an alias may not route years to a polity that did not exist then, so the earlier years stay unaliased rather than being misattributed.",
OKLAHOMA,juan-subnational,1907,2024,,USA-OK-1907-2025,high,"subnational vocabulary, agent-harness stage 1: the source reports this label as a reporting unit and this polity is the territory it names for these years (disposition proposed). Every data year of the unit is accounted for in pipelines/agent-harness/state/routing_verdicts.csv. Source component: USDA NASS Subnational. Clipped from 1894-2025 to the target's own span: an alias may not route years to a polity that did not exist then, so the earlier years stay unaliased rather than being misattributed.",
OREGON,juan-subnational,1869,2024,,USA-OR-1859-2025,high,"subnational vocabulary, agent-harness stage 1: the source reports this label as a reporting unit and this polity is the territory it names for these years (disposition proposed). Every data year of the unit is accounted for in pipelines/agent-harness/state/routing_verdicts.csv. Source component: USDA NASS Subnational. Clipped from 1869-2025 to the target's own span: an alias may not route years to a polity that did not exist then, so the earlier years stay unaliased rather than being misattributed.",
PENNSYLVANIA,juan-subnational,1866,2024,,USA-PA-1800-2025,high,"subnational vocabulary, agent-harness stage 1: the source reports this label as a reporting unit and this polity is the territory it names for these years (disposition proposed). Every data year of the unit is accounted for in pipelines/agent-harness/state/routing_verdicts.csv. Source component: USDA NASS Subnational. Clipped from 1866-2025 to the target's own span: an alias may not route years to a polity that did not exist then, so the earlier years stay unaliased rather than being misattributed.",
RHODE ISLAND,juan-subnational,1866,2024,,USA-RI-1790-2025,high,"subnational vocabulary, agent-harness stage 1: the source reports this label as a reporting unit and this polity is the territory it names for these years (disposition proposed). Every data year of the unit is accounted for in pipelines/agent-harness/state/routing_verdicts.csv. Source component: USDA NASS Subnational. Clipped from 1866-2025 to the target's own span: an alias may not route years to a polity that did not exist then, so the earlier years stay unaliased rather than being misattributed.",
SOUTH CAROLINA,juan-subnational,1866,2024,,USA-SC-1800-2025,high,"subnational vocabulary, agent-harness stage 1: the source reports this label as a reporting unit and this polity is the territory it names for these years (disposition proposed). Every data year of the unit is accounted for in pipelines/agent-harness/state/routing_verdicts.csv. Source component: USDA NASS Subnational. Clipped from 1866-2025 to the target's own span: an alias may not route years to a polity that did not exist then, so the earlier years stay unaliased rather than being misattributed.",
SOUTH DAKOTA,juan-subnational,1889,2024,,USA-SOUTHDAKOTA-1889-2025,high,"subnational vocabulary, agent-harness stage 1: the source reports this label as a reporting unit and this polity is the territory it names for these years (disposition proposed). Every data year of the unit is accounted for in pipelines/agent-harness/state/routing_verdicts.csv. Source component: USDA NASS Subnational. Clipped from 1879-2025 to the target's own span: an alias may not route years to a polity that did not exist then, so the earlier years stay unaliased rather than being misattributed.",
TENNESSEE,juan-subnational,1866,2024,,USA-TN-1800-2025,high,"subnational vocabulary, agent-harness stage 1: the source reports this label as a reporting unit and this polity is the territory it names for these years (disposition proposed). Every data year of the unit is accounted for in pipelines/agent-harness/state/routing_verdicts.csv. Source component: USDA NASS Subnational. Clipped from 1866-2025 to the target's own span: an alias may not route years to a polity that did not exist then, so the earlier years stay unaliased rather than being misattributed.",
TEXAS,juan-subnational,1866,2024,,USA-TX-1845-2025,high,"subnational vocabulary, agent-harness stage 1: the source reports this label as a reporting unit and this polity is the territory it names for these years (disposition proposed). Every data year of the unit is accounted for in pipelines/agent-harness/state/routing_verdicts.csv. Source component: USDA NASS Subnational. Clipped from 1866-2025 to the target's own span: an alias may not route years to a polity that did not exist then, so the earlier years stay unaliased rather than being misattributed.",
UTAH,juan-subnational,1896,2024,,USA-UTAH-1896-2025,high,"subnational vocabulary, agent-harness stage 1: the source reports this label as a reporting unit and this polity is the territory it names for these years (disposition proposed). Every data year of the unit is accounted for in pipelines/agent-harness/state/routing_verdicts.csv. Source component: USDA NASS Subnational. Clipped from 1896-2025 to the target's own span: an alias may not route years to a polity that did not exist then, so the earlier years stay unaliased rather than being misattributed.",
VERMONT,juan-subnational,1866,2024,,USA-VT-1800-2025,high,"subnational vocabulary, agent-harness stage 1: the source reports this label as a reporting unit and this polity is the territory it names for these years (disposition proposed). Every data year of the unit is accounted for in pipelines/agent-harness/state/routing_verdicts.csv. Source component: USDA NASS Subnational. Clipped from 1866-2025 to the target's own span: an alias may not route years to a polity that did not exist then, so the earlier years stay unaliased rather than being misattributed.",
VIRGINIA,juan-subnational,1866,2024,,USA-VA-1800-2025,high,"subnational vocabulary, agent-harness stage 1: the source reports this label as a reporting unit and this polity is the territory it names for these years (disposition proposed). Every data year of the unit is accounted for in pipelines/agent-harness/state/routing_verdicts.csv. Source component: USDA NASS Subnational. Clipped from 1866-2025 to the target's own span: an alias may not route years to a polity that did not exist then, so the earlier years stay unaliased rather than being misattributed.",
WASHINGTON,juan-subnational,1889,2024,,USA-WA-1889-2025,high,"subnational vocabulary, agent-harness stage 1: the source reports this label as a reporting unit and this polity is the territory it names for these years (disposition proposed). Every data year of the unit is accounted for in pipelines/agent-harness/state/routing_verdicts.csv. Source component: USDA NASS Subnational. Clipped from 1879-2025 to the target's own span: an alias may not route years to a polity that did not exist then, so the earlier years stay unaliased rather than being misattributed.",
WEST VIRGINIA,juan-subnational,1866,2024,,USA-WV-1863-2025,high,"subnational vocabulary, agent-harness stage 1: the source reports this label as a reporting unit and this polity is the territory it names for these years (disposition proposed). Every data year of the unit is accounted for in pipelines/agent-harness/state/routing_verdicts.csv. Source component: USDA NASS Subnational. Clipped from 1866-2025 to the target's own span: an alias may not route years to a polity that did not exist then, so the earlier years stay unaliased rather than being misattributed.",
WISCONSIN,juan-subnational,1866,2024,,USA-WI-1848-2025,high,"subnational vocabulary, agent-harness stage 1: the source reports this label as a reporting unit and this polity is the territory it names for these years (disposition proposed). Every data year of the unit is accounted for in pipelines/agent-harness/state/routing_verdicts.csv. Source component: USDA NASS Subnational. Clipped from 1866-2025 to the target's own span: an alias may not route years to a polity that did not exist then, so the earlier years stay unaliased rather than being misattributed.",
WYOMING,juan-subnational,1890,2024,,USA-WY-1890-2025,high,"subnational vocabulary, agent-harness stage 1: the source reports this label as a reporting unit and this polity is the territory it names for these years (disposition proposed). Every data year of the unit is accounted for in pipelines/agent-harness/state/routing_verdicts.csv. Source component: USDA NASS Subnational. Clipped from 1890-2025 to the target's own span: an alias may not route years to a polity that did not exist then, so the earlier years stay unaliased rather than being misattributed.",
Venezuela,juan-subnational,1900,2023,,VEN-1821-2025,high,"subnational vocabulary, agent-harness stage 1: the source reports this label as a reporting unit and this polity is the territory it names for these years (disposition matched). Every data year of the unit is accounted for in pipelines/agent-harness/state/routing_verdicts.csv. Source component: LatAm Subnational.",
ARG-BUENOSAIRES,whep-lab-latam,1900,2023,,ARG-BA-1853-2025,high,"subnational vocabulary, scoped to the code system rather than the dataset so an identifier that collides across systems cannot be mismatched. The label is the form this source actually carries (a unit name), taken from admin_name_clean. Disposition proposed.",
ARG-CABA,whep-lab-latam,1900,2023,,ARG-CF-1880-2025,high,"subnational vocabulary, scoped to the code system rather than the dataset so an identifier that collides across systems cannot be mismatched. The label is the form this source actually carries (a unit name), taken from admin_name_clean. Disposition proposed.",
ARG-CATAMARCA,whep-lab-latam,1900,2023,,ARG-CAT-1853-2025,high,"subnational vocabulary, scoped to the code system rather than the dataset so an identifier that collides across systems cannot be mismatched. The label is the form this source actually carries (a unit name), taken from admin_name_clean. Disposition proposed.",
ARG-CHACO,whep-lab-latam,1900,1950,,ARG-CHACO-1884-1951,high,"subnational vocabulary, scoped to the code system rather than the dataset so an identifier that collides across systems cannot be mismatched. The label is the form this source actually carries (a unit name), taken from admin_name_clean. Disposition proposed.",
ARG-CHUBUT,whep-lab-latam,1900,2023,,ARG-CHUBUT-1884-2025,medium,"subnational vocabulary, scoped to the code system rather than the dataset so an identifier that collides across systems cannot be mismatched. The label is the form this source actually carries (a unit name), taken from admin_name_clean. Disposition proposed.",
ARG-CORDOBA,whep-lab-latam,1900,2023,,ARG-CORDOBA-1853-2025,high,"subnational vocabulary, scoped to the code system rather than the dataset so an identifier that collides across systems cannot be mismatched. The label is the form this source actually carries (a unit name), taken from admin_name_clean. Disposition proposed.",
ARG-CORRIENTES,whep-lab-latam,1900,2023,,ARG-CORRIENTES-1853-2025,high,"subnational vocabulary, scoped to the code system rather than the dataset so an identifier that collides across systems cannot be mismatched. The label is the form this source actually carries (a unit name), taken from admin_name_clean. Disposition proposed.",
ARG-ENTRERIOS,whep-lab-latam,1900,2023,,ARG-ER-1853-2025,high,"subnational vocabulary, scoped to the code system rather than the dataset so an identifier that collides across systems cannot be mismatched. The label is the form this source actually carries (a unit name), taken from admin_name_clean. Disposition proposed.",
ARG-FORMOSA,whep-lab-latam,1900,1954,,ARG-FORMOSA-1900-1955,medium,"subnational vocabulary, scoped to the code system rather than the dataset so an identifier that collides across systems cannot be mismatched. The label is the form this source actually carries (a unit name), taken from admin_name_clean. Disposition proposed.",
ARG-JUJUY,whep-lab-latam,1900,2023,,ARG-JUJUY-1853-2025,high,"subnational vocabulary, scoped to the code system rather than the dataset so an identifier that collides across systems cannot be mismatched. The label is the form this source actually carries (a unit name), taken from admin_name_clean. Disposition proposed.",
ARG-LAPAMPA,whep-lab-latam,1951,2023,,ARG-LAPAMPA-1951-2025,medium,"subnational vocabulary, scoped to the code system rather than the dataset so an identifier that collides across systems cannot be mismatched. The label is the form this source actually carries (a unit name), taken from admin_name_clean. Disposition proposed.",
ARG-LARIOJA,whep-lab-latam,1900,2023,,ARG-LARIOJA-1853-2025,high,"subnational vocabulary, scoped to the code system rather than the dataset so an identifier that collides across systems cannot be mismatched. The label is the form this source actually carries (a unit name), taken from admin_name_clean. Disposition proposed.",
ARG-MENDOZA,whep-lab-latam,1900,2023,,ARG-MENDOZA-1853-2025,high,"subnational vocabulary, scoped to the code system rather than the dataset so an identifier that collides across systems cannot be mismatched. The label is the form this source actually carries (a unit name), taken from admin_name_clean. Disposition proposed.",
ARG-MISIONES,whep-lab-latam,1900,2023,,ARG-MISIONES-1881-2025,medium,"subnational vocabulary, scoped to the code system rather than the dataset so an identifier that collides across systems cannot be mismatched. The label is the form this source actually carries (a unit name), taken from admin_name_clean. Disposition proposed.",
ARG-NEUQUEN,whep-lab-latam,1900,2023,,ARG-NEUQUEN-1884-2025,medium,"subnational vocabulary, scoped to the code system rather than the dataset so an identifier that collides across systems cannot be mismatched. The label is the form this source actually carries (a unit name), taken from admin_name_clean. Disposition proposed.",
ARG-RIONEGRO,whep-lab-latam,1900,2023,,ARG-RIONEGRO-1884-2025,high,"subnational vocabulary, scoped to the code system rather than the dataset so an identifier that collides across systems cannot be mismatched. The label is the form this source actually carries (a unit name), taken from admin_name_clean. Disposition proposed.",
ARG-SALTA,whep-lab-latam,1900,2023,,ARG-SALTA-1853-2025,high,"subnational vocabulary, scoped to the code system rather than the dataset so an identifier that collides across systems cannot be mismatched. The label is the form this source actually carries (a unit name), taken from admin_name_clean. Disposition proposed.",
ARG-SANJUAN,whep-lab-latam,1900,2023,,ARG-SANJUAN-1853-2025,high,"subnational vocabulary, scoped to the code system rather than the dataset so an identifier that collides across systems cannot be mismatched. The label is the form this source actually carries (a unit name), taken from admin_name_clean. Disposition proposed.",
ARG-SANLUIS,whep-lab-latam,1900,2023,,ARG-SANLUIS-1853-2025,medium,"subnational vocabulary, scoped to the code system rather than the dataset so an identifier that collides across systems cannot be mismatched. The label is the form this source actually carries (a unit name), taken from admin_name_clean. Disposition proposed.",
ARG-SANTACRUZ,whep-lab-latam,1955,2023,,ARG-SANTACRUZ-1955-2025,high,"subnational vocabulary, scoped to the code system rather than the dataset so an identifier that collides across systems cannot be mismatched. The label is the form this source actually carries (a unit name), taken from admin_name_clean. Disposition proposed.",
ARG-SANTAFE,whep-lab-latam,1900,2023,,ARG-SANTAFE-1853-2025,high,"subnational vocabulary, scoped to the code system rather than the dataset so an identifier that collides across systems cannot be mismatched. The label is the form this source actually carries (a unit name), taken from admin_name_clean. Disposition proposed.",
ARG-SANTIAGODELESTERO,whep-lab-latam,1900,2023,,ARG-SANTIAGODELESTERO-1853-2025,high,"subnational vocabulary, scoped to the code system rather than the dataset so an identifier that collides across systems cannot be mismatched. The label is the form this source actually carries (a unit name), taken from admin_name_clean. Disposition proposed.",
ARG-TIERRADELFUEGO,whep-lab-latam,1900,2023,,ARG-TIERRADELFUEGO-1884-2025,medium,"subnational vocabulary, scoped to the code system rather than the dataset so an identifier that collides across systems cannot be mismatched. The label is the form this source actually carries (a unit name), taken from admin_name_clean. Disposition proposed.",
ARG-TUCUMAN,whep-lab-latam,1900,2023,,ARG-TUCUMAN-1853-2025,high,"subnational vocabulary, scoped to the code system rather than the dataset so an identifier that collides across systems cannot be mismatched. The label is the form this source actually carries (a unit name), taken from admin_name_clean. Disposition proposed.",
AUS-AUSTRALIANCAPITALT,whep-lab-australia,1911,2022,,AUS-ACT-1911-2025,high,"subnational vocabulary, scoped to the code system rather than the dataset so an identifier that collides across systems cannot be mismatched. The label is the form this source actually carries (a unit name), taken from admin_name_clean. Disposition proposed.",
AUS-NEWSOUTHWALES,whep-lab-australia,1860,1899,,NSW-1800-1900,medium,"subnational vocabulary, scoped to the code system rather than the dataset so an identifier that collides across systems cannot be mismatched. The label is the form this source actually carries (a unit name), taken from admin_name_clean. Disposition matched.",
AUS-NEWSOUTHWALES,whep-lab-australia,1901,2022,,AUS-NSW-1901-2025,medium,"subnational vocabulary, scoped to the code system rather than the dataset so an identifier that collides across systems cannot be mismatched. The label is the form this source actually carries (a unit name), taken from admin_name_clean. Disposition proposed.",
AUS-NORTHERNTERRITORY,whep-lab-australia,1880,1899,,AUSA-1836-1900,medium,"subnational vocabulary, scoped to the code system rather than the dataset so an identifier that collides across systems cannot be mismatched. The label is the form this source actually carries (a unit name), taken from admin_name_clean. Disposition matched.",
AUS-NORTHERNTERRITORY,whep-lab-australia,1911,2022,,AUS-NT-1911-2025,medium,"subnational vocabulary, scoped to the code system rather than the dataset so an identifier that collides across systems cannot be mismatched. The label is the form this source actually carries (a unit name), taken from admin_name_clean. Disposition proposed.",
AUS-QUEENSLAND,whep-lab-australia,1860,1899,,QUE-1859-1900,medium,"subnational vocabulary, scoped to the code system rather than the dataset so an identifier that collides across systems cannot be mismatched. The label is the form this source actually carries (a unit name), taken from admin_name_clean. Disposition matched.",
AUS-SOUTHAUSTRALIA,whep-lab-australia,1860,1899,,AUSA-1836-1900,high,"subnational vocabulary, scoped to the code system rather than the dataset so an identifier that collides across systems cannot be mismatched. The label is the form this source actually carries (a unit name), taken from admin_name_clean. Disposition matched.",
AUS-SOUTHAUSTRALIA,whep-lab-australia,1901,2022,,AUS-SA-1901-2025,high,"subnational vocabulary, scoped to the code system rather than the dataset so an identifier that collides across systems cannot be mismatched. The label is the form this source actually carries (a unit name), taken from admin_name_clean. Disposition proposed.",
AUS-TASMANIA,whep-lab-australia,1860,1899,,TAS-1825-1900,high,"subnational vocabulary, scoped to the code system rather than the dataset so an identifier that collides across systems cannot be mismatched. The label is the form this source actually carries (a unit name), taken from admin_name_clean. Disposition matched.",
AUS-TASMANIA,whep-lab-australia,1901,2022,,AUS-TAS-1901-2025,high,"subnational vocabulary, scoped to the code system rather than the dataset so an identifier that collides across systems cannot be mismatched. The label is the form this source actually carries (a unit name), taken from admin_name_clean. Disposition proposed.",
AUS-VICTORIA,whep-lab-australia,1860,1899,,VIC-1851-1900,medium,"subnational vocabulary, scoped to the code system rather than the dataset so an identifier that collides across systems cannot be mismatched. The label is the form this source actually carries (a unit name), taken from admin_name_clean. Disposition matched.",
AUS-WESTERNAUSTRALIA,whep-lab-australia,1860,1899,,AUWA-1829-1900,medium,"subnational vocabulary, scoped to the code system rather than the dataset so an identifier that collides across systems cannot be mismatched. The label is the form this source actually carries (a unit name), taken from admin_name_clean. Disposition matched.",
AUS-WESTERNAUSTRALIA,whep-lab-australia,1901,2022,,AUS-WA-1901-2025,medium,"subnational vocabulary, scoped to the code system rather than the dataset so an identifier that collides across systems cannot be mismatched. The label is the form this source actually carries (a unit name), taken from admin_name_clean. Disposition proposed.",
BRA-ALAGOAS,whep-lab-latam,1900,2023,,BRA-ALAGOAS-1889-2025,high,"subnational vocabulary, scoped to the code system rather than the dataset so an identifier that collides across systems cannot be mismatched. The label is the form this source actually carries (a unit name), taken from admin_name_clean. Disposition proposed.",
BRA-AMAPA,whep-lab-latam,1943,2023,,BRA-AMAPA-1943-2025,high,"subnational vocabulary, scoped to the code system rather than the dataset so an identifier that collides across systems cannot be mismatched. The label is the form this source actually carries (a unit name), taken from admin_name_clean. Disposition proposed.",
BRA-AMAZONAS,whep-lab-latam,1900,2024,,BRA-AMAZONAS-1889-2025,high,"subnational vocabulary, scoped to the code system rather than the dataset so an identifier that collides across systems cannot be mismatched. The label is the form this source actually carries (a unit name), taken from admin_name_clean. Disposition proposed.",
BRA-BAHIA,whep-lab-latam,1900,2023,,BRA-BAHIA-1889-2025,high,"subnational vocabulary, scoped to the code system rather than the dataset so an identifier that collides across systems cannot be mismatched. The label is the form this source actually carries (a unit name), taken from admin_name_clean. Disposition proposed.",
BRA-CEARA,whep-lab-latam,1900,2023,,BRA-CE-1889-2025,high,"subnational vocabulary, scoped to the code system rather than the dataset so an identifier that collides across systems cannot be mismatched. The label is the form this source actually carries (a unit name), taken from admin_name_clean. Disposition proposed.",
BRA-DISTRITOFEDERAL,whep-lab-latam,1960,2022,,BRA-DF-1960-2023,medium,"subnational vocabulary, scoped to the code system rather than the dataset so an identifier that collides across systems cannot be mismatched. The label is the form this source actually carries (a unit name), taken from admin_name_clean. Disposition proposed.",
BRA-ESPIRITOSANTO,whep-lab-latam,1900,2023,,BRA-ES-1889-2025,high,"subnational vocabulary, scoped to the code system rather than the dataset so an identifier that collides across systems cannot be mismatched. The label is the form this source actually carries (a unit name), taken from admin_name_clean. Disposition proposed.",
BRA-GOIAS,whep-lab-latam,1900,2023,,BRA-GOIAS-1889-2025,high,"subnational vocabulary, scoped to the code system rather than the dataset so an identifier that collides across systems cannot be mismatched. The label is the form this source actually carries (a unit name), taken from admin_name_clean. Disposition proposed.",
BRA-MARANHAO,whep-lab-latam,1900,2023,,BRA-MARANHAO-1889-2025,high,"subnational vocabulary, scoped to the code system rather than the dataset so an identifier that collides across systems cannot be mismatched. The label is the form this source actually carries (a unit name), taken from admin_name_clean. Disposition proposed.",
BRA-MATOGROSSO,whep-lab-latam,1900,2023,,BRA-MATOGROSSO-1889-2025,high,"subnational vocabulary, scoped to the code system rather than the dataset so an identifier that collides across systems cannot be mismatched. The label is the form this source actually carries (a unit name), taken from admin_name_clean. Disposition proposed.",
BRA-MATOGROSSODOSUL,whep-lab-latam,1977,2023,,BRA-MS-1977-2025,medium,"subnational vocabulary, scoped to the code system rather than the dataset so an identifier that collides across systems cannot be mismatched. The label is the form this source actually carries (a unit name), taken from admin_name_clean. Disposition proposed.",
BRA-MINASGERAIS,whep-lab-latam,1900,2023,,BRA-MINASGERAIS-1889-2025,high,"subnational vocabulary, scoped to the code system rather than the dataset so an identifier that collides across systems cannot be mismatched. The label is the form this source actually carries (a unit name), taken from admin_name_clean. Disposition proposed.",
BRA-PARA,whep-lab-latam,1900,2023,,BRA-PARA-1889-2025,high,"subnational vocabulary, scoped to the code system rather than the dataset so an identifier that collides across systems cannot be mismatched. The label is the form this source actually carries (a unit name), taken from admin_name_clean. Disposition proposed.",
BRA-PARAIBA,whep-lab-latam,1900,2023,,BRA-PARAIBA-1889-2025,high,"subnational vocabulary, scoped to the code system rather than the dataset so an identifier that collides across systems cannot be mismatched. The label is the form this source actually carries (a unit name), taken from admin_name_clean. Disposition proposed.",
BRA-PARANA,whep-lab-latam,1900,2023,,BRA-PARANA-1889-2025,high,"subnational vocabulary, scoped to the code system rather than the dataset so an identifier that collides across systems cannot be mismatched. The label is the form this source actually carries (a unit name), taken from admin_name_clean. Disposition proposed.",
BRA-PERNAMBUCO,whep-lab-latam,1900,2023,,BRA-PERNAMBUCO-1889-2025,high,"subnational vocabulary, scoped to the code system rather than the dataset so an identifier that collides across systems cannot be mismatched. The label is the form this source actually carries (a unit name), taken from admin_name_clean. Disposition proposed.",
BRA-PIAUI,whep-lab-latam,1900,2023,,BRA-PIAUI-1889-2025,high,"subnational vocabulary, scoped to the code system rather than the dataset so an identifier that collides across systems cannot be mismatched. The label is the form this source actually carries (a unit name), taken from admin_name_clean. Disposition proposed.",
BRA-RIODEJANEIRO,whep-lab-latam,1900,2023,,BRA-RIODEJANEIRO-1889-2025,high,"subnational vocabulary, scoped to the code system rather than the dataset so an identifier that collides across systems cannot be mismatched. The label is the form this source actually carries (a unit name), taken from admin_name_clean. Disposition proposed.",
BRA-RIOGRANDEDONORTE,whep-lab-latam,1900,2023,,BRA-RN-1889-2025,high,"subnational vocabulary, scoped to the code system rather than the dataset so an identifier that collides across systems cannot be mismatched. The label is the form this source actually carries (a unit name), taken from admin_name_clean. Disposition proposed.",
BRA-RIOGRANDEDOSUL,whep-lab-latam,1900,2023,,BRA-RIOGRANDEDOSUL-1889-2025,high,"subnational vocabulary, scoped to the code system rather than the dataset so an identifier that collides across systems cannot be mismatched. The label is the form this source actually carries (a unit name), taken from admin_name_clean. Disposition proposed.",
BRA-RONDONIA,whep-lab-latam,1943,2023,,BRA-RONDONIA-1943-2025,medium,"subnational vocabulary, scoped to the code system rather than the dataset so an identifier that collides across systems cannot be mismatched. The label is the form this source actually carries (a unit name), taken from admin_name_clean. Disposition proposed.",
BRA-SANTACATARINA,whep-lab-latam,1900,2023,,BRA-SANTACATARINA-1889-2025,high,"subnational vocabulary, scoped to the code system rather than the dataset so an identifier that collides across systems cannot be mismatched. The label is the form this source actually carries (a unit name), taken from admin_name_clean. Disposition proposed.",
BRA-SAOPAULO,whep-lab-latam,1900,2023,,BRA-SAOPAULO-1889-2025,high,"subnational vocabulary, scoped to the code system rather than the dataset so an identifier that collides across systems cannot be mismatched. The label is the form this source actually carries (a unit name), taken from admin_name_clean. Disposition proposed.",
BRA-SERGIPE,whep-lab-latam,1900,2023,,BRA-SERGIPE-1889-2025,high,"subnational vocabulary, scoped to the code system rather than the dataset so an identifier that collides across systems cannot be mismatched. The label is the form this source actually carries (a unit name), taken from admin_name_clean. Disposition proposed.",
CHL-AI,whep-lab-latam,1976,2023,,CHL-AI-1976-2025,high,"subnational vocabulary, scoped to the code system rather than the dataset so an identifier that collides across systems cannot be mismatched. The label is the form this source actually carries (a unit name), taken from admin_name_clean. Disposition proposed.",
CHL-AN,whep-lab-latam,1976,2023,,CHL-AN-1976-2025,high,"subnational vocabulary, scoped to the code system rather than the dataset so an identifier that collides across systems cannot be mismatched. The label is the form this source actually carries (a unit name), taken from admin_name_clean. Disposition proposed.",
CHL-AP,whep-lab-latam,2007,2023,,CHL-AP-2007-2025,medium,"subnational vocabulary, scoped to the code system rather than the dataset so an identifier that collides across systems cannot be mismatched. The label is the form this source actually carries (a unit name), taken from admin_name_clean. Disposition proposed.",
CHL-AR,whep-lab-latam,1976,2023,,CHL-AR-1976-2025,medium,"subnational vocabulary, scoped to the code system rather than the dataset so an identifier that collides across systems cannot be mismatched. The label is the form this source actually carries (a unit name), taken from admin_name_clean. Disposition proposed.",
CHL-BI,whep-lab-latam,1976,2023,,CHL-BI-1976-2025,medium,"subnational vocabulary, scoped to the code system rather than the dataset so an identifier that collides across systems cannot be mismatched. The label is the form this source actually carries (a unit name), taken from admin_name_clean. Disposition proposed.",
CHL-CO,whep-lab-latam,1976,2023,,CHL-CO-1976-2025,high,"subnational vocabulary, scoped to the code system rather than the dataset so an identifier that collides across systems cannot be mismatched. The label is the form this source actually carries (a unit name), taken from admin_name_clean. Disposition proposed.",
CHL-LI,whep-lab-latam,1976,2023,,CHL-LI-1976-2025,high,"subnational vocabulary, scoped to the code system rather than the dataset so an identifier that collides across systems cannot be mismatched. The label is the form this source actually carries (a unit name), taken from admin_name_clean. Disposition proposed.",
CHL-LR,whep-lab-latam,2007,2023,,CHL-LR-2007-2025,medium,"subnational vocabulary, scoped to the code system rather than the dataset so an identifier that collides across systems cannot be mismatched. The label is the form this source actually carries (a unit name), taken from admin_name_clean. Disposition proposed.",
CHL-MA,whep-lab-latam,1976,2023,,CHL-MA-1976-2025,medium,"subnational vocabulary, scoped to the code system rather than the dataset so an identifier that collides across systems cannot be mismatched. The label is the form this source actually carries (a unit name), taken from admin_name_clean. Disposition proposed.",
CHL-ML,whep-lab-latam,1976,2023,,CHL-ML-1976-2025,high,"subnational vocabulary, scoped to the code system rather than the dataset so an identifier that collides across systems cannot be mismatched. The label is the form this source actually carries (a unit name), taken from admin_name_clean. Disposition proposed.",
CHL-NB,whep-lab-latam,2018,2023,,CHL-NB-2018-2025,medium,"subnational vocabulary, scoped to the code system rather than the dataset so an identifier that collides across systems cannot be mismatched. The label is the form this source actually carries (a unit name), taken from admin_name_clean. Disposition proposed.",
CHL-RM,whep-lab-latam,1976,2023,,CHL-RM-1976-2025,medium,"subnational vocabulary, scoped to the code system rather than the dataset so an identifier that collides across systems cannot be mismatched. The label is the form this source actually carries (a unit name), taken from admin_name_clean. Disposition proposed.",
CHL-TA,whep-lab-latam,1976,2023,,CHL-TA-1976-2025,medium,"subnational vocabulary, scoped to the code system rather than the dataset so an identifier that collides across systems cannot be mismatched. The label is the form this source actually carries (a unit name), taken from admin_name_clean. Disposition proposed.",
CHL-VS,whep-lab-latam,1976,2023,,CHL-VS-1976-2025,medium,"subnational vocabulary, scoped to the code system rather than the dataset so an identifier that collides across systems cannot be mismatched. The label is the form this source actually carries (a unit name), taken from admin_name_clean. Disposition proposed.",
COL-AMAZONAS,whep-lab-latam,1991,2023,,COL-AMA-1991-2025,high,"subnational vocabulary, scoped to the code system rather than the dataset so an identifier that collides across systems cannot be mismatched. The label is the form this source actually carries (a unit name), taken from admin_name_clean. Disposition proposed.",
COL-ANTIOQUIA,whep-lab-latam,1915,2023,,COL-ANTIOQUIA-1886-2025,high,"subnational vocabulary, scoped to the code system rather than the dataset so an identifier that collides across systems cannot be mismatched. The label is the form this source actually carries (a unit name), taken from admin_name_clean. Disposition proposed.",
COL-ATLANTICO,whep-lab-latam,1915,2023,,COL-ATL-1910-2025,medium,"subnational vocabulary, scoped to the code system rather than the dataset so an identifier that collides across systems cannot be mismatched. The label is the form this source actually carries (a unit name), taken from admin_name_clean. Disposition proposed.",
COL-BOLIVAR,whep-lab-latam,1915,2023,,COL-BOLIVAR-1886-2025,medium,"subnational vocabulary, scoped to the code system rather than the dataset so an identifier that collides across systems cannot be mismatched. The label is the form this source actually carries (a unit name), taken from admin_name_clean. Disposition proposed.",
COL-BOYACA,whep-lab-latam,1915,2023,,COL-BOYACA-1886-2025,high,"subnational vocabulary, scoped to the code system rather than the dataset so an identifier that collides across systems cannot be mismatched. The label is the form this source actually carries (a unit name), taken from admin_name_clean. Disposition proposed.",
COL-CALDAS,whep-lab-latam,1915,2023,,COL-CALDAS-1905-2025,medium,"subnational vocabulary, scoped to the code system rather than the dataset so an identifier that collides across systems cannot be mismatched. The label is the form this source actually carries (a unit name), taken from admin_name_clean. Disposition proposed.",
COL-CAQUETA,whep-lab-latam,1981,2023,,COL-CAQUETA-1981-2025,medium,"subnational vocabulary, scoped to the code system rather than the dataset so an identifier that collides across systems cannot be mismatched. The label is the form this source actually carries (a unit name), taken from admin_name_clean. Disposition proposed.",
COL-CASANARE,whep-lab-latam,1991,2023,,COL-CASANARE-1991-2025,medium,"subnational vocabulary, scoped to the code system rather than the dataset so an identifier that collides across systems cannot be mismatched. The label is the form this source actually carries (a unit name), taken from admin_name_clean. Disposition proposed.",
COL-CAUCA,whep-lab-latam,1915,2023,,COL-CAU-1886-2025,medium,"subnational vocabulary, scoped to the code system rather than the dataset so an identifier that collides across systems cannot be mismatched. The label is the form this source actually carries (a unit name), taken from admin_name_clean. Disposition proposed.",
COL-CHOCO,whep-lab-latam,1947,2023,,COL-CHO-1947-2025,medium,"subnational vocabulary, scoped to the code system rather than the dataset so an identifier that collides across systems cannot be mismatched. The label is the form this source actually carries (a unit name), taken from admin_name_clean. Disposition proposed.",
COL-CORDOBA,whep-lab-latam,1952,2023,,COL-CORDOBA-1952-2025,medium,"subnational vocabulary, scoped to the code system rather than the dataset so an identifier that collides across systems cannot be mismatched. The label is the form this source actually carries (a unit name), taken from admin_name_clean. Disposition proposed.",
COL-CUNDINAMARCA,whep-lab-latam,1915,2023,,COL-CUNDINAMARCA-1886-2025,high,"subnational vocabulary, scoped to the code system rather than the dataset so an identifier that collides across systems cannot be mismatched. The label is the form this source actually carries (a unit name), taken from admin_name_clean. Disposition proposed.",
COL-GUAINIA,whep-lab-latam,1991,2023,,COL-GUA-1991-2025,medium,"subnational vocabulary, scoped to the code system rather than the dataset so an identifier that collides across systems cannot be mismatched. The label is the form this source actually carries (a unit name), taken from admin_name_clean. Disposition proposed.",
COL-GUAJIRA,whep-lab-latam,1965,2023,,COL-GUAJIRA-1965-2025,medium,"subnational vocabulary, scoped to the code system rather than the dataset so an identifier that collides across systems cannot be mismatched. The label is the form this source actually carries (a unit name), taken from admin_name_clean. Disposition proposed.",
COL-GUAVIARE,whep-lab-latam,1991,2023,,COL-GUAVIARE-1991-2025,high,"subnational vocabulary, scoped to the code system rather than the dataset so an identifier that collides across systems cannot be mismatched. The label is the form this source actually carries (a unit name), taken from admin_name_clean. Disposition proposed.",
COL-HUILA,whep-lab-latam,1915,2023,,COL-HUILA-1905-2025,medium,"subnational vocabulary, scoped to the code system rather than the dataset so an identifier that collides across systems cannot be mismatched. The label is the form this source actually carries (a unit name), taken from admin_name_clean. Disposition proposed.",
COL-MAGDALENA,whep-lab-latam,1915,2023,,COL-MAGDALENA-1915-2025,high,"subnational vocabulary, scoped to the code system rather than the dataset so an identifier that collides across systems cannot be mismatched. The label is the form this source actually carries (a unit name), taken from admin_name_clean. Disposition proposed.",
COL-NARINO,whep-lab-latam,1915,2023,,COL-NARINO-1904-2025,medium,"subnational vocabulary, scoped to the code system rather than the dataset so an identifier that collides across systems cannot be mismatched. The label is the form this source actually carries (a unit name), taken from admin_name_clean. Disposition proposed.",
COL-NATIONAL,whep-lab-latam,1900,1902,,COL-1830-1903,high,"subnational vocabulary, scoped to the code system rather than the dataset so an identifier that collides across systems cannot be mismatched. The label is the form this source actually carries (a unit name), taken from admin_name_clean. Disposition matched.",
COL-NATIONAL,whep-lab-latam,1903,1921,,COL-1903-1922,high,"subnational vocabulary, scoped to the code system rather than the dataset so an identifier that collides across systems cannot be mismatched. The label is the form this source actually carries (a unit name), taken from admin_name_clean. Disposition matched.",
COL-NATIONAL,whep-lab-latam,1922,2023,,COL-1922-2025,high,"subnational vocabulary, scoped to the code system rather than the dataset so an identifier that collides across systems cannot be mismatched. The label is the form this source actually carries (a unit name), taken from admin_name_clean. Disposition matched.",
COL-NORTEDESANTANDER,whep-lab-latam,1915,2023,,COL-NORTEDESANTANDER-1910-2025,medium,"subnational vocabulary, scoped to the code system rather than the dataset so an identifier that collides across systems cannot be mismatched. The label is the form this source actually carries (a unit name), taken from admin_name_clean. Disposition proposed.",
COL-PUTUMAYO,whep-lab-latam,1991,2023,,COL-PUTUMAYO-1991-2025,high,"subnational vocabulary, scoped to the code system rather than the dataset so an identifier that collides across systems cannot be mismatched. The label is the form this source actually carries (a unit name), taken from admin_name_clean. Disposition proposed.",
COL-QUINDIO,whep-lab-latam,1966,2023,,COL-QUINDIO-1966-2025,medium,"subnational vocabulary, scoped to the code system rather than the dataset so an identifier that collides across systems cannot be mismatched. The label is the form this source actually carries (a unit name), taken from admin_name_clean. Disposition proposed.",
COL-SANANDRESYPROVIDEN,whep-lab-latam,1991,2023,,COL-SANDRES-1991-2025,medium,"subnational vocabulary, scoped to the code system rather than the dataset so an identifier that collides across systems cannot be mismatched. The label is the form this source actually carries (a unit name), taken from admin_name_clean. Disposition proposed.",
COL-SANTANDER,whep-lab-latam,1915,2023,,COL-SANTANDER-1886-2025,high,"subnational vocabulary, scoped to the code system rather than the dataset so an identifier that collides across systems cannot be mismatched. The label is the form this source actually carries (a unit name), taken from admin_name_clean. Disposition proposed.",
COL-SUCRE,whep-lab-latam,1966,2023,,COL-SUCRE-1966-2025,medium,"subnational vocabulary, scoped to the code system rather than the dataset so an identifier that collides across systems cannot be mismatched. The label is the form this source actually carries (a unit name), taken from admin_name_clean. Disposition proposed.",
COL-TOLIMA,whep-lab-latam,1915,2023,,COL-TOLIMA-1886-2025,medium,"subnational vocabulary, scoped to the code system rather than the dataset so an identifier that collides across systems cannot be mismatched. The label is the form this source actually carries (a unit name), taken from admin_name_clean. Disposition proposed.",
COL-VALLEDELCAUCA,whep-lab-latam,1915,2023,,COL-VALLEDELCAUCA-1910-2025,medium,"subnational vocabulary, scoped to the code system rather than the dataset so an identifier that collides across systems cannot be mismatched. The label is the form this source actually carries (a unit name), taken from admin_name_clean. Disposition proposed.",
COL-VAUPES,whep-lab-latam,1991,2023,,COL-VAU-1991-2025,medium,"subnational vocabulary, scoped to the code system rather than the dataset so an identifier that collides across systems cannot be mismatched. The label is the form this source actually carries (a unit name), taken from admin_name_clean. Disposition proposed.",
COL-VICHADA,whep-lab-latam,1991,2023,,COL-VICHADA-1991-2025,medium,"subnational vocabulary, scoped to the code system rather than the dataset so an identifier that collides across systems cannot be mismatched. The label is the form this source actually carries (a unit name), taken from admin_name_clean. Disposition proposed.",
ESP-ES111,whep-lab-spain-provinces,1865,2021,,ESP-CO-1833-2025,high,"subnational vocabulary, scoped to the code system rather than the dataset so an identifier that collides across systems cannot be mismatched. The label is the form this source actually carries (a NUTS-style code), taken from admin_name_clean. Disposition matched.",
ESP-ES112,whep-lab-spain-provinces,1865,2021,,ESP-LU-1833-2025,high,"subnational vocabulary, scoped to the code system rather than the dataset so an identifier that collides across systems cannot be mismatched. The label is the form this source actually carries (a NUTS-style code), taken from admin_name_clean. Disposition proposed.",
ESP-ES113,whep-lab-spain-provinces,1865,2021,,ESP-OR-1833-2025,high,"subnational vocabulary, scoped to the code system rather than the dataset so an identifier that collides across systems cannot be mismatched. The label is the form this source actually carries (a NUTS-style code), taken from admin_name_clean. Disposition proposed.",
ESP-ES114,whep-lab-spain-provinces,1865,2021,,ESP-PO-1833-2025,high,"subnational vocabulary, scoped to the code system rather than the dataset so an identifier that collides across systems cannot be mismatched. The label is the form this source actually carries (a NUTS-style code), taken from admin_name_clean. Disposition proposed.",
ESP-ES120,whep-lab-spain-provinces,1865,2021,,ESP-AS-1833-2025,high,"subnational vocabulary, scoped to the code system rather than the dataset so an identifier that collides across systems cannot be mismatched. The label is the form this source actually carries (a NUTS-style code), taken from admin_name_clean. Disposition proposed.",
ESP-ES130,whep-lab-spain-provinces,1865,2021,,ESP-CA-1833-2025,high,"subnational vocabulary, scoped to the code system rather than the dataset so an identifier that collides across systems cannot be mismatched. The label is the form this source actually carries (a NUTS-style code), taken from admin_name_clean. Disposition proposed.",
ESP-ES211,whep-lab-spain-provinces,1865,2021,,ESP-VI-1833-2025,high,"subnational vocabulary, scoped to the code system rather than the dataset so an identifier that collides across systems cannot be mismatched. The label is the form this source actually carries (a NUTS-style code), taken from admin_name_clean. Disposition proposed.",
ESP-ES212,whep-lab-spain-provinces,1865,2021,,ESP-GI-1833-2025,high,"subnational vocabulary, scoped to the code system rather than the dataset so an identifier that collides across systems cannot be mismatched. The label is the form this source actually carries (a NUTS-style code), taken from admin_name_clean. Disposition proposed.",
ESP-ES213,whep-lab-spain-provinces,1865,2021,,ESP-BI-1833-2025,high,"subnational vocabulary, scoped to the code system rather than the dataset so an identifier that collides across systems cannot be mismatched. The label is the form this source actually carries (a NUTS-style code), taken from admin_name_clean. Disposition proposed.",
ESP-ES220,whep-lab-spain-provinces,1865,2021,,ESP-NV-1833-2025,high,"subnational vocabulary, scoped to the code system rather than the dataset so an identifier that collides across systems cannot be mismatched. The label is the form this source actually carries (a NUTS-style code), taken from admin_name_clean. Disposition proposed.",
ESP-ES230,whep-lab-spain-provinces,1865,2021,,ESP-RI-1833-2025,high,"subnational vocabulary, scoped to the code system rather than the dataset so an identifier that collides across systems cannot be mismatched. The label is the form this source actually carries (a NUTS-style code), taken from admin_name_clean. Disposition proposed.",
ESP-ES241,whep-lab-spain-provinces,1865,2021,,ESP-HU-1833-2025,high,"subnational vocabulary, scoped to the code system rather than the dataset so an identifier that collides across systems cannot be mismatched. The label is the form this source actually carries (a NUTS-style code), taken from admin_name_clean. Disposition proposed.",
ESP-ES242,whep-lab-spain-provinces,1865,2021,,ESP-TE-1833-2025,high,"subnational vocabulary, scoped to the code system rather than the dataset so an identifier that collides across systems cannot be mismatched. The label is the form this source actually carries (a NUTS-style code), taken from admin_name_clean. Disposition proposed.",
ESP-ES243,whep-lab-spain-provinces,1833,2024,,ESP-ZA-1833-2025,high,"subnational vocabulary, scoped to the code system rather than the dataset so an identifier that collides across systems cannot be mismatched. The label is the form this source actually carries (a NUTS-style code), taken from admin_name_clean. Disposition proposed.",
ESP-ES300,whep-lab-spain-provinces,1865,2021,,ESP-MD-1833-2025,high,"subnational vocabulary, scoped to the code system rather than the dataset so an identifier that collides across systems cannot be mismatched. The label is the form this source actually carries (a NUTS-style code), taken from admin_name_clean. Disposition matched.",
ESP-ES411,whep-lab-spain-provinces,1865,2021,,ESP-AV-1833-2025,high,"subnational vocabulary, scoped to the code system rather than the dataset so an identifier that collides across systems cannot be mismatched. The label is the form this source actually carries (a NUTS-style code), taken from admin_name_clean. Disposition proposed.",
ESP-ES412,whep-lab-spain-provinces,1865,2021,,ESP-BU-1833-2025,high,"subnational vocabulary, scoped to the code system rather than the dataset so an identifier that collides across systems cannot be mismatched. The label is the form this source actually carries (a NUTS-style code), taken from admin_name_clean. Disposition proposed.",
ESP-ES413,whep-lab-spain-provinces,1865,2021,,ESP-LE-1833-2025,high,"subnational vocabulary, scoped to the code system rather than the dataset so an identifier that collides across systems cannot be mismatched. The label is the form this source actually carries (a NUTS-style code), taken from admin_name_clean. Disposition proposed.",
ESP-ES414,whep-lab-spain-provinces,1865,2021,,ESP-PA-1833-2025,high,"subnational vocabulary, scoped to the code system rather than the dataset so an identifier that collides across systems cannot be mismatched. The label is the form this source actually carries (a NUTS-style code), taken from admin_name_clean. Disposition proposed.",
ESP-ES415,whep-lab-spain-provinces,1865,2021,,ESP-SA-1833-2025,high,"subnational vocabulary, scoped to the code system rather than the dataset so an identifier that collides across systems cannot be mismatched. The label is the form this source actually carries (a NUTS-style code), taken from admin_name_clean. Disposition proposed.",
ESP-ES416,whep-lab-spain-provinces,1865,2021,,ESP-SG-1833-2025,high,"subnational vocabulary, scoped to the code system rather than the dataset so an identifier that collides across systems cannot be mismatched. The label is the form this source actually carries (a NUTS-style code), taken from admin_name_clean. Disposition proposed.",
ESP-ES417,whep-lab-spain-provinces,1865,2021,,ESP-SO-1833-2025,high,"subnational vocabulary, scoped to the code system rather than the dataset so an identifier that collides across systems cannot be mismatched. The label is the form this source actually carries (a NUTS-style code), taken from admin_name_clean. Disposition proposed.",
ESP-ES418,whep-lab-spain-provinces,1865,2021,,ESP-VA-1833-2025,high,"subnational vocabulary, scoped to the code system rather than the dataset so an identifier that collides across systems cannot be mismatched. The label is the form this source actually carries (a NUTS-style code), taken from admin_name_clean. Disposition proposed.",
ESP-ES419,whep-lab-spain-provinces,1865,2021,,ESP-ZM-1833-2025,high,"subnational vocabulary, scoped to the code system rather than the dataset so an identifier that collides across systems cannot be mismatched. The label is the form this source actually carries (a NUTS-style code), taken from admin_name_clean. Disposition proposed.",
ESP-ES421,whep-lab-spain-provinces,1865,2021,,ESP-AB-1833-2025,high,"subnational vocabulary, scoped to the code system rather than the dataset so an identifier that collides across systems cannot be mismatched. The label is the form this source actually carries (a NUTS-style code), taken from admin_name_clean. Disposition proposed.",
ESP-ES422,whep-lab-spain-provinces,1865,2021,,ESP-CR-1833-2025,high,"subnational vocabulary, scoped to the code system rather than the dataset so an identifier that collides across systems cannot be mismatched. The label is the form this source actually carries (a NUTS-style code), taken from admin_name_clean. Disposition proposed.",
ESP-ES423,whep-lab-spain-provinces,1865,2021,,ESP-CU-1833-2025,high,"subnational vocabulary, scoped to the code system rather than the dataset so an identifier that collides across systems cannot be mismatched. The label is the form this source actually carries (a NUTS-style code), taken from admin_name_clean. Disposition proposed.",
ESP-ES424,whep-lab-spain-provinces,1865,2021,,ESP-GU-1833-2025,high,"subnational vocabulary, scoped to the code system rather than the dataset so an identifier that collides across systems cannot be mismatched. The label is the form this source actually carries (a NUTS-style code), taken from admin_name_clean. Disposition proposed.",
ESP-ES425,whep-lab-spain-provinces,1833,2024,,ESP-TO-1833-2025,high,"subnational vocabulary, scoped to the code system rather than the dataset so an identifier that collides across systems cannot be mismatched. The label is the form this source actually carries (a NUTS-style code), taken from admin_name_clean. Disposition proposed.",
ESP-ES431,whep-lab-spain-provinces,1865,2021,,ESP-BA-1833-2025,high,"subnational vocabulary, scoped to the code system rather than the dataset so an identifier that collides across systems cannot be mismatched. The label is the form this source actually carries (a NUTS-style code), taken from admin_name_clean. Disposition proposed.",
ESP-ES432,whep-lab-spain-provinces,1865,2021,,ESP-CC-1833-2025,high,"subnational vocabulary, scoped to the code system rather than the dataset so an identifier that collides across systems cannot be mismatched. The label is the form this source actually carries (a NUTS-style code), taken from admin_name_clean. Disposition proposed.",
ESP-ES511,whep-lab-spain-provinces,1865,2021,,ESP-B-1833-2025,high,"subnational vocabulary, scoped to the code system rather than the dataset so an identifier that collides across systems cannot be mismatched. The label is the form this source actually carries (a NUTS-style code), taken from admin_name_clean. Disposition proposed.",
ESP-ES512,whep-lab-spain-provinces,1865,2021,,ESP-17-1833-2025,high,"subnational vocabulary, scoped to the code system rather than the dataset so an identifier that collides across systems cannot be mismatched. The label is the form this source actually carries (a NUTS-style code), taken from admin_name_clean. Disposition proposed.",
ESP-ES513,whep-lab-spain-provinces,1865,2021,,ESP-LL-1833-2025,high,"subnational vocabulary, scoped to the code system rather than the dataset so an identifier that collides across systems cannot be mismatched. The label is the form this source actually carries (a NUTS-style code), taken from admin_name_clean. Disposition proposed.",
ESP-ES514,whep-lab-spain-provinces,1865,2021,,ESP-T-1833-2025,high,"subnational vocabulary, scoped to the code system rather than the dataset so an identifier that collides across systems cannot be mismatched. The label is the form this source actually carries (a NUTS-style code), taken from admin_name_clean. Disposition proposed.",
ESP-ES521,whep-lab-spain-provinces,1865,2021,,ESP-A-1833-2025,high,"subnational vocabulary, scoped to the code system rather than the dataset so an identifier that collides across systems cannot be mismatched. The label is the form this source actually carries (a NUTS-style code), taken from admin_name_clean. Disposition proposed.",
ESP-ES522,whep-lab-spain-provinces,1865,2021,,ESP-CS-1833-2025,medium,"subnational vocabulary, scoped to the code system rather than the dataset so an identifier that collides across systems cannot be mismatched. The label is the form this source actually carries (a NUTS-style code), taken from admin_name_clean. Disposition proposed.",
ESP-ES523,whep-lab-spain-provinces,1865,2021,,ESP-V-1833-2025,high,"subnational vocabulary, scoped to the code system rather than the dataset so an identifier that collides across systems cannot be mismatched. The label is the form this source actually carries (a NUTS-style code), taken from admin_name_clean. Disposition proposed.",
ESP-ES53,whep-lab-spain-provinces,1865,2020,,ESP-IB-1833-2025,high,"subnational vocabulary, scoped to the code system rather than the dataset so an identifier that collides across systems cannot be mismatched. The label is the form this source actually carries (a NUTS-style code), taken from admin_name_clean. Disposition proposed.",
ESP-ES611,whep-lab-spain-provinces,1865,2021,,ESP-AL-1833-2025,high,"subnational vocabulary, scoped to the code system rather than the dataset so an identifier that collides across systems cannot be mismatched. The label is the form this source actually carries (a NUTS-style code), taken from admin_name_clean. Disposition proposed.",
ESP-ES612,whep-lab-spain-provinces,1865,2021,,ESP-CDZ-1833-2025,high,"subnational vocabulary, scoped to the code system rather than the dataset so an identifier that collides across systems cannot be mismatched. The label is the form this source actually carries (a NUTS-style code), taken from admin_name_clean. Disposition proposed.",
ESP-ES613,whep-lab-spain-provinces,1865,2021,,ESP-COR-1833-2025,high,"subnational vocabulary, scoped to the code system rather than the dataset so an identifier that collides across systems cannot be mismatched. The label is the form this source actually carries (a NUTS-style code), taken from admin_name_clean. Disposition proposed.",
ESP-ES614,whep-lab-spain-provinces,1865,2021,,ESP-GR2-1833-2025,high,"subnational vocabulary, scoped to the code system rather than the dataset so an identifier that collides across systems cannot be mismatched. The label is the form this source actually carries (a NUTS-style code), taken from admin_name_clean. Disposition proposed.",
ESP-ES615,whep-lab-spain-provinces,1865,2021,,ESP-H-1833-2025,high,"subnational vocabulary, scoped to the code system rather than the dataset so an identifier that collides across systems cannot be mismatched. The label is the form this source actually carries (a NUTS-style code), taken from admin_name_clean. Disposition proposed.",
ESP-ES616,whep-lab-spain-provinces,1865,2021,,ESP-J-1833-2025,high,"subnational vocabulary, scoped to the code system rather than the dataset so an identifier that collides across systems cannot be mismatched. The label is the form this source actually carries (a NUTS-style code), taken from admin_name_clean. Disposition proposed.",
ESP-ES617,whep-lab-spain-provinces,1865,2021,,ESP-MA-1833-2025,high,"subnational vocabulary, scoped to the code system rather than the dataset so an identifier that collides across systems cannot be mismatched. The label is the form this source actually carries (a NUTS-style code), taken from admin_name_clean. Disposition proposed.",
ESP-ES618,whep-lab-spain-provinces,1865,2021,,ESP-SE-1833-2025,high,"subnational vocabulary, scoped to the code system rather than the dataset so an identifier that collides across systems cannot be mismatched. The label is the form this source actually carries (a NUTS-style code), taken from admin_name_clean. Disposition proposed.",
ESP-ES620,whep-lab-spain-provinces,1865,2021,,ESP-MU-1833-2025,high,"subnational vocabulary, scoped to the code system rather than the dataset so an identifier that collides across systems cannot be mismatched. The label is the form this source actually carries (a NUTS-style code), taken from admin_name_clean. Disposition proposed.",
ESP-ES701,whep-lab-spain-provinces,1927,2021,,ESP-LP-1927-2025,medium,"subnational vocabulary, scoped to the code system rather than the dataset so an identifier that collides across systems cannot be mismatched. The label is the form this source actually carries (a NUTS-style code), taken from admin_name_clean. Disposition proposed.",
ESP-ES702,whep-lab-spain-provinces,1927,2021,,ESP-SCT-1927-2025,high,"subnational vocabulary, scoped to the code system rather than the dataset so an identifier that collides across systems cannot be mismatched. The label is the form this source actually carries (a NUTS-style code), taken from admin_name_clean. Disposition proposed.",
ESP-ES705,whep-lab-spain-provinces,1865,2020,,ESP-GC-1833-2025,medium,"subnational vocabulary, scoped to the code system rather than the dataset so an identifier that collides across systems cannot be mismatched. The label is the form this source actually carries (a NUTS-style code), taken from admin_name_clean. Disposition proposed. Repointed 2026-09-10: this row targeted ESP-LP-1833-2025, which no longer exists — that page was renamed ESP-GC-1833-2025 when it was found to be titled ""Las Palmas"" while its unit is ES705, which nuts_code_names.csv gives as Gran Canaria. ES701 is Las Palmas and has its own row. A dead alias target aborts WHEP's whole .rda rebuild.",
ESP-ES709,whep-lab-spain-provinces,1927,2020,,ESP-SCT-1927-2025,medium,"subnational vocabulary, scoped to the code system rather than the dataset so an identifier that collides across systems cannot be mismatched. The label is the form this source actually carries (a NUTS-style code), taken from admin_name_clean. Disposition proposed.",
FRA-FR102,whep-lab-france-livestock,1862,2023,,FRA-77-1800-2025,high,"subnational vocabulary, scoped to the code system rather than the dataset so an identifier that collides across systems cannot be mismatched. The label is the form this source actually carries (a NUTS-style code), taken from admin_name_clean. Disposition proposed.",
FRA-FR104,whep-lab-france-livestock,1968,2023,,FRA-91-1968-2025,medium,"subnational vocabulary, scoped to the code system rather than the dataset so an identifier that collides across systems cannot be mismatched. The label is the form this source actually carries (a NUTS-style code), taken from admin_name_clean. Disposition proposed.",
FRA-FRB01,whep-lab-france-livestock,1862,2023,,FRA-18-1800-2025,high,"subnational vocabulary, scoped to the code system rather than the dataset so an identifier that collides across systems cannot be mismatched. The label is the form this source actually carries (a NUTS-style code), taken from admin_name_clean. Disposition proposed.",
FRA-FRB02,whep-lab-france-livestock,1862,2023,,FRA-28-1800-2025,high,"subnational vocabulary, scoped to the code system rather than the dataset so an identifier that collides across systems cannot be mismatched. The label is the form this source actually carries (a NUTS-style code), taken from admin_name_clean. Disposition proposed.",
FRA-FRB03,whep-lab-france-livestock,1862,2023,,FRA-36-1800-2025,high,"subnational vocabulary, scoped to the code system rather than the dataset so an identifier that collides across systems cannot be mismatched. The label is the form this source actually carries (a NUTS-style code), taken from admin_name_clean. Disposition proposed.",
FRA-FRB04,whep-lab-france-livestock,1862,2023,,FRA-37-1800-2025,high,"subnational vocabulary, scoped to the code system rather than the dataset so an identifier that collides across systems cannot be mismatched. The label is the form this source actually carries (a NUTS-style code), taken from admin_name_clean. Disposition proposed.",
FRA-FRB05,whep-lab-france-livestock,1862,2023,,FRA-41-1800-2025,high,"subnational vocabulary, scoped to the code system rather than the dataset so an identifier that collides across systems cannot be mismatched. The label is the form this source actually carries (a NUTS-style code), taken from admin_name_clean. Disposition proposed.",
FRA-FRB06,whep-lab-france-livestock,1862,2023,,FRA-LOI-1800-2025,high,"subnational vocabulary, scoped to the code system rather than the dataset so an identifier that collides across systems cannot be mismatched. The label is the form this source actually carries (a NUTS-style code), taken from admin_name_clean. Disposition proposed.",
FRA-FRC11,whep-lab-france-livestock,1862,2023,,FRA-21-1800-2025,high,"subnational vocabulary, scoped to the code system rather than the dataset so an identifier that collides across systems cannot be mismatched. The label is the form this source actually carries (a NUTS-style code), taken from admin_name_clean. Disposition proposed.",
FRA-FRC12,whep-lab-france-livestock,1862,2023,,FRA-58-1800-2025,high,"subnational vocabulary, scoped to the code system rather than the dataset so an identifier that collides across systems cannot be mismatched. The label is the form this source actually carries (a NUTS-style code), taken from admin_name_clean. Disposition proposed.",
FRA-FRC13,whep-lab-france-livestock,1862,2023,,FRA-71-1800-2025,high,"subnational vocabulary, scoped to the code system rather than the dataset so an identifier that collides across systems cannot be mismatched. The label is the form this source actually carries (a NUTS-style code), taken from admin_name_clean. Disposition proposed.",
FRA-FRC14,whep-lab-france-livestock,1862,2023,,FRA-89-1800-2025,high,"subnational vocabulary, scoped to the code system rather than the dataset so an identifier that collides across systems cannot be mismatched. The label is the form this source actually carries (a NUTS-style code), taken from admin_name_clean. Disposition proposed.",
FRA-FRC21,whep-lab-france-livestock,1862,2023,,FRA-25-1800-2025,high,"subnational vocabulary, scoped to the code system rather than the dataset so an identifier that collides across systems cannot be mismatched. The label is the form this source actually carries (a NUTS-style code), taken from admin_name_clean. Disposition proposed.",
FRA-FRC22,whep-lab-france-livestock,1862,2023,,FRA-39-1800-2025,medium,"subnational vocabulary, scoped to the code system rather than the dataset so an identifier that collides across systems cannot be mismatched. The label is the form this source actually carries (a NUTS-style code), taken from admin_name_clean. Disposition proposed.",
FRA-FRC23,whep-lab-france-livestock,1862,2023,,FRA-70-1800-2025,high,"subnational vocabulary, scoped to the code system rather than the dataset so an identifier that collides across systems cannot be mismatched. The label is the form this source actually carries (a NUTS-style code), taken from admin_name_clean. Disposition proposed.",
FRA-FRC24,whep-lab-france-livestock,1922,2023,,FRA-TDB-1922-2025,medium,"subnational vocabulary, scoped to the code system rather than the dataset so an identifier that collides across systems cannot be mismatched. The label is the form this source actually carries (a NUTS-style code), taken from admin_name_clean. Disposition proposed.",
FRA-FRD11,whep-lab-france-livestock,1862,2023,,FRA-14-1800-2025,high,"subnational vocabulary, scoped to the code system rather than the dataset so an identifier that collides across systems cannot be mismatched. The label is the form this source actually carries (a NUTS-style code), taken from admin_name_clean. Disposition proposed.",
FRA-FRD12,whep-lab-france-livestock,1862,2023,,FRA-50-1800-2025,high,"subnational vocabulary, scoped to the code system rather than the dataset so an identifier that collides across systems cannot be mismatched. The label is the form this source actually carries (a NUTS-style code), taken from admin_name_clean. Disposition proposed.",
FRA-FRD13,whep-lab-france-livestock,1862,2023,,FRA-61-1800-2025,high,"subnational vocabulary, scoped to the code system rather than the dataset so an identifier that collides across systems cannot be mismatched. The label is the form this source actually carries (a NUTS-style code), taken from admin_name_clean. Disposition proposed.",
FRA-FRD21,whep-lab-france-livestock,1862,2023,,FRA-27-1800-2025,high,"subnational vocabulary, scoped to the code system rather than the dataset so an identifier that collides across systems cannot be mismatched. The label is the form this source actually carries (a NUTS-style code), taken from admin_name_clean. Disposition proposed.",
FRA-FRD22,whep-lab-france-livestock,1862,2023,,FRA-76-1800-2025,high,"subnational vocabulary, scoped to the code system rather than the dataset so an identifier that collides across systems cannot be mismatched. The label is the form this source actually carries (a NUTS-style code), taken from admin_name_clean. Disposition proposed.",
FRA-FRE11,whep-lab-france-livestock,1862,2023,,FRA-59-1800-2025,high,"subnational vocabulary, scoped to the code system rather than the dataset so an identifier that collides across systems cannot be mismatched. The label is the form this source actually carries (a NUTS-style code), taken from admin_name_clean. Disposition proposed.",
FRA-FRE12,whep-lab-france-livestock,1862,2023,,FRA-62-1800-2025,medium,"subnational vocabulary, scoped to the code system rather than the dataset so an identifier that collides across systems cannot be mismatched. The label is the form this source actually carries (a NUTS-style code), taken from admin_name_clean. Disposition proposed.",
FRA-FRE21,whep-lab-france-livestock,1862,2023,,FRA-02-1800-2025,high,"subnational vocabulary, scoped to the code system rather than the dataset so an identifier that collides across systems cannot be mismatched. The label is the form this source actually carries (a NUTS-style code), taken from admin_name_clean. Disposition proposed.",
FRA-FRE22,whep-lab-france-livestock,1862,2023,,FRA-60-1800-2025,high,"subnational vocabulary, scoped to the code system rather than the dataset so an identifier that collides across systems cannot be mismatched. The label is the form this source actually carries (a NUTS-style code), taken from admin_name_clean. Disposition proposed.",
FRA-FRE23,whep-lab-france-livestock,1862,2023,,FRA-80-1800-2025,high,"subnational vocabulary, scoped to the code system rather than the dataset so an identifier that collides across systems cannot be mismatched. The label is the form this source actually carries (a NUTS-style code), taken from admin_name_clean. Disposition proposed.",
FRA-FRF21,whep-lab-france-livestock,1862,2023,,FRA-08-1800-2025,high,"subnational vocabulary, scoped to the code system rather than the dataset so an identifier that collides across systems cannot be mismatched. The label is the form this source actually carries (a NUTS-style code), taken from admin_name_clean. Disposition proposed.",
FRA-FRF22,whep-lab-france-livestock,1862,2023,,FRA-AUB-1800-2025,high,"subnational vocabulary, scoped to the code system rather than the dataset so an identifier that collides across systems cannot be mismatched. The label is the form this source actually carries (a NUTS-style code), taken from admin_name_clean. Disposition proposed.",
FRA-FRF23,whep-lab-france-livestock,1862,2023,,FRA-MRN-1800-2025,high,"subnational vocabulary, scoped to the code system rather than the dataset so an identifier that collides across systems cannot be mismatched. The label is the form this source actually carries (a NUTS-style code), taken from admin_name_clean. Disposition proposed.",
FRA-FRF24,whep-lab-france-livestock,1862,2023,,FRA-52-1800-2025,high,"subnational vocabulary, scoped to the code system rather than the dataset so an identifier that collides across systems cannot be mismatched. The label is the form this source actually carries (a NUTS-style code), taken from admin_name_clean. Disposition proposed.",
FRA-FRF31,whep-lab-france-livestock,1871,2023,,FRA-54-1871-2025,high,"subnational vocabulary, scoped to the code system rather than the dataset so an identifier that collides across systems cannot be mismatched. The label is the form this source actually carries (a NUTS-style code), taken from admin_name_clean. Disposition proposed.",
FRA-FRF32,whep-lab-france-livestock,1862,2023,,FRA-55-1800-2025,high,"subnational vocabulary, scoped to the code system rather than the dataset so an identifier that collides across systems cannot be mismatched. The label is the form this source actually carries (a NUTS-style code), taken from admin_name_clean. Disposition proposed.",
FRA-FRF33,whep-lab-france-livestock,1919,2023,,FRA-57-1919-2025,medium,"subnational vocabulary, scoped to the code system rather than the dataset so an identifier that collides across systems cannot be mismatched. The label is the form this source actually carries (a NUTS-style code), taken from admin_name_clean. Disposition proposed.",
FRA-FRF34,whep-lab-france-livestock,1862,2023,,FRA-88-1800-2025,high,"subnational vocabulary, scoped to the code system rather than the dataset so an identifier that collides across systems cannot be mismatched. The label is the form this source actually carries (a NUTS-style code), taken from admin_name_clean. Disposition proposed.",
FRA-FRG01,whep-lab-france-livestock,1862,2023,,FRA-44-1800-2025,high,"subnational vocabulary, scoped to the code system rather than the dataset so an identifier that collides across systems cannot be mismatched. The label is the form this source actually carries (a NUTS-style code), taken from admin_name_clean. Disposition proposed.",
FRA-FRG02,whep-lab-france-livestock,1862,2023,,FRA-49-1800-2025,high,"subnational vocabulary, scoped to the code system rather than the dataset so an identifier that collides across systems cannot be mismatched. The label is the form this source actually carries (a NUTS-style code), taken from admin_name_clean. Disposition proposed.",
FRA-FRG03,whep-lab-france-livestock,1862,2023,,FRA-53-1800-2025,high,"subnational vocabulary, scoped to the code system rather than the dataset so an identifier that collides across systems cannot be mismatched. The label is the form this source actually carries (a NUTS-style code), taken from admin_name_clean. Disposition proposed.",
FRA-FRG04,whep-lab-france-livestock,1862,2023,,FRA-SAR-1800-2025,high,"subnational vocabulary, scoped to the code system rather than the dataset so an identifier that collides across systems cannot be mismatched. The label is the form this source actually carries (a NUTS-style code), taken from admin_name_clean. Disposition proposed.",
FRA-FRG05,whep-lab-france-livestock,1862,2023,,FRA-85-1800-2025,high,"subnational vocabulary, scoped to the code system rather than the dataset so an identifier that collides across systems cannot be mismatched. The label is the form this source actually carries (a NUTS-style code), taken from admin_name_clean. Disposition proposed.",
FRA-FRH01,whep-lab-france-livestock,1862,2023,,FRA-22-1800-2025,high,"subnational vocabulary, scoped to the code system rather than the dataset so an identifier that collides across systems cannot be mismatched. The label is the form this source actually carries (a NUTS-style code), taken from admin_name_clean. Disposition proposed.",
FRA-FRH02,whep-lab-france-livestock,1862,2023,,FRA-FIN-1800-2025,high,"subnational vocabulary, scoped to the code system rather than the dataset so an identifier that collides across systems cannot be mismatched. The label is the form this source actually carries (a NUTS-style code), taken from admin_name_clean. Disposition proposed.",
FRA-FRH03,whep-lab-france-livestock,1862,2023,,FRA-35-1800-2025,high,"subnational vocabulary, scoped to the code system rather than the dataset so an identifier that collides across systems cannot be mismatched. The label is the form this source actually carries (a NUTS-style code), taken from admin_name_clean. Disposition proposed.",
FRA-FRI11,whep-lab-france-livestock,1862,2023,,FRA-24-1800-2025,high,"subnational vocabulary, scoped to the code system rather than the dataset so an identifier that collides across systems cannot be mismatched. The label is the form this source actually carries (a NUTS-style code), taken from admin_name_clean. Disposition proposed.",
FRA-FRI12,whep-lab-france-livestock,1862,2023,,FRA-GIR-1800-2025,high,"subnational vocabulary, scoped to the code system rather than the dataset so an identifier that collides across systems cannot be mismatched. The label is the form this source actually carries (a NUTS-style code), taken from admin_name_clean. Disposition proposed.",
FRA-FRI13,whep-lab-france-livestock,1862,2023,,FRA-LAN-1800-2025,high,"subnational vocabulary, scoped to the code system rather than the dataset so an identifier that collides across systems cannot be mismatched. The label is the form this source actually carries (a NUTS-style code), taken from admin_name_clean. Disposition proposed.",
FRA-FRI14,whep-lab-france-livestock,1862,2023,,FRA-LG-1800-2025,high,"subnational vocabulary, scoped to the code system rather than the dataset so an identifier that collides across systems cannot be mismatched. The label is the form this source actually carries (a NUTS-style code), taken from admin_name_clean. Disposition proposed.",
FRA-FRI15,whep-lab-france-livestock,1862,2023,,FRA-64-1800-2025,high,"subnational vocabulary, scoped to the code system rather than the dataset so an identifier that collides across systems cannot be mismatched. The label is the form this source actually carries (a NUTS-style code), taken from admin_name_clean. Disposition proposed.",
FRA-FRI21,whep-lab-france-livestock,1862,2023,,FRA-19-1800-2025,high,"subnational vocabulary, scoped to the code system rather than the dataset so an identifier that collides across systems cannot be mismatched. The label is the form this source actually carries (a NUTS-style code), taken from admin_name_clean. Disposition proposed.",
FRA-FRI22,whep-lab-france-livestock,1862,2023,,FRA-23-1800-2025,high,"subnational vocabulary, scoped to the code system rather than the dataset so an identifier that collides across systems cannot be mismatched. The label is the form this source actually carries (a NUTS-style code), taken from admin_name_clean. Disposition proposed.",
FRA-FRI23,whep-lab-france-livestock,1862,2023,,FRA-HVN-1800-2025,high,"subnational vocabulary, scoped to the code system rather than the dataset so an identifier that collides across systems cannot be mismatched. The label is the form this source actually carries (a NUTS-style code), taken from admin_name_clean. Disposition proposed.",
FRA-FRI31,whep-lab-france-livestock,1862,2023,,FRA-CHTE-1800-2025,medium,"subnational vocabulary, scoped to the code system rather than the dataset so an identifier that collides across systems cannot be mismatched. The label is the form this source actually carries (a NUTS-style code), taken from admin_name_clean. Disposition proposed.",
FRA-FRI32,whep-lab-france-livestock,1862,1918,,FRA-CMAR-1800-2025,high,"subnational vocabulary, scoped to the code system rather than the dataset so an identifier that collides across systems cannot be mismatched. The label is the form this source actually carries (a NUTS-style code), taken from admin_name_clean. Disposition proposed.",
FRA-FRI32,whep-lab-france-livestock,1919,2023,,FRA-CMAR-1800-2025,high,"subnational vocabulary, scoped to the code system rather than the dataset so an identifier that collides across systems cannot be mismatched. The label is the form this source actually carries (a NUTS-style code), taken from admin_name_clean. Disposition proposed.",
FRA-FRI33,whep-lab-france-livestock,1862,2023,,FRA-79-1800-2025,high,"subnational vocabulary, scoped to the code system rather than the dataset so an identifier that collides across systems cannot be mismatched. The label is the form this source actually carries (a NUTS-style code), taken from admin_name_clean. Disposition proposed.",
FRA-FRI34,whep-lab-france-livestock,1862,2023,,FRA-VNE-1800-2025,high,"subnational vocabulary, scoped to the code system rather than the dataset so an identifier that collides across systems cannot be mismatched. The label is the form this source actually carries (a NUTS-style code), taken from admin_name_clean. Disposition proposed.",
FRA-FRJ12,whep-lab-france-livestock,1862,2023,,FRA-GRD-1800-2025,high,"subnational vocabulary, scoped to the code system rather than the dataset so an identifier that collides across systems cannot be mismatched. The label is the form this source actually carries (a NUTS-style code), taken from admin_name_clean. Disposition proposed.",
FRA-FRJ13,whep-lab-france-livestock,1862,2023,,FRA-HER-1800-2025,high,"subnational vocabulary, scoped to the code system rather than the dataset so an identifier that collides across systems cannot be mismatched. The label is the form this source actually carries (a NUTS-style code), taken from admin_name_clean. Disposition proposed.",
FRA-FRJ14,whep-lab-france-livestock,1862,2023,,FRA-48-1800-2025,high,"subnational vocabulary, scoped to the code system rather than the dataset so an identifier that collides across systems cannot be mismatched. The label is the form this source actually carries (a NUTS-style code), taken from admin_name_clean. Disposition proposed.",
FRA-FRJ15,whep-lab-france-livestock,1862,2023,,FRA-PYRO-1790-2025,high,"subnational vocabulary, scoped to the code system rather than the dataset so an identifier that collides across systems cannot be mismatched. The label is the form this source actually carries (a NUTS-style code), taken from admin_name_clean. Disposition proposed.",
FRA-FRJ21,whep-lab-france-livestock,1862,2023,,FRA-ARI-1800-2025,high,"subnational vocabulary, scoped to the code system rather than the dataset so an identifier that collides across systems cannot be mismatched. The label is the form this source actually carries (a NUTS-style code), taken from admin_name_clean. Disposition proposed.",
FRA-FRJ23,whep-lab-france-livestock,1862,2023,,FRA-HG-1800-2025,high,"subnational vocabulary, scoped to the code system rather than the dataset so an identifier that collides across systems cannot be mismatched. The label is the form this source actually carries (a NUTS-style code), taken from admin_name_clean. Disposition proposed.",
FRA-FRJ24,whep-lab-france-livestock,1862,2023,,FRA-D32-1800-2025,high,"subnational vocabulary, scoped to the code system rather than the dataset so an identifier that collides across systems cannot be mismatched. The label is the form this source actually carries (a NUTS-style code), taken from admin_name_clean. Disposition proposed.",
FRA-FRJ25,whep-lab-france-livestock,1862,2023,,FRA-LOT-1800-2025,high,"subnational vocabulary, scoped to the code system rather than the dataset so an identifier that collides across systems cannot be mismatched. The label is the form this source actually carries (a NUTS-style code), taken from admin_name_clean. Disposition proposed.",
FRA-FRJ26,whep-lab-france-livestock,1862,2023,,FRA-HP-1790-2025,high,"subnational vocabulary, scoped to the code system rather than the dataset so an identifier that collides across systems cannot be mismatched. The label is the form this source actually carries (a NUTS-style code), taken from admin_name_clean. Disposition proposed.",
FRA-FRJ27,whep-lab-france-livestock,1862,2023,,FRA-81-1800-2025,high,"subnational vocabulary, scoped to the code system rather than the dataset so an identifier that collides across systems cannot be mismatched. The label is the form this source actually carries (a NUTS-style code), taken from admin_name_clean. Disposition proposed.",
FRA-FRJ28,whep-lab-france-livestock,1862,2023,,FRA-TG-1808-2025,high,"subnational vocabulary, scoped to the code system rather than the dataset so an identifier that collides across systems cannot be mismatched. The label is the form this source actually carries (a NUTS-style code), taken from admin_name_clean. Disposition proposed.",
FRA-FRK11,whep-lab-france-livestock,1862,2023,,FRA-ALL-1800-2025,high,"subnational vocabulary, scoped to the code system rather than the dataset so an identifier that collides across systems cannot be mismatched. The label is the form this source actually carries (a NUTS-style code), taken from admin_name_clean. Disposition proposed.",
FRA-FRK12,whep-lab-france-livestock,1862,2023,,FRA-CANTAL-1800-2025,high,"subnational vocabulary, scoped to the code system rather than the dataset so an identifier that collides across systems cannot be mismatched. The label is the form this source actually carries (a NUTS-style code), taken from admin_name_clean. Disposition proposed.",
FRA-FRK13,whep-lab-france-livestock,1862,2023,,FRA-HLO-1800-2025,high,"subnational vocabulary, scoped to the code system rather than the dataset so an identifier that collides across systems cannot be mismatched. The label is the form this source actually carries (a NUTS-style code), taken from admin_name_clean. Disposition proposed.",
FRA-FRK14,whep-lab-france-livestock,1862,2023,,FRA-PDD-1800-2025,high,"subnational vocabulary, scoped to the code system rather than the dataset so an identifier that collides across systems cannot be mismatched. The label is the form this source actually carries (a NUTS-style code), taken from admin_name_clean. Disposition proposed.",
FRA-FRK21,whep-lab-france-livestock,1862,2023,,FRA-AIN-1800-2025,high,"subnational vocabulary, scoped to the code system rather than the dataset so an identifier that collides across systems cannot be mismatched. The label is the form this source actually carries (a NUTS-style code), taken from admin_name_clean. Disposition proposed.",
FRA-FRK22,whep-lab-france-livestock,1862,2023,,FRA-ARD-1800-2025,high,"subnational vocabulary, scoped to the code system rather than the dataset so an identifier that collides across systems cannot be mismatched. The label is the form this source actually carries (a NUTS-style code), taken from admin_name_clean. Disposition proposed.",
FRA-FRK23,whep-lab-france-livestock,1862,2023,,FRA-DRO-1800-2025,high,"subnational vocabulary, scoped to the code system rather than the dataset so an identifier that collides across systems cannot be mismatched. The label is the form this source actually carries (a NUTS-style code), taken from admin_name_clean. Disposition proposed.",
FRA-FRK24,whep-lab-france-livestock,1862,2023,,FRA-ISE-1800-2025,high,"subnational vocabulary, scoped to the code system rather than the dataset so an identifier that collides across systems cannot be mismatched. The label is the form this source actually carries (a NUTS-style code), taken from admin_name_clean. Disposition proposed.",
FRA-FRK25,whep-lab-france-livestock,1862,2023,,FRA-42-1800-2025,high,"subnational vocabulary, scoped to the code system rather than the dataset so an identifier that collides across systems cannot be mismatched. The label is the form this source actually carries (a NUTS-style code), taken from admin_name_clean. Disposition proposed.",
FRA-FRK26,whep-lab-france-livestock,1862,2023,,FRA-RHO-1800-2025,high,"subnational vocabulary, scoped to the code system rather than the dataset so an identifier that collides across systems cannot be mismatched. The label is the form this source actually carries (a NUTS-style code), taken from admin_name_clean. Disposition proposed.",
FRA-FRK27,whep-lab-france-livestock,1862,2023,,FRA-SAV-1860-2025,medium,"subnational vocabulary, scoped to the code system rather than the dataset so an identifier that collides across systems cannot be mismatched. The label is the form this source actually carries (a NUTS-style code), taken from admin_name_clean. Disposition proposed.",
FRA-FRK28,whep-lab-france-livestock,1860,2023,,FRA-HSAV-1860-2025,medium,"subnational vocabulary, scoped to the code system rather than the dataset so an identifier that collides across systems cannot be mismatched. The label is the form this source actually carries (a NUTS-style code), taken from admin_name_clean. Disposition proposed.",
FRA-FRL01,whep-lab-france-livestock,1862,2023,,FRA-04-1790-2025,high,"subnational vocabulary, scoped to the code system rather than the dataset so an identifier that collides across systems cannot be mismatched. The label is the form this source actually carries (a NUTS-style code), taken from admin_name_clean. Disposition proposed.",
FRA-FRL02,whep-lab-france-livestock,1862,2023,,FRA-05-1790-2025,high,"subnational vocabulary, scoped to the code system rather than the dataset so an identifier that collides across systems cannot be mismatched. The label is the form this source actually carries (a NUTS-style code), taken from admin_name_clean. Disposition proposed.",
FRA-FRL03,whep-lab-france-livestock,1862,2023,,FRA-AM-1860-2025,medium,"subnational vocabulary, scoped to the code system rather than the dataset so an identifier that collides across systems cannot be mismatched. The label is the form this source actually carries (a NUTS-style code), taken from admin_name_clean. Disposition proposed.",
FRA-FRL04,whep-lab-france-livestock,1862,2023,,FRA-13-1790-2025,high,"subnational vocabulary, scoped to the code system rather than the dataset so an identifier that collides across systems cannot be mismatched. The label is the form this source actually carries (a NUTS-style code), taken from admin_name_clean. Disposition proposed.",
FRA-FRL05,whep-lab-france-livestock,1862,2023,,FRA-83-1790-2025,high,"subnational vocabulary, scoped to the code system rather than the dataset so an identifier that collides across systems cannot be mismatched. The label is the form this source actually carries (a NUTS-style code), taken from admin_name_clean. Disposition proposed.",
FRA-FRL06,whep-lab-france-livestock,1862,2023,,FRA-84-1790-2025,medium,"subnational vocabulary, scoped to the code system rather than the dataset so an identifier that collides across systems cannot be mismatched. The label is the form this source actually carries (a NUTS-style code), taken from admin_name_clean. Disposition proposed.",
JPN-AICHI,whep-lab-japan,1883,2022,,JPN-AICHI-1871-2025,high,"subnational vocabulary, scoped to the code system rather than the dataset so an identifier that collides across systems cannot be mismatched. The label is the form this source actually carries (a unit name), taken from admin_name_clean. Disposition matched.",
JPN-AKITA,whep-lab-japan,1883,2022,,JPN-AKITA-1871-2025,high,"subnational vocabulary, scoped to the code system rather than the dataset so an identifier that collides across systems cannot be mismatched. The label is the form this source actually carries (a unit name), taken from admin_name_clean. Disposition matched.",
JPN-AOMORI,whep-lab-japan,1883,2022,,JPN-AOMORI-1871-2025,high,"subnational vocabulary, scoped to the code system rather than the dataset so an identifier that collides across systems cannot be mismatched. The label is the form this source actually carries (a unit name), taken from admin_name_clean. Disposition matched.",
JPN-CHIBA,whep-lab-japan,1883,2022,,JPN-CHIBA-1871-2025,high,"subnational vocabulary, scoped to the code system rather than the dataset so an identifier that collides across systems cannot be mismatched. The label is the form this source actually carries (a unit name), taken from admin_name_clean. Disposition matched.",
JPN-EHIME,whep-lab-japan,1883,2022,,JPN-EHIME-1871-2025,high,"subnational vocabulary, scoped to the code system rather than the dataset so an identifier that collides across systems cannot be mismatched. The label is the form this source actually carries (a unit name), taken from admin_name_clean. Disposition matched.",
JPN-FUKUI,whep-lab-japan,1883,2022,,JPN-FUKUI-1871-2025,high,"subnational vocabulary, scoped to the code system rather than the dataset so an identifier that collides across systems cannot be mismatched. The label is the form this source actually carries (a unit name), taken from admin_name_clean. Disposition matched.",
JPN-FUKUOKA,whep-lab-japan,1883,2022,,JPN-FUKUOKA-1871-2025,high,"subnational vocabulary, scoped to the code system rather than the dataset so an identifier that collides across systems cannot be mismatched. The label is the form this source actually carries (a unit name), taken from admin_name_clean. Disposition matched.",
JPN-FUKUSHIMA,whep-lab-japan,1883,2022,,JPN-FUKUSHIMA-1871-2025,high,"subnational vocabulary, scoped to the code system rather than the dataset so an identifier that collides across systems cannot be mismatched. The label is the form this source actually carries (a unit name), taken from admin_name_clean. Disposition matched.",
JPN-GIFU,whep-lab-japan,1883,2022,,JPN-GIFU-1871-2025,high,"subnational vocabulary, scoped to the code system rather than the dataset so an identifier that collides across systems cannot be mismatched. The label is the form this source actually carries (a unit name), taken from admin_name_clean. Disposition matched.",
JPN-GUMMA,whep-lab-japan,1883,2022,,JPN-GUMMA-1871-2025,high,"subnational vocabulary, scoped to the code system rather than the dataset so an identifier that collides across systems cannot be mismatched. The label is the form this source actually carries (a unit name), taken from admin_name_clean. Disposition matched.",
JPN-HIROSHIMA,whep-lab-japan,1883,2022,,JPN-HIROSHIMA-1871-2025,high,"subnational vocabulary, scoped to the code system rather than the dataset so an identifier that collides across systems cannot be mismatched. The label is the form this source actually carries (a unit name), taken from admin_name_clean. Disposition matched.",
JPN-HOKKAIDO,whep-lab-japan,1883,2022,,JPN-HOKKAIDO-1871-2025,high,"subnational vocabulary, scoped to the code system rather than the dataset so an identifier that collides across systems cannot be mismatched. The label is the form this source actually carries (a unit name), taken from admin_name_clean. Disposition matched.",
JPN-HYOGO,whep-lab-japan,1883,2022,,JPN-HYOGO-1871-2025,high,"subnational vocabulary, scoped to the code system rather than the dataset so an identifier that collides across systems cannot be mismatched. The label is the form this source actually carries (a unit name), taken from admin_name_clean. Disposition matched.",
JPN-IBARAKI,whep-lab-japan,1883,2022,,JPN-IBARAKI-1871-2025,high,"subnational vocabulary, scoped to the code system rather than the dataset so an identifier that collides across systems cannot be mismatched. The label is the form this source actually carries (a unit name), taken from admin_name_clean. Disposition matched.",
JPN-ISHIKAWA,whep-lab-japan,1883,2022,,JPN-ISHIKAWA-1871-2025,high,"subnational vocabulary, scoped to the code system rather than the dataset so an identifier that collides across systems cannot be mismatched. The label is the form this source actually carries (a unit name), taken from admin_name_clean. Disposition matched.",
JPN-IWATE,whep-lab-japan,1883,2022,,JPN-IWATE-1871-2025,high,"subnational vocabulary, scoped to the code system rather than the dataset so an identifier that collides across systems cannot be mismatched. The label is the form this source actually carries (a unit name), taken from admin_name_clean. Disposition matched.",
JPN-KAGAWA,whep-lab-japan,1883,2022,,JPN-KAGAWA-1871-2025,high,"subnational vocabulary, scoped to the code system rather than the dataset so an identifier that collides across systems cannot be mismatched. The label is the form this source actually carries (a unit name), taken from admin_name_clean. Disposition matched.",
JPN-KAGOSHIMA,whep-lab-japan,1883,2022,,JPN-KAGOSHIMA-1871-2025,high,"subnational vocabulary, scoped to the code system rather than the dataset so an identifier that collides across systems cannot be mismatched. The label is the form this source actually carries (a unit name), taken from admin_name_clean. Disposition matched.",
JPN-KANAGAWA,whep-lab-japan,1883,2022,,JPN-KANAGAWA-1871-2025,high,"subnational vocabulary, scoped to the code system rather than the dataset so an identifier that collides across systems cannot be mismatched. The label is the form this source actually carries (a unit name), taken from admin_name_clean. Disposition matched.",
JPN-KOCHI,whep-lab-japan,1883,2022,,JPN-KOCHI-1871-2025,high,"subnational vocabulary, scoped to the code system rather than the dataset so an identifier that collides across systems cannot be mismatched. The label is the form this source actually carries (a unit name), taken from admin_name_clean. Disposition matched.",
JPN-KUMAMOTO,whep-lab-japan,1883,2022,,JPN-KUMAMOTO-1871-2025,high,"subnational vocabulary, scoped to the code system rather than the dataset so an identifier that collides across systems cannot be mismatched. The label is the form this source actually carries (a unit name), taken from admin_name_clean. Disposition matched.",
JPN-KYOTO,whep-lab-japan,1883,2022,,JPN-KYOTO-1871-2025,high,"subnational vocabulary, scoped to the code system rather than the dataset so an identifier that collides across systems cannot be mismatched. The label is the form this source actually carries (a unit name), taken from admin_name_clean. Disposition matched.",
JPN-MIE,whep-lab-japan,1883,2022,,JPN-MIE-1871-2025,high,"subnational vocabulary, scoped to the code system rather than the dataset so an identifier that collides across systems cannot be mismatched. The label is the form this source actually carries (a unit name), taken from admin_name_clean. Disposition matched.",
JPN-MIYAGI,whep-lab-japan,1883,2022,,JPN-MIYAGI-1871-2025,high,"subnational vocabulary, scoped to the code system rather than the dataset so an identifier that collides across systems cannot be mismatched. The label is the form this source actually carries (a unit name), taken from admin_name_clean. Disposition matched.",
JPN-MIYAZAKI,whep-lab-japan,1883,2022,,JPN-MIYAZAKI-1871-2025,high,"subnational vocabulary, scoped to the code system rather than the dataset so an identifier that collides across systems cannot be mismatched. The label is the form this source actually carries (a unit name), taken from admin_name_clean. Disposition matched.",
JPN-NAGANO,whep-lab-japan,1883,2022,,JPN-NAGANO-1871-2025,high,"subnational vocabulary, scoped to the code system rather than the dataset so an identifier that collides across systems cannot be mismatched. The label is the form this source actually carries (a unit name), taken from admin_name_clean. Disposition matched.",
JPN-NAGASAKI,whep-lab-japan,1883,2022,,JPN-NAGASAKI-1871-2025,high,"subnational vocabulary, scoped to the code system rather than the dataset so an identifier that collides across systems cannot be mismatched. The label is the form this source actually carries (a unit name), taken from admin_name_clean. Disposition matched.",
JPN-NARA,whep-lab-japan,1883,2022,,JPN-NARA-1871-2025,high,"subnational vocabulary, scoped to the code system rather than the dataset so an identifier that collides across systems cannot be mismatched. The label is the form this source actually carries (a unit name), taken from admin_name_clean. Disposition matched.",
JPN-NIIGATA,whep-lab-japan,1883,2022,,JPN-NIIGATA-1871-2025,high,"subnational vocabulary, scoped to the code system rather than the dataset so an identifier that collides across systems cannot be mismatched. The label is the form this source actually carries (a unit name), taken from admin_name_clean. Disposition matched.",
JPN-OITA,whep-lab-japan,1883,2022,,JPN-OITA-1871-2025,high,"subnational vocabulary, scoped to the code system rather than the dataset so an identifier that collides across systems cannot be mismatched. The label is the form this source actually carries (a unit name), taken from admin_name_clean. Disposition matched.",
JPN-OKAYAMA,whep-lab-japan,1883,2022,,JPN-OKAYAMA-1871-2025,high,"subnational vocabulary, scoped to the code system rather than the dataset so an identifier that collides across systems cannot be mismatched. The label is the form this source actually carries (a unit name), taken from admin_name_clean. Disposition matched.",
JPN-OSAKA,whep-lab-japan,1883,2022,,JPN-OSAKA-1871-2025,high,"subnational vocabulary, scoped to the code system rather than the dataset so an identifier that collides across systems cannot be mismatched. The label is the form this source actually carries (a unit name), taken from admin_name_clean. Disposition matched.",
JPN-SAGA,whep-lab-japan,1883,2022,,JPN-SAGA-1871-2025,high,"subnational vocabulary, scoped to the code system rather than the dataset so an identifier that collides across systems cannot be mismatched. The label is the form this source actually carries (a unit name), taken from admin_name_clean. Disposition matched.",
JPN-SAITAMA,whep-lab-japan,1883,2022,,JPN-SAITAMA-1871-2025,high,"subnational vocabulary, scoped to the code system rather than the dataset so an identifier that collides across systems cannot be mismatched. The label is the form this source actually carries (a unit name), taken from admin_name_clean. Disposition matched.",
JPN-SHIGA,whep-lab-japan,1883,2022,,JPN-SHIGA-1871-2025,high,"subnational vocabulary, scoped to the code system rather than the dataset so an identifier that collides across systems cannot be mismatched. The label is the form this source actually carries (a unit name), taken from admin_name_clean. Disposition matched.",
JPN-SHIMANE,whep-lab-japan,1883,2022,,JPN-SHIMANE-1871-2025,high,"subnational vocabulary, scoped to the code system rather than the dataset so an identifier that collides across systems cannot be mismatched. The label is the form this source actually carries (a unit name), taken from admin_name_clean. Disposition matched.",
JPN-SHIZUOKA,whep-lab-japan,1883,2022,,JPN-SHIZUOKA-1871-2025,high,"subnational vocabulary, scoped to the code system rather than the dataset so an identifier that collides across systems cannot be mismatched. The label is the form this source actually carries (a unit name), taken from admin_name_clean. Disposition matched.",
JPN-TOCHIGI,whep-lab-japan,1883,2022,,JPN-TOCHIGI-1871-2025,high,"subnational vocabulary, scoped to the code system rather than the dataset so an identifier that collides across systems cannot be mismatched. The label is the form this source actually carries (a unit name), taken from admin_name_clean. Disposition matched.",
JPN-TOKUSHIMA,whep-lab-japan,1883,2022,,JPN-TOKUSHIMA-1871-2025,high,"subnational vocabulary, scoped to the code system rather than the dataset so an identifier that collides across systems cannot be mismatched. The label is the form this source actually carries (a unit name), taken from admin_name_clean. Disposition matched.",
JPN-TOKYO,whep-lab-japan,1883,2022,,JPN-TOKYO-1871-2025,high,"subnational vocabulary, scoped to the code system rather than the dataset so an identifier that collides across systems cannot be mismatched. The label is the form this source actually carries (a unit name), taken from admin_name_clean. Disposition matched.",
JPN-TOTTORI,whep-lab-japan,1883,2022,,JPN-TOTTORI-1871-2025,high,"subnational vocabulary, scoped to the code system rather than the dataset so an identifier that collides across systems cannot be mismatched. The label is the form this source actually carries (a unit name), taken from admin_name_clean. Disposition matched.",
JPN-TOYAMA,whep-lab-japan,1883,2022,,JPN-TOYAMA-1871-2025,high,"subnational vocabulary, scoped to the code system rather than the dataset so an identifier that collides across systems cannot be mismatched. The label is the form this source actually carries (a unit name), taken from admin_name_clean. Disposition matched.",
JPN-WAKAYAMA,whep-lab-japan,1883,2022,,JPN-WAKAYAMA-1871-2025,high,"subnational vocabulary, scoped to the code system rather than the dataset so an identifier that collides across systems cannot be mismatched. The label is the form this source actually carries (a unit name), taken from admin_name_clean. Disposition matched.",
JPN-YAMAGATA,whep-lab-japan,1883,2022,,JPN-YAMAGATA-1871-2025,high,"subnational vocabulary, scoped to the code system rather than the dataset so an identifier that collides across systems cannot be mismatched. The label is the form this source actually carries (a unit name), taken from admin_name_clean. Disposition matched.",
JPN-YAMAGUCHI,whep-lab-japan,1883,2022,,JPN-YAMAGUCHI-1871-2025,high,"subnational vocabulary, scoped to the code system rather than the dataset so an identifier that collides across systems cannot be mismatched. The label is the form this source actually carries (a unit name), taken from admin_name_clean. Disposition matched.",
JPN-YAMANASHI,whep-lab-japan,1883,2022,,JPN-YAMANASHI-1871-2025,high,"subnational vocabulary, scoped to the code system rather than the dataset so an identifier that collides across systems cannot be mismatched. The label is the form this source actually carries (a unit name), taken from admin_name_clean. Disposition matched.",
MEX-AGUASCALIENTES,whep-lab-latam,1900,2023,,MEX-AGS-1857-2025,medium,"subnational vocabulary, scoped to the code system rather than the dataset so an identifier that collides across systems cannot be mismatched. The label is the form this source actually carries (a unit name), taken from admin_name_clean. Disposition proposed.",
MEX-BAJACALIFORNIA,whep-lab-latam,1952,2023,,MEX-BCN-1952-2025,high,"subnational vocabulary, scoped to the code system rather than the dataset so an identifier that collides across systems cannot be mismatched. The label is the form this source actually carries (a unit name), taken from admin_name_clean. Disposition proposed.",
MEX-BAJACALIFORNIASUR,whep-lab-latam,1931,2023,,MEX-BCS-1931-2025,medium,"subnational vocabulary, scoped to the code system rather than the dataset so an identifier that collides across systems cannot be mismatched. The label is the form this source actually carries (a unit name), taken from admin_name_clean. Disposition proposed.",
MEX-CAMPECHE,whep-lab-latam,1900,2023,,MEX-CAM-1863-2025,medium,"subnational vocabulary, scoped to the code system rather than the dataset so an identifier that collides across systems cannot be mismatched. The label is the form this source actually carries (a unit name), taken from admin_name_clean. Disposition proposed.",
MEX-CHIAPAS,whep-lab-latam,1900,2023,,MEX-CHIAPAS-1824-2025,medium,"subnational vocabulary, scoped to the code system rather than the dataset so an identifier that collides across systems cannot be mismatched. The label is the form this source actually carries (a unit name), taken from admin_name_clean. Disposition proposed.",
MEX-CHIHUAHUA,whep-lab-latam,1900,2023,,MEX-CHIHUAHUA-1824-2025,medium,"subnational vocabulary, scoped to the code system rather than the dataset so an identifier that collides across systems cannot be mismatched. The label is the form this source actually carries (a unit name), taken from admin_name_clean. Disposition proposed.",
MEX-CMX,whep-lab-latam,1900,2023,,MEX-CMX-1824-2025,medium,"subnational vocabulary, scoped to the code system rather than the dataset so an identifier that collides across systems cannot be mismatched. The label is the form this source actually carries (a unit name), taken from admin_name_clean. Disposition proposed.",
MEX-COAHUILA,whep-lab-latam,1900,2023,,MEX-COAH-1824-2025,medium,"subnational vocabulary, scoped to the code system rather than the dataset so an identifier that collides across systems cannot be mismatched. The label is the form this source actually carries (a unit name), taken from admin_name_clean. Disposition proposed.",
MEX-COLIMA,whep-lab-latam,1900,2023,,MEX-COL-1857-2025,medium,"subnational vocabulary, scoped to the code system rather than the dataset so an identifier that collides across systems cannot be mismatched. The label is the form this source actually carries (a unit name), taken from admin_name_clean. Disposition proposed.",
MEX-DURANGO,whep-lab-latam,1900,2023,,MEX-DGO-1824-2025,medium,"subnational vocabulary, scoped to the code system rather than the dataset so an identifier that collides across systems cannot be mismatched. The label is the form this source actually carries (a unit name), taken from admin_name_clean. Disposition proposed.",
MEX-GUANAJUATO,whep-lab-latam,1900,2023,,MEX-GUANAJUATO-1824-2025,high,"subnational vocabulary, scoped to the code system rather than the dataset so an identifier that collides across systems cannot be mismatched. The label is the form this source actually carries (a unit name), taken from admin_name_clean. Disposition proposed.",
MEX-GUERRERO,whep-lab-latam,1900,2023,,MEX-GUE-1849-2025,medium,"subnational vocabulary, scoped to the code system rather than the dataset so an identifier that collides across systems cannot be mismatched. The label is the form this source actually carries (a unit name), taken from admin_name_clean. Disposition proposed.",
MEX-HIDALGO,whep-lab-latam,1900,2023,,MEX-HIDALGO-1869-2025,medium,"subnational vocabulary, scoped to the code system rather than the dataset so an identifier that collides across systems cannot be mismatched. The label is the form this source actually carries (a unit name), taken from admin_name_clean. Disposition proposed.",
MEX-JALISCO,whep-lab-latam,1900,2023,,MEX-JALISCO-1824-2025,high,"subnational vocabulary, scoped to the code system rather than the dataset so an identifier that collides across systems cannot be mismatched. The label is the form this source actually carries (a unit name), taken from admin_name_clean. Disposition proposed.",
MEX-MEX,whep-lab-latam,1900,2023,,MEX-MEX-1824-2025,medium,"subnational vocabulary, scoped to the code system rather than the dataset so an identifier that collides across systems cannot be mismatched. The label is the form this source actually carries (a unit name), taken from admin_name_clean. Disposition proposed.",
MEX-MICHOACAN,whep-lab-latam,1900,2023,,MEX-MICHOACAN-1824-2025,high,"subnational vocabulary, scoped to the code system rather than the dataset so an identifier that collides across systems cannot be mismatched. The label is the form this source actually carries (a unit name), taken from admin_name_clean. Disposition proposed.",
MEX-MORELOS,whep-lab-latam,1900,2023,,MEX-MOR-1869-2025,medium,"subnational vocabulary, scoped to the code system rather than the dataset so an identifier that collides across systems cannot be mismatched. The label is the form this source actually carries (a unit name), taken from admin_name_clean. Disposition proposed.",
MEX-NAYARIT,whep-lab-latam,1917,2023,,MEX-NAYARIT-1917-2025,medium,"subnational vocabulary, scoped to the code system rather than the dataset so an identifier that collides across systems cannot be mismatched. The label is the form this source actually carries (a unit name), taken from admin_name_clean. Disposition proposed.",
MEX-NUEVOLEON,whep-lab-latam,1900,2023,,MEX-NL-1824-2025,medium,"subnational vocabulary, scoped to the code system rather than the dataset so an identifier that collides across systems cannot be mismatched. The label is the form this source actually carries (a unit name), taken from admin_name_clean. Disposition proposed.",
MEX-OAXACA,whep-lab-latam,1900,2023,,MEX-OAXACA-1824-2025,medium,"subnational vocabulary, scoped to the code system rather than the dataset so an identifier that collides across systems cannot be mismatched. The label is the form this source actually carries (a unit name), taken from admin_name_clean. Disposition proposed.",
MEX-PUEBLA,whep-lab-latam,1900,2023,,MEX-PUE-1824-2025,high,"subnational vocabulary, scoped to the code system rather than the dataset so an identifier that collides across systems cannot be mismatched. The label is the form this source actually carries (a unit name), taken from admin_name_clean. Disposition proposed.",
MEX-QUERETARO,whep-lab-latam,1900,2023,,MEX-QUERETARO-1824-2025,medium,"subnational vocabulary, scoped to the code system rather than the dataset so an identifier that collides across systems cannot be mismatched. The label is the form this source actually carries (a unit name), taken from admin_name_clean. Disposition proposed.",
MEX-QUINTANAROO,whep-lab-latam,1902,2023,,MEX-QROO-1902-2025,medium,"subnational vocabulary, scoped to the code system rather than the dataset so an identifier that collides across systems cannot be mismatched. The label is the form this source actually carries (a unit name), taken from admin_name_clean. Disposition proposed.",
MEX-SANLUISPOTOSI,whep-lab-latam,1900,2023,,MEX-SANLUISPOTOSI-1824-2025,medium,"subnational vocabulary, scoped to the code system rather than the dataset so an identifier that collides across systems cannot be mismatched. The label is the form this source actually carries (a unit name), taken from admin_name_clean. Disposition proposed.",
MEX-SINALOA,whep-lab-latam,1900,2023,,MEX-SIN-1830-2025,medium,"subnational vocabulary, scoped to the code system rather than the dataset so an identifier that collides across systems cannot be mismatched. The label is the form this source actually carries (a unit name), taken from admin_name_clean. Disposition proposed.",
MEX-SONORA,whep-lab-latam,1900,2023,,MEX-SON-1830-2025,medium,"subnational vocabulary, scoped to the code system rather than the dataset so an identifier that collides across systems cannot be mismatched. The label is the form this source actually carries (a unit name), taken from admin_name_clean. Disposition proposed.",
MEX-TABASCO,whep-lab-latam,1900,2023,,MEX-TABASCO-1824-2025,medium,"subnational vocabulary, scoped to the code system rather than the dataset so an identifier that collides across systems cannot be mismatched. The label is the form this source actually carries (a unit name), taken from admin_name_clean. Disposition proposed.",
MEX-TAMAULIPAS,whep-lab-latam,1900,2023,,MEX-TAMAULIPAS-1824-2025,medium,"subnational vocabulary, scoped to the code system rather than the dataset so an identifier that collides across systems cannot be mismatched. The label is the form this source actually carries (a unit name), taken from admin_name_clean. Disposition proposed.",
MEX-TLAXCALA,whep-lab-latam,1900,2023,,MEX-TLAX-1857-2025,medium,"subnational vocabulary, scoped to the code system rather than the dataset so an identifier that collides across systems cannot be mismatched. The label is the form this source actually carries (a unit name), taken from admin_name_clean. Disposition proposed.",
MEX-VERACRUZ,whep-lab-latam,1900,2023,,MEX-VERACRUZ-1824-2025,medium,"subnational vocabulary, scoped to the code system rather than the dataset so an identifier that collides across systems cannot be mismatched. The label is the form this source actually carries (a unit name), taken from admin_name_clean. Disposition proposed.",
MEX-YUCATAN,whep-lab-latam,1900,2023,,MEX-YUC-1824-2025,medium,"subnational vocabulary, scoped to the code system rather than the dataset so an identifier that collides across systems cannot be mismatched. The label is the form this source actually carries (a unit name), taken from admin_name_clean. Disposition proposed.",
MEX-ZACATECAS,whep-lab-latam,1900,2023,,MEX-ZAC-1824-2025,medium,"subnational vocabulary, scoped to the code system rather than the dataset so an identifier that collides across systems cannot be mismatched. The label is the form this source actually carries (a unit name), taken from admin_name_clean. Disposition proposed.",
BOL-BEN,whep-lab-latam,1900,2023,,BOL-BEN-1842-2025,high,"derived from the unit's own page rather than its coverage segments — those named a bare family prefix (e.g. COL-CESAR) instead of a full polity code, so the row was skipped. Clipped to the target's own span.",
BOL-CHUQUISACA,whep-lab-latam,1900,2023,,BOL-CHUQ-1825-2025,high,"derived from the unit's own page rather than its coverage segments — those named a bare family prefix (e.g. COL-CESAR) instead of a full polity code, so the row was skipped. Clipped to the target's own span.",
BOL-COCHABAMBA,whep-lab-latam,1900,2023,,BOL-COCH-1825-2025,high,"derived from the unit's own page rather than its coverage segments — those named a bare family prefix (e.g. COL-CESAR) instead of a full polity code, so the row was skipped. Clipped to the target's own span.",
BOL-LAPAZ,whep-lab-latam,1900,2023,,BOL-LP-1825-2025,high,"derived from the unit's own page rather than its coverage segments — those named a bare family prefix (e.g. COL-CESAR) instead of a full polity code, so the row was skipped. Clipped to the target's own span.",
BOL-ORURO,whep-lab-latam,1900,2023,,BOL-ORU-1825-2025,high,"derived from the unit's own page rather than its coverage segments — those named a bare family prefix (e.g. COL-CESAR) instead of a full polity code, so the row was skipped. Clipped to the target's own span.",
BOL-PANDO,whep-lab-latam,1938,2023,,BOL-PND-1938-2025,medium,"derived from the unit's own page rather than its coverage segments — those named a bare family prefix (e.g. COL-CESAR) instead of a full polity code, so the row was skipped. Clipped to the target's own span.",
BOL-POTOSI,whep-lab-latam,1900,2023,,BOL-POT-1825-2025,high,"derived from the unit's own page rather than its coverage segments — those named a bare family prefix (e.g. COL-CESAR) instead of a full polity code, so the row was skipped. Clipped to the target's own span.",
BOL-SANTACRUZ,whep-lab-latam,1900,2023,,BOL-SZ-1825-2025,medium,"derived from the unit's own page rather than its coverage segments — those named a bare family prefix (e.g. COL-CESAR) instead of a full polity code, so the row was skipped. Clipped to the target's own span.",
BOL-TARIJA,whep-lab-latam,1900,2023,,BOL-TARIJA-1831-2025,high,"derived from the unit's own page rather than its coverage segments — those named a bare family prefix (e.g. COL-CESAR) instead of a full polity code, so the row was skipped. Clipped to the target's own span.",
BRA-ACRE,whep-lab-latam,1962,2023,,BRA-ACRE-1962-2025,medium,"derived from the unit's own page rather than its coverage segments — those named a bare family prefix (e.g. COL-CESAR) instead of a full polity code, so the row was skipped. Clipped to the target's own span.",
BRA-RORAIMA,whep-lab-latam,1988,2023,,BRA-RORAIMA-1988-2025,medium,"derived from the unit's own page rather than its coverage segments — those named a bare family prefix (e.g. COL-CESAR) instead of a full polity code, so the row was skipped. Clipped to the target's own span.",
BRA-TOCANTINS,whep-lab-latam,1988,2023,,BRA-TOCANTINS-1988-2025,high,"derived from the unit's own page rather than its coverage segments — those named a bare family prefix (e.g. COL-CESAR) instead of a full polity code, so the row was skipped. Clipped to the target's own span.",
CHL-AT,whep-lab-latam,1976,2023,,CHL-AT-1976-2025,high,"derived from the unit's own page rather than its coverage segments — those named a bare family prefix (e.g. COL-CESAR) instead of a full polity code, so the row was skipped. Clipped to the target's own span.",
CHL-LL,whep-lab-latam,1976,2023,,CHL-LL-1976-2025,medium,"derived from the unit's own page rather than its coverage segments — those named a bare family prefix (e.g. COL-CESAR) instead of a full polity code, so the row was skipped. Clipped to the target's own span.",
COL-ARAUCA,whep-lab-latam,1991,2023,,COL-ARA-1991-2025,medium,"derived from the unit's own page rather than its coverage segments — those named a bare family prefix (e.g. COL-CESAR) instead of a full polity code, so the row was skipped. Clipped to the target's own span.",
COL-CESAR,whep-lab-latam,1967,2023,,COL-CESAR-1967-2025,medium,"derived from the unit's own page rather than its coverage segments — those named a bare family prefix (e.g. COL-CESAR) instead of a full polity code, so the row was skipped. Clipped to the target's own span.",
COL-META,whep-lab-latam,1959,2023,,COL-META-1959-2025,medium,"derived from the unit's own page rather than its coverage segments — those named a bare family prefix (e.g. COL-CESAR) instead of a full polity code, so the row was skipped. Clipped to the target's own span.",
COL-RISARALDA,whep-lab-latam,1966,2023,,COL-RISARALDA-1966-2025,medium,"derived from the unit's own page rather than its coverage segments — those named a bare family prefix (e.g. COL-CESAR) instead of a full polity code, so the row was skipped. Clipped to the target's own span.",
FRA-FRF11,whep-lab-france-livestock,1919,2023,,FRA-67-1919-2025,high,"derived from the unit's own page rather than its coverage segments — those named a bare family prefix (e.g. COL-CESAR) instead of a full polity code, so the row was skipped. Clipped to the target's own span.",
FRA-FRF12,whep-lab-france-livestock,1919,2023,,FRA-68-1919-2025,medium,"derived from the unit's own page rather than its coverage segments — those named a bare family prefix (e.g. COL-CESAR) instead of a full polity code, so the row was skipped. Clipped to the target's own span.",
FRA-FRJ11,whep-lab-france-livestock,1862,2023,,FRA-AUD-1800-2025,high,"derived from the unit's own page rather than its coverage segments — those named a bare family prefix (e.g. COL-CESAR) instead of a full polity code, so the row was skipped. Clipped to the target's own span.",
FRA-FRM01,whep-lab-france-livestock,1975,2023,,FRA-2A-1975-2025,high,"derived from the unit's own page rather than its coverage segments — those named a bare family prefix (e.g. COL-CESAR) instead of a full polity code, so the row was skipped. Clipped to the target's own span.",
ESP-ES531,whep-lab-spain-provinces,1880,2021,,ESP-IBZ-1833-2025,medium,"added after repairing a duplicate polity_code: two Balearic pages declared one code so a territory was absent from the table, and two French ledger rows pointed at codes their pages no longer declare. Clipped to the target's own span.",
FRA-FRH04,whep-lab-france-livestock,1862,2023,,FRA-MOR-1790-2025,medium,"added after repairing a duplicate polity_code: two Balearic pages declared one code so a territory was absent from the table, and two French ledger rows pointed at codes their pages no longer declare. Clipped to the target's own span.",
FRA-FRJ22,whep-lab-france-livestock,1862,2023,,FRA-12-1800-2025,medium,"added after repairing a duplicate polity_code: two Balearic pages declared one code so a territory was absent from the table, and two French ledger rows pointed at codes their pages no longer declare. Clipped to the target's own span.",
12,ibge-uf,1962,2023,,BRA-ACRE-1962-2025,medium,"two-digit IBGE UF code from geobr's `code_state`, which is what SIDRA emits; matched on geobr's own `name_state`. Clipped to the target's own span.",
27,ibge-uf,1900,2023,,BRA-ALAGOAS-1889-2025,high,"two-digit IBGE UF code from geobr's `code_state`, which is what SIDRA emits; matched on geobr's own `name_state`. Clipped to the target's own span.",
16,ibge-uf,1943,2023,,BRA-AMAPA-1943-2025,high,"two-digit IBGE UF code from geobr's `code_state`, which is what SIDRA emits; matched on geobr's own `name_state`. Clipped to the target's own span.",
13,ibge-uf,1900,2023,,BRA-AMAZONAS-1889-2025,high,"two-digit IBGE UF code from geobr's `code_state`, which is what SIDRA emits; matched on geobr's own `name_state`. Clipped to the target's own span.",
29,ibge-uf,1900,2023,,BRA-BAHIA-1889-2025,high,"two-digit IBGE UF code from geobr's `code_state`, which is what SIDRA emits; matched on geobr's own `name_state`. Clipped to the target's own span.",
23,ibge-uf,1900,2023,,BRA-CE-1889-2025,high,"two-digit IBGE UF code from geobr's `code_state`, which is what SIDRA emits; matched on geobr's own `name_state`. Clipped to the target's own span.",
53,ibge-uf,1960,2022,,BRA-DF-1960-2023,medium,"two-digit IBGE UF code from geobr's `code_state`, which is what SIDRA emits; matched on geobr's own `name_state`. Clipped to the target's own span.",
32,ibge-uf,1900,2023,,BRA-ES-1889-2025,high,"two-digit IBGE UF code from geobr's `code_state`, which is what SIDRA emits; matched on geobr's own `name_state`. Clipped to the target's own span.",
52,ibge-uf,1900,2023,,BRA-GOIAS-1889-2025,high,"two-digit IBGE UF code from geobr's `code_state`, which is what SIDRA emits; matched on geobr's own `name_state`. Clipped to the target's own span.",
21,ibge-uf,1900,2023,,BRA-MARANHAO-1889-2025,high,"two-digit IBGE UF code from geobr's `code_state`, which is what SIDRA emits; matched on geobr's own `name_state`. Clipped to the target's own span.",
51,ibge-uf,1900,2023,,BRA-MATOGROSSO-1889-2025,high,"two-digit IBGE UF code from geobr's `code_state`, which is what SIDRA emits; matched on geobr's own `name_state`. Clipped to the target's own span.",
50,ibge-uf,1977,2023,,BRA-MS-1977-2025,medium,"two-digit IBGE UF code from geobr's `code_state`, which is what SIDRA emits; matched on geobr's own `name_state`. Clipped to the target's own span.",
31,ibge-uf,1900,2023,,BRA-MINASGERAIS-1889-2025,high,"two-digit IBGE UF code from geobr's `code_state`, which is what SIDRA emits; matched on geobr's own `name_state`. Clipped to the target's own span.",
15,ibge-uf,1900,2023,,BRA-PARA-1889-2025,high,"two-digit IBGE UF code from geobr's `code_state`, which is what SIDRA emits; matched on geobr's own `name_state`. Clipped to the target's own span.",
25,ibge-uf,1900,2023,,BRA-PARAIBA-1889-2025,high,"two-digit IBGE UF code from geobr's `code_state`, which is what SIDRA emits; matched on geobr's own `name_state`. Clipped to the target's own span.",
41,ibge-uf,1900,2023,,BRA-PARANA-1889-2025,high,"two-digit IBGE UF code from geobr's `code_state`, which is what SIDRA emits; matched on geobr's own `name_state`. Clipped to the target's own span.",
26,ibge-uf,1900,2023,,BRA-PERNAMBUCO-1889-2025,high,"two-digit IBGE UF code from geobr's `code_state`, which is what SIDRA emits; matched on geobr's own `name_state`. Clipped to the target's own span.",
22,ibge-uf,1900,2023,,BRA-PIAUI-1889-2025,high,"two-digit IBGE UF code from geobr's `code_state`, which is what SIDRA emits; matched on geobr's own `name_state`. Clipped to the target's own span.",
33,ibge-uf,1900,2023,,BRA-RIODEJANEIRO-1889-2025,high,"two-digit IBGE UF code from geobr's `code_state`, which is what SIDRA emits; matched on geobr's own `name_state`. Clipped to the target's own span.",
24,ibge-uf,1900,2023,,BRA-RN-1889-2025,high,"two-digit IBGE UF code from geobr's `code_state`, which is what SIDRA emits; matched on geobr's own `name_state`. Clipped to the target's own span.",
43,ibge-uf,1900,2023,,BRA-RIOGRANDEDOSUL-1889-2025,high,"two-digit IBGE UF code from geobr's `code_state`, which is what SIDRA emits; matched on geobr's own `name_state`. Clipped to the target's own span.",
11,ibge-uf,1943,2023,,BRA-RONDONIA-1943-2025,medium,"two-digit IBGE UF code from geobr's `code_state`, which is what SIDRA emits; matched on geobr's own `name_state`. Clipped to the target's own span.",
14,ibge-uf,1988,2023,,BRA-RORAIMA-1988-2025,medium,"two-digit IBGE UF code from geobr's `code_state`, which is what SIDRA emits; matched on geobr's own `name_state`. Clipped to the target's own span.",
42,ibge-uf,1900,2023,,BRA-SANTACATARINA-1889-2025,high,"two-digit IBGE UF code from geobr's `code_state`, which is what SIDRA emits; matched on geobr's own `name_state`. Clipped to the target's own span.",
35,ibge-uf,1900,2023,,BRA-SAOPAULO-1889-2025,high,"two-digit IBGE UF code from geobr's `code_state`, which is what SIDRA emits; matched on geobr's own `name_state`. Clipped to the target's own span.",
28,ibge-uf,1900,2023,,BRA-SERGIPE-1889-2025,high,"two-digit IBGE UF code from geobr's `code_state`, which is what SIDRA emits; matched on geobr's own `name_state`. Clipped to the target's own span.",
17,ibge-uf,1988,2023,,BRA-TOCANTINS-1988-2025,high,"two-digit IBGE UF code from geobr's `code_state`, which is what SIDRA emits; matched on geobr's own `name_state`. Clipped to the target's own span.",
ES111,jrc-nuts2016,1865,2021,,ESP-CO-1833-2025,high,"the unit's NUTS code as the panel itself carries it, verified present in data/final/nuts_code_names.csv. Clipped to the target's own span.",
ES112,jrc-nuts2016,1865,2021,,ESP-LU-1833-2025,high,"the unit's NUTS code as the panel itself carries it, verified present in data/final/nuts_code_names.csv. Clipped to the target's own span.",
ES113,jrc-nuts2016,1865,2021,,ESP-OR-1833-2025,high,"the unit's NUTS code as the panel itself carries it, verified present in data/final/nuts_code_names.csv. Clipped to the target's own span.",
ES114,jrc-nuts2016,1865,2021,,ESP-PO-1833-2025,high,"the unit's NUTS code as the panel itself carries it, verified present in data/final/nuts_code_names.csv. Clipped to the target's own span.",
ES120,jrc-nuts2016,1865,2021,,ESP-AS-1833-2025,high,"the unit's NUTS code as the panel itself carries it, verified present in data/final/nuts_code_names.csv. Clipped to the target's own span.",
ES130,jrc-nuts2016,1865,2021,,ESP-CA-1833-2025,high,"the unit's NUTS code as the panel itself carries it, verified present in data/final/nuts_code_names.csv. Clipped to the target's own span.",
ES211,jrc-nuts2016,1865,2021,,ESP-VI-1833-2025,high,"the unit's NUTS code as the panel itself carries it, verified present in data/final/nuts_code_names.csv. Clipped to the target's own span.",
ES212,jrc-nuts2016,1865,2021,,ESP-GI-1833-2025,high,"the unit's NUTS code as the panel itself carries it, verified present in data/final/nuts_code_names.csv. Clipped to the target's own span.",
ES213,jrc-nuts2016,1865,2021,,ESP-BI-1833-2025,high,"the unit's NUTS code as the panel itself carries it, verified present in data/final/nuts_code_names.csv. Clipped to the target's own span.",
ES220,jrc-nuts2016,1865,2021,,ESP-NV-1833-2025,high,"the unit's NUTS code as the panel itself carries it, verified present in data/final/nuts_code_names.csv. Clipped to the target's own span.",
ES230,jrc-nuts2016,1865,2021,,ESP-RI-1833-2025,high,"the unit's NUTS code as the panel itself carries it, verified present in data/final/nuts_code_names.csv. Clipped to the target's own span.",
ES241,jrc-nuts2016,1865,2021,,ESP-HU-1833-2025,high,"the unit's NUTS code as the panel itself carries it, verified present in data/final/nuts_code_names.csv. Clipped to the target's own span.",
ES242,jrc-nuts2016,1865,2021,,ESP-TE-1833-2025,high,"the unit's NUTS code as the panel itself carries it, verified present in data/final/nuts_code_names.csv. Clipped to the target's own span.",
ES243,jrc-nuts2016,1865,2021,,ESP-ZA-1833-2025,high,"the unit's NUTS code as the panel itself carries it, verified present in data/final/nuts_code_names.csv. Clipped to the target's own span.",
ES300,jrc-nuts2016,1865,2021,,ESP-MD-1833-2025,high,"the unit's NUTS code as the panel itself carries it, verified present in data/final/nuts_code_names.csv. Clipped to the target's own span.",
ES411,jrc-nuts2016,1865,2021,,ESP-AV-1833-2025,high,"the unit's NUTS code as the panel itself carries it, verified present in data/final/nuts_code_names.csv. Clipped to the target's own span.",
ES412,jrc-nuts2016,1865,2021,,ESP-BU-1833-2025,high,"the unit's NUTS code as the panel itself carries it, verified present in data/final/nuts_code_names.csv. Clipped to the target's own span.",
ES413,jrc-nuts2016,1865,2021,,ESP-LE-1833-2025,high,"the unit's NUTS code as the panel itself carries it, verified present in data/final/nuts_code_names.csv. Clipped to the target's own span.",
ES414,jrc-nuts2016,1865,2021,,ESP-PA-1833-2025,high,"the unit's NUTS code as the panel itself carries it, verified present in data/final/nuts_code_names.csv. Clipped to the target's own span.",
ES415,jrc-nuts2016,1865,2021,,ESP-SA-1833-2025,high,"the unit's NUTS code as the panel itself carries it, verified present in data/final/nuts_code_names.csv. Clipped to the target's own span.",
ES416,jrc-nuts2016,1865,2021,,ESP-SG-1833-2025,high,"the unit's NUTS code as the panel itself carries it, verified present in data/final/nuts_code_names.csv. Clipped to the target's own span.",
ES417,jrc-nuts2016,1865,2021,,ESP-SO-1833-2025,high,"the unit's NUTS code as the panel itself carries it, verified present in data/final/nuts_code_names.csv. Clipped to the target's own span.",
ES418,jrc-nuts2016,1865,2021,,ESP-VA-1833-2025,high,"the unit's NUTS code as the panel itself carries it, verified present in data/final/nuts_code_names.csv. Clipped to the target's own span.",
ES419,jrc-nuts2016,1865,2021,,ESP-ZM-1833-2025,high,"the unit's NUTS code as the panel itself carries it, verified present in data/final/nuts_code_names.csv. Clipped to the target's own span.",
ES421,jrc-nuts2016,1865,2021,,ESP-AB-1833-2025,high,"the unit's NUTS code as the panel itself carries it, verified present in data/final/nuts_code_names.csv. Clipped to the target's own span.",
ES422,jrc-nuts2016,1865,2021,,ESP-CR-1833-2025,high,"the unit's NUTS code as the panel itself carries it, verified present in data/final/nuts_code_names.csv. Clipped to the target's own span.",
ES423,jrc-nuts2016,1865,2021,,ESP-CU-1833-2025,high,"the unit's NUTS code as the panel itself carries it, verified present in data/final/nuts_code_names.csv. Clipped to the target's own span.",
ES424,jrc-nuts2016,1865,2021,,ESP-GU-1833-2025,high,"the unit's NUTS code as the panel itself carries it, verified present in data/final/nuts_code_names.csv. Clipped to the target's own span.",
ES425,jrc-nuts2016,1865,2021,,ESP-TO-1833-2025,high,"the unit's NUTS code as the panel itself carries it, verified present in data/final/nuts_code_names.csv. Clipped to the target's own span.",
ES431,jrc-nuts2016,1865,2021,,ESP-BA-1833-2025,high,"the unit's NUTS code as the panel itself carries it, verified present in data/final/nuts_code_names.csv. Clipped to the target's own span.",
ES432,jrc-nuts2016,1865,2021,,ESP-CC-1833-2025,high,"the unit's NUTS code as the panel itself carries it, verified present in data/final/nuts_code_names.csv. Clipped to the target's own span.",
ES511,jrc-nuts2016,1865,2021,,ESP-B-1833-2025,high,"the unit's NUTS code as the panel itself carries it, verified present in data/final/nuts_code_names.csv. Clipped to the target's own span.",
ES512,jrc-nuts2016,1865,2021,,ESP-17-1833-2025,high,"the unit's NUTS code as the panel itself carries it, verified present in data/final/nuts_code_names.csv. Clipped to the target's own span.",
ES513,jrc-nuts2016,1865,2021,,ESP-LL-1833-2025,high,"the unit's NUTS code as the panel itself carries it, verified present in data/final/nuts_code_names.csv. Clipped to the target's own span.",
ES514,jrc-nuts2016,1865,2021,,ESP-T-1833-2025,high,"the unit's NUTS code as the panel itself carries it, verified present in data/final/nuts_code_names.csv. Clipped to the target's own span.",
ES521,jrc-nuts2016,1865,2021,,ESP-A-1833-2025,high,"the unit's NUTS code as the panel itself carries it, verified present in data/final/nuts_code_names.csv. Clipped to the target's own span.",
ES522,jrc-nuts2016,1865,2021,,ESP-CS-1833-2025,medium,"the unit's NUTS code as the panel itself carries it, verified present in data/final/nuts_code_names.csv. Clipped to the target's own span.",
ES523,jrc-nuts2016,1865,2021,,ESP-V-1833-2025,high,"the unit's NUTS code as the panel itself carries it, verified present in data/final/nuts_code_names.csv. Clipped to the target's own span.",
ES53,jrc-nuts2016,1865,2020,,ESP-IB-1833-2025,high,"the unit's NUTS code as the panel itself carries it, verified present in data/final/nuts_code_names.csv. Clipped to the target's own span.",
ES531,jrc-nuts2016,1880,2021,,ESP-IBZ-1833-2025,high,"the unit's NUTS code as the panel itself carries it, verified present in data/final/nuts_code_names.csv. Clipped to the target's own span.",
ES611,jrc-nuts2016,1865,2021,,ESP-AL-1833-2025,high,"the unit's NUTS code as the panel itself carries it, verified present in data/final/nuts_code_names.csv. Clipped to the target's own span.",
ES612,jrc-nuts2016,1865,2021,,ESP-CDZ-1833-2025,high,"the unit's NUTS code as the panel itself carries it, verified present in data/final/nuts_code_names.csv. Clipped to the target's own span.",
ES613,jrc-nuts2016,1865,2021,,ESP-COR-1833-2025,high,"the unit's NUTS code as the panel itself carries it, verified present in data/final/nuts_code_names.csv. Clipped to the target's own span.",
ES614,jrc-nuts2016,1865,2021,,ESP-GR2-1833-2025,high,"the unit's NUTS code as the panel itself carries it, verified present in data/final/nuts_code_names.csv. Clipped to the target's own span.",
ES615,jrc-nuts2016,1865,2021,,ESP-H-1833-2025,high,"the unit's NUTS code as the panel itself carries it, verified present in data/final/nuts_code_names.csv. Clipped to the target's own span.",
ES616,jrc-nuts2016,1865,2021,,ESP-J-1833-2025,high,"the unit's NUTS code as the panel itself carries it, verified present in data/final/nuts_code_names.csv. Clipped to the target's own span.",
ES617,jrc-nuts2016,1865,2021,,ESP-MA-1833-2025,high,"the unit's NUTS code as the panel itself carries it, verified present in data/final/nuts_code_names.csv. Clipped to the target's own span.",
ES618,jrc-nuts2016,1865,2021,,ESP-SE-1833-2025,high,"the unit's NUTS code as the panel itself carries it, verified present in data/final/nuts_code_names.csv. Clipped to the target's own span.",
ES620,jrc-nuts2016,1865,2021,,ESP-MU-1833-2025,high,"the unit's NUTS code as the panel itself carries it, verified present in data/final/nuts_code_names.csv. Clipped to the target's own span.",
ES701,jrc-nuts2016,1927,2021,,ESP-LP-1927-2025,medium,"the unit's NUTS code as the panel itself carries it, verified present in data/final/nuts_code_names.csv. Clipped to the target's own span.",
ES702,jrc-nuts2016,1927,2021,,ESP-SCT-1927-2025,high,"the unit's NUTS code as the panel itself carries it, verified present in data/final/nuts_code_names.csv. Clipped to the target's own span.",
ES705,jrc-nuts2016,1865,2020,,ESP-GC-1833-2025,medium,"the unit's NUTS code as the panel itself carries it, verified present in data/final/nuts_code_names.csv. Clipped to the target's own span.",
ES709,jrc-nuts2016,1927,2020,,ESP-SCT-1927-2025,medium,"the unit's NUTS code as the panel itself carries it, verified present in data/final/nuts_code_names.csv. Clipped to the target's own span.",
FR102,jrc-nuts2016,1862,2023,,FRA-77-1800-2025,high,"the unit's NUTS code as the panel itself carries it, verified present in data/final/nuts_code_names.csv. Clipped to the target's own span.",
FR104,jrc-nuts2016,1968,2023,,FRA-91-1968-2025,medium,"the unit's NUTS code as the panel itself carries it, verified present in data/final/nuts_code_names.csv. Clipped to the target's own span.",
FRB01,jrc-nuts2016,1862,2023,,FRA-18-1800-2025,high,"the unit's NUTS code as the panel itself carries it, verified present in data/final/nuts_code_names.csv. Clipped to the target's own span.",
FRB02,jrc-nuts2016,1862,2023,,FRA-28-1800-2025,high,"the unit's NUTS code as the panel itself carries it, verified present in data/final/nuts_code_names.csv. Clipped to the target's own span.",
FRB03,jrc-nuts2016,1862,2023,,FRA-36-1800-2025,high,"the unit's NUTS code as the panel itself carries it, verified present in data/final/nuts_code_names.csv. Clipped to the target's own span.",
FRB04,jrc-nuts2016,1862,2023,,FRA-37-1800-2025,high,"the unit's NUTS code as the panel itself carries it, verified present in data/final/nuts_code_names.csv. Clipped to the target's own span.",
FRB05,jrc-nuts2016,1862,2023,,FRA-41-1800-2025,high,"the unit's NUTS code as the panel itself carries it, verified present in data/final/nuts_code_names.csv. Clipped to the target's own span.",
FRB06,jrc-nuts2016,1862,2023,,FRA-LOI-1800-2025,high,"the unit's NUTS code as the panel itself carries it, verified present in data/final/nuts_code_names.csv. Clipped to the target's own span.",
FRC11,jrc-nuts2016,1862,2023,,FRA-21-1800-2025,high,"the unit's NUTS code as the panel itself carries it, verified present in data/final/nuts_code_names.csv. Clipped to the target's own span.",
FRC12,jrc-nuts2016,1862,2023,,FRA-58-1800-2025,high,"the unit's NUTS code as the panel itself carries it, verified present in data/final/nuts_code_names.csv. Clipped to the target's own span.",
FRC13,jrc-nuts2016,1862,2023,,FRA-71-1800-2025,high,"the unit's NUTS code as the panel itself carries it, verified present in data/final/nuts_code_names.csv. Clipped to the target's own span.",
FRC14,jrc-nuts2016,1862,2023,,FRA-89-1800-2025,high,"the unit's NUTS code as the panel itself carries it, verified present in data/final/nuts_code_names.csv. Clipped to the target's own span.",
FRC21,jrc-nuts2016,1862,2023,,FRA-25-1800-2025,high,"the unit's NUTS code as the panel itself carries it, verified present in data/final/nuts_code_names.csv. Clipped to the target's own span.",
FRC22,jrc-nuts2016,1862,2023,,FRA-39-1800-2025,medium,"the unit's NUTS code as the panel itself carries it, verified present in data/final/nuts_code_names.csv. Clipped to the target's own span.",
FRC23,jrc-nuts2016,1862,2023,,FRA-70-1800-2025,high,"the unit's NUTS code as the panel itself carries it, verified present in data/final/nuts_code_names.csv. Clipped to the target's own span.",
FRC24,jrc-nuts2016,1922,2023,,FRA-TDB-1922-2025,medium,"the unit's NUTS code as the panel itself carries it, verified present in data/final/nuts_code_names.csv. Clipped to the target's own span.",
FRD11,jrc-nuts2016,1862,2023,,FRA-14-1800-2025,high,"the unit's NUTS code as the panel itself carries it, verified present in data/final/nuts_code_names.csv. Clipped to the target's own span.",
FRD12,jrc-nuts2016,1862,2023,,FRA-50-1800-2025,high,"the unit's NUTS code as the panel itself carries it, verified present in data/final/nuts_code_names.csv. Clipped to the target's own span.",
FRD13,jrc-nuts2016,1862,2023,,FRA-61-1800-2025,high,"the unit's NUTS code as the panel itself carries it, verified present in data/final/nuts_code_names.csv. Clipped to the target's own span.",
FRD21,jrc-nuts2016,1862,2023,,FRA-27-1800-2025,high,"the unit's NUTS code as the panel itself carries it, verified present in data/final/nuts_code_names.csv. Clipped to the target's own span.",
FRD22,jrc-nuts2016,1862,2023,,FRA-76-1800-2025,high,"the unit's NUTS code as the panel itself carries it, verified present in data/final/nuts_code_names.csv. Clipped to the target's own span.",
FRE11,jrc-nuts2016,1862,2023,,FRA-59-1800-2025,high,"the unit's NUTS code as the panel itself carries it, verified present in data/final/nuts_code_names.csv. Clipped to the target's own span.",
FRE12,jrc-nuts2016,1862,2023,,FRA-62-1800-2025,medium,"the unit's NUTS code as the panel itself carries it, verified present in data/final/nuts_code_names.csv. Clipped to the target's own span.",
FRE21,jrc-nuts2016,1862,2023,,FRA-02-1800-2025,high,"the unit's NUTS code as the panel itself carries it, verified present in data/final/nuts_code_names.csv. Clipped to the target's own span.",
FRE22,jrc-nuts2016,1862,2023,,FRA-60-1800-2025,high,"the unit's NUTS code as the panel itself carries it, verified present in data/final/nuts_code_names.csv. Clipped to the target's own span.",
FRE23,jrc-nuts2016,1862,2023,,FRA-80-1800-2025,high,"the unit's NUTS code as the panel itself carries it, verified present in data/final/nuts_code_names.csv. Clipped to the target's own span.",
FRF11,jrc-nuts2016,1919,2023,,FRA-67-1919-2025,high,"the unit's NUTS code as the panel itself carries it, verified present in data/final/nuts_code_names.csv. Clipped to the target's own span.",
FRF12,jrc-nuts2016,1919,2023,,FRA-68-1919-2025,medium,"the unit's NUTS code as the panel itself carries it, verified present in data/final/nuts_code_names.csv. Clipped to the target's own span.",
FRF21,jrc-nuts2016,1862,2023,,FRA-08-1800-2025,high,"the unit's NUTS code as the panel itself carries it, verified present in data/final/nuts_code_names.csv. Clipped to the target's own span.",
FRF22,jrc-nuts2016,1862,2023,,FRA-AUB-1800-2025,high,"the unit's NUTS code as the panel itself carries it, verified present in data/final/nuts_code_names.csv. Clipped to the target's own span.",
FRF23,jrc-nuts2016,1862,2023,,FRA-MRN-1800-2025,high,"the unit's NUTS code as the panel itself carries it, verified present in data/final/nuts_code_names.csv. Clipped to the target's own span.",
FRF24,jrc-nuts2016,1862,2023,,FRA-52-1800-2025,high,"the unit's NUTS code as the panel itself carries it, verified present in data/final/nuts_code_names.csv. Clipped to the target's own span.",
FRF31,jrc-nuts2016,1871,2023,,FRA-54-1871-2025,high,"the unit's NUTS code as the panel itself carries it, verified present in data/final/nuts_code_names.csv. Clipped to the target's own span.",
FRF32,jrc-nuts2016,1862,2023,,FRA-55-1800-2025,high,"the unit's NUTS code as the panel itself carries it, verified present in data/final/nuts_code_names.csv. Clipped to the target's own span.",
FRF33,jrc-nuts2016,1919,2023,,FRA-57-1919-2025,medium,"the unit's NUTS code as the panel itself carries it, verified present in data/final/nuts_code_names.csv. Clipped to the target's own span.",
FRF34,jrc-nuts2016,1862,2023,,FRA-88-1800-2025,high,"the unit's NUTS code as the panel itself carries it, verified present in data/final/nuts_code_names.csv. Clipped to the target's own span.",
FRG01,jrc-nuts2016,1862,2023,,FRA-44-1800-2025,high,"the unit's NUTS code as the panel itself carries it, verified present in data/final/nuts_code_names.csv. Clipped to the target's own span.",
FRG02,jrc-nuts2016,1862,2023,,FRA-49-1800-2025,high,"the unit's NUTS code as the panel itself carries it, verified present in data/final/nuts_code_names.csv. Clipped to the target's own span.",
FRG03,jrc-nuts2016,1862,2023,,FRA-53-1800-2025,high,"the unit's NUTS code as the panel itself carries it, verified present in data/final/nuts_code_names.csv. Clipped to the target's own span.",
FRG04,jrc-nuts2016,1862,2023,,FRA-SAR-1800-2025,high,"the unit's NUTS code as the panel itself carries it, verified present in data/final/nuts_code_names.csv. Clipped to the target's own span.",
FRG05,jrc-nuts2016,1862,2023,,FRA-85-1800-2025,high,"the unit's NUTS code as the panel itself carries it, verified present in data/final/nuts_code_names.csv. Clipped to the target's own span.",
FRH01,jrc-nuts2016,1862,2023,,FRA-22-1800-2025,high,"the unit's NUTS code as the panel itself carries it, verified present in data/final/nuts_code_names.csv. Clipped to the target's own span.",
FRH02,jrc-nuts2016,1862,2023,,FRA-FIN-1800-2025,high,"the unit's NUTS code as the panel itself carries it, verified present in data/final/nuts_code_names.csv. Clipped to the target's own span.",
FRH03,jrc-nuts2016,1862,2023,,FRA-35-1800-2025,high,"the unit's NUTS code as the panel itself carries it, verified present in data/final/nuts_code_names.csv. Clipped to the target's own span.",
FRH04,jrc-nuts2016,1862,2023,,FRA-MOR-1790-2025,high,"the unit's NUTS code as the panel itself carries it, verified present in data/final/nuts_code_names.csv. Clipped to the target's own span.",
FRI11,jrc-nuts2016,1862,2023,,FRA-24-1800-2025,high,"the unit's NUTS code as the panel itself carries it, verified present in data/final/nuts_code_names.csv. Clipped to the target's own span.",
FRI12,jrc-nuts2016,1862,2023,,FRA-GIR-1800-2025,high,"the unit's NUTS code as the panel itself carries it, verified present in data/final/nuts_code_names.csv. Clipped to the target's own span.",
FRI13,jrc-nuts2016,1862,2023,,FRA-LAN-1800-2025,high,"the unit's NUTS code as the panel itself carries it, verified present in data/final/nuts_code_names.csv. Clipped to the target's own span.",
FRI14,jrc-nuts2016,1862,2023,,FRA-LG-1800-2025,high,"the unit's NUTS code as the panel itself carries it, verified present in data/final/nuts_code_names.csv. Clipped to the target's own span.",
FRI15,jrc-nuts2016,1862,2023,,FRA-64-1800-2025,high,"the unit's NUTS code as the panel itself carries it, verified present in data/final/nuts_code_names.csv. Clipped to the target's own span.",
FRI21,jrc-nuts2016,1862,2023,,FRA-19-1800-2025,high,"the unit's NUTS code as the panel itself carries it, verified present in data/final/nuts_code_names.csv. Clipped to the target's own span.",
FRI22,jrc-nuts2016,1862,2023,,FRA-23-1800-2025,high,"the unit's NUTS code as the panel itself carries it, verified present in data/final/nuts_code_names.csv. Clipped to the target's own span.",
FRI23,jrc-nuts2016,1862,2023,,FRA-HVN-1800-2025,high,"the unit's NUTS code as the panel itself carries it, verified present in data/final/nuts_code_names.csv. Clipped to the target's own span.",
FRI31,jrc-nuts2016,1862,2023,,FRA-CHTE-1800-2025,medium,"the unit's NUTS code as the panel itself carries it, verified present in data/final/nuts_code_names.csv. Clipped to the target's own span.",
FRI32,jrc-nuts2016,1862,2023,,FRA-CMAR-1800-2025,high,"the unit's NUTS code as the panel itself carries it, verified present in data/final/nuts_code_names.csv. Clipped to the target's own span.",
FRI33,jrc-nuts2016,1862,2023,,FRA-79-1800-2025,high,"the unit's NUTS code as the panel itself carries it, verified present in data/final/nuts_code_names.csv. Clipped to the target's own span.",
FRI34,jrc-nuts2016,1862,2023,,FRA-VNE-1800-2025,high,"the unit's NUTS code as the panel itself carries it, verified present in data/final/nuts_code_names.csv. Clipped to the target's own span.",
FRJ11,jrc-nuts2016,1862,2023,,FRA-AUD-1800-2025,high,"the unit's NUTS code as the panel itself carries it, verified present in data/final/nuts_code_names.csv. Clipped to the target's own span.",
FRJ12,jrc-nuts2016,1862,2023,,FRA-GRD-1800-2025,high,"the unit's NUTS code as the panel itself carries it, verified present in data/final/nuts_code_names.csv. Clipped to the target's own span.",
FRJ13,jrc-nuts2016,1862,2023,,FRA-HER-1800-2025,high,"the unit's NUTS code as the panel itself carries it, verified present in data/final/nuts_code_names.csv. Clipped to the target's own span.",
FRJ14,jrc-nuts2016,1862,2023,,FRA-48-1800-2025,high,"the unit's NUTS code as the panel itself carries it, verified present in data/final/nuts_code_names.csv. Clipped to the target's own span.",
FRJ15,jrc-nuts2016,1862,2023,,FRA-PYRO-1790-2025,high,"the unit's NUTS code as the panel itself carries it, verified present in data/final/nuts_code_names.csv. Clipped to the target's own span.",
FRJ21,jrc-nuts2016,1862,2023,,FRA-ARI-1800-2025,high,"the unit's NUTS code as the panel itself carries it, verified present in data/final/nuts_code_names.csv. Clipped to the target's own span.",
FRJ22,jrc-nuts2016,1862,2023,,FRA-12-1800-2025,high,"the unit's NUTS code as the panel itself carries it, verified present in data/final/nuts_code_names.csv. Clipped to the target's own span.",
FRJ23,jrc-nuts2016,1862,2023,,FRA-HG-1800-2025,high,"the unit's NUTS code as the panel itself carries it, verified present in data/final/nuts_code_names.csv. Clipped to the target's own span.",
FRJ24,jrc-nuts2016,1862,2023,,FRA-D32-1800-2025,high,"the unit's NUTS code as the panel itself carries it, verified present in data/final/nuts_code_names.csv. Clipped to the target's own span.",
FRJ25,jrc-nuts2016,1862,2023,,FRA-LOT-1800-2025,high,"the unit's NUTS code as the panel itself carries it, verified present in data/final/nuts_code_names.csv. Clipped to the target's own span.",
FRJ26,jrc-nuts2016,1862,2023,,FRA-HP-1790-2025,high,"the unit's NUTS code as the panel itself carries it, verified present in data/final/nuts_code_names.csv. Clipped to the target's own span.",
FRJ27,jrc-nuts2016,1862,2023,,FRA-81-1800-2025,high,"the unit's NUTS code as the panel itself carries it, verified present in data/final/nuts_code_names.csv. Clipped to the target's own span.",
FRJ28,jrc-nuts2016,1862,2023,,FRA-TG-1808-2025,high,"the unit's NUTS code as the panel itself carries it, verified present in data/final/nuts_code_names.csv. Clipped to the target's own span.",
FRK11,jrc-nuts2016,1862,2023,,FRA-ALL-1800-2025,high,"the unit's NUTS code as the panel itself carries it, verified present in data/final/nuts_code_names.csv. Clipped to the target's own span.",
FRK12,jrc-nuts2016,1862,2023,,FRA-CANTAL-1800-2025,high,"the unit's NUTS code as the panel itself carries it, verified present in data/final/nuts_code_names.csv. Clipped to the target's own span.",
FRK13,jrc-nuts2016,1862,2023,,FRA-HLO-1800-2025,high,"the unit's NUTS code as the panel itself carries it, verified present in data/final/nuts_code_names.csv. Clipped to the target's own span.",
FRK14,jrc-nuts2016,1862,2023,,FRA-PDD-1800-2025,high,"the unit's NUTS code as the panel itself carries it, verified present in data/final/nuts_code_names.csv. Clipped to the target's own span.",
FRK21,jrc-nuts2016,1862,2023,,FRA-AIN-1800-2025,high,"the unit's NUTS code as the panel itself carries it, verified present in data/final/nuts_code_names.csv. Clipped to the target's own span.",
FRK22,jrc-nuts2016,1862,2023,,FRA-ARD-1800-2025,high,"the unit's NUTS code as the panel itself carries it, verified present in data/final/nuts_code_names.csv. Clipped to the target's own span.",
FRK23,jrc-nuts2016,1862,2023,,FRA-DRO-1800-2025,high,"the unit's NUTS code as the panel itself carries it, verified present in data/final/nuts_code_names.csv. Clipped to the target's own span.",
FRK24,jrc-nuts2016,1862,2023,,FRA-ISE-1800-2025,high,"the unit's NUTS code as the panel itself carries it, verified present in data/final/nuts_code_names.csv. Clipped to the target's own span.",
FRK25,jrc-nuts2016,1862,2023,,FRA-42-1800-2025,high,"the unit's NUTS code as the panel itself carries it, verified present in data/final/nuts_code_names.csv. Clipped to the target's own span.",
FRK26,jrc-nuts2016,1862,2023,,FRA-RHO-1800-2025,high,"the unit's NUTS code as the panel itself carries it, verified present in data/final/nuts_code_names.csv. Clipped to the target's own span.",
FRK27,jrc-nuts2016,1862,2023,,FRA-SAV-1860-2025,medium,"the unit's NUTS code as the panel itself carries it, verified present in data/final/nuts_code_names.csv. Clipped to the target's own span.",
FRK28,jrc-nuts2016,1862,2023,,FRA-HSAV-1860-2025,medium,"the unit's NUTS code as the panel itself carries it, verified present in data/final/nuts_code_names.csv. Clipped to the target's own span.",
FRL01,jrc-nuts2016,1862,2023,,FRA-04-1790-2025,high,"the unit's NUTS code as the panel itself carries it, verified present in data/final/nuts_code_names.csv. Clipped to the target's own span.",
FRL02,jrc-nuts2016,1862,2023,,FRA-05-1790-2025,high,"the unit's NUTS code as the panel itself carries it, verified present in data/final/nuts_code_names.csv. Clipped to the target's own span.",
FRL03,jrc-nuts2016,1862,2023,,FRA-AM-1860-2025,medium,"the unit's NUTS code as the panel itself carries it, verified present in data/final/nuts_code_names.csv. Clipped to the target's own span.",
FRL04,jrc-nuts2016,1862,2023,,FRA-13-1790-2025,high,"the unit's NUTS code as the panel itself carries it, verified present in data/final/nuts_code_names.csv. Clipped to the target's own span.",
FRL05,jrc-nuts2016,1862,2023,,FRA-83-1790-2025,high,"the unit's NUTS code as the panel itself carries it, verified present in data/final/nuts_code_names.csv. Clipped to the target's own span.",
FRL06,jrc-nuts2016,1862,2023,,FRA-84-1790-2025,medium,"the unit's NUTS code as the panel itself carries it, verified present in data/final/nuts_code_names.csv. Clipped to the target's own span.",
FRM01,jrc-nuts2016,1975,2023,,FRA-2A-1975-2025,high,"the unit's NUTS code as the panel itself carries it, verified present in data/final/nuts_code_names.csv. Clipped to the target's own span.",
ITC1,jrc-nuts2016,1970,2023,,ITA-PIE-1970-2025,high,"the unit's NUTS code as the panel itself carries it, verified present in data/final/nuts_code_names.csv. Clipped to the target's own span.",
ITC3,jrc-nuts2016,1970,2023,,ITA-LIG-1970-2025,high,"the unit's NUTS code as the panel itself carries it, verified present in data/final/nuts_code_names.csv. Clipped to the target's own span.",
ITC4,jrc-nuts2016,1861,2023,,ITA-LOM-1861-2025,medium,"the unit's NUTS code as the panel itself carries it, verified present in data/final/nuts_code_names.csv. Clipped to the target's own span.",
ITF1,jrc-nuts2016,1970,2023,,ITA-ABR-1970-2025,medium,"the unit's NUTS code as the panel itself carries it, verified present in data/final/nuts_code_names.csv. Clipped to the target's own span.",
ITF3,jrc-nuts2016,1970,2023,,ITA-CAM-1970-2025,medium,"the unit's NUTS code as the panel itself carries it, verified present in data/final/nuts_code_names.csv. Clipped to the target's own span.",
ITF4,jrc-nuts2016,1861,2023,,ITA-PUG-1861-2025,high,"the unit's NUTS code as the panel itself carries it, verified present in data/final/nuts_code_names.csv. Clipped to the target's own span.",
ITF5,jrc-nuts2016,1861,2023,,ITA-BAS-1861-2025,high,"the unit's NUTS code as the panel itself carries it, verified present in data/final/nuts_code_names.csv. Clipped to the target's own span.",
ITF6,jrc-nuts2016,1861,2023,,ITA-CAL-1861-2025,high,"the unit's NUTS code as the panel itself carries it, verified present in data/final/nuts_code_names.csv. Clipped to the target's own span.",
ITG1,jrc-nuts2016,1861,2023,,ITA-SIC-1861-2025,high,"the unit's NUTS code as the panel itself carries it, verified present in data/final/nuts_code_names.csv. Clipped to the target's own span.",
ITG2,jrc-nuts2016,1861,2023,,ITA-SAR-1861-2025,medium,"the unit's NUTS code as the panel itself carries it, verified present in data/final/nuts_code_names.csv. Clipped to the target's own span.",
ITH1,jrc-nuts2016,1919,2023,,ITA-ITH1-1919-2025,medium,"the unit's NUTS code as the panel itself carries it, verified present in data/final/nuts_code_names.csv. Clipped to the target's own span.",
ITH3,jrc-nuts2016,1866,2023,,ITA-VEN-1866-2025,high,"the unit's NUTS code as the panel itself carries it, verified present in data/final/nuts_code_names.csv. Clipped to the target's own span.",
ITH4,jrc-nuts2016,1970,2023,,ITA-ITH4-1970-2025,high,"the unit's NUTS code as the panel itself carries it, verified present in data/final/nuts_code_names.csv. Clipped to the target's own span.",
ITH5,jrc-nuts2016,1970,2023,,ITA-EMR-1970-2025,high,"the unit's NUTS code as the panel itself carries it, verified present in data/final/nuts_code_names.csv. Clipped to the target's own span.",
ITI1,jrc-nuts2016,1861,2023,,ITA-ITI1-1861-2025,high,"the unit's NUTS code as the panel itself carries it, verified present in data/final/nuts_code_names.csv. Clipped to the target's own span.",
ITI2,jrc-nuts2016,1970,2023,,ITA-ITI2-1970-2025,medium,"the unit's NUTS code as the panel itself carries it, verified present in data/final/nuts_code_names.csv. Clipped to the target's own span.",
ITI3,jrc-nuts2016,1861,2023,,ITA-MAR-1861-2025,high,"the unit's NUTS code as the panel itself carries it, verified present in data/final/nuts_code_names.csv. Clipped to the target's own span.",
ITI4,jrc-nuts2016,1970,2023,,ITA-LAZ-1970-2025,high,"the unit's NUTS code as the panel itself carries it, verified present in data/final/nuts_code_names.csv. Clipped to the target's own span.",
PT11,jrc-nuts2016,1986,2020,,PRT-PT11-1986-2025,high,"the unit's NUTS code as the panel itself carries it, verified present in data/final/nuts_code_names.csv. Clipped to the target's own span.",
PT15,jrc-nuts2016,1986,2020,,PRT-PT15-1986-2025,medium,"the unit's NUTS code as the panel itself carries it, verified present in data/final/nuts_code_names.csv. Clipped to the target's own span.",
PT16,jrc-nuts2016,1986,2020,,PRT-CENTRO-1986-2025,high,"the unit's NUTS code as the panel itself carries it, verified present in data/final/nuts_code_names.csv. Clipped to the target's own span.",
PT17,jrc-nuts2016,1870,2020,,PRT-LIS-1835-2025,medium,"the unit's NUTS code as the panel itself carries it, verified present in data/final/nuts_code_names.csv. Clipped to the target's own span.",
PT18,jrc-nuts2016,1989,2020,,PRT-ALE-1989-2025,medium,"the unit's NUTS code as the panel itself carries it, verified present in data/final/nuts_code_names.csv. Clipped to the target's own span.",
01,usda-nass-fips,1866,2024,,USA-AL-1819-2025,high,"two-digit state FIPS from the Census Bureau's own reference list (www2.census.gov/geo/docs/reference/state.txt), which is what USDA NASS emits; matched on STATE_NAME. Clipped to the target's own span.",
02,usda-nass-fips,1960,2024,,USA-AK-1959-2025,high,"two-digit state FIPS from the Census Bureau's own reference list (www2.census.gov/geo/docs/reference/state.txt), which is what USDA NASS emits; matched on STATE_NAME. Clipped to the target's own span.",
04,usda-nass-fips,1882,2024,,USA-AZ-1863-2025,medium,"two-digit state FIPS from the Census Bureau's own reference list (www2.census.gov/geo/docs/reference/state.txt), which is what USDA NASS emits; matched on STATE_NAME. Clipped to the target's own span.",
05,usda-nass-fips,1866,2024,,USA-AR-1836-2025,high,"two-digit state FIPS from the Census Bureau's own reference list (www2.census.gov/geo/docs/reference/state.txt), which is what USDA NASS emits; matched on STATE_NAME. Clipped to the target's own span.",
06,usda-nass-fips,1866,2024,,CAL-1850-2025,high,"two-digit state FIPS from the Census Bureau's own reference list (www2.census.gov/geo/docs/reference/state.txt), which is what USDA NASS emits; matched on STATE_NAME. Clipped to the target's own span.",
08,usda-nass-fips,1876,2024,,USA-CO-1876-2025,high,"two-digit state FIPS from the Census Bureau's own reference list (www2.census.gov/geo/docs/reference/state.txt), which is what USDA NASS emits; matched on STATE_NAME. Clipped to the target's own span.",
09,usda-nass-fips,1866,2024,,USA-CT-1800-2025,high,"two-digit state FIPS from the Census Bureau's own reference list (www2.census.gov/geo/docs/reference/state.txt), which is what USDA NASS emits; matched on STATE_NAME. Clipped to the target's own span.",
10,usda-nass-fips,1866,2024,,USA-DE-1800-2025,high,"two-digit state FIPS from the Census Bureau's own reference list (www2.census.gov/geo/docs/reference/state.txt), which is what USDA NASS emits; matched on STATE_NAME. Clipped to the target's own span.",
12,usda-nass-fips,1866,2024,,USA-FL-1845-2025,high,"two-digit state FIPS from the Census Bureau's own reference list (www2.census.gov/geo/docs/reference/state.txt), which is what USDA NASS emits; matched on STATE_NAME. Clipped to the target's own span.",
13,usda-nass-fips,1866,2024,,USA-GA-1800-2025,high,"two-digit state FIPS from the Census Bureau's own reference list (www2.census.gov/geo/docs/reference/state.txt), which is what USDA NASS emits; matched on STATE_NAME. Clipped to the target's own span.",
15,usda-nass-fips,1959,2024,,HAW-1959-2025,high,"two-digit state FIPS from the Census Bureau's own reference list (www2.census.gov/geo/docs/reference/state.txt), which is what USDA NASS emits; matched on STATE_NAME. Clipped to the target's own span.",
16,usda-nass-fips,1890,2024,,USA-ID-1890-2025,high,"two-digit state FIPS from the Census Bureau's own reference list (www2.census.gov/geo/docs/reference/state.txt), which is what USDA NASS emits; matched on STATE_NAME. Clipped to the target's own span.",
17,usda-nass-fips,1866,2024,,USA-IL-1818-2025,high,"two-digit state FIPS from the Census Bureau's own reference list (www2.census.gov/geo/docs/reference/state.txt), which is what USDA NASS emits; matched on STATE_NAME. Clipped to the target's own span.",
18,usda-nass-fips,1866,2024,,USA-IN-1816-2025,high,"two-digit state FIPS from the Census Bureau's own reference list (www2.census.gov/geo/docs/reference/state.txt), which is what USDA NASS emits; matched on STATE_NAME. Clipped to the target's own span.",
19,usda-nass-fips,1866,2024,,USA-IA-1846-2025,high,"two-digit state FIPS from the Census Bureau's own reference list (www2.census.gov/geo/docs/reference/state.txt), which is what USDA NASS emits; matched on STATE_NAME. Clipped to the target's own span.",
20,usda-nass-fips,1866,2024,,USA-KS-1861-2025,high,"two-digit state FIPS from the Census Bureau's own reference list (www2.census.gov/geo/docs/reference/state.txt), which is what USDA NASS emits; matched on STATE_NAME. Clipped to the target's own span.",
21,usda-nass-fips,1866,2024,,USA-KY-1800-2025,high,"two-digit state FIPS from the Census Bureau's own reference list (www2.census.gov/geo/docs/reference/state.txt), which is what USDA NASS emits; matched on STATE_NAME. Clipped to the target's own span.",
22,usda-nass-fips,1866,2024,,USA-LA-1812-2025,medium,"two-digit state FIPS from the Census Bureau's own reference list (www2.census.gov/geo/docs/reference/state.txt), which is what USDA NASS emits; matched on STATE_NAME. Clipped to the target's own span.",
23,usda-nass-fips,1866,2024,,USA-ME-1820-2025,high,"two-digit state FIPS from the Census Bureau's own reference list (www2.census.gov/geo/docs/reference/state.txt), which is what USDA NASS emits; matched on STATE_NAME. Clipped to the target's own span.",
24,usda-nass-fips,1866,2024,,USA-MD-1800-2025,medium,"two-digit state FIPS from the Census Bureau's own reference list (www2.census.gov/geo/docs/reference/state.txt), which is what USDA NASS emits; matched on STATE_NAME. Clipped to the target's own span.",
25,usda-nass-fips,1866,2024,,USA-MA-1800-2025,medium,"two-digit state FIPS from the Census Bureau's own reference list (www2.census.gov/geo/docs/reference/state.txt), which is what USDA NASS emits; matched on STATE_NAME. Clipped to the target's own span.",
26,usda-nass-fips,1866,2024,,USA-MI-1837-2025,high,"two-digit state FIPS from the Census Bureau's own reference list (www2.census.gov/geo/docs/reference/state.txt), which is what USDA NASS emits; matched on STATE_NAME. Clipped to the target's own span.",
27,usda-nass-fips,1866,2024,,USA-MN-1858-2025,high,"two-digit state FIPS from the Census Bureau's own reference list (www2.census.gov/geo/docs/reference/state.txt), which is what USDA NASS emits; matched on STATE_NAME. Clipped to the target's own span.",
28,usda-nass-fips,1866,2024,,USA-MS-1817-2025,high,"two-digit state FIPS from the Census Bureau's own reference list (www2.census.gov/geo/docs/reference/state.txt), which is what USDA NASS emits; matched on STATE_NAME. Clipped to the target's own span.",
29,usda-nass-fips,1866,2024,,USA-MO-1821-2025,high,"two-digit state FIPS from the Census Bureau's own reference list (www2.census.gov/geo/docs/reference/state.txt), which is what USDA NASS emits; matched on STATE_NAME. Clipped to the target's own span.",
30,usda-nass-fips,1889,2024,,USA-MT-1889-2025,high,"two-digit state FIPS from the Census Bureau's own reference list (www2.census.gov/geo/docs/reference/state.txt), which is what USDA NASS emits; matched on STATE_NAME. Clipped to the target's own span.",
31,usda-nass-fips,1867,2024,,USA-NE-1867-2025,high,"two-digit state FIPS from the Census Bureau's own reference list (www2.census.gov/geo/docs/reference/state.txt), which is what USDA NASS emits; matched on STATE_NAME. Clipped to the target's own span.",
32,usda-nass-fips,1870,2024,,USA-NV-1864-2025,high,"two-digit state FIPS from the Census Bureau's own reference list (www2.census.gov/geo/docs/reference/state.txt), which is what USDA NASS emits; matched on STATE_NAME. Clipped to the target's own span.",
33,usda-nass-fips,1866,2024,,USA-NH-1800-2025,high,"two-digit state FIPS from the Census Bureau's own reference list (www2.census.gov/geo/docs/reference/state.txt), which is what USDA NASS emits; matched on STATE_NAME. Clipped to the target's own span.",
34,usda-nass-fips,1866,2024,,USA-NJ-1800-2025,high,"two-digit state FIPS from the Census Bureau's own reference list (www2.census.gov/geo/docs/reference/state.txt), which is what USDA NASS emits; matched on STATE_NAME. Clipped to the target's own span.",
35,usda-nass-fips,1912,2024,,USA-NM-1912-2025,high,"two-digit state FIPS from the Census Bureau's own reference list (www2.census.gov/geo/docs/reference/state.txt), which is what USDA NASS emits; matched on STATE_NAME. Clipped to the target's own span.",
36,usda-nass-fips,1866,2024,,USA-NY-1800-2025,high,"two-digit state FIPS from the Census Bureau's own reference list (www2.census.gov/geo/docs/reference/state.txt), which is what USDA NASS emits; matched on STATE_NAME. Clipped to the target's own span.",
37,usda-nass-fips,1866,2024,,USA-NC-1800-2025,medium,"two-digit state FIPS from the Census Bureau's own reference list (www2.census.gov/geo/docs/reference/state.txt), which is what USDA NASS emits; matched on STATE_NAME. Clipped to the target's own span.",
38,usda-nass-fips,1889,2024,,USA-ND-1889-2025,high,"two-digit state FIPS from the Census Bureau's own reference list (www2.census.gov/geo/docs/reference/state.txt), which is what USDA NASS emits; matched on STATE_NAME. Clipped to the target's own span.",
39,usda-nass-fips,1866,2024,,USA-OH-1803-2025,high,"two-digit state FIPS from the Census Bureau's own reference list (www2.census.gov/geo/docs/reference/state.txt), which is what USDA NASS emits; matched on STATE_NAME. Clipped to the target's own span.",
40,usda-nass-fips,1907,2024,,USA-OK-1907-2025,high,"two-digit state FIPS from the Census Bureau's own reference list (www2.census.gov/geo/docs/reference/state.txt), which is what USDA NASS emits; matched on STATE_NAME. Clipped to the target's own span.",
41,usda-nass-fips,1869,2024,,USA-OR-1859-2025,high,"two-digit state FIPS from the Census Bureau's own reference list (www2.census.gov/geo/docs/reference/state.txt), which is what USDA NASS emits; matched on STATE_NAME. Clipped to the target's own span.",
42,usda-nass-fips,1866,2024,,USA-PA-1800-2025,high,"two-digit state FIPS from the Census Bureau's own reference list (www2.census.gov/geo/docs/reference/state.txt), which is what USDA NASS emits; matched on STATE_NAME. Clipped to the target's own span.",
44,usda-nass-fips,1866,2024,,USA-RI-1790-2025,high,"two-digit state FIPS from the Census Bureau's own reference list (www2.census.gov/geo/docs/reference/state.txt), which is what USDA NASS emits; matched on STATE_NAME. Clipped to the target's own span.",
45,usda-nass-fips,1866,2024,,USA-SC-1800-2025,high,"two-digit state FIPS from the Census Bureau's own reference list (www2.census.gov/geo/docs/reference/state.txt), which is what USDA NASS emits; matched on STATE_NAME. Clipped to the target's own span.",
46,usda-nass-fips,1889,2024,,USA-SOUTHDAKOTA-1889-2025,high,"two-digit state FIPS from the Census Bureau's own reference list (www2.census.gov/geo/docs/reference/state.txt), which is what USDA NASS emits; matched on STATE_NAME. Clipped to the target's own span.",
47,usda-nass-fips,1866,2024,,USA-TN-1800-2025,high,"two-digit state FIPS from the Census Bureau's own reference list (www2.census.gov/geo/docs/reference/state.txt), which is what USDA NASS emits; matched on STATE_NAME. Clipped to the target's own span.",
48,usda-nass-fips,1866,2024,,USA-TX-1845-2025,high,"two-digit state FIPS from the Census Bureau's own reference list (www2.census.gov/geo/docs/reference/state.txt), which is what USDA NASS emits; matched on STATE_NAME. Clipped to the target's own span.",
49,usda-nass-fips,1896,2024,,USA-UTAH-1896-2025,high,"two-digit state FIPS from the Census Bureau's own reference list (www2.census.gov/geo/docs/reference/state.txt), which is what USDA NASS emits; matched on STATE_NAME. Clipped to the target's own span.",
50,usda-nass-fips,1866,2024,,USA-VT-1800-2025,high,"two-digit state FIPS from the Census Bureau's own reference list (www2.census.gov/geo/docs/reference/state.txt), which is what USDA NASS emits; matched on STATE_NAME. Clipped to the target's own span.",
51,usda-nass-fips,1866,2024,,USA-VA-1800-2025,high,"two-digit state FIPS from the Census Bureau's own reference list (www2.census.gov/geo/docs/reference/state.txt), which is what USDA NASS emits; matched on STATE_NAME. Clipped to the target's own span.",
53,usda-nass-fips,1889,2024,,USA-WA-1889-2025,high,"two-digit state FIPS from the Census Bureau's own reference list (www2.census.gov/geo/docs/reference/state.txt), which is what USDA NASS emits; matched on STATE_NAME. Clipped to the target's own span.",
54,usda-nass-fips,1866,2024,,USA-WV-1863-2025,high,"two-digit state FIPS from the Census Bureau's own reference list (www2.census.gov/geo/docs/reference/state.txt), which is what USDA NASS emits; matched on STATE_NAME. Clipped to the target's own span.",
55,usda-nass-fips,1866,2024,,USA-WI-1848-2025,high,"two-digit state FIPS from the Census Bureau's own reference list (www2.census.gov/geo/docs/reference/state.txt), which is what USDA NASS emits; matched on STATE_NAME. Clipped to the target's own span.",
56,usda-nass-fips,1890,2024,,USA-WY-1890-2025,high,"two-digit state FIPS from the Census Bureau's own reference list (www2.census.gov/geo/docs/reference/state.txt), which is what USDA NASS emits; matched on STATE_NAME. Clipped to the target's own span.",
AUS-VICTORIA,whep-lab-australia,1901,2022,,AUS-VIC-1901-2025,high,"restored after the post-1901/1959 subnational polity was created: the earlier row was dropped because it pointed at the whole country, which would have allocated one state's area over it. Now it points at the state. Clipped to the target's own span.",
Victoria,whep-lab-australia,1901,2022,,AUS-VIC-1901-2025,high,"restored after the post-1901/1959 subnational polity was created: the earlier row was dropped because it pointed at the whole country, which would have allocated one state's area over it. Now it points at the state. Clipped to the target's own span.",
AUS-QUEENSLAND,whep-lab-australia,1901,2022,,AUS-QLD-1901-2025,high,"restored after the post-1901/1959 subnational polity was created: the earlier row was dropped because it pointed at the whole country, which would have allocated one state's area over it. Now it points at the state. Clipped to the target's own span.",
Queensland,whep-lab-australia,1901,2022,,AUS-QLD-1901-2025,high,"restored after the post-1901/1959 subnational polity was created: the earlier row was dropped because it pointed at the whole country, which would have allocated one state's area over it. Now it points at the state. Clipped to the target's own span.",
USA-ALASKA,whep-lab-usa,1960,2024,,USA-AK-1959-2025,high,"restored after the post-1901/1959 subnational polity was created: the earlier row was dropped because it pointed at the whole country, which would have allocated one state's area over it. Now it points at the state. Clipped to the target's own span.",
US Alaska,whep-lab-usa,1960,2024,,USA-AK-1959-2025,high,"restored after the post-1901/1959 subnational polity was created: the earlier row was dropped because it pointed at the whole country, which would have allocated one state's area over it. Now it points at the state. Clipped to the target's own span.",
ES111,eurostat-nuts2013,1865,2021,,ESP-CO-1833-2025,high,"the unit's NUTS code, verified present in the Eurostat GISCO NUTS 2013 attribute table (NUTS_AT_2013.csv) as 'A Coruña'. Emitted per vintage rather than assuming one, because the panel mixes them — ES701/ES702 are pre-2021 while ES705/ES709 are 2021. Clipped to the target's own span.",
ES111,eurostat-nuts2016,1865,2021,,ESP-CO-1833-2025,high,"the unit's NUTS code, verified present in the Eurostat GISCO NUTS 2016 attribute table (NUTS_AT_2016.csv) as 'A Coruña'. Emitted per vintage rather than assuming one, because the panel mixes them — ES701/ES702 are pre-2021 while ES705/ES709 are 2021. Clipped to the target's own span.",
ES112,eurostat-nuts2013,1865,2021,,ESP-LU-1833-2025,high,"the unit's NUTS code, verified present in the Eurostat GISCO NUTS 2013 attribute table (NUTS_AT_2013.csv) as 'Lugo'. Emitted per vintage rather than assuming one, because the panel mixes them — ES701/ES702 are pre-2021 while ES705/ES709 are 2021. Clipped to the target's own span.",
ES112,eurostat-nuts2016,1865,2021,,ESP-LU-1833-2025,high,"the unit's NUTS code, verified present in the Eurostat GISCO NUTS 2016 attribute table (NUTS_AT_2016.csv) as 'Lugo'. Emitted per vintage rather than assuming one, because the panel mixes them — ES701/ES702 are pre-2021 while ES705/ES709 are 2021. Clipped to the target's own span.",
ES113,eurostat-nuts2013,1865,2021,,ESP-OR-1833-2025,high,"the unit's NUTS code, verified present in the Eurostat GISCO NUTS 2013 attribute table (NUTS_AT_2013.csv) as 'Ourense'. Emitted per vintage rather than assuming one, because the panel mixes them — ES701/ES702 are pre-2021 while ES705/ES709 are 2021. Clipped to the target's own span.",
ES113,eurostat-nuts2016,1865,2021,,ESP-OR-1833-2025,high,"the unit's NUTS code, verified present in the Eurostat GISCO NUTS 2016 attribute table (NUTS_AT_2016.csv) as 'Ourense'. Emitted per vintage rather than assuming one, because the panel mixes them — ES701/ES702 are pre-2021 while ES705/ES709 are 2021. Clipped to the target's own span.",
ES114,eurostat-nuts2013,1865,2021,,ESP-PO-1833-2025,high,"the unit's NUTS code, verified present in the Eurostat GISCO NUTS 2013 attribute table (NUTS_AT_2013.csv) as 'Pontevedra'. Emitted per vintage rather than assuming one, because the panel mixes them — ES701/ES702 are pre-2021 while ES705/ES709 are 2021. Clipped to the target's own span.",
ES114,eurostat-nuts2016,1865,2021,,ESP-PO-1833-2025,high,"the unit's NUTS code, verified present in the Eurostat GISCO NUTS 2016 attribute table (NUTS_AT_2016.csv) as 'Pontevedra'. Emitted per vintage rather than assuming one, because the panel mixes them — ES701/ES702 are pre-2021 while ES705/ES709 are 2021. Clipped to the target's own span.",
ES120,eurostat-nuts2013,1865,2021,,ESP-AS-1833-2025,high,"the unit's NUTS code, verified present in the Eurostat GISCO NUTS 2013 attribute table (NUTS_AT_2013.csv) as 'Asturias'. Emitted per vintage rather than assuming one, because the panel mixes them — ES701/ES702 are pre-2021 while ES705/ES709 are 2021. Clipped to the target's own span.",
ES120,eurostat-nuts2016,1865,2021,,ESP-AS-1833-2025,high,"the unit's NUTS code, verified present in the Eurostat GISCO NUTS 2016 attribute table (NUTS_AT_2016.csv) as 'Asturias'. Emitted per vintage rather than assuming one, because the panel mixes them — ES701/ES702 are pre-2021 while ES705/ES709 are 2021. Clipped to the target's own span.",
ES130,eurostat-nuts2013,1865,2021,,ESP-CA-1833-2025,high,"the unit's NUTS code, verified present in the Eurostat GISCO NUTS 2013 attribute table (NUTS_AT_2013.csv) as 'Cantabria'. Emitted per vintage rather than assuming one, because the panel mixes them — ES701/ES702 are pre-2021 while ES705/ES709 are 2021. Clipped to the target's own span.",
ES130,eurostat-nuts2016,1865,2021,,ESP-CA-1833-2025,high,"the unit's NUTS code, verified present in the Eurostat GISCO NUTS 2016 attribute table (NUTS_AT_2016.csv) as 'Cantabria'. Emitted per vintage rather than assuming one, because the panel mixes them — ES701/ES702 are pre-2021 while ES705/ES709 are 2021. Clipped to the target's own span.",
ES211,eurostat-nuts2013,1865,2021,,ESP-VI-1833-2025,high,"the unit's NUTS code, verified present in the Eurostat GISCO NUTS 2013 attribute table (NUTS_AT_2013.csv) as 'Araba/Álava'. Emitted per vintage rather than assuming one, because the panel mixes them — ES701/ES702 are pre-2021 while ES705/ES709 are 2021. Clipped to the target's own span.",
ES211,eurostat-nuts2016,1865,2021,,ESP-VI-1833-2025,high,"the unit's NUTS code, verified present in the Eurostat GISCO NUTS 2016 attribute table (NUTS_AT_2016.csv) as 'Araba/Álava'. Emitted per vintage rather than assuming one, because the panel mixes them — ES701/ES702 are pre-2021 while ES705/ES709 are 2021. Clipped to the target's own span.",
ES212,eurostat-nuts2013,1865,2021,,ESP-GI-1833-2025,high,"the unit's NUTS code, verified present in the Eurostat GISCO NUTS 2013 attribute table (NUTS_AT_2013.csv) as 'Gipuzkoa'. Emitted per vintage rather than assuming one, because the panel mixes them — ES701/ES702 are pre-2021 while ES705/ES709 are 2021. Clipped to the target's own span.",
ES212,eurostat-nuts2016,1865,2021,,ESP-GI-1833-2025,high,"the unit's NUTS code, verified present in the Eurostat GISCO NUTS 2016 attribute table (NUTS_AT_2016.csv) as 'Gipuzkoa'. Emitted per vintage rather than assuming one, because the panel mixes them — ES701/ES702 are pre-2021 while ES705/ES709 are 2021. Clipped to the target's own span.",
ES213,eurostat-nuts2013,1865,2021,,ESP-BI-1833-2025,high,"the unit's NUTS code, verified present in the Eurostat GISCO NUTS 2013 attribute table (NUTS_AT_2013.csv) as 'Bizkaia'. Emitted per vintage rather than assuming one, because the panel mixes them — ES701/ES702 are pre-2021 while ES705/ES709 are 2021. Clipped to the target's own span.",
ES213,eurostat-nuts2016,1865,2021,,ESP-BI-1833-2025,high,"the unit's NUTS code, verified present in the Eurostat GISCO NUTS 2016 attribute table (NUTS_AT_2016.csv) as 'Bizkaia'. Emitted per vintage rather than assuming one, because the panel mixes them — ES701/ES702 are pre-2021 while ES705/ES709 are 2021. Clipped to the target's own span.",
ES220,eurostat-nuts2013,1865,2021,,ESP-NV-1833-2025,high,"the unit's NUTS code, verified present in the Eurostat GISCO NUTS 2013 attribute table (NUTS_AT_2013.csv) as 'Navarra'. Emitted per vintage rather than assuming one, because the panel mixes them — ES701/ES702 are pre-2021 while ES705/ES709 are 2021. Clipped to the target's own span.",
ES220,eurostat-nuts2016,1865,2021,,ESP-NV-1833-2025,high,"the unit's NUTS code, verified present in the Eurostat GISCO NUTS 2016 attribute table (NUTS_AT_2016.csv) as 'Navarra'. Emitted per vintage rather than assuming one, because the panel mixes them — ES701/ES702 are pre-2021 while ES705/ES709 are 2021. Clipped to the target's own span.",
ES230,eurostat-nuts2013,1865,2021,,ESP-RI-1833-2025,high,"the unit's NUTS code, verified present in the Eurostat GISCO NUTS 2013 attribute table (NUTS_AT_2013.csv) as 'La Rioja'. Emitted per vintage rather than assuming one, because the panel mixes them — ES701/ES702 are pre-2021 while ES705/ES709 are 2021. Clipped to the target's own span.",
ES230,eurostat-nuts2016,1865,2021,,ESP-RI-1833-2025,high,"the unit's NUTS code, verified present in the Eurostat GISCO NUTS 2016 attribute table (NUTS_AT_2016.csv) as 'La Rioja'. Emitted per vintage rather than assuming one, because the panel mixes them — ES701/ES702 are pre-2021 while ES705/ES709 are 2021. Clipped to the target's own span.",
ES241,eurostat-nuts2013,1865,2021,,ESP-HU-1833-2025,high,"the unit's NUTS code, verified present in the Eurostat GISCO NUTS 2013 attribute table (NUTS_AT_2013.csv) as 'Huesca'. Emitted per vintage rather than assuming one, because the panel mixes them — ES701/ES702 are pre-2021 while ES705/ES709 are 2021. Clipped to the target's own span.",
ES241,eurostat-nuts2016,1865,2021,,ESP-HU-1833-2025,high,"the unit's NUTS code, verified present in the Eurostat GISCO NUTS 2016 attribute table (NUTS_AT_2016.csv) as 'Huesca'. Emitted per vintage rather than assuming one, because the panel mixes them — ES701/ES702 are pre-2021 while ES705/ES709 are 2021. Clipped to the target's own span.",
ES242,eurostat-nuts2013,1865,2021,,ESP-TE-1833-2025,high,"the unit's NUTS code, verified present in the Eurostat GISCO NUTS 2013 attribute table (NUTS_AT_2013.csv) as 'Teruel'. Emitted per vintage rather than assuming one, because the panel mixes them — ES701/ES702 are pre-2021 while ES705/ES709 are 2021. Clipped to the target's own span.",
ES242,eurostat-nuts2016,1865,2021,,ESP-TE-1833-2025,high,"the unit's NUTS code, verified present in the Eurostat GISCO NUTS 2016 attribute table (NUTS_AT_2016.csv) as 'Teruel'. Emitted per vintage rather than assuming one, because the panel mixes them — ES701/ES702 are pre-2021 while ES705/ES709 are 2021. Clipped to the target's own span.",
ES243,eurostat-nuts2013,1865,2021,,ESP-ZA-1833-2025,high,"the unit's NUTS code, verified present in the Eurostat GISCO NUTS 2013 attribute table (NUTS_AT_2013.csv) as 'Zaragoza'. Emitted per vintage rather than assuming one, because the panel mixes them — ES701/ES702 are pre-2021 while ES705/ES709 are 2021. Clipped to the target's own span.",
ES243,eurostat-nuts2016,1865,2021,,ESP-ZA-1833-2025,high,"the unit's NUTS code, verified present in the Eurostat GISCO NUTS 2016 attribute table (NUTS_AT_2016.csv) as 'Zaragoza'. Emitted per vintage rather than assuming one, because the panel mixes them — ES701/ES702 are pre-2021 while ES705/ES709 are 2021. Clipped to the target's own span.",
ES300,eurostat-nuts2013,1865,2021,,ESP-MD-1833-2025,high,"the unit's NUTS code, verified present in the Eurostat GISCO NUTS 2013 attribute table (NUTS_AT_2013.csv) as 'Madrid'. Emitted per vintage rather than assuming one, because the panel mixes them — ES701/ES702 are pre-2021 while ES705/ES709 are 2021. Clipped to the target's own span.",
ES300,eurostat-nuts2016,1865,2021,,ESP-MD-1833-2025,high,"the unit's NUTS code, verified present in the Eurostat GISCO NUTS 2016 attribute table (NUTS_AT_2016.csv) as 'Madrid'. Emitted per vintage rather than assuming one, because the panel mixes them — ES701/ES702 are pre-2021 while ES705/ES709 are 2021. Clipped to the target's own span.",
ES411,eurostat-nuts2013,1865,2021,,ESP-AV-1833-2025,high,"the unit's NUTS code, verified present in the Eurostat GISCO NUTS 2013 attribute table (NUTS_AT_2013.csv) as 'Ávila'. Emitted per vintage rather than assuming one, because the panel mixes them — ES701/ES702 are pre-2021 while ES705/ES709 are 2021. Clipped to the target's own span.",
ES411,eurostat-nuts2016,1865,2021,,ESP-AV-1833-2025,high,"the unit's NUTS code, verified present in the Eurostat GISCO NUTS 2016 attribute table (NUTS_AT_2016.csv) as 'Ávila'. Emitted per vintage rather than assuming one, because the panel mixes them — ES701/ES702 are pre-2021 while ES705/ES709 are 2021. Clipped to the target's own span.",
ES412,eurostat-nuts2013,1865,2021,,ESP-BU-1833-2025,high,"the unit's NUTS code, verified present in the Eurostat GISCO NUTS 2013 attribute table (NUTS_AT_2013.csv) as 'Burgos'. Emitted per vintage rather than assuming one, because the panel mixes them — ES701/ES702 are pre-2021 while ES705/ES709 are 2021. Clipped to the target's own span.",
ES412,eurostat-nuts2016,1865,2021,,ESP-BU-1833-2025,high,"the unit's NUTS code, verified present in the Eurostat GISCO NUTS 2016 attribute table (NUTS_AT_2016.csv) as 'Burgos'. Emitted per vintage rather than assuming one, because the panel mixes them — ES701/ES702 are pre-2021 while ES705/ES709 are 2021. Clipped to the target's own span.",
ES413,eurostat-nuts2013,1865,2021,,ESP-LE-1833-2025,high,"the unit's NUTS code, verified present in the Eurostat GISCO NUTS 2013 attribute table (NUTS_AT_2013.csv) as 'León'. Emitted per vintage rather than assuming one, because the panel mixes them — ES701/ES702 are pre-2021 while ES705/ES709 are 2021. Clipped to the target's own span.",
ES413,eurostat-nuts2016,1865,2021,,ESP-LE-1833-2025,high,"the unit's NUTS code, verified present in the Eurostat GISCO NUTS 2016 attribute table (NUTS_AT_2016.csv) as 'León'. Emitted per vintage rather than assuming one, because the panel mixes them — ES701/ES702 are pre-2021 while ES705/ES709 are 2021. Clipped to the target's own span.",
ES414,eurostat-nuts2013,1865,2021,,ESP-PA-1833-2025,high,"the unit's NUTS code, verified present in the Eurostat GISCO NUTS 2013 attribute table (NUTS_AT_2013.csv) as 'Palencia'. Emitted per vintage rather than assuming one, because the panel mixes them — ES701/ES702 are pre-2021 while ES705/ES709 are 2021. Clipped to the target's own span.",
ES414,eurostat-nuts2016,1865,2021,,ESP-PA-1833-2025,high,"the unit's NUTS code, verified present in the Eurostat GISCO NUTS 2016 attribute table (NUTS_AT_2016.csv) as 'Palencia'. Emitted per vintage rather than assuming one, because the panel mixes them — ES701/ES702 are pre-2021 while ES705/ES709 are 2021. Clipped to the target's own span.",
ES415,eurostat-nuts2013,1865,2021,,ESP-SA-1833-2025,high,"the unit's NUTS code, verified present in the Eurostat GISCO NUTS 2013 attribute table (NUTS_AT_2013.csv) as 'Salamanca'. Emitted per vintage rather than assuming one, because the panel mixes them — ES701/ES702 are pre-2021 while ES705/ES709 are 2021. Clipped to the target's own span.",
ES415,eurostat-nuts2016,1865,2021,,ESP-SA-1833-2025,high,"the unit's NUTS code, verified present in the Eurostat GISCO NUTS 2016 attribute table (NUTS_AT_2016.csv) as 'Salamanca'. Emitted per vintage rather than assuming one, because the panel mixes them — ES701/ES702 are pre-2021 while ES705/ES709 are 2021. Clipped to the target's own span.",
ES416,eurostat-nuts2013,1865,2021,,ESP-SG-1833-2025,high,"the unit's NUTS code, verified present in the Eurostat GISCO NUTS 2013 attribute table (NUTS_AT_2013.csv) as 'Segovia'. Emitted per vintage rather than assuming one, because the panel mixes them — ES701/ES702 are pre-2021 while ES705/ES709 are 2021. Clipped to the target's own span.",
ES416,eurostat-nuts2016,1865,2021,,ESP-SG-1833-2025,high,"the unit's NUTS code, verified present in the Eurostat GISCO NUTS 2016 attribute table (NUTS_AT_2016.csv) as 'Segovia'. Emitted per vintage rather than assuming one, because the panel mixes them — ES701/ES702 are pre-2021 while ES705/ES709 are 2021. Clipped to the target's own span.",
ES417,eurostat-nuts2013,1865,2021,,ESP-SO-1833-2025,high,"the unit's NUTS code, verified present in the Eurostat GISCO NUTS 2013 attribute table (NUTS_AT_2013.csv) as 'Soria'. Emitted per vintage rather than assuming one, because the panel mixes them — ES701/ES702 are pre-2021 while ES705/ES709 are 2021. Clipped to the target's own span.",
ES417,eurostat-nuts2016,1865,2021,,ESP-SO-1833-2025,high,"the unit's NUTS code, verified present in the Eurostat GISCO NUTS 2016 attribute table (NUTS_AT_2016.csv) as 'Soria'. Emitted per vintage rather than assuming one, because the panel mixes them — ES701/ES702 are pre-2021 while ES705/ES709 are 2021. Clipped to the target's own span.",
ES418,eurostat-nuts2013,1865,2021,,ESP-VA-1833-2025,high,"the unit's NUTS code, verified present in the Eurostat GISCO NUTS 2013 attribute table (NUTS_AT_2013.csv) as 'Valladolid'. Emitted per vintage rather than assuming one, because the panel mixes them — ES701/ES702 are pre-2021 while ES705/ES709 are 2021. Clipped to the target's own span.",
ES418,eurostat-nuts2016,1865,2021,,ESP-VA-1833-2025,high,"the unit's NUTS code, verified present in the Eurostat GISCO NUTS 2016 attribute table (NUTS_AT_2016.csv) as 'Valladolid'. Emitted per vintage rather than assuming one, because the panel mixes them — ES701/ES702 are pre-2021 while ES705/ES709 are 2021. Clipped to the target's own span.",
ES419,eurostat-nuts2013,1865,2021,,ESP-ZM-1833-2025,high,"the unit's NUTS code, verified present in the Eurostat GISCO NUTS 2013 attribute table (NUTS_AT_2013.csv) as 'Zamora'. Emitted per vintage rather than assuming one, because the panel mixes them — ES701/ES702 are pre-2021 while ES705/ES709 are 2021. Clipped to the target's own span.",
ES419,eurostat-nuts2016,1865,2021,,ESP-ZM-1833-2025,high,"the unit's NUTS code, verified present in the Eurostat GISCO NUTS 2016 attribute table (NUTS_AT_2016.csv) as 'Zamora'. Emitted per vintage rather than assuming one, because the panel mixes them — ES701/ES702 are pre-2021 while ES705/ES709 are 2021. Clipped to the target's own span.",
ES421,eurostat-nuts2013,1865,2021,,ESP-AB-1833-2025,high,"the unit's NUTS code, verified present in the Eurostat GISCO NUTS 2013 attribute table (NUTS_AT_2013.csv) as 'Albacete'. Emitted per vintage rather than assuming one, because the panel mixes them — ES701/ES702 are pre-2021 while ES705/ES709 are 2021. Clipped to the target's own span.",
ES421,eurostat-nuts2016,1865,2021,,ESP-AB-1833-2025,high,"the unit's NUTS code, verified present in the Eurostat GISCO NUTS 2016 attribute table (NUTS_AT_2016.csv) as 'Albacete'. Emitted per vintage rather than assuming one, because the panel mixes them — ES701/ES702 are pre-2021 while ES705/ES709 are 2021. Clipped to the target's own span.",
ES422,eurostat-nuts2013,1865,2021,,ESP-CR-1833-2025,high,"the unit's NUTS code, verified present in the Eurostat GISCO NUTS 2013 attribute table (NUTS_AT_2013.csv) as 'Ciudad Real'. Emitted per vintage rather than assuming one, because the panel mixes them — ES701/ES702 are pre-2021 while ES705/ES709 are 2021. Clipped to the target's own span.",
ES422,eurostat-nuts2016,1865,2021,,ESP-CR-1833-2025,high,"the unit's NUTS code, verified present in the Eurostat GISCO NUTS 2016 attribute table (NUTS_AT_2016.csv) as 'Ciudad Real'. Emitted per vintage rather than assuming one, because the panel mixes them — ES701/ES702 are pre-2021 while ES705/ES709 are 2021. Clipped to the target's own span.",
ES423,eurostat-nuts2013,1865,2021,,ESP-CU-1833-2025,high,"the unit's NUTS code, verified present in the Eurostat GISCO NUTS 2013 attribute table (NUTS_AT_2013.csv) as 'Cuenca'. Emitted per vintage rather than assuming one, because the panel mixes them — ES701/ES702 are pre-2021 while ES705/ES709 are 2021. Clipped to the target's own span.",
ES423,eurostat-nuts2016,1865,2021,,ESP-CU-1833-2025,high,"the unit's NUTS code, verified present in the Eurostat GISCO NUTS 2016 attribute table (NUTS_AT_2016.csv) as 'Cuenca'. Emitted per vintage rather than assuming one, because the panel mixes them — ES701/ES702 are pre-2021 while ES705/ES709 are 2021. Clipped to the target's own span.",
ES424,eurostat-nuts2013,1865,2021,,ESP-GU-1833-2025,high,"the unit's NUTS code, verified present in the Eurostat GISCO NUTS 2013 attribute table (NUTS_AT_2013.csv) as 'Guadalajara'. Emitted per vintage rather than assuming one, because the panel mixes them — ES701/ES702 are pre-2021 while ES705/ES709 are 2021. Clipped to the target's own span.",
ES424,eurostat-nuts2016,1865,2021,,ESP-GU-1833-2025,high,"the unit's NUTS code, verified present in the Eurostat GISCO NUTS 2016 attribute table (NUTS_AT_2016.csv) as 'Guadalajara'. Emitted per vintage rather than assuming one, because the panel mixes them — ES701/ES702 are pre-2021 while ES705/ES709 are 2021. Clipped to the target's own span.",
ES425,eurostat-nuts2013,1865,2021,,ESP-TO-1833-2025,high,"the unit's NUTS code, verified present in the Eurostat GISCO NUTS 2013 attribute table (NUTS_AT_2013.csv) as 'Toledo'. Emitted per vintage rather than assuming one, because the panel mixes them — ES701/ES702 are pre-2021 while ES705/ES709 are 2021. Clipped to the target's own span.",
ES425,eurostat-nuts2016,1865,2021,,ESP-TO-1833-2025,high,"the unit's NUTS code, verified present in the Eurostat GISCO NUTS 2016 attribute table (NUTS_AT_2016.csv) as 'Toledo'. Emitted per vintage rather than assuming one, because the panel mixes them — ES701/ES702 are pre-2021 while ES705/ES709 are 2021. Clipped to the target's own span.",
ES431,eurostat-nuts2013,1865,2021,,ESP-BA-1833-2025,high,"the unit's NUTS code, verified present in the Eurostat GISCO NUTS 2013 attribute table (NUTS_AT_2013.csv) as 'Badajoz'. Emitted per vintage rather than assuming one, because the panel mixes them — ES701/ES702 are pre-2021 while ES705/ES709 are 2021. Clipped to the target's own span.",
ES431,eurostat-nuts2016,1865,2021,,ESP-BA-1833-2025,high,"the unit's NUTS code, verified present in the Eurostat GISCO NUTS 2016 attribute table (NUTS_AT_2016.csv) as 'Badajoz'. Emitted per vintage rather than assuming one, because the panel mixes them — ES701/ES702 are pre-2021 while ES705/ES709 are 2021. Clipped to the target's own span.",
ES432,eurostat-nuts2013,1865,2021,,ESP-CC-1833-2025,high,"the unit's NUTS code, verified present in the Eurostat GISCO NUTS 2013 attribute table (NUTS_AT_2013.csv) as 'Cáceres'. Emitted per vintage rather than assuming one, because the panel mixes them — ES701/ES702 are pre-2021 while ES705/ES709 are 2021. Clipped to the target's own span.",
ES432,eurostat-nuts2016,1865,2021,,ESP-CC-1833-2025,high,"the unit's NUTS code, verified present in the Eurostat GISCO NUTS 2016 attribute table (NUTS_AT_2016.csv) as 'Cáceres'. Emitted per vintage rather than assuming one, because the panel mixes them — ES701/ES702 are pre-2021 while ES705/ES709 are 2021. Clipped to the target's own span.",
ES511,eurostat-nuts2013,1865,2021,,ESP-B-1833-2025,high,"the unit's NUTS code, verified present in the Eurostat GISCO NUTS 2013 attribute table (NUTS_AT_2013.csv) as 'Barcelona'. Emitted per vintage rather than assuming one, because the panel mixes them — ES701/ES702 are pre-2021 while ES705/ES709 are 2021. Clipped to the target's own span.",
ES511,eurostat-nuts2016,1865,2021,,ESP-B-1833-2025,high,"the unit's NUTS code, verified present in the Eurostat GISCO NUTS 2016 attribute table (NUTS_AT_2016.csv) as 'Barcelona'. Emitted per vintage rather than assuming one, because the panel mixes them — ES701/ES702 are pre-2021 while ES705/ES709 are 2021. Clipped to the target's own span.",
ES512,eurostat-nuts2013,1865,2021,,ESP-17-1833-2025,high,"the unit's NUTS code, verified present in the Eurostat GISCO NUTS 2013 attribute table (NUTS_AT_2013.csv) as 'Girona'. Emitted per vintage rather than assuming one, because the panel mixes them — ES701/ES702 are pre-2021 while ES705/ES709 are 2021. Clipped to the target's own span.",
ES512,eurostat-nuts2016,1865,2021,,ESP-17-1833-2025,high,"the unit's NUTS code, verified present in the Eurostat GISCO NUTS 2016 attribute table (NUTS_AT_2016.csv) as 'Girona'. Emitted per vintage rather than assuming one, because the panel mixes them — ES701/ES702 are pre-2021 while ES705/ES709 are 2021. Clipped to the target's own span.",
ES513,eurostat-nuts2013,1865,2021,,ESP-LL-1833-2025,high,"the unit's NUTS code, verified present in the Eurostat GISCO NUTS 2013 attribute table (NUTS_AT_2013.csv) as 'Lleida'. Emitted per vintage rather than assuming one, because the panel mixes them — ES701/ES702 are pre-2021 while ES705/ES709 are 2021. Clipped to the target's own span.",
ES513,eurostat-nuts2016,1865,2021,,ESP-LL-1833-2025,high,"the unit's NUTS code, verified present in the Eurostat GISCO NUTS 2016 attribute table (NUTS_AT_2016.csv) as 'Lleida'. Emitted per vintage rather than assuming one, because the panel mixes them — ES701/ES702 are pre-2021 while ES705/ES709 are 2021. Clipped to the target's own span.",
ES514,eurostat-nuts2013,1865,2021,,ESP-T-1833-2025,high,"the unit's NUTS code, verified present in the Eurostat GISCO NUTS 2013 attribute table (NUTS_AT_2013.csv) as 'Tarragona'. Emitted per vintage rather than assuming one, because the panel mixes them — ES701/ES702 are pre-2021 while ES705/ES709 are 2021. Clipped to the target's own span.",
ES514,eurostat-nuts2016,1865,2021,,ESP-T-1833-2025,high,"the unit's NUTS code, verified present in the Eurostat GISCO NUTS 2016 attribute table (NUTS_AT_2016.csv) as 'Tarragona'. Emitted per vintage rather than assuming one, because the panel mixes them — ES701/ES702 are pre-2021 while ES705/ES709 are 2021. Clipped to the target's own span.",
ES521,eurostat-nuts2013,1865,2021,,ESP-A-1833-2025,high,"the unit's NUTS code, verified present in the Eurostat GISCO NUTS 2013 attribute table (NUTS_AT_2013.csv) as 'Alicante / Alacant'. Emitted per vintage rather than assuming one, because the panel mixes them — ES701/ES702 are pre-2021 while ES705/ES709 are 2021. Clipped to the target's own span.",
ES521,eurostat-nuts2016,1865,2021,,ESP-A-1833-2025,high,"the unit's NUTS code, verified present in the Eurostat GISCO NUTS 2016 attribute table (NUTS_AT_2016.csv) as 'Alicante / Alacant'. Emitted per vintage rather than assuming one, because the panel mixes them — ES701/ES702 are pre-2021 while ES705/ES709 are 2021. Clipped to the target's own span.",
ES522,eurostat-nuts2013,1865,2021,,ESP-CS-1833-2025,medium,"the unit's NUTS code, verified present in the Eurostat GISCO NUTS 2013 attribute table (NUTS_AT_2013.csv) as 'Castellón / Castelló'. Emitted per vintage rather than assuming one, because the panel mixes them — ES701/ES702 are pre-2021 while ES705/ES709 are 2021. Clipped to the target's own span.",
ES522,eurostat-nuts2016,1865,2021,,ESP-CS-1833-2025,medium,"the unit's NUTS code, verified present in the Eurostat GISCO NUTS 2016 attribute table (NUTS_AT_2016.csv) as 'Castellón / Castelló'. Emitted per vintage rather than assuming one, because the panel mixes them — ES701/ES702 are pre-2021 while ES705/ES709 are 2021. Clipped to the target's own span.",
ES523,eurostat-nuts2013,1865,2021,,ESP-V-1833-2025,high,"the unit's NUTS code, verified present in the Eurostat GISCO NUTS 2013 attribute table (NUTS_AT_2013.csv) as 'Valencia / València'. Emitted per vintage rather than assuming one, because the panel mixes them — ES701/ES702 are pre-2021 while ES705/ES709 are 2021. Clipped to the target's own span.",
ES523,eurostat-nuts2016,1865,2021,,ESP-V-1833-2025,high,"the unit's NUTS code, verified present in the Eurostat GISCO NUTS 2016 attribute table (NUTS_AT_2016.csv) as 'Valencia / València'. Emitted per vintage rather than assuming one, because the panel mixes them — ES701/ES702 are pre-2021 while ES705/ES709 are 2021. Clipped to the target's own span.",
ES53,eurostat-nuts2013,1865,2020,,ESP-IB-1833-2025,high,"the unit's NUTS code, verified present in the Eurostat GISCO NUTS 2013 attribute table (NUTS_AT_2013.csv) as 'Illes Balears'. Emitted per vintage rather than assuming one, because the panel mixes them — ES701/ES702 are pre-2021 while ES705/ES709 are 2021. Clipped to the target's own span.",
ES53,eurostat-nuts2016,1865,2020,,ESP-IB-1833-2025,high,"the unit's NUTS code, verified present in the Eurostat GISCO NUTS 2016 attribute table (NUTS_AT_2016.csv) as 'Illes Balears'. Emitted per vintage rather than assuming one, because the panel mixes them — ES701/ES702 are pre-2021 while ES705/ES709 are 2021. Clipped to the target's own span.",
ES531,eurostat-nuts2013,1880,2021,,ESP-IBZ-1833-2025,high,"the unit's NUTS code, verified present in the Eurostat GISCO NUTS 2013 attribute table (NUTS_AT_2013.csv) as 'Eivissa y Formentera'. Emitted per vintage rather than assuming one, because the panel mixes them — ES701/ES702 are pre-2021 while ES705/ES709 are 2021. Clipped to the target's own span.",
ES531,eurostat-nuts2016,1880,2021,,ESP-IBZ-1833-2025,high,"the unit's NUTS code, verified present in the Eurostat GISCO NUTS 2016 attribute table (NUTS_AT_2016.csv) as 'Eivissa y Formentera'. Emitted per vintage rather than assuming one, because the panel mixes them — ES701/ES702 are pre-2021 while ES705/ES709 are 2021. Clipped to the target's own span.",
ES611,eurostat-nuts2013,1865,2021,,ESP-AL-1833-2025,high,"the unit's NUTS code, verified present in the Eurostat GISCO NUTS 2013 attribute table (NUTS_AT_2013.csv) as 'Almería'. Emitted per vintage rather than assuming one, because the panel mixes them — ES701/ES702 are pre-2021 while ES705/ES709 are 2021. Clipped to the target's own span.",
ES611,eurostat-nuts2016,1865,2021,,ESP-AL-1833-2025,high,"the unit's NUTS code, verified present in the Eurostat GISCO NUTS 2016 attribute table (NUTS_AT_2016.csv) as 'Almería'. Emitted per vintage rather than assuming one, because the panel mixes them — ES701/ES702 are pre-2021 while ES705/ES709 are 2021. Clipped to the target's own span.",
ES612,eurostat-nuts2013,1865,2021,,ESP-CDZ-1833-2025,high,"the unit's NUTS code, verified present in the Eurostat GISCO NUTS 2013 attribute table (NUTS_AT_2013.csv) as 'Cádiz'. Emitted per vintage rather than assuming one, because the panel mixes them — ES701/ES702 are pre-2021 while ES705/ES709 are 2021. Clipped to the target's own span.",
ES612,eurostat-nuts2016,1865,2021,,ESP-CDZ-1833-2025,high,"the unit's NUTS code, verified present in the Eurostat GISCO NUTS 2016 attribute table (NUTS_AT_2016.csv) as 'Cádiz'. Emitted per vintage rather than assuming one, because the panel mixes them — ES701/ES702 are pre-2021 while ES705/ES709 are 2021. Clipped to the target's own span.",
ES613,eurostat-nuts2013,1865,2021,,ESP-COR-1833-2025,high,"the unit's NUTS code, verified present in the Eurostat GISCO NUTS 2013 attribute table (NUTS_AT_2013.csv) as 'Córdoba'. Emitted per vintage rather than assuming one, because the panel mixes them — ES701/ES702 are pre-2021 while ES705/ES709 are 2021. Clipped to the target's own span.",
ES613,eurostat-nuts2016,1865,2021,,ESP-COR-1833-2025,high,"the unit's NUTS code, verified present in the Eurostat GISCO NUTS 2016 attribute table (NUTS_AT_2016.csv) as 'Córdoba'. Emitted per vintage rather than assuming one, because the panel mixes them — ES701/ES702 are pre-2021 while ES705/ES709 are 2021. Clipped to the target's own span.",
ES614,eurostat-nuts2013,1865,2021,,ESP-GR2-1833-2025,high,"the unit's NUTS code, verified present in the Eurostat GISCO NUTS 2013 attribute table (NUTS_AT_2013.csv) as 'Granada'. Emitted per vintage rather than assuming one, because the panel mixes them — ES701/ES702 are pre-2021 while ES705/ES709 are 2021. Clipped to the target's own span.",
ES614,eurostat-nuts2016,1865,2021,,ESP-GR2-1833-2025,high,"the unit's NUTS code, verified present in the Eurostat GISCO NUTS 2016 attribute table (NUTS_AT_2016.csv) as 'Granada'. Emitted per vintage rather than assuming one, because the panel mixes them — ES701/ES702 are pre-2021 while ES705/ES709 are 2021. Clipped to the target's own span.",
ES615,eurostat-nuts2013,1865,2021,,ESP-H-1833-2025,high,"the unit's NUTS code, verified present in the Eurostat GISCO NUTS 2013 attribute table (NUTS_AT_2013.csv) as 'Huelva'. Emitted per vintage rather than assuming one, because the panel mixes them — ES701/ES702 are pre-2021 while ES705/ES709 are 2021. Clipped to the target's own span.",
ES615,eurostat-nuts2016,1865,2021,,ESP-H-1833-2025,high,"the unit's NUTS code, verified present in the Eurostat GISCO NUTS 2016 attribute table (NUTS_AT_2016.csv) as 'Huelva'. Emitted per vintage rather than assuming one, because the panel mixes them — ES701/ES702 are pre-2021 while ES705/ES709 are 2021. Clipped to the target's own span.",
ES616,eurostat-nuts2013,1865,2021,,ESP-J-1833-2025,high,"the unit's NUTS code, verified present in the Eurostat GISCO NUTS 2013 attribute table (NUTS_AT_2013.csv) as 'Jaén'. Emitted per vintage rather than assuming one, because the panel mixes them — ES701/ES702 are pre-2021 while ES705/ES709 are 2021. Clipped to the target's own span.",
ES616,eurostat-nuts2016,1865,2021,,ESP-J-1833-2025,high,"the unit's NUTS code, verified present in the Eurostat GISCO NUTS 2016 attribute table (NUTS_AT_2016.csv) as 'Jaén'. Emitted per vintage rather than assuming one, because the panel mixes them — ES701/ES702 are pre-2021 while ES705/ES709 are 2021. Clipped to the target's own span.",
ES617,eurostat-nuts2013,1865,2021,,ESP-MA-1833-2025,high,"the unit's NUTS code, verified present in the Eurostat GISCO NUTS 2013 attribute table (NUTS_AT_2013.csv) as 'Málaga'. Emitted per vintage rather than assuming one, because the panel mixes them — ES701/ES702 are pre-2021 while ES705/ES709 are 2021. Clipped to the target's own span.",
ES617,eurostat-nuts2016,1865,2021,,ESP-MA-1833-2025,high,"the unit's NUTS code, verified present in the Eurostat GISCO NUTS 2016 attribute table (NUTS_AT_2016.csv) as 'Málaga'. Emitted per vintage rather than assuming one, because the panel mixes them — ES701/ES702 are pre-2021 while ES705/ES709 are 2021. Clipped to the target's own span.",
ES618,eurostat-nuts2013,1865,2021,,ESP-SE-1833-2025,high,"the unit's NUTS code, verified present in the Eurostat GISCO NUTS 2013 attribute table (NUTS_AT_2013.csv) as 'Sevilla'. Emitted per vintage rather than assuming one, because the panel mixes them — ES701/ES702 are pre-2021 while ES705/ES709 are 2021. Clipped to the target's own span.",
ES618,eurostat-nuts2016,1865,2021,,ESP-SE-1833-2025,high,"the unit's NUTS code, verified present in the Eurostat GISCO NUTS 2016 attribute table (NUTS_AT_2016.csv) as 'Sevilla'. Emitted per vintage rather than assuming one, because the panel mixes them — ES701/ES702 are pre-2021 while ES705/ES709 are 2021. Clipped to the target's own span.",
ES620,eurostat-nuts2013,1865,2021,,ESP-MU-1833-2025,high,"the unit's NUTS code, verified present in the Eurostat GISCO NUTS 2013 attribute table (NUTS_AT_2013.csv) as 'Murcia'. Emitted per vintage rather than assuming one, because the panel mixes them — ES701/ES702 are pre-2021 while ES705/ES709 are 2021. Clipped to the target's own span.",
ES620,eurostat-nuts2016,1865,2021,,ESP-MU-1833-2025,high,"the unit's NUTS code, verified present in the Eurostat GISCO NUTS 2016 attribute table (NUTS_AT_2016.csv) as 'Murcia'. Emitted per vintage rather than assuming one, because the panel mixes them — ES701/ES702 are pre-2021 while ES705/ES709 are 2021. Clipped to the target's own span.",
ES705,eurostat-nuts2013,1865,2020,,ESP-GC-1833-2025,medium,"the unit's NUTS code, verified present in the Eurostat GISCO NUTS 2013 attribute table (NUTS_AT_2013.csv) as 'Gran Canaria'. Emitted per vintage rather than assuming one, because the panel mixes them — ES701/ES702 are pre-2021 while ES705/ES709 are 2021. Clipped to the target's own span.",
ES705,eurostat-nuts2016,1865,2020,,ESP-GC-1833-2025,medium,"the unit's NUTS code, verified present in the Eurostat GISCO NUTS 2016 attribute table (NUTS_AT_2016.csv) as 'Gran Canaria'. Emitted per vintage rather than assuming one, because the panel mixes them — ES701/ES702 are pre-2021 while ES705/ES709 are 2021. Clipped to the target's own span.",
ES709,eurostat-nuts2013,1927,2020,,ESP-SCT-1927-2025,medium,"the unit's NUTS code, verified present in the Eurostat GISCO NUTS 2013 attribute table (NUTS_AT_2013.csv) as 'Tenerife'. Emitted per vintage rather than assuming one, because the panel mixes them — ES701/ES702 are pre-2021 while ES705/ES709 are 2021. Clipped to the target's own span.",
ES709,eurostat-nuts2016,1927,2020,,ESP-SCT-1927-2025,medium,"the unit's NUTS code, verified present in the Eurostat GISCO NUTS 2016 attribute table (NUTS_AT_2016.csv) as 'Tenerife'. Emitted per vintage rather than assuming one, because the panel mixes them — ES701/ES702 are pre-2021 while ES705/ES709 are 2021. Clipped to the target's own span.",
FR102,eurostat-nuts2013,1862,2023,,FRA-77-1800-2025,high,"the unit's NUTS code, verified present in the Eurostat GISCO NUTS 2013 attribute table (NUTS_AT_2013.csv) as 'Seine-et-Marne'. Emitted per vintage rather than assuming one, because the panel mixes them — ES701/ES702 are pre-2021 while ES705/ES709 are 2021. Clipped to the target's own span.",
FR102,eurostat-nuts2016,1862,2023,,FRA-77-1800-2025,high,"the unit's NUTS code, verified present in the Eurostat GISCO NUTS 2016 attribute table (NUTS_AT_2016.csv) as 'Seine-et-Marne'. Emitted per vintage rather than assuming one, because the panel mixes them — ES701/ES702 are pre-2021 while ES705/ES709 are 2021. Clipped to the target's own span.",
FR104,eurostat-nuts2013,1968,2023,,FRA-91-1968-2025,medium,"the unit's NUTS code, verified present in the Eurostat GISCO NUTS 2013 attribute table (NUTS_AT_2013.csv) as 'Essonne'. Emitted per vintage rather than assuming one, because the panel mixes them — ES701/ES702 are pre-2021 while ES705/ES709 are 2021. Clipped to the target's own span.",
FR104,eurostat-nuts2016,1968,2023,,FRA-91-1968-2025,medium,"the unit's NUTS code, verified present in the Eurostat GISCO NUTS 2016 attribute table (NUTS_AT_2016.csv) as 'Essonne'. Emitted per vintage rather than assuming one, because the panel mixes them — ES701/ES702 are pre-2021 while ES705/ES709 are 2021. Clipped to the target's own span.",
FRB01,eurostat-nuts2016,1862,2023,,FRA-18-1800-2025,high,"the unit's NUTS code, verified present in the Eurostat GISCO NUTS 2016 attribute table (NUTS_AT_2016.csv) as 'Cher'. Emitted per vintage rather than assuming one, because the panel mixes them — ES701/ES702 are pre-2021 while ES705/ES709 are 2021. Clipped to the target's own span.",
FRB02,eurostat-nuts2016,1862,2023,,FRA-28-1800-2025,high,"the unit's NUTS code, verified present in the Eurostat GISCO NUTS 2016 attribute table (NUTS_AT_2016.csv) as 'Eure-et-Loir'. Emitted per vintage rather than assuming one, because the panel mixes them — ES701/ES702 are pre-2021 while ES705/ES709 are 2021. Clipped to the target's own span.",
FRB03,eurostat-nuts2016,1862,2023,,FRA-36-1800-2025,high,"the unit's NUTS code, verified present in the Eurostat GISCO NUTS 2016 attribute table (NUTS_AT_2016.csv) as 'Indre'. Emitted per vintage rather than assuming one, because the panel mixes them — ES701/ES702 are pre-2021 while ES705/ES709 are 2021. Clipped to the target's own span.",
FRB04,eurostat-nuts2016,1862,2023,,FRA-37-1800-2025,high,"the unit's NUTS code, verified present in the Eurostat GISCO NUTS 2016 attribute table (NUTS_AT_2016.csv) as 'Indre-et-Loire'. Emitted per vintage rather than assuming one, because the panel mixes them — ES701/ES702 are pre-2021 while ES705/ES709 are 2021. Clipped to the target's own span.",
FRB05,eurostat-nuts2016,1862,2023,,FRA-41-1800-2025,high,"the unit's NUTS code, verified present in the Eurostat GISCO NUTS 2016 attribute table (NUTS_AT_2016.csv) as 'Loir-et-Cher'. Emitted per vintage rather than assuming one, because the panel mixes them — ES701/ES702 are pre-2021 while ES705/ES709 are 2021. Clipped to the target's own span.",
FRB06,eurostat-nuts2016,1862,2023,,FRA-LOI-1800-2025,high,"the unit's NUTS code, verified present in the Eurostat GISCO NUTS 2016 attribute table (NUTS_AT_2016.csv) as 'Loiret'. Emitted per vintage rather than assuming one, because the panel mixes them — ES701/ES702 are pre-2021 while ES705/ES709 are 2021. Clipped to the target's own span.",
FRC11,eurostat-nuts2016,1862,2023,,FRA-21-1800-2025,high,"the unit's NUTS code, verified present in the Eurostat GISCO NUTS 2016 attribute table (NUTS_AT_2016.csv) as 'Côte-d’Or'. Emitted per vintage rather than assuming one, because the panel mixes them — ES701/ES702 are pre-2021 while ES705/ES709 are 2021. Clipped to the target's own span.",
FRC12,eurostat-nuts2016,1862,2023,,FRA-58-1800-2025,high,"the unit's NUTS code, verified present in the Eurostat GISCO NUTS 2016 attribute table (NUTS_AT_2016.csv) as 'Nièvre'. Emitted per vintage rather than assuming one, because the panel mixes them — ES701/ES702 are pre-2021 while ES705/ES709 are 2021. Clipped to the target's own span.",
FRC13,eurostat-nuts2016,1862,2023,,FRA-71-1800-2025,high,"the unit's NUTS code, verified present in the Eurostat GISCO NUTS 2016 attribute table (NUTS_AT_2016.csv) as 'Saône-et-Loire'. Emitted per vintage rather than assuming one, because the panel mixes them — ES701/ES702 are pre-2021 while ES705/ES709 are 2021. Clipped to the target's own span.",
FRC14,eurostat-nuts2016,1862,2023,,FRA-89-1800-2025,high,"the unit's NUTS code, verified present in the Eurostat GISCO NUTS 2016 attribute table (NUTS_AT_2016.csv) as 'Yonne'. Emitted per vintage rather than assuming one, because the panel mixes them — ES701/ES702 are pre-2021 while ES705/ES709 are 2021. Clipped to the target's own span.",
FRC21,eurostat-nuts2016,1862,2023,,FRA-25-1800-2025,high,"the unit's NUTS code, verified present in the Eurostat GISCO NUTS 2016 attribute table (NUTS_AT_2016.csv) as 'Doubs'. Emitted per vintage rather than assuming one, because the panel mixes them — ES701/ES702 are pre-2021 while ES705/ES709 are 2021. Clipped to the target's own span.",
FRC22,eurostat-nuts2016,1862,2023,,FRA-39-1800-2025,medium,"the unit's NUTS code, verified present in the Eurostat GISCO NUTS 2016 attribute table (NUTS_AT_2016.csv) as 'Jura'. Emitted per vintage rather than assuming one, because the panel mixes them — ES701/ES702 are pre-2021 while ES705/ES709 are 2021. Clipped to the target's own span.",
FRC23,eurostat-nuts2016,1862,2023,,FRA-70-1800-2025,high,"the unit's NUTS code, verified present in the Eurostat GISCO NUTS 2016 attribute table (NUTS_AT_2016.csv) as 'Haute-Saône'. Emitted per vintage rather than assuming one, because the panel mixes them — ES701/ES702 are pre-2021 while ES705/ES709 are 2021. Clipped to the target's own span.",
FRC24,eurostat-nuts2016,1922,2023,,FRA-TDB-1922-2025,medium,"the unit's NUTS code, verified present in the Eurostat GISCO NUTS 2016 attribute table (NUTS_AT_2016.csv) as 'Territoire de Belfort'. Emitted per vintage rather than assuming one, because the panel mixes them — ES701/ES702 are pre-2021 while ES705/ES709 are 2021. Clipped to the target's own span.",
FRD11,eurostat-nuts2016,1862,2023,,FRA-14-1800-2025,high,"the unit's NUTS code, verified present in the Eurostat GISCO NUTS 2016 attribute table (NUTS_AT_2016.csv) as 'Calvados'. Emitted per vintage rather than assuming one, because the panel mixes them — ES701/ES702 are pre-2021 while ES705/ES709 are 2021. Clipped to the target's own span.",
FRD12,eurostat-nuts2016,1862,2023,,FRA-50-1800-2025,high,"the unit's NUTS code, verified present in the Eurostat GISCO NUTS 2016 attribute table (NUTS_AT_2016.csv) as 'Manche'. Emitted per vintage rather than assuming one, because the panel mixes them — ES701/ES702 are pre-2021 while ES705/ES709 are 2021. Clipped to the target's own span.",
FRD13,eurostat-nuts2016,1862,2023,,FRA-61-1800-2025,high,"the unit's NUTS code, verified present in the Eurostat GISCO NUTS 2016 attribute table (NUTS_AT_2016.csv) as 'Orne'. Emitted per vintage rather than assuming one, because the panel mixes them — ES701/ES702 are pre-2021 while ES705/ES709 are 2021. Clipped to the target's own span.",
FRD21,eurostat-nuts2016,1862,2023,,FRA-27-1800-2025,high,"the unit's NUTS code, verified present in the Eurostat GISCO NUTS 2016 attribute table (NUTS_AT_2016.csv) as 'Eure'. Emitted per vintage rather than assuming one, because the panel mixes them — ES701/ES702 are pre-2021 while ES705/ES709 are 2021. Clipped to the target's own span.",
FRD22,eurostat-nuts2016,1862,2023,,FRA-76-1800-2025,high,"the unit's NUTS code, verified present in the Eurostat GISCO NUTS 2016 attribute table (NUTS_AT_2016.csv) as 'Seine-Maritime'. Emitted per vintage rather than assuming one, because the panel mixes them — ES701/ES702 are pre-2021 while ES705/ES709 are 2021. Clipped to the target's own span.",
FRE11,eurostat-nuts2016,1862,2023,,FRA-59-1800-2025,high,"the unit's NUTS code, verified present in the Eurostat GISCO NUTS 2016 attribute table (NUTS_AT_2016.csv) as 'Nord'. Emitted per vintage rather than assuming one, because the panel mixes them — ES701/ES702 are pre-2021 while ES705/ES709 are 2021. Clipped to the target's own span.",
FRE12,eurostat-nuts2016,1862,2023,,FRA-62-1800-2025,medium,"the unit's NUTS code, verified present in the Eurostat GISCO NUTS 2016 attribute table (NUTS_AT_2016.csv) as 'Pas-de-Calais'. Emitted per vintage rather than assuming one, because the panel mixes them — ES701/ES702 are pre-2021 while ES705/ES709 are 2021. Clipped to the target's own span.",
FRE21,eurostat-nuts2016,1862,2023,,FRA-02-1800-2025,high,"the unit's NUTS code, verified present in the Eurostat GISCO NUTS 2016 attribute table (NUTS_AT_2016.csv) as 'Aisne'. Emitted per vintage rather than assuming one, because the panel mixes them — ES701/ES702 are pre-2021 while ES705/ES709 are 2021. Clipped to the target's own span.",
FRE22,eurostat-nuts2016,1862,2023,,FRA-60-1800-2025,high,"the unit's NUTS code, verified present in the Eurostat GISCO NUTS 2016 attribute table (NUTS_AT_2016.csv) as 'Oise'. Emitted per vintage rather than assuming one, because the panel mixes them — ES701/ES702 are pre-2021 while ES705/ES709 are 2021. Clipped to the target's own span.",
FRE23,eurostat-nuts2016,1862,2023,,FRA-80-1800-2025,high,"the unit's NUTS code, verified present in the Eurostat GISCO NUTS 2016 attribute table (NUTS_AT_2016.csv) as 'Somme'. Emitted per vintage rather than assuming one, because the panel mixes them — ES701/ES702 are pre-2021 while ES705/ES709 are 2021. Clipped to the target's own span.",
FRF11,eurostat-nuts2016,1919,2023,,FRA-67-1919-2025,high,"the unit's NUTS code, verified present in the Eurostat GISCO NUTS 2016 attribute table (NUTS_AT_2016.csv) as 'Bas-Rhin'. Emitted per vintage rather than assuming one, because the panel mixes them — ES701/ES702 are pre-2021 while ES705/ES709 are 2021. Clipped to the target's own span.",
FRF12,eurostat-nuts2016,1919,2023,,FRA-68-1919-2025,medium,"the unit's NUTS code, verified present in the Eurostat GISCO NUTS 2016 attribute table (NUTS_AT_2016.csv) as 'Haut-Rhin'. Emitted per vintage rather than assuming one, because the panel mixes them — ES701/ES702 are pre-2021 while ES705/ES709 are 2021. Clipped to the target's own span.",
FRF21,eurostat-nuts2016,1862,2023,,FRA-08-1800-2025,high,"the unit's NUTS code, verified present in the Eurostat GISCO NUTS 2016 attribute table (NUTS_AT_2016.csv) as 'Ardennes'. Emitted per vintage rather than assuming one, because the panel mixes them — ES701/ES702 are pre-2021 while ES705/ES709 are 2021. Clipped to the target's own span.",
FRF22,eurostat-nuts2016,1862,2023,,FRA-AUB-1800-2025,high,"the unit's NUTS code, verified present in the Eurostat GISCO NUTS 2016 attribute table (NUTS_AT_2016.csv) as 'Aube'. Emitted per vintage rather than assuming one, because the panel mixes them — ES701/ES702 are pre-2021 while ES705/ES709 are 2021. Clipped to the target's own span.",
FRF23,eurostat-nuts2016,1862,2023,,FRA-MRN-1800-2025,high,"the unit's NUTS code, verified present in the Eurostat GISCO NUTS 2016 attribute table (NUTS_AT_2016.csv) as 'Marne'. Emitted per vintage rather than assuming one, because the panel mixes them — ES701/ES702 are pre-2021 while ES705/ES709 are 2021. Clipped to the target's own span.",
FRF24,eurostat-nuts2016,1862,2023,,FRA-52-1800-2025,high,"the unit's NUTS code, verified present in the Eurostat GISCO NUTS 2016 attribute table (NUTS_AT_2016.csv) as 'Haute-Marne'. Emitted per vintage rather than assuming one, because the panel mixes them — ES701/ES702 are pre-2021 while ES705/ES709 are 2021. Clipped to the target's own span.",
FRF31,eurostat-nuts2016,1871,2023,,FRA-54-1871-2025,high,"the unit's NUTS code, verified present in the Eurostat GISCO NUTS 2016 attribute table (NUTS_AT_2016.csv) as 'Meurthe-et-Moselle'. Emitted per vintage rather than assuming one, because the panel mixes them — ES701/ES702 are pre-2021 while ES705/ES709 are 2021. Clipped to the target's own span.",
FRF32,eurostat-nuts2016,1862,2023,,FRA-55-1800-2025,high,"the unit's NUTS code, verified present in the Eurostat GISCO NUTS 2016 attribute table (NUTS_AT_2016.csv) as 'Meuse'. Emitted per vintage rather than assuming one, because the panel mixes them — ES701/ES702 are pre-2021 while ES705/ES709 are 2021. Clipped to the target's own span.",
FRF33,eurostat-nuts2016,1919,2023,,FRA-57-1919-2025,medium,"the unit's NUTS code, verified present in the Eurostat GISCO NUTS 2016 attribute table (NUTS_AT_2016.csv) as 'Moselle'. Emitted per vintage rather than assuming one, because the panel mixes them — ES701/ES702 are pre-2021 while ES705/ES709 are 2021. Clipped to the target's own span.",
FRF34,eurostat-nuts2016,1862,2023,,FRA-88-1800-2025,high,"the unit's NUTS code, verified present in the Eurostat GISCO NUTS 2016 attribute table (NUTS_AT_2016.csv) as 'Vosges'. Emitted per vintage rather than assuming one, because the panel mixes them — ES701/ES702 are pre-2021 while ES705/ES709 are 2021. Clipped to the target's own span.",
FRG01,eurostat-nuts2016,1862,2023,,FRA-44-1800-2025,high,"the unit's NUTS code, verified present in the Eurostat GISCO NUTS 2016 attribute table (NUTS_AT_2016.csv) as 'Loire-Atlantique'. Emitted per vintage rather than assuming one, because the panel mixes them — ES701/ES702 are pre-2021 while ES705/ES709 are 2021. Clipped to the target's own span.",
FRG02,eurostat-nuts2016,1862,2023,,FRA-49-1800-2025,high,"the unit's NUTS code, verified present in the Eurostat GISCO NUTS 2016 attribute table (NUTS_AT_2016.csv) as 'Maine-et-Loire'. Emitted per vintage rather than assuming one, because the panel mixes them — ES701/ES702 are pre-2021 while ES705/ES709 are 2021. Clipped to the target's own span.",
FRG03,eurostat-nuts2016,1862,2023,,FRA-53-1800-2025,high,"the unit's NUTS code, verified present in the Eurostat GISCO NUTS 2016 attribute table (NUTS_AT_2016.csv) as 'Mayenne'. Emitted per vintage rather than assuming one, because the panel mixes them — ES701/ES702 are pre-2021 while ES705/ES709 are 2021. Clipped to the target's own span.",
FRG04,eurostat-nuts2016,1862,2023,,FRA-SAR-1800-2025,high,"the unit's NUTS code, verified present in the Eurostat GISCO NUTS 2016 attribute table (NUTS_AT_2016.csv) as 'Sarthe'. Emitted per vintage rather than assuming one, because the panel mixes them — ES701/ES702 are pre-2021 while ES705/ES709 are 2021. Clipped to the target's own span.",
FRG05,eurostat-nuts2016,1862,2023,,FRA-85-1800-2025,high,"the unit's NUTS code, verified present in the Eurostat GISCO NUTS 2016 attribute table (NUTS_AT_2016.csv) as 'Vendée'. Emitted per vintage rather than assuming one, because the panel mixes them — ES701/ES702 are pre-2021 while ES705/ES709 are 2021. Clipped to the target's own span.",
FRH01,eurostat-nuts2016,1862,2023,,FRA-22-1800-2025,high,"the unit's NUTS code, verified present in the Eurostat GISCO NUTS 2016 attribute table (NUTS_AT_2016.csv) as 'Côtes-d’Armor'. Emitted per vintage rather than assuming one, because the panel mixes them — ES701/ES702 are pre-2021 while ES705/ES709 are 2021. Clipped to the target's own span.",
FRH02,eurostat-nuts2016,1862,2023,,FRA-FIN-1800-2025,high,"the unit's NUTS code, verified present in the Eurostat GISCO NUTS 2016 attribute table (NUTS_AT_2016.csv) as 'Finistère'. Emitted per vintage rather than assuming one, because the panel mixes them — ES701/ES702 are pre-2021 while ES705/ES709 are 2021. Clipped to the target's own span.",
FRH03,eurostat-nuts2016,1862,2023,,FRA-35-1800-2025,high,"the unit's NUTS code, verified present in the Eurostat GISCO NUTS 2016 attribute table (NUTS_AT_2016.csv) as 'Ille-et-Vilaine'. Emitted per vintage rather than assuming one, because the panel mixes them — ES701/ES702 are pre-2021 while ES705/ES709 are 2021. Clipped to the target's own span.",
FRH04,eurostat-nuts2016,1862,2023,,FRA-MOR-1790-2025,high,"the unit's NUTS code, verified present in the Eurostat GISCO NUTS 2016 attribute table (NUTS_AT_2016.csv) as 'Morbihan'. Emitted per vintage rather than assuming one, because the panel mixes them — ES701/ES702 are pre-2021 while ES705/ES709 are 2021. Clipped to the target's own span.",
FRI11,eurostat-nuts2016,1862,2023,,FRA-24-1800-2025,high,"the unit's NUTS code, verified present in the Eurostat GISCO NUTS 2016 attribute table (NUTS_AT_2016.csv) as 'Dordogne'. Emitted per vintage rather than assuming one, because the panel mixes them — ES701/ES702 are pre-2021 while ES705/ES709 are 2021. Clipped to the target's own span.",
FRI12,eurostat-nuts2016,1862,2023,,FRA-GIR-1800-2025,high,"the unit's NUTS code, verified present in the Eurostat GISCO NUTS 2016 attribute table (NUTS_AT_2016.csv) as 'Gironde'. Emitted per vintage rather than assuming one, because the panel mixes them — ES701/ES702 are pre-2021 while ES705/ES709 are 2021. Clipped to the target's own span.",
FRI13,eurostat-nuts2016,1862,2023,,FRA-LAN-1800-2025,high,"the unit's NUTS code, verified present in the Eurostat GISCO NUTS 2016 attribute table (NUTS_AT_2016.csv) as 'Landes'. Emitted per vintage rather than assuming one, because the panel mixes them — ES701/ES702 are pre-2021 while ES705/ES709 are 2021. Clipped to the target's own span.",
FRI14,eurostat-nuts2016,1862,2023,,FRA-LG-1800-2025,high,"the unit's NUTS code, verified present in the Eurostat GISCO NUTS 2016 attribute table (NUTS_AT_2016.csv) as 'Lot-et-Garonne'. Emitted per vintage rather than assuming one, because the panel mixes them — ES701/ES702 are pre-2021 while ES705/ES709 are 2021. Clipped to the target's own span.",
FRI15,eurostat-nuts2016,1862,2023,,FRA-64-1800-2025,high,"the unit's NUTS code, verified present in the Eurostat GISCO NUTS 2016 attribute table (NUTS_AT_2016.csv) as 'Pyrénées-Atlantiques'. Emitted per vintage rather than assuming one, because the panel mixes them — ES701/ES702 are pre-2021 while ES705/ES709 are 2021. Clipped to the target's own span.",
FRI21,eurostat-nuts2016,1862,2023,,FRA-19-1800-2025,high,"the unit's NUTS code, verified present in the Eurostat GISCO NUTS 2016 attribute table (NUTS_AT_2016.csv) as 'Corrèze'. Emitted per vintage rather than assuming one, because the panel mixes them — ES701/ES702 are pre-2021 while ES705/ES709 are 2021. Clipped to the target's own span.",
FRI22,eurostat-nuts2016,1862,2023,,FRA-23-1800-2025,high,"the unit's NUTS code, verified present in the Eurostat GISCO NUTS 2016 attribute table (NUTS_AT_2016.csv) as 'Creuse'. Emitted per vintage rather than assuming one, because the panel mixes them — ES701/ES702 are pre-2021 while ES705/ES709 are 2021. Clipped to the target's own span.",
FRI23,eurostat-nuts2016,1862,2023,,FRA-HVN-1800-2025,high,"the unit's NUTS code, verified present in the Eurostat GISCO NUTS 2016 attribute table (NUTS_AT_2016.csv) as 'Haute-Vienne'. Emitted per vintage rather than assuming one, because the panel mixes them — ES701/ES702 are pre-2021 while ES705/ES709 are 2021. Clipped to the target's own span.",
FRI31,eurostat-nuts2016,1862,2023,,FRA-CHTE-1800-2025,medium,"the unit's NUTS code, verified present in the Eurostat GISCO NUTS 2016 attribute table (NUTS_AT_2016.csv) as 'Charente'. Emitted per vintage rather than assuming one, because the panel mixes them — ES701/ES702 are pre-2021 while ES705/ES709 are 2021. Clipped to the target's own span.",
FRI32,eurostat-nuts2016,1862,2023,,FRA-CMAR-1800-2025,high,"the unit's NUTS code, verified present in the Eurostat GISCO NUTS 2016 attribute table (NUTS_AT_2016.csv) as 'Charente-Maritime'. Emitted per vintage rather than assuming one, because the panel mixes them — ES701/ES702 are pre-2021 while ES705/ES709 are 2021. Clipped to the target's own span.",
FRI33,eurostat-nuts2016,1862,2023,,FRA-79-1800-2025,high,"the unit's NUTS code, verified present in the Eurostat GISCO NUTS 2016 attribute table (NUTS_AT_2016.csv) as 'Deux-Sèvres'. Emitted per vintage rather than assuming one, because the panel mixes them — ES701/ES702 are pre-2021 while ES705/ES709 are 2021. Clipped to the target's own span.",
FRI34,eurostat-nuts2016,1862,2023,,FRA-VNE-1800-2025,high,"the unit's NUTS code, verified present in the Eurostat GISCO NUTS 2016 attribute table (NUTS_AT_2016.csv) as 'Vienne'. Emitted per vintage rather than assuming one, because the panel mixes them — ES701/ES702 are pre-2021 while ES705/ES709 are 2021. Clipped to the target's own span.",
FRJ11,eurostat-nuts2016,1862,2023,,FRA-AUD-1800-2025,high,"the unit's NUTS code, verified present in the Eurostat GISCO NUTS 2016 attribute table (NUTS_AT_2016.csv) as 'Aude'. Emitted per vintage rather than assuming one, because the panel mixes them — ES701/ES702 are pre-2021 while ES705/ES709 are 2021. Clipped to the target's own span.",
FRJ12,eurostat-nuts2016,1862,2023,,FRA-GRD-1800-2025,high,"the unit's NUTS code, verified present in the Eurostat GISCO NUTS 2016 attribute table (NUTS_AT_2016.csv) as 'Gard'. Emitted per vintage rather than assuming one, because the panel mixes them — ES701/ES702 are pre-2021 while ES705/ES709 are 2021. Clipped to the target's own span.",
FRJ13,eurostat-nuts2016,1862,2023,,FRA-HER-1800-2025,high,"the unit's NUTS code, verified present in the Eurostat GISCO NUTS 2016 attribute table (NUTS_AT_2016.csv) as 'Hérault'. Emitted per vintage rather than assuming one, because the panel mixes them — ES701/ES702 are pre-2021 while ES705/ES709 are 2021. Clipped to the target's own span.",
FRJ14,eurostat-nuts2016,1862,2023,,FRA-48-1800-2025,high,"the unit's NUTS code, verified present in the Eurostat GISCO NUTS 2016 attribute table (NUTS_AT_2016.csv) as 'Lozère'. Emitted per vintage rather than assuming one, because the panel mixes them — ES701/ES702 are pre-2021 while ES705/ES709 are 2021. Clipped to the target's own span.",
FRJ15,eurostat-nuts2016,1862,2023,,FRA-PYRO-1790-2025,high,"the unit's NUTS code, verified present in the Eurostat GISCO NUTS 2016 attribute table (NUTS_AT_2016.csv) as 'Pyrénées-Orientales'. Emitted per vintage rather than assuming one, because the panel mixes them — ES701/ES702 are pre-2021 while ES705/ES709 are 2021. Clipped to the target's own span.",
FRJ21,eurostat-nuts2016,1862,2023,,FRA-ARI-1800-2025,high,"the unit's NUTS code, verified present in the Eurostat GISCO NUTS 2016 attribute table (NUTS_AT_2016.csv) as 'Ariège'. Emitted per vintage rather than assuming one, because the panel mixes them — ES701/ES702 are pre-2021 while ES705/ES709 are 2021. Clipped to the target's own span.",
FRJ22,eurostat-nuts2016,1862,2023,,FRA-12-1800-2025,high,"the unit's NUTS code, verified present in the Eurostat GISCO NUTS 2016 attribute table (NUTS_AT_2016.csv) as 'Aveyron'. Emitted per vintage rather than assuming one, because the panel mixes them — ES701/ES702 are pre-2021 while ES705/ES709 are 2021. Clipped to the target's own span.",
FRJ23,eurostat-nuts2016,1862,2023,,FRA-HG-1800-2025,high,"the unit's NUTS code, verified present in the Eurostat GISCO NUTS 2016 attribute table (NUTS_AT_2016.csv) as 'Haute-Garonne'. Emitted per vintage rather than assuming one, because the panel mixes them — ES701/ES702 are pre-2021 while ES705/ES709 are 2021. Clipped to the target's own span.",
FRJ24,eurostat-nuts2016,1862,2023,,FRA-D32-1800-2025,high,"the unit's NUTS code, verified present in the Eurostat GISCO NUTS 2016 attribute table (NUTS_AT_2016.csv) as 'Gers'. Emitted per vintage rather than assuming one, because the panel mixes them — ES701/ES702 are pre-2021 while ES705/ES709 are 2021. Clipped to the target's own span.",
FRJ25,eurostat-nuts2016,1862,2023,,FRA-LOT-1800-2025,high,"the unit's NUTS code, verified present in the Eurostat GISCO NUTS 2016 attribute table (NUTS_AT_2016.csv) as 'Lot'. Emitted per vintage rather than assuming one, because the panel mixes them — ES701/ES702 are pre-2021 while ES705/ES709 are 2021. Clipped to the target's own span.",
FRJ26,eurostat-nuts2016,1862,2023,,FRA-HP-1790-2025,high,"the unit's NUTS code, verified present in the Eurostat GISCO NUTS 2016 attribute table (NUTS_AT_2016.csv) as 'Hautes-Pyrénées'. Emitted per vintage rather than assuming one, because the panel mixes them — ES701/ES702 are pre-2021 while ES705/ES709 are 2021. Clipped to the target's own span.",
FRJ27,eurostat-nuts2016,1862,2023,,FRA-81-1800-2025,high,"the unit's NUTS code, verified present in the Eurostat GISCO NUTS 2016 attribute table (NUTS_AT_2016.csv) as 'Tarn'. Emitted per vintage rather than assuming one, because the panel mixes them — ES701/ES702 are pre-2021 while ES705/ES709 are 2021. Clipped to the target's own span.",
FRJ28,eurostat-nuts2016,1862,2023,,FRA-TG-1808-2025,high,"the unit's NUTS code, verified present in the Eurostat GISCO NUTS 2016 attribute table (NUTS_AT_2016.csv) as 'Tarn-et-Garonne'. Emitted per vintage rather than assuming one, because the panel mixes them — ES701/ES702 are pre-2021 while ES705/ES709 are 2021. Clipped to the target's own span.",
FRK11,eurostat-nuts2016,1862,2023,,FRA-ALL-1800-2025,high,"the unit's NUTS code, verified present in the Eurostat GISCO NUTS 2016 attribute table (NUTS_AT_2016.csv) as 'Allier'. Emitted per vintage rather than assuming one, because the panel mixes them — ES701/ES702 are pre-2021 while ES705/ES709 are 2021. Clipped to the target's own span.",
FRK12,eurostat-nuts2016,1862,2023,,FRA-CANTAL-1800-2025,high,"the unit's NUTS code, verified present in the Eurostat GISCO NUTS 2016 attribute table (NUTS_AT_2016.csv) as 'Cantal'. Emitted per vintage rather than assuming one, because the panel mixes them — ES701/ES702 are pre-2021 while ES705/ES709 are 2021. Clipped to the target's own span.",
FRK13,eurostat-nuts2016,1862,2023,,FRA-HLO-1800-2025,high,"the unit's NUTS code, verified present in the Eurostat GISCO NUTS 2016 attribute table (NUTS_AT_2016.csv) as 'Haute-Loire'. Emitted per vintage rather than assuming one, because the panel mixes them — ES701/ES702 are pre-2021 while ES705/ES709 are 2021. Clipped to the target's own span.",
FRK14,eurostat-nuts2016,1862,2023,,FRA-PDD-1800-2025,high,"the unit's NUTS code, verified present in the Eurostat GISCO NUTS 2016 attribute table (NUTS_AT_2016.csv) as 'Puy-de-Dôme'. Emitted per vintage rather than assuming one, because the panel mixes them — ES701/ES702 are pre-2021 while ES705/ES709 are 2021. Clipped to the target's own span.",
FRK21,eurostat-nuts2016,1862,2023,,FRA-AIN-1800-2025,high,"the unit's NUTS code, verified present in the Eurostat GISCO NUTS 2016 attribute table (NUTS_AT_2016.csv) as 'Ain'. Emitted per vintage rather than assuming one, because the panel mixes them — ES701/ES702 are pre-2021 while ES705/ES709 are 2021. Clipped to the target's own span.",
FRK22,eurostat-nuts2016,1862,2023,,FRA-ARD-1800-2025,high,"the unit's NUTS code, verified present in the Eurostat GISCO NUTS 2016 attribute table (NUTS_AT_2016.csv) as 'Ardèche'. Emitted per vintage rather than assuming one, because the panel mixes them — ES701/ES702 are pre-2021 while ES705/ES709 are 2021. Clipped to the target's own span.",
FRK23,eurostat-nuts2016,1862,2023,,FRA-DRO-1800-2025,high,"the unit's NUTS code, verified present in the Eurostat GISCO NUTS 2016 attribute table (NUTS_AT_2016.csv) as 'Drôme'. Emitted per vintage rather than assuming one, because the panel mixes them — ES701/ES702 are pre-2021 while ES705/ES709 are 2021. Clipped to the target's own span.",
FRK24,eurostat-nuts2016,1862,2023,,FRA-ISE-1800-2025,high,"the unit's NUTS code, verified present in the Eurostat GISCO NUTS 2016 attribute table (NUTS_AT_2016.csv) as 'Isère'. Emitted per vintage rather than assuming one, because the panel mixes them — ES701/ES702 are pre-2021 while ES705/ES709 are 2021. Clipped to the target's own span.",
FRK25,eurostat-nuts2016,1862,2023,,FRA-42-1800-2025,high,"the unit's NUTS code, verified present in the Eurostat GISCO NUTS 2016 attribute table (NUTS_AT_2016.csv) as 'Loire'. Emitted per vintage rather than assuming one, because the panel mixes them — ES701/ES702 are pre-2021 while ES705/ES709 are 2021. Clipped to the target's own span.",
FRK26,eurostat-nuts2016,1862,2023,,FRA-RHO-1800-2025,high,"the unit's NUTS code, verified present in the Eurostat GISCO NUTS 2016 attribute table (NUTS_AT_2016.csv) as 'Rhône'. Emitted per vintage rather than assuming one, because the panel mixes them — ES701/ES702 are pre-2021 while ES705/ES709 are 2021. Clipped to the target's own span.",
FRK27,eurostat-nuts2016,1862,2023,,FRA-SAV-1860-2025,medium,"the unit's NUTS code, verified present in the Eurostat GISCO NUTS 2016 attribute table (NUTS_AT_2016.csv) as 'Savoie'. Emitted per vintage rather than assuming one, because the panel mixes them — ES701/ES702 are pre-2021 while ES705/ES709 are 2021. Clipped to the target's own span.",
FRK28,eurostat-nuts2016,1862,2023,,FRA-HSAV-1860-2025,medium,"the unit's NUTS code, verified present in the Eurostat GISCO NUTS 2016 attribute table (NUTS_AT_2016.csv) as 'Haute-Savoie'. Emitted per vintage rather than assuming one, because the panel mixes them — ES701/ES702 are pre-2021 while ES705/ES709 are 2021. Clipped to the target's own span.",
FRL01,eurostat-nuts2016,1862,2023,,FRA-04-1790-2025,high,"the unit's NUTS code, verified present in the Eurostat GISCO NUTS 2016 attribute table (NUTS_AT_2016.csv) as 'Alpes-de-Haute-Provence'. Emitted per vintage rather than assuming one, because the panel mixes them — ES701/ES702 are pre-2021 while ES705/ES709 are 2021. Clipped to the target's own span.",
FRL02,eurostat-nuts2016,1862,2023,,FRA-05-1790-2025,high,"the unit's NUTS code, verified present in the Eurostat GISCO NUTS 2016 attribute table (NUTS_AT_2016.csv) as 'Hautes-Alpes'. Emitted per vintage rather than assuming one, because the panel mixes them — ES701/ES702 are pre-2021 while ES705/ES709 are 2021. Clipped to the target's own span.",
FRL03,eurostat-nuts2016,1862,2023,,FRA-AM-1860-2025,medium,"the unit's NUTS code, verified present in the Eurostat GISCO NUTS 2016 attribute table (NUTS_AT_2016.csv) as 'Alpes-Maritimes'. Emitted per vintage rather than assuming one, because the panel mixes them — ES701/ES702 are pre-2021 while ES705/ES709 are 2021. Clipped to the target's own span.",
FRL04,eurostat-nuts2016,1862,2023,,FRA-13-1790-2025,high,"the unit's NUTS code, verified present in the Eurostat GISCO NUTS 2016 attribute table (NUTS_AT_2016.csv) as 'Bouches-du-Rhône'. Emitted per vintage rather than assuming one, because the panel mixes them — ES701/ES702 are pre-2021 while ES705/ES709 are 2021. Clipped to the target's own span.",
FRL05,eurostat-nuts2016,1862,2023,,FRA-83-1790-2025,high,"the unit's NUTS code, verified present in the Eurostat GISCO NUTS 2016 attribute table (NUTS_AT_2016.csv) as 'Var'. Emitted per vintage rather than assuming one, because the panel mixes them — ES701/ES702 are pre-2021 while ES705/ES709 are 2021. Clipped to the target's own span.",
FRL06,eurostat-nuts2016,1862,2023,,FRA-84-1790-2025,medium,"the unit's NUTS code, verified present in the Eurostat GISCO NUTS 2016 attribute table (NUTS_AT_2016.csv) as 'Vaucluse'. Emitted per vintage rather than assuming one, because the panel mixes them — ES701/ES702 are pre-2021 while ES705/ES709 are 2021. Clipped to the target's own span.",
FRM01,eurostat-nuts2016,1975,2023,,FRA-2A-1975-2025,high,"the unit's NUTS code, verified present in the Eurostat GISCO NUTS 2016 attribute table (NUTS_AT_2016.csv) as 'Corse-du-Sud'. Emitted per vintage rather than assuming one, because the panel mixes them — ES701/ES702 are pre-2021 while ES705/ES709 are 2021. Clipped to the target's own span.",
ITC1,eurostat-nuts2013,1970,2023,,ITA-PIE-1970-2025,high,"the unit's NUTS code, verified present in the Eurostat GISCO NUTS 2013 attribute table (NUTS_AT_2013.csv) as 'Piemonte'. Emitted per vintage rather than assuming one, because the panel mixes them — ES701/ES702 are pre-2021 while ES705/ES709 are 2021. Clipped to the target's own span.",
ITC1,eurostat-nuts2016,1970,2023,,ITA-PIE-1970-2025,high,"the unit's NUTS code, verified present in the Eurostat GISCO NUTS 2016 attribute table (NUTS_AT_2016.csv) as 'Piemonte'. Emitted per vintage rather than assuming one, because the panel mixes them — ES701/ES702 are pre-2021 while ES705/ES709 are 2021. Clipped to the target's own span.",
ITC3,eurostat-nuts2013,1970,2023,,ITA-LIG-1970-2025,high,"the unit's NUTS code, verified present in the Eurostat GISCO NUTS 2013 attribute table (NUTS_AT_2013.csv) as 'Liguria'. Emitted per vintage rather than assuming one, because the panel mixes them — ES701/ES702 are pre-2021 while ES705/ES709 are 2021. Clipped to the target's own span.",
ITC3,eurostat-nuts2016,1970,2023,,ITA-LIG-1970-2025,high,"the unit's NUTS code, verified present in the Eurostat GISCO NUTS 2016 attribute table (NUTS_AT_2016.csv) as 'Liguria'. Emitted per vintage rather than assuming one, because the panel mixes them — ES701/ES702 are pre-2021 while ES705/ES709 are 2021. Clipped to the target's own span.",
ITC4,eurostat-nuts2013,1861,2023,,ITA-LOM-1861-2025,medium,"the unit's NUTS code, verified present in the Eurostat GISCO NUTS 2013 attribute table (NUTS_AT_2013.csv) as 'Lombardia'. Emitted per vintage rather than assuming one, because the panel mixes them — ES701/ES702 are pre-2021 while ES705/ES709 are 2021. Clipped to the target's own span.",
ITC4,eurostat-nuts2016,1861,2023,,ITA-LOM-1861-2025,medium,"the unit's NUTS code, verified present in the Eurostat GISCO NUTS 2016 attribute table (NUTS_AT_2016.csv) as 'Lombardia'. Emitted per vintage rather than assuming one, because the panel mixes them — ES701/ES702 are pre-2021 while ES705/ES709 are 2021. Clipped to the target's own span.",
ITF1,eurostat-nuts2013,1970,2023,,ITA-ABR-1970-2025,medium,"the unit's NUTS code, verified present in the Eurostat GISCO NUTS 2013 attribute table (NUTS_AT_2013.csv) as 'Abruzzo'. Emitted per vintage rather than assuming one, because the panel mixes them — ES701/ES702 are pre-2021 while ES705/ES709 are 2021. Clipped to the target's own span.",
ITF1,eurostat-nuts2016,1970,2023,,ITA-ABR-1970-2025,medium,"the unit's NUTS code, verified present in the Eurostat GISCO NUTS 2016 attribute table (NUTS_AT_2016.csv) as 'Abruzzo'. Emitted per vintage rather than assuming one, because the panel mixes them — ES701/ES702 are pre-2021 while ES705/ES709 are 2021. Clipped to the target's own span.",
ITF3,eurostat-nuts2013,1970,2023,,ITA-CAM-1970-2025,medium,"the unit's NUTS code, verified present in the Eurostat GISCO NUTS 2013 attribute table (NUTS_AT_2013.csv) as 'Campania'. Emitted per vintage rather than assuming one, because the panel mixes them — ES701/ES702 are pre-2021 while ES705/ES709 are 2021. Clipped to the target's own span.",
ITF3,eurostat-nuts2016,1970,2023,,ITA-CAM-1970-2025,medium,"the unit's NUTS code, verified present in the Eurostat GISCO NUTS 2016 attribute table (NUTS_AT_2016.csv) as 'Campania'. Emitted per vintage rather than assuming one, because the panel mixes them — ES701/ES702 are pre-2021 while ES705/ES709 are 2021. Clipped to the target's own span.",
ITF4,eurostat-nuts2013,1861,2023,,ITA-PUG-1861-2025,high,"the unit's NUTS code, verified present in the Eurostat GISCO NUTS 2013 attribute table (NUTS_AT_2013.csv) as 'Puglia'. Emitted per vintage rather than assuming one, because the panel mixes them — ES701/ES702 are pre-2021 while ES705/ES709 are 2021. Clipped to the target's own span.",
ITF4,eurostat-nuts2016,1861,2023,,ITA-PUG-1861-2025,high,"the unit's NUTS code, verified present in the Eurostat GISCO NUTS 2016 attribute table (NUTS_AT_2016.csv) as 'Puglia'. Emitted per vintage rather than assuming one, because the panel mixes them — ES701/ES702 are pre-2021 while ES705/ES709 are 2021. Clipped to the target's own span.",
ITF5,eurostat-nuts2013,1861,2023,,ITA-BAS-1861-2025,high,"the unit's NUTS code, verified present in the Eurostat GISCO NUTS 2013 attribute table (NUTS_AT_2013.csv) as 'Basilicata'. Emitted per vintage rather than assuming one, because the panel mixes them — ES701/ES702 are pre-2021 while ES705/ES709 are 2021. Clipped to the target's own span.",
ITF5,eurostat-nuts2016,1861,2023,,ITA-BAS-1861-2025,high,"the unit's NUTS code, verified present in the Eurostat GISCO NUTS 2016 attribute table (NUTS_AT_2016.csv) as 'Basilicata'. Emitted per vintage rather than assuming one, because the panel mixes them — ES701/ES702 are pre-2021 while ES705/ES709 are 2021. Clipped to the target's own span.",
ITF6,eurostat-nuts2013,1861,2023,,ITA-CAL-1861-2025,high,"the unit's NUTS code, verified present in the Eurostat GISCO NUTS 2013 attribute table (NUTS_AT_2013.csv) as 'Calabria'. Emitted per vintage rather than assuming one, because the panel mixes them — ES701/ES702 are pre-2021 while ES705/ES709 are 2021. Clipped to the target's own span.",
ITF6,eurostat-nuts2016,1861,2023,,ITA-CAL-1861-2025,high,"the unit's NUTS code, verified present in the Eurostat GISCO NUTS 2016 attribute table (NUTS_AT_2016.csv) as 'Calabria'. Emitted per vintage rather than assuming one, because the panel mixes them — ES701/ES702 are pre-2021 while ES705/ES709 are 2021. Clipped to the target's own span.",
ITG1,eurostat-nuts2013,1861,2023,,ITA-SIC-1861-2025,high,"the unit's NUTS code, verified present in the Eurostat GISCO NUTS 2013 attribute table (NUTS_AT_2013.csv) as 'Sicilia'. Emitted per vintage rather than assuming one, because the panel mixes them — ES701/ES702 are pre-2021 while ES705/ES709 are 2021. Clipped to the target's own span.",
ITG1,eurostat-nuts2016,1861,2023,,ITA-SIC-1861-2025,high,"the unit's NUTS code, verified present in the Eurostat GISCO NUTS 2016 attribute table (NUTS_AT_2016.csv) as 'Sicilia'. Emitted per vintage rather than assuming one, because the panel mixes them — ES701/ES702 are pre-2021 while ES705/ES709 are 2021. Clipped to the target's own span.",
ITG2,eurostat-nuts2013,1861,2023,,ITA-SAR-1861-2025,medium,"the unit's NUTS code, verified present in the Eurostat GISCO NUTS 2013 attribute table (NUTS_AT_2013.csv) as 'Sardegna'. Emitted per vintage rather than assuming one, because the panel mixes them — ES701/ES702 are pre-2021 while ES705/ES709 are 2021. Clipped to the target's own span.",
ITG2,eurostat-nuts2016,1861,2023,,ITA-SAR-1861-2025,medium,"the unit's NUTS code, verified present in the Eurostat GISCO NUTS 2016 attribute table (NUTS_AT_2016.csv) as 'Sardegna'. Emitted per vintage rather than assuming one, because the panel mixes them — ES701/ES702 are pre-2021 while ES705/ES709 are 2021. Clipped to the target's own span.",
ITH1,eurostat-nuts2013,1919,2023,,ITA-ITH1-1919-2025,medium,"the unit's NUTS code, verified present in the Eurostat GISCO NUTS 2013 attribute table (NUTS_AT_2013.csv) as 'Provincia Autonoma di Bolzano/Bozen'. Emitted per vintage rather than assuming one, because the panel mixes them — ES701/ES702 are pre-2021 while ES705/ES709 are 2021. Clipped to the target's own span.",
ITH1,eurostat-nuts2016,1919,2023,,ITA-ITH1-1919-2025,medium,"the unit's NUTS code, verified present in the Eurostat GISCO NUTS 2016 attribute table (NUTS_AT_2016.csv) as 'Provincia Autonoma di Bolzano/Bozen'. Emitted per vintage rather than assuming one, because the panel mixes them — ES701/ES702 are pre-2021 while ES705/ES709 are 2021. Clipped to the target's own span.",
ITH3,eurostat-nuts2013,1866,2023,,ITA-VEN-1866-2025,high,"the unit's NUTS code, verified present in the Eurostat GISCO NUTS 2013 attribute table (NUTS_AT_2013.csv) as 'Veneto'. Emitted per vintage rather than assuming one, because the panel mixes them — ES701/ES702 are pre-2021 while ES705/ES709 are 2021. Clipped to the target's own span.",
ITH3,eurostat-nuts2016,1866,2023,,ITA-VEN-1866-2025,high,"the unit's NUTS code, verified present in the Eurostat GISCO NUTS 2016 attribute table (NUTS_AT_2016.csv) as 'Veneto'. Emitted per vintage rather than assuming one, because the panel mixes them — ES701/ES702 are pre-2021 while ES705/ES709 are 2021. Clipped to the target's own span.",
ITH4,eurostat-nuts2013,1970,2023,,ITA-ITH4-1970-2025,high,"the unit's NUTS code, verified present in the Eurostat GISCO NUTS 2013 attribute table (NUTS_AT_2013.csv) as 'Friuli-Venezia Giulia'. Emitted per vintage rather than assuming one, because the panel mixes them — ES701/ES702 are pre-2021 while ES705/ES709 are 2021. Clipped to the target's own span.",
ITH4,eurostat-nuts2016,1970,2023,,ITA-ITH4-1970-2025,high,"the unit's NUTS code, verified present in the Eurostat GISCO NUTS 2016 attribute table (NUTS_AT_2016.csv) as 'Friuli-Venezia Giulia'. Emitted per vintage rather than assuming one, because the panel mixes them — ES701/ES702 are pre-2021 while ES705/ES709 are 2021. Clipped to the target's own span.",
ITH5,eurostat-nuts2013,1970,2023,,ITA-EMR-1970-2025,high,"the unit's NUTS code, verified present in the Eurostat GISCO NUTS 2013 attribute table (NUTS_AT_2013.csv) as 'Emilia-Romagna'. Emitted per vintage rather than assuming one, because the panel mixes them — ES701/ES702 are pre-2021 while ES705/ES709 are 2021. Clipped to the target's own span.",
ITH5,eurostat-nuts2016,1970,2023,,ITA-EMR-1970-2025,high,"the unit's NUTS code, verified present in the Eurostat GISCO NUTS 2016 attribute table (NUTS_AT_2016.csv) as 'Emilia-Romagna'. Emitted per vintage rather than assuming one, because the panel mixes them — ES701/ES702 are pre-2021 while ES705/ES709 are 2021. Clipped to the target's own span.",
ITI1,eurostat-nuts2013,1861,2023,,ITA-ITI1-1861-2025,high,"the unit's NUTS code, verified present in the Eurostat GISCO NUTS 2013 attribute table (NUTS_AT_2013.csv) as 'Toscana'. Emitted per vintage rather than assuming one, because the panel mixes them — ES701/ES702 are pre-2021 while ES705/ES709 are 2021. Clipped to the target's own span.",
ITI1,eurostat-nuts2016,1861,2023,,ITA-ITI1-1861-2025,high,"the unit's NUTS code, verified present in the Eurostat GISCO NUTS 2016 attribute table (NUTS_AT_2016.csv) as 'Toscana'. Emitted per vintage rather than assuming one, because the panel mixes them — ES701/ES702 are pre-2021 while ES705/ES709 are 2021. Clipped to the target's own span.",
ITI2,eurostat-nuts2013,1970,2023,,ITA-ITI2-1970-2025,medium,"the unit's NUTS code, verified present in the Eurostat GISCO NUTS 2013 attribute table (NUTS_AT_2013.csv) as 'Umbria'. Emitted per vintage rather than assuming one, because the panel mixes them — ES701/ES702 are pre-2021 while ES705/ES709 are 2021. Clipped to the target's own span.",
ITI2,eurostat-nuts2016,1970,2023,,ITA-ITI2-1970-2025,medium,"the unit's NUTS code, verified present in the Eurostat GISCO NUTS 2016 attribute table (NUTS_AT_2016.csv) as 'Umbria'. Emitted per vintage rather than assuming one, because the panel mixes them — ES701/ES702 are pre-2021 while ES705/ES709 are 2021. Clipped to the target's own span.",
ITI3,eurostat-nuts2013,1861,2023,,ITA-MAR-1861-2025,high,"the unit's NUTS code, verified present in the Eurostat GISCO NUTS 2013 attribute table (NUTS_AT_2013.csv) as 'Marche'. Emitted per vintage rather than assuming one, because the panel mixes them — ES701/ES702 are pre-2021 while ES705/ES709 are 2021. Clipped to the target's own span.",
ITI3,eurostat-nuts2016,1861,2023,,ITA-MAR-1861-2025,high,"the unit's NUTS code, verified present in the Eurostat GISCO NUTS 2016 attribute table (NUTS_AT_2016.csv) as 'Marche'. Emitted per vintage rather than assuming one, because the panel mixes them — ES701/ES702 are pre-2021 while ES705/ES709 are 2021. Clipped to the target's own span.",
ITI4,eurostat-nuts2013,1970,2023,,ITA-LAZ-1970-2025,high,"the unit's NUTS code, verified present in the Eurostat GISCO NUTS 2013 attribute table (NUTS_AT_2013.csv) as 'Lazio'. Emitted per vintage rather than assuming one, because the panel mixes them — ES701/ES702 are pre-2021 while ES705/ES709 are 2021. Clipped to the target's own span.",
ITI4,eurostat-nuts2016,1970,2023,,ITA-LAZ-1970-2025,high,"the unit's NUTS code, verified present in the Eurostat GISCO NUTS 2016 attribute table (NUTS_AT_2016.csv) as 'Lazio'. Emitted per vintage rather than assuming one, because the panel mixes them — ES701/ES702 are pre-2021 while ES705/ES709 are 2021. Clipped to the target's own span.",
PT11,eurostat-nuts2013,1986,2020,,PRT-PT11-1986-2025,high,"the unit's NUTS code, verified present in the Eurostat GISCO NUTS 2013 attribute table (NUTS_AT_2013.csv) as 'Norte'. Emitted per vintage rather than assuming one, because the panel mixes them — ES701/ES702 are pre-2021 while ES705/ES709 are 2021. Clipped to the target's own span.",
PT11,eurostat-nuts2016,1986,2020,,PRT-PT11-1986-2025,high,"the unit's NUTS code, verified present in the Eurostat GISCO NUTS 2016 attribute table (NUTS_AT_2016.csv) as 'Norte'. Emitted per vintage rather than assuming one, because the panel mixes them — ES701/ES702 are pre-2021 while ES705/ES709 are 2021. Clipped to the target's own span.",
PT15,eurostat-nuts2013,1986,2020,,PRT-PT15-1986-2025,medium,"the unit's NUTS code, verified present in the Eurostat GISCO NUTS 2013 attribute table (NUTS_AT_2013.csv) as 'Algarve'. Emitted per vintage rather than assuming one, because the panel mixes them — ES701/ES702 are pre-2021 while ES705/ES709 are 2021. Clipped to the target's own span.",
PT15,eurostat-nuts2016,1986,2020,,PRT-PT15-1986-2025,medium,"the unit's NUTS code, verified present in the Eurostat GISCO NUTS 2016 attribute table (NUTS_AT_2016.csv) as 'Algarve'. Emitted per vintage rather than assuming one, because the panel mixes them — ES701/ES702 are pre-2021 while ES705/ES709 are 2021. Clipped to the target's own span.",
PT16,eurostat-nuts2013,1986,2020,,PRT-CENTRO-1986-2025,high,"the unit's NUTS code, verified present in the Eurostat GISCO NUTS 2013 attribute table (NUTS_AT_2013.csv) as 'Centro (PT)'. Emitted per vintage rather than assuming one, because the panel mixes them — ES701/ES702 are pre-2021 while ES705/ES709 are 2021. Clipped to the target's own span.",
PT16,eurostat-nuts2016,1986,2020,,PRT-CENTRO-1986-2025,high,"the unit's NUTS code, verified present in the Eurostat GISCO NUTS 2016 attribute table (NUTS_AT_2016.csv) as 'Centro (PT)'. Emitted per vintage rather than assuming one, because the panel mixes them — ES701/ES702 are pre-2021 while ES705/ES709 are 2021. Clipped to the target's own span.",
PT17,eurostat-nuts2013,1870,2020,,PRT-LIS-1835-2025,medium,"the unit's NUTS code, verified present in the Eurostat GISCO NUTS 2013 attribute table (NUTS_AT_2013.csv) as 'Área Metropolitana de Lisboa'. Emitted per vintage rather than assuming one, because the panel mixes them — ES701/ES702 are pre-2021 while ES705/ES709 are 2021. Clipped to the target's own span.",
PT17,eurostat-nuts2016,1870,2020,,PRT-LIS-1835-2025,medium,"the unit's NUTS code, verified present in the Eurostat GISCO NUTS 2016 attribute table (NUTS_AT_2016.csv) as 'Área Metropolitana de Lisboa'. Emitted per vintage rather than assuming one, because the panel mixes them — ES701/ES702 are pre-2021 while ES705/ES709 are 2021. Clipped to the target's own span.",
PT18,eurostat-nuts2013,1989,2020,,PRT-ALE-1989-2025,medium,"the unit's NUTS code, verified present in the Eurostat GISCO NUTS 2013 attribute table (NUTS_AT_2013.csv) as 'Alentejo'. Emitted per vintage rather than assuming one, because the panel mixes them — ES701/ES702 are pre-2021 while ES705/ES709 are 2021. Clipped to the target's own span.",
PT18,eurostat-nuts2016,1989,2020,,PRT-ALE-1989-2025,medium,"the unit's NUTS code, verified present in the Eurostat GISCO NUTS 2016 attribute table (NUTS_AT_2016.csv) as 'Alentejo'. Emitted per vintage rather than assuming one, because the panel mixes them — ES701/ES702 are pre-2021 while ES705/ES709 are 2021. Clipped to the target's own span.",
