polity_code,start_year,end_year,cow_code,polity_type,our_source,our_km2,border_verdict,n_reference_borders,reference_covers,reference_bookkeeping_steps,reference_km2_at_start,reference_km2_at_end,max_step_ratio,change_years,reference_iou,source_gap_pct
ABW-1800-2025,1800,2025,,territory,gadm-4.1-adm0,182,no_reference,0,,0,,,,,,
ADE-1839-1967,1839,1967,,colonial,cshapes-2.0,287116,no_reference,0,,0,,,,,,
AEF-1910-1960,1910,1960,,national,constructed,2495130,no_reference,0,,0,,,,,,
AFG-1800-1893,1800,1893,700,national,cshapes-2.0,809046,stable_where_covered,1,1886-1892,1,808996,808996,,,0.999,0.01
AFG-1893-1919,1893,1919,700,national,cshapes-2.0,641971,stable_confirmed,1,1893-1918,0,641913,641913,,,0.999,0.01
AFG-1919-2025,1919,2025,700,national,cshapes-2.0,641971,stable_where_covered,1,1919-2019,0,641913,641913,,,0.999,0.01
AGO-1816-2025,1816,2025,540,national,cshapes-2.0,1247103,reference_mismatch,3,1886-2019,1,409489,1247353,3.283,1891;1905,0.328,204.55
AGO-1975-2025,1975,2025,540,national,cshapes-2.0,1247103,stable_where_covered,1,1975-2019,0,1247353,1247353,,,0.999,-0.02
AIA-1800-2025,1800,2025,,territory,gadm-4.1-adm0,80,no_reference,0,,0,,,,,,
ALB-1913-2025,1913,2025,339,national,cshapes-2.0,28624,stable_where_covered,1,1913-2019,2,28656,28656,,,0.995,-0.11
ALK-1867-1959,1867,1959,,subnational,gadm-4.1-adm1,1505729,no_reference,0,,0,,,,,,
AMI-1946-1953,1946,1953,,colonial,none,,no_reference,0,,0,,,,,,
AND-1800-2025,1800,2025,,national,cshapes-europe,498,no_reference,0,,0,,,,,,
ANG-1800-1890,1800,1890,,national,cshapes-2.0,409450,no_reference,0,,0,,,,,,
ANG-1890-1891,1890,1891,,national,cshapes-2.0,1036997,no_reference,0,,0,,,,,,
ANG-1891-1905,1891,1905,,national,cshapes-2.0,1343959,no_reference,0,,0,,,,,,
ANG-1905-1975,1905,1975,540,national,cshapes-2.0,1247103,stable_confirmed,1,1905-1974,0,1247353,1247353,,,0.999,-0.02
ANT-1816-1961,1816,1961,,colonial,reporting-areas,795,no_reference,0,,0,,,,,,
ANT-1961-2010,1961,2010,,aggregate,reporting-areas,795,no_reference,0,,0,,,,,,
AOF-1895-1960,1895,1960,430,national,constructed,4623068,changed,3,1895-1904,0,5621872,3799611,1.47,1898;1902,0.565,-17.77
AOI-1936-1941,1936,1941,,aggregate,constructed,1712684,no_reference,0,,0,,,,,,
ARE-1892-2025,1892,2025,696,national,cshapes-2.0,70407,stable_where_covered,1,1892-2019,2,70368,70368,,,0.997,0.06
ARG-1800-1899,1800,1899,160,national,cshapes-2.0,2778430,stable_where_covered,1,1886-1898,0,2778351,2778351,,,0.999,0.0
ARG-1800-2025,1800,2025,160,national,cshapes-2.0,2781055,changed,3,1886-2019,0,2778351,2780960,1.017,1899;1902,0.967,0.1
ARG-1899-1902,1899,1902,160,national,cshapes-2.0,2825713,stable_confirmed,1,1899-1901,0,2825644,2825644,,,0.999,0.0
ARG-1902-2025,1902,2025,160,national,cshapes-2.0,2781055,stable_where_covered,1,1902-2019,0,2780960,2780960,,,0.999,0.0
ARG-BA-1853-2025,1853,2025,,subnational,gadm-4.1-adm1,306864,no_reference,0,,0,,,,,,
ARG-CAT-1853-2025,1853,2025,,subnational,gadm-4.1-adm1,101282,no_reference,0,,0,,,,,,
ARG-CF-1880-2025,1880,2025,,subnational,gadm-4.1-adm1,211,no_reference,0,,0,,,,,,
ARG-CHACO-1884-1951,1884,1951,,subnational,gadm-4.1-adm1,99747,no_reference,0,,0,,,,,,
ARG-CHACO-1951-2025,1951,2025,,subnational,gadm-4.1-adm1,,no_reference,0,,0,,,,,,
ARG-CHUBUT-1884-2025,1884,2025,,subnational,gadm-4.1-adm1,224574,no_reference,0,,0,,,,,,
ARG-CORDOBA-1853-2025,1853,2025,,subnational,gadm-4.1-adm1,164451,no_reference,0,,0,,,,,,
ARG-CORRIENTES-1853-2025,1853,2025,,subnational,gadm-4.1-adm1,88953,no_reference,0,,0,,,,,,
ARG-ER-1853-2025,1853,2025,,subnational,gadm-4.1-adm1,78010,no_reference,0,,0,,,,,,
ARG-FORMOSA-1900-1955,1900,1955,,subnational,gadm-4.1-adm1,75586,no_reference,0,,0,,,,,,
ARG-FORMOSA-1955-2025,1955,2025,,subnational,gadm-4.1-adm1,,no_reference,0,,0,,,,,,
ARG-JUJUY-1853-2025,1853,2025,,subnational,gadm-4.1-adm1,53141,no_reference,0,,0,,,,,,
ARG-LAPAMPA-1900-1951,1900,1951,,subnational,gadm-4.1-adm1,,no_reference,0,,0,,,,,,
ARG-LAPAMPA-1951-2025,1951,2025,,subnational,gadm-4.1-adm1,142940,no_reference,0,,0,,,,,,
ARG-LARIOJA-1853-2025,1853,2025,,subnational,gadm-4.1-adm1,91092,no_reference,0,,0,,,,,,
ARG-MENDOZA-1853-2025,1853,2025,,subnational,gadm-4.1-adm1,148791,no_reference,0,,0,,,,,,
ARG-MISIONES-1881-2025,1881,2025,,subnational,gadm-4.1-adm1,29985,no_reference,0,,0,,,,,,
ARG-NEUQUEN-1884-2025,1884,2025,,subnational,gadm-4.1-adm1,94542,no_reference,0,,0,,,,,,
ARG-RIONEGRO-1884-2025,1884,2025,,subnational,gadm-4.1-adm1,202483,no_reference,0,,0,,,,,,
ARG-SALTA-1853-2025,1853,2025,,subnational,gadm-4.1-adm1,155087,no_reference,0,,0,,,,,,
ARG-SANJUAN-1853-2025,1853,2025,,subnational,gadm-4.1-adm1,88783,no_reference,0,,0,,,,,,
ARG-SANLUIS-1853-2025,1853,2025,,subnational,gadm-4.1-adm1,75856,no_reference,0,,0,,,,,,
ARG-SANTACRUZ-1955-2025,1955,2025,,subnational,gadm-4.1-adm1,242892,no_reference,0,,0,,,,,,
ARG-SANTAFE-1853-2025,1853,2025,,subnational,gadm-4.1-adm1,133275,no_reference,0,,0,,,,,,
ARG-SANTIAGODELESTERO-1853-2025,1853,2025,,subnational,gadm-4.1-adm1,136949,no_reference,0,,0,,,,,,
ARG-TIERRADELFUEGO-1884-2025,1884,2025,,subnational,gadm-4.1-adm1,20932,no_reference,0,,0,,,,,,
ARG-TUCUMAN-1853-2025,1853,2025,,subnational,gadm-4.1-adm1,22528,no_reference,0,,0,,,,,,
ARM-1991-2025,1991,2025,371,national,cshapes-2.0,29709,stable_where_covered,1,1991-2019,0,29664,29664,,,0.994,0.15
ASH-1800-1896,1800,1896,,national,paine-2024,194151,no_reference,0,,0,,,,,,
ASM-1900-2025,1900,2025,,colonial,gadm-4.1-adm0,204,no_reference,0,,0,,,,,,
ATF-1800-2025,1800,2025,,territory,gadm-4.1-adm0,7858,no_reference,0,,0,,,,,,
ATG-1800-2025,1800,2025,58,national,gadm-4.1-adm0,432,no_reference,0,,0,,,,,,
AUH-1800-1859,1800,1859,300,national,cliopatria,691741,no_reference,0,,0,,,,,,
AUH-1859-1866,1859,1866,300,national,cliopatria,649037,no_reference,0,,0,,,,,,
AUH-1866-1908,1866,1908,300,national,cliopatria,677491,stable_where_covered,1,1886-1907,0,624185,624185,,,0.868,8.54
AUH-1908-1918,1908,1918,300,national,cshapes-2.0,675711,stable_confirmed,1,1908-1917,0,675720,675720,,,0.998,-0.0
AUS-1800-1901,1800,1901,,national,cshapes-2.0,7687114,no_reference,0,,0,,,,,,
AUS-1901-2025,1901,2025,900,national,cshapes-2.0,7687114,stable_where_covered,1,1901-2019,1,7686686,7686686,,,0.999,0.01
AUS-ACT-1911-2025,1911,2025,,subnational,gadm-4.1-adm1,2366,no_reference,0,,0,,,,,,
AUS-NSW-1901-2025,1901,2025,,subnational,gadm-4.1-adm1,800961,no_reference,0,,0,,,,,,
AUS-NT-1911-2025,1911,2025,,subnational,gadm-4.1-adm1,1348270,no_reference,0,,0,,,,,,
AUS-QLD-1901-2025,1901,2025,,subnational,gadm-4.1-adm1,1729691,no_reference,0,,0,,,,,,
AUS-SA-1901-2025,1901,2025,,subnational,gadm-4.1-adm1,984528,no_reference,0,,0,,,,,,
AUS-TAS-1901-2025,1901,2025,,subnational,gadm-4.1-adm1,68092,no_reference,0,,0,,,,,,
AUS-VIC-1901-2025,1901,2025,,subnational,gadm-4.1-adm1,227872,no_reference,0,,0,,,,,,
AUS-WA-1901-2025,1901,2025,,subnational,gadm-4.1-adm1,2526307,no_reference,0,,0,,,,,,
AUSA-1836-1901,1836,1901,,colonial,cshapes-2.0,2313541,no_reference,0,,0,,,,,,
AUT-1800-1918,1800,1918,305,national,histogis-1860-habsburg,300304,no_reference,0,,0,,,,,,
AUT-1918-1919,1918,1919,305,national,cshapes-2.0,212011,no_reference,0,,0,,,,,,
AUT-1919-2025,1919,2025,305,national,cshapes-2.0,84021,stable_where_covered,1,1919-2019,0,83950,83950,,,0.996,0.08
AUWA-1829-1901,1829,1901,,colonial,cshapes-2.0,2521774,no_reference,0,,0,,,,,,
AZE-1991-2025,1991,2025,373,national,cshapes-2.0,86014,stable_where_covered,1,1991-2019,0,85951,85951,,,0.996,0.07
AZE-SSR-1920-1991,1920,1991,373,national,cshapes-2.0,86014,no_reference,0,,0,,,,,,
BCM-1916-1961,1916,1961,472,colonial,cshapes-2.0,87491,stable_where_covered,1,1919-1960,1,87444,87444,,,0.995,0.05
BDI-1922-1962,1922,1962,,subnational,cshapes-2.0,27176,no_reference,0,,0,,,,,,
BDI-1962-2025,1962,2025,516,national,cshapes-2.0,27176,stable_where_covered,1,1962-2019,0,27188,27188,,,0.994,-0.04
BDK-1800-1890,1800,1890,,national,paine-2024,21531,no_reference,0,,0,,,,,,
BEC-1885-1966,1885,1966,,national,cshapes-2.0,578425,no_reference,0,,0,,,,,,
BEL-1831-2025,1831,2025,211,national,cshapes-2.0,30692,stable_where_covered,1,1886-2019,0,30642,30642,,,0.995,0.16
BEN-1895-1898,1895,1898,434,national,cshapes-2.0,36255,stable_confirmed,1,1895-1897,0,36223,36223,,,0.995,0.09
BEN-1898-1960,1898,1960,434,national,cshapes-2.0,116150,stable_confirmed,1,1898-1959,0,116189,116189,,,0.997,-0.03
BEN-1960-2025,1960,2025,434,national,cshapes-2.0,116150,stable_where_covered,1,1960-2019,0,116189,116189,,,0.997,-0.03
BES-2010-2025,2010,2025,,territory,gadm-4.1-adm0,323,no_reference,0,,0,,,,,,
BFA-1919-1932,1919,1932,439,national,cshapes-2.0,272322,stable_confirmed,1,1919-1931,0,272338,272338,,,0.998,-0.01
BFA-1947-1960,1947,1960,439,national,cshapes-2.0,272322,stable_confirmed,1,1947-1959,0,272338,272338,,,0.998,-0.01
BFA-1960-2025,1960,2025,439,national,cshapes-2.0,272322,stable_where_covered,1,1960-2019,0,272338,272338,,,0.998,-0.01
BFCM-1920-1960,1920,1960,,aggregate,constructed,510433,no_reference,0,,0,,,,,,
BGA-1800-1894,1800,1894,,national,paine-2024,38704,no_reference,0,,0,,,,,,
BGD-1947-1971,1947,1971,771,national,cshapes-2.0,137848,no_reference,0,,0,,,,,,
BGD-1971-2025,1971,2025,771,national,cshapes-2.0,137848,stable_where_covered,1,1971-2019,0,137848,137848,,,0.994,-0.0
BGR-1878-1913,1878,1913,355,national,cshapes-europe,93177,stable_where_covered,1,1886-1912,0,93162,93162,,,0.992,0.02
BGR-1913-1918,1913,1918,355,national,cshapes-2.0,111481,stable_confirmed,1,1913-1917,0,111549,111549,,,0.997,-0.06
BGR-1918-1919,1918,1919,355,national,cshapes-2.0,119198,no_reference,0,,0,,,,,,
BGR-1919-1940,1919,1940,355,national,cshapes-2.0,103263,stable_confirmed,1,1919-1939,0,103333,103333,,,0.997,-0.07
BGR-1940-2025,1940,2025,355,national,cshapes-2.0,110980,stable_where_covered,1,1940-2019,0,111020,111020,,,0.997,-0.04
BHR-1800-2025,1800,2025,692,national,cshapes-2.0,629,stable_where_covered,1,1971-2019,0,629,629,,,0.999,0.01
BHS-1800-2025,1800,2025,31,national,gadm-4.1-adm0,13270,stable_where_covered,1,1886-2019,1,12048,12048,,,0.705,10.14
BIH-1992-2025,1992,2025,346,national,cshapes-2.0,51576,stable_where_covered,1,1992-2019,0,51535,51535,,,0.996,0.08
BKN-1800-1897,1800,1897,,national,paine-2024,9515,no_reference,0,,0,,,,,,
BLI-1833-1960,1833,1960,,colonial,constructed,1693,no_reference,0,,0,,,,,,
BLR-1991-2025,1991,2025,370,national,cshapes-2.0,207649,stable_where_covered,1,1991-2019,0,207712,207712,,,0.998,-0.03
BLX-1850-1999,1850,1999,,aggregate,reporting-areas,33344,no_reference,0,,0,,,,,,
BLX-1921-1999,1921,1999,,aggregate,constructed,33305,no_reference,0,,0,,,,,,
BLZ-1800-1886,1800,1886,80,colonial,none,,no_reference,0,,0,,,,,,
BLZ-1800-2025,1800,2025,80,national,cshapes-2.0,22076,stable_where_covered,1,1886-2019,2,22092,22092,,,0.994,-0.07
BLZ-1886-1970,1886,1970,80,colonial,cshapes-2.0,22076,stable_confirmed,1,1886-1969,0,22092,22092,,,0.994,-0.07
BLZ-1970-1981,1970,1981,80,colonial,cshapes-2.0,22076,stable_confirmed,1,1970-1980,0,22092,22092,,,0.994,-0.07
BLZ-1981-2025,1981,2025,80,national,cshapes-2.0,22076,stable_where_covered,1,1981-2019,0,22092,22092,,,0.994,-0.07
BMB-1800-1899,1800,1899,,national,paine-2024,65953,no_reference,0,,0,,,,,,
BMU-1684-1968,1684,1968,,national,gadm-4.1-adm0,68,no_reference,0,,0,,,,,,
BMU-1968-2025,1968,2025,,territory,gadm-4.1-adm0,68,no_reference,0,,0,,,,,,
BNB-1881-1963,1881,1963,823,colonial,cshapes-2.0,72557,stable_where_covered,1,1888-1962,2,72620,72620,,,0.995,-0.09
BND-1800-1887,1800,1887,,national,paine-2024,10524,no_reference,0,,0,,,,,,
BNU-1800-1893,1800,1893,,national,paine-2024,85033,no_reference,0,,0,,,,,,
BNY-1800-1899,1800,1899,,national,paine-2024,16249,no_reference,0,,0,,,,,,
BOL-1825-1903,1825,1903,145,national,cshapes-2.0,1320562,stable_where_covered,1,1886-1902,0,1320741,1320741,,,0.999,-0.01
BOL-1903-1909,1903,1909,145,national,cshapes-2.0,1195223,stable_confirmed,1,1903-1908,0,1195173,1195173,,,0.999,0.0
BOL-1909-1938,1909,1938,145,national,cshapes-2.0,1191848,stable_confirmed,1,1909-1937,0,1191871,1191871,,,0.999,-0.0
BOL-1938-2025,1938,2025,145,national,cshapes-2.0,1086608,stable_where_covered,1,1938-2019,0,1086604,1086604,,,0.999,0.0
BOL-BEN-1842-2025,1842,2025,,subnational,gadm-4.1-adm1,206654,no_reference,0,,0,,,,,,
BOL-CHUQ-1825-2025,1825,2025,,subnational,gadm-4.1-adm1,50924,no_reference,0,,0,,,,,,
BOL-COCH-1825-2025,1825,2025,,subnational,gadm-4.1-adm1,54497,no_reference,0,,0,,,,,,
BOL-LP-1825-2025,1825,2025,,subnational,gadm-4.1-adm1,131265,no_reference,0,,0,,,,,,
BOL-ORU-1825-2025,1825,2025,,subnational,gadm-4.1-adm1,52183,no_reference,0,,0,,,,,,
BOL-PND-1938-2025,1938,2025,,subnational,gadm-4.1-adm1,63594,no_reference,0,,0,,,,,,
BOL-POT-1825-2025,1825,2025,,subnational,gadm-4.1-adm1,119263,no_reference,0,,0,,,,,,
BOL-SZ-1825-2025,1825,2025,,subnational,gadm-4.1-adm1,368723,no_reference,0,,0,,,,,,
BOL-TARIJA-1831-2025,1831,2025,,subnational,gadm-4.1-adm1,37267,no_reference,0,,0,,,,,,
BRA-1800-1903,1800,1903,140,national,cshapes-2.0,8311603,stable_where_covered,1,1886-1902,0,8311721,8311721,,,0.999,-0.0
BRA-1800-2025,1800,2025,140,national,cshapes-2.0,8471741,changed,3,1886-2019,1,8311721,8472100,1.015,1903;1909,0.98,1.93
BRA-1903-1909,1903,1909,140,national,cshapes-2.0,8436948,stable_confirmed,1,1903-1908,0,8437289,8437289,,,0.999,-0.0
BRA-1909-2025,1909,2025,140,national,cshapes-2.0,8471741,stable_where_covered,1,1909-2019,1,8472100,8472100,,,0.999,-0.0
BRA-ACRE-1962-2025,1962,2025,,subnational,geobr-ibge,164222,no_reference,0,,0,,,,,,
BRA-ALAGOAS-1889-2025,1889,2025,,subnational,geobr-ibge,27880,no_reference,0,,0,,,,,,
BRA-AMAPA-1943-2025,1943,2025,,subnational,gadm-4.1-adm1,142158,no_reference,0,,0,,,,,,
BRA-AMAZONAS-1889-2025,1889,2025,,subnational,geobr-ibge,1559275,no_reference,0,,0,,,,,,
BRA-BAHIA-1889-2025,1889,2025,,subnational,geobr-ibge,564829,no_reference,0,,0,,,,,,
BRA-CE-1889-2025,1889,2025,,subnational,geobr-ibge,148898,no_reference,0,,0,,,,,,
BRA-DF-1960-2025,1960,2025,,subnational,geobr-ibge,5761,no_reference,0,,0,,,,,,
BRA-DFRJ-1900-1959,1900,1959,,subnational,none,,no_reference,0,,0,,,,,,
BRA-ES-1889-2025,1889,2025,,subnational,geobr-ibge,46099,no_reference,0,,0,,,,,,
BRA-GOIAS-1889-2025,1889,2025,,subnational,geobr-ibge,340178,no_reference,0,,0,,,,,,
BRA-MARANHAO-1889-2025,1889,2025,,subnational,geobr-ibge,329564,no_reference,0,,0,,,,,,
BRA-MATOGROSSO-1889-2025,1889,2025,,subnational,geobr-ibge,903637,no_reference,0,,0,,,,,,
BRA-MINASGERAIS-1889-2025,1889,2025,,subnational,geobr-ibge,586479,no_reference,0,,0,,,,,,
BRA-MS-1977-2025,1977,2025,,subnational,geobr-ibge,357212,no_reference,0,,0,,,,,,
BRA-PARA-1889-2025,1889,2025,,subnational,geobr-ibge,1245519,no_reference,0,,0,,,,,,
BRA-PARAIBA-1889-2025,1889,2025,,subnational,geobr-ibge,56520,no_reference,0,,0,,,,,,
BRA-PARANA-1889-2025,1889,2025,,subnational,geobr-ibge,199296,no_reference,0,,0,,,,,,
BRA-PERNAMBUCO-1889-2025,1889,2025,,subnational,geobr-ibge,98059,no_reference,0,,0,,,,,,
BRA-PIAUI-1889-2025,1889,2025,,subnational,geobr-ibge,251770,no_reference,0,,0,,,,,,
BRA-RIODEJANEIRO-1889-2025,1889,2025,,subnational,geobr-ibge,43832,no_reference,0,,0,,,,,,
BRA-RIOGRANDEDOSUL-1889-2025,1889,2025,,subnational,geobr-ibge,268856,no_reference,0,,0,,,,,,
BRA-RN-1889-2025,1889,2025,,subnational,geobr-ibge,52852,no_reference,0,,0,,,,,,
BRA-RONDONIA-1943-2025,1943,2025,,subnational,geobr-ibge,237774,no_reference,0,,0,,,,,,
BRA-RORAIMA-1988-2025,1988,2025,,subnational,geobr-ibge,223600,no_reference,0,,0,,,,,,
BRA-SANTACATARINA-1889-2025,1889,2025,,subnational,geobr-ibge,95883,no_reference,0,,0,,,,,,
BRA-SAOPAULO-1889-2025,1889,2025,,subnational,geobr-ibge,248317,no_reference,0,,0,,,,,,
BRA-SERGIPE-1889-2025,1889,2025,,subnational,geobr-ibge,21971,no_reference,0,,0,,,,,,
BRA-TOCANTINS-1988-2025,1988,2025,,subnational,geobr-ibge,277441,no_reference,0,,0,,,,,,
BRB-1800-2025,1800,2025,53,national,gadm-4.1-adm0,435,stable_where_covered,1,1886-2019,1,442,442,,,0.906,-1.68
BRG-1800-1897,1800,1897,,national,paine-2024,122725,no_reference,0,,0,,,,,,
BRL-1938-1945,1938,1945,,city-territory,gadm-4.1-adm1,901,no_reference,0,,0,,,,,,
BRL-1945-1949,1945,1949,,city-territory,gadm-4.1-adm1,901,no_reference,0,,0,,,,,,
BRN-1816-1888,1816,1888,835,national,cshapes-2.0,5685,no_reference,0,,0,,,,,,
BRN-1888-2025,1888,2025,835,national,cshapes-2.0,5685,stable_where_covered,1,1888-2019,1,5729,5729,,,0.984,-0.77
BSS-1884-1960,1884,1960,,national,cshapes-2.0,171627,no_reference,0,,0,,,,,,
BSW-1841-1963,1841,1963,824,colonial,cshapes-2.0,124230,stable_where_covered,1,1888-1962,2,124276,124276,,,0.995,-0.04
BTL-1920-1957,1920,1957,,colonial,constructed,26545,no_reference,0,,0,,,,,,
BTN-1800-2025,1800,2025,,national,cshapes-2.0,39799,no_reference,0,,0,,,,,,
BWA-1966-2025,1966,2025,571,national,cshapes-2.0,578425,stable_where_covered,1,1966-2019,0,578324,578324,,,0.999,0.02
BWI-1833-1962,1833,1962,,national,constructed,32838,no_reference,0,,0,,,,,,
CAF-1906-1912,1906,1912,482,national,cshapes-2.0,618710,stable_confirmed,1,1906-1911,0,618630,618630,,,0.998,0.01
CAF-1912-1919,1912,1919,482,national,cshapes-2.0,495551,stable_confirmed,1,1912-1918,0,495615,495615,,,0.998,-0.01
CAF-1919-1960,1919,1960,482,national,cshapes-2.0,618710,stable_confirmed,1,1919-1959,0,618630,618630,,,0.998,0.01
CAF-1960-2025,1960,2025,482,national,cshapes-2.0,618710,stable_where_covered,1,1960-2019,0,618630,618630,,,0.998,0.01
CAL-1850-2025,1850,2025,,subnational,gadm-4.1-adm1,409770,no_reference,0,,0,,,,,,
CAN-1800-1866,1800,1866,,national,none,,no_reference,0,,0,,,,,,
CAN-1866-1870,1866,1870,20,national,none,,no_reference,0,,0,,,,,,
CAN-1866-1886,1866,1886,20,national,cshapes-2.0,9551195,no_reference,0,,0,,,,,,
CAN-1870-1886,1870,1886,20,national,cshapes-2.0,9551195,no_reference,0,,0,,,,,,
CAN-1886-1948,1886,1948,20,national,cshapes-2.0,9551195,stable_confirmed,1,1886-1947,0,9553644,9553644,,,0.998,-0.03
CAN-1886-1949,1886,1949,20,national,cshapes-2.0,9551195,stable_confirmed,1,1886-1948,0,9553644,9553644,,,0.998,-0.03
CAN-1948-2025,1948,2025,20,national,cshapes-2.0,9949288,stable_where_covered,1,1948-2019,0,9952067,9952067,,,0.998,-0.03
CAN-1949-2025,1949,2025,20,national,cshapes-2.0,9949288,stable_where_covered,1,1949-2019,0,9952067,9952067,,,0.998,-0.03
CAP-1800-1895,1800,1895,,national,cshapes-2.0,600789,no_reference,0,,0,,,,,,
CAP-1800-1910,1800,1910,,national,cshapes-2.0,600789,no_reference,0,,0,,,,,,
CAP-1895-1910,1895,1910,,national,cshapes-2.0,716155,no_reference,0,,0,,,,,,
CAR-1920-1945,1920,1945,,colonial,gadm-4.1-adm0,763,no_reference,0,,0,,,,,,
CAY-1800-1886,1800,1886,,national,paine-2024,11463,no_reference,0,,0,,,,,,
CEM-1800-2025,1800,2025,,territory,gadm-4.1-adm1,29,no_reference,0,,0,,,,,,
CHE-1800-2025,1800,2025,225,national,cshapes-2.0,41472,stable_where_covered,1,1886-2019,0,41497,41497,,,0.995,-0.06
CHL-1810-1884,1810,1884,155,national,constructed,599245,no_reference,0,,0,,,,,,
CHL-1884-1899,1884,1899,155,national,cshapes-2.0,745190,stable_where_covered,1,1886-1898,0,746276,746276,,,0.994,-0.15
CHL-1899-1902,1899,1902,155,national,cshapes-2.0,697939,stable_confirmed,1,1899-1901,0,698983,698983,,,0.993,-0.15
CHL-1902-2025,1902,2025,155,national,cshapes-2.0,742597,stable_where_covered,1,1902-2019,0,743667,743667,,,0.993,-0.14
CHL-AI-1976-2025,1976,2025,,subnational,gadm-4.1-adm1,105253,no_reference,0,,0,,,,,,
CHL-AN-1976-2025,1976,2025,,subnational,gadm-4.1-adm1,126148,no_reference,0,,0,,,,,,
CHL-AP-2007-2025,2007,2025,,subnational,gadm-4.1-adm1,16880,no_reference,0,,0,,,,,,
CHL-AR-1976-2025,1976,2025,,subnational,gadm-4.1-adm1,31767,no_reference,0,,0,,,,,,
CHL-AT-1976-2025,1976,2025,,subnational,gadm-4.1-adm1,75774,no_reference,0,,0,,,,,,
CHL-BI-1976-2025,1976,2025,,subnational,gadm-4.1-adm1,24043,no_reference,0,,0,,,,,,
CHL-CO-1976-2025,1976,2025,,subnational,gadm-4.1-adm1,40631,no_reference,0,,0,,,,,,
CHL-LI-1976-2025,1976,2025,,subnational,gadm-4.1-adm1,16368,no_reference,0,,0,,,,,,
CHL-LL-1976-2025,1976,2025,,subnational,gadm-4.1-adm1,48248,no_reference,0,,0,,,,,,
CHL-LR-2007-2025,2007,2025,,subnational,gadm-4.1-adm1,18183,no_reference,0,,0,,,,,,
CHL-MA-1976-2025,1976,2025,,subnational,gadm-4.1-adm1,133053,no_reference,0,,0,,,,,,
CHL-ML-1976-2025,1976,2025,,subnational,gadm-4.1-adm1,30323,no_reference,0,,0,,,,,,
CHL-NB-2018-2025,2018,2025,,subnational,gadm-4.1-adm1,13086,no_reference,0,,0,,,,,,
CHL-RM-1976-2025,1976,2025,,subnational,gadm-4.1-adm1,15383,no_reference,0,,0,,,,,,
CHL-TA-1976-2025,1976,2025,,subnational,gadm-4.1-adm1,39952,no_reference,0,,0,,,,,,
CHL-VS-1976-2025,1976,2025,,subnational,gadm-4.1-adm1,16251,no_reference,0,,0,,,,,,
CHN-1800-1895,1800,1895,710,national,cshapes-2.0,11146656,stable_where_covered,1,1886-1894,0,11146802,11146802,,,1.0,-0.0
CHN-1895-1913,1895,1913,710,national,cshapes-2.0,11110684,stable_confirmed,1,1895-1912,1,11110812,11110812,,,1.0,-0.0
CHN-1913-1914,1913,1914,710,national,cshapes-2.0,9224461,no_reference,0,,0,,,,,,
CHN-1914-1921,1914,1921,710,national,cshapes-2.0,9059518,stable_confirmed,1,1914-1920,0,9059502,9059502,,,0.999,0.0
CHN-1921-1932,1921,1932,710,national,cshapes-2.0,7496474,stable_confirmed,1,1921-1931,0,7496578,7496578,,,0.999,-0.0
CHN-1921-1945,1921,1945,710,national,cshapes-2.0,7496474,stable_confirmed,1,1921-1944,0,7496578,7496578,,,0.999,-0.0
CHN-1932-1945,1932,1945,710,national,constructed,6710153,stable_confirmed,1,1932-1944,0,7496578,7496578,,,0.895,-10.49
CHN-1945-1947,1945,1947,710,national,cshapes-2.0,7532446,stable_confirmed,1,1945-1946,0,7532568,7532568,,,0.999,-0.0
CHN-1947-1949,1947,1949,710,national,cshapes-2.0,7593571,stable_confirmed,1,1947-1948,0,7593654,7593654,,,0.999,-0.0
CHN-1949-1950,1949,1950,710,national,cshapes-2.0,7557599,no_reference,0,,0,,,,,,
CHN-1950-2025,1950,2025,,national,cshapes-2.0,9369120,no_reference,0,,0,,,,,,
CIV-1889-1893,1889,1893,437,national,cshapes-2.0,321342,stable_confirmed,1,1889-1892,0,321308,321308,,,0.998,0.01
CIV-1893-1902,1893,1902,437,national,cshapes-2.0,321342,stable_confirmed,1,1893-1901,1,321308,321308,,,0.998,0.01
CIV-1902-1932,1902,1932,437,national,cshapes-2.0,321342,stable_confirmed,1,1902-1931,0,321308,321308,,,0.998,0.01
CIV-1932-1947,1932,1947,437,national,cshapes-2.0,467463,stable_where_covered,1,1933-1946,0,467431,467431,,,0.998,0.01
CIV-1947-1960,1947,1960,437,national,cshapes-2.0,321342,stable_confirmed,1,1947-1959,0,321308,321308,,,0.998,0.01
CIV-1960-2025,1960,2025,437,national,cshapes-2.0,321342,stable_where_covered,1,1960-2019,1,321308,321308,,,0.998,0.01
CMR-1960-1961,1960,1961,471,national,cshapes-2.0,422964,stable_confirmed,1,1960-1960,0,423069,423069,,,0.998,-0.02
CMR-1961-2025,1961,2025,471,national,cshapes-2.0,464629,stable_where_covered,1,1961-2019,0,464747,464747,,,0.998,-0.03
COD-1885-1891,1885,1891,,national,cshapes-2.0,2011962,no_reference,0,,0,,,,,,
COD-1891-1894,1891,1894,,national,cshapes-2.0,2221692,no_reference,0,,0,,,,,,
COD-1894-1910,1894,1910,,national,cshapes-2.0,2381105,no_reference,0,,0,,,,,,
COD-1910-1960,1910,1960,490,national,cshapes-2.0,2326790,stable_confirmed,1,1910-1959,0,2326636,2326636,,,0.999,0.01
COD-1960-2025,1960,2025,490,national,cshapes-2.0,2326790,stable_where_covered,1,1960-2019,0,2326636,2326636,,,0.999,0.01
CODRU-1922-1960,1922,1960,,aggregate,constructed,2379142,no_reference,0,,0,,,,,,
COG-1898-1900,1898,1900,,national,cshapes-2.0,2234499,no_reference,0,,0,,,,,,
COG-1900-1906,1900,1906,,national,cshapes-2.0,962676,no_reference,0,,0,,,,,,
COG-1906-1912,1906,1912,,national,cshapes-2.0,343962,no_reference,0,,0,,,,,,
COG-1912-1919,1912,1919,,national,cshapes-2.0,262586,no_reference,0,,0,,,,,,
COG-1919-1960,1919,1960,484,national,cshapes-2.0,343962,stable_confirmed,1,1919-1959,0,344022,344022,,,0.997,-0.02
COG-1960-2025,1960,2025,484,national,cshapes-2.0,343962,stable_where_covered,1,1960-2019,0,344022,344022,,,0.997,-0.02
COK-1800-2025,1800,2025,,territory,gadm-4.1-adm0,279,no_reference,0,,0,,,,,,
COL-1800-1830,1800,1830,,national,cliopatria,2846354,no_reference,0,,0,,,,,,
COL-1830-1903,1830,1903,,national,cshapes-2.0,1167440,no_reference,0,,0,,,,,,
COL-1903-1922,1903,1922,100,national,cshapes-2.0,1093417,stable_confirmed,1,1903-1921,0,1093306,1093306,,,0.999,0.01
COL-1922-2025,1922,2025,100,national,cshapes-2.0,1135199,stable_where_covered,1,1922-2019,0,1135124,1135124,,,0.999,0.01
COL-AMA-1991-2025,1991,2025,,subnational,gadm-4.1-adm1,108946,no_reference,0,,0,,,,,,
COL-ANTIOQUIA-1886-2025,1886,2025,,subnational,gadm-4.1-adm1,63033,no_reference,0,,0,,,,,,
COL-ARA-1991-2025,1991,2025,,subnational,gadm-4.1-adm1,23677,no_reference,0,,0,,,,,,
COL-ATL-1910-2025,1910,2025,,subnational,gadm-4.1-adm1,3307,no_reference,0,,0,,,,,,
COL-BOLIVAR-1886-2025,1886,2025,,subnational,gadm-4.1-adm1,26592,no_reference,0,,0,,,,,,
COL-BOYACA-1886-2025,1886,2025,,subnational,gadm-4.1-adm1,23068,no_reference,0,,0,,,,,,
COL-CALDAS-1905-2025,1905,2025,,subnational,gadm-4.1-adm1,7418,no_reference,0,,0,,,,,,
COL-CAQUETA-1981-2025,1981,2025,,subnational,gadm-4.1-adm1,89859,no_reference,0,,0,,,,,,
COL-CASANARE-1991-2025,1991,2025,,subnational,gadm-4.1-adm1,44390,no_reference,0,,0,,,,,,
COL-CAU-1886-2025,1886,2025,,subnational,gadm-4.1-adm1,30539,no_reference,0,,0,,,,,,
COL-CESAR-1967-2025,1967,2025,,subnational,gadm-4.1-adm1,22356,no_reference,0,,0,,,,,,
COL-CHO-1947-2025,1947,2025,,subnational,gadm-4.1-adm1,47637,no_reference,0,,0,,,,,,
COL-CORDOBA-1952-2025,1952,2025,,subnational,gadm-4.1-adm1,25136,no_reference,0,,0,,,,,,
COL-CUNDINAMARCA-1886-2025,1886,2025,,subnational,gadm-4.1-adm1,22338,no_reference,0,,0,,,,,,
COL-GUA-1991-2025,1991,2025,,subnational,gadm-4.1-adm1,71044,no_reference,0,,0,,,,,,
COL-GUAJIRA-1965-2025,1965,2025,,subnational,gadm-4.1-adm1,20458,no_reference,0,,0,,,,,,
COL-GUAVIARE-1991-2025,1991,2025,,subnational,gadm-4.1-adm1,55407,no_reference,0,,0,,,,,,
COL-HUILA-1905-2025,1905,2025,,subnational,gadm-4.1-adm1,18732,no_reference,0,,0,,,,,,
COL-MAGDALENA-1915-2025,1915,2025,,subnational,gadm-4.1-adm1,22813,no_reference,0,,0,,,,,,
COL-META-1959-2025,1959,2025,,subnational,gadm-4.1-adm1,85364,no_reference,0,,0,,,,,,
COL-NARINO-1904-2025,1904,2025,,subnational,gadm-4.1-adm1,31343,no_reference,0,,0,,,,,,
COL-NORTEDESANTANDER-1910-2025,1910,2025,,subnational,gadm-4.1-adm1,21969,no_reference,0,,0,,,,,,
COL-PUTUMAYO-1991-2025,1991,2025,,subnational,gadm-4.1-adm1,25828,no_reference,0,,0,,,,,,
COL-QUINDIO-1966-2025,1966,2025,,subnational,gadm-4.1-adm1,1942,no_reference,0,,0,,,,,,
COL-RISARALDA-1966-2025,1966,2025,,subnational,gadm-4.1-adm1,3546,no_reference,0,,0,,,,,,
COL-SANDRES-1991-2025,1991,2025,,subnational,gadm-4.1-adm1,52,no_reference,0,,0,,,,,,
COL-SANTANDER-1886-2025,1886,2025,,subnational,gadm-4.1-adm1,30586,no_reference,0,,0,,,,,,
COL-SUCRE-1966-2025,1966,2025,,subnational,gadm-4.1-adm1,10721,no_reference,0,,0,,,,,,
COL-TOLIMA-1886-2025,1886,2025,,subnational,gadm-4.1-adm1,23938,no_reference,0,,0,,,,,,
COL-VALLEDELCAUCA-1910-2025,1910,2025,,subnational,gadm-4.1-adm1,20822,no_reference,0,,0,,,,,,
COL-VAU-1991-2025,1991,2025,,subnational,gadm-4.1-adm1,53196,no_reference,0,,0,,,,,,
COL-VICHADA-1991-2025,1991,2025,,subnational,gadm-4.1-adm1,99372,no_reference,0,,0,,,,,,
COM-1946-1975,1946,1975,581,national,cshapes-2.0,1684,stable_confirmed,1,1946-1974,0,1701,1701,,,0.961,-1.02
COM-1975-2025,1975,2025,581,national,cshapes-2.0,1684,stable_where_covered,1,1975-2019,0,1701,1701,,,0.961,-1.02
CPV-1800-1886,1800,1886,,colonial,cshapes-2.0,3939,no_reference,0,,0,,,,,,
CPV-1886-1975,1886,1975,402,colonial,cshapes-2.0,3939,stable_confirmed,1,1886-1974,0,3997,3997,,,0.964,-1.45
CPV-1975-2025,1975,2025,402,national,cshapes-2.0,3939,stable_where_covered,1,1975-2019,0,3997,3997,,,0.964,-1.45
CRI-1800-2025,1800,2025,94,national,cshapes-2.0,51141,stable_where_covered,1,1886-2019,0,51054,51054,,,0.995,0.17
CUB-1800-2025,1800,2025,40,national,cshapes-2.0,109074,stable_where_covered,1,1886-2019,2,109097,109097,,,0.992,-0.02
CUW-2010-2025,2010,2025,,territory,gadm-4.1-adm0,441,no_reference,0,,0,,,,,,
CXR-1946-1958,1946,1958,,colonial,gadm-4.1-adm0,139,no_reference,0,,0,,,,,,
CYM-1800-2025,1800,2025,,territory,gadm-4.1-adm0,281,no_reference,0,,0,,,,,,
CYP-1879-2025,1879,2025,352,national,cshapes-2.0,9123,stable_where_covered,1,1914-2019,1,9128,9128,,,0.988,-0.05
CYP-RA-1975-2025,1975,2025,,subnational,constructed,5961,no_reference,0,,0,,,,,,
CYR-1943-1949,1943,1949,620,national,constructed,837865,stable_confirmed,1,1943-1948,0,1617564,1617564,,,0.517,-48.2
CYR-1949-1951,1949,1951,620,national,constructed,837865,stable_confirmed,1,1949-1950,0,1617564,1617564,,,0.517,-48.2
CZE-1804-1918,1804,1918,,national,constructed,79366,no_reference,0,,0,,,,,,
CZE-1947-1992,1947,1992,,national,cshapes-2.0,111773,no_reference,0,,0,,,,,,
CZE-1993-2025,1993,2025,316,national,cshapes-2.0,78683,stable_where_covered,1,1993-2019,0,78752,78752,,,0.996,-0.09
CZN-1903-1979,1903,1979,,colonial,constructed,1172,no_reference,0,,0,,,,,,
DEU-1800-1866,1800,1866,255,national,cshapes-europe,271147,no_reference,0,,0,,,,,,
DEU-1866-1871,1866,1871,255,national,cshapes-europe,345759,no_reference,0,,0,,,,,,
DEU-1871-1919,1871,1919,255,national,cshapes-europe,540041,stable_where_covered,1,1886-1918,0,540111,540111,,,0.995,-0.01
DEU-1919-1920,1919,1920,260,national,cshapes-2.0,474795,no_reference,0,,0,,,,,,
DEU-1920-1938,1920,1938,260,national,cshapes-2.0,470825,no_reference,0,,0,,,,,,
DEU-1938-1945,1938,1945,260,national,cshapes-2.0,496629,no_reference,0,,0,,,,,,
DEU-1945-1949,1945,1949,260,national,constructed,356835,stable_confirmed,1,1945-1948,0,247663,247663,,,0.693,44.08
DEU-1949-1990,1949,1990,255,national,constructed,356835,no_reference,0,,0,,,,,,
DEU-1990-2025,1990,2025,260,national,cshapes-2.0,356834,stable_where_covered,1,1990-2019,0,356917,356917,,,0.998,-0.02
DGM-1800-1899,1800,1899,,national,paine-2024,21659,no_reference,0,,0,,,,,,
DHY-1800-1894,1800,1894,,national,paine-2024,39112,no_reference,0,,0,,,,,,
DJI-1886-2025,1886,2025,522,national,,,stable_where_covered,1,1886-2019,2,21433,21433,,,,
DMA-1800-2025,1800,2025,54,national,gadm-4.1-adm0,747,no_reference,0,,0,,,,,,
DMG-1800-1899,1800,1899,,national,paine-2024,31159,no_reference,0,,0,,,,,,
DMO-1800-1860,1800,1860,332,national,cliopatria,6397,no_reference,0,,0,,,,,,
DNK-1800-1864,1800,1864,390,national,cshapes-europe,57144,no_reference,0,,0,,,,,,
DNK-1864-1920,1864,1920,390,national,cshapes-europe,38601,stable_where_covered,1,1886-1919,0,38681,38681,,,0.971,-0.21
DNK-1920-2025,1920,2025,390,national,cshapes-2.0,42638,stable_where_covered,1,1920-2019,0,42631,42631,,,0.987,0.02
DOM-1800-2025,1800,2025,42,national,cshapes-2.0,48333,stable_where_covered,1,1886-2019,0,48314,48314,,,0.995,0.04
DPA-1800-1860,1800,1860,335,national,cliopatria,7460,no_reference,0,,0,,,,,,
DRV-1954-1975,1954,1975,816,national,cshapes-2.0,155627,stable_confirmed,1,1954-1974,0,155654,155654,,,0.997,-0.02
DWI-1800-1917,1800,1917,,colonial,gadm-4.1-adm0,367,no_reference,0,,0,,,,,,
DZA-1831-1886,1831,1886,615,national,cshapes-2.0,655282,no_reference,0,,0,,,,,,
DZA-1886-1902,1886,1902,615,national,cshapes-2.0,655282,stable_confirmed,1,1886-1901,0,655581,655581,,,0.999,-0.05
DZA-1902-1919,1902,1919,615,national,cshapes-2.0,2442683,stable_confirmed,1,1902-1918,0,2441791,2441791,,,0.999,0.04
DZA-1919-1962,1919,1962,615,national,cshapes-2.0,2318386,stable_confirmed,1,1919-1961,0,2317513,2317513,,,0.999,0.04
DZA-1962-2025,1962,2025,615,national,cshapes-2.0,2318386,stable_where_covered,1,1962-2019,0,2317513,2317513,,,0.999,0.04
DZA-CVD-1902-1919,1902,1919,,subnational,none,,no_reference,0,,0,,,,,,
ECU-1830-1942,1830,1942,130,national,cshapes-2.0,341715,stable_where_covered,1,1886-1941,0,341765,341765,,,0.998,-0.01
ECU-1942-2025,1942,2025,130,national,cshapes-2.0,255241,stable_where_covered,1,1942-2019,0,255274,255274,,,0.997,-0.01
EGB-1830-1914,1830,1914,,national,paine-2024,2949,no_reference,0,,0,,,,,,
EGY-1800-1820,1800,1820,651,national,cliopatria,604489,no_reference,0,,0,,,,,,
EGY-1800-1899,1800,1899,651,national,cliopatria,1834435,reference_mismatch,1,1886-1898,0,1167827,1167827,,,0.36,57.08
EGY-1820-1885,1820,1885,651,national,cliopatria,1834435,no_reference,0,,0,,,,,,
EGY-1885-1899,1885,1899,651,national,cshapes-2.0,1167984,stable_where_covered,1,1886-1898,0,1167827,1167827,,,0.999,0.01
EGY-1899-1925,1899,1925,651,national,cshapes-2.0,1517113,stable_confirmed,1,1899-1924,2,1517228,1517228,,,0.999,-0.01
EGY-1925-1967,1925,1967,651,national,cshapes-2.0,998328,stable_confirmed,1,1925-1966,0,998394,998394,,,0.999,-0.01
EGY-1967-1979,1967,1979,651,national,cshapes-2.0,937772,stable_confirmed,1,1967-1978,0,937826,937826,,,0.999,-0.01
EGY-1979-2025,1979,2025,651,national,cshapes-2.0,998328,stable_where_covered,1,1979-2019,0,998394,998394,,,0.999,-0.01
EGYSUD-1934-1956,1934,1956,,aggregate,constructed,3485219,no_reference,0,,0,,,,,,
ERI-1885-1889,1885,1889,531,national,cshapes-2.0,19031,stable_where_covered,1,1886-1888,0,19030,19030,,,0.992,0.0
ERI-1889-1952,1889,1952,531,national,cshapes-2.0,120803,stable_confirmed,1,1889-1951,2,120897,120897,,,0.995,-0.08
ERI-1993-2025,1993,2025,531,national,cshapes-2.0,120803,stable_where_covered,1,1993-2019,0,120897,120897,,,0.995,-0.08
ESH-1958-1975,1958,1975,,national,gadm-4.1-adm0,267601,no_reference,0,,0,,,,,,
ESH-1975-2025,1975,2025,,national,gadm-4.1-adm0,267601,no_reference,0,,0,,,,,,
ESP-17-1833-2025,1833,2025,,subnational,mapspain-ign,5940,no_reference,0,,0,,,,,,
ESP-1800-2025,1800,2025,230,national,cshapes-2.0,506132,stable_where_covered,1,1886-2019,0,506124,506124,,,0.998,0.0
ESP-A-1833-2025,1833,2025,,subnational,mapspain-ign,5858,no_reference,0,,0,,,,,,
ESP-AB-1833-2025,1833,2025,,subnational,mapspain-ign,14905,no_reference,0,,0,,,,,,
ESP-AL-1833-2025,1833,2025,,subnational,mapspain-ign,8781,no_reference,0,,0,,,,,,
ESP-AS-1833-2025,1833,2025,,subnational,mapspain-ign,10619,no_reference,0,,0,,,,,,
ESP-AV-1833-2025,1833,2025,,subnational,mapspain-ign,8053,no_reference,0,,0,,,,,,
ESP-B-1833-2025,1833,2025,,subnational,mapspain-ign,7740,no_reference,0,,0,,,,,,
ESP-BA-1833-2025,1833,2025,,subnational,mapspain-ign,21786,no_reference,0,,0,,,,,,
ESP-BI-1833-2025,1833,2025,,subnational,mapspain-ign,2203,no_reference,0,,0,,,,,,
ESP-BU-1833-2025,1833,2025,,subnational,mapspain-ign,14307,no_reference,0,,0,,,,,,
ESP-CA-1833-2025,1833,2025,,subnational,mapspain-ign,5330,no_reference,0,,0,,,,,,
ESP-CC-1833-2025,1833,2025,,subnational,mapspain-ign,19921,no_reference,0,,0,,,,,,
ESP-CDZ-1833-2025,1833,2025,,subnational,mapspain-ign,7448,no_reference,0,,0,,,,,,
ESP-CO-1833-2025,1833,2025,,subnational,mapspain-ign,7990,no_reference,0,,0,,,,,,
ESP-COR-1833-2025,1833,2025,,subnational,mapspain-ign,13774,no_reference,0,,0,,,,,,
ESP-CR-1833-2025,1833,2025,,subnational,mapspain-ign,19774,no_reference,0,,0,,,,,,
ESP-CS-1833-2025,1833,2025,,subnational,mapspain-ign,6660,no_reference,0,,0,,,,,,
ESP-CU-1833-2025,1833,2025,,subnational,mapspain-ign,17111,no_reference,0,,0,,,,,,
ESP-GC-1833-2025,1833,2025,,subnational,none,,no_reference,0,,0,,,,,,
ESP-GI-1833-2025,1833,2025,,subnational,mapspain-ign,1972,no_reference,0,,0,,,,,,
ESP-GR2-1833-2025,1833,2025,,subnational,mapspain-ign,12666,no_reference,0,,0,,,,,,
ESP-GU-1833-2025,1833,2025,,subnational,mapspain-ign,12222,no_reference,0,,0,,,,,,
ESP-H-1833-2025,1833,2025,,subnational,mapspain-ign,10126,no_reference,0,,0,,,,,,
ESP-HU-1833-2025,1833,2025,,subnational,mapspain-ign,15653,no_reference,0,,0,,,,,,
ESP-IB-1833-2025,1833,2025,,subnational,mapspain-ign,4982,no_reference,0,,0,,,,,,
ESP-IBZ-1833-2025,1833,2025,,subnational,none,,no_reference,0,,0,,,,,,
ESP-J-1833-2025,1833,2025,,subnational,mapspain-ign,13498,no_reference,0,,0,,,,,,
ESP-LE-1833-2025,1833,2025,,subnational,mapspain-ign,15600,no_reference,0,,0,,,,,,
ESP-LL-1833-2025,1833,2025,,subnational,mapspain-ign,12189,no_reference,0,,0,,,,,,
ESP-LP-1927-2025,1927,2025,,subnational,mapspain-ign,4090,no_reference,0,,0,,,,,,
ESP-LU-1833-2025,1833,2025,,subnational,mapspain-ign,9857,no_reference,0,,0,,,,,,
ESP-MA-1833-2025,1833,2025,,subnational,mapspain-ign,7324,no_reference,0,,0,,,,,,
ESP-MD-1833-2025,1833,2025,,subnational,mapspain-ign,8021,no_reference,0,,0,,,,,,
ESP-MU-1833-2025,1833,2025,,subnational,mapspain-ign,11302,no_reference,0,,0,,,,,,
ESP-NV-1833-2025,1833,2025,,subnational,mapspain-ign,10378,no_reference,0,,0,,,,,,
ESP-OR-1833-2025,1833,2025,,subnational,mapspain-ign,7270,no_reference,0,,0,,,,,,
ESP-PA-1833-2025,1833,2025,,subnational,mapspain-ign,8010,no_reference,0,,0,,,,,,
ESP-PO-1833-2025,1833,2025,,subnational,mapspain-ign,4500,no_reference,0,,0,,,,,,
ESP-RI-1833-2025,1833,2025,,subnational,mapspain-ign,5068,no_reference,0,,0,,,,,,
ESP-SA-1833-2025,1833,2025,,subnational,mapspain-ign,12336,no_reference,0,,0,,,,,,
ESP-SCT-1927-2025,1927,2025,,subnational,mapspain-ign,3351,no_reference,0,,0,,,,,,
ESP-SE-1833-2025,1833,2025,,subnational,mapspain-ign,14023,no_reference,0,,0,,,,,,
ESP-SG-1833-2025,1833,2025,,subnational,mapspain-ign,6921,no_reference,0,,0,,,,,,
ESP-SO-1833-2025,1833,2025,,subnational,mapspain-ign,10291,no_reference,0,,0,,,,,,
ESP-T-1833-2025,1833,2025,,subnational,mapspain-ign,6312,no_reference,0,,0,,,,,,
ESP-TE-1833-2025,1833,2025,,subnational,mapspain-ign,14835,no_reference,0,,0,,,,,,
ESP-TO-1833-2025,1833,2025,,subnational,mapspain-ign,15380,no_reference,0,,0,,,,,,
ESP-V-1833-2025,1833,2025,,subnational,mapspain-ign,10817,no_reference,0,,0,,,,,,
ESP-VA-1833-2025,1833,2025,,subnational,mapspain-ign,8128,no_reference,0,,0,,,,,,
ESP-VI-1833-2025,1833,2025,,subnational,mapspain-ign,3036,no_reference,0,,0,,,,,,
ESP-ZA-1833-2025,1833,2025,,subnational,mapspain-ign,17272,no_reference,0,,0,,,,,,
ESP-ZM-1833-2025,1833,2025,,subnational,mapspain-ign,10534,no_reference,0,,0,,,,,,
EST-1800-1918,1800,1918,366,national,cshapes-2.0,49303,no_reference,0,,0,,,,,,
EST-1918-1940,1918,1940,366,national,cshapes-2.0,49303,stable_confirmed,1,1918-1939,0,49295,49295,,,0.995,0.02
EST-1940-1991,1940,1991,366,national,cshapes-2.0,49303,no_reference,0,,0,,,,,,
EST-1991-2025,1991,2025,366,national,cshapes-2.0,45939,stable_where_covered,1,1991-2019,0,45912,45912,,,0.994,0.06
ETH-1800-1889,1800,1889,530,national,cliopatria,240358,stable_where_covered,1,1886-1888,0,280222,280222,,,0.74,-14.23
ETH-1889-1897,1889,1897,530,national,cshapes-2.0,266093,stable_confirmed,1,1889-1896,0,266082,266082,,,0.999,0.0
ETH-1897-1902,1897,1902,530,national,cshapes-2.0,938821,stable_confirmed,1,1897-1901,0,939230,939230,,,0.999,-0.04
ETH-1902-1907,1902,1907,530,national,cshapes-2.0,990530,stable_confirmed,1,1902-1906,0,990851,990851,,,0.999,-0.03
ETH-1907-1936,1907,1936,530,national,cshapes-2.0,1127539,stable_confirmed,1,1907-1935,0,1127556,1127556,,,0.999,-0.0
ETH-1907-1952,1907,1952,530,national,cshapes-2.0,1127539,stable_confirmed,1,1907-1951,0,1127556,1127556,,,0.999,-0.0
ETH-1936-1941,1936,1941,530,national,cshapes-2.0,1127539,stable_confirmed,1,1936-1940,0,1127556,1127556,,,0.999,-0.0
ETH-1941-1952,1941,1952,530,national,cshapes-2.0,1127539,stable_confirmed,1,1941-1951,0,1127556,1127556,,,0.999,-0.0
ETH-1952-1993,1952,1993,530,national,cshapes-2.0,1248345,stable_confirmed,1,1952-1992,0,1248453,1248453,,,0.999,-0.01
ETH-1993-2025,1993,2025,530,national,cshapes-2.0,1127539,stable_where_covered,1,1993-2019,0,1127556,1127556,,,0.999,-0.0
F206-2011-2025,2011,2025,,aggregate,constructed,2486812,no_reference,0,,0,,,,,,
F215-1961-1964,1961,1964,,aggregate,constructed,941445,no_reference,0,,0,,,,,,
F228-1800-1856,1800,1856,,national,cliopatria,17398091,no_reference,0,,0,,,,,,
F228-1856-1905,1856,1905,,national,cshapes-2.0,22015918,no_reference,0,,0,,,,,,
F228-1905-1914,1905,1914,365,national,cshapes-2.0,21983823,stable_confirmed,1,1905-1913,0,21984196,21984196,,,0.999,-0.0
F228-1914-1917,1914,1917,365,national,cshapes-2.0,22148747,stable_confirmed,1,1914-1916,0,22149249,22149249,,,0.999,-0.0
F228-1917-1918,1917,1918,365,national,cshapes-2.0,21759971,no_reference,0,,0,,,,,,
F228-1918-1920,1918,1920,365,national,cshapes-2.0,21404611,stable_confirmed,1,1918-1919,0,21405134,21405134,,,0.999,-0.0
F228-1920-1921,1920,1921,365,national,cshapes-2.0,21506190,no_reference,0,,0,,,,,,
F228-1921-1940,1921,1940,365,national,cshapes-2.0,21552092,stable_confirmed,1,1921-1939,0,21552704,21552704,,,0.999,-0.0
F228-1940-1945,1940,1945,365,national,cshapes-2.0,21828130,stable_confirmed,1,1940-1944,0,21828529,21828529,,,0.999,-0.0
F228-1945-1991,1945,1991,365,national,cshapes-2.0,22065490,stable_confirmed,1,1945-1990,0,22065965,22065965,,,0.999,-0.0
F237-1954-1975,1954,1975,,aggregate,cshapes-2.0,324094,no_reference,0,,0,,,,,,
F248-1918-1919,1918,1919,345,national,cshapes-2.0,158054,no_reference,0,,0,,,,,,
F248-1919-1920,1919,1920,345,national,cshapes-2.0,192002,no_reference,0,,0,,,,,,
F248-1920-1947,1920,1947,345,national,cshapes-2.0,255147,stable_confirmed,1,1920-1946,0,255186,255186,,,0.997,-0.02
F248-1920-1991,1920,1991,345,national,cshapes-2.0,255147,stable_confirmed,1,1920-1990,0,255186,255186,,,0.997,-0.02
F248-1947-1991,1947,1991,345,national,cshapes-2.0,255147,stable_confirmed,1,1947-1990,0,255186,255186,,,0.997,-0.02
F248-1991-1992,1991,1992,345,national,cshapes-2.0,229714,no_reference,0,,0,,,,,,
F249-1918-1990,1918,1990,,aggregate,cshapes-2.0,423783,no_reference,0,,0,,,,,,
F51-1918-1938,1918,1938,315,national,cshapes-2.0,140306,stable_confirmed,1,1918-1937,0,140398,140398,,,0.997,-0.07
F51-1938-1945,1938,1945,315,national,cshapes-2.0,100713,stable_confirmed,1,1938-1944,0,100822,100822,,,0.997,-0.11
F51-1945-1947,1945,1947,315,national,cshapes-2.0,111773,stable_confirmed,1,1945-1946,0,111885,111885,,,0.997,-0.1
F51-1947-1993,1947,1993,315,national,cshapes-2.0,127598,stable_confirmed,1,1947-1992,0,127680,127680,,,0.997,-0.06
F77-1949-1990,1949,1990,265,national,cshapes-2.0,109271,stable_confirmed,1,1949-1989,0,109254,109254,,,0.997,0.02
F78-1949-1990,1949,1990,260,national,cshapes-2.0,247552,stable_confirmed,1,1949-1989,0,247663,247663,,,0.998,-0.04
FCC-1862-1887,1862,1887,,national,constructed,66039,no_reference,0,,0,,,,,,
FCM-1916-1920,1916,1920,,colonial,cshapes-2.0,422964,no_reference,0,,0,,,,,,
FCM-1920-1960,1920,1960,471,national,cshapes-2.0,422964,stable_confirmed,1,1920-1959,1,423069,423069,,,0.998,-0.02
FEZ-1943-1951,1943,1951,620,national,constructed,463617,reference_mismatch,1,1943-1950,1,1617564,1617564,,,0.286,-71.34
FID-1887-1954,1887,1954,,national,constructed,753049,no_reference,0,,0,,,,,,
FIN-1809-1917,1809,1917,375,national,cshapes-2.0,388750,no_reference,0,,0,,,,,,
FIN-1917-1940,1917,1940,375,national,cshapes-2.0,388750,stable_confirmed,1,1917-1939,0,388768,388768,,,0.998,-0.0
FIN-1940-2025,1940,2025,375,national,cshapes-2.0,335207,stable_where_covered,1,1940-2019,0,335249,335249,,,0.998,-0.01
FJI-1800-2025,1800,2025,950,national,gadm-4.1-adm0,18644,stable_where_covered,1,1886-2019,1,18032,18032,,,0.86,3.39
FLK-1833-2025,1833,2025,,colonial,gadm-4.1-adm0,12207,no_reference,0,,0,,,,,,
FRA-02-1800-2025,1800,2025,,subnational,gadm-4.1-adm2,7422,no_reference,0,,0,,,,,,
FRA-04-1790-2025,1790,2025,,subnational,gadm-4.1-adm2,7038,no_reference,0,,0,,,,,,
FRA-05-1790-2025,1790,2025,,subnational,gadm-4.1-adm2,5707,no_reference,0,,0,,,,,,
FRA-08-1800-2025,1800,2025,,subnational,gadm-4.1-adm2,5234,no_reference,0,,0,,,,,,
FRA-13-1790-2025,1790,2025,,subnational,gadm-4.1-adm2,5288,no_reference,0,,0,,,,,,
FRA-14-1800-2025,1800,2025,,subnational,gadm-4.1-adm2,5601,no_reference,0,,0,,,,,,
FRA-18-1800-2025,1800,2025,,subnational,gadm-4.1-adm2,7310,no_reference,0,,0,,,,,,
FRA-1800-1871,1800,1871,220,national,cshapes-europe,533999,no_reference,0,,0,,,,,,
FRA-1800-1919,1800,1919,220,national,cshapes-europe,533999,stable_where_covered,1,1886-1918,0,532307,532307,,,0.943,0.32
FRA-1871-1919,1871,1919,220,national,cshapes-2.0,532305,stable_where_covered,1,1886-1918,0,532307,532307,,,0.998,-0.0
FRA-19-1800-2025,1800,2025,,subnational,gadm-4.1-adm2,5920,no_reference,0,,0,,,,,,
FRA-1919-2025,1919,2025,220,national,cshapes-2.0,548058,stable_where_covered,1,1919-2019,0,548041,548041,,,0.998,0.0
FRA-21-1800-2025,1800,2025,,subnational,gadm-4.1-adm2,8805,no_reference,0,,0,,,,,,
FRA-22-1800-2025,1800,2025,,subnational,gadm-4.1-adm2,7032,no_reference,0,,0,,,,,,
FRA-23-1800-2025,1800,2025,,subnational,gadm-4.1-adm2,5605,no_reference,0,,0,,,,,,
FRA-24-1800-2025,1800,2025,,subnational,gadm-4.1-adm2,9220,no_reference,0,,0,,,,,,
FRA-25-1800-2025,1800,2025,,subnational,gadm-4.1-adm2,5269,no_reference,0,,0,,,,,,
FRA-27-1800-2025,1800,2025,,subnational,gadm-4.1-adm2,6040,no_reference,0,,0,,,,,,
FRA-28-1800-2025,1800,2025,,subnational,gadm-4.1-adm2,5919,no_reference,0,,0,,,,,,
FRA-2A-1975-2025,1975,2025,,subnational,gadm-4.1-adm2,4006,no_reference,0,,0,,,,,,
FRA-35-1800-2025,1800,2025,,subnational,gadm-4.1-adm2,6848,no_reference,0,,0,,,,,,
FRA-36-1800-2025,1800,2025,,subnational,gadm-4.1-adm2,6898,no_reference,0,,0,,,,,,
FRA-37-1800-2025,1800,2025,,subnational,gadm-4.1-adm2,6155,no_reference,0,,0,,,,,,
FRA-39-1800-2025,1800,2025,,subnational,gadm-4.1-adm2,5051,no_reference,0,,0,,,,,,
FRA-41-1800-2025,1800,2025,,subnational,gadm-4.1-adm2,6437,no_reference,0,,0,,,,,,
FRA-42-1800-2025,1800,2025,,subnational,gadm-4.1-adm2,4820,no_reference,0,,0,,,,,,
FRA-44-1800-2025,1800,2025,,subnational,gadm-4.1-adm2,6921,no_reference,0,,0,,,,,,
FRA-48-1800-2025,1800,2025,,subnational,gadm-4.1-adm2,5185,no_reference,0,,0,,,,,,
FRA-49-1800-2025,1800,2025,,subnational,gadm-4.1-adm2,7222,no_reference,0,,0,,,,,,
FRA-50-1800-2025,1800,2025,,subnational,gadm-4.1-adm2,6081,no_reference,0,,0,,,,,,
FRA-52-1800-2025,1800,2025,,subnational,gadm-4.1-adm2,6270,no_reference,0,,0,,,,,,
FRA-53-1800-2025,1800,2025,,subnational,gadm-4.1-adm2,5223,no_reference,0,,0,,,,,,
FRA-54-1871-2025,1871,2025,,subnational,gadm-4.1-adm2,5283,no_reference,0,,0,,,,,,
FRA-55-1800-2025,1800,2025,,subnational,gadm-4.1-adm2,6224,no_reference,0,,0,,,,,,
FRA-MOR-1790-2025,1790,2025,,subnational,gadm-4.1-adm2,6875,no_reference,0,,0,,,,,,
FRA-57-1919-2025,1919,2025,,subnational,gadm-4.1-adm2,6252,no_reference,0,,0,,,,,,
FRA-58-1800-2025,1800,2025,,subnational,gadm-4.1-adm2,6874,no_reference,0,,0,,,,,,
FRA-59-1800-2025,1800,2025,,subnational,gadm-4.1-adm2,5754,no_reference,0,,0,,,,,,
FRA-60-1800-2025,1800,2025,,subnational,gadm-4.1-adm2,5876,no_reference,0,,0,,,,,,
FRA-61-1800-2025,1800,2025,,subnational,gadm-4.1-adm2,6140,no_reference,0,,0,,,,,,
FRA-62-1800-2025,1800,2025,,subnational,gadm-4.1-adm2,6720,no_reference,0,,0,,,,,,
FRA-64-1800-2025,1800,2025,,subnational,gadm-4.1-adm2,7680,no_reference,0,,0,,,,,,
FRA-67-1919-2025,1919,2025,,subnational,gadm-4.1-adm2,4790,no_reference,0,,0,,,,,,
FRA-68-1919-2025,1919,2025,,subnational,gadm-4.1-adm2,3527,no_reference,0,,0,,,,,,
FRA-70-1800-2025,1800,2025,,subnational,gadm-4.1-adm2,5388,no_reference,0,,0,,,,,,
FRA-71-1800-2025,1800,2025,,subnational,gadm-4.1-adm2,8624,no_reference,0,,0,,,,,,
FRA-76-1800-2025,1800,2025,,subnational,gadm-4.1-adm2,6311,no_reference,0,,0,,,,,,
FRA-77-1800-2025,1800,2025,,subnational,gadm-4.1-adm2,5931,no_reference,0,,0,,,,,,
FRA-79-1800-2025,1800,2025,,subnational,gadm-4.1-adm2,6035,no_reference,0,,0,,,,,,
FRA-80-1800-2025,1800,2025,,subnational,gadm-4.1-adm2,6221,no_reference,0,,0,,,,,,
FRA-81-1800-2025,1800,2025,,subnational,gadm-4.1-adm2,5765,no_reference,0,,0,,,,,,
FRA-83-1790-2025,1790,2025,,subnational,gadm-4.1-adm2,6044,no_reference,0,,0,,,,,,
FRA-84-1793-2025,1793,2025,,subnational,gadm-4.1-adm2,3562,no_reference,0,,0,,,,,,
FRA-85-1800-2025,1800,2025,,subnational,gadm-4.1-adm2,6778,no_reference,0,,0,,,,,,
FRA-88-1800-2025,1800,2025,,subnational,gadm-4.1-adm2,5865,no_reference,0,,0,,,,,,
FRA-89-1800-2025,1800,2025,,subnational,gadm-4.1-adm2,7461,no_reference,0,,0,,,,,,
FRA-91-1968-2025,1968,2025,,subnational,gadm-4.1-adm2,1819,no_reference,0,,0,,,,,,
FRA-AIN-1800-2025,1800,2025,,subnational,gadm-4.1-adm2,5784,no_reference,0,,0,,,,,,
FRA-ALL-1800-2025,1800,2025,,subnational,gadm-4.1-adm2,7381,no_reference,0,,0,,,,,,
FRA-AM-1860-2025,1860,2025,,subnational,gadm-4.1-adm2,4335,no_reference,0,,0,,,,,,
FRA-ARD-1800-2025,1800,2025,,subnational,gadm-4.1-adm2,5577,no_reference,0,,0,,,,,,
FRA-ARI-1800-2025,1800,2025,,subnational,gadm-4.1-adm2,4927,no_reference,0,,0,,,,,,
FRA-AUB-1800-2025,1800,2025,,subnational,gadm-4.1-adm2,6010,no_reference,0,,0,,,,,,
FRA-AUD-1800-2025,1800,2025,,subnational,gadm-4.1-adm2,6262,no_reference,0,,0,,,,,,
FRA-12-1800-2025,1800,2025,,subnational,gadm-4.1-adm2,8762,no_reference,0,,0,,,,,,
FRA-CANTAL-1800-2025,1800,2025,,subnational,gadm-4.1-adm2,5786,no_reference,0,,0,,,,,,
FRA-CHTE-1800-2025,1800,2025,,subnational,gadm-4.1-adm2,5965,no_reference,0,,0,,,,,,
FRA-CMAR-1800-2025,1800,2025,,subnational,gadm-4.1-adm2,6953,no_reference,0,,0,,,,,,
FRA-COR-1800-2025,1800,2025,,subnational,gadm-4.1-adm1,8743,no_reference,0,,0,,,,,,
FRA-D32-1800-2025,1800,2025,,subnational,gadm-4.1-adm2,6298,no_reference,0,,0,,,,,,
FRA-DRO-1800-2025,1800,2025,,subnational,gadm-4.1-adm2,6551,no_reference,0,,0,,,,,,
FRA-FIN-1800-2025,1800,2025,,subnational,gadm-4.1-adm2,6849,no_reference,0,,0,,,,,,
FRA-GIR-1800-2025,1800,2025,,subnational,gadm-4.1-adm2,10082,no_reference,0,,0,,,,,,
FRA-GRD-1800-2025,1800,2025,,subnational,gadm-4.1-adm2,5859,no_reference,0,,0,,,,,,
FRA-HER-1800-2025,1800,2025,,subnational,gadm-4.1-adm2,6239,no_reference,0,,0,,,,,,
FRA-HG-1800-2025,1800,2025,,subnational,gadm-4.1-adm2,6366,no_reference,0,,0,,,,,,
FRA-HLO-1800-2025,1800,2025,,subnational,gadm-4.1-adm2,5005,no_reference,0,,0,,,,,,
FRA-HP-1790-2025,1790,2025,,subnational,gadm-4.1-adm2,4512,no_reference,0,,0,,,,,,
FRA-HSAV-1860-2025,1860,2025,,subnational,gadm-4.1-adm2,4889,no_reference,0,,0,,,,,,
FRA-HVN-1800-2025,1800,2025,,subnational,gadm-4.1-adm2,5553,no_reference,0,,0,,,,,,
FRA-ISE-1800-2025,1800,2025,,subnational,gadm-4.1-adm2,7867,no_reference,0,,0,,,,,,
FRA-LAN-1800-2025,1800,2025,,subnational,gadm-4.1-adm2,9362,no_reference,0,,0,,,,,,
FRA-LG-1800-2025,1800,2025,,subnational,gadm-4.1-adm2,5405,no_reference,0,,0,,,,,,
FRA-LOI-1800-2025,1800,2025,,subnational,gadm-4.1-adm2,6827,no_reference,0,,0,,,,,,
FRA-LOT-1800-2025,1800,2025,,subnational,gadm-4.1-adm2,5218,no_reference,0,,0,,,,,,
FRA-MRN-1800-2025,1800,2025,,subnational,gadm-4.1-adm2,8196,no_reference,0,,0,,,,,,
FRA-PDD-1800-2025,1800,2025,,subnational,gadm-4.1-adm2,8003,no_reference,0,,0,,,,,,
FRA-PYRO-1790-2025,1790,2025,,subnational,gadm-4.1-adm2,4111,no_reference,0,,0,,,,,,
FRA-RHO-1800-2025,1800,2025,,subnational,gadm-4.1-adm2,3254,no_reference,0,,0,,,,,,
FRA-SAR-1800-2025,1800,2025,,subnational,gadm-4.1-adm2,6249,no_reference,0,,0,,,,,,
FRA-SAV-1860-2025,1860,2025,,subnational,gadm-4.1-adm2,6319,no_reference,0,,0,,,,,,
FRA-SSO-1860-2025,1860,2025,,subnational,constructed,6019,no_reference,0,,0,,,,,,
FRA-TDB-1922-2025,1922,2025,,subnational,gadm-4.1-adm2,604,no_reference,0,,0,,,,,,
FRA-TG-1808-2025,1808,2025,,subnational,gadm-4.1-adm2,3711,no_reference,0,,0,,,,,,
FRA-VNE-1800-2025,1800,2025,,subnational,gadm-4.1-adm2,7055,no_reference,0,,0,,,,,,
FRIN-1816-1954,1816,1954,220,colonial,constructed,547,reference_mismatch,2,1886-1953,0,532307,548041,1.03,1919,0.0,-99.9
FRN-1953-1964,1953,1964,,national,cshapes-2.0,1260085,no_reference,0,,0,,,,,,
FRO-1800-2025,1800,2025,,territory,gadm-4.1-adm0,1439,no_reference,0,,0,,,,,,
FRS-1884-1977,1884,1977,522,national,cshapes-2.0,21481,stable_where_covered,1,1886-1976,1,21433,21433,,,0.993,0.22
FRS-1977-2025,1977,2025,522,national,cshapes-2.0,21481,stable_where_covered,1,1977-2019,0,21433,21433,,,0.993,0.22
FSM-1991-2025,1991,2025,987,national,gadm-4.1-adm0,763,no_reference,0,,0,,,,,,
FTJ-1800-1896,1800,1896,,national,paine-2024,47260,no_reference,0,,0,,,,,,
FTO-1920-1960,1920,1960,,national,cshapes-2.0,57137,no_reference,0,,0,,,,,,
FTT-1800-1862,1800,1862,,national,paine-2024,10301,no_reference,0,,0,,,,,,
GAB-1839-1912,1839,1912,481,national,cshapes-2.0,260673,stable_where_covered,1,1886-1911,2,260681,260681,,,0.998,-0.0
GAB-1912-1919,1912,1919,481,national,cshapes-2.0,226613,stable_confirmed,1,1912-1918,0,226633,226633,,,0.997,-0.01
GAB-1919-1960,1919,1960,481,national,cshapes-2.0,260673,stable_confirmed,1,1919-1959,0,260681,260681,,,0.998,-0.0
GAB-1960-2025,1960,2025,481,national,cshapes-2.0,260673,stable_where_covered,1,1960-2019,0,260681,260681,,,0.998,-0.0
GBM-1895-1946,1895,1946,,colonial,constructed,132022,no_reference,0,,0,,,,,,
GBR-1800-1921,1800,1921,200,national,cshapes-europe,313549,stable_where_covered,1,1886-1920,0,313669,313669,,,0.986,-0.04
GBR-1921-2025,1921,2025,200,national,cshapes-2.0,243964,stable_where_covered,1,1921-2019,0,244091,244091,,,0.994,-0.05
GCAR-1899-1914,1899,1914,,colonial,gadm-4.1-adm0,481,no_reference,0,,0,,,,,,
GCO-1884-2025,1884,2025,255,national,none,,changed,3,1886-1945,0,540111,496651,1.147,1920;1938,,
GCT-1919-1956,1919,1956,452,aggregate,constructed,239020,stable_confirmed,1,1919-1955,0,212416,212416,,,0.887,12.52
GEO-1991-2025,1991,2025,372,national,cshapes-2.0,69827,stable_where_covered,1,1991-2019,0,69956,69956,,,0.996,-0.18
GHA-1821-1888,1821,1888,452,national,cshapes-2.0,68384,stable_where_covered,1,1886-1887,0,68325,68325,,,0.993,0.09
GHA-1888-1898,1888,1898,452,national,cshapes-2.0,127915,stable_confirmed,1,1888-1897,0,127938,127938,,,0.997,-0.02
GHA-1898-1957,1898,1957,452,national,cshapes-2.0,212451,stable_confirmed,1,1898-1956,0,212416,212416,,,0.998,0.02
GHA-1957-2025,1957,2025,452,national,cshapes-2.0,238984,stable_where_covered,1,1957-2019,0,239046,239046,,,0.998,-0.03
GIB-1800-2025,1800,2025,,territory,gadm-4.1-adm0,7,no_reference,0,,0,,,,,,
GIN-1894-1958,1894,1958,438,national,cshapes-2.0,245067,stable_confirmed,1,1894-1957,0,245068,245068,,,0.998,-0.0
GIN-1958-2025,1958,2025,438,national,cshapes-2.0,245067,stable_where_covered,1,1958-2019,0,245068,245068,,,0.998,-0.0
GKM-1884-1912,1884,1912,470,colonial,cshapes-2.0,510433,stable_where_covered,1,1886-1911,2,510512,510512,,,0.998,-0.02
GKM-1884-1916,1884,1916,470,colonial,cshapes-2.0,799945,changed,2,1886-1915,2,510512,799953,1.567,1912,0.638,56.69
GKM-1912-1916,1912,1916,470,colonial,cshapes-2.0,799945,stable_confirmed,1,1912-1915,0,799953,799953,,,0.999,-0.0
GLP-1816-2025,1816,2025,65,national,cshapes-2.0,1650,stable_where_covered,1,1886-2019,0,1652,1652,,,0.999,-0.11
GMB-1800-2025,1800,2025,420,national,cshapes-2.0,10628,stable_where_covered,1,1889-2019,1,10723,10723,,,0.975,-0.89
GNB-1879-1886,1879,1886,,national,cshapes-2.0,33185,no_reference,0,,0,,,,,,
GNB-1886-1974,1886,1974,404,national,cshapes-2.0,33185,stable_confirmed,1,1886-1973,1,33242,33242,,,0.99,-0.17
GNB-1974-2025,1974,2025,404,national,cshapes-2.0,33185,stable_where_covered,1,1974-2019,0,33242,33242,,,0.99,-0.17
GNQ-1886-1968,1886,1968,411,national,cshapes-2.0,26904,stable_confirmed,1,1886-1967,1,26921,26921,,,0.995,-0.06
GNQ-1968-2025,1968,2025,,national,cshapes-2.0,26904,no_reference,0,,0,,,,,,
GOB-1800-1808,1800,1808,,national,paine-2024,9764,no_reference,0,,0,,,,,,
GRC-1830-1881,1830,1881,350,national,cliopatria,45004,no_reference,0,,0,,,,,,
GRC-1830-1913,1830,1913,350,national,cshapes-europe,46271,stable_where_covered,1,1886-1912,0,63755,63755,,,0.711,-27.42
GRC-1881-1913,1881,1913,350,national,cshapes-europe,63612,stable_where_covered,1,1886-1912,0,63755,63755,,,0.973,-0.22
GRC-1913-1919,1913,1919,350,national,cshapes-2.0,121615,stable_confirmed,1,1913-1918,0,121697,121697,,,0.99,-0.07
GRC-1919-1947,1919,1947,350,national,cshapes-2.0,129841,stable_confirmed,1,1919-1946,0,129913,129913,,,0.99,-0.06
GRC-1919-2025,1919,2025,350,national,cshapes-2.0,129841,stable_where_covered,1,1919-2019,0,129913,129913,,,0.99,-0.06
GRC-1947-2025,1947,2025,350,national,cshapes-2.0,129841,stable_where_covered,1,1947-2019,0,129913,129913,,,0.99,-0.06
GRD-1800-2025,1800,2025,55,national,gadm-4.1-adm0,359,no_reference,0,,0,,,,,,
GRL-1800-2025,1800,2025,,national,gadm-4.1-adm0,2148756,no_reference,0,,0,,,,,,
GTM-1821-2025,1821,2025,90,national,cshapes-2.0,109118,stable_where_covered,1,1886-2019,0,109028,109028,,,0.997,0.08
GTO-1884-1920,1884,1920,,colonial,constructed,83683,no_reference,0,,0,,,,,,
GUF-1816-1946,1816,1946,120,colonial,cshapes-2.0,83660,changed,2,1886-1945,0,83711,13068,6.406,1930,0.997,-0.06
GUF-1946-2025,1946,2025,120,national,cshapes-2.0,83660,stable_where_covered,1,1946-2019,0,83711,83711,,,0.997,-0.06
GUM-1898-1950,1898,1950,,colonial,gadm-4.1-adm0,550,no_reference,0,,0,,,,,,
GUM-1950-2025,1950,2025,,territory,gadm-4.1-adm0,550,no_reference,0,,0,,,,,,
GUY-1800-2025,1800,2025,110,national,cshapes-2.0,210474,stable_where_covered,1,1886-2019,1,210584,210584,,,0.998,-0.05
HATAY-1938-1939,1938,1939,,colonial,none,,no_reference,0,,0,,,,,,
HAW-1959-2025,1959,2025,,subnational,gadm-4.1-adm1,16706,no_reference,0,,0,,,,,,
HAWI-1898-1959,1898,1959,4,national,cshapes-2.0,16632,stable_confirmed,1,1898-1958,0,16686,16686,,,0.988,-0.32
HKG-1842-2025,1842,2025,,national,gadm-4.1-adm1,1128,no_reference,0,,0,,,,,,
HND-1800-2025,1800,2025,91,national,cshapes-2.0,112280,stable_where_covered,1,1886-2019,0,112227,112227,,,0.996,0.05
HRV-1992-2025,1992,2025,344,national,cshapes-2.0,55759,stable_where_covered,1,1992-2019,0,55834,55834,,,0.989,-0.13
HTI-1800-2025,1800,2025,41,national,cshapes-2.0,27093,stable_where_covered,1,1886-2019,2,27137,27137,,,0.99,-0.16
HUN-1800-1918,1800,1918,310,national,histogis-1860-habsburg,325419,no_reference,0,,0,,,,,,
HUN-1918-1920,1918,1920,310,national,histogis-1860-habsburg,325419,no_reference,0,,0,,,,,,
HUN-1920-1938,1920,1938,310,national,cshapes-2.0,93004,stable_confirmed,1,1920-1937,0,92991,92991,,,0.997,0.01
HUN-1938-1940,1938,1940,310,national,cshapes-2.0,108814,stable_confirmed,1,1938-1939,0,108785,108785,,,0.998,0.03
HUN-1938-1947,1938,1947,310,national,cshapes-2.0,108814,stable_confirmed,1,1938-1946,0,108785,108785,,,0.998,0.03
HUN-1940-1944,1940,1944,310,national,constructed,152441,stable_confirmed,1,1940-1943,0,108785,108785,,,0.713,40.13
HUN-1944-1947,1944,1947,310,national,cshapes-2.0,93004,stable_confirmed,1,1944-1946,0,108785,108785,,,0.853,-14.51
HUN-1947-2025,1947,2025,310,national,cshapes-2.0,93004,stable_where_covered,1,1947-2019,0,92991,92991,,,0.997,0.01
HYD-1724-1948,1724,1948,750,subnational,cliopatria,211298,reference_mismatch,4,1886-1947,2,4652712,4227508,1.158,1893;1914;1937,0.045,-95.46
IBD-1829-1893,1829,1893,,national,paine-2024,25404,no_reference,0,,0,,,,,,
ICN-1800-2025,1800,2025,,national,gadm-4.1-adm1,7541,no_reference,0,,0,,,,,,
IDN-1800-1889,1800,1889,750,national,cshapes-2.0,1876795,reference_mismatch,1,1886-1888,0,4652712,4652712,,,0.0,-59.66
IDN-1800-1945,1800,1945,850,colonial,cshapes-2.0,1876795,stable_where_covered,1,1886-1944,1,1877243,1877243,,,0.995,-0.02
IDN-1889-1945,1889,1945,750,national,cshapes-2.0,1876795,reference_mismatch,4,1889-1944,2,4652712,4227508,1.158,1893;1914;1937,0.0,-59.66
IDN-1945-1949,1945,1949,850,national,cshapes-2.0,1876795,stable_confirmed,1,1945-1948,0,1877243,1877243,,,0.995,-0.02
IDN-1949-1963,1949,1963,850,national,cshapes-2.0,1466397,stable_confirmed,1,1949-1962,0,1466882,1466882,,,0.995,-0.03
IDN-1949-1969,1949,1969,850,national,cshapes-2.0,1466397,stable_confirmed,1,1949-1968,0,1466882,1466882,,,0.995,-0.03
IDN-1963-1976,1963,1976,850,national,cshapes-2.0,1876795,changed,2,1963-1975,0,1466882,1877243,1.28,1969,0.778,27.94
IDN-1969-1976,1969,1976,850,national,cshapes-2.0,1876795,stable_confirmed,1,1969-1975,0,1877243,1877243,,,0.995,-0.02
IDN-1976-2002,1976,2002,850,national,cshapes-2.0,1891777,stable_confirmed,1,1976-2001,0,1892268,1892268,,,0.995,-0.03
IDN-2002-2025,2002,2025,850,national,cshapes-2.0,1876795,stable_where_covered,1,2002-2019,0,1877243,1877243,,,0.995,-0.02
IDN-BLB-1949-1951,1949,1951,,subnational,constructed,10156,no_reference,0,,0,,,,,,
IDN-JVM-1949-1951,1949,1951,,subnational,constructed,132702,no_reference,0,,0,,,,,,
IDN-OTH-1949-1951,1949,1951,,subnational,constructed,1331953,no_reference,0,,0,,,,,,
IDN-XTL-1976-2002,1976,2002,,subnational,constructed,1876747,no_reference,0,,0,,,,,,
IGL-1800-1901,1800,1901,,national,paine-2024,7764,no_reference,0,,0,,,,,,
IJB-1800-1892,1800,1892,,national,paine-2024,6041,no_reference,0,,0,,,,,,
IND-1800-1886,1800,1886,750,national,constructed,4135440,no_reference,0,,0,,,,,,
IND-1800-1893,1800,1893,750,national,cshapes-2.0,4652141,stable_where_covered,1,1886-1892,0,4652712,4652712,,,0.999,-0.01
IND-1886-1893,1886,1893,750,national,constructed,4647936,stable_confirmed,1,1886-1892,0,4652712,4652712,,,0.998,-0.1
IND-1893-1914,1893,1914,750,national,constructed,4815025,stable_confirmed,1,1893-1913,1,4819795,4819795,,,0.998,-0.1
IND-1914-1937,1914,1937,750,national,constructed,4889736,stable_confirmed,1,1914-1936,1,4894456,4894456,,,0.998,-0.1
IND-1937-1947,1937,1947,750,national,constructed,4223060,stable_confirmed,1,1937-1946,0,4227508,4227508,,,0.998,-0.11
IND-1947-1949,1947,1949,750,national,constructed,3041826,stable_confirmed,1,1947-1948,0,3046196,3046196,,,0.998,-0.14
IND-1949-2025,1949,2025,750,national,cshapes-2.0,3151797,stable_where_covered,1,1949-2019,0,3152040,3152040,,,0.999,-0.01
INU-1937-1947,1937,1947,,subnational,constructed,3041826,no_reference,0,,0,,,,,,
IRL-1800-1921,1800,1921,205,national,constructed,84313,no_reference,0,,0,,,,,,
IRL-1921-2025,1921,2025,205,national,cshapes-2.0,69565,stable_where_covered,1,1921-2019,0,69578,69578,,,0.993,-0.02
IRN-1800-1828,1800,1828,630,national,cliopatria,1743646,no_reference,0,,0,,,,,,
IRN-1828-2025,1828,2025,630,national,cshapes-2.0,1621559,stable_where_covered,1,1886-2019,0,1621541,1621541,,,0.999,0.0
IRQ-1921-1932,1921,1932,645,national,cshapes-2.0,436195,stable_confirmed,1,1921-1931,1,436255,436255,,,0.999,-0.01
IRQ-1921-2025,1921,2025,645,national,cshapes-2.0,436195,stable_where_covered,1,1921-2019,2,436255,436255,,,0.999,-0.01
IRQ-1932-2025,1932,2025,645,national,cshapes-2.0,436195,stable_where_covered,1,1932-2019,0,436255,436255,,,0.999,-0.01
ISL-1800-2025,1800,2025,395,national,cshapes-2.0,102734,stable_where_covered,1,1886-2019,3,102889,102889,,,0.994,-0.15
ISR-1948-1967,1948,1967,666,national,cshapes-2.0,20786,stable_confirmed,1,1948-1966,0,20719,20719,,,0.99,0.32
ISR-1967-1979,1967,1979,666,national,cshapes-2.0,88667,stable_confirmed,1,1967-1978,0,88644,88644,,,0.996,0.03
ISR-1979-2025,1979,2025,666,national,cshapes-2.0,28118,stable_where_covered,1,1979-2019,0,28076,28076,,,0.994,0.15
ISR-RA-1967-2025,1967,2025,,subnational,constructed,21961,no_reference,0,,0,,,,,,
ITA-1861-1866,1861,1866,325,national,cshapes-europe,247918,no_reference,0,,0,,,,,,
ITA-1861-1919,1861,1919,325,national,cshapes-europe,284848,stable_where_covered,1,1886-1918,0,284652,284652,,,0.991,0.07
ITA-1866-1870,1866,1870,325,national,cshapes-europe,272718,no_reference,0,,0,,,,,,
ITA-1870-1919,1870,1919,325,national,cshapes-europe,284848,stable_where_covered,1,1886-1918,0,284652,284652,,,0.991,0.07
ITA-1919-2025,1919,2025,325,national,cshapes-2.0,300310,stable_where_covered,1,1919-2019,0,300049,300049,,,0.996,0.09
ITA-ABM-1861-2025,1861,2025,,subnational,constructed,15229,no_reference,0,,0,,,,,,
ITA-ABR-1970-2025,1970,2025,,subnational,gadm-4.1-adm1,10792,no_reference,0,,0,,,,,,
ITA-BAS-1861-2025,1861,2025,,subnational,gadm-4.1-adm1,10006,no_reference,0,,0,,,,,,
ITA-CAL-1861-2025,1861,2025,,subnational,gadm-4.1-adm1,15126,no_reference,0,,0,,,,,,
ITA-CAM-1970-2025,1970,2025,,subnational,gadm-4.1-adm1,13647,no_reference,0,,0,,,,,,
ITA-EMR-1970-2025,1970,2025,,subnational,gadm-4.1-adm1,22146,no_reference,0,,0,,,,,,
ITA-ITH1-1919-2025,1919,2025,,subnational,gadm-4.1-adm2,7379,no_reference,0,,0,,,,,,
ITA-ITH2-1919-2025,1919,2025,,subnational,gadm-4.1-adm2,6218,no_reference,0,,0,,,,,,
ITA-ITH4-1970-2025,1970,2025,,subnational,gadm-4.1-adm1,7769,no_reference,0,,0,,,,,,
ITA-ITI1-1861-2025,1861,2025,,subnational,gadm-4.1-adm1,23049,no_reference,0,,0,,,,,,
ITA-ITI2-1970-2025,1970,2025,,subnational,gadm-4.1-adm1,8449,no_reference,0,,0,,,,,,
ITA-LAZ-1970-2025,1970,2025,,subnational,gadm-4.1-adm1,17277,no_reference,0,,0,,,,,,
ITA-LIG-1970-2025,1970,2025,,subnational,gadm-4.1-adm1,5451,no_reference,0,,0,,,,,,
ITA-LOM-1861-2025,1861,2025,,subnational,gadm-4.1-adm1,23908,no_reference,0,,0,,,,,,
ITA-MAR-1861-2025,1861,2025,,subnational,gadm-4.1-adm1,9699,no_reference,0,,0,,,,,,
ITA-MOL-1963-2025,1963,2025,,subnational,gadm-4.1-adm1,4436,no_reference,0,,0,,,,,,
ITA-PIE-1970-2025,1970,2025,,subnational,gadm-4.1-adm1,25274,no_reference,0,,0,,,,,,
ITA-PUG-1861-2025,1861,2025,,subnational,gadm-4.1-adm1,19365,no_reference,0,,0,,,,,,
ITA-PVA-1861-2025,1861,2025,,subnational,constructed,28538,no_reference,0,,0,,,,,,
ITA-SAR-1861-2025,1861,2025,,subnational,gadm-4.1-adm1,24096,no_reference,0,,0,,,,,,
ITA-SIC-1861-2025,1861,2025,,subnational,gadm-4.1-adm1,25797,no_reference,0,,0,,,,,,
ITA-TAA-1919-2025,1919,2025,,subnational,gadm-4.1-adm1,13605,no_reference,0,,0,,,,,,
ITA-VDA-1948-2025,1948,2025,,subnational,gadm-4.1-adm1,3256,no_reference,0,,0,,,,,,
ITA-VEN-1866-2025,1866,2025,,subnational,gadm-4.1-adm1,17888,no_reference,0,,0,,,,,,
ITAEG-1912-1947,1912,1947,325,colonial,none,,changed,2,1912-1946,0,284652,300049,1.054,1919,,
ITS-1908-1960,1908,1960,,national,constructed,464286,no_reference,0,,0,,,,,,
JAM-1800-2025,1800,2025,51,national,cshapes-2.0,11001,stable_where_covered,1,1886-2019,1,11028,11028,,,0.987,-0.24
JOL-1800-1890,1800,1890,,national,paine-2024,27228,no_reference,0,,0,,,,,,
JOR-1918-1920,1918,1920,663,national,cshapes-2.0,45194,no_reference,0,,0,,,,,,
JOR-1920-1923,1920,1923,663,national,cshapes-2.0,45194,stable_confirmed,1,1920-1922,0,45148,45148,,,0.995,0.1
JOR-1923-1946,1923,1946,663,national,cshapes-2.0,89270,stable_confirmed,1,1923-1945,1,89255,89255,,,0.997,0.02
JOR-1946-2025,1946,2025,663,national,cshapes-2.0,89270,stable_where_covered,1,1946-2019,0,89255,89255,,,0.997,0.02
JPN-1800-1895,1800,1895,,national,cshapes-2.0,371147,no_reference,0,,0,,,,,,
JPN-1895-1945,1895,1945,,national,constructed,626507,no_reference,0,,0,,,,,,
JPN-1945-1952,1945,1952,,national,cshapes-2.0,371147,no_reference,0,,0,,,,,,
JPN-1952-2025,1952,2025,,national,cshapes-2.0,371147,no_reference,0,,0,,,,,,
JPN-AICHI-1871-2025,1871,2025,,subnational,gadm-4.1-adm1,5168,no_reference,0,,0,,,,,,
JPN-AKITA-1871-2025,1871,2025,,subnational,gadm-4.1-adm1,11684,no_reference,0,,0,,,,,,
JPN-AOMORI-1871-2025,1871,2025,,subnational,gadm-4.1-adm1,9718,no_reference,0,,0,,,,,,
JPN-CHIBA-1871-2025,1871,2025,,subnational,gadm-4.1-adm1,5062,no_reference,0,,0,,,,,,
JPN-EHIME-1871-2025,1871,2025,,subnational,gadm-4.1-adm1,5748,no_reference,0,,0,,,,,,
JPN-FUKUI-1871-2025,1871,2025,,subnational,gadm-4.1-adm1,4234,no_reference,0,,0,,,,,,
JPN-FUKUOKA-1871-2025,1871,2025,,subnational,gadm-4.1-adm1,5001,no_reference,0,,0,,,,,,
JPN-FUKUSHIMA-1871-2025,1871,2025,,subnational,gadm-4.1-adm1,13781,no_reference,0,,0,,,,,,
JPN-GIFU-1871-2025,1871,2025,,subnational,gadm-4.1-adm1,10599,no_reference,0,,0,,,,,,
JPN-GUMMA-1871-2025,1871,2025,,subnational,gadm-4.1-adm1,6379,no_reference,0,,0,,,,,,
JPN-HIROSHIMA-1871-2025,1871,2025,,subnational,gadm-4.1-adm1,8368,no_reference,0,,0,,,,,,
JPN-HOKKAIDO-1871-2025,1871,2025,,subnational,gadm-4.1-adm1,78268,no_reference,0,,0,,,,,,
JPN-HYOGO-1871-2025,1871,2025,,subnational,gadm-4.1-adm1,8367,no_reference,0,,0,,,,,,
JPN-IBARAKI-1871-2025,1871,2025,,subnational,gadm-4.1-adm1,6119,no_reference,0,,0,,,,,,
JPN-ISHIKAWA-1871-2025,1871,2025,,subnational,gadm-4.1-adm1,4230,no_reference,0,,0,,,,,,
JPN-IWATE-1871-2025,1871,2025,,subnational,gadm-4.1-adm1,15234,no_reference,0,,0,,,,,,
JPN-KAGAWA-1871-2025,1871,2025,,subnational,gadm-4.1-adm1,1707,no_reference,0,,0,,,,,,
JPN-KAGOSHIMA-1871-2025,1871,2025,,subnational,gadm-4.1-adm1,9078,no_reference,0,,0,,,,,,
JPN-KANAGAWA-1871-2025,1871,2025,,subnational,gadm-4.1-adm1,2370,no_reference,0,,0,,,,,,
JPN-KOCHI-1871-2025,1871,2025,,subnational,gadm-4.1-adm1,7056,no_reference,0,,0,,,,,,
JPN-KUMAMOTO-1871-2025,1871,2025,,subnational,gadm-4.1-adm1,7506,no_reference,0,,0,,,,,,
JPN-KYOTO-1871-2025,1871,2025,,subnational,gadm-4.1-adm1,4640,no_reference,0,,0,,,,,,
JPN-MIE-1871-2025,1871,2025,,subnational,gadm-4.1-adm1,5779,no_reference,0,,0,,,,,,
JPN-MIYAGI-1871-2025,1871,2025,,subnational,gadm-4.1-adm1,7200,no_reference,0,,0,,,,,,
JPN-MIYAZAKI-1871-2025,1871,2025,,subnational,gadm-4.1-adm1,7686,no_reference,0,,0,,,,,,
JPN-NAGANO-1871-2025,1871,2025,,subnational,gadm-4.1-adm1,13580,no_reference,0,,0,,,,,,
JPN-NAGASAKI-1871-2025,1871,2025,,subnational,gadm-4.1-adm1,4192,no_reference,0,,0,,,,,,
JPN-NARA-1871-2025,1871,2025,,subnational,gadm-4.1-adm1,3689,no_reference,0,,0,,,,,,
JPN-NIIGATA-1871-2025,1871,2025,,subnational,gadm-4.1-adm1,12702,no_reference,0,,0,,,,,,
JPN-OITA-1871-2025,1871,2025,,subnational,gadm-4.1-adm1,6313,no_reference,0,,0,,,,,,
JPN-OKAYAMA-1871-2025,1871,2025,,subnational,gadm-4.1-adm1,7223,no_reference,0,,0,,,,,,
JPN-OSAKA-1871-2025,1871,2025,,subnational,gadm-4.1-adm1,1912,no_reference,0,,0,,,,,,
JPN-SAGA-1871-2025,1871,2025,,subnational,gadm-4.1-adm1,2424,no_reference,0,,0,,,,,,
JPN-SAITAMA-1871-2025,1871,2025,,subnational,gadm-4.1-adm1,3791,no_reference,0,,0,,,,,,
JPN-SHIGA-1871-2025,1871,2025,,subnational,gadm-4.1-adm1,4004,no_reference,0,,0,,,,,,
JPN-SHIMANE-1871-2025,1871,2025,,subnational,gadm-4.1-adm1,6730,no_reference,0,,0,,,,,,
JPN-SHIZUOKA-1871-2025,1871,2025,,subnational,gadm-4.1-adm1,7601,no_reference,0,,0,,,,,,
JPN-TOCHIGI-1871-2025,1871,2025,,subnational,gadm-4.1-adm1,6401,no_reference,0,,0,,,,,,
JPN-TOKUSHIMA-1871-2025,1871,2025,,subnational,gadm-4.1-adm1,4141,no_reference,0,,0,,,,,,
JPN-TOKYO-1871-2025,1871,2025,,subnational,gadm-4.1-adm1,2127,no_reference,0,,0,,,,,,
JPN-TOTTORI-1871-2025,1871,2025,,subnational,gadm-4.1-adm1,3476,no_reference,0,,0,,,,,,
JPN-TOYAMA-1871-2025,1871,2025,,subnational,gadm-4.1-adm1,4270,no_reference,0,,0,,,,,,
JPN-WAKAYAMA-1871-2025,1871,2025,,subnational,gadm-4.1-adm1,4652,no_reference,0,,0,,,,,,
JPN-YAMAGATA-1871-2025,1871,2025,,subnational,gadm-4.1-adm1,9340,no_reference,0,,0,,,,,,
JPN-YAMAGUCHI-1871-2025,1871,2025,,subnational,gadm-4.1-adm1,6093,no_reference,0,,0,,,,,,
JPN-YAMANASHI-1871-2025,1871,2025,,subnational,gadm-4.1-adm1,4473,no_reference,0,,0,,,,,,
KAZ-1991-2025,1991,2025,705,national,cshapes-2.0,2723347,stable_where_covered,1,1991-2019,1,2723103,2723103,,,0.999,0.01
KEN-1888-1891,1888,1891,501,national,cshapes-2.0,469075,stable_confirmed,1,1888-1890,0,469649,469649,,,0.998,-0.12
KEN-1891-1894,1891,1894,501,national,cshapes-2.0,1041593,stable_confirmed,1,1891-1893,0,1041480,1041480,,,0.999,0.01
KEN-1894-1902,1894,1902,501,national,cshapes-2.0,660238,stable_confirmed,1,1894-1901,0,660120,660120,,,0.999,0.02
KEN-1902-1907,1902,1907,501,national,cshapes-2.0,772641,stable_confirmed,1,1902-1906,0,772550,772550,,,0.999,0.01
KEN-1907-1924,1907,1924,501,national,cshapes-2.0,635652,stable_confirmed,1,1907-1923,2,635868,635868,,,0.999,-0.03
KEN-1924-1926,1924,1926,501,national,cshapes-2.0,541484,stable_confirmed,1,1924-1925,0,541463,541463,,,0.999,0.0
KEN-1926-1963,1926,1963,501,national,cshapes-2.0,581930,stable_confirmed,1,1926-1962,0,581892,581892,,,0.999,0.01
KEN-1963-2025,1963,2025,501,national,cshapes-2.0,581930,stable_where_covered,1,1963-2019,0,581892,581892,,,0.999,0.01
KGZ-1991-2025,1991,2025,703,national,cshapes-2.0,199548,stable_where_covered,1,1991-2019,0,199565,199565,,,0.997,-0.01
KHM-1800-1904,1800,1904,,national,cshapes-2.0,130348,no_reference,0,,0,,,,,,
KHM-1904-1907,1904,1907,,national,cshapes-2.0,149038,no_reference,0,,0,,,,,,
KHM-1907-1953,1907,1953,811,national,cshapes-2.0,181798,stable_confirmed,1,1907-1952,0,181751,181751,,,0.998,0.03
KHM-1953-2025,1953,2025,811,national,cshapes-2.0,181798,stable_where_covered,1,1953-2019,0,181751,181751,,,0.998,0.03
KIR-1800-2025,1800,2025,946,national,gadm-4.1-adm0,1010,no_reference,0,,0,,,,,,
KJM-1947-1972,1947,1972,7506,disputed,cshapes-2.0,105783,stable_where_covered,1,1947-1949,0,105845,105845,,,0.997,-0.06
KNA-1800-2025,1800,2025,60,national,gadm-4.1-adm0,263,no_reference,0,,0,,,,,,
KOR-1800-1945,1800,1945,730,national,constructed,219372,stable_where_covered,1,1886-1944,1,219398,219398,,,0.996,-0.01
KOR-1945-1948,1945,1948,730,national,cshapes-2.0,219402,no_reference,0,,0,,,,,,
KOR-1948-2025,1948,2025,732,national,cshapes-2.0,97097,stable_where_covered,1,1948-2019,0,97195,97195,,,0.996,-0.1
KOS-2008-2025,2008,2025,347,national,cshapes-2.0,10735,stable_where_covered,1,2008-2019,0,10737,10737,,,0.992,-0.02
KRS-1910-1945,1910,1945,,colonial,cshapes-2.0,97097,no_reference,0,,0,,,,,,
KRS-1945-1948,1945,1948,,colonial,constructed,93864,no_reference,0,,0,,,,,,
KSJ-1800-1911,1800,1911,,national,paine-2024,18372,no_reference,0,,0,,,,,,
KWT-1800-2025,1800,2025,690,national,cshapes-2.0,16798,stable_where_covered,1,1961-2019,0,16753,16753,,,0.989,0.27
KZM-1800-1899,1800,1899,,national,paine-2024,16244,no_reference,0,,0,,,,,,
LAO-1893-1954,1893,1954,812,national,cshapes-2.0,229987,stable_confirmed,1,1893-1953,1,229905,229905,,,0.997,0.04
LAO-1954-2025,1954,2025,812,national,cshapes-2.0,229987,stable_where_covered,1,1954-2019,0,229905,229905,,,0.997,0.04
LBA-1800-1885,1800,1885,,national,paine-2024,26917,no_reference,0,,0,,,,,,
LBN-1920-1944,1920,1944,660,national,cshapes-2.0,10199,stable_confirmed,1,1920-1943,0,10209,10209,,,0.989,-0.09
LBN-1944-2025,1944,2025,660,national,cshapes-2.0,10199,stable_where_covered,1,1944-2019,0,10209,10209,,,0.989,-0.09
LBR-1847-2025,1847,2025,450,national,cshapes-2.0,95990,stable_where_covered,1,1886-2019,1,96000,96000,,,0.997,-0.01
LBY-1912-1919,1912,1919,620,national,cshapes-2.0,881968,stable_confirmed,1,1912-1918,0,881872,881872,,,0.999,0.01
LBY-1919-1925,1919,1925,620,national,cshapes-2.0,1006284,stable_confirmed,1,1919-1924,0,1006149,1006149,,,0.999,0.01
LBY-1925-1934,1925,1934,620,national,cshapes-2.0,1525195,stable_confirmed,1,1925-1933,0,1524983,1524983,,,0.999,0.01
LBY-1934-1943,1934,1943,620,national,cshapes-2.0,1617898,stable_confirmed,1,1934-1942,0,1617564,1617564,,,0.999,0.02
LBY-1943-1949,1943,1949,620,national,cshapes-2.0,1617898,stable_confirmed,1,1943-1948,0,1617564,1617564,,,0.999,0.02
LBY-1949-1951,1949,1951,620,national,cshapes-2.0,1617898,stable_confirmed,1,1949-1950,0,1617564,1617564,,,0.999,0.02
LBY-1951-2025,1951,2025,620,national,cshapes-2.0,1617898,stable_where_covered,1,1951-2019,0,1617564,1617564,,,0.999,0.02
LCA-1800-1838,1800,1838,,national,gadm-4.1-adm0,613,no_reference,0,,0,,,,,,
LCA-1838-2025,1838,2025,56,national,gadm-4.1-adm0,613,no_reference,0,,0,,,,,,
LIE-1800-2025,1800,2025,,national,cshapes-europe,177,no_reference,0,,0,,,,,,
LKA-1800-2025,1800,2025,780,national,cshapes-2.0,65955,stable_where_covered,1,1886-2019,1,65983,65983,,,0.994,-0.04
LND-1800-1887,1800,1887,,national,paine-2024,67687,no_reference,0,,0,,,,,,
LSO-1868-1886,1868,1886,,national,cshapes-2.0,30503,no_reference,0,,0,,,,,,
LSO-1886-1966,1886,1966,570,national,cshapes-2.0,30503,stable_confirmed,1,1886-1965,0,30516,30516,,,0.996,-0.04
LSO-1966-2025,1966,2025,570,national,cshapes-2.0,30503,stable_where_covered,1,1966-2019,0,30516,30516,,,0.996,-0.04
LST-1822-1868,1822,1868,,national,paine-2024,39178,no_reference,0,,0,,,,,,
LTU-1800-1918,1800,1918,368,national,cshapes-2.0,83899,no_reference,0,,0,,,,,,
LTU-1918-1940,1918,1940,368,national,cshapes-2.0,55904,changed,2,1918-1939,1,83882,55858,1.502,1920,0.665,-33.35
LTU-1940-1991,1940,1991,368,national,cshapes-2.0,55904,no_reference,0,,0,,,,,,
LTU-1991-2025,1991,2025,368,national,cshapes-2.0,65071,stable_where_covered,1,1991-2019,0,65024,65024,,,0.997,0.07
LUX-1839-2025,1839,2025,212,national,cshapes-2.0,2591,stable_where_covered,1,1886-2019,0,2582,2582,,,0.993,0.34
LVA-1800-1918,1800,1918,367,national,cshapes-2.0,65978,no_reference,0,,0,,,,,,
LVA-1918-1940,1918,1940,367,national,cshapes-2.0,65978,stable_confirmed,1,1918-1939,0,65966,65966,,,0.996,0.02
LVA-1940-1991,1940,1991,367,national,cshapes-2.0,65978,no_reference,0,,0,,,,,,
LVA-1991-2025,1991,2025,367,national,cshapes-2.0,64615,stable_where_covered,1,1991-2019,0,64643,64643,,,0.996,-0.04
LZI-1800-1890,1800,1890,,national,paine-2024,61160,no_reference,0,,0,,,,,,
MAC-1800-2025,1800,2025,,national,gadm-4.1-adm1,34,no_reference,0,,0,,,,,,
MAF-2007-2025,2007,2025,,territory,gadm-4.1-adm0,56,no_reference,0,,0,,,,,,
MAN-1921-1932,1921,1932,,subnational,constructed,791706,no_reference,0,,0,,,,,,
MAN-1932-1945,1932,1945,,national,constructed,791706,no_reference,0,,0,,,,,,
MAN-1945-1950,1945,1950,,subnational,constructed,791706,no_reference,0,,0,,,,,,
MAN-1950-1955,1950,1955,,subnational,constructed,791706,no_reference,0,,0,,,,,,
MAR-1911-1958,1911,1958,600,national,cshapes-2.0,350268,changed,2,1911-1957,1,350331,374438,1.069,1956,0.998,-0.02
MAR-1958-1975,1958,1975,600,national,cshapes-2.0,403106,stable_confirmed,1,1958-1974,0,403235,403235,,,0.998,-0.03
MAR-1975-1979,1975,1979,600,national,cshapes-2.0,574398,stable_confirmed,1,1975-1978,0,574429,574429,,,0.998,-0.01
MAR-1979-2025,1979,2025,600,national,cshapes-2.0,672283,stable_where_covered,1,1979-2019,0,672203,672203,,,0.998,0.01
MASG-1946-1963,1946,1963,,aggregate,constructed,132001,no_reference,0,,0,,,,,,
MCO-1800-2025,1800,2025,,national,gadm-4.1-adm0,2,no_reference,0,,0,,,,,,
MDA-1991-2025,1991,2025,359,national,cshapes-2.0,33685,stable_where_covered,1,1991-2019,0,33682,33682,,,0.995,0.01
MDG-1882-2025,1882,2025,580,national,cshapes-2.0,592875,changed,3,1886-2019,2,592863,592863,1.003,1912;1946,0.998,0.0
MDV-1800-2025,1800,2025,781,national,gadm-4.1-adm0,300,reference_mismatch,1,1887-2019,1,34,34,,,0.008,781.43
MEX-1800-1848,1800,1848,,national,cliopatria,3187750,no_reference,0,,0,,,,,,
MEX-1848-2025,1848,2025,,national,cshapes-2.0,1956564,no_reference,0,,0,,,,,,
MEX-AGS-1857-2025,1857,2025,,subnational,gadm-4.1-adm1,5597,no_reference,0,,0,,,,,,
MEX-BCN-1952-2025,1952,2025,,subnational,gadm-4.1-adm1,72921,no_reference,0,,0,,,,,,
MEX-BCS-1931-2025,1931,2025,,subnational,gadm-4.1-adm1,72088,no_reference,0,,0,,,,,,
MEX-CAM-1863-2025,1863,2025,,subnational,gadm-4.1-adm1,55503,no_reference,0,,0,,,,,,
MEX-CHIAPAS-1824-2025,1824,2025,,subnational,gadm-4.1-adm1,73075,no_reference,0,,0,,,,,,
MEX-CHIHUAHUA-1824-2025,1824,2025,,subnational,gadm-4.1-adm1,247405,no_reference,0,,0,,,,,,
MEX-CMX-1824-2025,1824,2025,,subnational,gadm-4.1-adm1,1505,no_reference,0,,0,,,,,,
MEX-COAH-1824-2025,1824,2025,,subnational,gadm-4.1-adm1,151537,no_reference,0,,0,,,,,,
MEX-COL-1857-2025,1857,2025,,subnational,gadm-4.1-adm1,5740,no_reference,0,,0,,,,,,
MEX-DGO-1824-2025,1824,2025,,subnational,gadm-4.1-adm1,123341,no_reference,0,,0,,,,,,
MEX-GUANAJUATO-1824-2025,1824,2025,,subnational,gadm-4.1-adm1,30611,no_reference,0,,0,,,,,,
MEX-GUE-1849-2025,1849,2025,,subnational,gadm-4.1-adm1,63667,no_reference,0,,0,,,,,,
MEX-HIDALGO-1869-2025,1869,2025,,subnational,gadm-4.1-adm1,20800,no_reference,0,,0,,,,,,
MEX-JALISCO-1824-2025,1824,2025,,subnational,gadm-4.1-adm1,78607,no_reference,0,,0,,,,,,
MEX-MEX-1824-2025,1824,2025,,subnational,gadm-4.1-adm1,22337,no_reference,0,,0,,,,,,
MEX-MICHOACAN-1824-2025,1824,2025,,subnational,gadm-4.1-adm1,58582,no_reference,0,,0,,,,,,
MEX-MOR-1869-2025,1869,2025,,subnational,gadm-4.1-adm1,4872,no_reference,0,,0,,,,,,
MEX-NAYARIT-1917-2025,1917,2025,,subnational,gadm-4.1-adm1,28097,no_reference,0,,0,,,,,,
MEX-NL-1824-2025,1824,2025,,subnational,gadm-4.1-adm1,64172,no_reference,0,,0,,,,,,
MEX-OAXACA-1824-2025,1824,2025,,subnational,gadm-4.1-adm1,92748,no_reference,0,,0,,,,,,
MEX-PUE-1824-2025,1824,2025,,subnational,gadm-4.1-adm1,34341,no_reference,0,,0,,,,,,
MEX-QROO-1902-2025,1902,2025,,subnational,gadm-4.1-adm1,43300,no_reference,0,,0,,,,,,
MEX-QUERETARO-1824-2025,1824,2025,,subnational,gadm-4.1-adm1,11693,no_reference,0,,0,,,,,,
MEX-SANLUISPOTOSI-1824-2025,1824,2025,,subnational,gadm-4.1-adm1,61143,no_reference,0,,0,,,,,,
MEX-SIN-1830-2025,1830,2025,,subnational,gadm-4.1-adm1,55593,no_reference,0,,0,,,,,,
MEX-SON-1830-2025,1830,2025,,subnational,gadm-4.1-adm1,180043,no_reference,0,,0,,,,,,
MEX-TABASCO-1824-2025,1824,2025,,subnational,gadm-4.1-adm1,24529,no_reference,0,,0,,,,,,
MEX-TAMAULIPAS-1824-2025,1824,2025,,subnational,gadm-4.1-adm1,78052,no_reference,0,,0,,,,,,
MEX-TLAX-1857-2025,1857,2025,,subnational,gadm-4.1-adm1,3987,no_reference,0,,0,,,,,,
MEX-VERACRUZ-1824-2025,1824,2025,,subnational,gadm-4.1-adm1,70976,no_reference,0,,0,,,,,,
MEX-YUC-1824-2025,1824,2025,,subnational,gadm-4.1-adm1,39449,no_reference,0,,0,,,,,,
MEX-ZAC-1824-2025,1824,2025,,subnational,gadm-4.1-adm1,75326,no_reference,0,,0,,,,,,
MHL-1874-2025,1874,2025,983,national,gadm-4.1-adm0,300,no_reference,0,,0,,,,,,
MKD-1991-2025,1991,2025,343,national,cshapes-2.0,25430,stable_where_covered,1,1991-2019,0,25461,25461,,,0.996,-0.12
MKY-1918-1962,1918,1962,679,national,cshapes-2.0,136644,no_reference,0,,0,,,,,,
MLI-1890-1960,1890,1960,432,national,cshapes-2.0,1736506,changed,5,1905-1959,1,1736746,1252292,1.186,1919;1932;1944;1947,0.999,-0.01
MLI-1960-2025,1960,2025,432,national,cshapes-2.0,1252088,stable_where_covered,1,1960-2019,0,1252292,1252292,,,0.999,-0.02
MLT-1800-2025,1800,2025,,national,cshapes-2.0,292,no_reference,0,,0,,,,,,
MMR-1800-1826,1800,1826,,national,cliopatria,797891,no_reference,0,,0,,,,,,
MMR-1826-1852,1826,1852,,national,cliopatria,552405,no_reference,0,,0,,,,,,
MMR-1852-1885,1852,1885,,national,cliopatria,436997,no_reference,0,,0,,,,,,
MMR-1885-2025,1885,2025,,national,cliopatria,675971,no_reference,0,,0,,,,,,
MMR-LWR-1852-1885,1852,1885,,colonial,constructed,115667,no_reference,0,,0,,,,,,
MNE-1878-1913,1878,1913,341,national,cshapes-europe,9944,stable_where_covered,1,1886-1912,0,9950,9950,,,0.982,-0.06
MNE-1913-1915,1913,1915,341,national,cshapes-2.0,9941,stable_confirmed,1,1913-1914,0,15907,15907,,,0.623,-37.5
MNE-1913-1918,1913,1918,341,national,cshapes-2.0,15922,stable_confirmed,1,1913-1917,1,15907,15907,,,0.994,0.09
MNE-2006-2025,2006,2025,341,national,cshapes-2.0,14010,stable_where_covered,1,2006-2019,0,14010,14010,,,0.995,-0.0
MNG-1911-1921,1911,1921,,national,cshapes-2.0,1563034,no_reference,0,,0,,,,,,
MNG-1921-2025,1921,2025,712,national,cshapes-2.0,1563034,stable_where_covered,1,1921-2019,0,1562924,1562924,,,0.999,0.01
MNP-1986-2025,1986,2025,,territory,gadm-4.1-adm0,503,no_reference,0,,0,,,,,,
MOR-1800-1904,1800,1904,,national,cliopatria,387611,no_reference,0,,0,,,,,,
MOR-1904-1911,1904,1911,,national,cliopatria,358068,no_reference,0,,0,,,,,,
MOR-1904-1956,1904,1956,,national,cshapes-2.0,374453,no_reference,0,,0,,,,,,
MOR-1956-1958,1956,1958,,national,cshapes-2.0,350268,no_reference,0,,0,,,,,,
MOS-1800-1897,1800,1897,,national,paine-2024,101614,no_reference,0,,0,,,,,,
MOZ-1800-1891,1800,1891,541,national,cshapes-2.0,633873,stable_where_covered,1,1886-1890,0,633866,633866,,,0.999,0.0
MOZ-1891-1975,1891,1975,541,national,cshapes-2.0,786364,stable_confirmed,1,1891-1974,0,786319,786319,,,0.998,0.01
MOZ-1975-2025,1975,2025,541,national,cshapes-2.0,786364,stable_where_covered,1,1975-2019,0,786319,786319,,,0.998,0.01
MRT-1920-1960,1920,1960,435,national,cshapes-2.0,826211,changed,2,1920-1959,0,826366,1038483,1.257,1944,0.999,-0.02
MRT-1960-1975,1960,1975,435,national,cshapes-2.0,1038075,stable_confirmed,1,1960-1974,0,1038483,1038483,,,0.999,-0.04
MRT-1975-1979,1975,1979,435,national,cshapes-2.0,1135925,stable_confirmed,1,1975-1978,0,1136257,1136257,,,0.999,-0.03
MRT-1979-2025,1979,2025,435,national,cshapes-2.0,1038075,stable_where_covered,1,1979-2019,0,1038483,1038483,,,0.999,-0.04
MSR-1800-2025,1800,2025,,national,gadm-4.1-adm0,101,no_reference,0,,0,,,,,,
MTQ-1816-2025,1816,2025,66,national,cshapes-2.0,1127,stable_where_covered,1,1886-2019,0,1148,1148,,,0.966,-1.84
MUS-1800-2025,1800,2025,590,national,cshapes-2.0,2106,stable_where_covered,1,1886-2019,1,2133,2133,,,0.987,-1.28
MWI-1891-1953,1891,1953,553,national,cshapes-2.0,118359,stable_confirmed,1,1891-1952,0,118484,118484,,,0.996,-0.11
MWI-1953-1964,1953,1964,553,national,cshapes-2.0,118359,no_reference,0,,0,,,,,,
MWI-1964-2025,1964,2025,553,national,cshapes-2.0,118359,stable_where_covered,1,1964-2019,0,118484,118484,,,0.996,-0.11
MYS-1946-1957,1946,1957,,national,cshapes-2.0,131452,no_reference,0,,0,,,,,,
MYS-1957-1963,1957,1963,820,national,cshapes-2.0,131452,stable_confirmed,1,1957-1962,0,131495,131495,,,0.996,-0.03
MYS-1963-1965,1963,1965,820,national,cshapes-2.0,328762,stable_confirmed,1,1963-1964,0,328936,328936,,,0.996,-0.05
MYS-1965-2025,1965,2025,820,national,cshapes-2.0,328230,stable_where_covered,1,1965-2019,0,328391,328391,,,0.996,-0.05
MYT-1800-2025,1800,2025,,territory,gadm-4.1-adm0,392,no_reference,0,,0,,,,,,
NAM-1884-1886,1884,1886,565,national,cshapes-2.0,824893,no_reference,0,,0,,,,,,
NAM-1886-1915,1886,1915,565,national,cshapes-2.0,824893,stable_confirmed,1,1886-1914,0,824759,824759,,,0.999,0.02
NAM-1915-1920,1915,1920,565,national,cshapes-2.0,824893,stable_confirmed,1,1915-1919,0,824759,824759,,,0.999,0.02
NAM-1920-1990,1920,1990,565,national,cshapes-2.0,824893,stable_confirmed,1,1920-1989,1,824759,824759,,,0.999,0.02
NAM-1990-2025,1990,2025,565,national,cshapes-2.0,824893,stable_where_covered,1,1990-2019,0,824759,824759,,,0.999,0.02
NAT-1843-1895,1843,1895,,national,cshapes-2.0,43583,no_reference,0,,0,,,,,,
NAT-1895-1910,1895,1910,,national,cshapes-2.0,72249,no_reference,0,,0,,,,,,
NCL-1800-2025,1800,2025,,national,gadm-4.1-adm0,18796,no_reference,0,,0,,,,,,
NDB-1823-1894,1823,1894,,national,paine-2024,33269,no_reference,0,,0,,,,,,
NER-1911-1922,1911,1922,436,national,cshapes-2.0,1181761,stable_confirmed,1,1911-1921,0,1182017,1182017,,,0.999,-0.02
NER-1922-1947,1922,1947,436,national,cshapes-2.0,1181761,changed,2,1922-1946,1,1182017,1259559,1.066,1932,0.999,-0.02
NER-1947-1960,1947,1960,436,national,cshapes-2.0,1181761,stable_confirmed,1,1947-1959,0,1182017,1182017,,,0.999,-0.02
NER-1960-2025,1960,2025,436,national,cshapes-2.0,1181761,stable_where_covered,1,1960-2019,0,1182017,1182017,,,0.999,-0.02
NFK-1914-2025,1914,2025,,territory,gadm-4.1-adm0,41,no_reference,0,,0,,,,,,
NFL-1800-1907,1800,1907,,colonial,cshapes-2.0,398115,no_reference,0,,0,,,,,,
NFL-1907-1949,1907,1949,21,national,cshapes-2.0,398115,stable_confirmed,1,1907-1948,0,398423,398423,,,0.995,-0.08
NGA-1886-1914,1886,1914,,national,cshapes-2.0,862491,no_reference,0,,0,,,,,,
NGA-1914-1960,1914,1960,475,national,cshapes-2.0,862491,stable_confirmed,1,1914-1959,0,862547,862547,,,0.999,-0.01
NGA-1960-1961,1960,1961,475,national,cshapes-2.0,862491,no_reference,0,,0,,,,,,
NGA-1961-2025,1961,2025,475,national,cshapes-2.0,908470,stable_where_covered,1,1961-2019,0,908494,908494,,,0.999,-0.0
NGBC-1916-1960,1916,1960,,aggregate,constructed,949950,no_reference,0,,0,,,,,,
NIC-1800-2025,1800,2025,93,national,cshapes-2.0,128077,stable_where_covered,1,1886-2019,0,128097,128097,,,0.997,-0.02
NIU-1800-2025,1800,2025,,territory,gadm-4.1-adm0,264,no_reference,0,,0,,,,,,
NKR-1800-1901,1800,1901,,national,paine-2024,13134,no_reference,0,,0,,,,,,
NLD-1800-1830,1800,1830,,national,cliopatria,71105,no_reference,0,,0,,,,,,
NLD-1830-2025,1830,2025,,national,cliopatria,38295,no_reference,0,,0,,,,,,
NNG-1949-1963,1949,1963,,colonial,cshapes-2.0,410399,no_reference,0,,0,,,,,,
NNI-1899-1904,1899,1904,385,national,cshapes-2.0,727178,no_reference,0,,0,,,,,,
NNI-1904-1913,1904,1913,385,national,cshapes-2.0,660437,reference_mismatch,1,1905-1912,0,320644,320644,,,0.0,105.97
NOR-1800-2025,1800,2025,385,national,cshapes-2.0,320132,stable_where_covered,1,1905-2019,0,320644,320644,,,0.992,-0.16
NPL-1800-1816,1800,1816,,national,cliopatria,179823,no_reference,0,,0,,,,,,
NPL-1816-2025,1816,2025,,national,cliopatria,148391,no_reference,0,,0,,,,,,
NRH-1911-1953,1911,1953,,colonial,cshapes-2.0,752073,no_reference,0,,0,,,,,,
NRH-1953-1964,1953,1964,551,national,cshapes-2.0,752073,no_reference,0,,0,,,,,,
NRU-1888-2025,1888,2025,970,national,gadm-4.1-adm0,22,no_reference,0,,0,,,,,,
NSW-1800-1901,1800,1901,,national,cshapes-2.0,799589,no_reference,0,,0,,,,,,
NUP-1800-1897,1800,1897,,national,none,,no_reference,0,,0,,,,,,
NWR-1900-1905,1900,1905,,national,cshapes-2.0,369613,no_reference,0,,0,,,,,,
NZL-1840-2025,1840,2025,920,national,cshapes-2.0,268690,stable_where_covered,1,1886-2019,1,268492,268492,,,0.995,0.07
OMN-1800-1856,1800,1856,,national,cliopatria,176188,no_reference,0,,0,,,,,,
OMN-1856-2025,1856,2025,,national,cliopatria,314239,no_reference,0,,0,,,,,,
OTT-1800-1886,1800,1886,640,national,cliopatria,2106441,no_reference,0,,0,,,,,,
OTT-1886-1908,1886,1908,640,national,cshapes-2.0,2823367,stable_confirmed,1,1886-1907,0,2823096,2823096,,,0.998,0.01
OTT-1908-1912,1908,1912,640,national,cshapes-2.0,2823367,stable_confirmed,1,1908-1911,0,2823096,2823096,,,0.998,0.01
OYO-1800-1836,1800,1836,,national,paine-2024,17858,no_reference,0,,0,,,,,,
PAK-1937-1947,1937,1947,770,national,cshapes-2.0,932577,no_reference,0,,0,,,,,,
PAK-1947-1949,1947,1949,770,national,cshapes-2.0,932577,stable_confirmed,1,1947-1948,0,932692,932692,,,0.998,-0.01
PAK-1949-1971,1949,1971,770,national,cshapes-2.0,1014357,stable_confirmed,1,1949-1970,2,1014381,1014381,,,0.998,-0.0
PAK-1971-2025,1971,2025,770,national,cshapes-2.0,876509,stable_where_covered,1,1971-2019,0,876534,876534,,,0.998,-0.0
PAK-WP-1949-1971,1949,1971,,subnational,constructed,876509,no_reference,0,,0,,,,,,
PAL-1920-1948,1920,1948,,national,cshapes-2.0,27009,no_reference,0,,0,,,,,,
PAN-1903-1979,1903,1979,95,national,cshapes-2.0,74050,stable_confirmed,1,1903-1978,0,74108,74108,,,0.993,-0.08
PAN-1979-2025,1979,2025,95,national,cshapes-2.0,74050,stable_where_covered,1,1979-2019,0,74108,74108,,,0.993,-0.08
PAP-1800-1870,1800,1870,327,national,cliopatria,39269,no_reference,0,,0,,,,,,
PAPNG-1920-1949,1920,1949,,aggregate,constructed,461618,no_reference,0,,0,,,,,,
PCN-1800-2025,1800,2025,,territory,gadm-4.1-adm0,54,no_reference,0,,0,,,,,,
PER-1825-1884,1825,1884,135,national,cshapes-2.0,1277593,no_reference,0,,0,,,,,,
PER-1825-1909,1825,1909,135,national,cshapes-2.0,1277593,stable_where_covered,1,1886-1908,0,1277690,1277690,,,0.999,-0.01
PER-1884-1909,1884,1909,135,national,cshapes-2.0,1277593,stable_where_covered,1,1886-1908,0,1277690,1277690,,,0.999,-0.01
PER-1909-1922,1909,1922,135,national,cshapes-2.0,1246141,stable_confirmed,1,1909-1921,0,1246182,1246182,,,0.999,-0.0
PER-1922-1942,1922,1942,135,national,cshapes-2.0,1204360,stable_confirmed,1,1922-1941,0,1204363,1204363,,,0.999,-0.0
PER-1942-2025,1942,2025,135,national,cshapes-2.0,1290852,stable_where_covered,1,1942-2019,0,1290854,1290854,,,0.999,-0.0
PHL-1800-2025,1800,2025,840,national,cshapes-2.0,291825,stable_where_covered,1,1886-2019,4,292048,292048,,,0.991,-0.08
PLW-1991-2025,1991,2025,986,national,gadm-4.1-adm0,481,no_reference,0,,0,,,,,,
PNG-1949-1975,1949,1975,,national,cshapes-2.0,461639,no_reference,0,,0,,,,,,
PNG-1975-2025,1975,2025,910,national,cshapes-2.0,461639,stable_where_covered,1,1975-2019,0,461689,461689,,,0.996,-0.01
PNV-1800-1882,1800,1882,,national,paine-2024,7092,no_reference,0,,0,,,,,,
POL-1815-1918,1815,1918,290,national,cshapes-2.0,130180,no_reference,0,,0,,,,,,
POL-1918-1919,1918,1919,290,national,cshapes-2.0,130180,no_reference,0,,0,,,,,,
POL-1919-1920,1919,1920,290,national,constructed,256627,no_reference,0,,0,,,,,,
POL-1920-1921,1920,1921,290,national,cshapes-2.0,284630,no_reference,0,,0,,,,,,
POL-1921-1945,1921,1945,290,national,cshapes-2.0,388370,stable_confirmed,1,1921-1944,0,388378,388378,,,0.998,-0.0
POL-1945-2025,1945,2025,290,national,cshapes-2.0,311828,stable_where_covered,1,1945-2019,0,311679,311679,,,0.998,0.05
PRI-1800-2025,1800,2025,,national,gadm-4.1-adm0,8973,no_reference,0,,0,,,,,,
PRK-1948-2025,1948,2025,731,national,cshapes-2.0,122300,stable_where_covered,1,1948-2019,0,122203,122203,,,0.997,0.08
PRT-1800-2025,1800,2025,235,national,cshapes-2.0,91805,stable_where_covered,1,1886-2019,0,91872,91872,,,0.994,-0.07
PRT-ALE-1986-2025,1986,2025,,subnational,eurostat-gisco-nuts2,31519,no_reference,0,,0,,,,,,
PRT-AV-1835-2025,1835,2025,,subnational,gadm-4.1-adm1,2740,no_reference,0,,0,,,,,,
PRT-BG-1835-2025,1835,2025,,subnational,gadm-4.1-adm1,6581,no_reference,0,,0,,,,,,
PRT-BJ-1835-2025,1835,2025,,subnational,gadm-4.1-adm1,10267,no_reference,0,,0,,,,,,
PRT-BRA-1835-2025,1835,2025,,subnational,gadm-4.1-adm1,2708,no_reference,0,,0,,,,,,
PRT-CB-1835-2025,1835,2025,,subnational,gadm-4.1-adm1,6631,no_reference,0,,0,,,,,,
PRT-CENTRO-1986-2025,1986,2025,,subnational,eurostat-gisco-nuts2,28191,no_reference,0,,0,,,,,,
PRT-CO-1835-2025,1835,2025,,subnational,gadm-4.1-adm1,3973,no_reference,0,,0,,,,,,
PRT-EV-1835-2025,1835,2025,,subnational,gadm-4.1-adm1,7400,no_reference,0,,0,,,,,,
PRT-FA-1835-2025,1835,2025,,subnational,gadm-4.1-adm1,4955,no_reference,0,,0,,,,,,
PRT-GU-1835-2025,1835,2025,,subnational,gadm-4.1-adm1,5556,no_reference,0,,0,,,,,,
PRT-LE-1835-2025,1835,2025,,subnational,gadm-4.1-adm1,3506,no_reference,0,,0,,,,,,
PRT-LI-1835-2025,1835,2025,,subnational,gadm-4.1-adm1,2765,no_reference,0,,0,,,,,,
PRT-LIS-1986-2025,1986,2025,,subnational,eurostat-gisco-nuts2,2860,no_reference,0,,0,,,,,,
PRT-PG-1835-2025,1835,2025,,subnational,gadm-4.1-adm1,6078,no_reference,0,,0,,,,,,
PRT-PO-1835-2025,1835,2025,,subnational,gadm-4.1-adm1,2325,no_reference,0,,0,,,,,,
PRT-PT11-1986-2025,1986,2025,,subnational,eurostat-gisco-nuts2,21267,no_reference,0,,0,,,,,,
PRT-PT15-1986-2025,1986,2025,,subnational,eurostat-gisco-nuts2,4961,no_reference,0,,0,,,,,,
PRT-SA-1835-2025,1835,2025,,subnational,gadm-4.1-adm1,6705,no_reference,0,,0,,,,,,
PRT-SE-1926-2025,1926,2025,,subnational,gadm-4.1-adm1,5050,no_reference,0,,0,,,,,,
PRT-VC-1835-2025,1835,2025,,subnational,gadm-4.1-adm1,2217,no_reference,0,,0,,,,,,
PRT-VI-1835-2025,1835,2025,,subnational,gadm-4.1-adm1,5030,no_reference,0,,0,,,,,,
PRT-VR-1835-2025,1835,2025,,subnational,gadm-4.1-adm1,4307,no_reference,0,,0,,,,,,
PRY-1811-1870,1811,1870,150,national,none,,no_reference,0,,0,,,,,,
PRY-1811-1938,1811,1938,150,national,cshapes-2.0,293547,stable_where_covered,1,1886-1937,0,293542,293542,,,0.998,0.0
PRY-1870-1932,1870,1932,150,national,cshapes-2.0,293547,stable_where_covered,1,1886-1931,0,293542,293542,,,0.998,0.0
PRY-1932-1938,1932,1938,150,national,cshapes-2.0,293547,stable_confirmed,1,1932-1937,0,293542,293542,,,0.998,0.0
PRY-1938-2025,1938,2025,150,national,cshapes-2.0,398816,stable_where_covered,1,1938-2019,0,398809,398809,,,0.999,0.0
PSE-1948-2025,1948,2025,,disputed,gadm-4.1-adm0,6209,no_reference,0,,0,,,,,,
PTIND-1816-1961,1816,1961,235,colonial,constructed,3779,reference_mismatch,1,1886-1960,0,91872,91872,,,0.0,-95.89
PYF-1800-2025,1800,2025,,national,gadm-4.1-adm0,4004,no_reference,0,,0,,,,,,
QAT-1800-2025,1800,2025,694,national,cshapes-2.0,11062,stable_where_covered,1,1916-2019,1,11089,11089,,,0.992,-0.24
QUE-1859-1901,1859,1901,,national,cshapes-2.0,1745198,no_reference,0,,0,,,,,,
RAFR-1850-2021,1850,2021,,aggregate,reporting-areas,,no_reference,0,,0,,,,,,
RAFR-1850-2025,1850,2025,,aggregate,reporting-areas,270926,no_reference,0,,0,,,,,,
RASI-1850-2021,1850,2021,,aggregate,reporting-areas,,no_reference,0,,0,,,,,,
RASI-1850-2025,1850,2025,,aggregate,reporting-areas,1139,no_reference,0,,0,,,,,,
REU-1816-1946,1816,1946,585,colonial,cshapes-2.0,2623,stable_where_covered,1,1886-1945,0,2642,2642,,,0.989,-0.72
REU-1946-2025,1946,2025,585,national,cshapes-2.0,2623,stable_where_covered,1,1946-2019,0,2642,2642,,,0.989,-0.72
REUR-1850-2021,1850,2021,,aggregate,reporting-areas,,no_reference,0,,0,,,,,,
REUR-1850-2025,1850,2025,,aggregate,reporting-areas,2211148,no_reference,0,,0,,,,,,
RLAM-1850-2013,1850,2013,,aggregate,reporting-areas,,no_reference,0,,0,,,,,,
RLAM-1850-2025,1850,2025,,aggregate,reporting-areas,22123,no_reference,0,,0,,,,,,
RNAM-1850-2021,1850,2021,,aggregate,reporting-areas,,no_reference,0,,0,,,,,,
RNAM-1850-2025,1850,2025,,aggregate,reporting-areas,268,no_reference,0,,0,,,,,,
ROCE-1850-2021,1850,2021,,aggregate,reporting-areas,,no_reference,0,,0,,,,,,
ROCE-1850-2025,1850,2025,,aggregate,reporting-areas,30423,no_reference,0,,0,,,,,,
ROU-1859-1913,1859,1913,360,national,cshapes-europe,128451,stable_where_covered,1,1886-1912,0,128499,128499,,,0.992,-0.04
ROU-1913-1918,1913,1918,360,national,cshapes-2.0,136202,stable_confirmed,1,1913-1917,1,136186,136186,,,0.997,0.01
ROU-1918-1919,1918,1919,360,national,cshapes-2.0,296126,no_reference,0,,0,,,,,,
ROU-1919-1920,1919,1920,360,national,cshapes-2.0,141305,no_reference,0,,0,,,,,,
ROU-1920-1940,1920,1940,360,national,cshapes-2.0,296126,stable_confirmed,1,1920-1939,0,296087,296087,,,0.999,0.01
ROU-1940-1947,1940,1947,360,national,constructed,193832,stable_confirmed,1,1940-1946,0,237379,237379,,,0.815,-18.34
ROU-1940-2025,1940,2025,360,national,cshapes-2.0,245035,stable_where_covered,1,1940-2019,0,237379,237379,,,0.967,3.23
ROU-1947-2025,1947,2025,360,national,cshapes-2.0,237353,stable_where_covered,1,1947-2019,0,237379,237379,,,0.998,-0.01
ROW-1850-2023,1850,2023,,aggregate,reporting-areas,,no_reference,0,,0,,,,,,
ROW-1850-2025,1850,2025,,aggregate,reporting-areas,2570942,no_reference,0,,0,,,,,,
RSFSR-1917-1991,1917,1991,365,national,cshapes-2.0,21824149,changed,4,1918-1990,0,21405134,22065965,1.013,1921;1940;1945,0.96,1.96
RUS-1991-2014,1991,2014,365,national,cshapes-2.0,16882066,stable_confirmed,1,1991-2013,0,16882578,16882578,,,0.999,-0.0
RUS-2014-2025,2014,2025,365,national,cshapes-2.0,16907953,stable_where_covered,1,2014-2019,0,16908414,16908414,,,0.999,-0.0
RVN-1954-1975,1954,1975,817,national,cshapes-2.0,168502,stable_confirmed,1,1954-1974,0,168562,168562,,,0.996,-0.04
RWA-1922-1962,1922,1962,,subnational,cshapes-2.0,25186,no_reference,0,,0,,,,,,
RWA-1962-2025,1962,2025,517,national,cshapes-2.0,25186,stable_where_covered,1,1962-2019,0,25138,25138,,,0.994,0.19
RWB-1919-1922,1919,1922,,national,none,,no_reference,0,,0,,,,,,
RWB-1922-1962,1922,1962,515,national,cshapes-2.0,52351,stable_confirmed,1,1922-1961,0,52326,52326,,,0.996,0.05
RWK-1800-1890,1800,1890,,national,paine-2024,25176,no_reference,0,,0,,,,,,
RYU-1937-1945,1937,1945,,subnational,gadm-4.1-adm1,2337,no_reference,0,,0,,,,,,
RYU-1945-1972,1945,1972,,national,gadm-4.1-adm1,2337,no_reference,0,,0,,,,,,
SAA-1947-1957,1947,1957,,national,gadm-4.1-adm1,2565,no_reference,0,,0,,,,,,
SAB-1920-1935,1920,1935,,colonial,none,,no_reference,0,,0,,,,,,
SAC-1935-1947,1935,1947,,national,none,,no_reference,0,,0,,,,,,
SAR-1800-1860,1800,1860,325,national,cliopatria,77962,no_reference,0,,0,,,,,,
SAU-1924-2025,1924,2025,670,national,cshapes-2.0,1954367,changed,2,1932-2019,1,1954496,1924636,1.016,2000,1.0,-0.01
SBZ-1938-1949,1938,1949,265,national,cshapes-2.0,109271,stable_where_covered,1,1945-1948,0,109254,109254,,,0.997,0.02
SCG-1992-2006,1992,2006,,national,cshapes-2.0,101959,no_reference,0,,0,,,,,,
SCG-XK-1999-2006,1999,2006,,subnational,constructed,91240,no_reference,0,,0,,,,,,
SDN-2011-2025,2011,2025,625,national,cshapes-2.0,1859556,stable_where_covered,1,2011-2019,0,1859620,1859620,,,0.999,-0.0
SEN-1854-1886,1854,1886,,national,cshapes-2.0,196150,no_reference,0,,0,,,,,,
SEN-1886-1960,1886,1960,433,national,cshapes-2.0,196150,stable_confirmed,1,1886-1959,0,195996,195996,,,0.997,0.08
SEN-1960-2025,1960,2025,433,national,cshapes-2.0,196150,stable_where_covered,1,1960-2019,0,195996,195996,,,0.997,0.08
SER-1816-1878,1816,1878,,national,cliopatria,,no_reference,0,,0,,,,,,
SER-1816-1913,1816,1913,,national,cshapes-2.0,52539,no_reference,0,,0,,,,,,
SER-1878-1913,1878,1913,345,national,cshapes-2.0,52539,no_reference,0,,0,,,,,,
SER-1913-1918,1913,1918,,national,cshapes-europe,90538,no_reference,0,,0,,,,,,
SER-1918-1945,1918,1945,,subnational,cshapes-europe,90538,no_reference,0,,0,,,,,,
SER-2006-2008,2006,2008,,national,cshapes-2.0,101959,no_reference,0,,0,,,,,,
SGP-1946-1963,1946,1963,830,colonial,cshapes-2.0,545,stable_confirmed,1,1946-1962,0,545,545,,,1.0,-0.08
SGP-1963-1965,1963,1965,,subnational,cshapes-2.0,545,no_reference,0,,0,,,,,,
SGP-1965-2025,1965,2025,830,national,cshapes-2.0,545,stable_where_covered,1,1965-2019,0,545,545,,,1.0,-0.08
SGS-1800-2025,1800,2025,,territory,gadm-4.1-adm0,4052,no_reference,0,,0,,,,,,
SHN-1834-1967,1834,1967,,colonial,gadm-4.1-adm1,123,no_reference,0,,0,,,,,,
SLB-1800-2025,1800,2025,940,national,gadm-4.1-adm0,28051,changed,2,1893-2019,2,19641,26861,1.368,1899,0.599,42.82
SLE-1800-1886,1800,1886,451,national,cshapes-2.0,72503,no_reference,0,,0,,,,,,
SLE-1886-1889,1886,1889,451,national,cshapes-2.0,83131,stable_confirmed,1,1886-1888,0,83202,83202,,,0.993,-0.09
SLE-1889-1961,1889,1961,451,national,cshapes-2.0,72503,stable_confirmed,1,1889-1960,1,72479,72479,,,0.996,0.03
SLE-1961-2025,1961,2025,451,national,cshapes-2.0,72503,stable_where_covered,1,1961-2019,0,72479,72479,,,0.996,0.03
SLM-1800-1887,1800,1887,,national,paine-2024,16999,no_reference,0,,0,,,,,,
SLV-1821-2025,1821,2025,92,national,cshapes-2.0,20558,stable_where_covered,1,1886-2019,0,20556,20556,,,0.992,0.01
SMO-1912-1956,1912,1956,,national,cshapes-2.0,52792,no_reference,0,,0,,,,,,
SMR-1800-2025,1800,2025,,national,gadm-4.1-adm0,61,no_reference,0,,0,,,,,,
SNE-1800-1887,1800,1887,,national,paine-2024,17418,no_reference,0,,0,,,,,,
SNI-1899-1906,1899,1906,,national,cshapes-2.0,130457,no_reference,0,,0,,,,,,
SNI-1906-1913,1906,1913,,national,cshapes-2.0,202245,no_reference,0,,0,,,,,,
SNW-1814-1905,1814,1905,380,national,cshapes-europe,765831,stable_where_covered,1,1886-1904,0,766623,766623,,,0.99,-0.1
SOK-1804-1903,1804,1903,,national,paine-2024,644061,no_reference,0,,0,,,,,,
SOM-1960-2025,1960,2025,520,national,cshapes-2.0,635882,stable_where_covered,1,1960-2019,0,636242,636242,,,0.998,-0.06
SPM-1816-2025,1816,2025,,colonial,gadm-4.1-adm0,230,no_reference,0,,0,,,,,,
SRB-2006-2008,2006,2008,345,national,cshapes-2.0,87993,no_reference,0,,0,,,,,,
SRB-2008-2025,2008,2025,345,national,cshapes-2.0,77251,no_reference,0,,0,,,,,,
SRB-XK-2006-2008,2006,2008,,subnational,constructed,77242,no_reference,0,,0,,,,,,
SRH-1953-1964,1953,1964,552,national,cshapes-2.0,389716,no_reference,0,,0,,,,,,
SSD-2011-2025,2011,2025,626,national,cshapes-2.0,627258,stable_where_covered,1,2011-2019,0,627318,627318,,,0.999,-0.01
SSM-1914-1945,1914,1945,,aggregate,constructed,2026,no_reference,0,,0,,,,,,
STP-1800-2025,1800,2025,403,national,gadm-4.1-adm0,1012,no_reference,0,,0,,,,,,
SUD-1899-1934,1899,1934,,national,cshapes-2.0,2580014,no_reference,0,,0,,,,,,
SUD-1934-1956,1934,1956,,national,cshapes-2.0,2486812,no_reference,0,,0,,,,,,
SUD-1956-2011,1956,2011,,national,cshapes-2.0,2486812,no_reference,0,,0,,,,,,
SUR-1800-1886,1800,1886,,colonial,cshapes-2.0,144982,no_reference,0,,0,,,,,,
SUR-1886-1954,1886,1954,115,national,cshapes-2.0,144982,stable_confirmed,1,1886-1953,0,144985,144985,,,0.997,-0.0
SUR-1954-1975,1954,1975,115,national,cshapes-2.0,144982,stable_confirmed,1,1954-1974,0,144985,144985,,,0.997,-0.0
SUR-1975-2025,1975,2025,115,national,cshapes-2.0,144982,stable_where_covered,1,1975-2019,0,144985,144985,,,0.997,-0.0
SVK-1993-2025,1993,2025,317,national,cshapes-2.0,48943,stable_where_covered,1,1993-2019,0,48927,48927,,,0.996,0.03
SVN-1992-2025,1992,2025,349,national,cshapes-2.0,20401,stable_where_covered,1,1992-2019,0,20426,20426,,,0.994,-0.12
SWA-1884-1912,1884,1912,,national,cshapes-2.0,176369,no_reference,0,,0,,,,,,
SWA-1912-1958,1912,1958,,national,cshapes-2.0,269194,no_reference,0,,0,,,,,,
SWE-1800-1809,1800,1809,380,national,gadm-4.1-adm0,449297,no_reference,0,,0,,,,,,
SWE-1809-1814,1809,1814,380,national,gadm-4.1-adm0,449297,no_reference,0,,0,,,,,,
SWE-1814-1905,1814,1905,380,national,gadm-4.1-adm0,449297,stable_where_covered,1,1886-1904,0,766623,766623,,,0.574,-41.39
SWE-1905-2025,1905,2025,380,national,cshapes-2.0,445909,stable_where_covered,1,1905-2019,0,445979,445979,,,0.998,-0.02
SWK-1800-1894,1800,1894,,national,paine-2024,22366,no_reference,0,,0,,,,,,
SWZ-1894-2025,1894,2025,572,national,cshapes-2.0,17103,stable_where_covered,1,1895-2019,2,17111,17111,,,0.997,-0.04
SXM-2010-2025,2010,2025,,territory,gadm-4.1-adm0,38,no_reference,0,,0,,,,,,
SYC-1903-2025,1903,2025,591,national,gadm-4.1-adm0,488,no_reference,0,,0,,,,,,
SYL-1920-1944,1920,1944,,aggregate,constructed,198309,no_reference,0,,0,,,,,,
SYL-1944-1953,1944,1953,,aggregate,constructed,198309,no_reference,0,,0,,,,,,
SYR-1920-1922,1920,1922,,national,cshapes-2.0,188105,no_reference,0,,0,,,,,,
SYR-1922-1946,1922,1946,652,national,cshapes-2.0,188105,stable_confirmed,1,1922-1945,0,188004,188004,,,0.998,0.05
SYR-1946-1967,1946,1967,652,national,cshapes-2.0,188105,stable_confirmed,1,1946-1966,0,188004,188004,,,0.998,0.05
SYR-1967-2025,1967,2025,652,national,cshapes-2.0,187000,stable_where_covered,1,1967-2019,0,186892,186892,,,0.998,0.06
TAN-1891-1920,1891,1920,,national,cshapes-2.0,991218,no_reference,0,,0,,,,,,
TAN-1920-1922,1920,1922,,national,cshapes-2.0,938880,no_reference,0,,0,,,,,,
TAN-1922-1964,1922,1961,,national,cshapes-2.0,938880,no_reference,0,,0,,,,,,
TAS-1825-1901,1825,1901,,national,cshapes-2.0,68132,no_reference,0,,0,,,,,,
TCA-1800-2025,1800,2025,,territory,gadm-4.1-adm0,974,no_reference,0,,0,,,,,,
TCD-1900-1912,1900,1912,,national,cshapes-2.0,1271822,no_reference,0,,0,,,,,,
TCD-1912-1919,1912,1919,,national,cshapes-2.0,1220889,no_reference,0,,0,,,,,,
TCD-1919-1960,1919,1960,483,national,cshapes-2.0,1271822,stable_where_covered,1,1920-1959,0,1271888,1271888,,,0.999,-0.01
TCD-1960-2025,1960,2025,483,national,cshapes-2.0,1271822,stable_where_covered,1,1960-2019,0,1271888,1271888,,,0.999,-0.01
TGO-1960-2025,1960,2025,461,national,cshapes-2.0,57137,stable_where_covered,1,1960-2019,0,57094,57094,,,0.995,0.08
THA-1800-1893,1800,1893,800,national,cshapes-2.0,778462,stable_where_covered,1,1886-1892,0,778578,778578,,,0.998,-0.01
THA-1893-1904,1893,1904,800,national,cshapes-2.0,604164,stable_confirmed,1,1893-1903,0,604305,604305,,,0.997,-0.02
THA-1904-1907,1904,1907,800,national,cshapes-2.0,585491,stable_confirmed,1,1904-1906,0,585590,585590,,,0.998,-0.02
THA-1907-1909,1907,1909,800,national,cshapes-2.0,552707,stable_confirmed,1,1907-1908,0,552812,552812,,,0.997,-0.02
THA-1909-2025,1909,2025,800,national,cshapes-2.0,512149,stable_where_covered,1,1909-2019,0,512205,512205,,,0.998,-0.01
TJK-1991-2025,1991,2025,702,national,cshapes-2.0,142363,stable_where_covered,1,1991-2019,0,142405,142405,,,0.996,-0.03
TKL-1800-2025,1800,2025,,territory,gadm-4.1-adm0,16,no_reference,0,,0,,,,,,
TKM-1991-2025,1991,2025,701,national,cshapes-2.0,471617,stable_where_covered,1,1991-2019,0,471678,471678,,,0.998,-0.01
TLS-1800-2025,1800,2025,860,national,cshapes-2.0,14978,stable_where_covered,1,1886-2019,1,15024,15024,,,0.986,-0.31
TNGU-1920-1949,1920,1949,912,colonial,cshapes-2.0,237462,stable_confirmed,1,1920-1948,0,237536,237536,,,0.995,-0.03
TNGU-1949-1975,1949,1975,,subnational,cshapes-2.0,237462,no_reference,0,,0,,,,,,
TON-1800-2025,1800,2025,955,national,gadm-4.1-adm0,757,no_reference,0,,0,,,,,,
TPAP-1906-1949,1906,1949,911,colonial,cshapes-2.0,224156,stable_confirmed,1,1906-1948,1,224148,224148,,,0.996,0.0
TPAP-1949-1975,1949,1975,,subnational,cshapes-2.0,224156,no_reference,0,,0,,,,,,
TRP-1943-1951,1943,1951,620,national,constructed,314551,reference_mismatch,1,1943-1950,1,1617564,1617564,,,0.194,-80.55
TRS-1947-1954,1947,1954,,national,constructed,,no_reference,0,,0,,,,,,
TTO-1800-2025,1800,2025,52,national,cshapes-2.0,4953,stable_where_covered,1,1886-2019,1,4996,4996,,,0.976,-0.87
TTPI-1947-1994,1947,1994,,colonial,constructed,2026,no_reference,0,,0,,,,,,
TUN-1800-1881,1800,1881,616,national,cshapes-2.0,155471,no_reference,0,,0,,,,,,
TUN-1881-2025,1881,2025,616,national,cshapes-2.0,155471,stable_where_covered,1,1886-2019,1,155359,155359,,,0.997,0.07
TUR-1800-1913,1800,1913,640,national,cshapes-2.0,780180,reference_mismatch,1,1886-1912,0,2823096,2823096,,,0.264,-72.36
TUR-1913-1914,1913,1914,640,national,constructed,1784775,no_reference,0,,0,,,,,,
TUR-1914-1918,1914,1918,640,national,cshapes-2.0,1705971,stable_confirmed,1,1914-1917,0,1705783,1705783,,,0.998,0.01
TUR-1918-1920,1918,1920,640,national,cshapes-2.0,1657674,stable_confirmed,1,1918-1919,0,1657471,1657471,,,0.998,0.01
TUR-1920-2025,1920,2025,640,national,cshapes-2.0,780180,stable_where_covered,1,1920-2019,1,779964,779964,,,0.998,0.03
TUS-1800-1860,1800,1860,337,national,cliopatria,24632,no_reference,0,,0,,,,,,
TUV-1800-2025,1800,2025,947,national,gadm-4.1-adm0,42,no_reference,0,,0,,,,,,
TWN-1895-1945,1895,1945,,colonial,cshapes-2.0,35994,no_reference,0,,0,,,,,,
TWN-1945-2025,1945,2025,713,national,cshapes-2.0,35994,stable_where_covered,1,1949-2019,0,35990,35990,,,0.995,0.01
TWO-1800-1860,1800,1860,329,national,cliopatria,91427,no_reference,0,,0,,,,,,
TZA-1961-1964,1961,1964,510,national,cshapes-2.0,938880,stable_confirmed,1,1961-1963,0,938770,938770,,,0.999,0.01
TZA-1964-2025,1964,2025,510,national,cshapes-2.0,941466,stable_where_covered,1,1964-2019,0,941361,941361,,,0.999,0.01
UGA-1894-1902,1894,1902,500,national,cshapes-2.0,381305,stable_confirmed,1,1894-1901,0,381359,381359,,,0.999,-0.01
UGA-1902-1910,1902,1910,500,national,cshapes-2.0,268956,stable_confirmed,1,1902-1909,0,268930,268930,,,0.999,0.01
UGA-1910-1926,1910,1926,500,national,cshapes-2.0,282481,stable_confirmed,1,1910-1925,1,282509,282509,,,0.999,-0.01
UGA-1926-1962,1926,1962,500,national,cshapes-2.0,242015,stable_confirmed,1,1926-1961,0,242080,242080,,,0.999,-0.03
UGA-1962-2025,1962,2025,500,national,cshapes-2.0,242015,stable_where_covered,1,1962-2019,0,242080,242080,,,0.999,-0.03
UKR-1991-2014,1991,2014,369,national,cshapes-2.0,597627,stable_confirmed,1,1991-2013,0,597501,597501,,,0.998,0.02
UKR-2014-2025,2014,2025,369,national,cshapes-2.0,571739,stable_where_covered,1,2014-2019,0,571665,571665,,,0.998,0.01
URY-1828-2025,1828,2025,165,national,cshapes-2.0,177866,stable_where_covered,1,1886-2019,0,177857,177857,,,0.998,0.01
USA-1800-1803,1800,1803,2,national,constructed,2322187,no_reference,0,,0,,,,,,
USA-1803-1848,1803,1848,2,national,constructed,4760947,no_reference,0,,0,,,,,,
USA-1848-1867,1848,1867,2,national,cshapes-2.0,7939540,no_reference,0,,0,,,,,,
USA-1867-1959,1867,1959,2,national,cshapes-2.0,9445313,stable_where_covered,1,1886-1958,0,7939971,7939971,,,0.84,18.96
USA-1959-2025,1959,2025,2,national,cshapes-2.0,9461947,stable_where_covered,1,1959-2019,0,9462898,9462898,,,0.999,-0.01
USA-AK-1959-2025,1959,2025,,subnational,gadm-4.1-adm1,1505729,no_reference,0,,0,,,,,,
USA-AL-1819-2025,1819,2025,,subnational,gadm-4.1-adm1,133412,no_reference,0,,0,,,,,,
USA-AR-1836-2025,1836,2025,,subnational,gadm-4.1-adm1,137645,no_reference,0,,0,,,,,,
USA-AZ-1863-2025,1863,2025,,subnational,gadm-4.1-adm1,295366,no_reference,0,,0,,,,,,
USA-CO-1876-2025,1876,2025,,subnational,gadm-4.1-adm1,269780,no_reference,0,,0,,,,,,
USA-COT-1861-1876,1861,1876,,subnational,gadm-4.1-adm1,269780,no_reference,0,,0,,,,,,
USA-CT-1800-2025,1800,2025,,subnational,gadm-4.1-adm1,12858,no_reference,0,,0,,,,,,
USA-DE-1800-2025,1800,2025,,subnational,gadm-4.1-adm1,5221,no_reference,0,,0,,,,,,
USA-FL-1845-2025,1845,2025,,subnational,gadm-4.1-adm1,147181,no_reference,0,,0,,,,,,
USA-GA-1800-2025,1800,2025,,subnational,gadm-4.1-adm1,152424,no_reference,0,,0,,,,,,
USA-IA-1846-2025,1846,2025,,subnational,gadm-4.1-adm1,145675,no_reference,0,,0,,,,,,
USA-ID-1890-2025,1890,2025,,subnational,gadm-4.1-adm1,216440,no_reference,0,,0,,,,,,
USA-IDT-1868-1890,1868,1890,,subnational,gadm-4.1-adm1,216440,no_reference,0,,0,,,,,,
USA-IL-1818-2025,1818,2025,,subnational,gadm-4.1-adm1,150139,no_reference,0,,0,,,,,,
USA-IN-1816-2025,1816,2025,,subnational,gadm-4.1-adm1,94247,no_reference,0,,0,,,,,,
USA-KS-1861-2025,1861,2025,,subnational,gadm-4.1-adm1,213343,no_reference,0,,0,,,,,,
USA-KY-1800-2025,1800,2025,,subnational,gadm-4.1-adm1,104480,no_reference,0,,0,,,,,,
USA-LA-1812-2025,1812,2025,,subnational,gadm-4.1-adm1,120583,no_reference,0,,0,,,,,,
USA-MA-1800-2025,1800,2025,,subnational,gadm-4.1-adm1,20976,no_reference,0,,0,,,,,,
USA-MD-1800-2025,1800,2025,,subnational,gadm-4.1-adm1,25496,no_reference,0,,0,,,,,,
USA-ME-1820-2025,1820,2025,,subnational,gadm-4.1-adm1,84056,no_reference,0,,0,,,,,,
USA-MI-1837-2025,1837,2025,,subnational,gadm-4.1-adm1,250148,no_reference,0,,0,,,,,,
USA-MN-1858-2025,1858,2025,,subnational,gadm-4.1-adm1,225330,no_reference,0,,0,,,,,,
USA-MO-1821-2025,1821,2025,,subnational,gadm-4.1-adm1,180651,no_reference,0,,0,,,,,,
USA-MS-1817-2025,1817,2025,,subnational,gadm-4.1-adm1,123586,no_reference,0,,0,,,,,,
USA-MT-1889-2025,1889,2025,,subnational,gadm-4.1-adm1,380922,no_reference,0,,0,,,,,,
USA-MTT-1864-1889,1864,1889,,subnational,gadm-4.1-adm1,380922,no_reference,0,,0,,,,,,
USA-NC-1800-2025,1800,2025,,subnational,gadm-4.1-adm1,127771,no_reference,0,,0,,,,,,
USA-ND-1889-2025,1889,2025,,subnational,gadm-4.1-adm1,183247,no_reference,0,,0,,,,,,
USA-NE-1867-2025,1867,2025,,subnational,gadm-4.1-adm1,200417,no_reference,0,,0,,,,,,
USA-NET-1863-1867,1863,1867,,subnational,gadm-4.1-adm1,200417,no_reference,0,,0,,,,,,
USA-NH-1800-2025,1800,2025,,subnational,gadm-4.1-adm1,23996,no_reference,0,,0,,,,,,
USA-NJ-1800-2025,1800,2025,,subnational,gadm-4.1-adm1,19675,no_reference,0,,0,,,,,,
USA-NM-1912-2025,1912,2025,,subnational,gadm-4.1-adm1,315212,no_reference,0,,0,,,,,,
USA-NMT-1863-1912,1863,1912,,subnational,gadm-4.1-adm1,315212,no_reference,0,,0,,,,,,
USA-NV-1864-2025,1864,2025,,subnational,gadm-4.1-adm1,286561,no_reference,0,,0,,,,,,
USA-NY-1800-2025,1800,2025,,subnational,gadm-4.1-adm1,135176,no_reference,0,,0,,,,,,
USA-OH-1803-2025,1803,2025,,subnational,gadm-4.1-adm1,120053,no_reference,0,,0,,,,,,
USA-OK-1907-2025,1907,2025,,subnational,gadm-4.1-adm1,181150,no_reference,0,,0,,,,,,
USA-OR-1859-2025,1859,2025,,subnational,gadm-4.1-adm1,251380,no_reference,0,,0,,,,,,
USA-PA-1800-2025,1800,2025,,subnational,gadm-4.1-adm1,117212,no_reference,0,,0,,,,,,
USA-RI-1790-2025,1790,2025,,subnational,gadm-4.1-adm1,2858,no_reference,0,,0,,,,,,
USA-SC-1800-2025,1800,2025,,subnational,gadm-4.1-adm1,79863,no_reference,0,,0,,,,,,
USA-SOUTHDAKOTA-1889-2025,1889,2025,,subnational,gadm-4.1-adm1,199492,no_reference,0,,0,,,,,,
USA-TN-1800-2025,1800,2025,,subnational,gadm-4.1-adm1,109172,no_reference,0,,0,,,,,,
USA-TX-1845-2025,1845,2025,,subnational,gadm-4.1-adm1,685911,no_reference,0,,0,,,,,,
USA-UTAH-1896-2025,1896,2025,,subnational,gadm-4.1-adm1,219833,no_reference,0,,0,,,,,,
USA-UTT-1868-1896,1868,1896,,subnational,gadm-4.1-adm1,219833,no_reference,0,,0,,,,,,
USA-VA-1800-2025,1800,2025,,subnational,gadm-4.1-adm1,103417,no_reference,0,,0,,,,,,
USA-VT-1800-2025,1800,2025,,subnational,gadm-4.1-adm1,24983,no_reference,0,,0,,,,,,
USA-WA-1889-2025,1889,2025,,subnational,gadm-4.1-adm1,174901,no_reference,0,,0,,,,,,
USA-WAT-1863-1889,1863,1889,,subnational,gadm-4.1-adm1,174901,no_reference,0,,0,,,,,,
USA-WI-1848-2025,1848,2025,,subnational,gadm-4.1-adm1,169330,no_reference,0,,0,,,,,,
USA-WV-1863-2025,1863,2025,,subnational,gadm-4.1-adm1,62736,no_reference,0,,0,,,,,,
USA-WY-1890-2025,1890,2025,,subnational,gadm-4.1-adm1,253355,no_reference,0,,0,,,,,,
USA-WYT-1868-1890,1868,1890,,subnational,gadm-4.1-adm1,253355,no_reference,0,,0,,,,,,
UZB-1991-2025,1991,2025,704,national,cshapes-2.0,446367,stable_where_covered,1,1991-2019,0,446591,446591,,,0.998,-0.05
VAT-1929-2025,1929,2025,,national,gadm-4.1-adm0,1,no_reference,0,,0,,,,,,
VCT-1800-1833,1800,1833,,national,gadm-4.1-adm0,391,no_reference,0,,0,,,,,,
VCT-1833-2025,1833,2025,57,national,gadm-4.1-adm0,391,no_reference,0,,0,,,,,,
VEN-1830-2025,1830,2025,101,national,cshapes-2.0,910634,stable_where_covered,1,1886-2019,0,910834,910834,,,0.998,-0.02
VGB-1800-2025,1800,2025,,national,gadm-4.1-adm0,168,no_reference,0,,0,,,,,,
VIC-1851-1901,1851,1901,,national,cshapes-2.0,238319,no_reference,0,,0,,,,,,
VIR-1917-2025,1917,2025,,colonial,gadm-4.1-adm0,367,no_reference,0,,0,,,,,,
VNM-1887-1954,1887,1954,815,national,cshapes-2.0,324094,changed,2,1887-1953,0,379848,324216,1.172,1893,0.851,-14.68
VNM-1975-2025,1975,2025,816,national,cshapes-2.0,324094,stable_where_covered,1,1975-2019,0,324216,324216,,,0.996,-0.04
VNM-TON-1887-1945,1887,1945,,subnational,constructed,115832,no_reference,0,,0,,,,,,
VUT-1800-2025,1800,2025,935,national,gadm-4.1-adm0,12181,no_reference,0,,0,,,,,,
WAD-1800-1912,1800,1912,,national,paine-2024,362774,no_reference,0,,0,,,,,,
WBK-1950-1967,1950,1967,6631,colonial,cshapes-2.0,5847,stable_confirmed,1,1950-1966,0,5871,5871,,,0.985,-0.41
WBL-1949-1990,1949,1990,,city-territory,cshapes-2.0,,no_reference,0,,0,,,,,,
WIN-1833-1960,1833,1960,,colonial,constructed,2121,no_reference,0,,0,,,,,,
WLF-1800-2025,1800,2025,,territory,gadm-4.1-adm0,156,no_reference,0,,0,,,,,,
WLO-1800-1855,1800,1855,,national,paine-2024,7283,no_reference,0,,0,,,,,,
WSM-1900-2025,1900,2025,990,national,gadm-4.1-adm0,2835,no_reference,0,,0,,,,,,
WZO-1938-1949,1938,1949,260,national,cshapes-2.0,247552,stable_where_covered,1,1945-1948,0,247663,247663,,,0.998,-0.04
YEM-1990-2025,1990,2025,678,national,cshapes-2.0,453595,changed,2,1990-2019,0,423691,453550,1.07,2000,0.933,7.06
ZAF-1910-2025,1910,2025,560,national,cshapes-2.0,1220223,stable_where_covered,1,1910-2019,0,1220229,1220229,,,0.999,-0.0
ZMB-1964-2025,1964,2025,551,national,cshapes-2.0,752073,stable_where_covered,1,1964-2019,0,751924,751924,,,0.999,0.02
ZNZ-1890-1963,1890,1963,,national,cshapes-2.0,2587,no_reference,0,,0,,,,,,
ZUL-1816-1879,1816,1879,,national,paine-2024,34595,no_reference,0,,0,,,,,,
ZWE-1890-1891,1890,1891,552,national,cshapes-2.0,389716,no_reference,0,,0,,,,,,
ZWE-1891-1900,1891,1900,552,national,cshapes-2.0,1044886,stable_confirmed,1,1891-1899,0,1044858,1044858,,,0.999,0.0
ZWE-1900-1953,1900,1953,552,national,cshapes-2.0,389716,stable_confirmed,1,1900-1952,0,389853,389853,,,0.999,-0.04
ZWE-1964-1980,1964,1980,552,national,cshapes-2.0,389716,stable_confirmed,1,1964-1979,1,389853,389853,,,0.999,-0.04
ZWE-1980-2025,1980,2025,552,national,cshapes-2.0,389716,stable_where_covered,1,1980-2019,0,389853,389853,,,0.999,-0.04
