whep_code,item,unit,year,n_rows,n_distinct,n_labels,n_sources,verdict,composition,v_min,v_max,published_mean,ratio_mean_max,labels,sources
AEF-1910-1960,horses mules asses,1000 heads,1939,2,2,1,1,values_differ,one_label_one_source,31,61,46,0.754098,French Equat Africa,fao1952
AEF-1910-1960,horses mules asses,1000 heads,1949,2,2,1,1,values_differ,one_label_one_source,66,104,85,0.817308,French Equat Africa,fao1952
AEF-1910-1960,horses mules asses,1000 heads,1950,2,2,1,1,values_differ,one_label_one_source,62,104,83,0.798077,French Equat Africa,fao1952
AEF-1910-1960,horses mules asses,1000 heads,1951,2,2,1,1,values_differ,one_label_one_source,66,98,82,0.836735,French Equat Africa,fao1952
AEF-1910-1960,other meat,1000 tonnes,1948,2,2,1,1,values_differ,one_label_one_source,0.2,1,0.6,0.6,French Equat Africa,fao1952
AFG-1919-2025,horses mules asses,1000 heads,1949,3,3,1,1,values_differ,one_label_one_source,200,1000,566.666667,0.566667,Afghanistan,fao1952
ALB-1913-2025,horses mules asses,1000 heads,1938,3,3,1,1,values_differ,one_label_one_source,10,54,36.333333,0.67284,Albania,fao1952
ALB-1913-2025,r_fao_population_1952_10_18,1000 people,1937,2,2,1,1,values_differ,one_label_one_source,800,1030,915,0.88835,Albania,fao1952
ALK-1867-1959,other meat,1000 tonnes,1950,2,2,1,1,values_differ,one_label_one_source,0.1,0.3,0.2,0.666667,Alaska,fao1952
ALK-1867-1959,other meat,1000 tonnes,1951,2,2,1,1,values_differ,one_label_one_source,0.1,0.3,0.2,0.666667,Alaska,fao1952
ALK-1867-1959,r_fao_population_1952_10_18,1000 people,1951,2,2,1,1,values_differ,one_label_one_source,2,140,71,0.507143,Alaska,fao1952
ANG-1905-1975,horses mules asses,1000 heads,1939,2,2,1,1,values_differ,one_label_one_source,1,4,2.5,0.625,Angola,fao1952
ANG-1905-1975,horses mules asses,1000 heads,1950,2,2,1,1,values_differ,one_label_one_source,1,3,2,0.666667,Angola,fao1952
ANG-1905-1975,meat,1000 tonnes,1949,3,3,1,1,values_differ,one_label_one_source,1,5,3.333333,0.666667,Angola,fao1952
ANG-1905-1975,meat,1000 tonnes,1950,3,3,1,1,values_differ,one_label_one_source,1,4,2.666667,0.666667,Angola,fao1952
ANT-1816-1961,phosphate rock,1000 tonnes,1949,2,2,1,1,values_differ,one_label_one_source,31,90,60.5,0.672222,NetherlandsWest Indies,fao1952
ANT-1816-1961,phosphate rock,1000 tonnes,1950,2,2,1,1,values_differ,one_label_one_source,32,92,62,0.673913,NetherlandsWest Indies,fao1952
ANT-1816-1961,phosphate rock,1000 tonnes,1951,2,2,1,1,values_differ,one_label_one_source,32,92,62,0.673913,NetherlandsWest Indies,fao1952
AOF-1895-1960,horses mules asses,1000 heads,1939,2,2,1,1,values_differ,one_label_one_source,177,469,323,0.688699,French West Africa,fao1952
AOF-1895-1960,horses mules asses,1000 heads,1949,2,2,1,1,values_differ,one_label_one_source,198,542,370,0.682657,French West Africa,fao1952
AOF-1895-1960,horses mules asses,1000 heads,1950,2,2,1,1,values_differ,one_label_one_source,207,557,382,0.685817,French West Africa,fao1952
AOF-1895-1960,horses mules asses,1000 heads,1951,2,2,1,1,values_differ,one_label_one_source,202,560,381,0.680357,French West Africa,fao1952
AOF-1895-1960,meat,1000 tonnes,1949,3,3,1,1,values_differ,one_label_one_source,3,38,25.333333,0.666667,French West Africa,fao1952
AOF-1895-1960,meat,1000 tonnes,1950,3,3,1,1,values_differ,one_label_one_source,3,39,26,0.666667,French West Africa,fao1952
AOF-1895-1960,oranges tangerines clementines,1000 tonnes,1950,2,2,1,1,values_differ,one_label_one_source,2,58,30,0.517241,French West Africa,fao1952
AOF-1895-1960,other meat,1000 tonnes,1948,2,2,1,1,values_differ,one_label_one_source,1,2,1.5,0.75,French West Africa,fao1952
AOF-1895-1960,poultry,1000 heads,1949,2,2,1,1,values_differ,one_label_one_source,800,12000,6400,0.533333,French West Africa,fao1952
AOF-1895-1960,poultry,1000 heads,1950,2,2,1,1,values_differ,one_label_one_source,800,12000,6400,0.533333,French West Africa,fao1952
ARG-1902-2025,commercial phosphoric acid,1000 tonnes,1949,2,2,1,1,values_differ,one_label_one_source,5,6.5,5.75,0.884615,Argentina,fao1952
ARG-1902-2025,commercial phosphoric acid,1000 tonnes,1950,2,2,1,1,values_differ,one_label_one_source,7,9,8,0.888889,Argentina,fao1952
ARG-1902-2025,commercial phosphoric acid,1000 tonnes,1951,2,2,1,1,values_differ,one_label_one_source,7,9,8,0.888889,Argentina,fao1952
ARG-1902-2025,horses mules asses,1000 heads,1937,3,3,1,1,values_differ,one_label_one_source,264,8319,3033.333333,0.364627,Argentina,fao1952
ARG-1902-2025,meat,1000 tonnes,1949,4,4,1,1,values_differ,one_label_one_source,110,1027,388,0.377799,Argentina,fao1952
ARG-1902-2025,meat,1000 tonnes,1950,4,4,1,1,values_differ,one_label_one_source,69,1184,592,0.5,Argentina,fao1952
ARG-1902-2025,meat,1000 tonnes,1951,4,4,1,1,values_differ,one_label_one_source,51,987,493.5,0.5,Argentina,fao1952
AUS-1901-2025,commercial nitrogenous fertilizers,1000 tonnes,1949,2,2,1,1,values_differ,one_label_one_source,9.9,15.4,12.65,0.821429,Australia,fao1952
AUS-1901-2025,commercial nitrogenous fertilizers,1000 tonnes,1950,2,2,1,1,values_differ,one_label_one_source,11,16.2,13.6,0.839506,Australia,fao1952
AUS-1901-2025,commercial nitrogenous fertilizers,1000 tonnes,1951,2,2,1,1,values_differ,one_label_one_source,11.3,15.6,13.45,0.862179,Australia,fao1952
AUS-1901-2025,commercial phosphoric acid,1000 tonnes,1949,2,1,1,1,values_identical,one_label_one_source,331,331,331,1,Australia,fao1952
AUS-1901-2025,commercial phosphoric acid,1000 tonnes,1950,2,1,1,1,values_identical,one_label_one_source,346,346,346,1,Australia,fao1952
AUS-1901-2025,commercial phosphoric acid,1000 tonnes,1951,2,1,1,1,values_identical,one_label_one_source,379.1,379.1,379.1,1,Australia,fao1952
AUS-1901-2025,commercial potash fertilizers,1000 tonnes,1949,2,2,1,1,values_differ,one_label_one_source,0.8,7.8,4.3,0.551282,Australia,fao1952
AUS-1901-2025,dried milk,1000 tonnes,1949,2,2,1,1,values_differ,one_label_one_source,6,20,13,0.65,Australia,fao1952
AUS-1901-2025,dried milk,1000 tonnes,1950,2,2,1,1,values_differ,one_label_one_source,9,23,16,0.695652,Australia,fao1952
AUS-1901-2025,dried milk,1000 tonnes,1951,2,2,1,1,values_differ,one_label_one_source,6,19,12.5,0.657895,Australia,fao1952
AUS-1901-2025,horses mules asses,1000 heads,1939,3,2,1,1,values_differ,one_label_one_source,0,724,241.333333,0.333333,Australia,fao1952
AUS-1901-2025,meat,1000 tonnes,1949,4,4,1,1,values_differ,one_label_one_source,72,603,286,0.474295,Australia,fao1952
AUS-1901-2025,meat,1000 tonnes,1950,4,4,1,1,values_differ,one_label_one_source,21,632,260.5,0.412184,Australia,fao1952
AUS-1901-2025,meat,1000 tonnes,1951,4,4,1,1,values_differ,one_label_one_source,2,648,251,0.387346,Australia,fao1952
AUS-1901-2025,other meat,1000 tonnes,1948,3,3,1,1,values_differ,one_label_one_source,43.4,52.5,47.933333,0.913016,Australia,fao1952
AUS-1901-2025,other meat,1000 tonnes,1949,3,3,1,1,values_differ,one_label_one_source,46.2,52,49.5,0.951923,Australia,fao1952
AUS-1901-2025,other meat,1000 tonnes,1950,3,3,1,1,values_differ,one_label_one_source,34.1,48.9,42.366667,0.866394,Australia,fao1952
AUS-1901-2025,other meat,1000 tonnes,1951,3,3,1,1,values_differ,one_label_one_source,43.7,47.8,45.833333,0.958856,Australia,fao1952
AUS-1901-2025,pesticides arsenicals,tonnes,1950,2,2,1,1,values_differ,one_label_one_source,20,30,25,0.833333,Australia,fao1952
AUS-1901-2025,pesticides arsenicals,tonnes,1951,2,2,1,1,values_differ,one_label_one_source,20,910,465,0.510989,Australia,fao1952
AUS-1901-2025,r_fao_population_1952_10_18,1000 people,1937,4,4,1,1,values_differ,one_label_one_source,20,6885,2015.75,0.292774,Australia,fao1952
AUS-1901-2025,r_fao_population_1952_10_18,1000 people,1951,4,4,1,1,values_differ,one_label_one_source,24,8478,2368.5,0.27937,Australia,fao1952
AUT-1919-2025,cheese,1000 tonnes,1949,2,2,1,1,values_differ,one_label_one_source,5,9,7,0.777778,Austria,fao1952
AUT-1919-2025,cheese,1000 tonnes,1950,2,2,1,1,values_differ,one_label_one_source,5,12,8.5,0.708333,Austria,fao1952
AUT-1919-2025,cheese,1000 tonnes,1951,2,2,1,1,values_differ,one_label_one_source,5,11,8,0.727273,Austria,fao1952
AUT-1919-2025,commercial nitrogenous fertilizers,1000 tonnes,1949,2,2,1,1,values_differ,one_label_one_source,17.6,67.8,42.7,0.629794,Austria,fao1952
AUT-1919-2025,commercial nitrogenous fertilizers,1000 tonnes,1950,2,2,1,1,values_differ,one_label_one_source,22.7,75,48.85,0.651333,Austria,fao1952
AUT-1919-2025,commercial nitrogenous fertilizers,1000 tonnes,1951,2,2,1,1,values_differ,one_label_one_source,28.7,94.8,61.75,0.651371,Austria,fao1952
AUT-1919-2025,horses mules asses,1000 heads,1939,2,2,1,1,values_differ,one_label_one_source,1,231,116,0.502165,Austria,fao1952
AUT-1919-2025,horses mules asses,1000 heads,1949,2,2,1,1,values_differ,one_label_one_source,2,284,143,0.503521,Austria,fao1952
AUT-1919-2025,horses mules asses,1000 heads,1950,2,2,1,1,values_differ,one_label_one_source,2,282,142,0.503546,Austria,fao1952
AUT-1919-2025,horses mules asses,1000 heads,1951,2,2,1,1,values_differ,one_label_one_source,2,283,142.5,0.503534,Austria,fao1952
AUT-1919-2025,meat,1000 tonnes,1949,4,4,1,1,values_differ,one_label_one_source,2,118,59,0.5,Austria,fao1952
AUT-1919-2025,meat,1000 tonnes,1950,4,4,1,1,values_differ,one_label_one_source,3,196,98,0.5,Austria,fao1952
AUT-1919-2025,meat,1000 tonnes,1951,4,4,1,1,values_differ,one_label_one_source,3,244,122,0.5,Austria,fao1952
AUT-1919-2025,other meat,1000 tonnes,1948,3,3,1,1,values_differ,one_label_one_source,1.9,3.2,2.4,0.75,Austria,fao1952
AUT-1919-2025,other meat,1000 tonnes,1949,3,3,1,1,values_differ,one_label_one_source,2.3,3.8,2.933333,0.77193,Austria,fao1952
AUT-1919-2025,other meat,1000 tonnes,1950,3,3,1,1,values_differ,one_label_one_source,2.7,4.6,3.933333,0.855072,Austria,fao1952
AUT-1919-2025,other meat,1000 tonnes,1951,2,2,1,1,values_differ,one_label_one_source,3,5.8,4.4,0.758621,Austria,fao1952
AUT-1919-2025,pesticides arsenicals,tonnes,1949,2,2,1,1,values_differ,one_label_one_source,2,22,12,0.545455,Austria,fao1952
AUT-1919-2025,pesticides arsenicals,tonnes,1950,2,2,1,1,values_differ,one_label_one_source,6,16,11,0.6875,Austria,fao1952
AUT-1919-2025,pesticides arsenicals,tonnes,1951,2,1,1,1,values_identical,one_label_one_source,1,1,1,1,Austria,fao1952
AUT-1919-2025,poultry,1000 heads,1949,4,4,1,1,values_differ,one_label_one_source,26,3892,1035,0.26593,Austria,fao1952
AUT-1919-2025,poultry,1000 heads,1950,4,4,1,1,values_differ,one_label_one_source,30,4886,1291.25,0.264275,Austria,fao1952
AUT-1919-2025,poultry,1000 heads,1951,4,4,1,1,values_differ,one_label_one_source,38,6661,1742.75,0.261635,Austria,fao1952
AUT-1919-2025,r_fao_population_1952_10_18,1000 people,1937,5,5,1,1,values_differ,one_label_one_source,349,6755,2094.6,0.310081,Austria,fao1952
AUT-1919-2025,r_fao_population_1952_10_18,1000 people,1951,2,2,1,1,values_differ,one_label_one_source,527,916,721.5,0.787664,Austria,fao1952
BCM-1916-1961,horses mules asses,1000 heads,1938,2,2,1,1,values_differ,one_label_one_source,8,17,12.5,0.735294,British Cameroons,fao1952
BCM-1916-1961,horses mules asses,1000 heads,1949,3,3,1,1,values_differ,one_label_one_source,7,17,11.333333,0.666667,British Cameroons,fao1952
BCM-1916-1961,horses mules asses,1000 heads,1950,3,3,1,1,values_differ,one_label_one_source,7,17,11.333333,0.666667,British Cameroons,fao1952
BEC-1885-1966,horses mules asses,1000 heads,1939,2,2,1,1,values_differ,one_label_one_source,3,17,10,0.588235,Bechuanaland,fao1952
BEC-1885-1966,horses mules asses,1000 heads,1949,2,2,1,1,values_differ,one_label_one_source,18,74,46,0.621622,Bechuanaland,fao1952
BEC-1885-1966,horses mules asses,1000 heads,1950,2,2,1,1,values_differ,one_label_one_source,5,20,12.5,0.625,Bechuanaland,fao1952
BEC-1885-1966,horses mules asses,1000 heads,1951,2,2,1,1,values_differ,one_label_one_source,7,20,13.5,0.675,Bechuanaland,fao1952
BEL-1831-2025,cheese,1000 tonnes,1949,2,2,1,1,values_differ,one_label_one_source,4,6,5,0.833333,Belgium,fao1952
BEL-1831-2025,cheese,1000 tonnes,1950,2,2,1,1,values_differ,one_label_one_source,5,8,6.5,0.8125,Belgium,fao1952
BEL-1831-2025,cheese,1000 tonnes,1951,2,2,1,1,values_differ,one_label_one_source,6,10,8,0.8,Belgium,fao1952
BEL-1831-2025,commercial nitrogenous fertilizers,1000 tonnes,1949,2,2,1,1,values_differ,one_label_one_source,78.3,175,126.65,0.723714,Belgium,fao1952
BEL-1831-2025,commercial nitrogenous fertilizers,1000 tonnes,1950,2,2,1,1,values_differ,one_label_one_source,78,173.4,125.7,0.724913,Belgium,fao1952
BEL-1831-2025,commercial nitrogenous fertilizers,1000 tonnes,1951,2,2,1,1,values_differ,one_label_one_source,77.5,214.3,145.9,0.680821,Belgium,fao1952
BEL-1831-2025,commercial phosphoric acid,1000 tonnes,1949,2,2,1,1,values_differ,one_label_one_source,90,218.8,154.4,0.705667,Belgium,fao1952
BEL-1831-2025,commercial phosphoric acid,1000 tonnes,1950,2,2,1,1,values_differ,one_label_one_source,79.6,262.8,171.2,0.651446,Belgium,fao1952
BEL-1831-2025,commercial phosphoric acid,1000 tonnes,1951,2,2,1,1,values_differ,one_label_one_source,82,264.9,173.45,0.654775,Belgium,fao1952
BEL-1831-2025,dried milk,1000 tonnes,1949,2,2,1,1,values_differ,one_label_one_source,1,3,2,0.666667,Belgium,fao1952
BEL-1831-2025,horses mules asses,1000 heads,1939,2,2,1,1,values_differ,one_label_one_source,12,246,129,0.52439,Belgium,fao1952
BEL-1831-2025,horses mules asses,1000 heads,1949,2,2,1,1,values_differ,one_label_one_source,2,267,134.5,0.503745,Belgium,fao1952
BEL-1831-2025,horses mules asses,1000 heads,1950,2,2,1,1,values_differ,one_label_one_source,2,266,134,0.503759,Belgium,fao1952
BEL-1831-2025,horses mules asses,1000 heads,1951,2,2,1,1,values_differ,one_label_one_source,2,249,125.5,0.504016,Belgium,fao1952
BEL-1831-2025,meat,1000 tonnes,1949,4,4,1,1,values_differ,one_label_one_source,2,260,130,0.5,Belgium,fao1952
BEL-1831-2025,meat,1000 tonnes,1950,4,4,1,1,values_differ,one_label_one_source,3,304,152,0.5,Belgium,fao1952
BEL-1831-2025,meat,1000 tonnes,1951,4,4,1,1,values_differ,one_label_one_source,3,302,151,0.5,Belgium,fao1952
BEL-1831-2025,pesticides arsenicals,tonnes,1949,2,2,1,1,values_differ,one_label_one_source,200,300,250,0.833333,Belgium,fao1952
BEL-1831-2025,pesticides arsenicals,tonnes,1950,2,2,1,1,values_differ,one_label_one_source,30,200,115,0.575,Belgium,fao1952
BEL-1831-2025,pesticides arsenicals,tonnes,1951,2,2,1,1,values_differ,one_label_one_source,25,150,87.5,0.583333,Belgium,fao1952
BEL-1831-2025,phosphate rock,1000 tonnes,1949,2,2,1,1,values_differ,one_label_one_source,5,42,23.5,0.559524,Belgium,fao1952
BEL-1831-2025,phosphate rock,1000 tonnes,1950,2,2,1,1,values_differ,one_label_one_source,8,70,39,0.557143,Belgium,fao1952
BEL-1831-2025,phosphate rock,1000 tonnes,1951,2,2,1,1,values_differ,one_label_one_source,11,90,50.5,0.561111,Belgium,fao1952
BEL-1831-2025,poultry,1000 heads,1950,4,4,1,1,values_differ,one_label_one_source,19,7590,1932.75,0.254644,Belgium,fao1952
BEL-1831-2025,r_fao_population_1952_10_18,1000 people,1937,5,5,1,1,values_differ,one_label_one_source,140,8346,2041.2,0.244572,Belgium,fao1952
BEL-1831-2025,r_fao_population_1952_10_18,1000 people,1951,5,5,1,1,values_differ,one_label_one_source,61,8678,2010.4,0.231666,Belgium,fao1952
BGR-1919-1940,horses mules asses,1000 heads,1939,3,3,1,1,values_differ,one_label_one_source,34,584,261,0.446918,Bulgaria,fao1952
BGR-1919-1940,r_fao_population_1952_10_18,1000 people,1937,5,5,1,1,values_differ,one_label_one_source,1348,6536,3294.6,0.50407,Bulgaria,fao1952
BHS-1800-2025,r_fao_population_1952_10_18,1000 people,1951,3,2,1,1,values_differ,one_label_one_source,14,81,36.333333,0.44856,British West Indies Bahama Islands,fao1952
BLI-1833-1960,horses mules asses,1000 heads,1951,3,3,1,1,values_differ,one_label_one_source,1,5,2.666667,0.533333,British West Indies Leeward Islands,fao1952
BLI-1833-1960,r_fao_population_1952_10_18,1000 people,1951,5,5,2,1,values_differ,several_labels_one_source,11,116,53.2,0.458621,British West Indies Leeward Islands | Leeward Islands,fao1952
BLZ-1886-1970,horses mules asses,1000 heads,1949,2,2,1,1,values_differ,one_label_one_source,1,2,1.5,0.75,British Honduras,fao1952
BLZ-1886-1970,horses mules asses,1000 heads,1951,2,1,1,1,values_identical,one_label_one_source,2,2,2,1,British Honduras,fao1952
BLZ-1886-1970,poultry,1000 heads,1949,2,2,1,1,values_differ,one_label_one_source,20,69,44.5,0.644928,British Honduras,fao1952
BLZ-1886-1970,r_fao_population_1952_10_18,1000 people,1937,4,3,1,1,values_differ,one_label_one_source,0,54,16.5,0.305556,British Honduras,fao1952
BLZ-1886-1970,r_fao_population_1952_10_18,1000 people,1951,3,2,1,1,values_differ,one_label_one_source,6,70,27.333333,0.390476,British Honduras,fao1952
BMU-1684-1968,pesticides arsenicals,tonnes,1950,2,2,1,1,values_differ,one_label_one_source,0.1,0.3,0.2,0.666667,Bermuda,fao1952
BNB-1881-1963,poultry,1000 heads,1951,2,2,1,1,values_differ,one_label_one_source,31,369,200,0.542005,British Borneo North Borneo,fao1952
BOL-1938-2025,horses mules asses,1000 heads,1938,3,3,1,1,values_differ,one_label_one_source,100,273,201.666667,0.738706,Bolivia,fao1952
BOL-1938-2025,sweet potatoes yams,1000 hectares,1949,2,2,1,1,values_differ,one_label_one_source,2,4,3,0.75,Bolivia,fao1952
BOL-1938-2025,sweet potatoes yams,1000 tonnes,1949,2,2,1,1,values_differ,one_label_one_source,5,30,17.5,0.583333,Bolivia,fao1952
BRA-1909-2025,centrifugal sugar noncentrifugal cane sugar,1000 tonnes,1949,2,2,1,1,values_differ,one_label_one_source,380,1266,823,0.650079,Brazil,fao1952
BRA-1909-2025,centrifugal sugar noncentrifugal cane sugar,1000 tonnes,1950,2,2,1,1,values_differ,one_label_one_source,360,1485,922.5,0.621212,Brazil,fao1952
BRA-1909-2025,centrifugal sugar noncentrifugal cane sugar,1000 tonnes,1951,2,2,1,1,values_differ,one_label_one_source,270,1592,931,0.584799,Brazil,fao1952
BRA-1909-2025,commercial nitrogenous fertilizers,1000 tonnes,1949,2,2,1,1,values_differ,one_label_one_source,0.8,10,5.4,0.54,Brazil,fao1952
BRA-1909-2025,commercial nitrogenous fertilizers,1000 tonnes,1950,2,2,1,1,values_differ,one_label_one_source,3.5,12,7.75,0.645833,Brazil,fao1952
BRA-1909-2025,commercial nitrogenous fertilizers,1000 tonnes,1951,2,2,1,1,values_differ,one_label_one_source,3.5,13,8.25,0.634615,Brazil,fao1952
BRA-1909-2025,commercial phosphoric acid,1000 tonnes,1949,2,2,1,1,values_differ,one_label_one_source,5.2,25,15.1,0.604,Brazil,fao1952
BRA-1909-2025,commercial phosphoric acid,1000 tonnes,1950,2,2,1,1,values_differ,one_label_one_source,13.5,33,23.25,0.704545,Brazil,fao1952
BRA-1909-2025,commercial phosphoric acid,1000 tonnes,1951,2,2,1,1,values_differ,one_label_one_source,13.5,33,23.25,0.704545,Brazil,fao1952
BRA-1909-2025,edible pig fat,1000 tonnes,1948,2,2,1,1,values_differ,one_label_one_source,68,108,88,0.814815,Brazil,fao1952
BRA-1909-2025,edible pig fat,1000 tonnes,1949,2,2,1,1,values_differ,one_label_one_source,51,122,86.5,0.709016,Brazil,fao1952
BRA-1909-2025,horses mules asses,1000 heads,1939,3,3,1,1,values_differ,one_label_one_source,1300,6583,3509.333333,0.53309,Brazil,fao1952
BRA-1909-2025,horses mules asses,1000 heads,1949,3,3,1,1,values_differ,one_label_one_source,536,6928,3520.333333,0.508131,Brazil,fao1952
BRA-1909-2025,horses mules asses,1000 heads,1951,3,3,1,1,values_differ,one_label_one_source,572,6937,3536.666667,0.509827,Brazil,fao1952
BRA-1909-2025,meat,1000 tonnes,1949,4,4,1,1,values_differ,one_label_one_source,30,1218,609,0.5,Brazil,fao1952
BRA-1909-2025,meat,1000 tonnes,1950,4,4,1,1,values_differ,one_label_one_source,31,1226,613,0.5,Brazil,fao1952
BRA-1909-2025,r_fao_population_1952_10_18,1000 people,1951,4,4,1,1,values_differ,one_label_one_source,1270,53377,18070.75,0.338549,Brazil,fao1952
BRB-1800-2025,horses mules asses,1000 heads,1939,2,2,1,1,values_differ,one_label_one_source,2,3,2.5,0.833333,British West Indies Barbados,fao1952
BRB-1800-2025,poultry,1000 heads,1949,2,2,1,1,values_differ,one_label_one_source,274,1661,967.5,0.58248,British West Indies Barbados,fao1952
BRB-1800-2025,r_fao_population_1952_10_18,1000 people,1951,4,4,1,1,values_differ,one_label_one_source,11,213,65.75,0.308685,British West Indies Barbados,fao1952
BRN-1888-2025,natural rubber,1000 tonnes,1949,3,3,1,1,values_differ,one_label_one_source,0.6,1.7,1.133333,0.666666,British Borneo Brunei,fao1952
BRN-1888-2025,natural rubber,1000 tonnes,1950,3,3,1,1,values_differ,one_label_one_source,0.7,2.5,1.666667,0.666667,British Borneo Brunei,fao1952
BRN-1888-2025,natural rubber,1000 tonnes,1951,3,3,1,1,values_differ,one_label_one_source,0.5,2.4,1.6,0.666667,British Borneo Brunei,fao1952
BRN-1888-2025,poultry,1000 heads,1949,2,2,1,1,values_differ,one_label_one_source,5,39,22,0.564103,British Borneo Brunei,fao1952
BRN-1888-2025,poultry,1000 heads,1950,2,2,1,1,values_differ,one_label_one_source,6,32,19,0.59375,British Borneo Brunei,fao1952
BRN-1888-2025,poultry,1000 heads,1951,2,2,1,1,values_differ,one_label_one_source,8,41,24.5,0.597561,British Borneo Brunei,fao1952
BSW-1841-1963,poultry,1000 heads,1950,2,2,1,1,values_differ,one_label_one_source,8,25,16.5,0.66,British Borneo Sarawak,fao1952
BSW-1841-1963,poultry,1000 heads,1951,2,2,1,1,values_differ,one_label_one_source,8,25,16.5,0.66,British Borneo Sarawak,fao1952
BSW-1841-1963,r_fao_population_1952_10_18,1000 people,1951,2,2,2,1,values_differ,several_labels_one_source,317,571,444,0.777583,British Borneo Sarawak | Sarawak,fao1952
CAN-1886-1949,other meat,1000 tonnes,1948,3,3,1,1,values_differ,one_label_one_source,14.5,122.1,59.166667,0.484575,Canada,fao1952
CAN-1886-1949,r_fao_population_1952_10_18,1000 people,1937,5,5,1,1,values_differ,one_label_one_source,19,11339,3360.2,0.29634,Canada,fao1952
CAN-1949-2025,cheese,1000 tonnes,1949,2,2,1,1,values_differ,one_label_one_source,3,55,29,0.527273,Canada,fao1952
CAN-1949-2025,cheese,1000 tonnes,1950,2,2,1,1,values_differ,one_label_one_source,4,47,25.5,0.542553,Canada,fao1952
CAN-1949-2025,cheese,1000 tonnes,1951,2,2,1,1,values_differ,one_label_one_source,5,41,23,0.560976,Canada,fao1952
CAN-1949-2025,commercial nitrogenous fertilizers,1000 tonnes,1949,2,2,1,1,values_differ,one_label_one_source,31.2,143.7,87.45,0.608559,Canada,fao1952
CAN-1949-2025,commercial nitrogenous fertilizers,1000 tonnes,1950,2,2,1,1,values_differ,one_label_one_source,32.7,149.2,90.95,0.609584,Canada,fao1952
CAN-1949-2025,commercial nitrogenous fertilizers,1000 tonnes,1951,2,2,1,1,values_differ,one_label_one_source,32.7,149.2,90.95,0.609584,Canada,fao1952
CAN-1949-2025,commercial phosphoric acid,1000 tonnes,1949,2,2,1,1,values_differ,one_label_one_source,113.2,115.6,114.4,0.989619,Canada,fao1952
CAN-1949-2025,commercial phosphoric acid,1000 tonnes,1950,2,2,1,1,values_differ,one_label_one_source,105,105.3,105.15,0.998575,Canada,fao1952
CAN-1949-2025,commercial phosphoric acid,1000 tonnes,1951,2,2,1,1,values_differ,one_label_one_source,105,105.3,105.15,0.998575,Canada,fao1952
CAN-1949-2025,condensed evaporated milk,1000 tonnes,1949,2,2,1,1,values_differ,one_label_one_source,7,116,61.5,0.530172,Canada,fao1952
CAN-1949-2025,condensed evaporated milk,1000 tonnes,1950,2,2,1,1,values_differ,one_label_one_source,8,123,65.5,0.53252,Canada,fao1952
CAN-1949-2025,condensed evaporated milk,1000 tonnes,1951,2,2,1,1,values_differ,one_label_one_source,7,142,74.5,0.524648,Canada,fao1952
CAN-1949-2025,dried milk,1000 tonnes,1949,2,2,1,1,values_differ,one_label_one_source,6,29,17.5,0.603448,Canada,fao1952
CAN-1949-2025,dried milk,1000 tonnes,1950,2,2,1,1,values_differ,one_label_one_source,7,24,15.5,0.645833,Canada,fao1952
CAN-1949-2025,dried milk,1000 tonnes,1951,2,2,1,1,values_differ,one_label_one_source,8,24,16,0.666667,Canada,fao1952
CAN-1949-2025,linseed,1000 hectares,1949,2,2,1,1,values_differ,one_label_one_source,3,131,67,0.51145,Canada,fao1952
CAN-1949-2025,linseed,1000 hectares,1950,2,2,1,1,values_differ,one_label_one_source,2,227,114.5,0.504405,Canada,fao1952
CAN-1949-2025,linseed,1000 hectares,1951,2,2,1,1,values_differ,one_label_one_source,3,469,236,0.503198,Canada,fao1952
CAN-1949-2025,linseed,1000 tonnes,1949,2,2,1,1,values_differ,one_label_one_source,1,58,29.5,0.508621,Canada,fao1952
CAN-1949-2025,linseed,1000 tonnes,1951,2,2,1,1,values_differ,one_label_one_source,1,251,126,0.501992,Canada,fao1952
CAN-1949-2025,meat,1000 tonnes,1949,4,4,1,1,values_differ,one_label_one_source,20,883,441.5,0.5,Canada,fao1952
CAN-1949-2025,meat,1000 tonnes,1950,4,4,1,1,values_differ,one_label_one_source,16,869,434.5,0.5,Canada,fao1952
CAN-1949-2025,meat,1000 tonnes,1951,4,4,1,1,values_differ,one_label_one_source,16,845,422.5,0.5,Canada,fao1952
CAN-1949-2025,other meat,1000 tonnes,1949,3,3,1,1,values_differ,one_label_one_source,4.4,139.1,60.833333,0.437335,Canada,fao1952
CAN-1949-2025,other meat,1000 tonnes,1950,3,3,1,1,values_differ,one_label_one_source,11.2,132.5,60.666667,0.457862,Canada,fao1952
CAN-1949-2025,other meat,1000 tonnes,1951,2,2,1,1,values_differ,one_label_one_source,36.2,157,96.6,0.615287,Canada,fao1952
CAN-1949-2025,pesticides arsenicals,tonnes,1949,4,4,1,1,values_differ,one_label_one_source,66,2568,1142.25,0.444801,Canada,fao1952
CAN-1949-2025,pesticides arsenicals,tonnes,1950,4,4,1,1,values_differ,one_label_one_source,68,2424,859.25,0.354476,Canada,fao1952
CAN-1949-2025,pesticides arsenicals,tonnes,1951,4,4,1,1,values_differ,one_label_one_source,56,2697,907.25,0.336392,Canada,fao1952
CAN-1949-2025,pesticides benzene hexachloride,tonnes,1950,2,2,1,1,values_differ,one_label_one_source,4,96,50,0.520833,Canada,fao1952
CAN-1949-2025,pesticides benzene hexachloride,tonnes,1951,2,2,1,1,values_differ,one_label_one_source,0.3,121,60.65,0.50124,Canada,fao1952
CAN-1949-2025,pesticides copper sulphate,tonnes,1949,6,6,1,1,values_differ,one_label_one_source,15,2256,582.833333,0.258348,Canada,fao1952
CAN-1949-2025,pesticides copper sulphate,tonnes,1950,4,4,1,1,values_differ,one_label_one_source,33,2210,1064,0.481448,Canada,fao1952
CAN-1949-2025,pesticides copper sulphate,tonnes,1951,5,5,1,1,values_differ,one_label_one_source,10,2093,684.2,0.326899,Canada,fao1952
CAN-1949-2025,pesticides ddt,tonnes,1949,3,3,1,1,values_differ,one_label_one_source,578,972,785,0.807613,Canada,fao1952
CAN-1949-2025,pesticides ddt,tonnes,1950,3,3,1,1,values_differ,one_label_one_source,63,2983,1223.666667,0.410213,Canada,fao1952
CAN-1949-2025,pesticides ddt,tonnes,1951,3,3,1,1,values_differ,one_label_one_source,564,1570,1005,0.640127,Canada,fao1952
CAN-1949-2025,pesticides nicotine sulphate,tonnes,1949,3,3,1,1,values_differ,one_label_one_source,2,40,23,0.575,Canada,fao1952
CAN-1949-2025,pesticides nicotine sulphate,tonnes,1950,2,2,1,1,values_differ,one_label_one_source,18,25,21.5,0.86,Canada,fao1952
CAN-1949-2025,pesticides nicotine sulphate,tonnes,1951,2,2,1,1,values_differ,one_label_one_source,17,32,24.5,0.765625,Canada,fao1952
CAN-1949-2025,pesticides sulphur dust,tonnes,1949,3,3,1,1,values_differ,one_label_one_source,6,210,90.666667,0.431746,Canada,fao1952
CAN-1949-2025,pesticides sulphur dust,tonnes,1950,3,3,1,1,values_differ,one_label_one_source,40,1227,445.666667,0.363217,Canada,fao1952
CAN-1949-2025,pesticides sulphur dust,tonnes,1951,3,3,1,1,values_differ,one_label_one_source,16,1260,459.666667,0.364815,Canada,fao1952
CAN-1949-2025,poultry,1000 heads,1949,4,4,1,1,values_differ,one_label_one_source,424,69031,18164.75,0.263139,Canada,fao1952
CAN-1949-2025,poultry,1000 heads,1950,4,4,1,1,values_differ,one_label_one_source,369,61469,16221.5,0.263897,Canada,fao1952
CAN-1949-2025,poultry,1000 heads,1951,4,4,1,1,values_differ,one_label_one_source,352,64615,16983.5,0.262841,Canada,fao1952
CAN-1949-2025,r_fao_population_1952_10_18,1000 people,1951,4,3,1,1,values_differ,one_label_one_source,974,14009,4777.25,0.341013,Canada,fao1952
CHE-1800-2025,cheese,1000 tonnes,1951,2,2,1,1,values_differ,one_label_one_source,2,49,25.5,0.520408,Switzerland,fao1952
CHE-1800-2025,commercial nitrogenous fertilizers,1000 tonnes,1949,2,2,1,1,values_differ,one_label_one_source,8,12.7,10.35,0.814961,Switzerland,fao1952
CHE-1800-2025,commercial nitrogenous fertilizers,1000 tonnes,1950,2,2,1,1,values_differ,one_label_one_source,7.9,10.8,9.35,0.865741,Switzerland,fao1952
CHE-1800-2025,commercial nitrogenous fertilizers,1000 tonnes,1951,2,2,1,1,values_differ,one_label_one_source,8.5,10.5,9.5,0.904762,Switzerland,fao1952
CHE-1800-2025,commercial phosphoric acid,1000 tonnes,1949,2,2,1,1,values_differ,one_label_one_source,1.7,30.5,16.1,0.527869,Switzerland,fao1952
CHE-1800-2025,commercial phosphoric acid,1000 tonnes,1950,2,2,1,1,values_differ,one_label_one_source,1.7,33.6,17.65,0.525298,Switzerland,fao1952
CHE-1800-2025,commercial phosphoric acid,1000 tonnes,1951,2,2,1,1,values_differ,one_label_one_source,1.7,34,17.85,0.525,Switzerland,fao1952
CHE-1800-2025,dried milk,1000 tonnes,1949,2,2,1,1,values_differ,one_label_one_source,2,4,3,0.75,Switzerland,fao1952
CHE-1800-2025,dried milk,1000 tonnes,1950,2,2,1,1,values_differ,one_label_one_source,2,4,3,0.75,Switzerland,fao1952
CHE-1800-2025,dried milk,1000 tonnes,1951,2,2,1,1,values_differ,one_label_one_source,2,4,3,0.75,Switzerland,fao1952
CHE-1800-2025,horses mules asses,1000 heads,1936,3,3,1,1,values_differ,one_label_one_source,1,140,48,0.342857,Switzerland,fao1952
CHE-1800-2025,horses mules asses,1000 heads,1949,2,2,1,1,values_differ,one_label_one_source,2,138,70,0.507246,Switzerland,fao1952
CHE-1800-2025,horses mules asses,1000 heads,1950,2,2,1,1,values_differ,one_label_one_source,2,134,68,0.507463,Switzerland,fao1952
CHE-1800-2025,horses mules asses,1000 heads,1951,2,2,1,1,values_differ,one_label_one_source,2,131,66.5,0.507634,Switzerland,fao1952
CHE-1800-2025,meat,1000 tonnes,1949,4,4,1,1,values_differ,one_label_one_source,3,165,82.5,0.5,Switzerland,fao1952
CHE-1800-2025,meat,1000 tonnes,1950,4,4,1,1,values_differ,one_label_one_source,3,179,89.5,0.5,Switzerland,fao1952
CHE-1800-2025,meat,1000 tonnes,1951,4,4,1,1,values_differ,one_label_one_source,3,177,88.5,0.5,Switzerland,fao1952
CHE-1800-2025,other meat,1000 tonnes,1948,4,2,1,1,values_differ,one_label_one_source,3,14.3,5.825,0.407343,Switzerland,fao1952
CHE-1800-2025,other meat,1000 tonnes,1949,4,4,1,1,values_differ,one_label_one_source,2.2,17.9,6.525,0.364525,Switzerland,fao1952
CHE-1800-2025,other meat,1000 tonnes,1950,4,4,1,1,values_differ,one_label_one_source,2.3,18.7,6.625,0.354278,Switzerland,fao1952
CHE-1800-2025,other meat,1000 tonnes,1951,4,3,1,1,values_differ,one_label_one_source,2.4,19,6.625,0.348684,Switzerland,fao1952
CHE-1800-2025,poultry,1000 heads,1951,2,2,1,1,values_differ,one_label_one_source,68,6239,3153.5,0.50545,Switzerland,fao1952
CHE-1800-2025,r_fao_population_1952_10_18,1000 people,1937,5,5,1,1,values_differ,one_label_one_source,46,4180,1378.8,0.329856,Switzerland,fao1952
CHE-1800-2025,r_fao_population_1952_10_18,1000 people,1951,5,5,1,1,values_differ,one_label_one_source,30,4749,1396.6,0.294083,Switzerland,fao1952
CHL-1902-2025,commercial nitrogenous fertilizers,1000 tonnes,1949,2,2,1,1,values_differ,one_label_one_source,7,241.8,124.4,0.514475,Chile,fao1952
CHL-1902-2025,commercial nitrogenous fertilizers,1000 tonnes,1950,2,2,1,1,values_differ,one_label_one_source,8.7,268.1,138.4,0.516225,Chile,fao1952
CHL-1902-2025,commercial nitrogenous fertilizers,1000 tonnes,1951,2,2,1,1,values_differ,one_label_one_source,10,271.7,140.85,0.518403,Chile,fao1952
CHL-1902-2025,commercial phosphoric acid,1000 tonnes,1949,2,2,1,1,values_differ,one_label_one_source,14.9,15.2,15.05,0.990132,Chile,fao1952
CHL-1902-2025,commercial phosphoric acid,1000 tonnes,1950,2,2,1,1,values_differ,one_label_one_source,16,16.5,16.25,0.984848,Chile,fao1952
CHL-1902-2025,commercial phosphoric acid,1000 tonnes,1951,2,1,1,1,values_identical,one_label_one_source,20.9,20.9,20.9,1,Chile,fao1952
CHL-1902-2025,commercial potash fertilizers,1000 tonnes,1950,2,2,1,1,values_differ,one_label_one_source,3.1,9.9,6.5,0.656566,Chile,fao1952
CHL-1902-2025,commercial potash fertilizers,1000 tonnes,1951,2,2,1,1,values_differ,one_label_one_source,4.5,11.5,8,0.695652,Chile,fao1952
CHL-1902-2025,horses mules asses,1000 heads,1935,3,3,1,1,values_differ,one_label_one_source,41,528,207,0.392045,Chile,fao1952
CHL-1902-2025,meat,1000 tonnes,1949,4,4,1,1,values_differ,one_label_one_source,20,155,77.5,0.5,Chile,fao1952
CHL-1902-2025,meat,1000 tonnes,1950,4,4,1,1,values_differ,one_label_one_source,25,167,83.5,0.5,Chile,fao1952
CHL-1902-2025,meat,1000 tonnes,1951,4,4,1,1,values_differ,one_label_one_source,26,178,89,0.5,Chile,fao1952
CHL-1902-2025,phosphate rock,1000 tonnes,1949,2,2,1,1,values_differ,one_label_one_source,13,45,29,0.644444,Chile,fao1952
CHL-1902-2025,phosphate rock,1000 tonnes,1950,2,2,1,1,values_differ,one_label_one_source,10,37,23.5,0.635135,Chile,fao1952
CHL-1902-2025,phosphate rock,1000 tonnes,1951,2,2,1,1,values_differ,one_label_one_source,13,45,29,0.644444,Chile,fao1952
CHL-1902-2025,r_fao_population_1952_10_18,1000 people,1937,5,5,1,1,values_differ,one_label_one_source,25,4754,1500.8,0.315692,Chile,fao1952
CHL-1902-2025,r_fao_population_1952_10_18,1000 people,1951,5,5,1,1,values_differ,one_label_one_source,40,5912,1816.2,0.307206,Chile,fao1952
CHN-1921-1932,maize,tonnes,1931,2,2,2,1,values_differ,several_labels_one_source,1701000,6387000,4044000,0.633161,"china, mainland | china, manchuria province of",mitchell
CHN-1921-1932,"rice, paddy",tonnes,1931,2,2,2,1,values_differ,several_labels_one_source,321000,43079000,21700000,0.503726,"china, mainland | china, manchuria province of",mitchell
CHN-1921-1932,soybeans,tonnes,1930,2,2,2,2,values_differ,several_labels_several_sources,5298000,5317496.5,5307748.25,0.998167,"china, mainland | china, manchuria province of",iia | mitchell
CHN-1921-1932,soybeans,tonnes,1931,2,2,2,2,values_differ,several_labels_several_sources,5227000,5243568.3,5235284.15,0.99842,"china, mainland | china, manchuria province of",iia | mitchell
CHN-1921-1932,wheat,tonnes,1931,2,2,2,1,values_differ,several_labels_one_source,1580000,21618000,11599000,0.536544,"china, mainland | china, manchuria province of",mitchell
CHN-1932-1945,horses mules asses,1000 heads,1937,2,2,1,1,values_differ,one_label_one_source,3624,9018,6321,0.700931,China 22 provinces,fao1952
CHN-1947-1949,edible pig fat,1000 tonnes,1947,2,2,2,1,values_differ,several_labels_one_source,80,800,440,0.55,China 22 provinces | China Manchuria,fao1952
CHN-1947-1949,slaughter fats other than pig,1000 tonnes,1948,2,2,2,1,values_differ,several_labels_one_source,1,30,15.5,0.516667,China | China 22 provinces,fao1952
CHN-1947-1949,use agricultural area arable land orchards,1000 hectares,1947,3,3,3,1,values_differ,several_labels_one_source,13967,91040,59412.333333,0.652596,China | China 22 provinces | China Manchuria,fao1952
CHN-1947-1949,use forests woodlands,1000 hectares,1947,2,2,2,1,values_differ,several_labels_one_source,21943,84000,52971.5,0.630613,China | China Manchuria,fao1952
CHN-1947-1949,use total,1000 hectares,1947,3,3,3,1,values_differ,several_labels_one_source,106930,973629,529247,0.543582,China | China 22 provinces | China Manchuria,fao1952
CHN-1949-1950,buffaloes,1000 heads,1949,2,2,2,1,values_differ,several_labels_one_source,658,9460,5059,0.534778,China | China 22 provinces,fao1952
CHN-1949-1950,centrifugal sugar noncentrifugal cane sugar,1000 tonnes,1949,3,3,2,1,values_differ,several_labels_one_source,5,290,121.666667,0.41954,China 22 provinces | China Manchuria,fao1952
CHN-1949-1950,horses mules asses,1000 heads,1949,3,3,1,1,values_differ,one_label_one_source,1561,2023,1829.666667,0.904432,China 22 provinces,fao1952
CHN-1949-1950,pigs,1000 heads,1949,2,2,2,1,values_differ,several_labels_one_source,95,59510,29802.5,0.500798,China | China 22 provinces,fao1952
CHN-1949-1950,soybeans,1000 hectares,1949,2,2,2,1,values_differ,several_labels_one_source,2200,4760,3480,0.731092,China 22 provinces | China Manchuria,fao1952
CHN-1949-1950,soybeans,1000 tonnes,1949,2,2,2,1,values_differ,several_labels_one_source,1800,4880,3340,0.684426,China 22 provinces | China Manchuria,fao1952
CHN-1949-1950,tobacco,1000 hectares,1949,2,2,2,1,values_differ,several_labels_one_source,6,490,248,0.506122,China 22 provinces | China Manchuria,fao1952
CHN-1950-2025,barley,tonnes,1951,2,2,2,1,values_differ,several_labels_one_source,87000,6719000,3403000,0.506474,"china, mainland | china, manchuria province of",mitchell
CHN-1950-2025,barley,tonnes,1952,2,2,2,1,values_differ,several_labels_one_source,99000,6970000,3534500,0.507102,"china, mainland | china, manchuria province of",mitchell
CHN-1950-2025,centrifugal sugar noncentrifugal cane sugar,1000 tonnes,1950,3,3,2,1,values_differ,several_labels_one_source,9,360,139.666667,0.387963,China 22 provinces | China Manchuria,fao1952
CHN-1950-2025,centrifugal sugar noncentrifugal cane sugar,1000 tonnes,1951,3,3,2,1,values_differ,several_labels_one_source,9,440,174.666667,0.39697,China 22 provinces | China Manchuria,fao1952
CHN-1950-2025,maize,tonnes,1951,2,2,2,1,values_differ,several_labels_one_source,3940000,6343000,5141500,0.810579,"china, mainland | china, manchuria province of",mitchell
CHN-1950-2025,maize,tonnes,1952,2,2,2,1,values_differ,several_labels_one_source,4190000,6600000,5395000,0.817424,"china, mainland | china, manchuria province of",mitchell
CHN-1950-2025,millet,tonnes,1951,2,2,2,1,values_differ,several_labels_one_source,3407000,7675000,5541000,0.721954,"china, mainland | china, manchuria province of",mitchell
CHN-1950-2025,millet,tonnes,1952,2,2,2,1,values_differ,several_labels_one_source,3445000,7612000,5528500,0.726287,"china, mainland | china, manchuria province of",mitchell
CHN-1950-2025,r_fao_population_1952_10_18,1000 people,1951,2,2,1,1,values_differ,one_label_one_source,331842,463500,397671,0.857974,China,fao1952
CHN-1950-2025,wheat,tonnes,1951,2,2,2,1,values_differ,several_labels_one_source,732000,17230000,8981000,0.521242,"china, mainland | china, manchuria province of",mitchell
CHN-1950-2025,wheat,tonnes,1952,2,2,2,1,values_differ,several_labels_one_source,822000,18130000,9476000,0.52267,"china, mainland | china, manchuria province of",mitchell
COD-1910-1960,cassava,1000 hectares,1949,2,2,1,1,values_differ,one_label_one_source,5,650,327.5,0.503846,Belgian Congo,fao1952
COD-1910-1960,cassava,1000 hectares,1950,2,2,1,1,values_differ,one_label_one_source,3,721,362,0.50208,Belgian Congo,fao1952
COD-1910-1960,cassava,1000 hectares,1951,2,2,1,1,values_differ,one_label_one_source,2,724,363,0.501381,Belgian Congo,fao1952
COD-1910-1960,cassava,1000 tonnes,1949,2,2,1,1,values_differ,one_label_one_source,33,5472,2752.5,0.503015,Belgian Congo,fao1952
COD-1910-1960,cassava,1000 tonnes,1950,2,2,1,1,values_differ,one_label_one_source,27,6250,3138.5,0.50216,Belgian Congo,fao1952
COD-1910-1960,cassava,1000 tonnes,1951,2,2,1,1,values_differ,one_label_one_source,19,6203,3111,0.501532,Belgian Congo,fao1952
COD-1910-1960,horses mules asses,1000 heads,1938,2,2,1,1,values_differ,one_label_one_source,0,1,0.5,0.5,Belgian Congo,fao1952
COD-1910-1960,horses mules asses,1000 heads,1949,2,2,1,1,values_differ,one_label_one_source,1,2,1.5,0.75,Belgian Congo,fao1952
COD-1910-1960,horses mules asses,1000 heads,1950,2,2,1,1,values_differ,one_label_one_source,1,2,1.5,0.75,Belgian Congo,fao1952
COD-1910-1960,horses mules asses,1000 heads,1951,2,2,1,1,values_differ,one_label_one_source,1,2,1.5,0.75,Belgian Congo,fao1952
COD-1910-1960,meat,1000 tonnes,1949,4,4,1,1,values_differ,one_label_one_source,1,12,6,0.5,Belgian Congo,fao1952
COD-1910-1960,meat,1000 tonnes,1950,4,4,1,1,values_differ,one_label_one_source,1,12,6,0.5,Belgian Congo,fao1952
COD-1910-1960,meat,1000 tonnes,1951,3,3,1,1,values_differ,one_label_one_source,1,8,3.666667,0.458333,Belgian Congo,fao1952
COD-1910-1960,r_fao_population_1952_10_18,1000 people,1951,2,2,1,1,values_differ,one_label_one_source,9084,11519,10301.5,0.894305,Belgian Congo,fao1952
COD-1910-1960,sweet potatoes yams,1000 hectares,1949,3,3,1,1,values_differ,one_label_one_source,1,64,42.666667,0.666667,Belgian Congo,fao1952
COD-1910-1960,sweet potatoes yams,1000 hectares,1950,3,3,1,1,values_differ,one_label_one_source,1,59,39.333333,0.666667,Belgian Congo,fao1952
COD-1910-1960,sweet potatoes yams,1000 hectares,1951,3,3,1,1,values_differ,one_label_one_source,1,60,40,0.666667,Belgian Congo,fao1952
COD-1910-1960,sweet potatoes yams,1000 tonnes,1949,3,3,1,1,values_differ,one_label_one_source,7,382,254.666667,0.666667,Belgian Congo,fao1952
COD-1910-1960,sweet potatoes yams,1000 tonnes,1950,3,3,1,1,values_differ,one_label_one_source,7,378,252,0.666667,Belgian Congo,fao1952
COD-1910-1960,sweet potatoes yams,1000 tonnes,1951,3,3,1,1,values_differ,one_label_one_source,6,386,257.333333,0.666667,Belgian Congo,fao1952
COL-1922-2025,centrifugal sugar noncentrifugal cane sugar,1000 tonnes,1949,2,2,1,1,values_differ,one_label_one_source,171,740,455.5,0.615541,Colombia,fao1952
COL-1922-2025,centrifugal sugar noncentrifugal cane sugar,1000 tonnes,1950,2,2,1,1,values_differ,one_label_one_source,195,646,420.5,0.650929,Colombia,fao1952
COL-1922-2025,centrifugal sugar noncentrifugal cane sugar,1000 tonnes,1951,2,2,1,1,values_differ,one_label_one_source,218,650,434,0.667692,Colombia,fao1952
COL-1922-2025,commercial phosphoric acid,1000 tonnes,1949,2,2,1,1,values_differ,one_label_one_source,0.2,3.5,1.85,0.528571,Colombia,fao1952
COL-1922-2025,commercial phosphoric acid,1000 tonnes,1950,2,2,1,1,values_differ,one_label_one_source,0.5,5,2.75,0.55,Colombia,fao1952
COL-1922-2025,commercial phosphoric acid,1000 tonnes,1951,2,2,1,1,values_differ,one_label_one_source,0.5,5,2.75,0.55,Colombia,fao1952
COL-1922-2025,horses mules asses,1000 heads,1938,3,3,1,1,values_differ,one_label_one_source,287,930,552.333333,0.593907,Colombia,fao1952
COL-1922-2025,horses mules asses,1000 heads,1951,3,3,1,1,values_differ,one_label_one_source,461,1296,766.333333,0.591307,Colombia,fao1952
COL-1922-2025,meat,1000 tonnes,1949,4,4,1,1,values_differ,one_label_one_source,1,363,181.5,0.5,Colombia,fao1952
COL-1922-2025,meat,1000 tonnes,1950,4,4,1,1,values_differ,one_label_one_source,2,335,167.5,0.5,Colombia,fao1952
COL-1922-2025,r_fao_population_1952_10_18,1000 people,1937,4,4,1,1,values_differ,one_label_one_source,1562,8531,3783.75,0.443529,Colombia,fao1952
CPV-1886-1975,horses mules asses,1000 heads,1939,3,2,1,1,values_differ,one_label_one_source,1,7,3,0.428571,Cape Verde Islands,fao1952
CRI-1800-2025,horses mules asses,1000 heads,1929,2,2,1,1,values_differ,one_label_one_source,8,85,46.5,0.547059,Costa Rica,fao1952
CRI-1800-2025,horses mules asses,1000 heads,1950,2,2,1,1,values_differ,one_label_one_source,7,77,42,0.545455,Costa Rica,fao1952
CRI-1800-2025,poultry,1000 heads,1950,2,2,1,1,values_differ,one_label_one_source,38,875,456.5,0.521714,Costa Rica,fao1952
CRI-1800-2025,r_fao_population_1952_10_18,1000 people,1937,4,4,1,1,values_differ,one_label_one_source,1,576,192,0.333333,Costa Rica,fao1952
CRI-1800-2025,r_fao_population_1952_10_18,1000 people,1951,4,4,1,1,values_differ,one_label_one_source,5,825,280.75,0.340303,Costa Rica,fao1952
CUB-1800-2025,commercial phosphoric acid,1000 tonnes,1949,2,2,1,1,values_differ,one_label_one_source,3.6,10.2,6.9,0.676471,Cuba,fao1952
CUB-1800-2025,horses mules asses,1000 heads,1939,3,3,1,1,values_differ,one_label_one_source,3,572,217.333333,0.379953,Cuba,fao1952
CUB-1800-2025,horses mules asses,1000 heads,1951,3,3,1,1,values_differ,one_label_one_source,3,409,148.666667,0.363488,Cuba,fao1952
CUB-1800-2025,meat,1000 tonnes,1949,3,3,1,1,values_differ,one_label_one_source,6,84,56,0.666667,Cuba,fao1952
CUB-1800-2025,pesticides arsenicals,tonnes,1949,2,2,1,1,values_differ,one_label_one_source,17,69,43,0.623188,Cuba,fao1952
CUB-1800-2025,pesticides arsenicals,tonnes,1951,4,3,1,1,values_differ,one_label_one_source,5,138,65.75,0.476449,Cuba,fao1952
CUB-1800-2025,poultry,1000 heads,1951,4,4,1,1,values_differ,one_label_one_source,31,6945,1808.5,0.260403,Cuba,fao1952
CUB-1800-2025,r_fao_population_1952_10_18,1000 people,1951,4,4,1,1,values_differ,one_label_one_source,11,5469,1680.75,0.307323,Cuba,fao1952
CXR-1946-1958,phosphate rock,1000 tonnes,1949,2,2,1,1,values_differ,one_label_one_source,106,287,196.5,0.684669,Singapore Christmas Island,fao1952
CXR-1946-1958,phosphate rock,1000 tonnes,1950,2,2,1,1,values_differ,one_label_one_source,110,290,200,0.689655,Singapore Christmas Island,fao1952
CXR-1946-1958,phosphate rock,1000 tonnes,1951,2,2,1,1,values_differ,one_label_one_source,115,308,211.5,0.686688,Singapore Christmas Island,fao1952
CYP-1879-2025,horses mules asses,1000 heads,1938,3,3,1,1,values_differ,one_label_one_source,4,54,23,0.425926,Cyprus,fao1952
CYP-1879-2025,horses mules asses,1000 heads,1949,3,3,1,1,values_differ,one_label_one_source,4,54,22.666667,0.419753,Cyprus,fao1952
CYP-1879-2025,horses mules asses,1000 heads,1950,3,3,1,1,values_differ,one_label_one_source,5,51,21.333333,0.418301,Cyprus,fao1952
CYP-1879-2025,horses mules asses,1000 heads,1951,3,3,1,1,values_differ,one_label_one_source,5,51,21.333333,0.418301,Cyprus,fao1952
CYP-1879-2025,meat,1000 tonnes,1949,3,2,1,1,values_differ,one_label_one_source,3,8,4.666667,0.583333,Cyprus,fao1952
CYP-1879-2025,meat,1000 tonnes,1950,3,2,1,1,values_differ,one_label_one_source,3,8,4.666667,0.583333,Cyprus,fao1952
CYP-1879-2025,meat,1000 tonnes,1951,3,2,1,1,values_differ,one_label_one_source,3,8,4.666667,0.583333,Cyprus,fao1952
CYP-1879-2025,milk,1000 tonnes,1948,2,2,1,1,values_differ,one_label_one_source,1,22,11.5,0.522727,Cyprus,fao1952
CYP-1879-2025,milk,1000 tonnes,1949,2,2,1,1,values_differ,one_label_one_source,3,30,16.5,0.55,Cyprus,fao1952
CYP-1879-2025,milk,1000 tonnes,1950,2,2,1,1,values_differ,one_label_one_source,3,28,15.5,0.553571,Cyprus,fao1952
CYP-1879-2025,milk,1000 tonnes,1951,2,2,1,1,values_differ,one_label_one_source,3,28,15.5,0.553571,Cyprus,fao1952
CYP-1879-2025,other meat,1000 tonnes,1948,3,3,1,1,values_differ,one_label_one_source,0.1,1.2,0.733333,0.611111,Cyprus,fao1952
CYP-1879-2025,other meat,1000 tonnes,1949,3,3,1,1,values_differ,one_label_one_source,0.1,1.2,0.7,0.583333,Cyprus,fao1952
CYP-1879-2025,other meat,1000 tonnes,1950,3,3,1,1,values_differ,one_label_one_source,0.1,1.3,0.766667,0.589744,Cyprus,fao1952
CYP-1879-2025,other meat,1000 tonnes,1951,2,2,1,1,values_differ,one_label_one_source,0.1,0.9,0.5,0.555556,Cyprus,fao1952
CYP-1879-2025,poultry,1000 heads,1950,4,4,1,1,values_differ,one_label_one_source,1,531,135.25,0.254708,Cyprus,fao1952
CYP-1879-2025,poultry,1000 heads,1951,4,4,1,1,values_differ,one_label_one_source,2,417,107,0.256595,Cyprus,fao1952
CYP-1879-2025,r_fao_population_1952_10_18,1000 people,1937,3,2,1,1,values_differ,one_label_one_source,68,371,169,0.455526,Cyprus,fao1952
CYP-1879-2025,r_fao_population_1952_10_18,1000 people,1951,5,5,1,1,values_differ,one_label_one_source,8,491,180.6,0.367821,Cyprus,fao1952
CYR-1949-1951,horses mules asses,1000 heads,1949,2,2,1,1,values_differ,one_label_one_source,4,10,7,0.7,Libya Cyrenaica,fao1952
DEU-1920-1938,r_fao_population_1952_10_18,1000 people,1937,10,10,4,1,values_differ,several_labels_one_source,2334,57576,13854.5,0.24063,Germany | Germany  Western | Germany Berlin | Germany Western,fao1952
DEU-1938-1945,horses mules asses,1000 heads,1938,2,2,1,1,values_differ,one_label_one_source,5,2391,1198,0.501046,Germany,fao1952
DEU-1949-1990,commercial nitrogenous fertilizers,1000 tonnes,1949,2,2,1,1,values_differ,one_label_one_source,457.6,561.4,509.5,0.907553,Germany,fao1952
DEU-1949-1990,commercial nitrogenous fertilizers,1000 tonnes,1950,2,2,1,1,values_differ,one_label_one_source,445.5,669.7,557.6,0.832612,Germany,fao1952
DEU-1949-1990,commercial nitrogenous fertilizers,1000 tonnes,1951,2,2,1,1,values_differ,one_label_one_source,471,705,588,0.834043,Germany,fao1952
DEU-1949-1990,commercial phosphoric acid,1000 tonnes,1950,2,2,1,1,values_differ,one_label_one_source,399.8,477.4,438.6,0.918726,Germany,fao1952
DEU-1949-1990,commercial phosphoric acid,1000 tonnes,1951,2,2,1,1,values_differ,one_label_one_source,426,506,466,0.920949,Germany,fao1952
DEU-1949-1990,commercial potash fertilizers,1000 tonnes,1949,2,2,1,1,values_differ,one_label_one_source,1137.5,1834.8,1486.15,0.809979,Germany,fao1952
DEU-1949-1990,commercial potash fertilizers,1000 tonnes,1950,2,2,1,1,values_differ,one_label_one_source,1059,2211.8,1635.4,0.739398,Germany,fao1952
DEU-1949-1990,commercial potash fertilizers,1000 tonnes,1951,2,2,1,1,values_differ,one_label_one_source,1150,2300,1725,0.75,Germany,fao1952
DEU-1949-1990,horses mules asses,1000 heads,1949,2,2,1,1,values_differ,one_label_one_source,6,2290,1148,0.50131,Germany,fao1952
DEU-1949-1990,horses mules asses,1000 heads,1950,2,2,1,1,values_differ,one_label_one_source,5,2332,1168.5,0.501072,Germany,fao1952
DEU-1949-1990,horses mules asses,1000 heads,1951,2,2,1,1,values_differ,one_label_one_source,5,2296,1150.5,0.501089,Germany,fao1952
DEU-1949-1990,poultry,1000 heads,1951,3,3,1,1,values_differ,one_label_one_source,1607,67850,24676,0.363685,Germany,fao1952
DEU-1949-1990,r_fao_population_1952_10_18,1000 people,1951,2,2,1,1,values_differ,one_label_one_source,11601,69000,40300.5,0.584065,Germany,fao1952
DNK-1920-2025,commercial phosphoric acid,1000 tonnes,1949,2,2,1,1,values_differ,one_label_one_source,77.5,81.7,79.6,0.974296,Denmark,fao1952
DNK-1920-2025,commercial phosphoric acid,1000 tonnes,1950,2,2,1,1,values_differ,one_label_one_source,73.8,84.5,79.15,0.936686,Denmark,fao1952
DNK-1920-2025,commercial phosphoric acid,1000 tonnes,1951,2,2,1,1,values_differ,one_label_one_source,73.8,82,77.9,0.95,Denmark,fao1952
DNK-1920-2025,dried milk,1000 tonnes,1949,2,2,1,1,values_differ,one_label_one_source,4,6,5,0.833333,Denmark,fao1952
DNK-1920-2025,dried milk,1000 tonnes,1950,2,2,1,1,values_differ,one_label_one_source,5,7,6,0.857143,Denmark,fao1952
DNK-1920-2025,meat,1000 tonnes,1949,4,4,1,1,values_differ,one_label_one_source,2,409,204.5,0.5,Denmark,fao1952
DNK-1920-2025,meat,1000 tonnes,1950,4,4,1,1,values_differ,one_label_one_source,2,525,262.5,0.5,Denmark,fao1952
DNK-1920-2025,meat,1000 tonnes,1951,4,4,1,1,values_differ,one_label_one_source,1,603,301.5,0.5,Denmark,fao1952
DNK-1920-2025,other meat,1000 tonnes,1948,2,2,1,1,values_differ,one_label_one_source,14.4,20.7,17.55,0.847826,Denmark,fao1952
DNK-1920-2025,other meat,1000 tonnes,1949,2,2,1,1,values_differ,one_label_one_source,16.3,25,20.65,0.826,Denmark,fao1952
DNK-1920-2025,other meat,1000 tonnes,1950,3,3,1,1,values_differ,one_label_one_source,3.4,26,12.966667,0.498718,Denmark,fao1952
DNK-1920-2025,other meat,1000 tonnes,1951,3,3,1,1,values_differ,one_label_one_source,3.5,22,10.766667,0.489394,Denmark,fao1952
DNK-1920-2025,poultry,1000 heads,1949,4,4,1,1,values_differ,one_label_one_source,39,25996,6768.5,0.260367,Denmark,fao1952
DNK-1920-2025,poultry,1000 heads,1950,4,4,1,1,values_differ,one_label_one_source,22,24548,6341.25,0.25832,Denmark,fao1952
DNK-1920-2025,poultry,1000 heads,1951,4,4,1,1,values_differ,one_label_one_source,20,22250,5714,0.256809,Denmark,fao1952
DNK-1920-2025,r_fao_population_1952_10_18,1000 people,1937,5,5,1,1,values_differ,one_label_one_source,121,3749,1179.4,0.314591,Denmark,fao1952
DNK-1920-2025,r_fao_population_1952_10_18,1000 people,1951,5,5,1,1,values_differ,one_label_one_source,126,4304,1835.2,0.426394,Denmark,fao1952
DOM-1800-2025,horses mules asses,1000 heads,1939,3,3,1,1,values_differ,one_label_one_source,48,245,136.333333,0.556463,Dominican Republic,fao1952
DOM-1800-2025,horses mules asses,1000 heads,1949,3,3,1,1,values_differ,one_label_one_source,45,139,87.666667,0.630695,Dominican Republic,fao1952
DOM-1800-2025,horses mules asses,1000 heads,1950,3,3,1,1,values_differ,one_label_one_source,47,142,89.666667,0.631455,Dominican Republic,fao1952
DOM-1800-2025,horses mules asses,1000 heads,1951,3,3,1,1,values_differ,one_label_one_source,43,134,85.666667,0.639303,Dominican Republic,fao1952
DOM-1800-2025,meat,1000 tonnes,1949,3,3,1,1,values_differ,one_label_one_source,7,22,14.666667,0.666667,Dominican Republic,fao1952
DOM-1800-2025,meat,1000 tonnes,1950,3,3,1,1,values_differ,one_label_one_source,7,23,15.333333,0.666667,Dominican Republic,fao1952
DOM-1800-2025,poultry,1000 heads,1949,4,4,1,1,values_differ,one_label_one_source,1,2172,562.75,0.259093,Dominican Republic,fao1952
DOM-1800-2025,poultry,1000 heads,1950,4,4,1,1,values_differ,one_label_one_source,1,2155,560.75,0.260209,Dominican Republic,fao1952
DOM-1800-2025,poultry,1000 heads,1951,4,4,1,1,values_differ,one_label_one_source,1,1854,484.75,0.261462,Dominican Republic,fao1952
DOM-1800-2025,r_fao_population_1952_10_18,1000 people,1937,4,4,1,1,values_differ,one_label_one_source,10,1556,574.5,0.369216,Dominican Republic,fao1952
DZA-1919-1962,commercial nitrogenous fertilizers,1000 tonnes,1950,2,2,1,1,values_differ,one_label_one_source,0.8,9,4.9,0.544444,Algeria,fao1952
DZA-1919-1962,commercial nitrogenous fertilizers,1000 tonnes,1951,2,2,1,1,values_differ,one_label_one_source,0.8,9,4.9,0.544444,Algeria,fao1952
DZA-1919-1962,horses mules asses,1000 heads,1939,3,3,1,1,values_differ,one_label_one_source,209,349,259.666667,0.744031,Algeria,fao1952
DZA-1919-1962,horses mules asses,1000 heads,1949,3,3,1,1,values_differ,one_label_one_source,204,255,229.666667,0.900654,Algeria,fao1952
DZA-1919-1962,horses mules asses,1000 heads,1950,3,3,1,1,values_differ,one_label_one_source,217,325,260,0.8,Algeria,fao1952
DZA-1919-1962,horses mules asses,1000 heads,1951,3,3,1,1,values_differ,one_label_one_source,215,338,262.333333,0.776134,Algeria,fao1952
DZA-1919-1962,meat,1000 tonnes,1949,4,4,1,1,values_differ,one_label_one_source,10,38,19,0.5,Algeria,fao1952
DZA-1919-1962,meat,1000 tonnes,1950,4,4,1,1,values_differ,one_label_one_source,11,40,20,0.5,Algeria,fao1952
DZA-1919-1962,meat,1000 tonnes,1951,4,4,1,1,values_differ,one_label_one_source,6,47,23.5,0.5,Algeria,fao1952
DZA-1919-1962,milk,1000 tonnes,1949,2,2,1,1,values_differ,one_label_one_source,250,720,485,0.673611,Algeria,fao1952
DZA-1919-1962,milk,1000 tonnes,1950,2,2,1,1,values_differ,one_label_one_source,250,650,450,0.692308,Algeria,fao1952
DZA-1919-1962,other meat,1000 tonnes,1949,4,4,1,1,values_differ,one_label_one_source,0.7,15,5.725,0.381667,Algeria,fao1952
DZA-1919-1962,other meat,1000 tonnes,1950,4,4,1,1,values_differ,one_label_one_source,0.5,10,4.45,0.445,Algeria,fao1952
DZA-1919-1962,pesticides arsenicals,tonnes,1949,2,2,1,1,values_differ,one_label_one_source,50,100,75,0.75,Algeria,fao1952
DZA-1919-1962,pesticides arsenicals,tonnes,1950,2,2,1,1,values_differ,one_label_one_source,60,80,70,0.875,Algeria,fao1952
DZA-1919-1962,pesticides sulphur dust,tonnes,1949,2,2,1,1,values_differ,one_label_one_source,100,20000,10050,0.5025,Algeria,fao1952
DZA-1919-1962,pesticides sulphur dust,tonnes,1950,2,2,1,1,values_differ,one_label_one_source,80,19000,9540,0.502105,Algeria,fao1952
DZA-1919-1962,phosphate rock,1000 tonnes,1949,2,2,1,1,values_differ,one_label_one_source,138,602,370,0.614618,Algeria,fao1952
DZA-1919-1962,phosphate rock,1000 tonnes,1950,2,2,1,1,values_differ,one_label_one_source,145,678,411.5,0.606932,Algeria,fao1952
DZA-1919-1962,phosphate rock,1000 tonnes,1951,2,2,1,1,values_differ,one_label_one_source,150,690,420,0.608696,Algeria,fao1952
DZA-1919-1962,poultry,1000 heads,1949,4,4,1,1,values_differ,one_label_one_source,10,10000,2535,0.2535,Algeria,fao1952
DZA-1919-1962,poultry,1000 heads,1950,4,4,1,1,values_differ,one_label_one_source,10,10000,2535,0.2535,Algeria,fao1952
DZA-1919-1962,r_fao_population_1952_10_18,1000 people,1951,2,2,1,1,values_differ,one_label_one_source,6010,8930,7470,0.836506,Algeria,fao1952
ECU-1800-1942,horses mules asses,1000 heads,1939,3,3,1,1,values_differ,one_label_one_source,22,104,58,0.557692,Ecuador,fao1952
ECU-1942-2025,centrifugal sugar noncentrifugal cane sugar,1000 tonnes,1949,2,2,1,1,values_differ,one_label_one_source,22,46,34,0.73913,Ecuador,fao1952
ECU-1942-2025,centrifugal sugar noncentrifugal cane sugar,1000 tonnes,1950,2,2,1,1,values_differ,one_label_one_source,21,55,38,0.690909,Ecuador,fao1952
ECU-1942-2025,centrifugal sugar noncentrifugal cane sugar,1000 tonnes,1951,2,2,1,1,values_differ,one_label_one_source,21,54,37.5,0.694444,Ecuador,fao1952
ECU-1942-2025,cheese,1000 tonnes,1949,2,2,1,1,values_differ,one_label_one_source,1,3,2,0.666667,Ecuador,fao1952
ECU-1942-2025,commercial phosphoric acid,1000 tonnes,1949,2,2,1,1,values_differ,one_label_one_source,0.1,0.2,0.15,0.75,Ecuador,fao1952
ECU-1942-2025,commercial phosphoric acid,1000 tonnes,1950,2,1,1,1,values_identical,one_label_one_source,0.1,0.1,0.1,1,Ecuador,fao1952
ECU-1942-2025,commercial phosphoric acid,1000 tonnes,1951,2,2,1,1,values_differ,one_label_one_source,0.1,0.2,0.15,0.75,Ecuador,fao1952
ECU-1942-2025,horses mules asses,1000 heads,1949,3,3,1,1,values_differ,one_label_one_source,54,111,88.333333,0.795796,Ecuador,fao1952
ECU-1942-2025,meat,1000 tonnes,1949,4,4,1,1,values_differ,one_label_one_source,2,32,16,0.5,Ecuador,fao1952
ECU-1942-2025,poultry,1000 heads,1949,4,3,1,1,values_differ,one_label_one_source,20,15000,3805,0.253667,Ecuador,fao1952
EGY-1925-1967,commercial nitrogenous fertilizers,1000 tonnes,1951,2,2,1,1,values_differ,one_label_one_source,27.9,130.1,79,0.607225,Egypt,fao1952
EGY-1925-1967,commercial phosphoric acid,1000 tonnes,1949,2,2,1,1,values_differ,one_label_one_source,9,14,11.5,0.821429,Egypt,fao1952
EGY-1925-1967,commercial phosphoric acid,1000 tonnes,1950,2,2,1,1,values_differ,one_label_one_source,12.8,21.9,17.35,0.792237,Egypt,fao1952
EGY-1925-1967,commercial phosphoric acid,1000 tonnes,1951,2,1,1,1,values_identical,one_label_one_source,12.9,12.9,12.9,1,Egypt,fao1952
EGY-1925-1967,horses mules asses,1000 heads,1939,3,3,1,1,values_differ,one_label_one_source,29,1069,381.666667,0.357031,Egypt,fao1952
EGY-1925-1967,meat,1000 tonnes,1949,4,4,1,1,values_differ,one_label_one_source,1,158,79,0.5,Egypt,fao1952
EGY-1925-1967,meat,1000 tonnes,1950,4,4,1,1,values_differ,one_label_one_source,1,177,88.5,0.5,Egypt,fao1952
EGY-1925-1967,milk,1000 tonnes,1949,2,2,1,1,values_differ,one_label_one_source,425,847,636,0.750885,Egypt,fao1952
EGY-1925-1967,milk,1000 tonnes,1950,2,2,1,1,values_differ,one_label_one_source,397,767,582,0.758801,Egypt,fao1952
EGY-1925-1967,other meat,1000 tonnes,1949,2,2,1,1,values_differ,one_label_one_source,15,23,19,0.826087,Egypt,fao1952
EGY-1925-1967,other meat,1000 tonnes,1950,2,2,1,1,values_differ,one_label_one_source,15,25,20,0.8,Egypt,fao1952
EGY-1925-1967,pesticides arsenicals,tonnes,1949,2,2,1,1,values_differ,one_label_one_source,0.5,103,51.75,0.502427,Egypt,fao1952
EGY-1925-1967,pesticides sulphur dust,tonnes,1949,2,2,1,1,values_differ,one_label_one_source,20,75,47.5,0.633333,Egypt,fao1952
EGY-1925-1967,phosphate rock,1000 tonnes,1949,2,2,1,1,values_differ,one_label_one_source,118,397,257.5,0.648615,Egypt,fao1952
EGY-1925-1967,phosphate rock,1000 tonnes,1950,2,2,1,1,values_differ,one_label_one_source,134,451,292.5,0.648559,Egypt,fao1952
EGY-1925-1967,phosphate rock,1000 tonnes,1951,2,2,1,1,values_differ,one_label_one_source,158,530,344,0.649057,Egypt,fao1952
EGY-1925-1967,r_fao_population_1952_10_18,1000 people,1937,4,4,1,1,values_differ,one_label_one_source,703,16008,6134.5,0.383215,Egypt,fao1952
EGY-1925-1967,r_fao_population_1952_10_18,1000 people,1951,4,4,1,1,values_differ,one_label_one_source,3659,20729,8961.25,0.432305,Egypt,fao1952
ERI-1889-1952,horses mules asses,1000 heads,1938,3,3,1,1,values_differ,one_label_one_source,1,43,17.333333,0.403101,Eritrea,fao1952
ERI-1889-1952,horses mules asses,1000 heads,1949,3,3,1,1,values_differ,one_label_one_source,1,82,30.666667,0.373984,Eritrea,fao1952
ERI-1889-1952,horses mules asses,1000 heads,1950,3,3,1,1,values_differ,one_label_one_source,1,82,30.333333,0.369919,Eritrea,fao1952
ERI-1889-1952,meat,1000 tonnes,1949,3,3,1,1,values_differ,one_label_one_source,2,5,3.333333,0.666667,Eritrea,fao1952
ERI-1889-1952,meat,1000 tonnes,1950,3,3,1,1,values_differ,one_label_one_source,1,5,3.333333,0.666667,Eritrea,fao1952
ERI-1889-1952,meat,1000 tonnes,1951,3,3,1,1,values_differ,one_label_one_source,1,4,2.666667,0.666667,Eritrea,fao1952
ERI-1889-1952,milk,1000 tonnes,1950,2,2,1,1,values_differ,one_label_one_source,27,50,38.5,0.77,Eritrea,fao1952
ERI-1889-1952,milk,1000 tonnes,1951,2,2,1,1,values_differ,one_label_one_source,27,50,38.5,0.77,Eritrea,fao1952
ESP-1800-2025,centrifugal sugar noncentrifugal cane sugar,1000 tonnes,1949,3,3,1,1,values_differ,one_label_one_source,26,189,126,0.666667,Spain,fao1952
ESP-1800-2025,centrifugal sugar noncentrifugal cane sugar,1000 tonnes,1950,3,3,1,1,values_differ,one_label_one_source,24,198,132,0.666667,Spain,fao1952
ESP-1800-2025,centrifugal sugar noncentrifugal cane sugar,1000 tonnes,1951,3,3,1,1,values_differ,one_label_one_source,27,332,221.333333,0.666667,Spain,fao1952
ESP-1800-2025,commercial nitrogenous fertilizers,1000 tonnes,1949,2,2,1,1,values_differ,one_label_one_source,8.5,58.5,33.5,0.57265,Spain,fao1952
ESP-1800-2025,commercial nitrogenous fertilizers,1000 tonnes,1950,2,2,1,1,values_differ,one_label_one_source,6.6,56.6,31.6,0.558304,Spain,fao1952
ESP-1800-2025,commercial nitrogenous fertilizers,1000 tonnes,1951,2,2,1,1,values_differ,one_label_one_source,7,60,33.5,0.558333,Spain,fao1952
ESP-1800-2025,commercial phosphoric acid,1000 tonnes,1949,2,2,1,1,values_differ,one_label_one_source,126.5,130,128.25,0.986538,Spain,fao1952
ESP-1800-2025,commercial phosphoric acid,1000 tonnes,1950,2,2,1,1,values_differ,one_label_one_source,136,140,138,0.985714,Spain,fao1952
ESP-1800-2025,commercial phosphoric acid,1000 tonnes,1951,2,2,1,1,values_differ,one_label_one_source,140,145,142.5,0.982759,Spain,fao1952
ESP-1800-2025,commercial potash fertilizers,1000 tonnes,1949,2,2,1,1,values_differ,one_label_one_source,35,165,100,0.606061,Spain,fao1952
ESP-1800-2025,commercial potash fertilizers,1000 tonnes,1950,2,2,1,1,values_differ,one_label_one_source,35,170,102.5,0.602941,Spain,fao1952
ESP-1800-2025,commercial potash fertilizers,1000 tonnes,1951,2,2,1,1,values_differ,one_label_one_source,55,180,117.5,0.652778,Spain,fao1952
ESP-1800-2025,horses mules asses,1000 heads,1939,3,3,1,1,values_differ,one_label_one_source,555,1117,825.666667,0.739182,Spain,fao1952
ESP-1800-2025,horses mules asses,1000 heads,1950,3,3,1,1,values_differ,one_label_one_source,705,1186,904.333333,0.762507,Spain,fao1952
ESP-1800-2025,meat,1000 tonnes,1950,4,4,1,1,values_differ,one_label_one_source,109,432,216,0.5,Spain,fao1952
ESP-1800-2025,phosphate rock,1000 tonnes,1950,2,2,1,1,values_differ,one_label_one_source,6,20,13,0.65,Spain,fao1952
ESP-1800-2025,phosphate rock,1000 tonnes,1951,2,2,1,1,values_differ,one_label_one_source,7,22,14.5,0.659091,Spain,fao1952
ESP-1800-2025,poultry,1000 heads,1950,4,4,1,1,values_differ,one_label_one_source,72,20338,5269.75,0.259109,Spain,fao1952
ESP-1800-2025,r_fao_population_1952_10_18,1000 people,1937,2,2,1,1,values_differ,one_label_one_source,13063,25043,19053,0.760811,Spain,fao1952
ESP-1800-2025,r_fao_population_1952_10_18,1000 people,1951,5,5,1,1,values_differ,one_label_one_source,262,28086,9475.4,0.337371,Spain,fao1952
ETH-1907-1936,"coffee, green",tonnes,1933,2,1,2,2,values_identical,several_labels_several_sources,16200,16200,16200,1,ethiopia | ethiopia pdr,iia | mitchell
ETH-1907-1936,"coffee, green",tonnes,1934,2,1,2,2,values_identical,several_labels_several_sources,22400,22400,22400,1,ethiopia | ethiopia pdr,iia | mitchell
ETH-1907-1936,"coffee, green",tonnes,1935,2,1,2,2,values_identical,several_labels_several_sources,19800,19800,19800,1,ethiopia | ethiopia pdr,iia | mitchell
ETH-1941-1952,"coffee, green",tonnes,1942,2,1,2,2,values_identical,several_labels_several_sources,8400,8400,8400,1,ethiopia | ethiopia pdr,iia | mitchell
ETH-1941-1952,"coffee, green",tonnes,1943,2,1,2,2,values_identical,several_labels_several_sources,11000,11000,11000,1,ethiopia | ethiopia pdr,iia | mitchell
ETH-1941-1952,"coffee, green",tonnes,1944,2,1,2,2,values_identical,several_labels_several_sources,14000,14000,14000,1,ethiopia | ethiopia pdr,iia | mitchell
ETH-1941-1952,"coffee, green",tonnes,1945,2,1,2,1,values_identical,several_labels_one_source,17000,17000,17000,1,ethiopia | ethiopia pdr,iia
ETH-1941-1952,horses mules asses,1000 heads,1949,3,3,1,1,values_differ,one_label_one_source,1000,3000,1700,0.566667,Ethiopia,fao1952
ETH-1941-1952,horses mules asses,1000 heads,1950,3,3,1,1,values_differ,one_label_one_source,1000,3000,1700,0.566667,Ethiopia,fao1952
ETH-1941-1952,horses mules asses,1000 heads,1951,3,2,1,1,values_differ,one_label_one_source,0,3000,1000,0.333333,Ethiopia,fao1952
ETH-1941-1952,meat,1000 tonnes,1949,3,3,1,1,values_differ,one_label_one_source,140,290,193.333333,0.666667,Ethiopia,fao1952
ETH-1941-1952,meat,1000 tonnes,1950,3,3,1,1,values_differ,one_label_one_source,100,300,200,0.666667,Ethiopia,fao1952
ETH-1941-1952,meat,1000 tonnes,1951,3,3,1,1,values_differ,one_label_one_source,120,320,213.333333,0.666667,Ethiopia,fao1952
ETH-1941-1952,milk,1000 tonnes,1948,2,2,1,1,values_differ,one_label_one_source,600,1350,975,0.722222,Ethiopia,fao1952
ETH-1941-1952,milk,1000 tonnes,1949,2,2,1,1,values_differ,one_label_one_source,600,1800,1200,0.666667,Ethiopia,fao1952
ETH-1941-1952,milk,1000 tonnes,1950,2,2,1,1,values_differ,one_label_one_source,300,800,550,0.6875,Ethiopia,fao1952
F228-1921-1940,r_fao_population_1952_10_18,1000 people,1937,4,3,1,1,values_differ,one_label_one_source,71735,188656,111545.5,0.591264,USSR,fao1952
F228-1945-1991,r_fao_population_1952_10_18,1000 people,1951,2,2,1,1,values_differ,one_label_one_source,97100,205000,151050,0.736829,USSR,fao1952
F248-1920-1947,"beans, dry",ha,1933,2,1,2,2,values_identical,several_labels_several_sources,35000,35000,35000,1,serbia | yugoslav sfr,iia | juan
F248-1920-1947,"beans, dry",ha,1934,2,1,2,2,values_identical,several_labels_several_sources,35000,35000,35000,1,serbia | yugoslav sfr,iia | juan
F248-1920-1947,"beans, dry",ha,1935,2,1,2,2,values_identical,several_labels_several_sources,32000,32000,32000,1,serbia | yugoslav sfr,iia | juan
F248-1920-1947,"beans, dry",ha,1936,2,1,2,2,values_identical,several_labels_several_sources,31000,31000,31000,1,serbia | yugoslav sfr,iia | juan
F248-1920-1947,"beans, dry",ha,1937,2,1,2,2,values_identical,several_labels_several_sources,30000,30000,30000,1,serbia | yugoslav sfr,iia | juan
F248-1920-1947,"beans, dry",ha,1938,2,1,2,2,values_identical,several_labels_several_sources,30000,30000,30000,1,serbia | yugoslav sfr,iia | juan
F248-1920-1947,"beans, dry",ha,1939,2,1,2,2,values_identical,several_labels_several_sources,30000,30000,30000,1,serbia | yugoslav sfr,iia | juan
F248-1920-1947,"beans, dry",tonnes,1933,2,2,2,2,values_differ,several_labels_several_sources,30600,116600,73600,0.631218,serbia | yugoslav sfr,iia | juan
F248-1920-1947,"beans, dry",tonnes,1934,2,2,2,2,values_differ,several_labels_several_sources,40400,158200,99300,0.627686,serbia | yugoslav sfr,iia | juan
F248-1920-1947,"beans, dry",tonnes,1935,2,2,2,2,values_differ,several_labels_several_sources,22500,114700,68600,0.598082,serbia | yugoslav sfr,iia | juan
F248-1920-1947,"beans, dry",tonnes,1936,2,2,2,2,values_differ,several_labels_several_sources,30600,133500,82050,0.614607,serbia | yugoslav sfr,iia | juan
F248-1920-1947,"beans, dry",tonnes,1937,2,2,2,2,values_differ,several_labels_several_sources,35600,155000,95300,0.614839,serbia | yugoslav sfr,iia | juan
F248-1920-1947,"beans, dry",tonnes,1938,2,2,2,2,values_differ,several_labels_several_sources,26900,114100,70500,0.617879,serbia | yugoslav sfr,iia | juan
F248-1920-1947,"beans, dry",tonnes,1939,2,2,2,2,values_differ,several_labels_several_sources,24800,98200,61500,0.626273,serbia | yugoslav sfr,iia | juan
F248-1920-1947,castor beans seed,tonnes,1939,2,1,2,2,values_identical,several_labels_several_sources,300,300,300,1,serbia | yugoslav sfr,iia | juan
F248-1920-1947,cotton lint,tonnes,1922,2,2,2,2,values_differ,several_labels_several_sources,50,56.1,53.05,0.945633,serbia | yugoslav sfr,iia | juan
F248-1920-1947,cotton lint,tonnes,1923,2,2,2,2,values_differ,several_labels_several_sources,40,44.1,42.05,0.953515,serbia | yugoslav sfr,iia | juan
F248-1920-1947,cotton lint,tonnes,1924,2,2,2,2,values_differ,several_labels_several_sources,80,83.4,81.7,0.979616,serbia | yugoslav sfr,iia | juan
F248-1920-1947,cotton lint,tonnes,1925,2,2,2,2,values_differ,several_labels_several_sources,120,125.8,122.9,0.976948,serbia | yugoslav sfr,iia | juan
F248-1920-1947,cotton lint,tonnes,1930,2,2,2,2,values_differ,several_labels_several_sources,130,134.9,132.45,0.981838,serbia | yugoslav sfr,iia | juan
F248-1920-1947,cotton lint,tonnes,1931,2,2,2,2,values_differ,several_labels_several_sources,70,74.1,72.05,0.972335,serbia | yugoslav sfr,iia | juan
F248-1920-1947,cotton lint,tonnes,1932,2,2,2,2,values_differ,several_labels_several_sources,110,117.6,113.8,0.967687,serbia | yugoslav sfr,iia | juan
F248-1920-1947,cotton lint,tonnes,1933,2,2,2,2,values_differ,several_labels_several_sources,68.4,100,84.2,0.842,serbia | yugoslav sfr,iia | juan
F248-1920-1947,cotton lint,tonnes,1934,2,1,2,2,values_identical,several_labels_several_sources,200,200,200,1,serbia | yugoslav sfr,iia | juan
F248-1920-1947,cotton lint,tonnes,1935,2,1,2,2,values_identical,several_labels_several_sources,200,200,200,1,serbia | yugoslav sfr,iia | juan
F248-1920-1947,cotton lint,tonnes,1936,2,1,2,2,values_identical,several_labels_several_sources,400,400,400,1,serbia | yugoslav sfr,iia | juan
F248-1920-1947,cotton lint,tonnes,1937,2,1,2,2,values_identical,several_labels_several_sources,700,700,700,1,serbia | yugoslav sfr,iia | juan
F248-1920-1947,cotton lint,tonnes,1938,2,1,2,2,values_identical,several_labels_several_sources,1200,1200,1200,1,serbia | yugoslav sfr,iia | juan
F248-1920-1947,cotton lint,tonnes,1939,2,1,2,2,values_identical,several_labels_several_sources,1100,1100,1100,1,serbia | yugoslav sfr,iia | juan
F248-1920-1947,flax fibre and tow,ha,1920,2,2,2,2,values_differ,several_labels_several_sources,14100,14118,14109,0.999363,serbia | yugoslav sfr,iia | juan
F248-1920-1947,flax fibre and tow,ha,1921,2,2,2,2,values_differ,several_labels_several_sources,14700,14760,14730,0.997967,serbia | yugoslav sfr,iia | juan
F248-1920-1947,flax fibre and tow,ha,1922,2,2,2,2,values_differ,several_labels_several_sources,13100,13180,13140,0.996965,serbia | yugoslav sfr,iia | juan
F248-1920-1947,flax fibre and tow,ha,1923,2,2,2,2,values_differ,several_labels_several_sources,13400,13421,13410.5,0.999218,serbia | yugoslav sfr,iia | juan
F248-1920-1947,flax fibre and tow,ha,1924,2,2,2,2,values_differ,several_labels_several_sources,13000,13086,13043,0.996714,serbia | yugoslav sfr,iia | juan
F248-1920-1947,flax fibre and tow,ha,1925,2,2,2,2,values_differ,several_labels_several_sources,13200,13222,13211,0.999168,serbia | yugoslav sfr,iia | juan
F248-1920-1947,flax fibre and tow,ha,1930,2,2,2,2,values_differ,several_labels_several_sources,13100,13163,13131.5,0.997607,serbia | yugoslav sfr,iia | juan
F248-1920-1947,flax fibre and tow,ha,1931,2,2,2,2,values_differ,several_labels_several_sources,12300,12387,12343.5,0.996488,serbia | yugoslav sfr,iia | juan
F248-1920-1947,flax fibre and tow,ha,1932,2,2,2,2,values_differ,several_labels_several_sources,10600,10668,10634,0.996813,serbia | yugoslav sfr,iia | juan
F248-1920-1947,flax fibre and tow,ha,1933,2,2,2,2,values_differ,several_labels_several_sources,11000,11129,11064.5,0.994204,serbia | yugoslav sfr,iia | juan
F248-1920-1947,flax fibre and tow,ha,1934,2,1,2,2,values_identical,several_labels_several_sources,11000,11000,11000,1,serbia | yugoslav sfr,iia | juan
F248-1920-1947,flax fibre and tow,ha,1935,2,1,2,2,values_identical,several_labels_several_sources,12000,12000,12000,1,serbia | yugoslav sfr,iia | juan
F248-1920-1947,flax fibre and tow,ha,1936,2,1,2,2,values_identical,several_labels_several_sources,14000,14000,14000,1,serbia | yugoslav sfr,iia | juan
F248-1920-1947,flax fibre and tow,ha,1937,2,1,2,2,values_identical,several_labels_several_sources,13000,13000,13000,1,serbia | yugoslav sfr,iia | juan
F248-1920-1947,flax fibre and tow,ha,1938,2,1,2,2,values_identical,several_labels_several_sources,14000,14000,14000,1,serbia | yugoslav sfr,iia | juan
F248-1920-1947,flax fibre and tow,ha,1939,2,1,2,2,values_identical,several_labels_several_sources,14000,14000,14000,1,serbia | yugoslav sfr,iia | juan
F248-1920-1947,flax fibre and tow,tonnes,1920,2,2,2,2,values_differ,several_labels_several_sources,8810,8813.5,8811.75,0.999801,serbia | yugoslav sfr,iia | juan
F248-1920-1947,flax fibre and tow,tonnes,1921,2,2,2,2,values_differ,several_labels_several_sources,8260,8260.4,8260.2,0.999976,serbia | yugoslav sfr,iia | juan
F248-1920-1947,flax fibre and tow,tonnes,1922,2,2,2,2,values_differ,several_labels_several_sources,6020,6925,6472.5,0.934657,serbia | yugoslav sfr,iia | juan
F248-1920-1947,flax fibre and tow,tonnes,1923,2,2,2,2,values_differ,several_labels_several_sources,8690,8698.5,8694.25,0.999511,serbia | yugoslav sfr,iia | juan
F248-1920-1947,flax fibre and tow,tonnes,1924,2,2,2,2,values_differ,several_labels_several_sources,8470,8474.6,8472.3,0.999729,serbia | yugoslav sfr,iia | juan
F248-1920-1947,flax fibre and tow,tonnes,1925,2,2,2,2,values_differ,several_labels_several_sources,10210,10214.1,10212.05,0.999799,serbia | yugoslav sfr,iia | juan
F248-1920-1947,flax fibre and tow,tonnes,1930,2,2,2,2,values_differ,several_labels_several_sources,10330,10336.6,10333.3,0.999681,serbia | yugoslav sfr,iia | juan
F248-1920-1947,flax fibre and tow,tonnes,1931,2,2,2,2,values_differ,several_labels_several_sources,9800,9809.8,9804.9,0.9995,serbia | yugoslav sfr,iia | juan
F248-1920-1947,flax fibre and tow,tonnes,1932,2,2,2,2,values_differ,several_labels_several_sources,10630,10634.7,10632.35,0.999779,serbia | yugoslav sfr,iia | juan
F248-1920-1947,flax fibre and tow,tonnes,1933,2,2,2,2,values_differ,several_labels_several_sources,9900,9927.7,9913.85,0.998605,serbia | yugoslav sfr,iia | juan
F248-1920-1947,flax fibre and tow,tonnes,1934,2,2,2,2,values_differ,several_labels_several_sources,800,10600,5700,0.537736,serbia | yugoslav sfr,iia | juan
F248-1920-1947,flax fibre and tow,tonnes,1935,2,2,2,2,values_differ,several_labels_several_sources,900,10100,5500,0.544554,serbia | yugoslav sfr,iia | juan
F248-1920-1947,flax fibre and tow,tonnes,1936,2,2,2,2,values_differ,several_labels_several_sources,1500,12000,6750,0.5625,serbia | yugoslav sfr,iia | juan
F248-1920-1947,flax fibre and tow,tonnes,1937,2,2,2,2,values_differ,several_labels_several_sources,1300,11100,6200,0.558559,serbia | yugoslav sfr,iia | juan
F248-1920-1947,flax fibre and tow,tonnes,1938,2,2,2,2,values_differ,several_labels_several_sources,1400,12900,7150,0.554264,serbia | yugoslav sfr,iia | juan
F248-1920-1947,flax fibre and tow,tonnes,1939,2,2,2,2,values_differ,several_labels_several_sources,1500,12000,6750,0.5625,serbia | yugoslav sfr,iia | juan
F248-1920-1947,grapes,ha,1920,2,2,2,2,values_differ,several_labels_several_sources,163800,163829,163814.5,0.999911,serbia | yugoslav sfr,iia | juan
F248-1920-1947,grapes,ha,1921,2,2,2,2,values_differ,several_labels_several_sources,170800,170841,170820.5,0.99988,serbia | yugoslav sfr,iia | juan
F248-1920-1947,grapes,ha,1933,2,1,2,2,values_identical,several_labels_several_sources,195000,195000,195000,1,serbia | yugoslav sfr,iia | juan
F248-1920-1947,grapes,ha,1934,2,1,2,2,values_identical,several_labels_several_sources,199000,199000,199000,1,serbia | yugoslav sfr,iia | juan
F248-1920-1947,grapes,ha,1935,2,1,2,2,values_identical,several_labels_several_sources,207000,207000,207000,1,serbia | yugoslav sfr,iia | juan
F248-1920-1947,grapes,ha,1936,2,1,2,2,values_identical,several_labels_several_sources,214000,214000,214000,1,serbia | yugoslav sfr,iia | juan
F248-1920-1947,grapes,ha,1937,2,1,2,2,values_identical,several_labels_several_sources,215000,215000,215000,1,serbia | yugoslav sfr,iia | juan
F248-1920-1947,grapes,ha,1938,2,1,2,2,values_identical,several_labels_several_sources,219000,219000,219000,1,serbia | yugoslav sfr,iia | juan
F248-1920-1947,grapes,ha,1939,2,1,2,2,values_identical,several_labels_several_sources,223000,223000,223000,1,serbia | yugoslav sfr,iia | juan
F248-1920-1947,grapes,tonnes,1935,2,1,2,2,values_identical,several_labels_several_sources,915600,915600,915600,1,serbia | yugoslav sfr,iia | juan
F248-1920-1947,grapes,tonnes,1936,2,1,2,2,values_identical,several_labels_several_sources,657100,657100,657100,1,serbia | yugoslav sfr,iia | juan
F248-1920-1947,grapes,tonnes,1937,2,1,2,2,values_identical,several_labels_several_sources,482600,482600,482600,1,serbia | yugoslav sfr,iia | juan
F248-1920-1947,grapes,tonnes,1938,2,1,2,2,values_identical,several_labels_several_sources,794000,794000,794000,1,serbia | yugoslav sfr,iia | juan
F248-1920-1947,grapes,tonnes,1939,2,1,2,2,values_identical,several_labels_several_sources,777800,777800,777800,1,serbia | yugoslav sfr,iia | juan
F248-1920-1947,hemp tow waste,ha,1920,2,2,2,2,values_differ,several_labels_several_sources,28700,28762,28731,0.998922,serbia | yugoslav sfr,iia | juan
F248-1920-1947,hemp tow waste,ha,1921,2,2,2,2,values_differ,several_labels_several_sources,32000,32018,32009,0.999719,serbia | yugoslav sfr,iia | juan
F248-1920-1947,hemp tow waste,ha,1939,2,1,2,2,values_identical,several_labels_several_sources,57000,57000,57000,1,serbia | yugoslav sfr,iia | juan
F248-1920-1947,hemp tow waste,ha,1940,2,1,2,2,values_identical,several_labels_several_sources,60000,60000,60000,1,serbia | yugoslav sfr,iia | juan
F248-1920-1947,hemp tow waste,tonnes,1939,2,1,2,2,values_identical,several_labels_several_sources,53500,53500,53500,1,serbia | yugoslav sfr,iia | juan
F248-1920-1947,hemp tow waste,tonnes,1940,2,1,2,2,values_identical,several_labels_several_sources,45000,45000,45000,1,serbia | yugoslav sfr,iia | juan
F248-1920-1947,hempseed,tonnes,1930,2,2,2,2,values_differ,several_labels_several_sources,2070,2071.7,2070.85,0.99959,serbia | yugoslav sfr,iia | juan
F248-1920-1947,hempseed,tonnes,1931,2,2,2,2,values_differ,several_labels_several_sources,1000,1007.1,1003.55,0.996475,serbia | yugoslav sfr,iia | juan
F248-1920-1947,hempseed,tonnes,1932,2,2,2,2,values_differ,several_labels_several_sources,920,920.8,920.4,0.999566,serbia | yugoslav sfr,iia | juan
F248-1920-1947,hempseed,tonnes,1933,2,2,2,2,values_differ,several_labels_several_sources,1500,1503.8,1501.9,0.998737,serbia | yugoslav sfr,iia | juan
F248-1920-1947,hempseed,tonnes,1934,2,1,2,2,values_identical,several_labels_several_sources,1900,1900,1900,1,serbia | yugoslav sfr,iia | juan
F248-1920-1947,hempseed,tonnes,1935,2,1,2,2,values_identical,several_labels_several_sources,2100,2100,2100,1,serbia | yugoslav sfr,iia | juan
F248-1920-1947,hempseed,tonnes,1936,2,1,2,2,values_identical,several_labels_several_sources,2400,2400,2400,1,serbia | yugoslav sfr,iia | juan
F248-1920-1947,hempseed,tonnes,1937,2,1,2,2,values_identical,several_labels_several_sources,4500,4500,4500,1,serbia | yugoslav sfr,iia | juan
F248-1920-1947,hempseed,tonnes,1938,2,1,2,2,values_identical,several_labels_several_sources,3000,3000,3000,1,serbia | yugoslav sfr,iia | juan
F248-1920-1947,hempseed,tonnes,1939,2,1,2,2,values_identical,several_labels_several_sources,3100,3100,3100,1,serbia | yugoslav sfr,iia | juan
F248-1920-1947,hops,ha,1922,2,2,2,2,values_differ,several_labels_several_sources,1800,1823,1811.5,0.993692,serbia | yugoslav sfr,iia | juan
F248-1920-1947,hops,ha,1923,2,2,2,2,values_differ,several_labels_several_sources,1600,1616,1608,0.99505,serbia | yugoslav sfr,iia | juan
F248-1920-1947,hops,ha,1924,2,2,2,2,values_differ,several_labels_several_sources,2200,2228,2214,0.993716,serbia | yugoslav sfr,iia | juan
F248-1920-1947,hops,ha,1925,2,2,2,2,values_differ,several_labels_several_sources,2000,2032,2016,0.992126,serbia | yugoslav sfr,iia | juan
F248-1920-1947,hops,ha,1930,2,2,2,2,values_differ,several_labels_several_sources,2800,2889,2844.5,0.984597,serbia | yugoslav sfr,iia | juan
F248-1920-1947,hops,ha,1931,2,2,2,2,values_differ,several_labels_several_sources,2200,2275,2237.5,0.983516,serbia | yugoslav sfr,iia | juan
F248-1920-1947,hops,ha,1932,2,2,2,2,values_differ,several_labels_several_sources,1400,1462,1431,0.978796,serbia | yugoslav sfr,iia | juan
F248-1920-1947,hops,ha,1933,2,2,2,2,values_differ,several_labels_several_sources,1694,1700,1697,0.998235,serbia | yugoslav sfr,iia | juan
F248-1920-1947,hops,ha,1934,2,2,2,2,values_differ,several_labels_several_sources,2400,24000,13200,0.55,serbia | yugoslav sfr,iia | juan
F248-1920-1947,hops,ha,1935,2,2,2,2,values_differ,several_labels_several_sources,2600,26000,14300,0.55,serbia | yugoslav sfr,iia | juan
F248-1920-1947,hops,ha,1936,2,2,2,2,values_differ,several_labels_several_sources,2700,27000,14850,0.55,serbia | yugoslav sfr,iia | juan
F248-1920-1947,hops,ha,1937,2,2,2,2,values_differ,several_labels_several_sources,2900,29000,15950,0.55,serbia | yugoslav sfr,iia | juan
F248-1920-1947,hops,ha,1938,2,2,2,2,values_differ,several_labels_several_sources,2800,28000,15400,0.55,serbia | yugoslav sfr,iia | juan
F248-1920-1947,hops,ha,1939,2,1,2,2,values_identical,several_labels_several_sources,2800,2800,2800,1,serbia | yugoslav sfr,iia | juan
F248-1920-1947,hops,tonnes,1923,2,2,2,2,values_differ,several_labels_several_sources,1510,1514.8,1512.4,0.998416,serbia | yugoslav sfr,iia | juan
F248-1920-1947,hops,tonnes,1924,2,2,2,2,values_differ,several_labels_several_sources,2180,2185.6,2182.8,0.998719,serbia | yugoslav sfr,iia | juan
F248-1920-1947,hops,tonnes,1925,2,2,2,2,values_differ,several_labels_several_sources,1100,1106.1,1103.05,0.997243,serbia | yugoslav sfr,iia | juan
F248-1920-1947,hops,tonnes,1930,2,2,2,2,values_differ,several_labels_several_sources,1750,1756.8,1753.4,0.998065,serbia | yugoslav sfr,iia | juan
F248-1920-1947,hops,tonnes,1931,2,2,2,2,values_differ,several_labels_several_sources,1580,1587.1,1583.55,0.997763,serbia | yugoslav sfr,iia | juan
F248-1920-1947,hops,tonnes,1932,2,2,2,2,values_differ,several_labels_several_sources,820,824.9,822.45,0.99703,serbia | yugoslav sfr,iia | juan
F248-1920-1947,hops,tonnes,1933,2,2,2,2,values_differ,several_labels_several_sources,1464,1464.3,1464.15,0.999898,serbia | yugoslav sfr,iia | juan
F248-1920-1947,hops,tonnes,1934,2,2,2,2,values_differ,several_labels_several_sources,1455,143300,72377.5,0.505077,serbia | yugoslav sfr,iia | juan
F248-1920-1947,hops,tonnes,1935,2,2,2,2,values_differ,several_labels_several_sources,1891,189100,95495.5,0.505,serbia | yugoslav sfr,iia | juan
F248-1920-1947,hops,tonnes,1936,2,2,2,2,values_differ,several_labels_several_sources,1962,196200,99081,0.505,serbia | yugoslav sfr,iia | juan
F248-1920-1947,hops,tonnes,1937,2,2,2,2,values_differ,several_labels_several_sources,2132,213200,107666,0.505,serbia | yugoslav sfr,iia | juan
F248-1920-1947,hops,tonnes,1938,2,2,2,2,values_differ,several_labels_several_sources,1600,160000,80800,0.505,serbia | yugoslav sfr,iia | juan
F248-1920-1947,hops,tonnes,1939,2,2,2,2,values_differ,several_labels_several_sources,1815,181500,91657.5,0.505,serbia | yugoslav sfr,iia | juan
F248-1920-1947,horses mules asses,1000 heads,1939,3,3,1,1,values_differ,one_label_one_source,21,273,142,0.520147,Yugoslavia,fao1952
F248-1920-1947,lemons and limes,tonnes,1934,2,1,2,2,values_identical,several_labels_several_sources,100,100,100,1,serbia | yugoslav sfr,iia | juan
F248-1920-1947,lemons and limes,tonnes,1935,2,1,2,2,values_identical,several_labels_several_sources,100,100,100,1,serbia | yugoslav sfr,iia | juan
F248-1920-1947,lemons and limes,tonnes,1937,2,1,2,2,values_identical,several_labels_several_sources,100,100,100,1,serbia | yugoslav sfr,iia | juan
F248-1920-1947,lemons and limes,tonnes,1938,2,1,2,2,values_identical,several_labels_several_sources,100,100,100,1,serbia | yugoslav sfr,iia | juan
F248-1920-1947,lemons and limes,tonnes,1939,2,1,2,2,values_identical,several_labels_several_sources,100,100,100,1,serbia | yugoslav sfr,iia | juan
F248-1920-1947,linseed,tonnes,1930,2,2,2,2,values_differ,several_labels_several_sources,1360,1362.7,1361.35,0.999009,serbia | yugoslav sfr,iia | juan
F248-1920-1947,linseed,tonnes,1931,2,2,2,2,values_differ,several_labels_several_sources,710,710.3,710.15,0.999789,serbia | yugoslav sfr,iia | juan
F248-1920-1947,linseed,tonnes,1932,2,2,2,2,values_differ,several_labels_several_sources,840,840.8,840.4,0.999524,serbia | yugoslav sfr,iia | juan
F248-1920-1947,linseed,tonnes,1933,2,2,2,2,values_differ,several_labels_several_sources,997.5,1000,998.75,0.99875,serbia | yugoslav sfr,iia | juan
F248-1920-1947,oats,ha,1939,2,1,2,2,values_identical,several_labels_several_sources,357000,357000,357000,1,serbia | yugoslav sfr,iia | juan
F248-1920-1947,oats,ha,1940,2,1,2,2,values_identical,several_labels_several_sources,352000,352000,352000,1,serbia | yugoslav sfr,iia | juan
F248-1920-1947,oats,tonnes,1939,2,1,2,2,values_identical,several_labels_several_sources,348300,348300,348300,1,serbia | yugoslav sfr,iia | juan
F248-1920-1947,oats,tonnes,1940,2,1,2,2,values_identical,several_labels_several_sources,287900,287900,287900,1,serbia | yugoslav sfr,iia | juan
F248-1920-1947,"oil, olive, virgin",tonnes,1922,2,1,2,2,values_identical,several_labels_several_sources,5780,5780,5780,1,serbia | yugoslav sfr,iia | juan
F248-1920-1947,"oil, olive, virgin",tonnes,1923,2,1,2,2,values_identical,several_labels_several_sources,3180,3180,3180,1,serbia | yugoslav sfr,iia | juan
F248-1920-1947,"oil, olive, virgin",tonnes,1924,2,1,2,2,values_identical,several_labels_several_sources,5140,5140,5140,1,serbia | yugoslav sfr,iia | juan
F248-1920-1947,"oil, olive, virgin",tonnes,1925,2,1,2,2,values_identical,several_labels_several_sources,1370,1370,1370,1,serbia | yugoslav sfr,iia | juan
F248-1920-1947,"oil, olive, virgin",tonnes,1930,2,2,2,2,values_differ,several_labels_several_sources,1350,1350.4,1350.2,0.999852,serbia | yugoslav sfr,iia | juan
F248-1920-1947,"oil, olive, virgin",tonnes,1931,2,2,2,2,values_differ,several_labels_several_sources,3960,3969.4,3964.7,0.998816,serbia | yugoslav sfr,iia | juan
F248-1920-1947,"oil, olive, virgin",tonnes,1932,2,2,2,2,values_differ,several_labels_several_sources,3750,3751.6,3750.8,0.999787,serbia | yugoslav sfr,iia | juan
F248-1920-1947,"oil, olive, virgin",tonnes,1933,2,2,2,2,values_differ,several_labels_several_sources,4250,4253.2,4251.6,0.999624,serbia | yugoslav sfr,iia | juan
F248-1920-1947,"oil, olive, virgin",tonnes,1934,2,1,2,2,values_identical,several_labels_several_sources,3900,3900,3900,1,serbia | yugoslav sfr,iia | juan
F248-1920-1947,"oil, olive, virgin",tonnes,1935,2,1,2,2,values_identical,several_labels_several_sources,3000,3000,3000,1,serbia | yugoslav sfr,iia | juan
F248-1920-1947,"oil, olive, virgin",tonnes,1936,2,1,2,2,values_identical,several_labels_several_sources,2000,2000,2000,1,serbia | yugoslav sfr,iia | juan
F248-1920-1947,"oil, olive, virgin",tonnes,1937,2,1,2,2,values_identical,several_labels_several_sources,7200,7200,7200,1,serbia | yugoslav sfr,iia | juan
F248-1920-1947,"oil, olive, virgin",tonnes,1938,2,1,2,2,values_identical,several_labels_several_sources,6100,6100,6100,1,serbia | yugoslav sfr,iia | juan
F248-1920-1947,"oil, olive, virgin",tonnes,1939,2,1,2,2,values_identical,several_labels_several_sources,5900,5900,5900,1,serbia | yugoslav sfr,iia | juan
F248-1920-1947,"oil, olive, virgin",tonnes,1940,2,1,2,2,values_identical,several_labels_several_sources,3000,3000,3000,1,serbia | yugoslav sfr,iia | juan
F248-1920-1947,"oil, olive, virgin",tonnes,1941,2,1,2,2,values_identical,several_labels_several_sources,2500,2500,2500,1,serbia | yugoslav sfr,iia | juan
F248-1920-1947,"oil, olive, virgin",tonnes,1942,2,1,2,2,values_identical,several_labels_several_sources,2700,2700,2700,1,serbia | yugoslav sfr,iia | juan
F248-1920-1947,"oil, olive, virgin",tonnes,1943,2,1,2,2,values_identical,several_labels_several_sources,3000,3000,3000,1,serbia | yugoslav sfr,iia | juan
F248-1920-1947,"oil, olive, virgin",tonnes,1944,2,1,2,2,values_identical,several_labels_several_sources,1500,1500,1500,1,serbia | yugoslav sfr,iia | juan
F248-1920-1947,"oil, olive, virgin",tonnes,1945,2,1,2,2,values_identical,several_labels_several_sources,1800,1800,1800,1,serbia | yugoslav sfr,iia | juan
F248-1920-1947,olives,tonnes,1935,2,1,2,2,values_identical,several_labels_several_sources,16700,16700,16700,1,serbia | yugoslav sfr,iia | juan
F248-1920-1947,olives,tonnes,1936,2,1,2,2,values_identical,several_labels_several_sources,13000,13000,13000,1,serbia | yugoslav sfr,iia | juan
F248-1920-1947,olives,tonnes,1937,2,1,2,2,values_identical,several_labels_several_sources,48300,48300,48300,1,serbia | yugoslav sfr,iia | juan
F248-1920-1947,olives,tonnes,1938,2,1,2,2,values_identical,several_labels_several_sources,30700,30700,30700,1,serbia | yugoslav sfr,iia | juan
F248-1920-1947,olives,tonnes,1939,2,1,2,2,values_identical,several_labels_several_sources,38400,38400,38400,1,serbia | yugoslav sfr,iia | juan
F248-1920-1947,oranges,tonnes,1934,2,1,2,2,values_identical,several_labels_several_sources,100,100,100,1,serbia | yugoslav sfr,iia | juan
F248-1920-1947,oranges,tonnes,1935,2,1,2,2,values_identical,several_labels_several_sources,600,600,600,1,serbia | yugoslav sfr,iia | juan
F248-1920-1947,oranges,tonnes,1936,2,1,2,2,values_identical,several_labels_several_sources,100,100,100,1,serbia | yugoslav sfr,iia | juan
F248-1920-1947,oranges,tonnes,1937,2,1,2,2,values_identical,several_labels_several_sources,700,700,700,1,serbia | yugoslav sfr,iia | juan
F248-1920-1947,oranges,tonnes,1938,2,1,2,2,values_identical,several_labels_several_sources,400,400,400,1,serbia | yugoslav sfr,iia | juan
F248-1920-1947,oranges,tonnes,1939,2,1,2,2,values_identical,several_labels_several_sources,500,500,500,1,serbia | yugoslav sfr,iia | juan
F248-1920-1947,r_fao_population_1952_10_18,1000 people,1937,5,5,1,1,values_differ,one_label_one_source,1864,15722,7303.4,0.464534,Yugoslavia,fao1952
F248-1920-1947,rapeseed,ha,1922,2,2,2,2,values_differ,several_labels_several_sources,3000,3089,3044.5,0.985594,serbia | yugoslav sfr,iia | juan
F248-1920-1947,rapeseed,ha,1923,2,2,2,2,values_differ,several_labels_several_sources,2300,2885,2592.5,0.898614,serbia | yugoslav sfr,iia | juan
F248-1920-1947,rapeseed,ha,1924,2,2,2,2,values_differ,several_labels_several_sources,2200,2287,2243.5,0.980979,serbia | yugoslav sfr,iia | juan
F248-1920-1947,rapeseed,ha,1925,2,2,2,2,values_differ,several_labels_several_sources,2700,2736,2718,0.993421,serbia | yugoslav sfr,iia | juan
F248-1920-1947,rapeseed,ha,1930,2,2,2,2,values_differ,several_labels_several_sources,11600,11625,11612.5,0.998925,serbia | yugoslav sfr,iia | juan
F248-1920-1947,rapeseed,ha,1931,2,2,2,2,values_differ,several_labels_several_sources,7700,7717,7708.5,0.998899,serbia | yugoslav sfr,iia | juan
F248-1920-1947,rapeseed,ha,1932,2,2,2,2,values_differ,several_labels_several_sources,2900,2902,2901,0.999655,serbia | yugoslav sfr,iia | juan
F248-1920-1947,rapeseed,ha,1933,2,2,2,2,values_differ,several_labels_several_sources,3000,3383,3191.5,0.943393,serbia | yugoslav sfr,iia | juan
F248-1920-1947,rapeseed,ha,1934,2,1,2,2,values_identical,several_labels_several_sources,7000,7000,7000,1,serbia | yugoslav sfr,iia | juan
F248-1920-1947,rapeseed,ha,1935,2,1,2,2,values_identical,several_labels_several_sources,16000,16000,16000,1,serbia | yugoslav sfr,iia | juan
F248-1920-1947,rapeseed,ha,1936,2,1,2,2,values_identical,several_labels_several_sources,24000,24000,24000,1,serbia | yugoslav sfr,iia | juan
F248-1920-1947,rapeseed,ha,1937,2,1,2,2,values_identical,several_labels_several_sources,16000,16000,16000,1,serbia | yugoslav sfr,iia | juan
F248-1920-1947,rapeseed,ha,1938,2,1,2,2,values_identical,several_labels_several_sources,18000,18000,18000,1,serbia | yugoslav sfr,iia | juan
F248-1920-1947,rapeseed,ha,1939,2,1,2,2,values_identical,several_labels_several_sources,14000,14000,14000,1,serbia | yugoslav sfr,iia | juan
F248-1920-1947,rapeseed,tonnes,1920,2,2,2,2,values_differ,several_labels_several_sources,1929.1,3900,2914.55,0.747321,serbia | yugoslav sfr,iia | juan
F248-1920-1947,rapeseed,tonnes,1923,2,2,2,2,values_differ,several_labels_several_sources,1820,1829.1,1824.55,0.997512,serbia | yugoslav sfr,iia | juan
F248-1920-1947,rapeseed,tonnes,1924,2,2,2,2,values_differ,several_labels_several_sources,1470,1475.1,1472.55,0.998271,serbia | yugoslav sfr,iia | juan
F248-1920-1947,rapeseed,tonnes,1925,2,2,2,2,values_differ,several_labels_several_sources,2250,2250.5,2250.25,0.999889,serbia | yugoslav sfr,iia | juan
F248-1920-1947,rapeseed,tonnes,1930,2,2,2,2,values_differ,several_labels_several_sources,7070,7077.6,7073.8,0.999463,serbia | yugoslav sfr,iia | juan
F248-1920-1947,rapeseed,tonnes,1931,2,2,2,2,values_differ,several_labels_several_sources,3980,3982.9,3981.45,0.999636,serbia | yugoslav sfr,iia | juan
F248-1920-1947,rapeseed,tonnes,1932,2,2,2,2,values_differ,several_labels_several_sources,1480,1482.5,1481.25,0.999157,serbia | yugoslav sfr,iia | juan
F248-1920-1947,rapeseed,tonnes,1933,2,2,2,2,values_differ,several_labels_several_sources,2776.8,2800,2788.4,0.995857,serbia | yugoslav sfr,iia | juan
F248-1920-1947,rapeseed,tonnes,1934,2,1,2,2,values_identical,several_labels_several_sources,5400,5400,5400,1,serbia | yugoslav sfr,iia | juan
F248-1920-1947,rapeseed,tonnes,1935,2,1,2,2,values_identical,several_labels_several_sources,10100,10100,10100,1,serbia | yugoslav sfr,iia | juan
F248-1920-1947,rapeseed,tonnes,1936,2,1,2,2,values_identical,several_labels_several_sources,21000,21000,21000,1,serbia | yugoslav sfr,iia | juan
F248-1920-1947,rapeseed,tonnes,1937,2,1,2,2,values_identical,several_labels_several_sources,8200,8200,8200,1,serbia | yugoslav sfr,iia | juan
F248-1920-1947,rapeseed,tonnes,1938,2,1,2,2,values_identical,several_labels_several_sources,9000,9000,9000,1,serbia | yugoslav sfr,iia | juan
F248-1920-1947,rapeseed,tonnes,1939,2,1,2,2,values_identical,several_labels_several_sources,7800,7800,7800,1,serbia | yugoslav sfr,iia | juan
F248-1920-1947,rapeseed,tonnes,1940,2,1,2,2,values_identical,several_labels_several_sources,2900,2900,2900,1,serbia | yugoslav sfr,iia | juan
F248-1920-1947,rapeseed,tonnes,1941,2,1,2,2,values_identical,several_labels_several_sources,3600,3600,3600,1,serbia | yugoslav sfr,iia | juan
F248-1920-1947,rye,ha,1920,2,2,2,2,values_differ,several_labels_several_sources,198000,198063,198031.5,0.999841,serbia | yugoslav sfr,iia | juan
F248-1920-1947,rye,ha,1921,2,2,2,2,values_differ,several_labels_several_sources,190400,190476,190438,0.9998,serbia | yugoslav sfr,iia | juan
F248-1920-1947,rye,ha,1922,2,2,2,2,values_differ,several_labels_several_sources,197200,197216,197208,0.999959,serbia | yugoslav sfr,iia | juan
F248-1920-1947,rye,ha,1923,2,2,2,2,values_differ,several_labels_several_sources,187100,187107,187103.5,0.999981,serbia | yugoslav sfr,iia | juan
F248-1920-1947,rye,ha,1924,2,2,2,2,values_differ,several_labels_several_sources,195300,195303,195301.5,0.999992,serbia | yugoslav sfr,iia | juan
F248-1920-1947,rye,ha,1925,2,2,2,2,values_differ,several_labels_several_sources,199300,199396,199348,0.999759,serbia | yugoslav sfr,iia | juan
F248-1920-1947,rye,ha,1930,2,1,2,2,values_identical,several_labels_several_sources,246924,246924,246924,1,serbia | yugoslav sfr,iia | juan
F248-1920-1947,rye,ha,1931,2,2,2,2,values_differ,several_labels_several_sources,24415,244150,134282.5,0.55,serbia | yugoslav sfr,iia | juan
F248-1920-1947,rye,ha,1932,2,2,2,2,values_differ,several_labels_several_sources,24296,242961,133628.5,0.55,serbia | yugoslav sfr,iia | juan
F248-1920-1947,rye,ha,1933,2,2,2,2,values_differ,several_labels_several_sources,256000,256200,256100,0.99961,serbia | yugoslav sfr,iia | juan
F248-1920-1947,rye,ha,1934,2,1,2,2,values_identical,several_labels_several_sources,248000,248000,248000,1,serbia | yugoslav sfr,iia | juan
F248-1920-1947,rye,ha,1935,2,1,2,2,values_identical,several_labels_several_sources,252000,252000,252000,1,serbia | yugoslav sfr,iia | juan
F248-1920-1947,rye,ha,1936,2,1,2,2,values_identical,several_labels_several_sources,254000,254000,254000,1,serbia | yugoslav sfr,iia | juan
F248-1920-1947,rye,ha,1937,2,1,2,2,values_identical,several_labels_several_sources,254000,254000,254000,1,serbia | yugoslav sfr,iia | juan
F248-1920-1947,rye,ha,1938,2,1,2,2,values_identical,several_labels_several_sources,254000,254000,254000,1,serbia | yugoslav sfr,iia | juan
F248-1920-1947,rye,ha,1939,2,1,2,2,values_identical,several_labels_several_sources,258000,258000,258000,1,serbia | yugoslav sfr,iia | juan
F248-1920-1947,rye,ha,1940,2,1,2,2,values_identical,several_labels_several_sources,255000,255000,255000,1,serbia | yugoslav sfr,iia | juan
F248-1920-1947,rye,tonnes,1920,2,2,2,2,values_differ,several_labels_several_sources,154720,154720.7,154720.35,0.999998,serbia | yugoslav sfr,iia | juan
F248-1920-1947,rye,tonnes,1921,2,2,2,2,values_differ,several_labels_several_sources,146550,146556.9,146553.45,0.999976,serbia | yugoslav sfr,iia | juan
F248-1920-1947,rye,tonnes,1922,2,2,2,2,values_differ,several_labels_several_sources,114880,114885.8,114882.9,0.999975,serbia | yugoslav sfr,iia | juan
F248-1920-1947,rye,tonnes,1923,2,2,2,2,values_differ,several_labels_several_sources,150010,150015.2,150012.6,0.999983,serbia | yugoslav sfr,iia | juan
F248-1920-1947,rye,tonnes,1924,2,2,2,2,values_differ,several_labels_several_sources,140750,140750.8,140750.4,0.999997,serbia | yugoslav sfr,iia | juan
F248-1920-1947,rye,tonnes,1925,2,2,2,2,values_differ,several_labels_several_sources,199750,199752.3,199751.15,0.999994,serbia | yugoslav sfr,iia | juan
F248-1920-1947,rye,tonnes,1930,2,1,2,2,values_identical,several_labels_several_sources,198756.1,198756.1,198756.1,1,serbia | yugoslav sfr,iia | juan
F248-1920-1947,rye,tonnes,1931,2,1,2,2,values_identical,several_labels_several_sources,193396.1,193396.1,193396.1,1,serbia | yugoslav sfr,iia | juan
F248-1920-1947,rye,tonnes,1932,2,1,2,2,values_identical,several_labels_several_sources,211534.1,211534.1,211534.1,1,serbia | yugoslav sfr,iia | juan
F248-1920-1947,rye,tonnes,1933,2,2,2,2,values_differ,several_labels_several_sources,245300,245348.7,245324.35,0.999901,serbia | yugoslav sfr,iia | juan
F248-1920-1947,rye,tonnes,1934,2,1,2,2,values_identical,several_labels_several_sources,195300,195300,195300,1,serbia | yugoslav sfr,iia | juan
F248-1920-1947,rye,tonnes,1935,2,1,2,2,values_identical,several_labels_several_sources,196100,196100,196100,1,serbia | yugoslav sfr,iia | juan
F248-1920-1947,rye,tonnes,1936,2,1,2,2,values_identical,several_labels_several_sources,203300,203300,203300,1,serbia | yugoslav sfr,iia | juan
F248-1920-1947,rye,tonnes,1937,2,1,2,2,values_identical,several_labels_several_sources,209400,209400,209400,1,serbia | yugoslav sfr,iia | juan
F248-1920-1947,rye,tonnes,1938,2,1,2,2,values_identical,several_labels_several_sources,227100,227100,227100,1,serbia | yugoslav sfr,iia | juan
F248-1920-1947,rye,tonnes,1939,2,1,2,2,values_identical,several_labels_several_sources,243500,243500,243500,1,serbia | yugoslav sfr,iia | juan
F248-1920-1947,rye,tonnes,1940,2,1,2,2,values_identical,several_labels_several_sources,211100,211100,211100,1,serbia | yugoslav sfr,iia | juan
F248-1920-1947,rye,tonnes,1945,2,2,2,2,values_differ,several_labels_several_sources,92000,979900,535950,0.546944,serbia | yugoslav sfr,iia | juan
F248-1920-1947,sesame seed,ha,1930,2,2,2,2,values_differ,several_labels_several_sources,400,454,427,0.940529,serbia | yugoslav sfr,iia | juan
F248-1920-1947,sesame seed,ha,1931,2,2,2,2,values_differ,several_labels_several_sources,300,395,347.5,0.879747,serbia | yugoslav sfr,iia | juan
F248-1920-1947,sesame seed,ha,1932,2,2,2,2,values_differ,several_labels_several_sources,400,459,429.5,0.93573,serbia | yugoslav sfr,iia | juan
F248-1920-1947,sesame seed,ha,1933,2,2,2,2,values_differ,several_labels_several_sources,200,350,275,0.785714,serbia | yugoslav sfr,iia | juan
F248-1920-1947,sesame seed,ha,1934,2,1,2,2,values_identical,several_labels_several_sources,1000,1000,1000,1,serbia | yugoslav sfr,iia | juan
F248-1920-1947,sesame seed,ha,1935,2,1,2,2,values_identical,several_labels_several_sources,1000,1000,1000,1,serbia | yugoslav sfr,iia | juan
F248-1920-1947,sesame seed,ha,1936,2,1,2,2,values_identical,several_labels_several_sources,1000,1000,1000,1,serbia | yugoslav sfr,iia | juan
F248-1920-1947,sesame seed,ha,1937,2,1,2,2,values_identical,several_labels_several_sources,1000,1000,1000,1,serbia | yugoslav sfr,iia | juan
F248-1920-1947,sesame seed,ha,1938,2,1,2,2,values_identical,several_labels_several_sources,1000,1000,1000,1,serbia | yugoslav sfr,iia | juan
F248-1920-1947,sesame seed,ha,1939,2,2,2,2,values_differ,several_labels_several_sources,1000,2000,1500,0.75,serbia | yugoslav sfr,iia | juan
F248-1920-1947,sesame seed,tonnes,1930,2,2,2,2,values_differ,several_labels_several_sources,121.6,170,145.8,0.857647,serbia | yugoslav sfr,iia | juan
F248-1920-1947,sesame seed,tonnes,1931,2,2,2,2,values_differ,several_labels_several_sources,60,61.4,60.7,0.988599,serbia | yugoslav sfr,iia | juan
F248-1920-1947,sesame seed,tonnes,1932,2,2,2,2,values_differ,several_labels_several_sources,110,180,145,0.805556,serbia | yugoslav sfr,iia | juan
F248-1920-1947,sesame seed,tonnes,1933,2,2,2,2,values_differ,several_labels_several_sources,50.9,100,75.45,0.7545,serbia | yugoslav sfr,iia | juan
F248-1920-1947,sesame seed,tonnes,1934,2,1,2,2,values_identical,several_labels_several_sources,200,200,200,1,serbia | yugoslav sfr,iia | juan
F248-1920-1947,sesame seed,tonnes,1935,2,1,2,2,values_identical,several_labels_several_sources,200,200,200,1,serbia | yugoslav sfr,iia | juan
F248-1920-1947,sesame seed,tonnes,1936,2,1,2,2,values_identical,several_labels_several_sources,300,300,300,1,serbia | yugoslav sfr,iia | juan
F248-1920-1947,sesame seed,tonnes,1937,2,1,2,2,values_identical,several_labels_several_sources,400,400,400,1,serbia | yugoslav sfr,iia | juan
F248-1920-1947,sesame seed,tonnes,1938,2,1,2,2,values_identical,several_labels_several_sources,500,500,500,1,serbia | yugoslav sfr,iia | juan
F248-1920-1947,sesame seed,tonnes,1939,2,1,2,2,values_identical,several_labels_several_sources,500,500,500,1,serbia | yugoslav sfr,iia | juan
F248-1920-1947,soybeans,ha,1939,2,1,2,2,values_identical,several_labels_several_sources,3000,3000,3000,1,serbia | yugoslav sfr,iia | juan
F248-1920-1947,soybeans,ha,1940,2,1,2,2,values_identical,several_labels_several_sources,8000,8000,8000,1,serbia | yugoslav sfr,iia | juan
F248-1920-1947,soybeans,ha,1941,2,1,2,2,values_identical,several_labels_several_sources,17000,17000,17000,1,serbia | yugoslav sfr,iia | juan
F248-1920-1947,soybeans,tonnes,1934,2,1,2,2,values_identical,several_labels_several_sources,700,700,700,1,serbia | yugoslav sfr,iia | juan
F248-1920-1947,soybeans,tonnes,1935,2,1,2,2,values_identical,several_labels_several_sources,1000,1000,1000,1,serbia | yugoslav sfr,iia | juan
F248-1920-1947,soybeans,tonnes,1936,2,1,2,2,values_identical,several_labels_several_sources,600,600,600,1,serbia | yugoslav sfr,iia | juan
F248-1920-1947,soybeans,tonnes,1937,2,1,2,2,values_identical,several_labels_several_sources,1500,1500,1500,1,serbia | yugoslav sfr,iia | juan
F248-1920-1947,soybeans,tonnes,1939,2,1,2,2,values_identical,several_labels_several_sources,2800,2800,2800,1,serbia | yugoslav sfr,iia | juan
F248-1920-1947,soybeans,tonnes,1940,2,1,2,2,values_identical,several_labels_several_sources,8000,8000,8000,1,serbia | yugoslav sfr,iia | juan
F248-1920-1947,sunflower seed,ha,1939,2,1,2,2,values_identical,several_labels_several_sources,19000,19000,19000,1,serbia | yugoslav sfr,iia | juan
F248-1920-1947,sunflower seed,tonnes,1939,2,2,2,2,values_differ,several_labels_several_sources,1900,27300,14600,0.534799,serbia | yugoslav sfr,iia | juan
F248-1920-1947,"tobacco, unmanufactured",ha,1920,2,2,2,2,values_differ,several_labels_several_sources,12400,12487,12443.5,0.996516,serbia | yugoslav sfr,iia | juan
F248-1920-1947,"tobacco, unmanufactured",ha,1921,2,2,2,2,values_differ,several_labels_several_sources,14300,14387,14343.5,0.996976,serbia | yugoslav sfr,iia | juan
F248-1920-1947,"tobacco, unmanufactured",ha,1922,2,2,2,2,values_differ,several_labels_several_sources,12700,12715,12707.5,0.99941,serbia | yugoslav sfr,iia | juan
F248-1920-1947,"tobacco, unmanufactured",ha,1923,2,2,2,2,values_differ,several_labels_several_sources,21600,21694,21647,0.997834,serbia | yugoslav sfr,iia | juan
F248-1920-1947,"tobacco, unmanufactured",ha,1924,2,2,2,2,values_differ,several_labels_several_sources,35230,36200,35715,0.986602,serbia | yugoslav sfr,iia | juan
F248-1920-1947,"tobacco, unmanufactured",ha,1925,2,2,2,2,values_differ,several_labels_several_sources,14300,14892,14596,0.980124,serbia | yugoslav sfr,iia | juan
F248-1920-1947,"tobacco, unmanufactured",ha,1930,2,2,2,2,values_differ,several_labels_several_sources,15300,15369,15334.5,0.997755,serbia | yugoslav sfr,iia | juan
F248-1920-1947,"tobacco, unmanufactured",ha,1931,2,2,2,2,values_differ,several_labels_several_sources,19300,19328,19314,0.999276,serbia | yugoslav sfr,iia | juan
F248-1920-1947,"tobacco, unmanufactured",ha,1932,2,2,2,2,values_differ,several_labels_several_sources,21400,21413,21406.5,0.999696,serbia | yugoslav sfr,iia | juan
F248-1920-1947,"tobacco, unmanufactured",ha,1933,2,2,2,2,values_differ,several_labels_several_sources,11000,11144,11072,0.993539,serbia | yugoslav sfr,iia | juan
F248-1920-1947,"tobacco, unmanufactured",ha,1934,2,1,2,2,values_identical,several_labels_several_sources,7000,7000,7000,1,serbia | yugoslav sfr,iia | juan
F248-1920-1947,"tobacco, unmanufactured",ha,1935,2,1,2,2,values_identical,several_labels_several_sources,12000,12000,12000,1,serbia | yugoslav sfr,iia | juan
F248-1920-1947,"tobacco, unmanufactured",ha,1936,2,1,2,2,values_identical,several_labels_several_sources,18000,18000,18000,1,serbia | yugoslav sfr,iia | juan
F248-1920-1947,"tobacco, unmanufactured",ha,1937,2,1,2,2,values_identical,several_labels_several_sources,21000,21000,21000,1,serbia | yugoslav sfr,iia | juan
F248-1920-1947,"tobacco, unmanufactured",ha,1938,2,1,2,2,values_identical,several_labels_several_sources,16000,16000,16000,1,serbia | yugoslav sfr,iia | juan
F248-1920-1947,"tobacco, unmanufactured",ha,1939,2,1,2,2,values_identical,several_labels_several_sources,18000,18000,18000,1,serbia | yugoslav sfr,iia | juan
F248-1920-1947,"tobacco, unmanufactured",ha,1945,2,1,2,2,values_identical,several_labels_several_sources,14000,14000,14000,1,serbia | yugoslav sfr,iia | juan
F248-1920-1947,"tobacco, unmanufactured",tonnes,1920,2,1,2,2,values_identical,several_labels_several_sources,7799.9,7799.9,7799.9,1,serbia | yugoslav sfr,iia | juan
F248-1920-1947,"tobacco, unmanufactured",tonnes,1921,2,1,2,2,values_identical,several_labels_several_sources,9327,9327,9327,1,serbia | yugoslav sfr,iia | juan
F248-1920-1947,"tobacco, unmanufactured",tonnes,1922,2,2,2,2,values_differ,several_labels_several_sources,9391.3,9890,9640.65,0.974788,serbia | yugoslav sfr,iia | juan
F248-1920-1947,"tobacco, unmanufactured",tonnes,1923,2,2,2,2,values_differ,several_labels_several_sources,17341.5,17840,17590.75,0.986029,serbia | yugoslav sfr,iia | juan
F248-1920-1947,"tobacco, unmanufactured",tonnes,1924,2,2,2,2,values_differ,several_labels_several_sources,35680,35685.1,35682.55,0.999929,serbia | yugoslav sfr,iia | juan
F248-1920-1947,"tobacco, unmanufactured",tonnes,1925,2,2,2,2,values_differ,several_labels_several_sources,12060,12061.2,12060.6,0.99995,serbia | yugoslav sfr,iia | juan
F248-1920-1947,"tobacco, unmanufactured",tonnes,1930,2,2,2,2,values_differ,several_labels_several_sources,14220,14242.2,14231.1,0.999221,serbia | yugoslav sfr,iia | juan
F248-1920-1947,"tobacco, unmanufactured",tonnes,1931,2,2,2,2,values_differ,several_labels_several_sources,13320,13325.9,13322.95,0.999779,serbia | yugoslav sfr,iia | juan
F248-1920-1947,"tobacco, unmanufactured",tonnes,1932,2,2,2,2,values_differ,several_labels_several_sources,16910,16919.1,16914.55,0.999731,serbia | yugoslav sfr,iia | juan
F248-1920-1947,"tobacco, unmanufactured",tonnes,1933,2,2,2,2,values_differ,several_labels_several_sources,8750.7,8751,8750.85,0.999983,serbia | yugoslav sfr,iia | juan
F248-1920-1947,"tobacco, unmanufactured",tonnes,1934,2,2,2,2,values_differ,several_labels_several_sources,6049,604900,305474.5,0.505,serbia | yugoslav sfr,iia | juan
F248-1920-1947,"tobacco, unmanufactured",tonnes,1935,2,2,2,2,values_differ,several_labels_several_sources,9249,924900,467074.5,0.505,serbia | yugoslav sfr,iia | juan
F248-1920-1947,"tobacco, unmanufactured",tonnes,1936,2,2,2,2,values_differ,several_labels_several_sources,16624,1662400,839512,0.505,serbia | yugoslav sfr,iia | juan
F248-1920-1947,"tobacco, unmanufactured",tonnes,1937,2,2,2,2,values_differ,several_labels_several_sources,20783,2078300,1049541.5,0.505,serbia | yugoslav sfr,iia | juan
F248-1920-1947,"tobacco, unmanufactured",tonnes,1938,2,2,2,2,values_differ,several_labels_several_sources,14708,1470800,742754,0.505,serbia | yugoslav sfr,iia | juan
F248-1920-1947,"tobacco, unmanufactured",tonnes,1939,2,2,2,2,values_differ,several_labels_several_sources,15433,1543300,779366.5,0.505,serbia | yugoslav sfr,iia | juan
F248-1920-1947,"tobacco, unmanufactured",tonnes,1945,2,2,2,2,values_differ,several_labels_several_sources,12701,1270100,641400.5,0.505,serbia | yugoslav sfr,iia | juan
F248-1920-1947,wheat,ha,1922,2,2,2,2,values_differ,several_labels_several_sources,21078,1480300,750689,0.50712,serbia | yugoslav sfr,iia | juan
F248-1920-1947,wheat,ha,1923,2,2,2,2,values_differ,several_labels_several_sources,22947,1555000,788973.5,0.507378,serbia | yugoslav sfr,iia | juan
F248-1920-1947,wheat,ha,1924,2,2,2,2,values_differ,several_labels_several_sources,22094,1717300,869697,0.506433,serbia | yugoslav sfr,iia | juan
F248-1920-1947,wheat,ha,1925,2,2,2,2,values_differ,several_labels_several_sources,2000,1773400,887700,0.500564,serbia | yugoslav sfr,iia | juan
F248-1920-1947,wheat,ha,1930,2,2,2,2,values_differ,several_labels_several_sources,18434,2123100,1070767,0.504341,serbia | yugoslav sfr,iia | juan
F248-1920-1947,wheat,ha,1931,2,2,2,2,values_differ,several_labels_several_sources,16523,2140500,1078511.5,0.50386,serbia | yugoslav sfr,iia | juan
F248-1920-1947,wheat,ha,1932,2,2,2,2,values_differ,several_labels_several_sources,16386,1950500,983443,0.5042,serbia | yugoslav sfr,iia | juan
F248-1920-1947,wheat,ha,1933,2,2,2,2,values_differ,several_labels_several_sources,16716,2079000,1047858,0.50402,serbia | yugoslav sfr,iia | juan
F248-1920-1947,wheat,ha,1934,2,2,2,2,values_differ,several_labels_several_sources,58000,2024000,1041000,0.514328,serbia | yugoslav sfr,iia | juan
F248-1920-1947,wheat,ha,1935,2,2,2,2,values_differ,several_labels_several_sources,61000,2150000,1105500,0.514186,serbia | yugoslav sfr,iia | juan
F248-1920-1947,wheat,ha,1936,2,2,2,2,values_differ,several_labels_several_sources,62000,2211000,1136500,0.514021,serbia | yugoslav sfr,iia | juan
F248-1920-1947,wheat,ha,1937,2,2,2,2,values_differ,several_labels_several_sources,68000,2130000,1099000,0.515962,serbia | yugoslav sfr,iia | juan
F248-1920-1947,wheat,ha,1938,2,2,2,2,values_differ,several_labels_several_sources,68000,2130000,1099000,0.515962,serbia | yugoslav sfr,iia | juan
F248-1920-1947,wheat,ha,1939,2,2,2,2,values_differ,several_labels_several_sources,15000,2203000,1109000,0.503404,serbia | yugoslav sfr,iia | juan
F248-1920-1947,wheat,tonnes,1922,2,2,2,2,values_differ,several_labels_several_sources,9489,1210330,609909.5,0.50392,serbia | yugoslav sfr,iia | juan
F248-1920-1947,wheat,tonnes,1923,2,2,2,2,values_differ,several_labels_several_sources,18280.3,1662010,840145.15,0.505499,serbia | yugoslav sfr,iia | juan
F248-1920-1947,wheat,tonnes,1924,2,2,2,2,values_differ,several_labels_several_sources,16043.5,1572240,794141.75,0.505102,serbia | yugoslav sfr,iia | juan
F248-1920-1947,wheat,tonnes,1925,2,2,2,2,values_differ,several_labels_several_sources,14820.6,2140430,1077625.3,0.503462,serbia | yugoslav sfr,iia | juan
F248-1920-1947,wheat,tonnes,1930,2,2,2,2,values_differ,several_labels_several_sources,12478.6,2186150,1099314.3,0.502854,serbia | yugoslav sfr,iia | juan
F248-1920-1947,wheat,tonnes,1931,2,2,2,2,values_differ,several_labels_several_sources,9580,2688620,1349100,0.501782,serbia | yugoslav sfr,iia | juan
F248-1920-1947,wheat,tonnes,1932,2,2,2,2,values_differ,several_labels_several_sources,11378.1,1454530,732954.05,0.503911,serbia | yugoslav sfr,iia | juan
F248-1920-1947,wheat,tonnes,1933,2,2,2,2,values_differ,several_labels_several_sources,14415.2,2628600,1321507.6,0.502742,serbia | yugoslav sfr,iia | juan
F248-1920-1947,wheat,tonnes,1934,2,2,2,2,values_differ,several_labels_several_sources,49300,1859600,954450,0.513256,serbia | yugoslav sfr,iia | juan
F248-1920-1947,wheat,tonnes,1935,2,2,2,2,values_differ,several_labels_several_sources,46700,1989500,1018100,0.511737,serbia | yugoslav sfr,iia | juan
F248-1920-1947,wheat,tonnes,1936,2,2,2,2,values_differ,several_labels_several_sources,54800,2923600,1489200,0.509372,serbia | yugoslav sfr,iia | juan
F248-1920-1947,wheat,tonnes,1937,2,2,2,2,values_differ,several_labels_several_sources,57700,2347000,1202350,0.512292,serbia | yugoslav sfr,iia | juan
F248-1920-1947,wheat,tonnes,1938,2,2,2,2,values_differ,several_labels_several_sources,60500,3029900,1545200,0.509984,serbia | yugoslav sfr,iia | juan
F248-1920-1947,wheat,tonnes,1939,2,2,2,2,values_differ,several_labels_several_sources,11700,2875600,1443650,0.502034,serbia | yugoslav sfr,iia | juan
F248-1947-1991,commercial nitrogenous fertilizers,1000 tonnes,1949,2,2,1,1,values_differ,one_label_one_source,4.7,7.4,6.05,0.817568,Yugoslavia,fao1952
F248-1947-1991,commercial nitrogenous fertilizers,1000 tonnes,1950,2,2,1,1,values_differ,one_label_one_source,3.9,6.1,5,0.819672,Yugoslavia,fao1952
F248-1947-1991,commercial nitrogenous fertilizers,1000 tonnes,1951,2,2,1,1,values_differ,one_label_one_source,4.6,8,6.3,0.7875,Yugoslavia,fao1952
F248-1947-1991,commercial phosphoric acid,1000 tonnes,1949,2,1,1,1,values_identical,one_label_one_source,9.2,9.2,9.2,1,Yugoslavia,fao1952
F248-1947-1991,commercial phosphoric acid,1000 tonnes,1950,2,1,1,1,values_identical,one_label_one_source,6.4,6.4,6.4,1,Yugoslavia,fao1952
F248-1947-1991,commercial phosphoric acid,1000 tonnes,1951,2,1,1,1,values_identical,one_label_one_source,6.6,6.6,6.6,1,Yugoslavia,fao1952
F248-1947-1991,dry beans,1000 hectares,1949,2,2,1,1,values_differ,one_label_one_source,38,783,410.5,0.524266,Yugoslavia,fao1952
F248-1947-1991,dry beans,1000 hectares,1950,2,2,1,1,values_differ,one_label_one_source,32,796,414,0.520101,Yugoslavia,fao1952
F248-1947-1991,dry beans,1000 hectares,1951,2,2,1,1,values_differ,one_label_one_source,30,966,498,0.515528,Yugoslavia,fao1952
F248-1947-1991,dry beans,1000 tonnes,1949,2,2,1,1,values_differ,one_label_one_source,36,122,79,0.647541,Yugoslavia,fao1952
F248-1947-1991,dry beans,1000 tonnes,1950,2,2,1,1,values_differ,one_label_one_source,10,53,31.5,0.59434,Yugoslavia,fao1952
F248-1947-1991,dry beans,1000 tonnes,1951,2,2,1,1,values_differ,one_label_one_source,27,161,94,0.583851,Yugoslavia,fao1952
F248-1947-1991,horses mules asses,1000 heads,1949,3,3,1,1,values_differ,one_label_one_source,34,162,82,0.506173,Yugoslavia,fao1952
F248-1947-1991,horses mules asses,1000 heads,1950,3,3,1,1,values_differ,one_label_one_source,33,158,96,0.607595,Yugoslavia,fao1952
F248-1947-1991,horses mules asses,1000 heads,1951,3,3,1,1,values_differ,one_label_one_source,32,1095,426.333333,0.389346,Yugoslavia,fao1952
F248-1947-1991,poultry,1000 heads,1949,4,4,1,1,values_differ,one_label_one_source,487,17043,4804.5,0.281905,Yugoslavia,fao1952
F248-1947-1991,poultry,1000 heads,1950,4,4,1,1,values_differ,one_label_one_source,575,17622,5031.5,0.285524,Yugoslavia,fao1952
F248-1947-1991,poultry,1000 heads,1951,4,4,1,1,values_differ,one_label_one_source,468,14980,4277.5,0.285547,Yugoslavia,fao1952
F248-1947-1991,r_fao_population_1952_10_18,1000 people,1951,4,3,1,1,values_differ,one_label_one_source,7148,16340,10437.75,0.638785,Yugoslavia,fao1952
F51-1918-1938,"beans, dry",ha,1933,2,1,2,2,values_identical,several_labels_several_sources,7000,7000,7000,1,czech republic | czechoslovakia,iia | juan
F51-1918-1938,"beans, dry",ha,1934,2,2,2,2,values_differ,several_labels_several_sources,7000,58000,32500,0.560345,czech republic | czechoslovakia,iia | juan
F51-1918-1938,"beans, dry",ha,1935,2,2,2,2,values_differ,several_labels_several_sources,6000,70000,38000,0.542857,czech republic | czechoslovakia,iia | juan
F51-1918-1938,"beans, dry",ha,1936,2,2,2,2,values_differ,several_labels_several_sources,7000,75000,41000,0.546667,czech republic | czechoslovakia,iia | juan
F51-1918-1938,"beans, dry",ha,1937,2,2,2,2,values_differ,several_labels_several_sources,6000,83000,44500,0.536145,czech republic | czechoslovakia,iia | juan
F51-1918-1938,"beans, dry",tonnes,1933,2,1,2,2,values_identical,several_labels_several_sources,6600,6600,6600,1,czech republic | czechoslovakia,iia | juan
F51-1918-1938,"beans, dry",tonnes,1934,2,2,2,2,values_differ,several_labels_several_sources,7100,23100,15100,0.65368,czech republic | czechoslovakia,iia | juan
F51-1918-1938,"beans, dry",tonnes,1935,2,2,2,2,values_differ,several_labels_several_sources,4900,16700,10800,0.646707,czech republic | czechoslovakia,iia | juan
F51-1918-1938,"beans, dry",tonnes,1936,2,2,2,2,values_differ,several_labels_several_sources,7600,29100,18350,0.630584,czech republic | czechoslovakia,iia | juan
F51-1918-1938,"beans, dry",tonnes,1937,2,2,2,2,values_differ,several_labels_several_sources,6900,30400,18650,0.613487,czech republic | czechoslovakia,iia | juan
F51-1918-1938,flax fibre and tow,ha,1919,2,2,2,2,values_differ,several_labels_several_sources,14000,14001,14000.5,0.999964,czech republic | czechoslovakia,iia | juan
F51-1918-1938,flax fibre and tow,ha,1920,2,2,2,2,values_differ,several_labels_several_sources,22000,22018,22009,0.999591,czech republic | czechoslovakia,iia | juan
F51-1918-1938,flax fibre and tow,ha,1921,2,2,2,2,values_differ,several_labels_several_sources,23900,23907,23903.5,0.999854,czech republic | czechoslovakia,iia | juan
F51-1918-1938,flax fibre and tow,ha,1922,2,2,2,2,values_differ,several_labels_several_sources,22700,22724,22712,0.999472,czech republic | czechoslovakia,iia | juan
F51-1918-1938,flax fibre and tow,ha,1923,2,2,2,2,values_differ,several_labels_several_sources,21200,21999,21599.5,0.98184,czech republic | czechoslovakia,iia | juan
F51-1918-1938,flax fibre and tow,ha,1924,2,2,2,2,values_differ,several_labels_several_sources,21800,21886,21843,0.998035,czech republic | czechoslovakia,iia | juan
F51-1918-1938,flax fibre and tow,ha,1925,2,2,2,2,values_differ,several_labels_several_sources,24700,24731,24715.5,0.999373,czech republic | czechoslovakia,iia | juan
F51-1918-1938,flax fibre and tow,ha,1930,2,2,2,2,values_differ,several_labels_several_sources,12500,12580,12540,0.99682,czech republic | czechoslovakia,iia | juan
F51-1918-1938,flax fibre and tow,ha,1931,2,2,2,2,values_differ,several_labels_several_sources,8900,8970,8935,0.996098,czech republic | czechoslovakia,iia | juan
F51-1918-1938,flax fibre and tow,ha,1932,2,2,2,2,values_differ,several_labels_several_sources,6600,6609,6604.5,0.999319,czech republic | czechoslovakia,iia | juan
F51-1918-1938,flax fibre and tow,ha,1933,2,2,2,2,values_differ,several_labels_several_sources,7000,7098,7049,0.993097,czech republic | czechoslovakia,iia | juan
F51-1918-1938,flax fibre and tow,ha,1934,2,1,2,2,values_identical,several_labels_several_sources,10000,10000,10000,1,czech republic | czechoslovakia,iia | juan
F51-1918-1938,flax fibre and tow,ha,1935,2,1,2,2,values_identical,several_labels_several_sources,13000,13000,13000,1,czech republic | czechoslovakia,iia | juan
F51-1918-1938,flax fibre and tow,ha,1936,2,1,2,2,values_identical,several_labels_several_sources,16000,16000,16000,1,czech republic | czechoslovakia,iia | juan
F51-1918-1938,flax fibre and tow,ha,1937,2,1,2,2,values_identical,several_labels_several_sources,19000,19000,19000,1,czech republic | czechoslovakia,iia | juan
F51-1918-1938,flax fibre and tow,tonnes,1919,2,2,2,2,values_differ,several_labels_several_sources,7650,7657.1,7653.55,0.999536,czech republic | czechoslovakia,iia | juan
F51-1918-1938,flax fibre and tow,tonnes,1920,2,2,2,2,values_differ,several_labels_several_sources,13070,13077.2,13073.6,0.999725,czech republic | czechoslovakia,iia | juan
F51-1918-1938,flax fibre and tow,tonnes,1921,2,1,2,2,values_identical,several_labels_several_sources,10280,10280,10280,1,czech republic | czechoslovakia,iia | juan
F51-1918-1938,flax fibre and tow,tonnes,1922,2,2,2,2,values_differ,several_labels_several_sources,12570,12578.9,12574.45,0.999646,czech republic | czechoslovakia,iia | juan
F51-1918-1938,flax fibre and tow,tonnes,1923,2,2,2,2,values_differ,several_labels_several_sources,12870,12871.6,12870.8,0.999938,czech republic | czechoslovakia,iia | juan
F51-1918-1938,flax fibre and tow,tonnes,1924,2,2,2,2,values_differ,several_labels_several_sources,12260,12268.1,12264.05,0.99967,czech republic | czechoslovakia,iia | juan
F51-1918-1938,flax fibre and tow,tonnes,1925,2,2,2,2,values_differ,several_labels_several_sources,13660,13669.8,13664.9,0.999642,czech republic | czechoslovakia,iia | juan
F51-1918-1938,flax fibre and tow,tonnes,1930,2,2,2,2,values_differ,several_labels_several_sources,5810,5813.1,5811.55,0.999733,czech republic | czechoslovakia,iia | juan
F51-1918-1938,flax fibre and tow,tonnes,1931,2,2,2,2,values_differ,several_labels_several_sources,3380,3388,3384,0.998819,czech republic | czechoslovakia,iia | juan
F51-1918-1938,flax fibre and tow,tonnes,1932,2,2,2,2,values_differ,several_labels_several_sources,3280,3285.4,3282.7,0.999178,czech republic | czechoslovakia,iia | juan
F51-1918-1938,flax fibre and tow,tonnes,1933,2,2,2,2,values_differ,several_labels_several_sources,3597.3,3600,3598.65,0.999625,czech republic | czechoslovakia,iia | juan
F51-1918-1938,flax fibre and tow,tonnes,1934,2,2,2,2,values_differ,several_labels_several_sources,4300,5600,4950,0.883929,czech republic | czechoslovakia,iia | juan
F51-1918-1938,flax fibre and tow,tonnes,1935,2,2,2,2,values_differ,several_labels_several_sources,5700,6800,6250,0.919118,czech republic | czechoslovakia,iia | juan
F51-1918-1938,flax fibre and tow,tonnes,1936,2,2,2,2,values_differ,several_labels_several_sources,7300,9500,8400,0.884211,czech republic | czechoslovakia,iia | juan
F51-1918-1938,flax fibre and tow,tonnes,1937,2,2,2,2,values_differ,several_labels_several_sources,9000,11000,10000,0.909091,czech republic | czechoslovakia,iia | juan
F51-1918-1938,grapes,ha,1920,2,2,2,2,values_differ,several_labels_several_sources,18600,18696,18648,0.997433,czech republic | czechoslovakia,iia | juan
F51-1918-1938,grapes,ha,1930,2,2,2,2,values_differ,several_labels_several_sources,8,17500,8754,0.500229,czech republic | czechoslovakia,iia | juan
F51-1918-1938,grapes,ha,1931,2,2,2,2,values_differ,several_labels_several_sources,23,18800,9411.5,0.500612,czech republic | czechoslovakia,iia | juan
F51-1918-1938,grapes,ha,1932,2,2,2,2,values_differ,several_labels_several_sources,20,19100,9560,0.500524,czech republic | czechoslovakia,iia | juan
F51-1918-1938,grapes,ha,1933,2,2,2,2,values_differ,several_labels_several_sources,17298,20000,18649,0.93245,czech republic | czechoslovakia,iia | juan
F51-1918-1938,grapes,ha,1934,2,1,2,2,values_identical,several_labels_several_sources,21000,21000,21000,1,czech republic | czechoslovakia,iia | juan
F51-1918-1938,grapes,ha,1935,2,1,2,2,values_identical,several_labels_several_sources,24000,24000,24000,1,czech republic | czechoslovakia,iia | juan
F51-1918-1938,grapes,ha,1936,2,1,2,2,values_identical,several_labels_several_sources,25000,25000,25000,1,czech republic | czechoslovakia,iia | juan
F51-1918-1938,grapes,ha,1937,2,1,2,2,values_identical,several_labels_several_sources,26000,26000,26000,1,czech republic | czechoslovakia,iia | juan
F51-1918-1938,grapes,tonnes,1930,2,1,2,2,values_identical,several_labels_several_sources,73236.8,73236.8,73236.8,1,czech republic | czechoslovakia,iia | juan
F51-1918-1938,grapes,tonnes,1931,2,1,2,2,values_identical,several_labels_several_sources,70799.8,70799.8,70799.8,1,czech republic | czechoslovakia,iia | juan
F51-1918-1938,grapes,tonnes,1932,2,2,2,2,values_differ,several_labels_several_sources,6671.4,74181.4,40426.4,0.544967,czech republic | czechoslovakia,iia | juan
F51-1918-1938,grapes,tonnes,1933,2,2,2,2,values_differ,several_labels_several_sources,6800,60500,33650,0.556198,czech republic | czechoslovakia,iia | juan
F51-1918-1938,grapes,tonnes,1934,2,2,2,2,values_differ,several_labels_several_sources,4500,55900,30200,0.54025,czech republic | czechoslovakia,iia | juan
F51-1918-1938,grapes,tonnes,1935,2,2,2,2,values_differ,several_labels_several_sources,8600,102200,55400,0.542074,czech republic | czechoslovakia,iia | juan
F51-1918-1938,grapes,tonnes,1936,2,2,2,2,values_differ,several_labels_several_sources,8400,93900,51150,0.544728,czech republic | czechoslovakia,iia | juan
F51-1918-1938,grapes,tonnes,1937,2,2,2,2,values_differ,several_labels_several_sources,11100,100600,55850,0.555169,czech republic | czechoslovakia,iia | juan
F51-1918-1938,hemp tow waste,ha,1919,2,2,2,2,values_differ,several_labels_several_sources,400,477,438.5,0.919287,czech republic | czechoslovakia,iia | juan
F51-1918-1938,hemp tow waste,ha,1920,2,2,2,2,values_differ,several_labels_several_sources,9900,9934,9917,0.998289,czech republic | czechoslovakia,iia | juan
F51-1918-1938,hemp tow waste,ha,1921,2,2,2,2,values_differ,several_labels_several_sources,11335,12024,11679.5,0.971349,czech republic | czechoslovakia,iia | juan
F51-1918-1938,hempseed,ha,1922,2,2,2,2,values_differ,several_labels_several_sources,11900,11981,11940.5,0.99662,czech republic | czechoslovakia,iia | juan
F51-1918-1938,hempseed,ha,1923,2,2,2,2,values_differ,several_labels_several_sources,11074,11900,11487,0.965294,czech republic | czechoslovakia,iia | juan
F51-1918-1938,hempseed,ha,1924,2,2,2,2,values_differ,several_labels_several_sources,11600,11679,11639.5,0.996618,czech republic | czechoslovakia,iia | juan
F51-1918-1938,hempseed,ha,1925,2,2,2,2,values_differ,several_labels_several_sources,11007,11600,11303.5,0.97444,czech republic | czechoslovakia,iia | juan
F51-1918-1938,hempseed,ha,1930,2,2,2,2,values_differ,several_labels_several_sources,6200,6228,6214,0.997752,czech republic | czechoslovakia,iia | juan
F51-1918-1938,hempseed,ha,1931,2,2,2,2,values_differ,several_labels_several_sources,8200,8290,8245,0.994572,czech republic | czechoslovakia,iia | juan
F51-1918-1938,hempseed,ha,1932,2,2,2,2,values_differ,several_labels_several_sources,7700,7749,7724.5,0.996838,czech republic | czechoslovakia,iia | juan
F51-1918-1938,hempseed,ha,1933,2,2,2,2,values_differ,several_labels_several_sources,7627,8000,7813.5,0.976688,czech republic | czechoslovakia,iia | juan
F51-1918-1938,hempseed,ha,1934,2,1,2,2,values_identical,several_labels_several_sources,7000,7000,7000,1,czech republic | czechoslovakia,iia | juan
F51-1918-1938,hempseed,ha,1935,2,1,2,2,values_identical,several_labels_several_sources,7000,7000,7000,1,czech republic | czechoslovakia,iia | juan
F51-1918-1938,hempseed,tonnes,1919,2,2,2,2,values_differ,several_labels_several_sources,210,218.4,214.2,0.980769,czech republic | czechoslovakia,iia | juan
F51-1918-1938,hempseed,tonnes,1920,2,2,2,2,values_differ,several_labels_several_sources,4310,4315.2,4312.6,0.999397,czech republic | czechoslovakia,iia | juan
F51-1918-1938,hempseed,tonnes,1921,2,2,2,2,values_differ,several_labels_several_sources,3406.5,4566.6,3986.55,0.87298,czech republic | czechoslovakia,iia | juan
F51-1918-1938,hempseed,tonnes,1922,2,2,2,2,values_differ,several_labels_several_sources,5150,5152.2,5151.1,0.999786,czech republic | czechoslovakia,iia | juan
F51-1918-1938,hempseed,tonnes,1923,2,2,2,2,values_differ,several_labels_several_sources,6270,6278.4,6274.2,0.999331,czech republic | czechoslovakia,iia | juan
F51-1918-1938,hempseed,tonnes,1924,2,2,2,2,values_differ,several_labels_several_sources,5280,5288.8,5284.4,0.999168,czech republic | czechoslovakia,iia | juan
F51-1918-1938,hempseed,tonnes,1925,2,2,2,2,values_differ,several_labels_several_sources,6440,6448.8,6444.4,0.999318,czech republic | czechoslovakia,iia | juan
F51-1918-1938,hempseed,tonnes,1930,2,2,2,2,values_differ,several_labels_several_sources,2870,2875.8,2872.9,0.998992,czech republic | czechoslovakia,iia | juan
F51-1918-1938,hempseed,tonnes,1931,2,2,2,2,values_differ,several_labels_several_sources,2760,2765.7,2762.85,0.99897,czech republic | czechoslovakia,iia | juan
F51-1918-1938,hempseed,tonnes,1932,2,2,2,2,values_differ,several_labels_several_sources,3790,3790.5,3790.25,0.999934,czech republic | czechoslovakia,iia | juan
F51-1918-1938,hempseed,tonnes,1933,2,2,2,2,values_differ,several_labels_several_sources,3469,3500,3484.5,0.995571,czech republic | czechoslovakia,iia | juan
F51-1918-1938,hempseed,tonnes,1934,2,1,2,2,values_identical,several_labels_several_sources,4100,4100,4100,1,czech republic | czechoslovakia,iia | juan
F51-1918-1938,hempseed,tonnes,1935,2,1,2,2,values_identical,several_labels_several_sources,3900,3900,3900,1,czech republic | czechoslovakia,iia | juan
F51-1918-1938,hempseed,tonnes,1936,2,1,2,2,values_identical,several_labels_several_sources,3800,3800,3800,1,czech republic | czechoslovakia,iia | juan
F51-1918-1938,hempseed,tonnes,1937,2,1,2,2,values_identical,several_labels_several_sources,3400,3400,3400,1,czech republic | czechoslovakia,iia | juan
F51-1918-1938,hops,ha,1919,2,2,2,2,values_differ,several_labels_several_sources,8500,8585,8542.5,0.99505,czech republic | czechoslovakia,iia | juan
F51-1918-1938,hops,ha,1920,2,2,2,2,values_differ,several_labels_several_sources,8300,8361,8330.5,0.996352,czech republic | czechoslovakia,iia | juan
F51-1918-1938,hops,ha,1921,2,2,2,2,values_differ,several_labels_several_sources,8300,8362,8331,0.996293,czech republic | czechoslovakia,iia | juan
F51-1918-1938,hops,ha,1922,2,2,2,2,values_differ,several_labels_several_sources,7800,7854,7827,0.996562,czech republic | czechoslovakia,iia | juan
F51-1918-1938,hops,ha,1923,2,2,2,2,values_differ,several_labels_several_sources,7700,7761,7730.5,0.99607,czech republic | czechoslovakia,iia | juan
F51-1918-1938,hops,ha,1924,2,2,2,2,values_differ,several_labels_several_sources,8100,8192,8146,0.994385,czech republic | czechoslovakia,iia | juan
F51-1918-1938,hops,ha,1925,2,2,2,2,values_differ,several_labels_several_sources,9000,9042,9021,0.997678,czech republic | czechoslovakia,iia | juan
F51-1918-1938,hops,ha,1930,2,2,2,2,values_differ,several_labels_several_sources,15500,15560,15530,0.998072,czech republic | czechoslovakia,iia | juan
F51-1918-1938,hops,ha,1931,2,2,2,2,values_differ,several_labels_several_sources,12200,12219,12209.5,0.999223,czech republic | czechoslovakia,iia | juan
F51-1918-1938,hops,ha,1932,2,2,2,2,values_differ,several_labels_several_sources,9500,9563,9531.5,0.996706,czech republic | czechoslovakia,iia | juan
F51-1918-1938,hops,ha,1933,2,2,2,2,values_differ,several_labels_several_sources,10267,10500,10383.5,0.988905,czech republic | czechoslovakia,iia | juan
F51-1918-1938,hops,ha,1934,2,2,2,2,values_differ,several_labels_several_sources,10900,109000,59950,0.55,czech republic | czechoslovakia,iia | juan
F51-1918-1938,hops,ha,1935,2,2,2,2,values_differ,several_labels_several_sources,11200,112000,61600,0.55,czech republic | czechoslovakia,iia | juan
F51-1918-1938,hops,ha,1936,2,2,2,2,values_differ,several_labels_several_sources,11400,114000,62700,0.55,czech republic | czechoslovakia,iia | juan
F51-1918-1938,hops,ha,1937,2,2,2,2,values_differ,several_labels_several_sources,11500,113000,62250,0.550885,czech republic | czechoslovakia,iia | juan
F51-1918-1938,hops,tonnes,1919,2,2,2,2,values_differ,several_labels_several_sources,4350,4351.8,4350.9,0.999793,czech republic | czechoslovakia,iia | juan
F51-1918-1938,hops,tonnes,1920,2,2,2,2,values_differ,several_labels_several_sources,5260,5265.6,5262.8,0.999468,czech republic | czechoslovakia,iia | juan
F51-1918-1938,hops,tonnes,1921,2,2,2,2,values_differ,several_labels_several_sources,2260,2508.6,2384.3,0.95045,czech republic | czechoslovakia,iia | juan
F51-1918-1938,hops,tonnes,1923,2,2,2,2,values_differ,several_labels_several_sources,3090,3092.9,3091.45,0.999531,czech republic | czechoslovakia,iia | juan
F51-1918-1938,hops,tonnes,1924,2,2,2,2,values_differ,several_labels_several_sources,9960,9964,9962,0.999799,czech republic | czechoslovakia,iia | juan
F51-1918-1938,hops,tonnes,1925,2,2,2,2,values_differ,several_labels_several_sources,7030,7034.4,7032.2,0.999687,czech republic | czechoslovakia,iia | juan
F51-1918-1938,hops,tonnes,1930,2,2,2,2,values_differ,several_labels_several_sources,14720,14725.4,14722.7,0.999817,czech republic | czechoslovakia,iia | juan
F51-1918-1938,hops,tonnes,1931,2,2,2,2,values_differ,several_labels_several_sources,12320,12327.4,12323.7,0.9997,czech republic | czechoslovakia,iia | juan
F51-1918-1938,hops,tonnes,1932,2,2,2,2,values_differ,several_labels_several_sources,7520,7521.9,7520.95,0.999874,czech republic | czechoslovakia,iia | juan
F51-1918-1938,hops,tonnes,1933,2,2,2,2,values_differ,several_labels_several_sources,6267.7,6268,6267.85,0.999976,czech republic | czechoslovakia,iia | juan
F51-1918-1938,hops,tonnes,1934,2,2,2,2,values_differ,several_labels_several_sources,7074,707400,357237,0.505,czech republic | czechoslovakia,iia | juan
F51-1918-1938,hops,tonnes,1935,2,2,2,2,values_differ,several_labels_several_sources,7619,761900,384759.5,0.505,czech republic | czechoslovakia,iia | juan
F51-1918-1938,hops,tonnes,1936,2,2,2,2,values_differ,several_labels_several_sources,12081,1208100,610090.5,0.505,czech republic | czechoslovakia,iia | juan
F51-1918-1938,hops,tonnes,1937,2,2,2,2,values_differ,several_labels_several_sources,12165,1216500,614332.5,0.505,czech republic | czechoslovakia,iia | juan
F51-1918-1938,linseed,ha,1922,2,2,2,2,values_differ,several_labels_several_sources,22700,22724,22712,0.999472,czech republic | czechoslovakia,iia | juan
F51-1918-1938,linseed,ha,1923,2,2,2,2,values_differ,several_labels_several_sources,21200,21222,21211,0.999482,czech republic | czechoslovakia,iia | juan
F51-1918-1938,linseed,ha,1924,2,2,2,2,values_differ,several_labels_several_sources,21800,21886,21843,0.998035,czech republic | czechoslovakia,iia | juan
F51-1918-1938,linseed,ha,1925,2,2,2,2,values_differ,several_labels_several_sources,24700,24781,24740.5,0.998366,czech republic | czechoslovakia,iia | juan
F51-1918-1938,linseed,ha,1930,2,2,2,2,values_differ,several_labels_several_sources,12500,12594,12547,0.996268,czech republic | czechoslovakia,iia | juan
F51-1918-1938,linseed,ha,1931,2,2,2,2,values_differ,several_labels_several_sources,8900,8984,8942,0.995325,czech republic | czechoslovakia,iia | juan
F51-1918-1938,linseed,ha,1932,2,2,2,2,values_differ,several_labels_several_sources,6600,6609,6604.5,0.999319,czech republic | czechoslovakia,iia | juan
F51-1918-1938,linseed,ha,1933,2,2,2,2,values_differ,several_labels_several_sources,7000,7098,7049,0.993097,czech republic | czechoslovakia,iia | juan
F51-1918-1938,linseed,tonnes,1919,2,2,2,2,values_differ,several_labels_several_sources,5620,5627.3,5623.65,0.999351,czech republic | czechoslovakia,iia | juan
F51-1918-1938,linseed,tonnes,1920,2,2,2,2,values_differ,several_labels_several_sources,7950,7959.4,7954.7,0.99941,czech republic | czechoslovakia,iia | juan
F51-1918-1938,linseed,tonnes,1921,2,2,2,2,values_differ,several_labels_several_sources,7411.2,7627.3,7519.25,0.985834,czech republic | czechoslovakia,iia | juan
F51-1918-1938,linseed,tonnes,1922,2,2,2,2,values_differ,several_labels_several_sources,7920,7922.1,7921.05,0.999867,czech republic | czechoslovakia,iia | juan
F51-1918-1938,linseed,tonnes,1923,2,2,2,2,values_differ,several_labels_several_sources,9190,9191.4,9190.7,0.999924,czech republic | czechoslovakia,iia | juan
F51-1918-1938,linseed,tonnes,1924,2,2,2,2,values_differ,several_labels_several_sources,9038.6,9080,9059.3,0.99772,czech republic | czechoslovakia,iia | juan
F51-1918-1938,linseed,tonnes,1925,2,2,2,2,values_differ,several_labels_several_sources,10570,10571.5,10570.75,0.999929,czech republic | czechoslovakia,iia | juan
F51-1918-1938,linseed,tonnes,1930,2,2,2,2,values_differ,several_labels_several_sources,4280,4284.2,4282.1,0.99951,czech republic | czechoslovakia,iia | juan
F51-1918-1938,linseed,tonnes,1931,2,2,2,2,values_differ,several_labels_several_sources,2540,2545.2,2542.6,0.998978,czech republic | czechoslovakia,iia | juan
F51-1918-1938,linseed,tonnes,1932,2,2,2,2,values_differ,several_labels_several_sources,2410,2412.3,2411.15,0.999523,czech republic | czechoslovakia,iia | juan
F51-1918-1938,linseed,tonnes,1933,2,2,2,2,values_differ,several_labels_several_sources,2676.7,2700,2688.35,0.995685,czech republic | czechoslovakia,iia | juan
F51-1918-1938,r_fao_population_1952_10_18,1000 people,1937,5,5,1,1,values_differ,one_label_one_source,1037,14432,4804.2,0.332885,Czechoslovakia,fao1952
F51-1918-1938,rapeseed,ha,1919,2,2,2,2,values_differ,several_labels_several_sources,9000,9044,9022,0.997567,czech republic | czechoslovakia,iia | juan
F51-1918-1938,rapeseed,ha,1920,2,2,2,2,values_differ,several_labels_several_sources,6600,6647,6623.5,0.996465,czech republic | czechoslovakia,iia | juan
F51-1918-1938,rapeseed,ha,1921,2,2,2,2,values_differ,several_labels_several_sources,4800,4860,4830,0.993827,czech republic | czechoslovakia,iia | juan
F51-1918-1938,rapeseed,ha,1922,2,2,2,2,values_differ,several_labels_several_sources,3900,3931,3915.5,0.996057,czech republic | czechoslovakia,iia | juan
F51-1918-1938,rapeseed,ha,1923,2,2,2,2,values_differ,several_labels_several_sources,3800,3810,3805,0.998688,czech republic | czechoslovakia,iia | juan
F51-1918-1938,rapeseed,ha,1924,2,2,2,2,values_differ,several_labels_several_sources,3400,3464,3432,0.990762,czech republic | czechoslovakia,iia | juan
F51-1918-1938,rapeseed,ha,1925,2,2,2,2,values_differ,several_labels_several_sources,3000,3007,3003.5,0.998836,czech republic | czechoslovakia,iia | juan
F51-1918-1938,rapeseed,ha,1930,2,2,2,2,values_differ,several_labels_several_sources,1100,1144,1122,0.980769,czech republic | czechoslovakia,iia | juan
F51-1918-1938,rapeseed,ha,1931,2,2,2,2,values_differ,several_labels_several_sources,2000,2031,2015.5,0.992368,czech republic | czechoslovakia,iia | juan
F51-1918-1938,rapeseed,ha,1932,2,2,2,2,values_differ,several_labels_several_sources,1500,1539,1519.5,0.987329,czech republic | czechoslovakia,iia | juan
F51-1918-1938,rapeseed,ha,1933,2,2,2,2,values_differ,several_labels_several_sources,970,1000,985,0.985,czech republic | czechoslovakia,iia | juan
F51-1918-1938,rapeseed,ha,1934,2,1,2,2,values_identical,several_labels_several_sources,1000,1000,1000,1,czech republic | czechoslovakia,iia | juan
F51-1918-1938,rapeseed,ha,1935,2,1,2,2,values_identical,several_labels_several_sources,4000,4000,4000,1,czech republic | czechoslovakia,iia | juan
F51-1918-1938,rapeseed,ha,1936,2,1,2,2,values_identical,several_labels_several_sources,5000,5000,5000,1,czech republic | czechoslovakia,iia | juan
F51-1918-1938,rapeseed,ha,1937,2,1,2,2,values_identical,several_labels_several_sources,6000,6000,6000,1,czech republic | czechoslovakia,iia | juan
F51-1918-1938,rapeseed,tonnes,1919,2,2,2,2,values_differ,several_labels_several_sources,11540,11545.5,11542.75,0.999762,czech republic | czechoslovakia,iia | juan
F51-1918-1938,rapeseed,tonnes,1920,2,1,2,2,values_identical,several_labels_several_sources,7203.5,7203.5,7203.5,1,czech republic | czechoslovakia,iia | juan
F51-1918-1938,rapeseed,tonnes,1921,2,2,2,2,values_differ,several_labels_several_sources,5184.7,5832,5508.35,0.944504,czech republic | czechoslovakia,iia | juan
F51-1918-1938,rapeseed,tonnes,1923,2,2,2,2,values_differ,several_labels_several_sources,4780,4784.7,4782.35,0.999509,czech republic | czechoslovakia,iia | juan
F51-1918-1938,rapeseed,tonnes,1924,2,2,2,2,values_differ,several_labels_several_sources,4210,4216.3,4213.15,0.999253,czech republic | czechoslovakia,iia | juan
F51-1918-1938,rapeseed,tonnes,1925,2,2,2,2,values_differ,several_labels_several_sources,3860,3868,3864,0.998966,czech republic | czechoslovakia,iia | juan
F51-1918-1938,rapeseed,tonnes,1930,2,2,2,2,values_differ,several_labels_several_sources,1310,1310.3,1310.15,0.999886,czech republic | czechoslovakia,iia | juan
F51-1918-1938,rapeseed,tonnes,1931,2,2,2,2,values_differ,several_labels_several_sources,1680,1685.1,1682.55,0.998487,czech republic | czechoslovakia,iia | juan
F51-1918-1938,rapeseed,tonnes,1932,2,2,2,2,values_differ,several_labels_several_sources,1740,1748.9,1744.45,0.997456,czech republic | czechoslovakia,iia | juan
F51-1918-1938,rapeseed,tonnes,1933,2,2,2,2,values_differ,several_labels_several_sources,1000,1033.5,1016.75,0.983793,czech republic | czechoslovakia,iia | juan
F51-1918-1938,rapeseed,tonnes,1934,2,1,2,2,values_identical,several_labels_several_sources,1500,1500,1500,1,czech republic | czechoslovakia,iia | juan
F51-1918-1938,rapeseed,tonnes,1935,2,1,2,2,values_identical,several_labels_several_sources,4800,4800,4800,1,czech republic | czechoslovakia,iia | juan
F51-1918-1938,rapeseed,tonnes,1936,2,1,2,2,values_identical,several_labels_several_sources,7400,7400,7400,1,czech republic | czechoslovakia,iia | juan
F51-1918-1938,rapeseed,tonnes,1937,2,1,2,2,values_identical,several_labels_several_sources,8900,8900,8900,1,czech republic | czechoslovakia,iia | juan
F51-1918-1938,rye,ha,1919,2,2,2,2,values_differ,several_labels_several_sources,732900,732970,732935,0.999952,czech republic | czechoslovakia,iia | juan
F51-1918-1938,rye,ha,1920,2,2,2,2,values_differ,several_labels_several_sources,899800,899842,899821,0.999977,czech republic | czechoslovakia,iia | juan
F51-1918-1938,rye,ha,1921,2,2,2,2,values_differ,several_labels_several_sources,883500,883505,883502.5,0.999997,czech republic | czechoslovakia,iia | juan
F51-1918-1938,rye,ha,1922,2,2,2,2,values_differ,several_labels_several_sources,879700,879706,879703,0.999997,czech republic | czechoslovakia,iia | juan
F51-1918-1938,rye,ha,1923,2,2,2,2,values_differ,several_labels_several_sources,859300,859319,859309.5,0.999989,czech republic | czechoslovakia,iia | juan
F51-1918-1938,rye,ha,1924,2,2,2,2,values_differ,several_labels_several_sources,837500,837532,837516,0.999981,czech republic | czechoslovakia,iia | juan
F51-1918-1938,rye,ha,1925,2,2,2,2,values_differ,several_labels_several_sources,846000,846005,846002.5,0.999997,czech republic | czechoslovakia,iia | juan
F51-1918-1938,rye,ha,1930,2,1,2,2,values_identical,several_labels_several_sources,1046335,1046335,1046335,1,czech republic | czechoslovakia,iia | juan
F51-1918-1938,rye,ha,1931,2,1,2,2,values_identical,several_labels_several_sources,999647,999647,999647,1,czech republic | czechoslovakia,iia | juan
F51-1918-1938,rye,ha,1932,2,1,2,2,values_identical,several_labels_several_sources,1039615,1039615,1039615,1,czech republic | czechoslovakia,iia | juan
F51-1918-1938,rye,ha,1933,2,2,2,2,values_differ,several_labels_several_sources,1045658,1046000,1045829,0.999837,czech republic | czechoslovakia,iia | juan
F51-1918-1938,rye,ha,1934,2,1,2,2,values_identical,several_labels_several_sources,988000,988000,988000,1,czech republic | czechoslovakia,iia | juan
F51-1918-1938,rye,ha,1935,2,1,2,2,values_identical,several_labels_several_sources,1009000,1009000,1009000,1,czech republic | czechoslovakia,iia | juan
F51-1918-1938,rye,ha,1936,2,1,2,2,values_identical,several_labels_several_sources,1009000,1009000,1009000,1,czech republic | czechoslovakia,iia | juan
F51-1918-1938,rye,ha,1937,2,1,2,2,values_identical,several_labels_several_sources,967000,967000,967000,1,czech republic | czechoslovakia,iia | juan
F51-1918-1938,rye,tonnes,1919,2,2,2,2,values_differ,several_labels_several_sources,831480,831484.6,831482.3,0.999997,czech republic | czechoslovakia,iia | juan
F51-1918-1938,rye,tonnes,1920,2,2,2,2,values_differ,several_labels_several_sources,836750,836755.6,836752.8,0.999997,czech republic | czechoslovakia,iia | juan
F51-1918-1938,rye,tonnes,1921,2,1,2,2,values_identical,several_labels_several_sources,1381370,1381370,1381370,1,czech republic | czechoslovakia,iia | juan
F51-1918-1938,rye,tonnes,1922,2,2,2,2,values_differ,several_labels_several_sources,1297930,1297935.5,1297932.75,0.999998,czech republic | czechoslovakia,iia | juan
F51-1918-1938,rye,tonnes,1923,2,2,2,2,values_differ,several_labels_several_sources,1354860,1354860.3,1354860.15,1.0,czech republic | czechoslovakia,iia | juan
F51-1918-1938,rye,tonnes,1924,2,2,2,2,values_differ,several_labels_several_sources,1136320,1136323,1136321.5,0.999999,czech republic | czechoslovakia,iia | juan
F51-1918-1938,rye,tonnes,1925,2,2,2,2,values_differ,several_labels_several_sources,1175755,1475750,1325752.5,0.898358,czech republic | czechoslovakia,iia | juan
F51-1918-1938,rye,tonnes,1930,2,1,2,2,values_identical,several_labels_several_sources,1787571,1787571,1787571,1,czech republic | czechoslovakia,iia | juan
F51-1918-1938,rye,tonnes,1931,2,1,2,2,values_identical,several_labels_several_sources,1387686,1387686,1387686,1,czech republic | czechoslovakia,iia | juan
F51-1918-1938,rye,tonnes,1932,2,1,2,2,values_identical,several_labels_several_sources,2175887.9,2175887.9,2175887.9,1,czech republic | czechoslovakia,iia | juan
F51-1918-1938,rye,tonnes,1933,2,2,2,2,values_differ,several_labels_several_sources,2085500,2085537.2,2085518.6,0.999991,czech republic | czechoslovakia,iia | juan
F51-1918-1938,rye,tonnes,1934,2,1,2,2,values_identical,several_labels_several_sources,1523300,1523300,1523300,1,czech republic | czechoslovakia,iia | juan
F51-1918-1938,rye,tonnes,1935,2,1,2,2,values_identical,several_labels_several_sources,1638400,1638400,1638400,1,czech republic | czechoslovakia,iia | juan
F51-1918-1938,rye,tonnes,1936,2,1,2,2,values_identical,several_labels_several_sources,1436400,1436400,1436400,1,czech republic | czechoslovakia,iia | juan
F51-1918-1938,rye,tonnes,1937,2,1,2,2,values_identical,several_labels_several_sources,1484600,1484600,1484600,1,czech republic | czechoslovakia,iia | juan
F51-1918-1938,soybeans,tonnes,1934,2,1,2,2,values_identical,several_labels_several_sources,600,600,600,1,czech republic | czechoslovakia,iia | juan
F51-1918-1938,soybeans,tonnes,1935,2,1,2,2,values_identical,several_labels_several_sources,900,900,900,1,czech republic | czechoslovakia,iia | juan
F51-1918-1938,soybeans,tonnes,1936,2,1,2,2,values_identical,several_labels_several_sources,900,900,900,1,czech republic | czechoslovakia,iia | juan
F51-1918-1938,soybeans,tonnes,1937,2,1,2,2,values_identical,several_labels_several_sources,1000,1000,1000,1,czech republic | czechoslovakia,iia | juan
F51-1918-1938,"tobacco, unmanufactured",ha,1920,2,2,2,2,values_differ,several_labels_several_sources,1200,1254,1227,0.978469,czech republic | czechoslovakia,iia | juan
F51-1918-1938,"tobacco, unmanufactured",ha,1921,2,2,2,2,values_differ,several_labels_several_sources,1300,1357,1328.5,0.978998,czech republic | czechoslovakia,iia | juan
F51-1918-1938,"tobacco, unmanufactured",ha,1922,2,2,2,2,values_differ,several_labels_several_sources,1600,1668,1634,0.979616,czech republic | czechoslovakia,iia | juan
F51-1918-1938,"tobacco, unmanufactured",ha,1923,2,2,2,2,values_differ,several_labels_several_sources,2600,2654,2627,0.989827,czech republic | czechoslovakia,iia | juan
F51-1918-1938,"tobacco, unmanufactured",ha,1924,2,2,2,2,values_differ,several_labels_several_sources,4100,4146,4123,0.994452,czech republic | czechoslovakia,iia | juan
F51-1918-1938,"tobacco, unmanufactured",ha,1925,2,1,2,2,values_identical,several_labels_several_sources,5400,5400,5400,1,czech republic | czechoslovakia,iia | juan
F51-1918-1938,"tobacco, unmanufactured",ha,1930,2,2,2,2,values_differ,several_labels_several_sources,7400,7499,7449.5,0.993399,czech republic | czechoslovakia,iia | juan
F51-1918-1938,"tobacco, unmanufactured",ha,1931,2,2,2,2,values_differ,several_labels_several_sources,9000,9053,9026.5,0.997073,czech republic | czechoslovakia,iia | juan
F51-1918-1938,"tobacco, unmanufactured",ha,1932,2,2,2,2,values_differ,several_labels_several_sources,9900,9997,9948.5,0.995149,czech republic | czechoslovakia,iia | juan
F51-1918-1938,"tobacco, unmanufactured",ha,1933,2,2,2,2,values_differ,several_labels_several_sources,10000,10030,10015,0.998504,czech republic | czechoslovakia,iia | juan
F51-1918-1938,"tobacco, unmanufactured",ha,1934,2,1,2,2,values_identical,several_labels_several_sources,10000,10000,10000,1,czech republic | czechoslovakia,iia | juan
F51-1918-1938,"tobacco, unmanufactured",ha,1935,2,1,2,2,values_identical,several_labels_several_sources,10000,10000,10000,1,czech republic | czechoslovakia,iia | juan
F51-1918-1938,"tobacco, unmanufactured",ha,1936,2,1,2,2,values_identical,several_labels_several_sources,10000,10000,10000,1,czech republic | czechoslovakia,iia | juan
F51-1918-1938,"tobacco, unmanufactured",ha,1937,2,1,2,2,values_identical,several_labels_several_sources,10000,10000,10000,1,czech republic | czechoslovakia,iia | juan
F51-1918-1938,"tobacco, unmanufactured",tonnes,1920,2,1,2,2,values_identical,several_labels_several_sources,1766,1766,1766,1,czech republic | czechoslovakia,iia | juan
F51-1918-1938,"tobacco, unmanufactured",tonnes,1921,2,1,2,2,values_identical,several_labels_several_sources,1289.2,1289.2,1289.2,1,czech republic | czechoslovakia,iia | juan
F51-1918-1938,"tobacco, unmanufactured",tonnes,1922,2,2,2,2,values_differ,several_labels_several_sources,2060,2062.8,2061.4,0.999321,czech republic | czechoslovakia,iia | juan
F51-1918-1938,"tobacco, unmanufactured",tonnes,1923,2,2,2,2,values_differ,several_labels_several_sources,2790,2794.2,2792.1,0.999248,czech republic | czechoslovakia,iia | juan
F51-1918-1938,"tobacco, unmanufactured",tonnes,1924,2,2,2,2,values_differ,several_labels_several_sources,5760,5769.7,5764.85,0.999159,czech republic | czechoslovakia,iia | juan
F51-1918-1938,"tobacco, unmanufactured",tonnes,1925,2,2,2,2,values_differ,several_labels_several_sources,6870,6876.4,6873.2,0.999535,czech republic | czechoslovakia,iia | juan
F51-1918-1938,"tobacco, unmanufactured",tonnes,1930,2,2,2,2,values_differ,several_labels_several_sources,10020,10022.3,10021.15,0.999885,czech republic | czechoslovakia,iia | juan
F51-1918-1938,"tobacco, unmanufactured",tonnes,1931,2,2,2,2,values_differ,several_labels_several_sources,13830,13832.2,13831.1,0.99992,czech republic | czechoslovakia,iia | juan
F51-1918-1938,"tobacco, unmanufactured",tonnes,1932,2,2,2,2,values_differ,several_labels_several_sources,17060,17065.5,17062.75,0.999839,czech republic | czechoslovakia,iia | juan
F51-1918-1938,"tobacco, unmanufactured",tonnes,1933,2,2,2,2,values_differ,several_labels_several_sources,11777.6,11778,11777.8,0.999983,czech republic | czechoslovakia,iia | juan
F51-1918-1938,"tobacco, unmanufactured",tonnes,1934,2,2,2,2,values_differ,several_labels_several_sources,13683,1368300,690991.5,0.505,czech republic | czechoslovakia,iia | juan
F51-1918-1938,"tobacco, unmanufactured",tonnes,1935,2,2,2,2,values_differ,several_labels_several_sources,13631,1363100,688365.5,0.505,czech republic | czechoslovakia,iia | juan
F51-1918-1938,"tobacco, unmanufactured",tonnes,1936,2,2,2,2,values_differ,several_labels_several_sources,15072,1507200,761136,0.505,czech republic | czechoslovakia,iia | juan
F51-1918-1938,"tobacco, unmanufactured",tonnes,1937,2,2,2,2,values_differ,several_labels_several_sources,14036,1403600,708818,0.505,czech republic | czechoslovakia,iia | juan
F51-1918-1938,wheat,ha,1922,2,2,2,2,values_differ,several_labels_several_sources,18000,617900,317950,0.514565,czech republic | czechoslovakia,iia | juan
F51-1918-1938,wheat,ha,1923,2,2,2,2,values_differ,several_labels_several_sources,16866,609700,313283,0.513831,czech republic | czechoslovakia,iia | juan
F51-1918-1938,wheat,ha,1924,2,2,2,2,values_differ,several_labels_several_sources,15776,605700,310738,0.513023,czech republic | czechoslovakia,iia | juan
F51-1918-1938,wheat,ha,1925,2,2,2,2,values_differ,several_labels_several_sources,1615,617400,309507.5,0.501308,czech republic | czechoslovakia,iia | juan
F51-1918-1938,wheat,ha,1930,2,2,2,2,values_differ,several_labels_several_sources,239,795000,397619.5,0.50015,czech republic | czechoslovakia,iia | juan
F51-1918-1938,wheat,ha,1931,2,2,2,2,values_differ,several_labels_several_sources,607,828400,414503.5,0.500366,czech republic | czechoslovakia,iia | juan
F51-1918-1938,wheat,ha,1932,2,2,2,2,values_differ,several_labels_several_sources,829,835400,418114.5,0.500496,czech republic | czechoslovakia,iia | juan
F51-1918-1938,wheat,ha,1933,2,2,2,2,values_differ,several_labels_several_sources,440,919000,459720,0.500239,czech republic | czechoslovakia,iia | juan
F51-1918-1938,wheat,ha,1934,2,2,2,2,values_differ,several_labels_several_sources,7000,931000,469000,0.503759,czech republic | czechoslovakia,iia | juan
F51-1918-1938,wheat,ha,1935,2,2,2,2,values_differ,several_labels_several_sources,6000,963000,484500,0.503115,czech republic | czechoslovakia,iia | juan
F51-1918-1938,wheat,ha,1936,2,2,2,2,values_differ,several_labels_several_sources,6000,927000,466500,0.503236,czech republic | czechoslovakia,iia | juan
F51-1918-1938,wheat,ha,1937,2,2,2,2,values_differ,several_labels_several_sources,6000,849000,427500,0.503534,czech republic | czechoslovakia,iia | juan
F51-1918-1938,wheat,tonnes,1922,2,2,2,2,values_differ,several_labels_several_sources,23977.4,915020,469498.7,0.513102,czech republic | czechoslovakia,iia | juan
F51-1918-1938,wheat,tonnes,1923,2,2,2,2,values_differ,several_labels_several_sources,23761.2,985910,504835.6,0.51205,czech republic | czechoslovakia,iia | juan
F51-1918-1938,wheat,tonnes,1924,2,2,2,2,values_differ,several_labels_several_sources,17765.9,877370,447567.95,0.510125,czech republic | czechoslovakia,iia | juan
F51-1918-1938,wheat,tonnes,1925,2,2,2,2,values_differ,several_labels_several_sources,22464.5,1069830,546147.25,0.510499,czech republic | czechoslovakia,iia | juan
F51-1918-1938,wheat,tonnes,1930,2,2,2,2,values_differ,several_labels_several_sources,311.9,1377280,688795.95,0.500113,czech republic | czechoslovakia,iia | juan
F51-1918-1938,wheat,tonnes,1931,2,2,2,2,values_differ,several_labels_several_sources,553.6,1122150,561351.8,0.500247,czech republic | czechoslovakia,iia | juan
F51-1918-1938,wheat,tonnes,1932,2,2,2,2,values_differ,several_labels_several_sources,1012.3,1462480,731746.15,0.500346,czech republic | czechoslovakia,iia | juan
F51-1918-1938,wheat,tonnes,1933,2,2,2,2,values_differ,several_labels_several_sources,700.2,1983900,992300.1,0.500176,czech republic | czechoslovakia,iia | juan
F51-1918-1938,wheat,tonnes,1934,2,2,2,2,values_differ,several_labels_several_sources,9800,1361200,685500,0.5036,czech republic | czechoslovakia,iia | juan
F51-1918-1938,wheat,tonnes,1935,2,2,2,2,values_differ,several_labels_several_sources,9900,1690000,849950,0.502929,czech republic | czechoslovakia,iia | juan
F51-1918-1938,wheat,tonnes,1936,2,2,2,2,values_differ,several_labels_several_sources,9100,1512700,760900,0.503008,czech republic | czechoslovakia,iia | juan
F51-1918-1938,wheat,tonnes,1937,2,2,2,2,values_differ,several_labels_several_sources,8700,1395300,702000,0.503118,czech republic | czechoslovakia,iia | juan
F51-1938-1945,"beans, dry",ha,1938,2,2,2,2,values_differ,several_labels_several_sources,5000,72000,38500,0.534722,czech republic | czechoslovakia,iia | juan
F51-1938-1945,"beans, dry",ha,1939,2,2,2,2,values_differ,several_labels_several_sources,4000,39000,21500,0.551282,czech republic | czechoslovakia,iia | juan
F51-1938-1945,"beans, dry",ha,1940,2,2,2,2,values_differ,several_labels_several_sources,4000,41000,22500,0.54878,czech republic | czechoslovakia,iia | juan
F51-1938-1945,"beans, dry",ha,1941,2,2,2,2,values_differ,several_labels_several_sources,4000,40000,22000,0.55,czech republic | czechoslovakia,iia | juan
F51-1938-1945,"beans, dry",ha,1942,2,2,2,2,values_differ,several_labels_several_sources,4000,40000,22000,0.55,czech republic | czechoslovakia,iia | juan
F51-1938-1945,"beans, dry",ha,1943,2,2,2,2,values_differ,several_labels_several_sources,5000,35000,20000,0.571429,czech republic | czechoslovakia,iia | juan
F51-1938-1945,"beans, dry",ha,1944,2,2,2,2,values_differ,several_labels_several_sources,5000,30000,17500,0.583333,czech republic | czechoslovakia,iia | juan
F51-1938-1945,"beans, dry",tonnes,1938,2,2,2,2,values_differ,several_labels_several_sources,5900,21900,13900,0.634703,czech republic | czechoslovakia,iia | juan
F51-1938-1945,"beans, dry",tonnes,1939,2,2,2,2,values_differ,several_labels_several_sources,5700,24300,15000,0.617284,czech republic | czechoslovakia,iia | juan
F51-1938-1945,"beans, dry",tonnes,1940,2,2,2,2,values_differ,several_labels_several_sources,4700,22900,13800,0.60262,czech republic | czechoslovakia,iia | juan
F51-1938-1945,"beans, dry",tonnes,1941,2,2,2,2,values_differ,several_labels_several_sources,4500,19500,12000,0.615385,czech republic | czechoslovakia,iia | juan
F51-1938-1945,"beans, dry",tonnes,1942,2,2,2,2,values_differ,several_labels_several_sources,6100,24600,15350,0.623984,czech republic | czechoslovakia,iia | juan
F51-1938-1945,"beans, dry",tonnes,1943,2,2,2,2,values_differ,several_labels_several_sources,5000,15400,10200,0.662338,czech republic | czechoslovakia,iia | juan
F51-1938-1945,"beans, dry",tonnes,1944,2,2,2,2,values_differ,several_labels_several_sources,5100,14600,9850,0.674658,czech republic | czechoslovakia,iia | juan
F51-1938-1945,flax fibre and tow,ha,1938,2,1,2,2,values_identical,several_labels_several_sources,16000,16000,16000,1,czech republic | czechoslovakia,iia | juan
F51-1938-1945,flax fibre and tow,ha,1939,2,1,2,2,values_identical,several_labels_several_sources,20000,20000,20000,1,czech republic | czechoslovakia,iia | juan
F51-1938-1945,flax fibre and tow,ha,1940,2,1,2,2,values_identical,several_labels_several_sources,46000,46000,46000,1,czech republic | czechoslovakia,iia | juan
F51-1938-1945,flax fibre and tow,ha,1941,2,1,2,2,values_identical,several_labels_several_sources,47000,47000,47000,1,czech republic | czechoslovakia,iia | juan
F51-1938-1945,flax fibre and tow,ha,1942,2,2,2,2,values_differ,several_labels_several_sources,4000,43000,23500,0.546512,czech republic | czechoslovakia,iia | juan
F51-1938-1945,flax fibre and tow,ha,1943,2,1,2,2,values_identical,several_labels_several_sources,33000,33000,33000,1,czech republic | czechoslovakia,iia | juan
F51-1938-1945,flax fibre and tow,ha,1944,2,1,2,2,values_identical,several_labels_several_sources,34000,34000,34000,1,czech republic | czechoslovakia,iia | juan
F51-1938-1945,flax fibre and tow,tonnes,1939,2,2,2,2,values_differ,several_labels_several_sources,8300,10000,9150,0.915,czech republic | czechoslovakia,iia | juan
F51-1938-1945,flax fibre and tow,tonnes,1940,2,2,2,2,values_differ,several_labels_several_sources,18800,23500,21150,0.9,czech republic | czechoslovakia,iia | juan
F51-1938-1945,flax fibre and tow,tonnes,1941,2,2,2,2,values_differ,several_labels_several_sources,16100,21500,18800,0.874419,czech republic | czechoslovakia,iia | juan
F51-1938-1945,flax fibre and tow,tonnes,1942,2,2,2,2,values_differ,several_labels_several_sources,17200,22100,19650,0.88914,czech republic | czechoslovakia,iia | juan
F51-1938-1945,flax fibre and tow,tonnes,1943,2,2,2,2,values_differ,several_labels_several_sources,12200,12400,12300,0.991935,czech republic | czechoslovakia,iia | juan
F51-1938-1945,flax fibre and tow,tonnes,1944,2,2,2,2,values_differ,several_labels_several_sources,13200,16100,14650,0.909938,czech republic | czechoslovakia,iia | juan
F51-1938-1945,grapes,ha,1938,2,1,2,2,values_identical,several_labels_several_sources,27000,27000,27000,1,czech republic | czechoslovakia,iia | juan
F51-1938-1945,grapes,ha,1939,2,2,2,2,values_differ,several_labels_several_sources,2000,17000,9500,0.558824,czech republic | czechoslovakia,iia | juan
F51-1938-1945,grapes,ha,1940,2,1,2,2,values_identical,several_labels_several_sources,16000,16000,16000,1,czech republic | czechoslovakia,iia | juan
F51-1938-1945,grapes,ha,1941,2,2,2,2,values_differ,several_labels_several_sources,15000,16000,15500,0.96875,czech republic | czechoslovakia,iia | juan
F51-1938-1945,grapes,ha,1942,2,2,2,2,values_differ,several_labels_several_sources,15000,16000,15500,0.96875,czech republic | czechoslovakia,iia | juan
F51-1938-1945,grapes,ha,1943,2,1,2,2,values_identical,several_labels_several_sources,16000,16000,16000,1,czech republic | czechoslovakia,iia | juan
F51-1938-1945,grapes,ha,1944,2,1,2,2,values_identical,several_labels_several_sources,16000,16000,16000,1,czech republic | czechoslovakia,iia | juan
F51-1938-1945,grapes,tonnes,1939,2,2,2,2,values_differ,several_labels_several_sources,3900,41000,22450,0.547561,czech republic | czechoslovakia,iia | juan
F51-1938-1945,grapes,tonnes,1940,2,2,2,2,values_differ,several_labels_several_sources,2900,30600,16750,0.547386,czech republic | czechoslovakia,iia | juan
F51-1938-1945,grapes,tonnes,1941,2,2,2,2,values_differ,several_labels_several_sources,3000,31800,17400,0.54717,czech republic | czechoslovakia,iia | juan
F51-1938-1945,grapes,tonnes,1942,2,2,2,2,values_differ,several_labels_several_sources,3600,37600,20600,0.547872,czech republic | czechoslovakia,iia | juan
F51-1938-1945,grapes,tonnes,1943,2,2,2,2,values_differ,several_labels_several_sources,3500,36700,20100,0.547684,czech republic | czechoslovakia,iia | juan
F51-1938-1945,grapes,tonnes,1944,2,2,2,2,values_differ,several_labels_several_sources,3000,31600,17300,0.547468,czech republic | czechoslovakia,iia | juan
F51-1938-1945,hemp tow waste,ha,1939,2,1,2,2,values_identical,several_labels_several_sources,5000,5000,5000,1,czech republic | czechoslovakia,iia | juan
F51-1938-1945,hemp tow waste,ha,1940,2,1,2,2,values_identical,several_labels_several_sources,5000,5000,5000,1,czech republic | czechoslovakia,iia | juan
F51-1938-1945,hemp tow waste,ha,1941,2,1,2,2,values_identical,several_labels_several_sources,5000,5000,5000,1,czech republic | czechoslovakia,iia | juan
F51-1938-1945,hemp tow waste,ha,1942,2,1,2,2,values_identical,several_labels_several_sources,5000,5000,5000,1,czech republic | czechoslovakia,iia | juan
F51-1938-1945,hemp tow waste,ha,1943,2,1,2,2,values_identical,several_labels_several_sources,5000,5000,5000,1,czech republic | czechoslovakia,iia | juan
F51-1938-1945,hemp tow waste,ha,1944,2,1,2,2,values_identical,several_labels_several_sources,5000,5000,5000,1,czech republic | czechoslovakia,iia | juan
F51-1938-1945,hemp tow waste,tonnes,1939,2,1,2,2,values_identical,several_labels_several_sources,3500,3500,3500,1,czech republic | czechoslovakia,iia | juan
F51-1938-1945,hemp tow waste,tonnes,1940,2,1,2,2,values_identical,several_labels_several_sources,3800,3800,3800,1,czech republic | czechoslovakia,iia | juan
F51-1938-1945,hemp tow waste,tonnes,1941,2,1,2,2,values_identical,several_labels_several_sources,4100,4100,4100,1,czech republic | czechoslovakia,iia | juan
F51-1938-1945,hemp tow waste,tonnes,1942,2,1,2,2,values_identical,several_labels_several_sources,3500,3500,3500,1,czech republic | czechoslovakia,iia | juan
F51-1938-1945,hemp tow waste,tonnes,1943,2,1,2,2,values_identical,several_labels_several_sources,4900,4900,4900,1,czech republic | czechoslovakia,iia | juan
F51-1938-1945,hemp tow waste,tonnes,1944,2,1,2,2,values_identical,several_labels_several_sources,5000,5000,5000,1,czech republic | czechoslovakia,iia | juan
F51-1938-1945,hempseed,ha,1939,2,1,2,2,values_identical,several_labels_several_sources,5000,5000,5000,1,czech republic | czechoslovakia,iia | juan
F51-1938-1945,hempseed,ha,1940,2,1,2,2,values_identical,several_labels_several_sources,5000,5000,5000,1,czech republic | czechoslovakia,iia | juan
F51-1938-1945,hempseed,ha,1941,2,1,2,2,values_identical,several_labels_several_sources,5000,5000,5000,1,czech republic | czechoslovakia,iia | juan
F51-1938-1945,hempseed,ha,1942,2,1,2,2,values_identical,several_labels_several_sources,5000,5000,5000,1,czech republic | czechoslovakia,iia | juan
F51-1938-1945,hempseed,ha,1943,2,1,2,2,values_identical,several_labels_several_sources,5000,5000,5000,1,czech republic | czechoslovakia,iia | juan
F51-1938-1945,hempseed,ha,1944,2,1,2,2,values_identical,several_labels_several_sources,5000,5000,5000,1,czech republic | czechoslovakia,iia | juan
F51-1938-1945,hempseed,tonnes,1939,2,1,2,2,values_identical,several_labels_several_sources,2600,2600,2600,1,czech republic | czechoslovakia,iia | juan
F51-1938-1945,hempseed,tonnes,1940,2,1,2,2,values_identical,several_labels_several_sources,2400,2400,2400,1,czech republic | czechoslovakia,iia | juan
F51-1938-1945,hempseed,tonnes,1941,2,1,2,2,values_identical,several_labels_several_sources,2700,2700,2700,1,czech republic | czechoslovakia,iia | juan
F51-1938-1945,hempseed,tonnes,1942,2,1,2,2,values_identical,several_labels_several_sources,2500,2500,2500,1,czech republic | czechoslovakia,iia | juan
F51-1938-1945,hempseed,tonnes,1943,2,1,2,2,values_identical,several_labels_several_sources,2300,2300,2300,1,czech republic | czechoslovakia,iia | juan
F51-1938-1945,hempseed,tonnes,1944,2,1,2,2,values_identical,several_labels_several_sources,2300,2300,2300,1,czech republic | czechoslovakia,iia | juan
F51-1938-1945,hops,ha,1938,2,2,2,2,values_differ,several_labels_several_sources,11600,116000,63800,0.55,czech republic | czechoslovakia,iia | juan
F51-1938-1945,hops,ha,1939,2,1,2,2,values_identical,several_labels_several_sources,10500,10500,10500,1,czech republic | czechoslovakia,iia | juan
F51-1938-1945,hops,ha,1940,2,1,2,2,values_identical,several_labels_several_sources,8900,8900,8900,1,czech republic | czechoslovakia,iia | juan
F51-1938-1945,hops,ha,1941,2,1,2,2,values_identical,several_labels_several_sources,7500,7500,7500,1,czech republic | czechoslovakia,iia | juan
F51-1938-1945,hops,ha,1942,2,1,2,2,values_identical,several_labels_several_sources,7300,7300,7300,1,czech republic | czechoslovakia,iia | juan
F51-1938-1945,hops,ha,1943,2,1,2,2,values_identical,several_labels_several_sources,6300,6300,6300,1,czech republic | czechoslovakia,iia | juan
F51-1938-1945,hops,ha,1944,2,1,2,2,values_identical,several_labels_several_sources,7000,7000,7000,1,czech republic | czechoslovakia,iia | juan
F51-1938-1945,hops,tonnes,1939,2,2,2,2,values_differ,several_labels_several_sources,7635,763400,385517.5,0.505001,czech republic | czechoslovakia,iia | juan
F51-1938-1945,hops,tonnes,1940,2,2,2,2,values_differ,several_labels_several_sources,4576,457600,231088,0.505,czech republic | czechoslovakia,iia | juan
F51-1938-1945,hops,tonnes,1941,2,2,2,2,values_differ,several_labels_several_sources,3527,352700,178113.5,0.505,czech republic | czechoslovakia,iia | juan
F51-1938-1945,hops,tonnes,1942,2,2,2,2,values_differ,several_labels_several_sources,3107,310700,156903.5,0.505,czech republic | czechoslovakia,iia | juan
F51-1938-1945,hops,tonnes,1943,2,2,2,2,values_differ,several_labels_several_sources,3152,315200,159176,0.505,czech republic | czechoslovakia,iia | juan
F51-1938-1945,hops,tonnes,1944,2,2,2,2,values_differ,several_labels_several_sources,3461,46100,24780.5,0.537538,czech republic | czechoslovakia,iia | juan
F51-1938-1945,oats,ha,1939,2,1,2,2,values_identical,several_labels_several_sources,706000,706000,706000,1,czech republic | czechoslovakia,iia | juan
F51-1938-1945,oats,ha,1940,2,1,2,2,values_identical,several_labels_several_sources,799000,799000,799000,1,czech republic | czechoslovakia,iia | juan
F51-1938-1945,oats,ha,1941,2,1,2,2,values_identical,several_labels_several_sources,655000,655000,655000,1,czech republic | czechoslovakia,iia | juan
F51-1938-1945,oats,ha,1942,2,1,2,2,values_identical,several_labels_several_sources,636000,636000,636000,1,czech republic | czechoslovakia,iia | juan
F51-1938-1945,oats,ha,1943,2,1,2,2,values_identical,several_labels_several_sources,602000,602000,602000,1,czech republic | czechoslovakia,iia | juan
F51-1938-1945,oats,ha,1944,2,1,2,2,values_identical,several_labels_several_sources,572000,572000,572000,1,czech republic | czechoslovakia,iia | juan
F51-1938-1945,oats,tonnes,1939,2,1,2,2,values_identical,several_labels_several_sources,1264900,1264900,1264900,1,czech republic | czechoslovakia,iia | juan
F51-1938-1945,oats,tonnes,1940,2,1,2,2,values_identical,several_labels_several_sources,1277100,1277100,1277100,1,czech republic | czechoslovakia,iia | juan
F51-1938-1945,oats,tonnes,1941,2,1,2,2,values_identical,several_labels_several_sources,844300,844300,844300,1,czech republic | czechoslovakia,iia | juan
F51-1938-1945,oats,tonnes,1942,2,1,2,2,values_identical,several_labels_several_sources,986300,986300,986300,1,czech republic | czechoslovakia,iia | juan
F51-1938-1945,oats,tonnes,1943,2,1,2,2,values_identical,several_labels_several_sources,965000,965000,965000,1,czech republic | czechoslovakia,iia | juan
F51-1938-1945,oats,tonnes,1944,2,1,2,2,values_identical,several_labels_several_sources,744000,744000,744000,1,czech republic | czechoslovakia,iia | juan
F51-1938-1945,rapeseed,ha,1938,2,1,2,2,values_identical,several_labels_several_sources,9000,9000,9000,1,czech republic | czechoslovakia,iia | juan
F51-1938-1945,rapeseed,ha,1939,2,1,2,2,values_identical,several_labels_several_sources,5000,5000,5000,1,czech republic | czechoslovakia,iia | juan
F51-1938-1945,rapeseed,ha,1940,2,1,2,2,values_identical,several_labels_several_sources,3000,3000,3000,1,czech republic | czechoslovakia,iia | juan
F51-1938-1945,rapeseed,ha,1941,2,1,2,2,values_identical,several_labels_several_sources,16000,16000,16000,1,czech republic | czechoslovakia,iia | juan
F51-1938-1945,rapeseed,ha,1942,2,1,2,2,values_identical,several_labels_several_sources,15000,15000,15000,1,czech republic | czechoslovakia,iia | juan
F51-1938-1945,rapeseed,ha,1943,2,1,2,2,values_identical,several_labels_several_sources,36000,36000,36000,1,czech republic | czechoslovakia,iia | juan
F51-1938-1945,rapeseed,ha,1944,2,1,2,2,values_identical,several_labels_several_sources,61000,61000,61000,1,czech republic | czechoslovakia,iia | juan
F51-1938-1945,rapeseed,tonnes,1938,2,1,2,2,values_identical,several_labels_several_sources,13200,13200,13200,1,czech republic | czechoslovakia,iia | juan
F51-1938-1945,rapeseed,tonnes,1939,2,1,2,2,values_identical,several_labels_several_sources,7200,7200,7200,1,czech republic | czechoslovakia,iia | juan
F51-1938-1945,rapeseed,tonnes,1940,2,1,2,2,values_identical,several_labels_several_sources,3700,3700,3700,1,czech republic | czechoslovakia,iia | juan
F51-1938-1945,rapeseed,tonnes,1941,2,1,2,2,values_identical,several_labels_several_sources,20100,20100,20100,1,czech republic | czechoslovakia,iia | juan
F51-1938-1945,rapeseed,tonnes,1942,2,1,2,2,values_identical,several_labels_several_sources,18500,18500,18500,1,czech republic | czechoslovakia,iia | juan
F51-1938-1945,rapeseed,tonnes,1943,2,1,2,2,values_identical,several_labels_several_sources,37200,37200,37200,1,czech republic | czechoslovakia,iia | juan
F51-1938-1945,rapeseed,tonnes,1944,2,1,2,2,values_identical,several_labels_several_sources,72800,72800,72800,1,czech republic | czechoslovakia,iia | juan
F51-1938-1945,rye,ha,1938,2,1,2,2,values_identical,several_labels_several_sources,1016000,1016000,1016000,1,czech republic | czechoslovakia,iia | juan
F51-1938-1945,rye,ha,1939,2,2,2,2,values_differ,several_labels_several_sources,98000,984000,541000,0.549797,czech republic | czechoslovakia,iia | juan
F51-1938-1945,rye,ha,1940,2,2,2,2,values_differ,several_labels_several_sources,78000,708000,393000,0.555085,czech republic | czechoslovakia,iia | juan
F51-1938-1945,rye,ha,1941,2,2,2,2,values_differ,several_labels_several_sources,78000,784000,431000,0.549745,czech republic | czechoslovakia,iia | juan
F51-1938-1945,rye,ha,1942,2,1,2,2,values_identical,several_labels_several_sources,861000,861000,861000,1,czech republic | czechoslovakia,iia | juan
F51-1938-1945,rye,ha,1943,2,2,2,2,values_differ,several_labels_several_sources,26000,926000,476000,0.514039,czech republic | czechoslovakia,iia | juan
F51-1938-1945,rye,ha,1944,2,1,2,2,values_identical,several_labels_several_sources,915000,915000,915000,1,czech republic | czechoslovakia,iia | juan
F51-1938-1945,rye,tonnes,1938,2,1,2,2,values_identical,several_labels_several_sources,1906100,1906100,1906100,1,czech republic | czechoslovakia,iia | juan
F51-1938-1945,rye,tonnes,1939,2,2,2,2,values_differ,several_labels_several_sources,1729000,1729400,1729200,0.999884,czech republic | czechoslovakia,iia | juan
F51-1938-1945,rye,tonnes,1940,2,1,2,2,values_identical,several_labels_several_sources,867000,867000,867000,1,czech republic | czechoslovakia,iia | juan
F51-1938-1945,rye,tonnes,1941,2,2,2,2,values_differ,several_labels_several_sources,981000,981300,981150,0.999847,czech republic | czechoslovakia,iia | juan
F51-1938-1945,rye,tonnes,1942,2,2,2,2,values_differ,several_labels_several_sources,29500,1231000,630250,0.511982,czech republic | czechoslovakia,iia | juan
F51-1938-1945,rye,tonnes,1943,2,2,2,2,values_differ,several_labels_several_sources,36000,1536000,786000,0.511719,czech republic | czechoslovakia,iia | juan
F51-1938-1945,rye,tonnes,1944,2,2,2,2,values_differ,several_labels_several_sources,32500,1214000,623250,0.513386,czech republic | czechoslovakia,iia | juan
F51-1938-1945,soybeans,ha,1939,2,1,2,2,values_identical,several_labels_several_sources,1000,1000,1000,1,czech republic | czechoslovakia,iia | juan
F51-1938-1945,soybeans,ha,1940,2,1,2,2,values_identical,several_labels_several_sources,1000,1000,1000,1,czech republic | czechoslovakia,iia | juan
F51-1938-1945,soybeans,ha,1941,2,1,2,2,values_identical,several_labels_several_sources,1000,1000,1000,1,czech republic | czechoslovakia,iia | juan
F51-1938-1945,soybeans,ha,1942,2,1,2,2,values_identical,several_labels_several_sources,1000,1000,1000,1,czech republic | czechoslovakia,iia | juan
F51-1938-1945,soybeans,ha,1943,2,1,2,2,values_identical,several_labels_several_sources,1000,1000,1000,1,czech republic | czechoslovakia,iia | juan
F51-1938-1945,soybeans,ha,1944,2,1,2,2,values_identical,several_labels_several_sources,1000,1000,1000,1,czech republic | czechoslovakia,iia | juan
F51-1938-1945,soybeans,tonnes,1939,2,1,2,2,values_identical,several_labels_several_sources,900,900,900,1,czech republic | czechoslovakia,iia | juan
F51-1938-1945,soybeans,tonnes,1940,2,1,2,2,values_identical,several_labels_several_sources,1100,1100,1100,1,czech republic | czechoslovakia,iia | juan
F51-1938-1945,soybeans,tonnes,1941,2,1,2,2,values_identical,several_labels_several_sources,1000,1000,1000,1,czech republic | czechoslovakia,iia | juan
F51-1938-1945,soybeans,tonnes,1942,2,1,2,2,values_identical,several_labels_several_sources,1200,1200,1200,1,czech republic | czechoslovakia,iia | juan
F51-1938-1945,soybeans,tonnes,1943,2,1,2,2,values_identical,several_labels_several_sources,600,600,600,1,czech republic | czechoslovakia,iia | juan
F51-1938-1945,soybeans,tonnes,1944,2,1,2,2,values_identical,several_labels_several_sources,600,600,600,1,czech republic | czechoslovakia,iia | juan
F51-1938-1945,"tobacco, unmanufactured",ha,1938,2,1,2,2,values_identical,several_labels_several_sources,9000,9000,9000,1,czech republic | czechoslovakia,iia | juan
F51-1938-1945,"tobacco, unmanufactured",ha,1939,2,1,2,2,values_identical,several_labels_several_sources,6000,6000,6000,1,czech republic | czechoslovakia,iia | juan
F51-1938-1945,"tobacco, unmanufactured",ha,1940,2,1,2,2,values_identical,several_labels_several_sources,6000,6000,6000,1,czech republic | czechoslovakia,iia | juan
F51-1938-1945,"tobacco, unmanufactured",ha,1941,2,1,2,2,values_identical,several_labels_several_sources,5000,5000,5000,1,czech republic | czechoslovakia,iia | juan
F51-1938-1945,"tobacco, unmanufactured",ha,1942,2,1,2,2,values_identical,several_labels_several_sources,5000,5000,5000,1,czech republic | czechoslovakia,iia | juan
F51-1938-1945,"tobacco, unmanufactured",ha,1943,2,1,2,2,values_identical,several_labels_several_sources,2000,2000,2000,1,czech republic | czechoslovakia,iia | juan
F51-1938-1945,"tobacco, unmanufactured",ha,1944,2,1,2,2,values_identical,several_labels_several_sources,3000,3000,3000,1,czech republic | czechoslovakia,iia | juan
F51-1938-1945,"tobacco, unmanufactured",tonnes,1939,2,2,2,2,values_differ,several_labels_several_sources,9330,933000,471165,0.505,czech republic | czechoslovakia,iia | juan
F51-1938-1945,"tobacco, unmanufactured",tonnes,1940,2,2,2,2,values_differ,several_labels_several_sources,7803,780000,393901.5,0.505002,czech republic | czechoslovakia,iia | juan
F51-1938-1945,"tobacco, unmanufactured",tonnes,1941,2,2,2,2,values_differ,several_labels_several_sources,6914,691400,349157,0.505,czech republic | czechoslovakia,iia | juan
F51-1938-1945,"tobacco, unmanufactured",tonnes,1942,2,2,2,2,values_differ,several_labels_several_sources,7468,746800,377134,0.505,czech republic | czechoslovakia,iia | juan
F51-1938-1945,"tobacco, unmanufactured",tonnes,1943,2,2,2,2,values_differ,several_labels_several_sources,5429,542900,274164.5,0.505,czech republic | czechoslovakia,iia | juan
F51-1938-1945,"tobacco, unmanufactured",tonnes,1944,2,2,2,2,values_differ,several_labels_several_sources,3928,392800,198364,0.505,czech republic | czechoslovakia,iia | juan
F51-1938-1945,wheat,ha,1938,2,2,2,2,values_differ,several_labels_several_sources,5000,898000,451500,0.502784,czech republic | czechoslovakia,iia | juan
F51-1938-1945,wheat,ha,1939,2,2,2,2,values_differ,several_labels_several_sources,14000,850000,432000,0.508235,czech republic | czechoslovakia,iia | juan
F51-1938-1945,wheat,ha,1940,2,2,2,2,values_differ,several_labels_several_sources,17000,746000,381500,0.511394,czech republic | czechoslovakia,iia | juan
F51-1938-1945,wheat,ha,1941,2,2,2,2,values_differ,several_labels_several_sources,28000,800000,414000,0.5175,czech republic | czechoslovakia,iia | juan
F51-1938-1945,wheat,ha,1942,2,2,2,2,values_differ,several_labels_several_sources,16000,871000,443500,0.509185,czech republic | czechoslovakia,iia | juan
F51-1938-1945,wheat,ha,1943,2,2,2,2,values_differ,several_labels_several_sources,9000,910000,459500,0.504945,czech republic | czechoslovakia,iia | juan
F51-1938-1945,wheat,ha,1944,2,2,2,2,values_differ,several_labels_several_sources,11000,912000,461500,0.506031,czech republic | czechoslovakia,iia | juan
F51-1938-1945,wheat,tonnes,1938,2,2,2,2,values_differ,several_labels_several_sources,9800,1814000,911900,0.502701,czech republic | czechoslovakia,iia | juan
F51-1938-1945,wheat,tonnes,1939,2,2,2,2,values_differ,several_labels_several_sources,21800,1572100,796950,0.506933,czech republic | czechoslovakia,iia | juan
F51-1938-1945,wheat,tonnes,1940,2,2,2,2,values_differ,several_labels_several_sources,21700,1110600,566150,0.509769,czech republic | czechoslovakia,iia | juan
F51-1938-1945,wheat,tonnes,1941,2,2,2,2,values_differ,several_labels_several_sources,29600,1160300,594950,0.512755,czech republic | czechoslovakia,iia | juan
F51-1938-1945,wheat,tonnes,1942,2,2,2,2,values_differ,several_labels_several_sources,19600,1450600,735100,0.506756,czech republic | czechoslovakia,iia | juan
F51-1938-1945,wheat,tonnes,1943,2,2,2,2,values_differ,several_labels_several_sources,10900,1561000,785950,0.503491,czech republic | czechoslovakia,iia | juan
F51-1938-1945,wheat,tonnes,1944,2,2,2,2,values_differ,several_labels_several_sources,12600,1210000,611300,0.505207,czech republic | czechoslovakia,iia | juan
F51-1945-1947,"beans, dry",ha,1945,2,2,2,2,values_differ,several_labels_several_sources,6000,28000,17000,0.607143,czech republic | czechoslovakia,iia | juan
F51-1945-1947,"beans, dry",tonnes,1945,2,2,2,2,values_differ,several_labels_several_sources,6500,13200,9850,0.746212,czech republic | czechoslovakia,iia | juan
F51-1945-1947,flax fibre and tow,ha,1945,2,1,2,2,values_identical,several_labels_several_sources,19000,19000,19000,1,czech republic | czechoslovakia,iia | juan
F51-1945-1947,flax fibre and tow,tonnes,1945,2,2,2,2,values_differ,several_labels_several_sources,5800,7100,6450,0.908451,czech republic | czechoslovakia,iia | juan
F51-1945-1947,grapes,ha,1945,2,1,2,2,values_identical,several_labels_several_sources,16000,16000,16000,1,czech republic | czechoslovakia,iia | juan
F51-1945-1947,grapes,tonnes,1945,2,2,2,2,values_differ,several_labels_several_sources,3800,39500,21650,0.548101,czech republic | czechoslovakia,iia | juan
F51-1945-1947,hemp tow waste,ha,1945,2,1,2,2,values_identical,several_labels_several_sources,6000,6000,6000,1,czech republic | czechoslovakia,iia | juan
F51-1945-1947,hemp tow waste,tonnes,1945,2,1,2,2,values_identical,several_labels_several_sources,2300,2300,2300,1,czech republic | czechoslovakia,iia | juan
F51-1945-1947,hempseed,ha,1945,2,1,2,2,values_identical,several_labels_several_sources,6000,6000,6000,1,czech republic | czechoslovakia,iia | juan
F51-1945-1947,hempseed,tonnes,1945,2,1,2,2,values_identical,several_labels_several_sources,1900,1900,1900,1,czech republic | czechoslovakia,iia | juan
F51-1945-1947,hops,ha,1945,2,1,2,2,values_identical,several_labels_several_sources,8300,8300,8300,1,czech republic | czechoslovakia,iia | juan
F51-1945-1947,hops,tonnes,1945,2,2,2,2,values_differ,several_labels_several_sources,3721,372100,187910.5,0.505,czech republic | czechoslovakia,iia | juan
F51-1945-1947,oats,ha,1945,2,1,2,2,values_identical,several_labels_several_sources,599000,599000,599000,1,czech republic | czechoslovakia,iia | juan
F51-1945-1947,oats,tonnes,1945,2,1,2,2,values_identical,several_labels_several_sources,724200,724200,724200,1,czech republic | czechoslovakia,iia | juan
F51-1945-1947,rapeseed,ha,1945,2,1,2,2,values_identical,several_labels_several_sources,33000,33000,33000,1,czech republic | czechoslovakia,iia | juan
F51-1945-1947,rapeseed,tonnes,1945,2,1,2,2,values_identical,several_labels_several_sources,24800,24800,24800,1,czech republic | czechoslovakia,iia | juan
F51-1945-1947,rye,ha,1945,2,2,2,2,values_differ,several_labels_several_sources,802000,809000,805500,0.995674,czech republic | czechoslovakia,iia | juan
F51-1945-1947,rye,tonnes,1945,2,2,2,2,values_differ,several_labels_several_sources,28000,981000,504500,0.514271,czech republic | czechoslovakia,iia | juan
F51-1945-1947,soybeans,ha,1945,2,1,2,2,values_identical,several_labels_several_sources,1000,1000,1000,1,czech republic | czechoslovakia,iia | juan
F51-1945-1947,soybeans,tonnes,1945,2,1,2,2,values_identical,several_labels_several_sources,600,600,600,1,czech republic | czechoslovakia,iia | juan
F51-1945-1947,"tobacco, unmanufactured",tonnes,1945,2,2,2,2,values_differ,several_labels_several_sources,2500,250000,126250,0.505,czech republic | czechoslovakia,iia | juan
F51-1945-1947,wheat,ha,1945,2,2,2,2,values_differ,several_labels_several_sources,10000,843000,426500,0.505931,czech republic | czechoslovakia,iia | juan
F51-1945-1947,wheat,tonnes,1945,2,2,2,2,values_differ,several_labels_several_sources,12900,1121500,567200,0.505751,czech republic | czechoslovakia,iia | juan
F51-1947-1993,commercial nitrogenous fertilizers,1000 tonnes,1949,2,2,1,1,values_differ,one_label_one_source,30,35,32.5,0.928571,Czechoslovakia,fao1952
F51-1947-1993,commercial nitrogenous fertilizers,1000 tonnes,1950,2,2,1,1,values_differ,one_label_one_source,30,40,35,0.875,Czechoslovakia,fao1952
F51-1947-1993,commercial nitrogenous fertilizers,1000 tonnes,1951,2,2,1,1,values_differ,one_label_one_source,30.3,40,35.15,0.87875,Czechoslovakia,fao1952
F51-1947-1993,commercial phosphoric acid,1000 tonnes,1949,2,2,1,1,values_differ,one_label_one_source,55.3,60,57.65,0.960833,Czechoslovakia,fao1952
F51-1947-1993,commercial phosphoric acid,1000 tonnes,1950,2,2,1,1,values_differ,one_label_one_source,56,60,58,0.966667,Czechoslovakia,fao1952
F51-1947-1993,commercial phosphoric acid,1000 tonnes,1951,2,2,1,1,values_differ,one_label_one_source,56,60,58,0.966667,Czechoslovakia,fao1952
F51-1947-1993,meat,1000 tonnes,1949,4,4,1,1,values_differ,one_label_one_source,1,290,145,0.5,Czechoslovakia,fao1952
F51-1947-1993,poultry,1000 heads,1949,4,4,1,1,values_differ,one_label_one_source,130,13737,3782.75,0.275369,Czechoslovakia,fao1952
F51-1947-1993,r_fao_population_1952_10_18,1000 people,1951,5,5,1,1,values_differ,one_label_one_source,1084,12340,4030,0.32658,Czechoslovakia,fao1952
F77-1949-1990,commercial nitrogenous fertilizers,1000 tonnes,1949,2,1,1,1,values_identical,one_label_one_source,130,130,130,1,Germany Eastern,fao1952
F77-1949-1990,commercial nitrogenous fertilizers,1000 tonnes,1950,2,2,1,1,values_differ,one_label_one_source,184,205,194.5,0.94878,Germany Eastern,fao1952
F77-1949-1990,commercial nitrogenous fertilizers,1000 tonnes,1951,2,2,1,1,values_differ,one_label_one_source,191,205,198,0.965854,Germany Eastern,fao1952
F77-1949-1990,commercial phosphoric acid,1000 tonnes,1950,2,2,1,1,values_differ,one_label_one_source,26,66,46,0.69697,Germany Eastern,fao1952
F77-1949-1990,commercial phosphoric acid,1000 tonnes,1951,2,2,1,1,values_differ,one_label_one_source,26,66,46,0.69697,Germany Eastern,fao1952
F77-1949-1990,commercial potash fertilizers,1000 tonnes,1949,2,2,1,1,values_differ,one_label_one_source,548,1000,774,0.774,Germany Eastern,fao1952
F77-1949-1990,commercial potash fertilizers,1000 tonnes,1950,2,2,1,1,values_differ,one_label_one_source,400,1200.0,800.0,0.666667,Germany Eastern,fao1952
F77-1949-1990,commercial potash fertilizers,1000 tonnes,1951,2,2,1,1,values_differ,one_label_one_source,450,1250,850,0.68,Germany Eastern,fao1952
F77-1949-1990,horses mules asses,1000 heads,1949,2,2,1,1,values_differ,one_label_one_source,1,665,333,0.500752,Germany Eastern,fao1952
F77-1949-1990,meat,1000 tonnes,1949,4,4,1,1,values_differ,one_label_one_source,43,419,209.5,0.5,Germany Eastern,fao1952
F77-1949-1990,poultry,1000 heads,1951,3,3,1,1,values_differ,one_label_one_source,665,18786,7189.333333,0.382696,Germany Eastern,fao1952
F77-1949-1990,r_fao_population_1952_10_18,1000 people,1951,3,3,1,1,values_differ,one_label_one_source,1046,2378,1585.333333,0.666667,Germany  Eastern,fao1952
F78-1949-1990,cheese,1000 tonnes,1949,2,2,1,1,values_differ,one_label_one_source,34,149,91.5,0.614094,Germany Western,fao1952
F78-1949-1990,cheese,1000 tonnes,1950,2,2,1,1,values_differ,one_label_one_source,52,137,94.5,0.689781,Germany Western,fao1952
F78-1949-1990,cheese,1000 tonnes,1951,2,2,1,1,values_differ,one_label_one_source,74,152,113,0.743421,Germany Western,fao1952
F78-1949-1990,commercial nitrogenous fertilizers,1000 tonnes,1949,2,2,1,1,values_differ,one_label_one_source,327.6,431.4,379.5,0.879694,Germany Western,fao1952
F78-1949-1990,commercial nitrogenous fertilizers,1000 tonnes,1950,2,2,1,1,values_differ,one_label_one_source,261.5,464.7,363.1,0.781364,Germany Western,fao1952
F78-1949-1990,commercial nitrogenous fertilizers,1000 tonnes,1951,2,2,1,1,values_differ,one_label_one_source,280,500,390,0.78,Germany Western,fao1952
F78-1949-1990,commercial phosphoric acid,1000 tonnes,1949,2,2,1,1,values_differ,one_label_one_source,313.8,336.9,325.35,0.965717,Germany Western,fao1952
F78-1949-1990,commercial phosphoric acid,1000 tonnes,1950,2,2,1,1,values_differ,one_label_one_source,373.8,411.4,392.6,0.954302,Germany Western,fao1952
F78-1949-1990,commercial phosphoric acid,1000 tonnes,1951,2,2,1,1,values_differ,one_label_one_source,400,440,420,0.954545,Germany Western,fao1952
F78-1949-1990,commercial potash fertilizers,1000 tonnes,1949,2,2,1,1,values_differ,one_label_one_source,589.5,834.8,712.15,0.853079,Germany Western,fao1952
F78-1949-1990,commercial potash fertilizers,1000 tonnes,1950,2,2,1,1,values_differ,one_label_one_source,659,1011.8,835.4,0.825657,Germany Western,fao1952
F78-1949-1990,commercial potash fertilizers,1000 tonnes,1951,2,2,1,1,values_differ,one_label_one_source,700,1050,875,0.833333,Germany Western,fao1952
F78-1949-1990,dried milk,1000 tonnes,1949,2,2,1,1,values_differ,one_label_one_source,10,11,10.5,0.954545,Germany Western,fao1952
F78-1949-1990,dried milk,1000 tonnes,1950,2,2,1,1,values_differ,one_label_one_source,5,12,8.5,0.708333,Germany Western,fao1952
F78-1949-1990,dried milk,1000 tonnes,1951,2,2,1,1,values_differ,one_label_one_source,14,16,15,0.9375,Germany Western,fao1952
F78-1949-1990,horses mules asses,1000 heads,1949,2,2,1,1,values_differ,one_label_one_source,5,1617,811,0.501546,Germany Western,fao1952
F78-1949-1990,horses mules asses,1000 heads,1950,2,2,1,1,values_differ,one_label_one_source,4,1629,816.5,0.501228,Germany Western,fao1952
F78-1949-1990,horses mules asses,1000 heads,1951,2,2,1,1,values_differ,one_label_one_source,4,1570,787,0.501274,Germany Western,fao1952
F78-1949-1990,meat,1000 tonnes,1949,4,4,1,1,values_differ,one_label_one_source,38,1097,548.5,0.5,Germany Western,fao1952
F78-1949-1990,meat,1000 tonnes,1950,4,4,1,1,values_differ,one_label_one_source,34,1400,700,0.5,Germany Western,fao1952
F78-1949-1990,meat,1000 tonnes,1951,4,4,1,1,values_differ,one_label_one_source,25,1633,566.5,0.346908,Germany Western,fao1952
F78-1949-1990,other meat,1000 tonnes,1949,4,4,1,1,values_differ,one_label_one_source,21,38,29.75,0.782895,Germany Western,fao1952
F78-1949-1990,other meat,1000 tonnes,1950,4,4,1,1,values_differ,one_label_one_source,15,53,37.5,0.707547,Germany Western,fao1952
F78-1949-1990,other meat,1000 tonnes,1951,4,4,1,1,values_differ,one_label_one_source,12,63,41.75,0.662698,Germany Western,fao1952
F78-1949-1990,poultry,1000 heads,1949,4,4,1,1,values_differ,one_label_one_source,366,25182,7057.75,0.28027,Germany Western,fao1952
F78-1949-1990,poultry,1000 heads,1950,4,4,1,1,values_differ,one_label_one_source,464,39957,11054,0.276647,Germany Western,fao1952
F78-1949-1990,poultry,1000 heads,1951,4,4,1,1,values_differ,one_label_one_source,416,48064,12950.25,0.269438,Germany Western,fao1952
F78-1949-1990,r_fao_population_1952_10_18,1000 people,1951,4,4,2,1,values_differ,several_labels_one_source,2735,48117,14932.75,0.310342,Germany  Western | Germany Western,fao1952
FCM-1920-1960,horses mules asses,1000 heads,1937,2,2,1,1,values_differ,one_label_one_source,16,25,20.5,0.82,French Cameroons,fao1952
FCM-1920-1960,horses mules asses,1000 heads,1949,2,2,1,1,values_differ,one_label_one_source,16,36,26,0.722222,French Cameroons,fao1952
FCM-1920-1960,horses mules asses,1000 heads,1950,2,2,1,1,values_differ,one_label_one_source,16,36,26,0.722222,French Cameroons,fao1952
FCM-1920-1960,horses mules asses,1000 heads,1951,2,2,1,1,values_differ,one_label_one_source,17,36,26.5,0.736111,French Cameroons,fao1952
FCM-1920-1960,meat,1000 tonnes,1950,3,3,1,1,values_differ,one_label_one_source,1,8,5.333333,0.666667,French Cameroons,fao1952
FCM-1920-1960,other meat,1000 tonnes,1948,2,2,1,1,values_differ,one_label_one_source,0.2,1,0.6,0.6,French Cameroons,fao1952
FIN-1917-1940,r_fao_population_1952_10_18,1000 people,1937,5,5,1,1,values_differ,one_label_one_source,476,3256,1489.4,0.457432,Finland,fao1952
FIN-1940-2025,commercial nitrogenous fertilizers,1000 tonnes,1949,2,2,1,1,values_differ,one_label_one_source,0.6,13.3,6.95,0.522556,Finland,fao1952
FIN-1940-2025,commercial nitrogenous fertilizers,1000 tonnes,1950,2,2,1,1,values_differ,one_label_one_source,0.4,17.4,8.9,0.511494,Finland,fao1952
FIN-1940-2025,commercial nitrogenous fertilizers,1000 tonnes,1951,2,2,1,1,values_differ,one_label_one_source,0.4,25,12.7,0.508,Finland,fao1952
FIN-1940-2025,commercial phosphoric acid,1000 tonnes,1949,2,2,1,1,values_differ,one_label_one_source,50.8,55.3,53.05,0.959313,Finland,fao1952
FIN-1940-2025,commercial phosphoric acid,1000 tonnes,1950,2,2,1,1,values_differ,one_label_one_source,49.1,61.2,55.15,0.901144,Finland,fao1952
FIN-1940-2025,commercial phosphoric acid,1000 tonnes,1951,2,2,1,1,values_differ,one_label_one_source,74.4,80,77.2,0.965,Finland,fao1952
FIN-1940-2025,meat,1000 tonnes,1949,4,4,1,1,values_differ,one_label_one_source,7,107,53.5,0.5,Finland,fao1952
FIN-1940-2025,meat,1000 tonnes,1950,4,4,1,1,values_differ,one_label_one_source,7,106,53,0.5,Finland,fao1952
FIN-1940-2025,other meat,1000 tonnes,1948,4,4,1,1,values_differ,one_label_one_source,0.8,6.4,2.9,0.453125,Finland,fao1952
FIN-1940-2025,other meat,1000 tonnes,1949,4,4,1,1,values_differ,one_label_one_source,1.3,6.7,3.2,0.477612,Finland,fao1952
FIN-1940-2025,other meat,1000 tonnes,1950,3,3,1,1,values_differ,one_label_one_source,1.5,6.9,4.133333,0.599034,Finland,fao1952
FIN-1940-2025,pesticides arsenicals,tonnes,1949,2,2,1,1,values_differ,one_label_one_source,5,30,17.5,0.583333,Finland,fao1952
FIN-1940-2025,pesticides arsenicals,tonnes,1950,2,2,1,1,values_differ,one_label_one_source,4,25,14.5,0.58,Finland,fao1952
FIN-1940-2025,pesticides arsenicals,tonnes,1951,2,2,1,1,values_differ,one_label_one_source,3,15,9,0.6,Finland,fao1952
FIN-1940-2025,poultry,1000 heads,1949,2,2,1,1,values_differ,one_label_one_source,5,2668,1336.5,0.500937,Finland,fao1952
FIN-1940-2025,poultry,1000 heads,1950,2,2,1,1,values_differ,one_label_one_source,5,3108,1556.5,0.500804,Finland,fao1952
FIN-1940-2025,r_fao_population_1952_10_18,1000 people,1951,5,5,1,1,values_differ,one_label_one_source,525,4050,1640,0.404938,Finland,fao1952
FRA-1919-2025,cheese,1000 tonnes,1949,2,2,1,1,values_differ,one_label_one_source,20,240,130,0.541667,France,fao1952
FRA-1919-2025,cheese,1000 tonnes,1950,2,2,1,1,values_differ,one_label_one_source,23,250,136.5,0.546,France,fao1952
FRA-1919-2025,cheese,1000 tonnes,1951,2,2,1,1,values_differ,one_label_one_source,22,260,141,0.542308,France,fao1952
FRA-1919-2025,commercial nitrogenous fertilizers,1000 tonnes,1949,2,1,1,1,values_identical,one_label_one_source,229.2,229.2,229.2,1,France,fao1952
FRA-1919-2025,commercial nitrogenous fertilizers,1000 tonnes,1950,2,2,1,1,values_differ,one_label_one_source,259,262.1,260.55,0.994086,France,fao1952
FRA-1919-2025,commercial nitrogenous fertilizers,1000 tonnes,1951,2,2,1,1,values_differ,one_label_one_source,280,285,282.5,0.991228,France,fao1952
FRA-1919-2025,commercial phosphoric acid,1000 tonnes,1949,2,2,1,1,values_differ,one_label_one_source,386.6,475.7,431.15,0.906349,France,fao1952
FRA-1919-2025,commercial phosphoric acid,1000 tonnes,1950,2,2,1,1,values_differ,one_label_one_source,411.6,479.5,445.55,0.929197,France,fao1952
FRA-1919-2025,commercial phosphoric acid,1000 tonnes,1951,2,2,1,1,values_differ,one_label_one_source,420,518,469,0.905405,France,fao1952
FRA-1919-2025,commercial potash fertilizers,1000 tonnes,1949,2,2,1,1,values_differ,one_label_one_source,354.6,834,594.3,0.71259,France,fao1952
FRA-1919-2025,commercial potash fertilizers,1000 tonnes,1950,2,2,1,1,values_differ,one_label_one_source,390.2,912,651.1,0.713925,France,fao1952
FRA-1919-2025,commercial potash fertilizers,1000 tonnes,1951,2,2,1,1,values_differ,one_label_one_source,420,920,670,0.728261,France,fao1952
FRA-1919-2025,dry beans,1000 hectares,1949,2,2,1,1,values_differ,one_label_one_source,37,97,67,0.690722,France,fao1952
FRA-1919-2025,dry beans,1000 hectares,1950,2,2,1,1,values_differ,one_label_one_source,55,100,77.5,0.775,France,fao1952
FRA-1919-2025,dry beans,1000 hectares,1951,2,2,1,1,values_differ,one_label_one_source,48,98,73,0.744898,France,fao1952
FRA-1919-2025,dry beans,1000 tonnes,1949,2,2,1,1,values_differ,one_label_one_source,3,39,21,0.538462,France,fao1952
FRA-1919-2025,dry beans,1000 tonnes,1950,2,2,1,1,values_differ,one_label_one_source,4,91,47.5,0.521978,France,fao1952
FRA-1919-2025,dry beans,1000 tonnes,1951,2,2,1,1,values_differ,one_label_one_source,10,88,49,0.556818,France,fao1952
FRA-1919-2025,horses mules asses,1000 heads,1938,3,3,1,1,values_differ,one_label_one_source,108,2692,995,0.369614,France,fao1952
FRA-1919-2025,horses mules asses,1000 heads,1949,3,3,1,1,values_differ,one_label_one_source,88,2418,871,0.360215,France,fao1952
FRA-1919-2025,horses mules asses,1000 heads,1950,3,3,1,1,values_differ,one_label_one_source,90,2414,870,0.360398,France,fao1952
FRA-1919-2025,horses mules asses,1000 heads,1951,3,3,1,1,values_differ,one_label_one_source,91,2397,864,0.360451,France,fao1952
FRA-1919-2025,meat,1000 tonnes,1949,4,4,1,1,values_differ,one_label_one_source,70,1805,902.5,0.5,France,fao1952
FRA-1919-2025,meat,1000 tonnes,1950,4,4,1,1,values_differ,one_label_one_source,11,1901,700.5,0.36849,France,fao1952
FRA-1919-2025,meat,1000 tonnes,1951,4,4,1,1,values_differ,one_label_one_source,100,990,667.5,0.674242,France,fao1952
FRA-1919-2025,other meat,1000 tonnes,1948,3,3,1,1,values_differ,one_label_one_source,40,250,130,0.52,France,fao1952
FRA-1919-2025,other meat,1000 tonnes,1949,3,3,1,1,values_differ,one_label_one_source,60,250,136.666667,0.546667,France,fao1952
FRA-1919-2025,other meat,1000 tonnes,1950,3,3,1,1,values_differ,one_label_one_source,65,250,138.333333,0.553333,France,fao1952
FRA-1919-2025,other meat,1000 tonnes,1951,3,3,1,1,values_differ,one_label_one_source,80,250,143.333333,0.573333,France,fao1952
FRA-1919-2025,pesticides copper sulphate,tonnes,1949,2,2,1,1,values_differ,one_label_one_source,0.5,36500,18250.25,0.500007,France,fao1952
FRA-1919-2025,pesticides copper sulphate,tonnes,1950,2,2,1,1,values_differ,one_label_one_source,2,53000,26501,0.500019,France,fao1952
FRA-1919-2025,phosphate rock,1000 tonnes,1950,2,2,1,1,values_differ,one_label_one_source,9,80,44.5,0.55625,France,fao1952
FRA-1919-2025,phosphate rock,1000 tonnes,1951,2,2,1,1,values_differ,one_label_one_source,12,100,56,0.56,France,fao1952
FRA-1919-2025,poultry,1000 heads,1949,2,2,1,1,values_differ,one_label_one_source,10000,75000,42500,0.566667,France,fao1952
FRA-1919-2025,poultry,1000 heads,1950,2,2,1,1,values_differ,one_label_one_source,10000,75000,42500,0.566667,France,fao1952
FRA-1919-2025,poultry,1000 heads,1951,2,2,1,1,values_differ,one_label_one_source,10000,75000,42500,0.566667,France,fao1952
FRA-1919-2025,r_fao_population_1952_10_18,1000 people,1937,5,5,1,1,values_differ,one_label_one_source,2921,41200,13501.6,0.327709,France,fao1952
FRA-1919-2025,r_fao_population_1952_10_18,1000 people,1951,5,5,1,1,values_differ,one_label_one_source,3190,42239,13487.8,0.319321,France,fao1952
FRS-1884-1977,milk,1000 tonnes,1949,2,2,1,1,values_differ,one_label_one_source,2,15,8.5,0.566667,French Somaliland,fao1952
FRS-1884-1977,milk,1000 tonnes,1950,2,2,1,1,values_differ,one_label_one_source,2,15,8.5,0.566667,French Somaliland,fao1952
FTO-1920-1960,horses mules asses,1000 heads,1937,2,1,1,1,values_identical,one_label_one_source,4,4,4,1,French Togoland,fao1952
FTO-1920-1960,horses mules asses,1000 heads,1950,2,1,1,1,values_identical,one_label_one_source,2,2,2,1,French Togoland,fao1952
FTO-1920-1960,horses mules asses,1000 heads,1951,2,2,1,1,values_differ,one_label_one_source,2,3,2.5,0.833333,French Togoland,fao1952
FTO-1920-1960,poultry,1000 heads,1950,2,2,1,1,values_differ,one_label_one_source,2,358,180,0.502793,French Togoland,fao1952
FTO-1920-1960,poultry,1000 heads,1951,2,2,1,1,values_differ,one_label_one_source,3,335,169,0.504478,French Togoland,fao1952
GBM-1895-1946,r_fao_population_1952_10_18,1000 people,1937,2,1,1,1,values_identical,one_label_one_source,1171,1171,1171,1,Malaya Federation of and Singapore,fao1952
GBR-1921-2025,butter,1000 tonnes,1949,2,2,1,1,values_differ,one_label_one_source,10,18,14,0.777778,United Kingdom,fao1952
GBR-1921-2025,butter,1000 tonnes,1950,2,2,1,1,values_differ,one_label_one_source,16,24,20,0.833333,United Kingdom,fao1952
GBR-1921-2025,butter,1000 tonnes,1951,2,2,1,1,values_differ,one_label_one_source,6,14,10,0.714286,United Kingdom,fao1952
GBR-1921-2025,commercial nitrogenous fertilizers,1000 tonnes,1949,2,2,1,1,values_differ,one_label_one_source,209.2,275.3,242.25,0.879949,United Kingdom,fao1952
GBR-1921-2025,commercial nitrogenous fertilizers,1000 tonnes,1950,2,2,1,1,values_differ,one_label_one_source,218.8,275,246.9,0.897818,United Kingdom,fao1952
GBR-1921-2025,commercial nitrogenous fertilizers,1000 tonnes,1951,2,2,1,1,values_differ,one_label_one_source,175,278.9,226.95,0.813733,United Kingdom,fao1952
GBR-1921-2025,commercial phosphoric acid,1000 tonnes,1949,2,2,1,1,values_differ,one_label_one_source,342,413.2,377.6,0.913843,United Kingdom,fao1952
GBR-1921-2025,commercial phosphoric acid,1000 tonnes,1950,2,2,1,1,values_differ,one_label_one_source,278.3,380.3,329.3,0.865895,United Kingdom,fao1952
GBR-1921-2025,commercial phosphoric acid,1000 tonnes,1951,2,2,1,1,values_differ,one_label_one_source,255.3,276.4,265.85,0.961831,United Kingdom,fao1952
GBR-1921-2025,commercial potash fertilizers,1000 tonnes,1950,2,2,1,1,values_differ,one_label_one_source,0.7,230,115.35,0.501522,United Kingdom,fao1952
GBR-1921-2025,commercial potash fertilizers,1000 tonnes,1951,2,2,1,1,values_differ,one_label_one_source,0.8,165,82.9,0.502424,United Kingdom,fao1952
GBR-1921-2025,crawler tractors agriculture,number,1949,2,2,2,1,values_differ,several_labels_one_source,14860,15080,14970,0.992706,United Kingdom | United Kingdom Great Britain,fao1952
GBR-1921-2025,dried milk,1000 tonnes,1949,2,2,1,1,values_differ,one_label_one_source,19,20,19.5,0.975,United Kingdom,fao1952
GBR-1921-2025,dried milk,1000 tonnes,1950,2,2,1,1,values_differ,one_label_one_source,18,23,20.5,0.891304,United Kingdom,fao1952
GBR-1921-2025,dried milk,1000 tonnes,1951,2,2,1,1,values_differ,one_label_one_source,4,20,12,0.6,United Kingdom,fao1952
GBR-1921-2025,meat,1000 tonnes,1949,4,4,1,1,values_differ,one_label_one_source,142,952,476,0.5,United Kingdom,fao1952
GBR-1921-2025,meat,1000 tonnes,1950,4,4,1,1,values_differ,one_label_one_source,133,644,316.5,0.49146,United Kingdom,fao1952
GBR-1921-2025,meat,1000 tonnes,1951,4,4,1,1,values_differ,one_label_one_source,134,1158,579,0.5,United Kingdom,fao1952
GBR-1921-2025,other meat,1000 tonnes,1948,3,3,1,1,values_differ,one_label_one_source,20,89.4,64.733333,0.724086,United Kingdom,fao1952
GBR-1921-2025,other meat,1000 tonnes,1949,3,3,1,1,values_differ,one_label_one_source,20,98.7,71.233333,0.721716,United Kingdom,fao1952
GBR-1921-2025,other meat,1000 tonnes,1950,3,3,1,1,values_differ,one_label_one_source,20,100.4,72.5,0.722112,United Kingdom,fao1952
GBR-1921-2025,other meat,1000 tonnes,1951,3,3,1,1,values_differ,one_label_one_source,20,105,74,0.704762,United Kingdom,fao1952
GBR-1921-2025,poultry,1000 heads,1949,4,4,1,1,values_differ,one_label_one_source,467,89152,23624.75,0.264994,United Kingdom,fao1952
GBR-1921-2025,poultry,1000 heads,1950,4,4,1,1,values_differ,one_label_one_source,958,90789,24027.25,0.264649,United Kingdom,fao1952
GBR-1921-2025,poultry,1000 heads,1951,4,4,1,1,values_differ,one_label_one_source,730,90067,23586,0.261872,United Kingdom,fao1952
GBR-1921-2025,r_fao_population_1952_10_18,1000 people,1937,5,5,2,1,values_differ,several_labels_one_source,27,47289,9966.4,0.210755,United Kingdom | United Kingdom Great Britain,fao1952
GBR-1921-2025,r_fao_population_1952_10_18,1000 people,1951,4,3,2,1,values_differ,several_labels_one_source,26,50558,13226.5,0.26161,United Kingdom | United Kingdom Great Britain,fao1952
GBR-1921-2025,total tractors agriculture,number,1949,2,2,2,1,values_differ,several_labels_one_source,293230,308450,300840,0.975328,United Kingdom | United Kingdom Great Britain,fao1952
GBR-1921-2025,tractors all purposes,number,1949,2,2,2,1,values_differ,several_labels_one_source,293230,308450,300840,0.975328,United Kingdom | United Kingdom Great Britain,fao1952
GBR-1921-2025,wheel tractors agriculture,number,1949,2,2,2,1,values_differ,several_labels_one_source,278370,293370,285870,0.974435,United Kingdom | United Kingdom Great Britain,fao1952
GCT-1919-1956,horses mules asses,1000 heads,1938,2,2,1,1,values_differ,one_label_one_source,4,15,9.5,0.633333,Gold Coast and Br Togoland,fao1952
GCT-1919-1956,horses mules asses,1000 heads,1949,2,2,1,1,values_differ,one_label_one_source,6,18,12,0.666667,Gold Coast and Br Togoland,fao1952
GCT-1919-1956,horses mules asses,1000 heads,1950,2,2,1,1,values_differ,one_label_one_source,6,18,12,0.666667,Gold Coast and Br Togoland,fao1952
GCT-1919-1956,horses mules asses,1000 heads,1951,2,2,1,1,values_differ,one_label_one_source,5,15,10,0.666667,Gold Coast and Br Togoland,fao1952
GCT-1919-1956,meat,1000 tonnes,1949,3,3,1,1,values_differ,one_label_one_source,1,19,12.666667,0.666667,Gold Coast and Br Togoland,fao1952
GCT-1919-1956,meat,1000 tonnes,1950,3,3,1,1,values_differ,one_label_one_source,1,4,2.666667,0.666667,Gold Coast and Br Togoland,fao1952
GCT-1919-1956,meat,1000 tonnes,1951,3,3,1,1,values_differ,one_label_one_source,1,4,2.666667,0.666667,Gold Coast and Br Togoland,fao1952
GHA-1898-1957,other meat,1000 tonnes,1950,2,2,1,1,values_differ,one_label_one_source,0.8,1.6,1.2,0.75,Gold Coast,fao1952
GLP-1816-2025,horses mules asses,1000 heads,1939,3,2,1,1,values_differ,one_label_one_source,1,4,3,0.75,Guadeloupe,fao1952
GLP-1816-2025,horses mules asses,1000 heads,1949,3,3,1,1,values_differ,one_label_one_source,1,5,3.333333,0.666667,Guadeloupe,fao1952
GLP-1816-2025,horses mules asses,1000 heads,1950,3,3,1,1,values_differ,one_label_one_source,2,5,3.333333,0.666667,Guadeloupe,fao1952
GLP-1816-2025,horses mules asses,1000 heads,1951,2,2,1,1,values_differ,one_label_one_source,2,3,2.5,0.833333,Guadeloupe,fao1952
GLP-1816-2025,poultry,1000 heads,1949,3,3,1,1,values_differ,one_label_one_source,3,115,42.333333,0.368116,Guadeloupe,fao1952
GLP-1816-2025,poultry,1000 heads,1950,3,3,1,1,values_differ,one_label_one_source,4,122,45,0.368852,Guadeloupe,fao1952
GNB-1886-1974,r_fao_population_1952_10_18,1000 people,1951,4,3,1,1,values_differ,one_label_one_source,0,517,197.75,0.382495,Portuguese Guinea,fao1952
GRC-1919-1947,horses mules asses,1000 heads,1938,3,3,1,1,values_differ,one_label_one_source,184,404,317,0.784653,Greece,fao1952
GRC-1919-1947,r_fao_population_1952_10_18,1000 people,1937,5,5,1,1,values_differ,one_label_one_source,467,6582,2667,0.405196,Greece,fao1952
GRC-1947-2025,cheese,1000 tonnes,1949,2,2,1,1,values_differ,one_label_one_source,1,28,14.5,0.517857,Greece,fao1952
GRC-1947-2025,cheese,1000 tonnes,1950,2,2,1,1,values_differ,one_label_one_source,2,41,21.5,0.52439,Greece,fao1952
GRC-1947-2025,cheese,1000 tonnes,1951,2,2,1,1,values_differ,one_label_one_source,2,41,21.5,0.52439,Greece,fao1952
GRC-1947-2025,commercial phosphoric acid,1000 tonnes,1949,2,1,1,1,values_identical,one_label_one_source,25,25,25,1,Greece,fao1952
GRC-1947-2025,commercial phosphoric acid,1000 tonnes,1950,2,2,1,1,values_differ,one_label_one_source,19,40,29.5,0.7375,Greece,fao1952
GRC-1947-2025,commercial phosphoric acid,1000 tonnes,1951,2,2,1,1,values_differ,one_label_one_source,35,40,37.5,0.9375,Greece,fao1952
GRC-1947-2025,horses mules asses,1000 heads,1949,3,3,1,1,values_differ,one_label_one_source,142,362,245,0.676796,Greece,fao1952
GRC-1947-2025,horses mules asses,1000 heads,1950,3,3,1,1,values_differ,one_label_one_source,146,371,249.666667,0.672956,Greece,fao1952
GRC-1947-2025,horses mules asses,1000 heads,1951,3,3,1,1,values_differ,one_label_one_source,156,390,261.333333,0.670085,Greece,fao1952
GRC-1947-2025,meat,1000 tonnes,1949,4,4,1,1,values_differ,one_label_one_source,9,59,29.5,0.5,Greece,fao1952
GRC-1947-2025,meat,1000 tonnes,1950,4,4,1,1,values_differ,one_label_one_source,8,58,29,0.5,Greece,fao1952
GRC-1947-2025,meat,1000 tonnes,1951,4,4,1,1,values_differ,one_label_one_source,9,60,30,0.5,Greece,fao1952
GRC-1947-2025,milk,1000 tonnes,1948,2,2,1,1,values_differ,one_label_one_source,100,285,192.5,0.675439,Greece,fao1952
GRC-1947-2025,milk,1000 tonnes,1949,2,2,1,1,values_differ,one_label_one_source,94,204,149,0.730392,Greece,fao1952
GRC-1947-2025,milk,1000 tonnes,1950,2,2,1,1,values_differ,one_label_one_source,133,350,241.5,0.69,Greece,fao1952
GRC-1947-2025,milk,1000 tonnes,1951,2,2,1,1,values_differ,one_label_one_source,130,352,241,0.684659,Greece,fao1952
GRC-1947-2025,other meat,1000 tonnes,1948,3,3,1,1,values_differ,one_label_one_source,1,8.1,4.733333,0.584362,Greece,fao1952
GRC-1947-2025,other meat,1000 tonnes,1949,3,3,1,1,values_differ,one_label_one_source,1.1,9.1,5.133333,0.564103,Greece,fao1952
GRC-1947-2025,other meat,1000 tonnes,1950,3,3,1,1,values_differ,one_label_one_source,1.8,9,5.2,0.577778,Greece,fao1952
GRC-1947-2025,other meat,1000 tonnes,1951,3,3,1,1,values_differ,one_label_one_source,1.9,9.3,5.433333,0.584229,Greece,fao1952
GRC-1947-2025,pesticides arsenicals,tonnes,1949,2,1,1,1,values_identical,one_label_one_source,100,100,100,1,Greece,fao1952
GRC-1947-2025,r_fao_population_1952_10_18,1000 people,1951,4,4,1,1,values_differ,one_label_one_source,253,3920,1698,0.433163,Greece,fao1952
GTM-1821-2025,centrifugal sugar noncentrifugal cane sugar,1000 tonnes,1949,2,2,1,1,values_differ,one_label_one_source,35,36,35.5,0.986111,Guatemala,fao1952
GTM-1821-2025,centrifugal sugar noncentrifugal cane sugar,1000 tonnes,1950,2,2,1,1,values_differ,one_label_one_source,25,27,26,0.962963,Guatemala,fao1952
GTM-1821-2025,centrifugal sugar noncentrifugal cane sugar,1000 tonnes,1951,2,2,1,1,values_differ,one_label_one_source,27,30,28.5,0.95,Guatemala,fao1952
GTM-1821-2025,horses mules asses,1000 heads,1938,2,2,1,1,values_differ,one_label_one_source,3,35,19,0.542857,Guatemala,fao1952
GTM-1821-2025,horses mules asses,1000 heads,1949,3,3,1,1,values_differ,one_label_one_source,11,157,76,0.484076,Guatemala,fao1952
GTM-1821-2025,horses mules asses,1000 heads,1950,3,3,1,1,values_differ,one_label_one_source,10,183,83.666667,0.457195,Guatemala,fao1952
GTM-1821-2025,meat,1000 tonnes,1949,3,3,1,1,values_differ,one_label_one_source,6,33,22,0.666667,Guatemala,fao1952
GTM-1821-2025,meat,1000 tonnes,1950,3,3,1,1,values_differ,one_label_one_source,7,37,24.666667,0.666667,Guatemala,fao1952
GTM-1821-2025,poultry,1000 heads,1950,3,3,1,1,values_differ,one_label_one_source,233,5612,3337,0.594619,Guatemala,fao1952
GTM-1821-2025,r_fao_population_1952_10_18,1000 people,1951,4,4,1,1,values_differ,one_label_one_source,7,2887,1110.25,0.384569,Guatemala,fao1952
GUF-1946-2025,poultry,1000 heads,1949,2,2,1,1,values_differ,one_label_one_source,2,6,4,0.666667,French Guiana,fao1952
GUF-1946-2025,poultry,1000 heads,1950,2,2,1,1,values_differ,one_label_one_source,3,7,5,0.714286,French Guiana,fao1952
GUM-1898-1950,poultry,1000 heads,1949,2,2,1,1,values_differ,one_label_one_source,1,72,36.5,0.506944,Guam,fao1952
GUM-1950-2025,poultry,1000 heads,1950,2,2,1,1,values_differ,one_label_one_source,1,88,44.5,0.505682,Guam,fao1952
GUM-1950-2025,poultry,1000 heads,1951,2,2,1,1,values_differ,one_label_one_source,1,101,51,0.50495,Guam,fao1952
GUY-1800-2025,horses mules asses,1000 heads,1939,3,3,1,1,values_differ,one_label_one_source,2,8,4.333333,0.541667,British Guiana,fao1952
GUY-1800-2025,horses mules asses,1000 heads,1949,3,2,1,1,values_differ,one_label_one_source,2,9,4.333333,0.481481,British Guiana,fao1952
GUY-1800-2025,horses mules asses,1000 heads,1950,3,3,1,1,values_differ,one_label_one_source,2,6,3.666667,0.611111,British Guiana,fao1952
GUY-1800-2025,poultry,1000 heads,1949,3,3,1,1,values_differ,one_label_one_source,6,422,162.666667,0.385466,British Guiana,fao1952
GUY-1800-2025,poultry,1000 heads,1950,3,3,1,1,values_differ,one_label_one_source,6,386,149,0.38601,British Guiana,fao1952
GUY-1800-2025,r_fao_population_1952_10_18,1000 people,1937,4,4,1,1,values_differ,one_label_one_source,25,333,120.75,0.362613,British Guiana,fao1952
GUY-1800-2025,r_fao_population_1952_10_18,1000 people,1951,4,4,1,1,values_differ,one_label_one_source,16,437,139.75,0.319794,British Guiana,fao1952
HAWI-1898-1959,horses mules asses,1000 heads,1938,3,3,1,1,values_differ,one_label_one_source,1,8,5.333333,0.666667,Hawaii,fao1952
HAWI-1898-1959,horses mules asses,1000 heads,1950,2,2,1,1,values_differ,one_label_one_source,2,8,5,0.625,Hawaii,fao1952
HAWI-1898-1959,other meat,1000 tonnes,1950,2,2,1,1,values_differ,one_label_one_source,0.1,0.3,0.2,0.666667,Hawaii,fao1952
HAWI-1898-1959,other meat,1000 tonnes,1951,2,2,1,1,values_differ,one_label_one_source,0.1,0.4,0.25,0.625,Hawaii,fao1952
HAWI-1898-1959,pesticides arsenicals,tonnes,1949,2,2,1,1,values_differ,one_label_one_source,1,2,1.5,0.75,Hawaii,fao1952
HAWI-1898-1959,pesticides arsenicals,tonnes,1950,4,3,1,1,values_differ,one_label_one_source,0.6,428,107.65,0.251519,Hawaii,fao1952
HAWI-1898-1959,pesticides arsenicals,tonnes,1951,3,2,1,1,values_differ,one_label_one_source,1,330,110.666667,0.335354,Hawaii,fao1952
HAWI-1898-1959,poultry,1000 heads,1950,3,3,1,1,values_differ,one_label_one_source,3,611,207.666667,0.33988,Hawaii,fao1952
HAWI-1898-1959,r_fao_population_1952_10_18,1000 people,1937,4,4,1,1,values_differ,one_label_one_source,5,401,129.25,0.322319,Hawaii,fao1952
HAWI-1898-1959,r_fao_population_1952_10_18,1000 people,1951,4,4,1,1,values_differ,one_label_one_source,3,500,140.5,0.281,Hawaii,fao1952
HKG-1842-2025,meat,1000 tonnes,1949,2,2,1,1,values_differ,one_label_one_source,5,341,173,0.507331,Hong Kong,fao1952
HKG-1842-2025,other meat,1000 tonnes,1949,2,2,1,1,values_differ,one_label_one_source,0.5,1.6,1.05,0.65625,Hong Kong,fao1952
HKG-1842-2025,other meat,1000 tonnes,1950,2,2,1,1,values_differ,one_label_one_source,0.5,1.7,1.1,0.647059,Hong Kong,fao1952
HKG-1842-2025,poultry,1000 heads,1950,2,2,1,1,values_differ,one_label_one_source,22,218,120,0.550459,Hong Kong,fao1952
HKG-1842-2025,poultry,1000 heads,1951,2,2,1,1,values_differ,one_label_one_source,26,681,353.5,0.51909,Hong Kong,fao1952
HND-1800-2025,horses mules asses,1000 heads,1930,3,3,1,1,values_differ,one_label_one_source,12,167,74.666667,0.447106,Honduras,fao1952
HND-1800-2025,horses mules asses,1000 heads,1949,3,3,1,1,values_differ,one_label_one_source,20,209,100.333333,0.480064,Honduras,fao1952
HND-1800-2025,horses mules asses,1000 heads,1950,3,3,1,1,values_differ,one_label_one_source,22,198,96.333333,0.486532,Honduras,fao1952
HND-1800-2025,horses mules asses,1000 heads,1951,3,3,1,1,values_differ,one_label_one_source,23,137,79,0.576642,Honduras,fao1952
HND-1800-2025,meat,1000 tonnes,1950,3,3,1,1,values_differ,one_label_one_source,3,31,20.666667,0.666667,Honduras,fao1952
HND-1800-2025,meat,1000 tonnes,1951,3,3,1,1,values_differ,one_label_one_source,10,44,29.333333,0.666667,Honduras,fao1952
HND-1800-2025,poultry,1000 heads,1950,3,3,1,1,values_differ,one_label_one_source,49,1574,559.333333,0.355358,Honduras,fao1952
HND-1800-2025,poultry,1000 heads,1951,3,3,1,1,values_differ,one_label_one_source,42,1925,676.666667,0.351515,Honduras,fao1952
HTI-1800-2025,horses mules asses,1000 heads,1939,3,3,1,1,values_differ,one_label_one_source,64,642,368.666667,0.574247,Haiti,fao1952
HUN-1920-1938,r_fao_population_1952_10_18,1000 people,1937,5,5,1,1,values_differ,one_label_one_source,472,9097,3528.8,0.387908,Hungary,fao1952
HUN-1938-1940,horses mules asses,1000 heads,1939,3,3,1,1,values_differ,one_label_one_source,1,939,315,0.335463,Hungary,fao1952
HUN-1947-2025,commercial nitrogenous fertilizers,1000 tonnes,1949,2,2,1,1,values_differ,one_label_one_source,1.4,4,2.7,0.675,Hungary,fao1952
HUN-1947-2025,commercial nitrogenous fertilizers,1000 tonnes,1950,2,2,1,1,values_differ,one_label_one_source,1.4,4,2.7,0.675,Hungary,fao1952
HUN-1947-2025,commercial nitrogenous fertilizers,1000 tonnes,1951,2,2,1,1,values_differ,one_label_one_source,1.4,4,2.7,0.675,Hungary,fao1952
HUN-1947-2025,commercial phosphoric acid,1000 tonnes,1949,2,2,1,1,values_differ,one_label_one_source,4,10,7,0.7,Hungary,fao1952
HUN-1947-2025,commercial phosphoric acid,1000 tonnes,1950,2,2,1,1,values_differ,one_label_one_source,4,11,7.5,0.681818,Hungary,fao1952
HUN-1947-2025,commercial phosphoric acid,1000 tonnes,1951,2,2,1,1,values_differ,one_label_one_source,4,11,7.5,0.681818,Hungary,fao1952
HUN-1947-2025,r_fao_population_1952_10_18,1000 people,1951,4,3,1,1,values_differ,one_label_one_source,2144,9390,4553.5,0.484931,Hungary,fao1952
IDN-1800-1945,r_fao_population_1952_10_18,1000 people,1937,4,4,1,1,values_differ,one_label_one_source,3401,65635,23306.25,0.355089,Indonesia,fao1952
IDN-1949-1963,meat,1000 tonnes,1949,4,4,1,1,values_differ,one_label_one_source,15,231,115.5,0.5,Indonesia,fao1952
IDN-1949-1963,natural rubber,1000 tonnes,1949,3,3,1,1,values_differ,one_label_one_source,170.7,438.8,292.533333,0.666667,Indonesia,fao1952
IDN-1949-1963,natural rubber,1000 tonnes,1950,3,3,1,1,values_differ,one_label_one_source,177.9,707.6,471.733333,0.666667,Indonesia,fao1952
IDN-1949-1963,natural rubber,1000 tonnes,1951,3,3,1,1,values_differ,one_label_one_source,216.7,818.1,545.4,0.666667,Indonesia,fao1952
IDN-1949-1963,phosphate rock,1000 tonnes,1949,2,2,1,1,values_differ,one_label_one_source,2,5,3.5,0.7,Indonesia,fao1952
IDN-1949-1963,poultry,1000 heads,1949,2,2,1,1,values_differ,one_label_one_source,8000,32000,20000,0.625,Indonesia,fao1952
IDN-1949-1963,poultry,1000 heads,1950,2,2,1,1,values_differ,one_label_one_source,8500,33000,20750,0.628788,Indonesia,fao1952
IND-1937-1947,horses mules asses,1000 heads,1940,3,3,1,1,values_differ,one_label_one_source,50,1186,672,0.56661,India,fao1952
IND-1937-1947,r_fao_population_1952_10_18,1000 people,1937,4,4,1,1,values_differ,one_label_one_source,26560,304333,123457.75,0.405667,India,fao1952
IND-1947-1949,milk,1000 tonnes,1948,2,2,1,1,values_differ,one_label_one_source,7698,10278,8988,0.874489,India,fao1952
IND-1949-2025,centrifugal sugar noncentrifugal cane sugar,1000 tonnes,1949,2,2,1,1,values_differ,one_label_one_source,1255,2787,2021,0.725152,India,fao1952
IND-1949-2025,centrifugal sugar noncentrifugal cane sugar,1000 tonnes,1950,2,2,1,1,values_differ,one_label_one_source,1350,3180,2265,0.712264,India,fao1952
IND-1949-2025,centrifugal sugar noncentrifugal cane sugar,1000 tonnes,1951,2,2,1,1,values_differ,one_label_one_source,1720,3330,2525,0.758258,India,fao1952
IND-1949-2025,commercial nitrogenous fertilizers,1000 tonnes,1949,2,2,1,1,values_differ,one_label_one_source,9.9,64.2,37.05,0.577103,India,fao1952
IND-1949-2025,commercial nitrogenous fertilizers,1000 tonnes,1950,2,2,1,1,values_differ,one_label_one_source,8.4,46.6,27.5,0.590129,India,fao1952
IND-1949-2025,commercial nitrogenous fertilizers,1000 tonnes,1951,2,2,1,1,values_differ,one_label_one_source,38,63,50.5,0.801587,India,fao1952
IND-1949-2025,commercial phosphoric acid,1000 tonnes,1949,2,2,1,1,values_differ,one_label_one_source,7.7,8,7.85,0.98125,India,fao1952
IND-1949-2025,commercial phosphoric acid,1000 tonnes,1950,2,1,1,1,values_identical,one_label_one_source,14,14,14,1,India,fao1952
IND-1949-2025,commercial phosphoric acid,1000 tonnes,1951,2,1,1,1,values_identical,one_label_one_source,13,13,13,1,India,fao1952
IND-1949-2025,horses mules asses,1000 heads,1949,3,3,1,1,values_differ,one_label_one_source,46,397,191,0.481108,India,fao1952
IND-1949-2025,horses mules asses,1000 heads,1950,3,3,1,1,values_differ,one_label_one_source,46,401,192.666667,0.480466,India,fao1952
IND-1949-2025,horses mules asses,1000 heads,1951,3,3,1,1,values_differ,one_label_one_source,59,1527,937.333333,0.61384,India,fao1952
IND-1949-2025,meat,1000 tonnes,1949,3,3,1,1,values_differ,one_label_one_source,23,738,378.333333,0.512647,India,fao1952
IND-1949-2025,poultry,1000 heads,1951,2,2,1,1,values_differ,one_label_one_source,4893,30699,17796,0.579693,India,fao1952
IRL-1921-2025,commercial phosphoric acid,1000 tonnes,1949,2,2,1,1,values_differ,one_label_one_source,25.3,35.7,30.5,0.854342,Ireland,fao1952
IRL-1921-2025,commercial phosphoric acid,1000 tonnes,1950,2,2,1,1,values_differ,one_label_one_source,30.2,50.3,40.25,0.800199,Ireland,fao1952
IRL-1921-2025,commercial phosphoric acid,1000 tonnes,1951,2,2,1,1,values_differ,one_label_one_source,32,51,41.5,0.813725,Ireland,fao1952
IRL-1921-2025,edible pig fat,1000 tonnes,1949,2,2,1,1,values_differ,one_label_one_source,1,2,1.5,0.75,Ireland,fao1952
IRL-1921-2025,edible pig fat,1000 tonnes,1951,2,2,1,1,values_differ,one_label_one_source,1,2,1.5,0.75,Ireland,fao1952
IRL-1921-2025,horses mules asses,1000 heads,1939,3,3,1,1,values_differ,one_label_one_source,10,445,201,0.451685,Ireland,fao1952
IRL-1921-2025,horses mules asses,1000 heads,1949,3,3,1,1,values_differ,one_label_one_source,5,402,175.333333,0.436153,Ireland,fao1952
IRL-1921-2025,horses mules asses,1000 heads,1950,3,3,1,1,values_differ,one_label_one_source,5,391,170,0.434783,Ireland,fao1952
IRL-1921-2025,horses mules asses,1000 heads,1951,3,3,1,1,values_differ,one_label_one_source,4,367,157.666667,0.429609,Ireland,fao1952
IRL-1921-2025,meat,1000 tonnes,1949,4,4,1,1,values_differ,one_label_one_source,14,140,70,0.5,Ireland,fao1952
IRL-1921-2025,meat,1000 tonnes,1950,4,4,1,1,values_differ,one_label_one_source,16,146,73,0.5,Ireland,fao1952
IRL-1921-2025,meat,1000 tonnes,1951,4,4,1,1,values_differ,one_label_one_source,14,153,76.5,0.5,Ireland,fao1952
IRL-1921-2025,other meat,1000 tonnes,1948,3,3,1,1,values_differ,one_label_one_source,2,27.2,15.2,0.558824,Ireland,fao1952
IRL-1921-2025,other meat,1000 tonnes,1949,3,3,1,1,values_differ,one_label_one_source,1.6,28.5,15.366667,0.539181,Ireland,fao1952
IRL-1921-2025,other meat,1000 tonnes,1950,3,3,1,1,values_differ,one_label_one_source,3.5,29.5,16.733333,0.567232,Ireland,fao1952
IRL-1921-2025,other meat,1000 tonnes,1951,3,3,1,1,values_differ,one_label_one_source,0.7,2.7,1.766667,0.654321,Ireland,fao1952
IRL-1921-2025,phosphate rock,1000 tonnes,1949,2,2,1,1,values_differ,one_label_one_source,7,29,18,0.62069,Ireland,fao1952
IRL-1921-2025,phosphate rock,1000 tonnes,1950,2,2,1,1,values_differ,one_label_one_source,7,25,16,0.64,Ireland,fao1952
IRL-1921-2025,phosphate rock,1000 tonnes,1951,2,2,1,1,values_differ,one_label_one_source,8,31,19.5,0.629032,Ireland,fao1952
IRL-1921-2025,poultry,1000 heads,1949,4,4,1,1,values_differ,one_label_one_source,750,18524,5373.75,0.290097,Ireland,fao1952
IRL-1921-2025,poultry,1000 heads,1950,4,4,1,1,values_differ,one_label_one_source,708,17983,5227,0.290663,Ireland,fao1952
IRL-1921-2025,poultry,1000 heads,1951,4,4,1,1,values_differ,one_label_one_source,662,15956,4683.5,0.293526,Ireland,fao1952
IRL-1921-2025,r_fao_population_1952_10_18,1000 people,1937,5,5,1,1,values_differ,one_label_one_source,106,2948,1133.2,0.384396,Ireland,fao1952
IRL-1921-2025,r_fao_population_1952_10_18,1000 people,1951,5,5,1,1,values_differ,one_label_one_source,82,2959,1122,0.379182,Ireland,fao1952
IRN-1828-2025,horses mules asses,1000 heads,1937,3,3,1,1,values_differ,one_label_one_source,52,305,179,0.586885,Iran,fao1952
IRN-1828-2025,horses mules asses,1000 heads,1949,3,3,1,1,values_differ,one_label_one_source,126,365,230.333333,0.63105,Iran,fao1952
IRN-1828-2025,horses mules asses,1000 heads,1951,3,3,1,1,values_differ,one_label_one_source,126,1200,563.666667,0.469722,Iran,fao1952
IRN-1828-2025,meat,1000 tonnes,1950,4,4,1,1,values_differ,one_label_one_source,1,76,38,0.5,Iran,fao1952
IRN-1828-2025,other meat,1000 tonnes,1949,2,2,1,1,values_differ,one_label_one_source,0.8,18,9.4,0.522222,Iran,fao1952
IRN-1828-2025,pesticides arsenicals,tonnes,1949,2,2,1,1,values_differ,one_label_one_source,1,116,58.5,0.50431,Iran,fao1952
IRN-1828-2025,poultry,1000 heads,1949,3,3,1,1,values_differ,one_label_one_source,40,13000,4376.666667,0.336667,Iran,fao1952
IRQ-1932-2025,cheese,1000 tonnes,1949,2,2,1,1,values_differ,one_label_one_source,3,10,6.5,0.65,Iraq,fao1952
IRQ-1932-2025,cheese,1000 tonnes,1950,2,2,1,1,values_differ,one_label_one_source,4,10,7,0.7,Iraq,fao1952
IRQ-1932-2025,horses mules asses,1000 heads,1938,3,3,1,1,values_differ,one_label_one_source,60,150,110,0.733333,Iraq,fao1952
IRQ-1932-2025,horses mules asses,1000 heads,1949,3,3,1,1,values_differ,one_label_one_source,52,413,217.666667,0.527038,Iraq,fao1952
IRQ-1932-2025,meat,1000 tonnes,1949,3,3,1,1,values_differ,one_label_one_source,20,45,30,0.666667,Iraq,fao1952
IRQ-1932-2025,meat,1000 tonnes,1950,3,3,1,1,values_differ,one_label_one_source,21,45,30,0.666667,Iraq,fao1952
IRQ-1932-2025,milk,1000 tonnes,1949,2,2,1,1,values_differ,one_label_one_source,229,431,330,0.765661,Iraq,fao1952
IRQ-1932-2025,milk,1000 tonnes,1950,2,2,1,1,values_differ,one_label_one_source,405,481,443,0.920998,Iraq,fao1952
IRQ-1932-2025,pesticides arsenicals,tonnes,1949,2,2,1,1,values_differ,one_label_one_source,0.4,0.5,0.45,0.9,Iraq,fao1952
IRQ-1932-2025,pesticides arsenicals,tonnes,1950,2,2,1,1,values_differ,one_label_one_source,0.2,0.5,0.35,0.7,Iraq,fao1952
ISL-1800-2025,meat,1000 tonnes,1949,3,3,1,1,values_differ,one_label_one_source,2,9,6,0.666667,Iceland,fao1952
ISL-1800-2025,meat,1000 tonnes,1950,3,3,1,1,values_differ,one_label_one_source,2,8,5.333333,0.666667,Iceland,fao1952
ISL-1800-2025,meat,1000 tonnes,1951,3,3,1,1,values_differ,one_label_one_source,2,8,5.333333,0.666667,Iceland,fao1952
ISL-1800-2025,other meat,1000 tonnes,1948,3,3,1,1,values_differ,one_label_one_source,0.1,1.4,0.8,0.571429,Iceland,fao1952
ISL-1800-2025,other meat,1000 tonnes,1949,3,3,1,1,values_differ,one_label_one_source,0.1,1.4,0.8,0.571429,Iceland,fao1952
ISL-1800-2025,other meat,1000 tonnes,1950,3,3,1,1,values_differ,one_label_one_source,0.1,1.3,0.766667,0.589744,Iceland,fao1952
ISL-1800-2025,other meat,1000 tonnes,1951,3,3,1,1,values_differ,one_label_one_source,0.1,1.4,0.8,0.571429,Iceland,fao1952
ISL-1800-2025,pesticides arsenicals,tonnes,1949,2,1,1,1,values_identical,one_label_one_source,0.1,0.1,0.1,1,Iceland,fao1952
ISL-1800-2025,pesticides arsenicals,tonnes,1951,2,1,1,1,values_identical,one_label_one_source,0.1,0.1,0.1,1,Iceland,fao1952
ISL-1800-2025,poultry,1000 heads,1951,2,2,1,1,values_differ,one_label_one_source,1,97,49,0.505155,Iceland,fao1952
ISL-1800-2025,r_fao_population_1952_10_18,1000 people,1937,5,5,1,1,values_differ,one_label_one_source,6,117,42,0.358974,Iceland,fao1952
ISL-1800-2025,r_fao_population_1952_10_18,1000 people,1951,5,5,1,1,values_differ,one_label_one_source,3,145,46,0.317241,Iceland,fao1952
ISR-1948-1967,commercial phosphoric acid,1000 tonnes,1949,2,2,1,1,values_differ,one_label_one_source,1.9,7.4,4.65,0.628378,Israel,fao1952
ISR-1948-1967,commercial phosphoric acid,1000 tonnes,1950,2,2,1,1,values_differ,one_label_one_source,0.9,6.5,3.7,0.569231,Israel,fao1952
ISR-1948-1967,commercial phosphoric acid,1000 tonnes,1951,2,2,1,1,values_differ,one_label_one_source,6.8,22,14.4,0.654545,Israel,fao1952
ISR-1948-1967,horses mules asses,1000 heads,1949,2,2,1,1,values_differ,one_label_one_source,2,8,5,0.625,Israel,fao1952
ISR-1948-1967,horses mules asses,1000 heads,1950,2,2,1,1,values_differ,one_label_one_source,11,15,13,0.866667,Israel,fao1952
ISR-1948-1967,horses mules asses,1000 heads,1951,2,2,1,1,values_differ,one_label_one_source,13,16,14.5,0.90625,Israel,fao1952
ISR-1948-1967,pesticides arsenicals,tonnes,1950,3,3,1,1,values_differ,one_label_one_source,0.1,5,2.366667,0.473333,Israel,fao1952
ISR-1948-1967,poultry,1000 heads,1949,2,2,1,1,values_differ,one_label_one_source,27,2113,1070,0.506389,Israel,fao1952
ISR-1948-1967,poultry,1000 heads,1950,2,2,1,1,values_differ,one_label_one_source,23,3119,1571,0.503687,Israel,fao1952
ISR-1948-1967,poultry,1000 heads,1951,2,2,1,1,values_differ,one_label_one_source,40,4750,2395,0.504211,Israel,fao1952
ISR-1948-1967,r_fao_population_1952_10_18,1000 people,1951,5,5,1,1,values_differ,one_label_one_source,11,1516,362,0.238786,Israel,fao1952
ITA-1919-2025,commercial nitrogenous fertilizers,1000 tonnes,1949,2,2,1,1,values_differ,one_label_one_source,119.9,136.9,128.4,0.937911,Italy,fao1952
ITA-1919-2025,commercial nitrogenous fertilizers,1000 tonnes,1950,2,2,1,1,values_differ,one_label_one_source,156.5,177.3,166.9,0.941342,Italy,fao1952
ITA-1919-2025,commercial nitrogenous fertilizers,1000 tonnes,1951,2,2,1,1,values_differ,one_label_one_source,158,186,172,0.924731,Italy,fao1952
ITA-1919-2025,commercial phosphoric acid,1000 tonnes,1949,2,2,1,1,values_differ,one_label_one_source,247.6,274.4,261,0.951166,Italy,fao1952
ITA-1919-2025,commercial phosphoric acid,1000 tonnes,1950,2,2,1,1,values_differ,one_label_one_source,303,310.1,306.55,0.988552,Italy,fao1952
ITA-1919-2025,commercial phosphoric acid,1000 tonnes,1951,2,2,1,1,values_differ,one_label_one_source,290,322.4,306.2,0.949752,Italy,fao1952
ITA-1919-2025,commercial potash fertilizers,1000 tonnes,1949,2,2,1,1,values_differ,one_label_one_source,0.7,16,8.35,0.521875,Italy,fao1952
ITA-1919-2025,commercial potash fertilizers,1000 tonnes,1950,2,2,1,1,values_differ,one_label_one_source,0.7,19,9.85,0.518421,Italy,fao1952
ITA-1919-2025,commercial potash fertilizers,1000 tonnes,1951,2,2,1,1,values_differ,one_label_one_source,0.7,20,10.35,0.5175,Italy,fao1952
ITA-1919-2025,edible pig fat,1000 tonnes,1949,2,2,1,1,values_differ,one_label_one_source,35,83,59,0.710843,Italy,fao1952
ITA-1919-2025,edible pig fat,1000 tonnes,1950,2,2,1,1,values_differ,one_label_one_source,26,62,44,0.709677,Italy,fao1952
ITA-1919-2025,grapes,1000 hectares,1949,3,3,1,1,values_differ,one_label_one_source,1014,2840,1859.333333,0.654695,Italy,fao1952
ITA-1919-2025,grapes,1000 hectares,1950,3,3,1,1,values_differ,one_label_one_source,1010,2896,1880,0.649171,Italy,fao1952
ITA-1919-2025,grapes,1000 hectares,1951,3,3,1,1,values_differ,one_label_one_source,1017,2904,1888,0.650138,Italy,fao1952
ITA-1919-2025,grapes,1000 tonnes,1950,3,3,1,1,values_differ,one_label_one_source,2530,6544,4362.666667,0.666667,Italy,fao1952
ITA-1919-2025,grapes,1000 tonnes,1951,3,3,1,1,values_differ,one_label_one_source,2883,7318,4878.666667,0.666667,Italy,fao1952
ITA-1919-2025,horses mules asses,1000 heads,1939,3,3,1,1,values_differ,one_label_one_source,432,789,667.333333,0.845796,Italy,fao1952
ITA-1919-2025,horses mules asses,1000 heads,1949,3,3,1,1,values_differ,one_label_one_source,394,798,651.666667,0.816625,Italy,fao1952
ITA-1919-2025,horses mules asses,1000 heads,1950,3,3,1,1,values_differ,one_label_one_source,398,797,655.333333,0.82225,Italy,fao1952
ITA-1919-2025,horses mules asses,1000 heads,1951,3,3,1,1,values_differ,one_label_one_source,393,773,644.666667,0.83398,Italy,fao1952
ITA-1919-2025,meat,1000 tonnes,1949,4,4,1,1,values_differ,one_label_one_source,45,637,318.5,0.5,Italy,fao1952
ITA-1919-2025,meat,1000 tonnes,1950,4,4,1,1,values_differ,one_label_one_source,50,511,255.5,0.5,Italy,fao1952
ITA-1919-2025,meat,1000 tonnes,1951,4,4,1,1,values_differ,one_label_one_source,49,491,245.5,0.5,Italy,fao1952
ITA-1919-2025,milk,1000 tonnes,1948,2,2,1,1,values_differ,one_label_one_source,534,4202,2368,0.563541,Italy,fao1952
ITA-1919-2025,milk,1000 tonnes,1949,2,2,1,1,values_differ,one_label_one_source,641,4917,2779,0.565182,Italy,fao1952
ITA-1919-2025,milk,1000 tonnes,1950,2,2,1,1,values_differ,one_label_one_source,689,5257,2973,0.565532,Italy,fao1952
ITA-1919-2025,milk,1000 tonnes,1951,2,2,1,1,values_differ,one_label_one_source,697,5447,3072,0.56398,Italy,fao1952
ITA-1919-2025,other meat,1000 tonnes,1948,3,3,1,1,values_differ,one_label_one_source,48,66.7,58.233333,0.873063,Italy,fao1952
ITA-1919-2025,other meat,1000 tonnes,1949,4,4,1,1,values_differ,one_label_one_source,16.6,65.9,46.675,0.70827,Italy,fao1952
ITA-1919-2025,other meat,1000 tonnes,1950,4,4,1,1,values_differ,one_label_one_source,21.7,66.6,47.925,0.719595,Italy,fao1952
ITA-1919-2025,pesticides arsenicals,tonnes,1949,2,2,1,1,values_differ,one_label_one_source,37,1330,683.5,0.51391,Italy,fao1952
ITA-1919-2025,pesticides arsenicals,tonnes,1950,2,2,1,1,values_differ,one_label_one_source,365,1834,1099.5,0.599509,Italy,fao1952
ITA-1919-2025,pesticides arsenicals,tonnes,1951,2,2,1,1,values_differ,one_label_one_source,395,2334,1364.5,0.584619,Italy,fao1952
ITA-1919-2025,pesticides copper sulphate,tonnes,1949,2,2,1,1,values_differ,one_label_one_source,3514,77436,40475,0.52269,Italy,fao1952
ITA-1919-2025,pesticides copper sulphate,tonnes,1950,2,2,1,1,values_differ,one_label_one_source,3575,70436,37005.5,0.525378,Italy,fao1952
ITA-1919-2025,pesticides sulphur dust,tonnes,1949,4,4,1,1,values_differ,one_label_one_source,3122,23998,9774.5,0.407305,Italy,fao1952
ITA-1919-2025,pesticides sulphur dust,tonnes,1950,3,3,1,1,values_differ,one_label_one_source,3030,37324,14938.666667,0.400243,Italy,fao1952
ITA-1919-2025,pesticides sulphur dust,tonnes,1951,2,2,1,1,values_differ,one_label_one_source,5137,45059,25098,0.557003,Italy,fao1952
ITA-1919-2025,r_fao_population_1952_10_18,1000 people,1937,5,5,1,1,values_differ,one_label_one_source,2427,42372,15754.6,0.371816,Italy,fao1952
ITA-1919-2025,r_fao_population_1952_10_18,1000 people,1951,2,2,1,1,values_differ,one_label_one_source,20000,46598,33299,0.714601,Italy,fao1952
ITS-1908-1960,horses mules asses,1000 heads,1939,3,3,1,1,values_differ,one_label_one_source,3,11,7,0.636364,Somalia,fao1952
ITS-1908-1960,horses mules asses,1000 heads,1949,3,3,1,1,values_differ,one_label_one_source,2,30,14,0.466667,Somalia,fao1952
JAM-1800-2025,horses mules asses,1000 heads,1938,2,2,1,1,values_differ,one_label_one_source,10,11,10.5,0.954545,British West Indies Jamaica,fao1952
JAM-1800-2025,horses mules asses,1000 heads,1951,3,3,1,1,values_differ,one_label_one_source,13,51,29.666667,0.581699,British West Indies Jamaica,fao1952
JAM-1800-2025,meat,1000 tonnes,1949,4,3,1,1,values_differ,one_label_one_source,2,13,6.5,0.5,British West Indies Jamaica,fao1952
JAM-1800-2025,meat,1000 tonnes,1950,4,3,1,1,values_differ,one_label_one_source,2,13,6.5,0.5,British West Indies Jamaica,fao1952
JAM-1800-2025,meat,1000 tonnes,1951,4,3,1,1,values_differ,one_label_one_source,2,13,6.5,0.5,British West Indies Jamaica,fao1952
JAM-1800-2025,other meat,1000 tonnes,1949,2,2,1,1,values_differ,one_label_one_source,0.2,2,1.1,0.55,British West Indies Jamaica,fao1952
JAM-1800-2025,other meat,1000 tonnes,1950,2,2,1,1,values_differ,one_label_one_source,0.3,2.1,1.2,0.571429,British West Indies Jamaica,fao1952
JAM-1800-2025,other meat,1000 tonnes,1951,2,2,1,1,values_differ,one_label_one_source,0.3,2,1.15,0.575,British West Indies Jamaica,fao1952
JAM-1800-2025,pesticides arsenicals,tonnes,1950,2,2,1,1,values_differ,one_label_one_source,2,7,4.5,0.642857,British West Indies Jamaica,fao1952
JAM-1800-2025,poultry,1000 heads,1949,3,3,1,1,values_differ,one_label_one_source,1,27,16,0.592593,British West Indies Jamaica,fao1952
JAM-1800-2025,poultry,1000 heads,1950,3,3,1,1,values_differ,one_label_one_source,1,27,16,0.592593,British West Indies Jamaica,fao1952
JAM-1800-2025,poultry,1000 heads,1951,3,3,1,1,values_differ,one_label_one_source,2,35,19,0.542857,British West Indies Jamaica,fao1952
JAM-1800-2025,r_fao_population_1952_10_18,1000 people,1951,5,5,3,1,values_differ,several_labels_one_source,45,1444,507.2,0.351247,British West Indies Jamaica | British West Indies Jamaica and Dependencies | Jamaica,fao1952
JOR-1923-1946,horses mules asses,1000 heads,1938,3,3,1,1,values_differ,one_label_one_source,2,24,10.666667,0.444444,Jordan,fao1952
JOR-1946-2025,horses mules asses,1000 heads,1951,3,3,1,1,values_differ,one_label_one_source,7,50,21.666667,0.433333,Jordan,fao1952
JOR-1946-2025,milk,1000 tonnes,1948,2,2,1,1,values_differ,one_label_one_source,4,37,20.5,0.554054,Jordan,fao1952
JOR-1946-2025,milk,1000 tonnes,1949,2,2,1,1,values_differ,one_label_one_source,5,36,20.5,0.569444,Jordan,fao1952
JOR-1946-2025,poultry,1000 heads,1949,2,2,1,1,values_differ,one_label_one_source,1,369,185,0.501355,Jordan,fao1952
JPN-1895-1945,p,tonnes,1915,2,2,2,1,values_differ,several_labels_one_source,30000,57716,43858,0.759893,japan | palau,iia
JPN-1895-1945,p,tonnes,1916,2,2,2,1,values_differ,several_labels_one_source,30000,114810,72405,0.630651,japan | palau,iia
JPN-1895-1945,p,tonnes,1917,2,2,2,1,values_differ,several_labels_one_source,30000,121628,75814,0.623327,japan | palau,iia
JPN-1895-1945,p,tonnes,1918,2,2,2,1,values_differ,several_labels_one_source,30000,192271,111135.5,0.578015,japan | palau,iia
JPN-1895-1945,r_fao_population_1952_10_18,1000 people,1937,4,4,1,1,values_differ,one_label_one_source,6396,69941,24550.75,0.351021,Japan,fao1952
JPN-1945-1952,centrifugal sugar noncentrifugal cane sugar,1000 tonnes,1949,2,2,1,1,values_differ,one_label_one_source,15,16,15.5,0.96875,Japan,fao1952
JPN-1945-1952,centrifugal sugar noncentrifugal cane sugar,1000 tonnes,1950,2,2,1,1,values_differ,one_label_one_source,16,19,17.5,0.921053,Japan,fao1952
JPN-1945-1952,centrifugal sugar noncentrifugal cane sugar,1000 tonnes,1951,2,2,1,1,values_differ,one_label_one_source,14,26,20,0.769231,Japan,fao1952
JPN-1945-1952,commercial nitrogenous fertilizers,1000 tonnes,1949,2,2,1,1,values_differ,one_label_one_source,303.1,378.5,340.8,0.900396,Japan,fao1952
JPN-1945-1952,commercial nitrogenous fertilizers,1000 tonnes,1950,2,2,1,1,values_differ,one_label_one_source,414.6,442,428.3,0.969005,Japan,fao1952
JPN-1945-1952,commercial nitrogenous fertilizers,1000 tonnes,1951,2,2,1,1,values_differ,one_label_one_source,442,456.8,449.4,0.9838,Japan,fao1952
JPN-1945-1952,commercial phosphoric acid,1000 tonnes,1949,2,2,1,1,values_differ,one_label_one_source,232.6,234.9,233.75,0.995104,Japan,fao1952
JPN-1945-1952,commercial phosphoric acid,1000 tonnes,1950,2,2,1,1,values_differ,one_label_one_source,231.7,237.7,234.7,0.987379,Japan,fao1952
JPN-1945-1952,commercial phosphoric acid,1000 tonnes,1951,2,2,1,1,values_differ,one_label_one_source,242.5,284.7,263.6,0.925887,Japan,fao1952
JPN-1945-1952,meat,1000 tonnes,1949,3,3,1,1,values_differ,one_label_one_source,34,77,51.333333,0.666667,Japan,fao1952
JPN-1945-1952,meat,1000 tonnes,1950,3,3,1,1,values_differ,one_label_one_source,57,136,90.666667,0.666667,Japan,fao1952
JPN-1945-1952,meat,1000 tonnes,1951,3,3,1,1,values_differ,one_label_one_source,47,116,77.333333,0.666667,Japan,fao1952
JPN-1945-1952,milk,1000 tonnes,1948,2,2,1,1,values_differ,one_label_one_source,27,182,104.5,0.574176,Japan,fao1952
JPN-1945-1952,milk,1000 tonnes,1949,2,2,1,1,values_differ,one_label_one_source,37,277,157,0.566787,Japan,fao1952
JPN-1945-1952,milk,1000 tonnes,1950,2,2,1,1,values_differ,one_label_one_source,33,364,198.5,0.54533,Japan,fao1952
JPN-1945-1952,milk,1000 tonnes,1951,2,2,1,1,values_differ,one_label_one_source,62,434,248,0.571429,Japan,fao1952
JPN-1945-1952,other meat,1000 tonnes,1948,4,4,1,1,values_differ,one_label_one_source,5,11,8.25,0.75,Japan,fao1952
JPN-1945-1952,other meat,1000 tonnes,1949,4,3,1,1,values_differ,one_label_one_source,5,14,9.25,0.660714,Japan,fao1952
JPN-1945-1952,other meat,1000 tonnes,1950,4,4,1,1,values_differ,one_label_one_source,3,22,11.9,0.540909,Japan,fao1952
JPN-1945-1952,other meat,1000 tonnes,1951,3,3,1,1,values_differ,one_label_one_source,2,17,11,0.647059,Japan,fao1952
JPN-1945-1952,pesticides arsenicals,tonnes,1949,2,2,1,1,values_differ,one_label_one_source,891,952,921.5,0.967962,Japan,fao1952
JPN-1945-1952,pesticides arsenicals,tonnes,1950,2,2,1,1,values_differ,one_label_one_source,712,743,727.5,0.979139,Japan,fao1952
JPN-1945-1952,pesticides arsenicals,tonnes,1951,2,2,1,1,values_differ,one_label_one_source,590,726,658,0.906336,Japan,fao1952
JPN-1945-1952,poultry,1000 heads,1949,3,3,1,1,values_differ,one_label_one_source,1,16356,5534.333333,0.338367,Japan,fao1952
JPN-1945-1952,poultry,1000 heads,1950,4,4,1,1,values_differ,one_label_one_source,3,16545,4203,0.254034,Japan,fao1952
JPN-1945-1952,r_fao_population_1952_10_18,1000 people,1951,5,5,1,1,values_differ,one_label_one_source,10710,84300,35858.2,0.425364,Japan,fao1952
KEN-1926-1963,horses mules asses,1000 heads,1939,2,2,1,1,values_differ,one_label_one_source,4,217,110.5,0.509217,Kenya,fao1952
KEN-1926-1963,meat,1000 tonnes,1949,4,3,1,1,values_differ,one_label_one_source,2,16,8,0.5,Kenya,fao1952
KEN-1926-1963,meat,1000 tonnes,1950,4,4,1,1,values_differ,one_label_one_source,1,15,7.5,0.5,Kenya,fao1952
KEN-1926-1963,meat,1000 tonnes,1951,4,4,1,1,values_differ,one_label_one_source,1,17,8.5,0.5,Kenya,fao1952
KHM-1907-1953,meat,1000 tonnes,1949,3,3,1,1,values_differ,one_label_one_source,4,15,10,0.666667,Indochina Cambodia,fao1952
KHM-1907-1953,meat,1000 tonnes,1950,3,3,1,1,values_differ,one_label_one_source,6,17,11.333333,0.666667,Indochina Cambodia,fao1952
KHM-1907-1953,meat,1000 tonnes,1951,3,3,1,1,values_differ,one_label_one_source,6,19,12.666667,0.666667,Indochina Cambodia,fao1952
KOR-1800-1945,horses mules asses,1000 heads,1937,3,3,1,1,values_differ,one_label_one_source,1,51,18.333333,0.359477,Korea,fao1952
KOR-1800-1945,"tobacco, unmanufactured",tonnes,1909,2,2,2,2,values_differ,several_labels_several_sources,11511.7,12000,11755.85,0.979654,korea | south korea,iia | mitchell
KOR-1800-1945,"tobacco, unmanufactured",tonnes,1910,2,2,2,2,values_differ,several_labels_several_sources,8920.8,9000,8960.4,0.9956,korea | south korea,iia | mitchell
KOR-1800-1945,"tobacco, unmanufactured",tonnes,1911,2,2,2,2,values_differ,several_labels_several_sources,10560.5,11000,10780.25,0.980023,korea | south korea,iia | mitchell
KOR-1800-1945,"tobacco, unmanufactured",tonnes,1912,2,2,2,2,values_differ,several_labels_several_sources,12639.5,13000,12819.75,0.986135,korea | south korea,iia | mitchell
KOR-1800-1945,"tobacco, unmanufactured",tonnes,1913,2,2,2,2,values_differ,several_labels_several_sources,14000,14223.6,14111.8,0.99214,korea | south korea,iia | mitchell
KOR-1800-1945,"tobacco, unmanufactured",tonnes,1914,2,2,2,2,values_differ,several_labels_several_sources,9873.6,10000,9936.8,0.99368,korea | south korea,iia | mitchell
KOR-1800-1945,"tobacco, unmanufactured",tonnes,1915,2,2,2,2,values_differ,several_labels_several_sources,13781.7,14000,13890.85,0.992204,korea | south korea,iia | mitchell
KOR-1800-1945,"tobacco, unmanufactured",tonnes,1916,2,2,2,2,values_differ,several_labels_several_sources,13000,13084.8,13042.4,0.99676,korea | south korea,iia | mitchell
KOR-1800-1945,"tobacco, unmanufactured",tonnes,1917,2,2,2,2,values_differ,several_labels_several_sources,14000,14099.8,14049.9,0.996461,korea | south korea,iia | mitchell
KOR-1800-1945,"tobacco, unmanufactured",tonnes,1918,2,2,2,2,values_differ,several_labels_several_sources,14567.7,15000,14783.85,0.98559,korea | south korea,iia | mitchell
KOR-1800-1945,"tobacco, unmanufactured",tonnes,1919,2,2,2,2,values_differ,several_labels_several_sources,14000,14337.9,14168.95,0.988217,korea | south korea,iia | mitchell
KOR-1800-1945,"tobacco, unmanufactured",tonnes,1920,2,2,2,2,values_differ,several_labels_several_sources,5508.4,16000,10754.2,0.672138,korea | south korea,iia | mitchell
KOR-1800-1945,"tobacco, unmanufactured",tonnes,1922,2,2,2,2,values_differ,several_labels_several_sources,10543.6,11000,10771.8,0.979255,korea | south korea,iia | mitchell
KOR-1800-1945,"tobacco, unmanufactured",tonnes,1923,2,2,2,2,values_differ,several_labels_several_sources,11870.5,12000,11935.25,0.994604,korea | south korea,iia | mitchell
KOR-1800-1945,"tobacco, unmanufactured",tonnes,1924,2,2,2,2,values_differ,several_labels_several_sources,14593.6,15000,14796.8,0.986453,korea | south korea,iia | mitchell
KOR-1800-1945,"tobacco, unmanufactured",tonnes,1925,2,2,2,2,values_differ,several_labels_several_sources,10171,14000,12085.5,0.86325,korea | south korea,iia | mitchell
KOR-1800-1945,"tobacco, unmanufactured",tonnes,1930,2,2,2,2,values_differ,several_labels_several_sources,15000,15100.9,15050.45,0.996659,korea | south korea,iia | mitchell
KOR-1800-1945,"tobacco, unmanufactured",tonnes,1931,2,2,2,2,values_differ,several_labels_several_sources,16000,16440.7,16220.35,0.986597,korea | south korea,iia | mitchell
KOR-1800-1945,"tobacco, unmanufactured",tonnes,1932,2,2,2,2,values_differ,several_labels_several_sources,19912.2,20000,19956.1,0.997805,korea | south korea,iia | mitchell
KOR-1800-1945,"tobacco, unmanufactured",tonnes,1933,2,2,2,2,values_differ,several_labels_several_sources,16553.5,17000,16776.75,0.986868,korea | south korea,iia | mitchell
KOR-1800-1945,"tobacco, unmanufactured",tonnes,1934,2,2,2,2,values_differ,several_labels_several_sources,15000,1540400,777700,0.504869,korea | south korea,iia | mitchell
KOR-1800-1945,"tobacco, unmanufactured",tonnes,1935,2,2,2,2,values_differ,several_labels_several_sources,22000,2192100,1107050,0.505018,korea | south korea,iia | mitchell
KOR-1800-1945,"tobacco, unmanufactured",tonnes,1936,2,2,2,2,values_differ,several_labels_several_sources,21000,2062600,1041800,0.505091,korea | south korea,iia | mitchell
KOR-1800-1945,"tobacco, unmanufactured",tonnes,1937,2,2,2,2,values_differ,several_labels_several_sources,27000,2648800,1337900,0.505097,korea | south korea,iia | mitchell
KOR-1800-1945,"tobacco, unmanufactured",tonnes,1938,2,2,2,2,values_differ,several_labels_several_sources,28000,2798400,1413200,0.505003,korea | south korea,iia | mitchell
KOR-1800-1945,"tobacco, unmanufactured",tonnes,1939,2,2,2,2,values_differ,several_labels_several_sources,31000,3101900,1566450,0.504997,korea | south korea,iia | mitchell
KOR-1800-1945,"tobacco, unmanufactured",tonnes,1941,2,2,2,2,values_differ,several_labels_several_sources,35000,3512000,1773500,0.504983,korea | south korea,iia | mitchell
KOR-1948-2025,commercial nitrogenous fertilizers,1000 tonnes,1949,3,3,2,1,values_differ,several_labels_one_source,30,108.9,79.266667,0.727885,Korea | Korea South,fao1952
KOR-1948-2025,commercial nitrogenous fertilizers,1000 tonnes,1950,2,1,2,1,values_identical,several_labels_one_source,14.6,14.6,14.6,1,Korea | Korea South,fao1952
KOR-1948-2025,commercial nitrogenous fertilizers,1000 tonnes,1951,4,2,2,1,values_differ,several_labels_one_source,0.03,48.2,24.115,0.500311,Korea | Korea South,fao1952
KOR-1948-2025,commercial phosphoric acid,1000 tonnes,1949,2,2,1,1,values_differ,one_label_one_source,1,53.3,27.15,0.509381,Korea South,fao1952
KOR-1948-2025,commercial phosphoric acid,1000 tonnes,1951,2,2,1,1,values_differ,one_label_one_source,0.2,19.4,9.8,0.505155,Korea South,fao1952
KOR-1948-2025,r_fao_population_1952_10_18,1000 people,1951,2,2,2,1,values_differ,several_labels_one_source,20500,29300,24900,0.849829,Korea | Korea South,fao1952
LAO-1893-1954,meat,1000 tonnes,1950,3,3,1,1,values_differ,one_label_one_source,1,3,2,0.666667,Indochina Laos,fao1952
LAO-1893-1954,meat,1000 tonnes,1951,3,2,1,1,values_differ,one_label_one_source,1,2,1.333333,0.666667,Indochina Laos,fao1952
LBN-1920-1944,horses mules asses,1000 heads,1938,3,3,1,1,values_differ,one_label_one_source,4,35,15.666667,0.447619,Lebanon,fao1952
LBN-1944-2025,horses mules asses,1000 heads,1949,3,3,1,1,values_differ,one_label_one_source,4,25,12.333333,0.493333,Lebanon,fao1952
LBN-1944-2025,horses mules asses,1000 heads,1951,3,3,1,1,values_differ,one_label_one_source,5,20,11.666667,0.583333,Lebanon,fao1952
LBN-1944-2025,pesticides arsenicals,tonnes,1949,2,2,1,1,values_differ,one_label_one_source,0.1,42,21.05,0.50119,Lebanon,fao1952
LBR-1847-2025,poultry,1000 heads,1949,2,2,1,1,values_differ,one_label_one_source,20,3000,1510,0.503333,Liberia,fao1952
LBY-1934-1943,horses mules asses,1000 heads,1938,3,3,1,1,values_differ,one_label_one_source,4,40,19,0.475,Libya,fao1952
LBY-1943-1949,horses mules asses,1000 heads,1949,2,2,1,1,values_differ,one_label_one_source,43,109,76,0.697248,Libya,fao1952
LCA-1838-2025,horses mules asses,1000 heads,1939,2,1,1,1,values_identical,one_label_one_source,1,1,1,1,British West Indies St Lucia,fao1952
LKA-1800-2025,meat,1000 tonnes,1949,3,3,1,1,values_differ,one_label_one_source,1,17,11.333333,0.666667,Ceylon,fao1952
LKA-1800-2025,meat,1000 tonnes,1950,3,3,1,1,values_differ,one_label_one_source,1,17,11.333333,0.666667,Ceylon,fao1952
LKA-1800-2025,meat,1000 tonnes,1951,3,3,1,1,values_differ,one_label_one_source,2,21,14,0.666667,Ceylon,fao1952
LKA-1800-2025,poultry,1000 heads,1950,4,4,1,1,values_differ,one_label_one_source,1,1829,460.75,0.251914,Ceylon,fao1952
LKA-1800-2025,poultry,1000 heads,1951,4,4,1,1,values_differ,one_label_one_source,2,1541,389.75,0.25292,Ceylon,fao1952
LSO-1886-1966,horses mules asses,1000 heads,1939,3,3,1,1,values_differ,one_label_one_source,1,88,38.666667,0.439394,Basutoland,fao1952
LSO-1886-1966,horses mules asses,1000 heads,1949,3,3,1,1,values_differ,one_label_one_source,2,99,50,0.505051,Basutoland,fao1952
LSO-1886-1966,horses mules asses,1000 heads,1951,3,3,1,1,values_differ,one_label_one_source,3,103,55,0.533981,Basutoland,fao1952
LUX-1839-2025,commercial phosphoric acid,1000 tonnes,1949,2,2,1,1,values_differ,one_label_one_source,5.7,70.8,38.25,0.540254,Luxembourg,fao1952
LUX-1839-2025,commercial phosphoric acid,1000 tonnes,1950,2,2,1,1,values_differ,one_label_one_source,4.7,89.3,47,0.526316,Luxembourg,fao1952
LUX-1839-2025,commercial phosphoric acid,1000 tonnes,1951,2,2,1,1,values_differ,one_label_one_source,4.5,94.1,49.3,0.523911,Luxembourg,fao1952
LUX-1839-2025,edible pig fat,1000 tonnes,1950,2,1,1,1,values_identical,one_label_one_source,1,1,1,1,Luxembourg,fao1952
LUX-1839-2025,edible pig fat,1000 tonnes,1951,2,1,1,1,values_identical,one_label_one_source,1,1,1,1,Luxembourg,fao1952
LUX-1839-2025,meat,1000 tonnes,1949,3,3,1,1,values_differ,one_label_one_source,5,16,10.666667,0.666667,Luxembourg,fao1952
LUX-1839-2025,meat,1000 tonnes,1950,3,3,1,1,values_differ,one_label_one_source,5,16,10.666667,0.666667,Luxembourg,fao1952
LUX-1839-2025,meat,1000 tonnes,1951,3,3,1,1,values_differ,one_label_one_source,5,16,10.666667,0.666667,Luxembourg,fao1952
LUX-1839-2025,other meat,1000 tonnes,1948,2,1,1,1,values_identical,one_label_one_source,0.2,0.2,0.2,1,Luxembourg,fao1952
LUX-1839-2025,other meat,1000 tonnes,1949,2,1,1,1,values_identical,one_label_one_source,0.2,0.2,0.2,1,Luxembourg,fao1952
LUX-1839-2025,other meat,1000 tonnes,1950,4,2,1,1,values_differ,one_label_one_source,0.2,1,0.4,0.4,Luxembourg,fao1952
LUX-1839-2025,other meat,1000 tonnes,1951,4,2,1,1,values_differ,one_label_one_source,0.2,1,0.4,0.4,Luxembourg,fao1952
LUX-1839-2025,pesticides arsenicals,tonnes,1949,2,2,1,1,values_differ,one_label_one_source,0.2,13,6.6,0.507692,Luxembourg,fao1952
LUX-1839-2025,pesticides arsenicals,tonnes,1950,2,2,1,1,values_differ,one_label_one_source,1,5,3,0.6,Luxembourg,fao1952
LUX-1839-2025,pesticides ddt,tonnes,1949,2,2,1,1,values_differ,one_label_one_source,5,18,11.5,0.638889,Luxembourg,fao1952
LUX-1839-2025,pesticides ddt,tonnes,1950,2,2,1,1,values_differ,one_label_one_source,1,15,8,0.533333,Luxembourg,fao1952
LUX-1839-2025,pesticides ddt,tonnes,1951,2,2,1,1,values_differ,one_label_one_source,15,17,16,0.941176,Luxembourg,fao1952
LUX-1839-2025,poultry,1000 heads,1949,4,4,1,1,values_differ,one_label_one_source,2,400,102.75,0.256875,Luxembourg,fao1952
LUX-1839-2025,poultry,1000 heads,1950,4,4,1,1,values_differ,one_label_one_source,2,399,102.5,0.256892,Luxembourg,fao1952
LUX-1839-2025,poultry,1000 heads,1951,4,4,1,1,values_differ,one_label_one_source,2,401,102.75,0.256234,Luxembourg,fao1952
LUX-1839-2025,r_fao_population_1952_10_18,1000 people,1951,4,4,1,1,values_differ,one_label_one_source,14,299,92.25,0.308528,Luxembourg,fao1952
MAN-1932-1945,horses mules asses,1000 heads,1937,3,3,1,1,values_differ,one_label_one_source,565,800,661.666667,0.827083,China Manchuria,fao1952
MAR-1911-1958,horses mules asses,1000 heads,1939,3,3,1,1,values_differ,one_label_one_source,147,604,312.666667,0.51766,French Morocco,fao1952
MAR-1911-1958,horses mules asses,1000 heads,1949,3,3,1,1,values_differ,one_label_one_source,144,615,308,0.500813,French Morocco,fao1952
MAR-1911-1958,horses mules asses,1000 heads,1950,3,3,1,1,values_differ,one_label_one_source,149,688,338.666667,0.492248,French Morocco,fao1952
MAR-1911-1958,horses mules asses,1000 heads,1951,3,3,1,1,values_differ,one_label_one_source,156,747,364.333333,0.487729,French Morocco,fao1952
MAR-1911-1958,meat,1000 tonnes,1949,4,4,1,1,values_differ,one_label_one_source,7,100,50,0.5,French Morocco,fao1952
MAR-1911-1958,meat,1000 tonnes,1950,4,4,1,1,values_differ,one_label_one_source,7,115,57.5,0.5,French Morocco,fao1952
MAR-1911-1958,meat,1000 tonnes,1951,4,4,1,1,values_differ,one_label_one_source,6,127,63.5,0.5,French Morocco,fao1952
MAR-1911-1958,other meat,1000 tonnes,1949,4,3,1,1,values_differ,one_label_one_source,0.8,8.6,2.85,0.331395,French Morocco,fao1952
MAR-1911-1958,other meat,1000 tonnes,1950,2,2,1,1,values_differ,one_label_one_source,0.8,1.2,1,0.833333,French Morocco,fao1952
MAR-1911-1958,other meat,1000 tonnes,1951,2,2,1,1,values_differ,one_label_one_source,1.1,1.5,1.3,0.866667,French Morocco,fao1952
MAR-1911-1958,pesticides arsenicals,tonnes,1949,3,3,1,1,values_differ,one_label_one_source,1,11,6.333333,0.575758,French Morocco,fao1952
MAR-1911-1958,pesticides arsenicals,tonnes,1950,3,3,1,1,values_differ,one_label_one_source,3,17,10,0.588235,French Morocco,fao1952
MAR-1911-1958,r_fao_population_1952_10_18,1000 people,1937,4,4,1,1,values_differ,one_label_one_source,16,6800,2335,0.343382,French Morocco,fao1952
MAR-1911-1958,r_fao_population_1952_10_18,1000 people,1951,4,4,1,1,values_differ,one_label_one_source,131,8500,2889.5,0.339941,French Morocco,fao1952
MASG-1946-1963,r_fao_population_1952_10_18,1000 people,1951,3,3,1,1,values_differ,one_label_one_source,347,1186,790.666667,0.666667,Malaya Federation of and Singapore,fao1952
MDG-1882-2025,horses mules asses,1000 heads,1939,2,2,1,1,values_differ,one_label_one_source,1,2,1.5,0.75,Madagascar,fao1952
MDG-1882-2025,meat,1000 tonnes,1949,3,3,1,1,values_differ,one_label_one_source,9,60,40,0.666667,Madagascar,fao1952
MDG-1882-2025,meat,1000 tonnes,1950,3,3,1,1,values_differ,one_label_one_source,9,52,34.666667,0.666667,Madagascar,fao1952
MDG-1882-2025,meat,1000 tonnes,1951,3,3,1,1,values_differ,one_label_one_source,7,53,35.333333,0.666667,Madagascar,fao1952
MDG-1882-2025,other meat,1000 tonnes,1948,2,2,1,1,values_differ,one_label_one_source,1,1.5,1.25,0.833333,Madagascar,fao1952
MDG-1882-2025,pesticides arsenicals,tonnes,1950,2,2,1,1,values_differ,one_label_one_source,0.2,1,0.6,0.6,Madagascar,fao1952
MDG-1882-2025,pesticides arsenicals,tonnes,1951,2,2,1,1,values_differ,one_label_one_source,0.2,1,0.6,0.6,Madagascar,fao1952
MDG-1882-2025,poultry,1000 heads,1949,4,4,1,1,values_differ,one_label_one_source,150,3000,987.5,0.329167,Madagascar,fao1952
MDG-1882-2025,poultry,1000 heads,1950,4,4,1,1,values_differ,one_label_one_source,150,3000,987.5,0.329167,Madagascar,fao1952
MEX-1848-2025,centrifugal sugar noncentrifugal cane sugar,1000 tonnes,1949,2,2,1,1,values_differ,one_label_one_source,150,628,389,0.619427,Mexico,fao1952
MEX-1848-2025,centrifugal sugar noncentrifugal cane sugar,1000 tonnes,1950,2,2,1,1,values_differ,one_label_one_source,150,705,427.5,0.606383,Mexico,fao1952
MEX-1848-2025,centrifugal sugar noncentrifugal cane sugar,1000 tonnes,1951,2,2,1,1,values_differ,one_label_one_source,150,732,441,0.602459,Mexico,fao1952
MEX-1848-2025,commercial nitrogenous fertilizers,1000 tonnes,1949,2,2,1,1,values_differ,one_label_one_source,3.4,3.8,3.6,0.947368,Mexico,fao1952
MEX-1848-2025,commercial nitrogenous fertilizers,1000 tonnes,1950,2,2,1,1,values_differ,one_label_one_source,12.5,13.1,12.8,0.977099,Mexico,fao1952
MEX-1848-2025,commercial nitrogenous fertilizers,1000 tonnes,1951,2,2,1,1,values_differ,one_label_one_source,15,16,15.5,0.96875,Mexico,fao1952
MEX-1848-2025,commercial phosphoric acid,1000 tonnes,1949,2,2,1,1,values_differ,one_label_one_source,4.3,4.6,4.45,0.967391,Mexico,fao1952
MEX-1848-2025,commercial phosphoric acid,1000 tonnes,1950,2,2,1,1,values_differ,one_label_one_source,7.5,7.9,7.7,0.974684,Mexico,fao1952
MEX-1848-2025,commercial phosphoric acid,1000 tonnes,1951,2,1,1,1,values_identical,one_label_one_source,8.5,8.5,8.5,1,Mexico,fao1952
MEX-1848-2025,horses mules asses,1000 heads,1940,3,3,1,1,values_differ,one_label_one_source,938,2509,1920.333333,0.765378,Mexico,fao1952
MEX-1848-2025,horses mules asses,1000 heads,1949,3,3,1,1,values_differ,one_label_one_source,1225,2722,2194.333333,0.806147,Mexico,fao1952
MEX-1848-2025,meat,1000 tonnes,1949,4,4,1,1,values_differ,one_label_one_source,12,201,100.5,0.5,Mexico,fao1952
MEX-1848-2025,r_fao_population_1952_10_18,1000 people,1937,4,4,1,1,values_differ,one_label_one_source,25,18737,6486.75,0.3462,Mexico,fao1952
MEX-1848-2025,r_fao_population_1952_10_18,1000 people,1951,4,4,1,1,values_differ,one_label_one_source,40,26332,8484.5,0.322213,Mexico,fao1952
MLT-1800-2025,horses mules asses,1000 heads,1939,3,1,1,1,values_identical,one_label_one_source,3,3,3,1,Malta,fao1952
MLT-1800-2025,horses mules asses,1000 heads,1949,3,3,1,1,values_differ,one_label_one_source,2,4,3,0.75,Malta,fao1952
MLT-1800-2025,horses mules asses,1000 heads,1950,3,2,1,1,values_differ,one_label_one_source,2,3,2.666667,0.888889,Malta,fao1952
MLT-1800-2025,horses mules asses,1000 heads,1951,3,2,1,1,values_differ,one_label_one_source,52,53,52.666667,0.993711,Malta,fao1952
MLT-1800-2025,meat,1000 tonnes,1949,3,3,1,1,values_differ,one_label_one_source,1,3,2,0.666667,Malta,fao1952
MLT-1800-2025,meat,1000 tonnes,1950,3,2,1,1,values_differ,one_label_one_source,2,4,2.666667,0.666667,Malta,fao1952
MLT-1800-2025,milk,1000 tonnes,1948,2,2,1,1,values_differ,one_label_one_source,2,16,9,0.5625,Malta,fao1952
MLT-1800-2025,milk,1000 tonnes,1949,2,2,1,1,values_differ,one_label_one_source,2,13,7.5,0.576923,Malta,fao1952
MLT-1800-2025,milk,1000 tonnes,1950,2,2,1,1,values_differ,one_label_one_source,3,18,10.5,0.583333,Malta,fao1952
MLT-1800-2025,other meat,1000 tonnes,1948,2,2,1,1,values_differ,one_label_one_source,0.1,0.4,0.25,0.625,Malta,fao1952
MLT-1800-2025,other meat,1000 tonnes,1949,2,2,1,1,values_differ,one_label_one_source,0.1,0.4,0.25,0.625,Malta,fao1952
MLT-1800-2025,other meat,1000 tonnes,1950,2,2,1,1,values_differ,one_label_one_source,0.1,0.4,0.25,0.625,Malta,fao1952
MLT-1800-2025,poultry,1000 heads,1950,3,3,1,1,values_differ,one_label_one_source,5,9857,3290.333333,0.333807,Malta,fao1952
MLT-1800-2025,poultry,1000 heads,1951,3,3,1,1,values_differ,one_label_one_source,5,971,328.333333,0.338139,Malta,fao1952
MMR-1885-2025,horses mules asses,1000 heads,1938,2,2,1,1,values_differ,one_label_one_source,1,51,26,0.509804,Burma,fao1952
MMR-1885-2025,horses mules asses,1000 heads,1949,2,2,1,1,values_differ,one_label_one_source,1,12,6.5,0.541667,Burma,fao1952
MMR-1885-2025,horses mules asses,1000 heads,1950,2,2,1,1,values_differ,one_label_one_source,1,12,6.5,0.541667,Burma,fao1952
MMR-1885-2025,meat,1000 tonnes,1950,3,3,1,1,values_differ,one_label_one_source,2,8,5.333333,0.666667,Burma,fao1952
MMR-1885-2025,meat,1000 tonnes,1951,3,3,1,1,values_differ,one_label_one_source,2,9,6,0.666667,Burma,fao1952
MMR-1885-2025,r_fao_population_1952_10_18,1000 people,1937,4,4,1,1,values_differ,one_label_one_source,1196,16033,6076.75,0.379015,Burma,fao1952
MOZ-1891-1975,poultry,1000 heads,1949,3,3,1,1,values_differ,one_label_one_source,4,69,27,0.391304,Mozambique,fao1952
MOZ-1891-1975,poultry,1000 heads,1950,3,3,1,1,values_differ,one_label_one_source,3,81,30.666667,0.378601,Mozambique,fao1952
MOZ-1891-1975,poultry,1000 heads,1951,3,3,1,1,values_differ,one_label_one_source,3,83,31.333333,0.37751,Mozambique,fao1952
MOZ-1891-1975,r_fao_population_1952_10_18,1000 people,1951,2,2,1,1,values_differ,one_label_one_source,2404,5781,4092.5,0.707923,Mozambique,fao1952
MTQ-1816-2025,horses mules asses,1000 heads,1949,2,2,1,1,values_differ,one_label_one_source,4,6,5,0.833333,Martinique,fao1952
MTQ-1816-2025,horses mules asses,1000 heads,1950,2,2,1,1,values_differ,one_label_one_source,4,5,4.5,0.9,Martinique,fao1952
MTQ-1816-2025,horses mules asses,1000 heads,1951,2,2,1,1,values_differ,one_label_one_source,4,5,4.5,0.9,Martinique,fao1952
MTQ-1816-2025,meat,1000 tonnes,1949,3,2,1,1,values_differ,one_label_one_source,1,2,1.333333,0.666667,Martinique,fao1952
MTQ-1816-2025,meat,1000 tonnes,1950,3,2,1,1,values_differ,one_label_one_source,1,2,1.333333,0.666667,Martinique,fao1952
MTQ-1816-2025,meat,1000 tonnes,1951,3,2,1,1,values_differ,one_label_one_source,1,2,1.333333,0.666667,Martinique,fao1952
MTQ-1816-2025,other meat,1000 tonnes,1948,2,1,1,1,values_identical,one_label_one_source,0.1,0.1,0.1,1,Martinique,fao1952
MTQ-1816-2025,other meat,1000 tonnes,1949,4,2,1,1,values_differ,one_label_one_source,0.1,0.2,0.125,0.625,Martinique,fao1952
MTQ-1816-2025,poultry,1000 heads,1949,3,3,1,1,values_differ,one_label_one_source,1,100,36.333333,0.363333,Marcinique,fao1952
MTQ-1816-2025,poultry,1000 heads,1950,3,3,1,1,values_differ,one_label_one_source,1,200,69,0.345,Marcinique,fao1952
MUS-1800-2025,phosphate rock,1000 tonnes,1950,2,2,1,1,values_differ,one_label_one_source,6,13,9.5,0.730769,Mauritius,fao1952
MUS-1800-2025,phosphate rock,1000 tonnes,1951,2,2,1,1,values_differ,one_label_one_source,6,13,9.5,0.730769,Mauritius,fao1952
MWI-1891-1953,other meat,1000 tonnes,1948,3,2,1,1,values_differ,one_label_one_source,0.1,0.3,0.233333,0.777777,Nyasaland,fao1952
MWI-1891-1953,other meat,1000 tonnes,1949,3,2,1,1,values_differ,one_label_one_source,0.1,0.3,0.233333,0.777777,Nyasaland,fao1952
MWI-1891-1953,other meat,1000 tonnes,1950,3,2,1,1,values_differ,one_label_one_source,0.1,0.3,0.233333,0.777777,Nyasaland,fao1952
MWI-1891-1953,r_fao_population_1952_10_18,1000 people,1951,2,2,1,1,values_differ,one_label_one_source,2078,2400,2239,0.932917,Nyasaland,fao1952
MYS-1946-1957,meat,1000 tonnes,1949,3,3,1,1,values_differ,one_label_one_source,5,23,15.333333,0.666667,Malaya Federation of,fao1952
MYS-1946-1957,meat,1000 tonnes,1950,3,3,1,1,values_differ,one_label_one_source,6,25,16.666667,0.666667,Malaya Federation of,fao1952
MYS-1946-1957,meat,1000 tonnes,1951,3,3,1,1,values_differ,one_label_one_source,5,24,16,0.666667,Malaya Federation of,fao1952
MYS-1946-1957,milk,1000 tonnes,1948,2,2,1,1,values_differ,one_label_one_source,2,14,8,0.571429,Malaya Federation of,fao1952
MYS-1946-1957,milk,1000 tonnes,1949,2,2,1,1,values_differ,one_label_one_source,1,7,4,0.571429,Malaya Federation of,fao1952
MYS-1946-1957,milk,1000 tonnes,1950,2,2,1,1,values_differ,one_label_one_source,1,9,5,0.555556,Malaya Federation of,fao1952
MYS-1946-1957,milk,1000 tonnes,1951,2,2,1,1,values_differ,one_label_one_source,1,9,5,0.555556,Malaya Federation of,fao1952
MYS-1946-1957,natural rubber,1000 tonnes,1949,3,3,1,1,values_differ,one_label_one_source,275,682.3,454.866667,0.666667,Federation of Malaya,fao1952
MYS-1946-1957,natural rubber,1000 tonnes,1950,3,3,1,1,values_differ,one_label_one_source,322.4,705.2,470.133333,0.666667,Federation of Malaya,fao1952
MYS-1946-1957,natural rubber,1000 tonnes,1951,3,3,1,1,values_differ,one_label_one_source,281,615.1,410.066667,0.666667,Federation of Malaya,fao1952
MYS-1946-1957,other meat,1000 tonnes,1948,2,2,1,1,values_differ,one_label_one_source,2.3,4.5,3.4,0.755556,Malaya Federation of,fao1952
MYS-1946-1957,other meat,1000 tonnes,1949,2,2,1,1,values_differ,one_label_one_source,2.3,4.5,3.4,0.755556,Malaya Federation of,fao1952
MYS-1946-1957,other meat,1000 tonnes,1950,2,2,1,1,values_differ,one_label_one_source,2.3,4.5,3.4,0.755556,Malaya Federation of,fao1952
NAM-1920-1990,horses mules asses,1000 heads,1939,3,3,1,1,values_differ,one_label_one_source,2,106,45.666667,0.430818,South West Africa,fao1952
NAM-1920-1990,horses mules asses,1000 heads,1949,3,3,1,1,values_differ,one_label_one_source,4,86,47.666667,0.554264,South West Africa,fao1952
NAM-1920-1990,horses mules asses,1000 heads,1950,3,3,1,1,values_differ,one_label_one_source,4,85,46.333333,0.545098,South West Africa,fao1952
NAM-1920-1990,horses mules asses,1000 heads,1951,3,3,1,1,values_differ,one_label_one_source,4,80,44,0.55,South West Africa,fao1952
NAM-1920-1990,meat,1000 tonnes,1949,3,3,1,1,values_differ,one_label_one_source,1,37,24.666667,0.666667,South West Africa,fao1952
NAM-1920-1990,meat,1000 tonnes,1950,4,3,1,1,values_differ,one_label_one_source,1,29,14.5,0.5,South West Africa,fao1952
NAM-1920-1990,meat,1000 tonnes,1951,4,3,1,1,values_differ,one_label_one_source,1,27,13.5,0.5,South West Africa,fao1952
NCL-1800-2025,other meat,1000 tonnes,1948,2,1,1,1,values_identical,one_label_one_source,0.2,0.2,0.2,1,New Caledonia,fao1952
NGA-1914-1960,horses mules asses,1000 heads,1937,2,2,1,1,values_differ,one_label_one_source,169,450,309.5,0.687778,Nigeria,fao1952
NGA-1914-1960,horses mules asses,1000 heads,1949,2,2,1,1,values_differ,one_label_one_source,164,579,371.5,0.641623,Nigeria,fao1952
NGA-1914-1960,horses mules asses,1000 heads,1950,2,2,1,1,values_differ,one_label_one_source,164,579,371.5,0.641623,Nigeria,fao1952
NGA-1914-1960,r_fao_population_1952_10_18,1000 people,1937,3,2,1,1,values_differ,one_label_one_source,6260,22100,11540,0.522172,Nigeria,fao1952
NIC-1800-2025,horses mules asses,1000 heads,1930,3,3,1,1,values_differ,one_label_one_source,2,150,64,0.426667,Nicaragua,fao1952
NIC-1800-2025,pesticides arsenicals,tonnes,1950,2,2,1,1,values_differ,one_label_one_source,7,23,15,0.652174,Nicaragua,fao1952
NIC-1800-2025,r_fao_population_1952_10_18,1000 people,1951,4,4,1,1,values_differ,one_label_one_source,10,258,151,0.585271,Nicaragua,fao1952
NLD-1830-2025,commercial nitrogenous fertilizers,1000 tonnes,1949,2,2,1,1,values_differ,one_label_one_source,112.6,143.2,127.9,0.893156,Netherlands,fao1952
NLD-1830-2025,commercial nitrogenous fertilizers,1000 tonnes,1950,2,2,1,1,values_differ,one_label_one_source,166,189.1,177.55,0.938921,Netherlands,fao1952
NLD-1830-2025,commercial nitrogenous fertilizers,1000 tonnes,1951,2,2,1,1,values_differ,one_label_one_source,160,226.5,193.25,0.853201,Netherlands,fao1952
NLD-1830-2025,commercial phosphoric acid,1000 tonnes,1949,2,2,1,1,values_differ,one_label_one_source,125,170,147.5,0.867647,Netherlands,fao1952
NLD-1830-2025,commercial phosphoric acid,1000 tonnes,1950,2,2,1,1,values_differ,one_label_one_source,120,166.4,143.2,0.860577,Netherlands,fao1952
NLD-1830-2025,commercial phosphoric acid,1000 tonnes,1951,2,2,1,1,values_differ,one_label_one_source,109,156.5,132.75,0.848243,Netherlands,fao1952
NLD-1830-2025,commercial potash fertilizers,1000 tonnes,1949,2,2,1,1,values_differ,one_label_one_source,1.4,153,77.2,0.504575,Netherlands,fao1952
NLD-1830-2025,commercial potash fertilizers,1000 tonnes,1950,2,2,1,1,values_differ,one_label_one_source,1.9,155,78.45,0.506129,Netherlands,fao1952
NLD-1830-2025,commercial potash fertilizers,1000 tonnes,1951,2,2,1,1,values_differ,one_label_one_source,1.8,158,79.9,0.505696,Netherlands,fao1952
NLD-1830-2025,dried milk,1000 tonnes,1949,2,2,1,1,values_differ,one_label_one_source,13,15,14,0.933333,Netherlands,fao1952
NLD-1830-2025,dried milk,1000 tonnes,1950,2,2,1,1,values_differ,one_label_one_source,14,41,27.5,0.670732,Netherlands,fao1952
NLD-1830-2025,dried milk,1000 tonnes,1951,2,2,1,1,values_differ,one_label_one_source,20,34,27,0.794118,Netherlands,fao1952
NLD-1830-2025,edible pig fat,1000 tonnes,1948,2,2,1,1,values_differ,one_label_one_source,6,20,13,0.65,Netherlands,fao1952
NLD-1830-2025,edible pig fat,1000 tonnes,1949,2,2,1,1,values_differ,one_label_one_source,7,38,22.5,0.592105,Netherlands,fao1952
NLD-1830-2025,edible pig fat,1000 tonnes,1950,2,2,1,1,values_differ,one_label_one_source,19,55,37,0.672727,Netherlands,fao1952
NLD-1830-2025,edible pig fat,1000 tonnes,1951,2,2,1,1,values_differ,one_label_one_source,13,61,37,0.606557,Netherlands,fao1952
NLD-1830-2025,meat,1000 tonnes,1949,4,4,1,1,values_differ,one_label_one_source,7,211,105.5,0.5,Netherlands,fao1952
NLD-1830-2025,meat,1000 tonnes,1950,4,4,1,1,values_differ,one_label_one_source,10,320,160,0.5,Netherlands,fao1952
NLD-1830-2025,meat,1000 tonnes,1951,4,4,1,1,values_differ,one_label_one_source,4,374,187,0.5,Netherlands,fao1952
NLD-1830-2025,other meat,1000 tonnes,1948,3,3,1,1,values_differ,one_label_one_source,3.5,15.9,9.8,0.616352,Netherlands,fao1952
NLD-1830-2025,other meat,1000 tonnes,1949,3,3,1,1,values_differ,one_label_one_source,5.9,19,12.4,0.652632,Netherlands,fao1952
NLD-1830-2025,other meat,1000 tonnes,1950,3,3,1,1,values_differ,one_label_one_source,7.3,30.3,16.133333,0.532453,Netherlands,fao1952
NLD-1830-2025,other meat,1000 tonnes,1951,3,3,1,1,values_differ,one_label_one_source,10,35.9,20.066667,0.55896,Netherlands,fao1952
NLD-1830-2025,pesticides arsenicals,tonnes,1949,3,3,1,1,values_differ,one_label_one_source,2,80,44,0.55,Netherlands,fao1952
NLD-1830-2025,pesticides arsenicals,tonnes,1950,3,3,1,1,values_differ,one_label_one_source,1,200,83.666667,0.418333,Netherlands,fao1952
NLD-1830-2025,pesticides arsenicals,tonnes,1951,2,2,1,1,values_differ,one_label_one_source,1,100,50.5,0.505,Netherlands,fao1952
NLD-1830-2025,poultry,1000 heads,1949,2,2,1,1,values_differ,one_label_one_source,388,9335,4861.5,0.520782,Netherlands,fao1952
NLD-1830-2025,poultry,1000 heads,1950,2,2,1,1,values_differ,one_label_one_source,526,10486,5506,0.525081,Netherlands,fao1952
NLD-1830-2025,poultry,1000 heads,1951,2,2,1,1,values_differ,one_label_one_source,528,12449,6488.5,0.521207,Netherlands,fao1952
NLD-1830-2025,r_fao_population_1952_10_18,1000 people,1937,4,4,1,1,values_differ,one_label_one_source,109,8598,2469,0.28716,Netherlands,fao1952
NLD-1830-2025,r_fao_population_1952_10_18,1000 people,1951,5,5,1,1,values_differ,one_label_one_source,60,10264,2368,0.230709,Netherlands,fao1952
NOR-1800-2025,cheese,1000 tonnes,1949,3,2,1,1,values_differ,one_label_one_source,3,9,7,0.777778,Norway,fao1952
NOR-1800-2025,cheese,1000 tonnes,1950,3,3,1,1,values_differ,one_label_one_source,6,12,9.666667,0.805556,Norway,fao1952
NOR-1800-2025,cheese,1000 tonnes,1951,2,2,1,1,values_differ,one_label_one_source,6,26,16,0.615385,Norway,fao1952
NOR-1800-2025,commercial nitrogenous fertilizers,1000 tonnes,1949,2,2,1,1,values_differ,one_label_one_source,36.9,150,93.45,0.623,Norway,fao1952
NOR-1800-2025,commercial nitrogenous fertilizers,1000 tonnes,1950,2,2,1,1,values_differ,one_label_one_source,30.7,160.7,95.7,0.59552,Norway,fao1952
NOR-1800-2025,commercial nitrogenous fertilizers,1000 tonnes,1951,2,2,1,1,values_differ,one_label_one_source,32,159.4,95.7,0.600376,Norway,fao1952
NOR-1800-2025,commercial phosphoric acid,1000 tonnes,1949,2,2,1,1,values_differ,one_label_one_source,13.9,37,25.45,0.687838,Norway,fao1952
NOR-1800-2025,commercial phosphoric acid,1000 tonnes,1950,2,2,1,1,values_differ,one_label_one_source,19,34.2,26.6,0.777778,Norway,fao1952
NOR-1800-2025,commercial phosphoric acid,1000 tonnes,1951,2,2,1,1,values_differ,one_label_one_source,19.8,35,27.4,0.782857,Norway,fao1952
NOR-1800-2025,meat,1000 tonnes,1949,4,4,1,1,values_differ,one_label_one_source,15,90,45,0.5,Norway,fao1952
NOR-1800-2025,meat,1000 tonnes,1950,4,4,1,1,values_differ,one_label_one_source,14,102,51,0.5,Norway,fao1952
NOR-1800-2025,meat,1000 tonnes,1951,4,4,1,1,values_differ,one_label_one_source,15,97,48.5,0.5,Norway,fao1952
NOR-1800-2025,other meat,1000 tonnes,1948,4,4,1,1,values_differ,one_label_one_source,2,4,2.775,0.69375,Norway,fao1952
NOR-1800-2025,other meat,1000 tonnes,1949,4,4,1,1,values_differ,one_label_one_source,2,7,3.55,0.507143,Norway,fao1952
NOR-1800-2025,other meat,1000 tonnes,1950,4,3,1,1,values_differ,one_label_one_source,2,7,3.4,0.485714,Norway,fao1952
NOR-1800-2025,other meat,1000 tonnes,1951,4,3,1,1,values_differ,one_label_one_source,2,7,3.325,0.475,Norway,fao1952
NOR-1800-2025,pesticides sulphur dust,tonnes,1949,2,2,1,1,values_differ,one_label_one_source,100,250,175,0.7,Norway,fao1952
NOR-1800-2025,pesticides sulphur dust,tonnes,1950,2,2,1,1,values_differ,one_label_one_source,130,260,195,0.75,Norway,fao1952
NOR-1800-2025,pesticides sulphur dust,tonnes,1951,2,2,1,1,values_differ,one_label_one_source,116,290,203,0.7,Norway,fao1952
NOR-1800-2025,poultry,1000 heads,1949,4,4,1,1,values_differ,one_label_one_source,13,6742,1698.25,0.251891,Norway,fao1952
NOR-1800-2025,r_fao_population_1952_10_18,1000 people,1937,5,5,1,1,values_differ,one_label_one_source,40,2919,1023.4,0.3506,Norway,fao1952
NOR-1800-2025,r_fao_population_1952_10_18,1000 people,1951,5,5,1,1,values_differ,one_label_one_source,40,3294,1018.6,0.309229,Norway,fao1952
NRH-1911-1953,meat,1000 tonnes,1949,3,3,1,1,values_differ,one_label_one_source,1,11,7.333333,0.666667,Northern Rhodesia,fao1952
NRH-1911-1953,meat,1000 tonnes,1950,2,2,1,1,values_differ,one_label_one_source,1,10,5.5,0.55,Northern Rhodesia,fao1952
NRH-1911-1953,meat,1000 tonnes,1951,3,2,1,1,values_differ,one_label_one_source,11,12,11.333333,0.944444,Northern Rhodesia,fao1952
NRH-1911-1953,r_fao_population_1952_10_18,1000 people,1951,2,2,1,1,values_differ,one_label_one_source,1420,1947,1683.5,0.864664,Northern Rhodesia,fao1952
NRU-1888-2025,phosphate rock,1000 tonnes,1949,2,2,1,1,values_differ,one_label_one_source,489,1286,887.5,0.690124,Nauru,fao1952
NRU-1888-2025,phosphate rock,1000 tonnes,1950,2,2,1,1,values_differ,one_label_one_source,434,1170,802,0.68547,Nauru,fao1952
NRU-1888-2025,phosphate rock,1000 tonnes,1951,2,2,1,1,values_differ,one_label_one_source,505,1330,917.5,0.68985,Nauru,fao1952
NZL-1840-2025,commercial nitrogenous fertilizers,1000 tonnes,1949,2,2,1,1,values_differ,one_label_one_source,2.2,2.8,2.5,0.892857,New Zealand,fao1952
NZL-1840-2025,commercial nitrogenous fertilizers,1000 tonnes,1950,2,2,1,1,values_differ,one_label_one_source,2.2,3.3,2.75,0.833333,New Zealand,fao1952
NZL-1840-2025,commercial nitrogenous fertilizers,1000 tonnes,1951,2,1,1,1,values_identical,one_label_one_source,2.2,2.2,2.2,1,New Zealand,fao1952
NZL-1840-2025,commercial phosphoric acid,1000 tonnes,1949,2,2,1,1,values_differ,one_label_one_source,135.2,144.4,139.8,0.968144,New Zealand,fao1952
NZL-1840-2025,commercial phosphoric acid,1000 tonnes,1950,2,2,1,1,values_differ,one_label_one_source,130.8,143.5,137.15,0.955749,New Zealand,fao1952
NZL-1840-2025,commercial phosphoric acid,1000 tonnes,1951,2,2,1,1,values_differ,one_label_one_source,122.5,132.2,127.35,0.963313,New Zealand,fao1952
NZL-1840-2025,meat,1000 tonnes,1949,4,4,1,1,values_differ,one_label_one_source,40,543,271.5,0.5,New Zealand,fao1952
NZL-1840-2025,meat,1000 tonnes,1950,4,4,1,1,values_differ,one_label_one_source,40,565,282.5,0.5,New Zealand,fao1952
NZL-1840-2025,meat,1000 tonnes,1951,4,4,1,1,values_differ,one_label_one_source,40,517,258.5,0.5,New Zealand,fao1952
NZL-1840-2025,other meat,1000 tonnes,1948,4,4,1,1,values_differ,one_label_one_source,0.2,22.2,7.375,0.332207,New Zealand,fao1952
NZL-1840-2025,other meat,1000 tonnes,1949,3,3,1,1,values_differ,one_label_one_source,0.2,21.6,8.8,0.407407,New Zealand,fao1952
NZL-1840-2025,other meat,1000 tonnes,1950,3,3,1,1,values_differ,one_label_one_source,1.5,21.7,8.866667,0.408602,New Zealand,fao1952
NZL-1840-2025,other meat,1000 tonnes,1951,3,3,1,1,values_differ,one_label_one_source,1.9,21.8,9.066667,0.415902,New Zealand,fao1952
NZL-1840-2025,pesticides arsenicals,tonnes,1949,3,3,1,1,values_differ,one_label_one_source,4,160,81.666667,0.510417,New Zealand,fao1952
NZL-1840-2025,pesticides arsenicals,tonnes,1950,3,3,1,1,values_differ,one_label_one_source,5,170,88.666667,0.521569,New Zealand,fao1952
NZL-1840-2025,pesticides arsenicals,tonnes,1951,3,3,1,1,values_differ,one_label_one_source,5,180,91.333333,0.507407,New Zealand,fao1952
NZL-1840-2025,pesticides sulphur dust,tonnes,1949,2,2,1,1,values_differ,one_label_one_source,113,127,120,0.944882,New Zealand,fao1952
NZL-1840-2025,pesticides white refined other refined oil,hectoliters,1949,2,2,1,1,values_differ,one_label_one_source,136,2273,1204.5,0.529916,New Zealand,fao1952
NZL-1840-2025,pesticides white refined other refined oil,hectoliters,1950,2,2,1,1,values_differ,one_label_one_source,136,2273,1204.5,0.529916,New Zealand,fao1952
NZL-1840-2025,pesticides white refined other refined oil,hectoliters,1951,2,2,1,1,values_differ,one_label_one_source,1136,2273,1704.5,0.74989,New Zealand,fao1952
NZL-1840-2025,poultry,1000 heads,1951,4,4,1,1,values_differ,one_label_one_source,51,3829,1049.75,0.274158,New Zealand,fao1952
NZL-1840-2025,r_fao_population_1952_10_18,1000 people,1937,5,5,1,1,values_differ,one_label_one_source,6,1587,446.6,0.281411,New Zealand,fao1952
NZL-1840-2025,r_fao_population_1952_10_18,1000 people,1951,5,5,1,1,values_differ,one_label_one_source,11,1947,511.4,0.262661,New Zealand,fao1952
PAK-1937-1947,horses mules asses,1000 heads,1940,3,3,1,1,values_differ,one_label_one_source,33,934,502.333333,0.53783,Pakistan,fao1952
PAK-1947-1949,milk,1000 tonnes,1948,2,2,1,1,values_differ,one_label_one_source,2476,3340,2908,0.870659,Pakistan,fao1952
PAK-1949-1971,centrifugal sugar noncentrifugal cane sugar,1000 tonnes,1949,3,3,1,1,values_differ,one_label_one_source,45,762,307.333333,0.403325,Pakistan,fao1952
PAK-1949-1971,centrifugal sugar noncentrifugal cane sugar,1000 tonnes,1950,3,3,1,1,values_differ,one_label_one_source,50,726,297,0.409091,Pakistan,fao1952
PAK-1949-1971,centrifugal sugar noncentrifugal cane sugar,1000 tonnes,1951,3,3,1,1,values_differ,one_label_one_source,87,726,309.333333,0.426079,Pakistan,fao1952
PAK-1949-1971,commercial nitrogenous fertilizers,1000 tonnes,1949,2,2,1,1,values_differ,one_label_one_source,4.1,7.2,5.65,0.784722,Pakistan,fao1952
PAK-1949-1971,commercial nitrogenous fertilizers,1000 tonnes,1950,2,2,1,1,values_differ,one_label_one_source,4.3,6,5.15,0.858333,Pakistan,fao1952
PAK-1949-1971,commercial phosphoric acid,1000 tonnes,1949,2,1,1,1,values_identical,one_label_one_source,0.2,0.2,0.2,1,Pakistan,fao1952
PAK-1949-1971,commercial phosphoric acid,1000 tonnes,1950,2,2,1,1,values_differ,one_label_one_source,0.1,0.2,0.15,0.75,Pakistan,fao1952
PAK-1949-1971,horses mules asses,1000 heads,1950,3,3,1,1,values_differ,one_label_one_source,41,913,474.666667,0.519898,Pakistan,fao1952
PAK-1949-1971,meat,1000 tonnes,1950,3,3,1,1,values_differ,one_label_one_source,61,264,176,0.666667,Pakistan,fao1952
PAK-1949-1971,milk,1000 tonnes,1949,2,2,1,1,values_differ,one_label_one_source,2476,3340,2908,0.870659,Pakistan,fao1952
PAK-1949-1971,milk,1000 tonnes,1950,2,2,1,1,values_differ,one_label_one_source,2476,3340,2908,0.870659,Pakistan,fao1952
PAK-1949-1971,pesticides arsenicals,tonnes,1950,2,2,1,1,values_differ,one_label_one_source,2,11,6.5,0.590909,Pakistan,fao1952
PAK-1949-1971,poultry,1000 heads,1950,4,4,1,1,values_differ,one_label_one_source,1,22248,6843.25,0.307589,Pakistan,fao1952
PAL-1920-1948,horses mules asses,1000 heads,1937,3,3,1,1,values_differ,one_label_one_source,9,92,40.333333,0.438406,Palestine,fao1952
PAL-1920-1948,r_fao_population_1952_10_18,1000 people,1937,3,3,2,1,values_differ,several_labels_one_source,385,576,449,0.779514,Israel | Palestine,fao1952
PAN-1903-1979,horses mules asses,1000 heads,1951,2,2,1,1,values_differ,one_label_one_source,5,158,81.5,0.515823,Panama,fao1952
PAN-1903-1979,poultry,1000 heads,1951,3,3,1,1,values_differ,one_label_one_source,23,1634,581,0.355569,Panama,fao1952
PAN-1903-1979,r_fao_population_1952_10_18,1000 people,1937,4,4,1,1,values_differ,one_label_one_source,6,575,198.25,0.344783,Panama,fao1952
PAN-1903-1979,r_fao_population_1952_10_18,1000 people,1951,4,4,1,1,values_differ,one_label_one_source,8,817,270.25,0.330783,Panama,fao1952
PER-1922-1942,horses mules asses,1000 heads,1929,3,3,1,1,values_differ,one_label_one_source,70,432,232.333333,0.537809,Peru,fao1952
PER-1942-2025,centrifugal sugar noncentrifugal cane sugar,1000 tonnes,1949,2,2,1,1,values_differ,one_label_one_source,24,427,225.5,0.528103,Peru,fao1952
PER-1942-2025,centrifugal sugar noncentrifugal cane sugar,1000 tonnes,1950,2,2,1,1,values_differ,one_label_one_source,26,464,245,0.528017,Peru,fao1952
PER-1942-2025,centrifugal sugar noncentrifugal cane sugar,1000 tonnes,1951,2,2,1,1,values_differ,one_label_one_source,22,462,242,0.52381,Peru,fao1952
PER-1942-2025,cheese,1000 tonnes,1949,2,2,1,1,values_differ,one_label_one_source,1,8,4.5,0.5625,Peru,fao1952
PER-1942-2025,commercial nitrogenous fertilizers,1000 tonnes,1949,2,2,1,1,values_differ,one_label_one_source,34.2,36.4,35.3,0.96978,Peru,fao1952
PER-1942-2025,commercial nitrogenous fertilizers,1000 tonnes,1950,2,2,1,1,values_differ,one_label_one_source,35.4,37.7,36.55,0.969496,Peru,fao1952
PER-1942-2025,commercial nitrogenous fertilizers,1000 tonnes,1951,2,2,1,1,values_differ,one_label_one_source,36,39.6,37.8,0.954545,Peru,fao1952
PER-1942-2025,commercial phosphoric acid,1000 tonnes,1949,2,1,1,1,values_identical,one_label_one_source,22.8,22.8,22.8,1,Peru,fao1952
PER-1942-2025,commercial phosphoric acid,1000 tonnes,1950,2,1,1,1,values_identical,one_label_one_source,24,24,24,1,Peru,fao1952
PER-1942-2025,commercial phosphoric acid,1000 tonnes,1951,2,2,1,1,values_differ,one_label_one_source,25,25.4,25.2,0.992126,Peru,fao1952
PER-1942-2025,commercial potash fertilizers,1000 tonnes,1949,2,2,1,1,values_differ,one_label_one_source,5.9,6,5.95,0.991667,Peru,fao1952
PER-1942-2025,commercial potash fertilizers,1000 tonnes,1950,2,2,1,1,values_differ,one_label_one_source,6.1,6.2,6.15,0.991935,Peru,fao1952
PER-1942-2025,commercial potash fertilizers,1000 tonnes,1951,2,1,1,1,values_identical,one_label_one_source,6.5,6.5,6.5,1,Peru,fao1952
PER-1942-2025,edible pig fat,1000 tonnes,1948,2,2,1,1,values_differ,one_label_one_source,4,8,6,0.75,Peru,fao1952
PER-1942-2025,horses mules asses,1000 heads,1949,3,3,1,1,values_differ,one_label_one_source,150,518,367,0.708494,Peru,fao1952
PER-1942-2025,horses mules asses,1000 heads,1950,3,3,1,1,values_differ,one_label_one_source,159,550,380.333333,0.691515,Peru,fao1952
PER-1942-2025,horses mules asses,1000 heads,1951,3,3,1,1,values_differ,one_label_one_source,140,500,357.333333,0.714667,Peru,fao1952
PER-1942-2025,meat,1000 tonnes,1951,4,4,1,1,values_differ,one_label_one_source,12,95,47.5,0.5,Peru,fao1952
PER-1942-2025,pesticides arsenicals,tonnes,1949,2,2,1,1,values_differ,one_label_one_source,46,403,224.5,0.557072,Peru,fao1952
PER-1942-2025,pesticides arsenicals,tonnes,1951,2,2,1,1,values_differ,one_label_one_source,4,710,357,0.502817,Peru,fao1952
PER-1942-2025,r_fao_population_1952_10_18,1000 people,1951,4,4,1,1,values_differ,one_label_one_source,484,8558,2905,0.339448,Peru,fao1952
PHL-1800-2025,centrifugal sugar noncentrifugal cane sugar,1000 tonnes,1949,2,2,1,1,values_differ,one_label_one_source,33,621,327,0.52657,Philippines,fao1952
PHL-1800-2025,centrifugal sugar noncentrifugal cane sugar,1000 tonnes,1950,2,2,1,1,values_differ,one_label_one_source,36,848,442,0.521226,Philippines,fao1952
PHL-1800-2025,centrifugal sugar noncentrifugal cane sugar,1000 tonnes,1951,2,2,1,1,values_differ,one_label_one_source,45,973,509,0.523124,Philippines,fao1952
PHL-1800-2025,meat,1000 tonnes,1949,4,4,1,1,values_differ,one_label_one_source,1,104,52,0.5,Philippines,fao1952
PHL-1800-2025,meat,1000 tonnes,1950,4,4,1,1,values_differ,one_label_one_source,1,135,67.5,0.5,Philippines,fao1952
PHL-1800-2025,meat,1000 tonnes,1951,4,4,1,1,values_differ,one_label_one_source,2,144,72,0.5,Philippines,fao1952
PHL-1800-2025,other meat,1000 tonnes,1948,2,2,1,1,values_differ,one_label_one_source,1,29.8,15.4,0.516779,Philippines,fao1952
PHL-1800-2025,other meat,1000 tonnes,1949,2,2,1,1,values_differ,one_label_one_source,1.1,40.3,20.7,0.513648,Philippines,fao1952
PHL-1800-2025,pesticides arsenicals,tonnes,1949,4,4,1,1,values_differ,one_label_one_source,0.2,9,4.15,0.461111,Philippines,fao1952
PHL-1800-2025,pesticides arsenicals,tonnes,1950,2,2,1,1,values_differ,one_label_one_source,8,19,13.5,0.710526,Philippines,fao1952
PHL-1800-2025,pesticides arsenicals,tonnes,1951,2,2,1,1,values_differ,one_label_one_source,6,16,11,0.6875,Philippines,fao1952
PHL-1800-2025,pesticides copper sulphate,tonnes,1950,2,2,1,1,values_differ,one_label_one_source,0.2,1,0.6,0.6,Philippines,fao1952
PHL-1800-2025,pesticides copper sulphate,tonnes,1951,2,2,1,1,values_differ,one_label_one_source,0.2,3,1.6,0.533333,Philippines,fao1952
PHL-1800-2025,pesticides ddt,tonnes,1949,2,2,1,1,values_differ,one_label_one_source,1,2,1.5,0.75,Philippines,fao1952
PHL-1800-2025,pesticides ddt,tonnes,1950,2,2,1,1,values_differ,one_label_one_source,1,5,3,0.6,Philippines,fao1952
PHL-1800-2025,pesticides ddt,tonnes,1951,2,2,1,1,values_differ,one_label_one_source,2,6,4,0.666667,Philippines,fao1952
PHL-1800-2025,poultry,1000 heads,1949,4,3,1,1,values_differ,one_label_one_source,31,20359,5293,0.259983,Philippines,fao1952
PHL-1800-2025,poultry,1000 heads,1950,4,4,1,1,values_differ,one_label_one_source,32,27364,7096.75,0.259346,Philippines,fao1952
PHL-1800-2025,poultry,1000 heads,1951,4,4,1,1,values_differ,one_label_one_source,34,32122,8075.25,0.251393,Philippines,fao1952
PHL-1800-2025,r_fao_population_1952_10_18,1000 people,1937,4,4,1,1,values_differ,one_label_one_source,1269,15445,6086.75,0.394092,Philippines,fao1952
PHL-1800-2025,r_fao_population_1952_10_18,1000 people,1951,4,4,1,1,values_differ,one_label_one_source,1568,20246,7698,0.380223,Philippines,fao1952
PNG-1949-1975,crawler tractors agriculture,number,1950,2,1,2,1,values_identical,several_labels_one_source,8,8,8,1,New Guinea | Papua,fao1952
PNG-1949-1975,cropa,1000 tonnes,1950,2,2,2,1,values_differ,several_labels_one_source,12.6,58.5,35.55,0.607692,New Guinea | Papua,fao1952
PNG-1949-1975,cropa,1000 tonnes,1951,2,2,2,1,values_differ,several_labels_one_source,13.2,60.8,37,0.608553,New Guinea | Papua,fao1952
PNG-1949-1975,natural rubber,1000 tonnes,1950,2,2,2,1,values_differ,several_labels_one_source,0.3,2.1,1.2,0.571429,New Guinea | Papua,fao1952
PNG-1949-1975,natural rubber,1000 tonnes,1951,2,2,2,1,values_differ,several_labels_one_source,0.1,2.6,1.35,0.519231,New Guinea | Papua,fao1952
PNG-1949-1975,r_fao_population_1952_10_18,1000 people,1951,2,2,2,1,values_differ,several_labels_one_source,369,1103,736,0.667271,New Guinea | Papua,fao1952
PNG-1949-1975,total tractors agriculture,number,1950,2,2,2,1,values_differ,several_labels_one_source,26,40,33,0.825,New Guinea | Papua,fao1952
PNG-1949-1975,tractors all purposes,number,1950,2,2,2,1,values_differ,several_labels_one_source,26,40,33,0.825,New Guinea | Papua,fao1952
PNG-1949-1975,wheel tractors agriculture,number,1950,2,2,2,1,values_differ,several_labels_one_source,18,32,25,0.78125,New Guinea | Papua,fao1952
POL-1921-1945,r_fao_population_1952_10_18,1000 people,1937,5,5,1,1,values_differ,one_label_one_source,706,31600,10329.6,0.326886,Poland,fao1952
POL-1945-2025,commercial nitrogenous fertilizers,1000 tonnes,1949,2,2,1,1,values_differ,one_label_one_source,60,70,65,0.928571,Poland,fao1952
POL-1945-2025,commercial nitrogenous fertilizers,1000 tonnes,1950,2,2,1,1,values_differ,one_label_one_source,65,75.6,70.3,0.929894,Poland,fao1952
POL-1945-2025,commercial nitrogenous fertilizers,1000 tonnes,1951,2,2,1,1,values_differ,one_label_one_source,65,75,70,0.933333,Poland,fao1952
POL-1945-2025,commercial phosphoric acid,1000 tonnes,1949,2,2,1,1,values_differ,one_label_one_source,50,55,52.5,0.954545,Poland,fao1952
POL-1945-2025,commercial phosphoric acid,1000 tonnes,1950,2,2,1,1,values_differ,one_label_one_source,50,60,55,0.916667,Poland,fao1952
POL-1945-2025,commercial phosphoric acid,1000 tonnes,1951,2,2,1,1,values_differ,one_label_one_source,50,60,55,0.916667,Poland,fao1952
POL-1945-2025,poultry,1000 heads,1949,4,4,1,1,values_differ,one_label_one_source,915,42909,12351.5,0.287853,Poland,fao1952
POL-1945-2025,r_fao_population_1952_10_18,1000 people,1951,2,2,1,1,values_differ,one_label_one_source,772,24977,12874.5,0.515454,Poland,fao1952
PRI-1800-2025,horses mules asses,1000 heads,1935,3,3,1,1,values_differ,one_label_one_source,3,43,17,0.395349,Puerto Rico,fao1952
PRI-1800-2025,horses mules asses,1000 heads,1949,3,3,1,1,values_differ,one_label_one_source,3,39,15.666667,0.401709,Puerto Rico,fao1952
PRI-1800-2025,horses mules asses,1000 heads,1950,3,3,1,1,values_differ,one_label_one_source,3,36,14.333333,0.398148,Puerto Rico,fao1952
PRI-1800-2025,horses mules asses,1000 heads,1951,3,3,1,1,values_differ,one_label_one_source,2,33,13,0.393939,Puerto Rico,fao1952
PRI-1800-2025,meat,1000 tonnes,1949,3,3,1,1,values_differ,one_label_one_source,5,12,8,0.666667,Puerto Rico,fao1952
PRI-1800-2025,meat,1000 tonnes,1950,3,3,1,1,values_differ,one_label_one_source,9,19,12.666667,0.666667,Puerto Rico,fao1952
PRI-1800-2025,r_fao_population_1952_10_18,1000 people,1937,4,4,1,1,values_differ,one_label_one_source,12,1777,576.25,0.324282,Puerto Rico,fao1952
PRI-1800-2025,r_fao_population_1952_10_18,1000 people,1951,4,4,1,1,values_differ,one_label_one_source,13,2254,688.5,0.305457,Puerto Rico,fao1952
PRK-1948-2025,commercial nitrogenous fertilizers,1000 tonnes,1949,2,2,1,1,values_differ,one_label_one_source,10,30,20,0.666667,Korea North,fao1952
PRT-1800-2025,commercial phosphoric acid,1000 tonnes,1950,2,2,1,1,values_differ,one_label_one_source,57,71.5,64.25,0.898601,Portugal,fao1952
PRT-1800-2025,commercial phosphoric acid,1000 tonnes,1951,2,2,1,1,values_differ,one_label_one_source,60,72,66,0.916667,Portugal,fao1952
PRT-1800-2025,horses mules asses,1000 heads,1934,3,3,1,1,values_differ,one_label_one_source,86,268,158,0.589552,Portugal,fao1952
PRT-1800-2025,meat,1000 tonnes,1949,4,4,1,1,values_differ,one_label_one_source,11,81,40.5,0.5,Portugal,fao1952
PRT-1800-2025,meat,1000 tonnes,1950,4,3,1,1,values_differ,one_label_one_source,13,75,37.5,0.5,Portugal,fao1952
PRT-1800-2025,meat,1000 tonnes,1951,4,4,1,1,values_differ,one_label_one_source,11,72,36,0.5,Portugal,fao1952
PRT-1800-2025,other meat,1000 tonnes,1948,2,2,1,1,values_differ,one_label_one_source,0.4,72.5,36.45,0.502759,Portugal,fao1952
PRT-1800-2025,other meat,1000 tonnes,1949,2,2,1,1,values_differ,one_label_one_source,0.5,81.1,40.8,0.503083,Portugal,fao1952
PRT-1800-2025,other meat,1000 tonnes,1950,2,2,1,1,values_differ,one_label_one_source,0.6,75.5,38.05,0.503974,Portugal,fao1952
PRT-1800-2025,r_fao_population_1952_10_18,1000 people,1937,5,5,1,1,values_differ,one_label_one_source,643,19347,6043.4,0.312369,Portugal,fao1952
PRT-1800-2025,r_fao_population_1952_10_18,1000 people,1951,4,4,1,1,values_differ,one_label_one_source,221,8606,2861,0.332442,Portugal,fao1952
PRY-1932-1938,horses mules asses,1000 heads,1936,3,3,1,1,values_differ,one_label_one_source,7,198,71.333333,0.360269,Paraguay,fao1952
PYF-1800-2025,phosphate rock,1000 tonnes,1949,2,2,1,1,values_differ,one_label_one_source,30,84,57,0.678571,Makatea,fao1952
PYF-1800-2025,phosphate rock,1000 tonnes,1950,2,2,1,1,values_differ,one_label_one_source,100,273,186.5,0.68315,Makatea,fao1952
PYF-1800-2025,phosphate rock,1000 tonnes,1951,2,2,1,1,values_differ,one_label_one_source,80,219,149.5,0.682648,Makatea,fao1952
PYF-1800-2025,poultry,1000 heads,1949,2,2,1,1,values_differ,one_label_one_source,30,100,65,0.65,French Oceania,fao1952
PYF-1800-2025,poultry,1000 heads,1950,2,2,1,1,values_differ,one_label_one_source,30,100,65,0.65,French Oceania,fao1952
REU-1816-1946,horses mules asses,1000 heads,1936,3,2,1,1,values_differ,one_label_one_source,1,2,1.333333,0.666667,Réunion,fao1952
REU-1946-2025,meat,1000 tonnes,1950,3,2,1,1,values_differ,one_label_one_source,1,2,1.333333,0.666667,Réunion,fao1952
REU-1946-2025,meat,1000 tonnes,1951,2,1,1,1,values_identical,one_label_one_source,1,1,1,1,Réunion,fao1952
ROU-1920-1940,horses mules asses,1000 heads,1939,3,3,1,1,values_differ,one_label_one_source,2,2042,686,0.335945,Romania,fao1952
ROU-1920-1940,r_fao_population_1952_10_18,1000 people,1937,5,5,1,1,values_differ,one_label_one_source,3097,15512,6989.8,0.450606,Romania,fao1952
ROU-1947-2025,r_fao_population_1952_10_18,1000 people,1951,2,2,1,1,values_differ,one_label_one_source,3059,16200,9629.5,0.594414,Romania,fao1952
RWB-1922-1962,meat,1000 tonnes,1949,3,3,1,1,values_differ,one_label_one_source,1,8,5.333333,0.666667,Ruanda-Urundi,fao1952
RWB-1922-1962,meat,1000 tonnes,1950,3,3,1,1,values_differ,one_label_one_source,2,12,8,0.666667,Ruanda-Urundi,fao1952
RWB-1922-1962,meat,1000 tonnes,1951,3,3,1,1,values_differ,one_label_one_source,2,12,8,0.666667,Ruanda-Urundi,fao1952
RYU-1945-1972,pesticides arsenicals,tonnes,1950,2,2,1,1,values_differ,one_label_one_source,1,9,5,0.555556,Ryukyu Islands,fao1952
RYU-1945-1972,pesticides arsenicals,tonnes,1951,2,2,1,1,values_differ,one_label_one_source,1,9,5,0.555556,Ryukyu Islands,fao1952
RYU-1945-1972,r_fao_population_1952_10_18,1000 people,1951,4,4,1,1,values_differ,one_label_one_source,129,929,366.75,0.394779,Ryukyu Islands,fao1952
SAA-1947-1957,meat,1000 tonnes,1949,3,3,1,1,values_differ,one_label_one_source,3,7,4.666667,0.666667,France Saar,fao1952
SAA-1947-1957,meat,1000 tonnes,1950,3,3,1,1,values_differ,one_label_one_source,4,9,6,0.666667,France Saar,fao1952
SAA-1947-1957,meat,1000 tonnes,1951,3,3,1,1,values_differ,one_label_one_source,4,12,8,0.666667,France Saar,fao1952
SAA-1947-1957,other meat,1000 tonnes,1948,3,2,1,1,values_differ,one_label_one_source,0.1,0.3,0.166667,0.555557,France Saar,fao1952
SAA-1947-1957,other meat,1000 tonnes,1949,3,3,1,1,values_differ,one_label_one_source,0.2,0.4,0.3,0.75,France Saar,fao1952
SAA-1947-1957,other meat,1000 tonnes,1950,3,3,1,1,values_differ,one_label_one_source,0.2,0.4,0.3,0.75,France Saar,fao1952
SAA-1947-1957,other meat,1000 tonnes,1951,3,3,1,1,values_differ,one_label_one_source,0.1,0.5,0.333333,0.666666,France Saar,fao1952
SAA-1947-1957,pesticides sulphur dust,tonnes,1949,2,2,1,1,values_differ,one_label_one_source,3,40,21.5,0.5375,France Saar,fao1952
SAA-1947-1957,poultry,1000 heads,1949,4,4,1,1,values_differ,one_label_one_source,2,368,97.75,0.265625,France Saar,fao1952
SAA-1947-1957,poultry,1000 heads,1950,4,4,1,1,values_differ,one_label_one_source,3,487,128.75,0.264374,France Saar,fao1952
SAA-1947-1957,poultry,1000 heads,1951,4,4,1,1,values_differ,one_label_one_source,3,545,142.25,0.261009,France Saar,fao1952
SAA-1947-1957,r_fao_population_1952_10_18,1000 people,1951,4,4,2,1,values_differ,several_labels_one_source,16,954,257,0.269392,France  Saar | Saar,fao1952
SAC-1935-1947,r_fao_population_1952_10_18,1000 people,1937,4,4,2,1,values_differ,several_labels_one_source,11,821,230.75,0.28106,France  Saar | Saar,fao1952
SBZ-1938-1949,horses mules asses,1000 heads,1938,2,2,1,1,values_differ,one_label_one_source,2,811,406.5,0.501233,Germany Eastern,fao1952
SER-1878-1913,flax fibre and tow,ha,1911,2,2,2,2,values_differ,several_labels_several_sources,1800,1811,1805.5,0.996963,serbia | yugoslav sfr,iia | juan
SER-1878-1913,hemp tow waste,ha,1909,2,1,2,2,values_identical,several_labels_several_sources,15000,15000,15000,1,serbia | yugoslav sfr,iia | juan
SER-1878-1913,hemp tow waste,ha,1910,2,2,2,2,values_differ,several_labels_several_sources,15400,15454,15427,0.998253,serbia | yugoslav sfr,iia | juan
SER-1878-1913,hemp tow waste,ha,1911,2,2,2,2,values_differ,several_labels_several_sources,15700,15731,15715.5,0.999015,serbia | yugoslav sfr,iia | juan
SER-1878-1913,potatoes,ha,1909,2,2,2,1,values_differ,several_labels_one_source,10400,11000,10700,0.972727,serbia | yugoslav sfr,juan
SER-1878-1913,potatoes,ha,1910,2,2,2,1,values_differ,several_labels_one_source,11000,11100,11050,0.995495,serbia | yugoslav sfr,juan
SGP-1946-1963,meat,1000 tonnes,1949,3,2,1,1,values_differ,one_label_one_source,1,9,3.666667,0.407407,Singapore,fao1952
SGP-1946-1963,meat,1000 tonnes,1950,2,2,1,1,values_differ,one_label_one_source,1,9,5,0.555556,Singapore,fao1952
SGP-1946-1963,meat,1000 tonnes,1951,4,3,1,1,values_differ,one_label_one_source,1,10,5,0.5,Singapore,fao1952
SLV-1821-2025,poultry,1000 heads,1951,3,3,1,1,values_differ,one_label_one_source,81,2756,999.333333,0.362603,EI Salvador,fao1952
SLV-1821-2025,r_fao_population_1952_10_18,1000 people,1937,4,4,2,1,values_differ,several_labels_one_source,10,1571,558.75,0.355665,EI Salvador | El Salvador,fao1952
SMO-1912-1956,horses mules asses,1000 heads,1939,3,3,1,1,values_differ,one_label_one_source,20,40,27,0.675,Spanish Morocco,fao1952
SMO-1912-1956,horses mules asses,1000 heads,1949,3,3,1,1,values_differ,one_label_one_source,19,34,24.666667,0.72549,Spanish Morocco,fao1952
SMO-1912-1956,horses mules asses,1000 heads,1950,3,2,1,1,values_differ,one_label_one_source,20,37,25.666667,0.693694,Spanish Morocco,fao1952
SUD-1934-1956,horses mules asses,1000 heads,1939,3,3,1,1,values_differ,one_label_one_source,1,375,133,0.354667,Anglo-Egyptian Sudan,fao1952
SUD-1934-1956,horses mules asses,1000 heads,1949,2,2,1,1,values_differ,one_label_one_source,20,500,260,0.52,Anglo-Egyptian Sudan,fao1952
SUD-1934-1956,horses mules asses,1000 heads,1950,2,2,1,1,values_differ,one_label_one_source,20,500,260,0.52,Anglo-Egyptian Sudan,fao1952
SUD-1934-1956,horses mules asses,1000 heads,1951,2,2,1,1,values_differ,one_label_one_source,20,500,260,0.52,Anglo-Egyptian Sudan,fao1952
SUR-1886-1954,horses mules asses,1000 heads,1949,2,1,1,1,values_identical,one_label_one_source,1,1,1,1,Surinam,fao1952
SUR-1886-1954,horses mules asses,1000 heads,1950,2,1,1,1,values_identical,one_label_one_source,1,1,1,1,Surinam,fao1952
SUR-1886-1954,horses mules asses,1000 heads,1951,2,1,1,1,values_identical,one_label_one_source,1,1,1,1,Surinam,fao1952
SUR-1886-1954,poultry,1000 heads,1949,2,2,1,1,values_differ,one_label_one_source,8,150,79,0.526667,Surinam,fao1952
SUR-1886-1954,poultry,1000 heads,1950,2,2,1,1,values_differ,one_label_one_source,10,175,92.5,0.528571,Surinam,fao1952
SWE-1905-2025,commercial nitrogenous fertilizers,1000 tonnes,1949,2,2,1,1,values_differ,one_label_one_source,23.4,59.6,41.5,0.696309,Sweden,fao1952
SWE-1905-2025,commercial nitrogenous fertilizers,1000 tonnes,1950,2,2,1,1,values_differ,one_label_one_source,25.4,68,46.7,0.686765,Sweden,fao1952
SWE-1905-2025,commercial nitrogenous fertilizers,1000 tonnes,1951,2,2,1,1,values_differ,one_label_one_source,16,72.5,44.25,0.610345,Sweden,fao1952
SWE-1905-2025,commercial phosphoric acid,1000 tonnes,1949,2,2,1,1,values_differ,one_label_one_source,86.9,98.9,92.9,0.939333,Sweden,fao1952
SWE-1905-2025,commercial phosphoric acid,1000 tonnes,1950,2,2,1,1,values_differ,one_label_one_source,98.6,105.4,102,0.967742,Sweden,fao1952
SWE-1905-2025,commercial phosphoric acid,1000 tonnes,1951,2,2,1,1,values_differ,one_label_one_source,99.2,105.8,102.5,0.968809,Sweden,fao1952
SWE-1905-2025,dried milk,1000 tonnes,1949,2,2,1,1,values_differ,one_label_one_source,4,11,7.5,0.681818,Sweden,fao1952
SWE-1905-2025,dried milk,1000 tonnes,1950,2,2,1,1,values_differ,one_label_one_source,4,5,4.5,0.9,Sweden,fao1952
SWE-1905-2025,dried milk,1000 tonnes,1951,2,2,1,1,values_differ,one_label_one_source,3,5,4,0.8,Sweden,fao1952
SWE-1905-2025,edible pig fat,1000 tonnes,1950,2,2,1,1,values_differ,one_label_one_source,1,6,3.5,0.583333,Sweden,fao1952
SWE-1905-2025,edible pig fat,1000 tonnes,1951,2,2,1,1,values_differ,one_label_one_source,1,6,3.5,0.583333,Sweden,fao1952
SWE-1905-2025,meat,1000 tonnes,1949,4,4,1,1,values_differ,one_label_one_source,3,277,138.5,0.5,Sweden,fao1952
SWE-1905-2025,meat,1000 tonnes,1950,4,4,1,1,values_differ,one_label_one_source,2,291,145.5,0.5,Sweden,fao1952
SWE-1905-2025,meat,1000 tonnes,1951,4,4,1,1,values_differ,one_label_one_source,2,312,156,0.5,Sweden,fao1952
SWE-1905-2025,other meat,1000 tonnes,1948,2,2,1,1,values_differ,one_label_one_source,11,13.2,12.1,0.916667,Sweden,fao1952
SWE-1905-2025,other meat,1000 tonnes,1949,2,2,1,1,values_differ,one_label_one_source,12.3,13.4,12.85,0.958955,Sweden,fao1952
SWE-1905-2025,other meat,1000 tonnes,1950,3,3,1,1,values_differ,one_label_one_source,12.6,15.9,13.833333,0.870021,Sweden,fao1952
SWE-1905-2025,other meat,1000 tonnes,1951,3,3,1,1,values_differ,one_label_one_source,13,17.4,14.533333,0.835249,Sweden,fao1952
SWE-1905-2025,pesticides copper sulphate,tonnes,1949,2,2,1,1,values_differ,one_label_one_source,48,50,49,0.98,Sweden,fao1952
SWE-1905-2025,pesticides copper sulphate,tonnes,1950,2,2,1,1,values_differ,one_label_one_source,46,100,73,0.73,Sweden,fao1952
SWE-1905-2025,r_fao_population_1952_10_18,1000 people,1937,5,5,1,1,values_differ,one_label_one_source,240,11850,4002.4,0.337755,Sweden,fao1952
SWE-1905-2025,r_fao_population_1952_10_18,1000 people,1951,4,4,1,1,values_differ,one_label_one_source,45,7073,2075.75,0.293475,Sweden,fao1952
SWZ-1894-2025,horses mules asses,1000 heads,1938,2,2,1,1,values_differ,one_label_one_source,1,14,7.5,0.535714,Swaziland,fao1952
SWZ-1894-2025,horses mules asses,1000 heads,1949,2,2,1,1,values_differ,one_label_one_source,2,16,9,0.5625,Swaziland,fao1952
SWZ-1894-2025,horses mules asses,1000 heads,1950,2,2,1,1,values_differ,one_label_one_source,2,16,9,0.5625,Swaziland,fao1952
SWZ-1894-2025,horses mules asses,1000 heads,1951,2,2,1,1,values_differ,one_label_one_source,2,15,8.5,0.566667,Swaziland,fao1952
SWZ-1894-2025,meat,1000 tonnes,1949,4,4,1,1,values_differ,one_label_one_source,1,14,7,0.5,Swaziland,fao1952
SWZ-1894-2025,meat,1000 tonnes,1950,4,4,1,1,values_differ,one_label_one_source,1,12,6,0.5,Swaziland,fao1952
SWZ-1894-2025,other meat,1000 tonnes,1949,3,3,1,1,values_differ,one_label_one_source,0.2,1.3,0.733333,0.564102,Swaziland,fao1952
SWZ-1894-2025,other meat,1000 tonnes,1950,3,3,1,1,values_differ,one_label_one_source,0.2,1,0.633333,0.633333,Swaziland,fao1952
SYR-1922-1946,horses mules asses,1000 heads,1939,3,3,1,1,values_differ,one_label_one_source,27,139,77.333333,0.556355,Syria,fao1952
SYR-1946-1967,cheese,1000 tonnes,1950,2,2,1,1,values_differ,one_label_one_source,1,5,3,0.6,Syria,fao1952
SYR-1946-1967,cheese,1000 tonnes,1951,2,2,1,1,values_differ,one_label_one_source,3,10,6.5,0.65,Syria,fao1952
SYR-1946-1967,horses mules asses,1000 heads,1949,3,3,1,1,values_differ,one_label_one_source,57,245,136.666667,0.557823,Syria,fao1952
SYR-1946-1967,horses mules asses,1000 heads,1950,3,3,1,1,values_differ,one_label_one_source,54,267,139.666667,0.523096,Syria,fao1952
SYR-1946-1967,horses mules asses,1000 heads,1951,3,3,1,1,values_differ,one_label_one_source,58,271,142,0.523985,Syria,fao1952
SYR-1946-1967,meat,1000 tonnes,1950,3,3,1,1,values_differ,one_label_one_source,2,29,19.333333,0.666667,Syria,fao1952
SYR-1946-1967,meat,1000 tonnes,1951,3,3,1,1,values_differ,one_label_one_source,3,21,14,0.666667,Syria,fao1952
SYR-1946-1967,milk,1000 tonnes,1950,2,2,1,1,values_differ,one_label_one_source,138,211,174.5,0.827014,Syria,fao1952
SYR-1946-1967,milk,1000 tonnes,1951,2,2,1,1,values_differ,one_label_one_source,127,148,137.5,0.929054,Syria,fao1952
SYR-1946-1967,poultry,1000 heads,1949,4,4,1,1,values_differ,one_label_one_source,16,2235,597.75,0.26745,Syria,fao1952
SYR-1946-1967,poultry,1000 heads,1950,4,4,1,1,values_differ,one_label_one_source,14,2447,651.5,0.266244,Syria,fao1952
SYR-1946-1967,poultry,1000 heads,1951,4,4,1,1,values_differ,one_label_one_source,16,2483,670.25,0.269936,Syria,fao1952
TAN-1922-1964,meat,1000 tonnes,1949,3,3,1,1,values_differ,one_label_one_source,3,28,18.333333,0.654762,Tanganyika,fao1952
TAN-1922-1964,meat,1000 tonnes,1950,3,3,1,1,values_differ,one_label_one_source,9,95,63.333333,0.666667,Tanganyika,fao1952
TAN-1922-1964,meat,1000 tonnes,1951,3,3,1,1,values_differ,one_label_one_source,8,85,56.666667,0.666667,Tanganyika,fao1952
THA-1909-2025,centrifugal sugar noncentrifugal cane sugar,1000 tonnes,1949,2,2,1,1,values_differ,one_label_one_source,19,32,25.5,0.796875,Thailand,fao1952
THA-1909-2025,centrifugal sugar noncentrifugal cane sugar,1000 tonnes,1950,2,2,1,1,values_differ,one_label_one_source,19,32,25.5,0.796875,Thailand,fao1952
THA-1909-2025,centrifugal sugar noncentrifugal cane sugar,1000 tonnes,1951,2,2,1,1,values_differ,one_label_one_source,19,32,25.5,0.796875,Thailand,fao1952
THA-1909-2025,commercial phosphoric acid,1000 tonnes,1949,2,2,1,1,values_differ,one_label_one_source,0.1,0.2,0.15,0.75,Thailand,fao1952
THA-1909-2025,commercial phosphoric acid,1000 tonnes,1950,2,1,1,1,values_identical,one_label_one_source,0.1,0.1,0.1,1,Thailand,fao1952
THA-1909-2025,commercial phosphoric acid,1000 tonnes,1951,2,2,1,1,values_differ,one_label_one_source,0.1,0.3,0.2,0.666667,Thailand,fao1952
THA-1909-2025,meat,1000 tonnes,1949,3,3,1,1,values_differ,one_label_one_source,20,92,61.333333,0.666667,Thailand,fao1952
THA-1909-2025,r_fao_population_1952_10_18,1000 people,1937,4,4,1,1,values_differ,one_label_one_source,3012,14492,6641,0.458253,Thailand,fao1952
TON-1800-2025,r_fao_population_1952_10_18,1000 people,1951,2,2,1,1,values_differ,one_label_one_source,43,49,46,0.938776,Tonga,fao1952
TRP-1943-1951,horses mules asses,1000 heads,1949,3,3,1,1,values_differ,one_label_one_source,1,27,11,0.407407,Libya Tripolitania,fao1952
TRP-1943-1951,horses mules asses,1000 heads,1951,3,3,1,1,values_differ,one_label_one_source,1,29,11.666667,0.402299,Libya Tripolitania,fao1952
TRP-1943-1951,other meat,1000 tonnes,1948,2,2,1,1,values_differ,one_label_one_source,0.2,0.7,0.45,0.642857,Libya Tripolitania,fao1952
TRS-1947-1954,pesticides arsenicals,tonnes,1949,2,1,1,1,values_identical,one_label_one_source,0.2,0.2,0.2,1,Trieste uk us,fao1952
TRS-1947-1954,pesticides arsenicals,tonnes,1950,2,1,1,1,values_identical,one_label_one_source,0.2,0.2,0.2,1,Trieste uk us,fao1952
TRS-1947-1954,pesticides arsenicals,tonnes,1951,2,1,1,1,values_identical,one_label_one_source,0.2,0.2,0.2,1,Trieste uk us,fao1952
TRS-1947-1954,r_fao_population_1952_10_18,1000 people,1951,2,2,1,1,values_differ,one_label_one_source,372,867,619.5,0.714533,Trieste,fao1952
TTO-1800-2025,horses mules asses,1000 heads,1939,3,3,1,1,values_differ,one_label_one_source,2,6,4,0.666667,British West Indies Trinidad and Tobago,fao1952
TTO-1800-2025,meat,1000 tonnes,1949,3,2,1,1,values_differ,one_label_one_source,1,2,1.333333,0.666667,British West Indies Trinidad & Tobago,fao1952
TTO-1800-2025,meat,1000 tonnes,1951,2,2,1,1,values_differ,one_label_one_source,2,3,2.5,0.833333,British West Indies Trinidad & Tobago,fao1952
TTO-1800-2025,r_fao_population_1952_10_18,1000 people,1951,2,2,2,1,values_differ,several_labels_one_source,115,649,382,0.588598,British West Indies Trinidad and Tobago | Trinidad and Tobago,fao1952
TTPI-1947-1994,poultry,1000 heads,1951,2,2,1,1,values_differ,one_label_one_source,1,22,11.5,0.522727,Pacific Is us trust,fao1952
TUN-1881-2025,horses mules asses,1000 heads,1939,3,3,1,1,values_differ,one_label_one_source,56,130,92.666667,0.712821,Tunisia,fao1952
TUN-1881-2025,horses mules asses,1000 heads,1949,3,3,1,1,values_differ,one_label_one_source,42,114,74,0.649123,Tunisia,fao1952
TUN-1881-2025,horses mules asses,1000 heads,1950,3,3,1,1,values_differ,one_label_one_source,43,131,81,0.618321,Tunisia,fao1952
TUN-1881-2025,horses mules asses,1000 heads,1951,3,3,1,1,values_differ,one_label_one_source,48,162,95.333333,0.588477,Tunisia,fao1952
TUN-1881-2025,meat,1000 tonnes,1950,4,4,1,1,values_differ,one_label_one_source,3,29,14.5,0.5,Tunisia,fao1952
TUN-1881-2025,meat,1000 tonnes,1951,4,4,1,1,values_differ,one_label_one_source,3,29,14.5,0.5,Tunisia,fao1952
TUN-1881-2025,pesticides arsenicals,tonnes,1949,3,3,1,1,values_differ,one_label_one_source,0.2,22,8.733333,0.39697,Tunisia,fao1952
TUN-1881-2025,pesticides arsenicals,tonnes,1950,2,2,1,1,values_differ,one_label_one_source,0.1,0.2,0.15,0.75,Tunisia,fao1952
TUN-1881-2025,phosphate rock,1000 tonnes,1949,2,2,1,1,values_differ,one_label_one_source,898,1449,1173.5,0.809869,Tunisia,fao1952
TUN-1881-2025,phosphate rock,1000 tonnes,1950,2,2,1,1,values_differ,one_label_one_source,1057,1679,1368,0.814771,Tunisia,fao1952
TUR-1920-2025,commercial nitrogenous fertilizers,1000 tonnes,1949,2,2,1,1,values_differ,one_label_one_source,0.6,6.3,3.45,0.547619,Turkey,fao1952
TUR-1920-2025,commercial nitrogenous fertilizers,1000 tonnes,1951,2,2,1,1,values_differ,one_label_one_source,0.8,6.8,3.8,0.558824,Turkey,fao1952
TUR-1920-2025,commercial phosphoric acid,1000 tonnes,1949,2,1,1,1,values_identical,one_label_one_source,2.2,2.2,2.2,1,Turkey,fao1952
TUR-1920-2025,commercial phosphoric acid,1000 tonnes,1950,2,1,1,1,values_identical,one_label_one_source,2.6,2.6,2.6,1,Turkey,fao1952
TUR-1920-2025,commercial phosphoric acid,1000 tonnes,1951,2,2,1,1,values_differ,one_label_one_source,2.9,3.7,3.3,0.891892,Turkey,fao1952
TUR-1920-2025,horses mules asses,1000 heads,1939,3,3,1,1,values_differ,one_label_one_source,74,964,475,0.492739,Turkey,fao1952
TUR-1920-2025,horses mules asses,1000 heads,1949,3,3,1,1,values_differ,one_label_one_source,103,1164,659.333333,0.566438,Turkey,fao1952
TUR-1920-2025,horses mules asses,1000 heads,1950,3,3,1,1,values_differ,one_label_one_source,104,1687,974.333333,0.577554,Turkey,fao1952
TUR-1920-2025,horses mules asses,1000 heads,1951,3,3,1,1,values_differ,one_label_one_source,109,1633,960.666667,0.588283,Turkey,fao1952
TUR-1920-2025,meat,1000 tonnes,1949,3,3,1,1,values_differ,one_label_one_source,34,80,53.333333,0.666667,Turkey,fao1952
TUR-1920-2025,meat,1000 tonnes,1950,3,3,1,1,values_differ,one_label_one_source,36,88,58.666667,0.666667,Turkey,fao1952
TUR-1920-2025,meat,1000 tonnes,1951,3,3,1,1,values_differ,one_label_one_source,40,98,65.333333,0.666667,Turkey,fao1952
TUR-1920-2025,milk,1000 tonnes,1948,2,2,1,1,values_differ,one_label_one_source,386,856,621,0.725467,Turkey,fao1952
TUR-1920-2025,milk,1000 tonnes,1949,2,2,1,1,values_differ,one_label_one_source,918,1070,994,0.928972,Turkey,fao1952
TUR-1920-2025,milk,1000 tonnes,1950,2,2,1,1,values_differ,one_label_one_source,382,791,586.5,0.741466,Turkey,fao1952
TUR-1920-2025,milk,1000 tonnes,1951,2,2,1,1,values_differ,one_label_one_source,413,932,672.5,0.721567,Turkey,fao1952
TUR-1920-2025,other meat,1000 tonnes,1948,2,2,1,1,values_differ,one_label_one_source,0.2,1.2,0.7,0.583333,Turkey,fao1952
TUR-1920-2025,poultry,1000 heads,1949,2,2,1,1,values_differ,one_label_one_source,1145,18955,10050,0.530203,Turkey,fao1952
TUR-1920-2025,poultry,1000 heads,1950,2,2,1,1,values_differ,one_label_one_source,1174,20222,10698,0.529028,Turkey,fao1952
TUR-1920-2025,poultry,1000 heads,1951,2,2,1,1,values_differ,one_label_one_source,1200,20114,10657,0.52983,Turkey,fao1952
TUR-1920-2025,r_fao_population_1952_10_18,1000 people,1937,5,5,1,1,values_differ,one_label_one_source,3095,16823,8419.2,0.500458,Turkey,fao1952
TUR-1920-2025,r_fao_population_1952_10_18,1000 people,1951,5,5,1,1,values_differ,one_label_one_source,1912,20935,9166.8,0.43787,Turkey,fao1952
TWN-1945-2025,commercial nitrogenous fertilizers,1000 tonnes,1949,2,2,1,1,values_differ,one_label_one_source,3.5,42.6,23.05,0.54108,China Taiwan,fao1952
TWN-1945-2025,commercial nitrogenous fertilizers,1000 tonnes,1950,2,2,1,1,values_differ,one_label_one_source,6.1,61.3,33.7,0.549755,China Taiwan,fao1952
TWN-1945-2025,commercial nitrogenous fertilizers,1000 tonnes,1951,2,2,1,1,values_differ,one_label_one_source,13.8,76.2,45,0.590551,China Taiwan,fao1952
TWN-1945-2025,meat,1000 tonnes,1950,3,3,1,1,values_differ,one_label_one_source,2,47,31.666667,0.673759,China Taiwan,fao1952
TWN-1945-2025,meat,1000 tonnes,1951,3,3,1,1,values_differ,one_label_one_source,2,65,43,0.661538,China Taiwan,fao1952
TWN-1945-2025,poultry,1000 heads,1949,4,4,1,1,values_differ,one_label_one_source,102,4525,1858.5,0.410718,China Taiwan,fao1952
TWN-1945-2025,poultry,1000 heads,1950,4,4,1,1,values_differ,one_label_one_source,142,4989,2083.75,0.417669,China Taiwan,fao1952
TWN-1945-2025,poultry,1000 heads,1951,4,4,1,1,values_differ,one_label_one_source,147,5143,2218.5,0.431363,China Taiwan,fao1952
URY-1828-2025,commercial phosphoric acid,1000 tonnes,1949,2,2,1,1,values_differ,one_label_one_source,0.3,1.5,0.9,0.6,Uruguay,fao1952
URY-1828-2025,commercial phosphoric acid,1000 tonnes,1950,2,2,1,1,values_differ,one_label_one_source,0.3,1.5,0.9,0.6,Uruguay,fao1952
URY-1828-2025,commercial phosphoric acid,1000 tonnes,1951,2,2,1,1,values_differ,one_label_one_source,0.3,1.5,0.9,0.6,Uruguay,fao1952
URY-1828-2025,horses mules asses,1000 heads,1937,3,3,1,1,values_differ,one_label_one_source,5,644,220,0.341615,Uruguay,fao1952
URY-1828-2025,horses mules asses,1000 heads,1951,3,3,1,1,values_differ,one_label_one_source,3,667,225.333333,0.337831,Uruguay,fao1952
URY-1828-2025,meat,1000 tonnes,1949,4,4,1,1,values_differ,one_label_one_source,14,386,193,0.5,Uruguay,fao1952
URY-1828-2025,meat,1000 tonnes,1950,4,4,1,1,values_differ,one_label_one_source,14,397,198.5,0.5,Uruguay,fao1952
URY-1828-2025,meat,1000 tonnes,1951,4,4,1,1,values_differ,one_label_one_source,18,380,190,0.5,Uruguay,fao1952
URY-1828-2025,other meat,1000 tonnes,1949,2,2,1,1,values_differ,one_label_one_source,10,12,11,0.916667,Uruguay,fao1952
URY-1828-2025,other meat,1000 tonnes,1950,2,2,1,1,values_differ,one_label_one_source,10,13,11.5,0.884615,Uruguay,fao1952
URY-1828-2025,other meat,1000 tonnes,1951,2,2,1,1,values_differ,one_label_one_source,10,19,14.5,0.763158,Uruguay,fao1952
URY-1828-2025,pesticides arsenicals,tonnes,1949,2,2,1,1,values_differ,one_label_one_source,2,45,23.5,0.522222,Uruguay,fao1952
URY-1828-2025,pesticides arsenicals,tonnes,1950,2,2,1,1,values_differ,one_label_one_source,2,52,27,0.519231,Uruguay,fao1952
URY-1828-2025,pesticides benzene hexachloride,tonnes,1949,2,2,1,1,values_differ,one_label_one_source,15,45,30,0.666667,Uruguay,fao1952
URY-1828-2025,pesticides benzene hexachloride,tonnes,1950,2,1,1,1,values_identical,one_label_one_source,25,25,25,1,Uruguay,fao1952
URY-1828-2025,pesticides benzene hexachloride,tonnes,1951,2,1,1,1,values_identical,one_label_one_source,25,25,25,1,Uruguay,fao1952
URY-1828-2025,pesticides sulphur dust,tonnes,1949,2,2,1,1,values_differ,one_label_one_source,5,100,52.5,0.525,Uruguay,fao1952
URY-1828-2025,pesticides sulphur dust,tonnes,1950,2,2,1,1,values_differ,one_label_one_source,11,30,20.5,0.683333,Uruguay,fao1952
URY-1828-2025,poultry,1000 heads,1951,4,4,1,1,values_differ,one_label_one_source,50,5148,1392.25,0.270445,Uruguay,fao1952
URY-1828-2025,r_fao_population_1952_10_18,1000 people,1951,2,2,1,1,values_differ,one_label_one_source,454,2400,1427,0.594583,Uruguay,fao1952
USA-1867-1959,centrifugal sugar noncentrifugal cane sugar,1000 tonnes,1949,3,3,1,1,values_differ,one_label_one_source,419,891,594,0.666667,United States,fao1952
USA-1867-1959,centrifugal sugar noncentrifugal cane sugar,1000 tonnes,1950,3,3,1,1,values_differ,one_label_one_source,512,2337,1558,0.666667,United States,fao1952
USA-1867-1959,centrifugal sugar noncentrifugal cane sugar,1000 tonnes,1951,3,3,1,1,values_differ,one_label_one_source,380,1788,858.666667,0.480239,United States,fao1952
USA-1867-1959,cheese,1000 tonnes,1949,2,2,1,1,values_differ,one_label_one_source,1,544,272.5,0.500919,United States,fao1952
USA-1867-1959,cheese,1000 tonnes,1950,2,2,1,1,values_differ,one_label_one_source,1,541,271,0.500924,United States,fao1952
USA-1867-1959,commercial nitrogenous fertilizers,1000 tonnes,1949,2,2,1,1,values_differ,one_label_one_source,48,935,491.5,0.525668,United States and dependent territories,fao1952
USA-1867-1959,commercial nitrogenous fertilizers,1000 tonnes,1950,2,2,1,1,values_differ,one_label_one_source,166,996,581,0.583333,United States and dependent territories,fao1952
USA-1867-1959,commercial nitrogenous fertilizers,1000 tonnes,1951,2,2,1,1,values_differ,one_label_one_source,1099,1275,1187,0.93098,United States and dependent territories,fao1952
USA-1867-1959,commercial phosphoric acid,1000 tonnes,1949,2,2,1,1,values_differ,one_label_one_source,1869,1937,1903,0.982447,United States and dependent territories,fao1952
USA-1867-1959,commercial phosphoric acid,1000 tonnes,1950,2,2,1,1,values_differ,one_label_one_source,2028,2067,2047.5,0.990566,United States and dependent territories,fao1952
USA-1867-1959,commercial phosphoric acid,1000 tonnes,1951,2,2,1,1,values_differ,one_label_one_source,2023,2055,2039,0.992214,United States and dependent territories,fao1952
USA-1867-1959,commercial potash fertilizers,1000 tonnes,1949,2,2,1,1,values_differ,one_label_one_source,992,1020,1006,0.986275,United States and dependent territories,fao1952
USA-1867-1959,commercial potash fertilizers,1000 tonnes,1950,2,2,1,1,values_differ,one_label_one_source,1188,1311,1249.5,0.953089,United States and dependent territories,fao1952
USA-1867-1959,commercial potash fertilizers,1000 tonnes,1951,2,2,1,1,values_differ,one_label_one_source,374,1243,808.5,0.650442,United States and dependent territories,fao1952
USA-1867-1959,condensed evaporated milk,1000 tonnes,1949,2,2,1,1,values_differ,one_label_one_source,342,1409,875.5,0.621363,United States,fao1952
USA-1867-1959,condensed evaporated milk,1000 tonnes,1950,2,2,1,1,values_differ,one_label_one_source,333,1454,893.5,0.614512,United States,fao1952
USA-1867-1959,condensed evaporated milk,1000 tonnes,1951,2,2,1,1,values_differ,one_label_one_source,322,462,392,0.848485,United States,fao1952
USA-1867-1959,dried milk,1000 tonnes,1949,2,2,1,1,values_differ,one_label_one_source,57,424,240.5,0.567217,United States,fao1952
USA-1867-1959,dried milk,1000 tonnes,1950,2,2,1,1,values_differ,one_label_one_source,57,400,228.5,0.57125,United States,fao1952
USA-1867-1959,dried milk,1000 tonnes,1951,2,2,1,1,values_differ,one_label_one_source,59,323,191,0.591331,United States,fao1952
USA-1867-1959,horses mules asses,1000 heads,1939,2,2,1,1,values_differ,one_label_one_source,4163,10629,7396,0.695832,United States,fao1952
USA-1867-1959,horses mules asses,1000 heads,1949,2,2,1,1,values_differ,one_label_one_source,2348,5898,4123,0.699051,United States,fao1952
USA-1867-1959,horses mules asses,1000 heads,1950,2,2,1,1,values_differ,one_label_one_source,274,2149,1211.5,0.563751,United States,fao1952
USA-1867-1959,horses mules asses,1000 heads,1951,2,2,1,1,values_differ,one_label_one_source,2074,4993,3533.5,0.707691,United States,fao1952
USA-1867-1959,linseed,1000 hectares,1949,2,2,1,1,values_differ,one_label_one_source,1,1993,997,0.500251,United States,fao1952
USA-1867-1959,linseed,1000 hectares,1951,2,2,1,1,values_differ,one_label_one_source,1,580,290.5,0.500862,United States,fao1952
USA-1867-1959,linseed,1000 tonnes,1949,2,2,1,1,values_differ,one_label_one_source,1,1116,558.5,0.500448,United States,fao1952
USA-1867-1959,meat,1000 tonnes,1949,4,4,1,1,values_differ,one_label_one_source,274,9827,4913.5,0.5,United States,fao1952
USA-1867-1959,meat,1000 tonnes,1950,4,4,1,1,values_differ,one_label_one_source,271,10015,5007.5,0.5,United States,fao1952
USA-1867-1959,meat,1000 tonnes,1951,4,4,1,1,values_differ,one_label_one_source,237,9938,4969,0.5,United States,fao1952
USA-1867-1959,other meat,1000 tonnes,1948,2,2,1,1,values_differ,one_label_one_source,667.7,1722.7,1195.2,0.693795,United States,fao1952
USA-1867-1959,other meat,1000 tonnes,1949,2,2,1,1,values_differ,one_label_one_source,678.1,2050.7,1364.4,0.665334,United States,fao1952
USA-1867-1959,other meat,1000 tonnes,1950,2,2,1,1,values_differ,one_label_one_source,689,2050.7,1369.85,0.667991,United States,fao1952
USA-1867-1959,other meat,1000 tonnes,1951,2,2,1,1,values_differ,one_label_one_source,681.3,2175.9,1428.6,0.656556,United States,fao1952
USA-1867-1959,phosphate rock,1000 tonnes,1949,2,2,1,1,values_differ,one_label_one_source,3460,10711,7085.5,0.661516,United States and dependent territories,fao1952
USA-1867-1959,phosphate rock,1000 tonnes,1950,2,2,1,1,values_differ,one_label_one_source,3464,10827,7145.5,0.65997,United States and dependent territories,fao1952
USA-1867-1959,phosphate rock,1000 tonnes,1951,2,2,1,1,values_differ,one_label_one_source,3576,11177,7376.5,0.659971,United States and dependent territories,fao1952
USA-1867-1959,poultry,1000 heads,1949,2,2,1,1,values_differ,one_label_one_source,5540,448676,227108,0.506174,United States,fao1952
USA-1867-1959,poultry,1000 heads,1950,2,2,1,1,values_differ,one_label_one_source,5986,456549,231267.5,0.506556,United States,fao1952
USA-1867-1959,poultry,1000 heads,1951,2,2,1,1,values_differ,one_label_one_source,5091,442657,223874,0.505751,United States,fao1952
USA-1867-1959,r_fao_population_1952_10_18,1000 people,1937,5,5,1,1,values_differ,one_label_one_source,485,128961,34950.4,0.271015,United States,fao1952
USA-1867-1959,r_fao_population_1952_10_18,1000 people,1951,5,5,1,1,values_differ,one_label_one_source,840,154353,38183.8,0.24738,United States,fao1952
VEN-1821-2025,centrifugal sugar noncentrifugal cane sugar,1000 tonnes,1949,2,2,1,1,values_differ,one_label_one_source,54,120,87,0.725,Venezuela,fao1952
VEN-1821-2025,centrifugal sugar noncentrifugal cane sugar,1000 tonnes,1950,2,2,1,1,values_differ,one_label_one_source,48,120,84,0.7,Venezuela,fao1952
VEN-1821-2025,centrifugal sugar noncentrifugal cane sugar,1000 tonnes,1951,2,2,1,1,values_differ,one_label_one_source,64,100,82,0.82,Venezuela,fao1952
VEN-1821-2025,horses mules asses,1000 heads,1937,3,3,1,1,values_differ,one_label_one_source,47,248,168,0.677419,Venezuela,fao1952
VEN-1821-2025,horses mules asses,1000 heads,1951,3,3,1,1,values_differ,one_label_one_source,62,390,265,0.679487,Venezuela,fao1952
VEN-1821-2025,meat,1000 tonnes,1949,4,4,1,1,values_differ,one_label_one_source,1,81,40.5,0.5,Venezuela,fao1952
VEN-1821-2025,meat,1000 tonnes,1950,4,4,1,1,values_differ,one_label_one_source,1,88,44,0.5,Venezuela,fao1952
VEN-1821-2025,meat,1000 tonnes,1951,4,4,1,1,values_differ,one_label_one_source,1,86,43,0.5,Venezuela,fao1952
VEN-1821-2025,pesticides arsenicals,tonnes,1949,3,3,1,1,values_differ,one_label_one_source,0.1,3,1.7,0.566667,Venezuela,fao1952
VEN-1821-2025,r_fao_population_1952_10_18,1000 people,1951,4,4,1,1,values_differ,one_label_one_source,41,5176,1607,0.310471,Venezuela,fao1952
VGB-1800-2025,pigs,1000 heads,1950,2,2,2,1,values_differ,several_labels_one_source,1,2,1.5,0.75,British West Indies Virgin Islands | Virgin Islands,fao1952
VNM-1887-1954,meat,1000 tonnes,1949,3,3,1,1,values_differ,one_label_one_source,9,23,15.333333,0.666667,Indochina Viet Nam,fao1952
VNM-1887-1954,meat,1000 tonnes,1950,3,3,1,1,values_differ,one_label_one_source,9,26,17.333333,0.666667,Indochina Viet Nam,fao1952
VNM-1887-1954,meat,1000 tonnes,1951,3,3,1,1,values_differ,one_label_one_source,12,50,33.333333,0.666667,Indochina Viet Nam,fao1952
VNM-1887-1954,other meat,1000 tonnes,1949,2,2,1,1,values_differ,one_label_one_source,0.5,1,0.75,0.75,Viet Nam,fao1952
VNM-1887-1954,other meat,1000 tonnes,1950,2,2,1,1,values_differ,one_label_one_source,0.6,1,0.8,0.8,Viet Nam,fao1952
VNM-1887-1954,poultry,1000 heads,1950,4,4,1,1,values_differ,one_label_one_source,4,2004,955.25,0.476672,Indochina Viet Nam,fao1952
VNM-1887-1954,poultry,1000 heads,1951,4,4,1,1,values_differ,one_label_one_source,5,2680,1269,0.473507,Indochina Viet Nam,fao1952
VUT-1800-2025,r_fao_population_1952_10_18,1000 people,1951,2,2,1,1,values_differ,one_label_one_source,47,49,48,0.979592,New Hebrides,fao1952
WBL-1949-1990,r_fao_population_1952_10_18,1000 people,1951,4,4,2,1,values_differ,several_labels_one_source,15,3343,851.75,0.254786,Germany  Berlin | Germany Berlin,fao1952
WIN-1833-1960,r_fao_population_1952_10_18,1000 people,1951,4,4,1,1,values_differ,one_label_one_source,28,279,98.25,0.352151,British West Indies Windward Islands,fao1952
WZO-1938-1949,horses mules asses,1000 heads,1938,2,2,1,1,values_differ,one_label_one_source,3,1566,784.5,0.500958,Germany Western,fao1952
WZO-1938-1949,other meat,1000 tonnes,1948,4,4,1,1,values_differ,one_label_one_source,14,29,22.75,0.784483,Germany Western,fao1952
ZAF-1910-2025,cattle,heads,1946,2,1,2,1,values_identical,several_labels_one_source,12113000,12113000,12113000,1,cape natal | south africa,mitchell
ZAF-1910-2025,cattle,heads,1947,2,1,2,1,values_identical,several_labels_one_source,12470000,12470000,12470000,1,cape natal | south africa,mitchell
ZAF-1910-2025,cattle,heads,1948,2,1,2,1,values_identical,several_labels_one_source,12242000,12242000,12242000,1,cape natal | south africa,mitchell
ZAF-1910-2025,cattle,heads,1949,2,1,2,1,values_identical,several_labels_one_source,11513000,11513000,11513000,1,cape natal | south africa,mitchell
ZAF-1910-2025,cattle,heads,1950,2,1,2,1,values_identical,several_labels_one_source,11565000,11565000,11565000,1,cape natal | south africa,mitchell
ZAF-1910-2025,cattle,heads,1951,2,1,2,1,values_identical,several_labels_one_source,11768000,11768000,11768000,1,cape natal | south africa,mitchell
ZAF-1910-2025,cattle,heads,1952,2,1,2,1,values_identical,several_labels_one_source,11655000,11655000,11655000,1,cape natal | south africa,mitchell
ZAF-1910-2025,cattle,heads,1953,2,1,2,1,values_identical,several_labels_one_source,11604000,11604000,11604000,1,cape natal | south africa,mitchell
ZAF-1910-2025,cattle,heads,1954,2,1,2,1,values_identical,several_labels_one_source,11689000,11689000,11689000,1,cape natal | south africa,mitchell
ZAF-1910-2025,cattle,heads,1955,2,1,2,1,values_identical,several_labels_one_source,11800000,11800000,11800000,1,cape natal | south africa,mitchell
ZAF-1910-2025,cattle,heads,1956,2,1,2,1,values_identical,several_labels_one_source,12042000,12042000,12042000,1,cape natal | south africa,mitchell
ZAF-1910-2025,cattle,heads,1957,2,1,2,1,values_identical,several_labels_one_source,12062000,12062000,12062000,1,cape natal | south africa,mitchell
ZAF-1910-2025,commercial phosphoric acid,1000 tonnes,1949,2,2,1,1,values_differ,one_label_one_source,90,95,92.5,0.973684,Union of South Africa,fao1952
ZAF-1910-2025,commercial phosphoric acid,1000 tonnes,1950,2,2,1,1,values_differ,one_label_one_source,108,115,111.5,0.969565,Union of South Africa,fao1952
ZAF-1910-2025,commercial phosphoric acid,1000 tonnes,1951,2,2,1,1,values_differ,one_label_one_source,119,7126,3622.5,0.50835,Union of South Africa,fao1952
ZAF-1910-2025,horses mules asses,1000 heads,1937,3,3,1,1,values_differ,one_label_one_source,137,870,595,0.683908,Union of South Africa,fao1952
ZAF-1910-2025,horses mules asses,1000 heads,1950,3,3,1,1,values_differ,one_label_one_source,98,701,492.666667,0.702806,Union of South Africa,fao1952
ZAF-1910-2025,meat,1000 tonnes,1949,4,4,1,1,values_differ,one_label_one_source,52,405,202.5,0.5,U of S Africa,fao1952
ZAF-1910-2025,meat,1000 tonnes,1950,4,4,1,1,values_differ,one_label_one_source,52,421,210.5,0.5,U of S Africa,fao1952
ZAF-1910-2025,meat,1000 tonnes,1951,4,4,1,1,values_differ,one_label_one_source,52,399,199.5,0.5,U of S Africa,fao1952
ZAF-1910-2025,other meat,1000 tonnes,1948,2,2,1,1,values_differ,one_label_one_source,10.9,60.8,35.85,0.589638,U of S Africa,fao1952
ZAF-1910-2025,other meat,1000 tonnes,1949,2,2,1,1,values_differ,one_label_one_source,10.9,62.9,36.9,0.586645,U of S Africa,fao1952
ZAF-1910-2025,other meat,1000 tonnes,1950,2,2,1,1,values_differ,one_label_one_source,10.9,61.7,36.3,0.588331,U of S Africa,fao1952
ZAF-1910-2025,other meat,1000 tonnes,1951,2,2,1,1,values_differ,one_label_one_source,10.9,58.4,34.65,0.593322,U of S Africa,fao1952
ZAF-1910-2025,phosphate rock,1000 tonnes,1949,2,2,1,1,values_differ,one_label_one_source,9,45,27,0.6,Union of South Africa,fao1952
ZAF-1910-2025,phosphate rock,1000 tonnes,1950,2,2,1,1,values_differ,one_label_one_source,8,50,29,0.58,Union of South Africa,fao1952
ZAF-1910-2025,phosphate rock,1000 tonnes,1951,2,2,1,1,values_differ,one_label_one_source,8,50,29,0.58,Union of South Africa,fao1952
ZAF-1910-2025,poultry,1000 heads,1950,4,4,1,1,values_differ,one_label_one_source,71,10206,2677.5,0.262346,Union of S Africa,fao1952
ZAF-1910-2025,r_fao_population_1952_10_18,1000 people,1937,4,4,1,1,values_differ,one_label_one_source,1666,9805,4148.75,0.423126,Union of South Africa,fao1952
ZAF-1910-2025,r_fao_population_1952_10_18,1000 people,1951,4,4,1,1,values_differ,one_label_one_source,732,12683,4379.75,0.345324,Union of South Africa,fao1952
ZAF-1910-2025,swine / pigs,heads,1957,2,2,2,1,values_differ,several_labels_one_source,16000,564000,290000,0.514184,natal | south africa,mitchell
ZNZ-1890-1963,poultry,1000 heads,1949,2,2,1,1,values_differ,one_label_one_source,1,150,75.5,0.503333,Zanzibar and Pemba,fao1952
ZNZ-1890-1963,poultry,1000 heads,1950,2,2,1,1,values_differ,one_label_one_source,1,150,75.5,0.503333,Zanzibar and Pemba,fao1952
ZNZ-1890-1963,poultry,1000 heads,1951,2,2,1,1,values_differ,one_label_one_source,1,200,100.5,0.5025,Zanzibar and Pemba,fao1952
ZWE-1900-1953,groundnuts,1000 hectares,1949,2,2,1,1,values_differ,one_label_one_source,3,49,26,0.530612,Southern Rhodesia,fao1952
ZWE-1900-1953,groundnuts,1000 tonnes,1949,2,2,1,1,values_differ,one_label_one_source,2,23,12.5,0.543478,Southern Rhodesia,fao1952
ZWE-1900-1953,groundnuts,1000 tonnes,1950,2,2,1,1,values_differ,one_label_one_source,1,31,16,0.516129,Southern Rhodesia,fao1952
ZWE-1900-1953,groundnuts,1000 tonnes,1951,2,2,1,1,values_differ,one_label_one_source,2,44,23,0.522727,Southern Rhodesia,fao1952
ZWE-1900-1953,horses mules asses,1000 heads,1939,3,3,1,1,values_differ,one_label_one_source,2,90,32,0.355556,Southern Rhodesia,fao1952
ZWE-1900-1953,horses mules asses,1000 heads,1949,3,3,1,1,values_differ,one_label_one_source,1,98,34.666667,0.353741,Southern Rhodesia,fao1952
ZWE-1900-1953,horses mules asses,1000 heads,1950,3,3,1,1,values_differ,one_label_one_source,1,93,33.333333,0.358423,Southern Rhodesia,fao1952
ZWE-1900-1953,horses mules asses,1000 heads,1951,3,3,1,1,values_differ,one_label_one_source,1,88,31.666667,0.359848,Southern Rhodesia,fao1952
ZWE-1900-1953,meat,1000 tonnes,1949,4,4,1,1,values_differ,one_label_one_source,1,39,19.5,0.5,Southern Rhodesia,fao1952
ZWE-1900-1953,meat,1000 tonnes,1950,4,4,1,1,values_differ,one_label_one_source,1,42,21,0.5,Southern Rhodesia,fao1952
ZWE-1900-1953,meat,1000 tonnes,1951,4,4,1,1,values_differ,one_label_one_source,1,49,24.5,0.5,Southern Rhodesia,fao1952
ZWE-1900-1953,poultry,1000 heads,1949,4,4,1,1,values_differ,one_label_one_source,1,471,127.5,0.270701,Southern Rhodesia,fao1952
ZWE-1900-1953,poultry,1000 heads,1950,4,4,1,1,values_differ,one_label_one_source,1,511,137.5,0.26908,Southern Rhodesia,fao1952
ZWE-1900-1953,poultry,1000 heads,1951,4,4,1,1,values_differ,one_label_one_source,2,377,103,0.27321,Southern Rhodesia,fao1952
