polity_code,item,unit,year,sources,labels,indicators,value_min,value_max,ratio,known_defect
F51-1918-1938,wheat,tonnes,1930,iia;juan,czech republic;czechoslovakia,,311.9,1.377e+06,4415.7743,iia-item-series-switch-raw-products;iia-layerb-magnitude-scale-inconsistent;iia-wheat-is-spelt-and-meslin
F51-1918-1938,wheat,ha,1930,iia;juan,czech republic;czechoslovakia,,239,7.95e+05,3326.3598,iia-item-series-switch-raw-products;iia-layerb-magnitude-scale-inconsistent;iia-wheat-is-spelt-and-meslin
F51-1918-1938,wheat,tonnes,1933,iia;juan,czech republic;czechoslovakia,,700.2,1.984e+06,2833.3333,iia-item-series-switch-raw-products;iia-layerb-magnitude-scale-inconsistent;iia-wheat-is-spelt-and-meslin
F51-1918-1938,grapes,ha,1930,iia;juan,czech republic;czechoslovakia,,8,1.75e+04,2187.5000,iia-item-series-switch-raw-products
F51-1918-1938,wheat,ha,1933,iia;juan,czech republic;czechoslovakia,,440,9.19e+05,2088.6364,iia-item-series-switch-raw-products;iia-layerb-magnitude-scale-inconsistent;iia-wheat-is-spelt-and-meslin
F51-1918-1938,wheat,tonnes,1931,iia;juan,czech republic;czechoslovakia,,553.6,1.122e+06,2027.0051,iia-item-series-switch-raw-products;iia-layerb-magnitude-scale-inconsistent;iia-wheat-is-spelt-and-meslin
F51-1918-1938,wheat,tonnes,1932,iia;juan,czech republic;czechoslovakia,,1012,1.462e+06,1444.7101,iia-item-series-switch-raw-products;iia-layerb-magnitude-scale-inconsistent;iia-wheat-is-spelt-and-meslin
F51-1918-1938,wheat,ha,1931,iia;juan,czech republic;czechoslovakia,,607,8.284e+05,1364.7446,iia-item-series-switch-raw-products;iia-layerb-magnitude-scale-inconsistent;iia-wheat-is-spelt-and-meslin
F51-1918-1938,wheat,ha,1932,iia;juan,czech republic;czechoslovakia,,829,8.354e+05,1007.7201,iia-item-series-switch-raw-products;iia-layerb-magnitude-scale-inconsistent;iia-wheat-is-spelt-and-meslin
F51-1918-1938,grapes,ha,1932,iia;juan,czech republic;czechoslovakia,,20,1.91e+04,955.0000,iia-item-series-switch-raw-products
F248-1920-1947,wheat,ha,1925,iia;juan,serbia;yugoslav sfr,,2000,1.773e+06,886.7000,iia-item-series-switch-raw-products;iia-layerb-magnitude-scale-inconsistent;iia-wheat-is-spelt-and-meslin
F51-1918-1938,grapes,ha,1931,iia;juan,czech republic;czechoslovakia,,23,1.88e+04,817.3913,iia-item-series-switch-raw-products
MEX-1848-2025,oats,tonnes,1934-1938,fao1952;iia,mexico,;crops:production,5000,3.394e+06,678.7800,iia-mex-oats-arg-rapeseed-scale-factors
F51-1918-1938,wheat,ha,1925,iia;juan,czech republic;czechoslovakia,,1615,6.174e+05,382.2910,iia-item-series-switch-raw-products;iia-layerb-magnitude-scale-inconsistent;iia-wheat-is-spelt-and-meslin
F248-1920-1947,wheat,tonnes,1931,iia;juan,serbia;yugoslav sfr,,9580,2.689e+06,280.6493,iia-item-series-switch-raw-products;iia-layerb-magnitude-scale-inconsistent;iia-wheat-is-spelt-and-meslin
JPN-1945-1952,rye,tonnes,1951,fao1952;mitchell,japan,crops:production;page_2_table_1,4000,1.111e+06,277.7500,mitchell-japan-rye-is-not-rye
F248-1920-1947,wheat,tonnes,1939,iia;juan,serbia;yugoslav sfr,,1.17e+04,2.876e+06,245.7778,iia-item-series-switch-raw-products;iia-layerb-magnitude-scale-inconsistent;iia-wheat-is-spelt-and-meslin
JPN-1945-1952,rye,ha,1951,fao1952;mitchell,japan,crops:area;page_39_table_1,3000,5.59e+05,186.3333,mitchell-japan-rye-is-not-rye
F51-1938-1945,wheat,tonnes,1938,iia;juan,czech republic;czechoslovakia,,9800,1.814e+06,185.1020,iia-item-series-switch-raw-products;iia-layerb-magnitude-scale-inconsistent;iia-wheat-is-spelt-and-meslin
F248-1920-1947,wheat,tonnes,1933,iia;juan,serbia;yugoslav sfr,,1.442e+04,2.629e+06,182.3492,iia-item-series-switch-raw-products;iia-layerb-magnitude-scale-inconsistent;iia-wheat-is-spelt-and-meslin
F51-1938-1945,wheat,ha,1938,iia;juan,czech republic;czechoslovakia,,5000,8.98e+05,179.6000,iia-item-series-switch-raw-products;iia-layerb-magnitude-scale-inconsistent;iia-wheat-is-spelt-and-meslin
F248-1920-1947,wheat,tonnes,1930,iia;juan,serbia;yugoslav sfr,,1.248e+04,2.186e+06,175.1919,iia-item-series-switch-raw-products;iia-layerb-magnitude-scale-inconsistent;iia-wheat-is-spelt-and-meslin
F51-1918-1938,wheat,tonnes,1935,iia;juan,czech republic;czechoslovakia,,9900,1.69e+06,170.7071,iia-item-series-switch-raw-products;iia-layerb-magnitude-scale-inconsistent;iia-wheat-is-spelt-and-meslin
F51-1918-1938,wheat,tonnes,1936,iia;juan,czech republic;czechoslovakia,,9100,1.513e+06,166.2308,iia-item-series-switch-raw-products;iia-layerb-magnitude-scale-inconsistent;iia-wheat-is-spelt-and-meslin
F51-1918-1938,wheat,ha,1935,iia;juan,czech republic;czechoslovakia,,6000,9.63e+05,160.5000,iia-item-series-switch-raw-products;iia-layerb-magnitude-scale-inconsistent;iia-wheat-is-spelt-and-meslin
F51-1918-1938,wheat,tonnes,1937,iia;juan,czech republic;czechoslovakia,,8700,1.395e+06,160.3793,iia-item-series-switch-raw-products;iia-layerb-magnitude-scale-inconsistent;iia-wheat-is-spelt-and-meslin
F51-1918-1938,wheat,ha,1936,iia;juan,czech republic;czechoslovakia,,6000,9.27e+05,154.5000,iia-item-series-switch-raw-products;iia-layerb-magnitude-scale-inconsistent;iia-wheat-is-spelt-and-meslin
F248-1920-1947,wheat,ha,1939,iia;juan,serbia;yugoslav sfr,,1.5e+04,2.203e+06,146.8667,iia-item-series-switch-raw-products;iia-layerb-magnitude-scale-inconsistent;iia-wheat-is-spelt-and-meslin
LBY-1934-1943,olives,tonnes,1934-1938,fao1952;iia,libya,;crops:production,1.1e+04,1.611e+06,146.4273,iia-libya-olives-1934-1938-inflated
F248-1920-1947,wheat,tonnes,1925,iia;juan,serbia;yugoslav sfr,,1.482e+04,2.14e+06,144.4226,iia-item-series-switch-raw-products;iia-layerb-magnitude-scale-inconsistent;iia-wheat-is-spelt-and-meslin
F51-1938-1945,wheat,tonnes,1943,iia;juan,czech republic;czechoslovakia,,1.09e+04,1.561e+06,143.2110,iia-item-series-switch-raw-products;iia-layerb-magnitude-scale-inconsistent;iia-wheat-is-spelt-and-meslin
F51-1918-1938,wheat,ha,1937,iia;juan,czech republic;czechoslovakia,,6000,8.49e+05,141.5000,iia-item-series-switch-raw-products;iia-layerb-magnitude-scale-inconsistent;iia-wheat-is-spelt-and-meslin
F51-1918-1938,wheat,tonnes,1934,iia;juan,czech republic;czechoslovakia,,9800,1.361e+06,138.8980,iia-item-series-switch-raw-products;iia-layerb-magnitude-scale-inconsistent;iia-wheat-is-spelt-and-meslin
F51-1918-1938,wheat,ha,1934,iia;juan,czech republic;czechoslovakia,,7000,9.31e+05,133.0000,iia-item-series-switch-raw-products;iia-layerb-magnitude-scale-inconsistent;iia-wheat-is-spelt-and-meslin
JPN-1945-1952,rye,tonnes,1949,fao1952;mitchell,japan,crops:production;page_40_table_1,8000,1.041e+06,130.1250,mitchell-japan-rye-is-not-rye
F248-1920-1947,wheat,ha,1931,iia;juan,serbia;yugoslav sfr,,1.652e+04,2.14e+06,129.5467,iia-item-series-switch-raw-products;iia-layerb-magnitude-scale-inconsistent;iia-wheat-is-spelt-and-meslin
F248-1920-1947,wheat,tonnes,1932,iia;juan,serbia;yugoslav sfr,,1.138e+04,1.455e+06,127.8359,iia-item-series-switch-raw-products;iia-layerb-magnitude-scale-inconsistent;iia-wheat-is-spelt-and-meslin
F248-1920-1947,wheat,tonnes,1922,iia;juan,serbia;yugoslav sfr,,9489,1.21e+06,127.5508,iia-item-series-switch-raw-products;iia-layerb-magnitude-scale-inconsistent;iia-wheat-is-spelt-and-meslin
F248-1920-1947,wheat,ha,1933,iia;juan,serbia;yugoslav sfr,,1.672e+04,2.079e+06,124.3719,iia-item-series-switch-raw-products;iia-layerb-magnitude-scale-inconsistent;iia-wheat-is-spelt-and-meslin
F248-1920-1947,wheat,ha,1932,iia;juan,serbia;yugoslav sfr,,1.639e+04,1.95e+06,119.0345,iia-item-series-switch-raw-products;iia-layerb-magnitude-scale-inconsistent;iia-wheat-is-spelt-and-meslin
F248-1920-1947,wheat,ha,1930,iia;juan,serbia;yugoslav sfr,,1.843e+04,2.123e+06,115.1730,iia-item-series-switch-raw-products;iia-layerb-magnitude-scale-inconsistent;iia-wheat-is-spelt-and-meslin
USA-1867-1959,cotton lint,ha,1949,fao1952;mitchell,united states;united states of america,crops:area;page_20_table_1,1.04e+05,1.11e+07,106.7692,
AUS-1901-2025,hops,tonnes,1934-1938,fao1952;iia,australia,;crops:production,1000,1.045e+05,104.5000,iia-hops-x100
AUT-1919-2025,grapes,tonnes,1934-1938,fao1952;iia,austria,;crops:production,1300,1.35e+05,103.8462,iia-item-series-switch-raw-products
KOR-1800-1945,"tobacco, unmanufactured",tonnes,1934,iia;mitchell,korea;south korea,;page_12_table_1,1.5e+04,1.54e+06,102.6933,iia-corrupted-country-labels;iia-tobacco-implausible-magnitudes
FRA-1919-2025,hops,tonnes,1934-1938,fao1952;iia,france,;crops:production,2200,2.239e+05,101.7727,iia-hops-x100
F51-1938-1945,wheat,ha,1943,iia;juan,czech republic;czechoslovakia,,9000,9.1e+05,101.1111,iia-item-series-switch-raw-products;iia-layerb-magnitude-scale-inconsistent;iia-wheat-is-spelt-and-meslin
BEL-1831-2025,hops,tonnes,1934-1938,fao1952;iia,belgium,;crops:production,1200,1.206e+05,100.5000,iia-hops-x100
KOR-1800-1945,"tobacco, unmanufactured",tonnes,1941,iia;mitchell,korea;south korea,;page_13_table_1,3.5e+04,3.512e+06,100.3429,iia-corrupted-country-labels;iia-tobacco-implausible-magnitudes
F248-1920-1947,hops,tonnes,1934-1938,fao1952;iia,serbia;yugoslavia,;crops:production,1800,1.804e+05,100.2222,iia-hops-x100
GBR-1921-2025,hops,tonnes,1934-1938,fao1952;iia,united kingdom,;crops:production,1.27e+04,1.271e+06,100.0866,iia-hops-x100;layerb-nested-reporting-levels-one-polity
KOR-1800-1945,"tobacco, unmanufactured",tonnes,1939,iia;mitchell,korea;south korea,;page_12_table_1,3.1e+04,3.102e+06,100.0613,iia-corrupted-country-labels;iia-tobacco-implausible-magnitudes
F248-1920-1947,hops,tonnes,1935,iia;juan,serbia;yugoslav sfr,,1891,1.891e+05,100.0000,iia-hops-x100
F248-1920-1947,hops,tonnes,1936,iia;juan,serbia;yugoslav sfr,,1962,1.962e+05,100.0000,iia-hops-x100
F248-1920-1947,hops,tonnes,1937,iia;juan,serbia;yugoslav sfr,,2132,2.132e+05,100.0000,iia-hops-x100
F248-1920-1947,hops,tonnes,1938,iia;juan,serbia;yugoslav sfr,,1600,1.6e+05,100.0000,iia-hops-x100
F248-1920-1947,hops,tonnes,1939,iia;juan,serbia;yugoslav sfr,,1815,1.815e+05,100.0000,iia-hops-x100
F248-1920-1947,"tobacco, unmanufactured",tonnes,1934,iia;juan,serbia;yugoslav sfr,,6049,6.049e+05,100.0000,iia-corrupted-country-labels;iia-tobacco-implausible-magnitudes
F248-1920-1947,"tobacco, unmanufactured",tonnes,1935,iia;juan,serbia;yugoslav sfr,,9249,9.249e+05,100.0000,iia-corrupted-country-labels;iia-tobacco-implausible-magnitudes
F248-1920-1947,"tobacco, unmanufactured",tonnes,1936,iia;juan,serbia;yugoslav sfr,,1.662e+04,1.662e+06,100.0000,iia-corrupted-country-labels;iia-tobacco-implausible-magnitudes
F248-1920-1947,"tobacco, unmanufactured",tonnes,1937,iia;juan,serbia;yugoslav sfr,,2.078e+04,2.078e+06,100.0000,iia-corrupted-country-labels;iia-tobacco-implausible-magnitudes
F248-1920-1947,"tobacco, unmanufactured",tonnes,1938,iia;juan,serbia;yugoslav sfr,,1.471e+04,1.471e+06,100.0000,iia-corrupted-country-labels;iia-tobacco-implausible-magnitudes
F248-1920-1947,"tobacco, unmanufactured",tonnes,1939,iia;juan,serbia;yugoslav sfr,,1.543e+04,1.543e+06,100.0000,iia-corrupted-country-labels;iia-tobacco-implausible-magnitudes
F248-1920-1947,"tobacco, unmanufactured",tonnes,1945,iia;juan,serbia;yugoslav sfr,,1.27e+04,1.27e+06,100.0000,iia-corrupted-country-labels;iia-tobacco-implausible-magnitudes
F51-1918-1938,hops,tonnes,1934,iia;juan,czech republic;czechoslovakia,,7074,7.074e+05,100.0000,iia-hops-x100
F51-1918-1938,hops,tonnes,1935,iia;juan,czech republic;czechoslovakia,,7619,7.619e+05,100.0000,iia-hops-x100
F51-1918-1938,hops,tonnes,1936,iia;juan,czech republic;czechoslovakia,,1.208e+04,1.208e+06,100.0000,iia-hops-x100
F51-1918-1938,hops,tonnes,1937,iia;juan,czech republic;czechoslovakia,,1.216e+04,1.216e+06,100.0000,iia-hops-x100
F51-1918-1938,"tobacco, unmanufactured",tonnes,1934,iia;juan,czech republic;czechoslovakia,,1.368e+04,1.368e+06,100.0000,iia-corrupted-country-labels;iia-tobacco-implausible-magnitudes
F51-1918-1938,"tobacco, unmanufactured",tonnes,1935,iia;juan,czech republic;czechoslovakia,,1.363e+04,1.363e+06,100.0000,iia-corrupted-country-labels;iia-tobacco-implausible-magnitudes
F51-1918-1938,"tobacco, unmanufactured",tonnes,1936,iia;juan,czech republic;czechoslovakia,,1.507e+04,1.507e+06,100.0000,iia-corrupted-country-labels;iia-tobacco-implausible-magnitudes
F51-1918-1938,"tobacco, unmanufactured",tonnes,1937,iia;juan,czech republic;czechoslovakia,,1.404e+04,1.404e+06,100.0000,iia-corrupted-country-labels;iia-tobacco-implausible-magnitudes
F51-1938-1945,hops,tonnes,1940,iia;juan,czech republic;czechoslovakia,,4576,4.576e+05,100.0000,iia-hops-x100
F51-1938-1945,hops,tonnes,1941,iia;juan,czech republic;czechoslovakia,,3527,3.527e+05,100.0000,iia-hops-x100
F51-1938-1945,hops,tonnes,1942,iia;juan,czech republic;czechoslovakia,,3107,3.107e+05,100.0000,iia-hops-x100
F51-1938-1945,hops,tonnes,1943,iia;juan,czech republic;czechoslovakia,,3152,3.152e+05,100.0000,iia-hops-x100
F51-1938-1945,"tobacco, unmanufactured",tonnes,1939,iia;juan,czech republic;czechoslovakia,,9330,9.33e+05,100.0000,iia-corrupted-country-labels;iia-tobacco-implausible-magnitudes
F51-1938-1945,"tobacco, unmanufactured",tonnes,1941,iia;juan,czech republic;czechoslovakia,,6914,6.914e+05,100.0000,iia-corrupted-country-labels;iia-tobacco-implausible-magnitudes
F51-1938-1945,"tobacco, unmanufactured",tonnes,1942,iia;juan,czech republic;czechoslovakia,,7468,7.468e+05,100.0000,iia-corrupted-country-labels;iia-tobacco-implausible-magnitudes
F51-1938-1945,"tobacco, unmanufactured",tonnes,1943,iia;juan,czech republic;czechoslovakia,,5429,5.429e+05,100.0000,iia-corrupted-country-labels;iia-tobacco-implausible-magnitudes
F51-1938-1945,"tobacco, unmanufactured",tonnes,1944,iia;juan,czech republic;czechoslovakia,,3928,3.928e+05,100.0000,iia-corrupted-country-labels;iia-tobacco-implausible-magnitudes
F51-1945-1947,hops,tonnes,1945,iia;juan,czech republic;czechoslovakia,,3721,3.721e+05,100.0000,iia-hops-x100
F51-1945-1947,"tobacco, unmanufactured",tonnes,1945,iia;juan,czech republic;czechoslovakia,,2500,2.5e+05,100.0000,iia-corrupted-country-labels;iia-tobacco-implausible-magnitudes
GRC-1919-1947,grapes,tonnes,1934-1938,fao1952;iia,greece,;crops:production,4500,4.5e+05,100.0000,iia-greece-grapes-dodecanese-period-cells;iia-item-series-switch-raw-products
F51-1938-1945,hops,tonnes,1939,iia;juan,czech republic;czechoslovakia,,7635,7.634e+05,99.9869,iia-hops-x100
F51-1938-1945,"tobacco, unmanufactured",tonnes,1940,iia;juan,czech republic;czechoslovakia,,7803,7.8e+05,99.9616,iia-corrupted-country-labels;iia-tobacco-implausible-magnitudes
KOR-1800-1945,"tobacco, unmanufactured",tonnes,1938,iia;mitchell,korea;south korea,;page_12_table_1,2.8e+04,2.798e+06,99.9429,iia-corrupted-country-labels;iia-tobacco-implausible-magnitudes
USA-1867-1959,hops,tonnes,1934-1938,fao1952;iia,united states;united states of america,;crops:production,1.77e+04,1.768e+06,99.8870,iia-hops-x100
KOR-1800-1945,"tobacco, unmanufactured",tonnes,1935,iia;mitchell,korea;south korea,;page_12_table_1,2.2e+04,2.192e+06,99.6409,iia-corrupted-country-labels;iia-tobacco-implausible-magnitudes
NZL-1840-2025,hops,tonnes,1934-1938,fao1952;iia,new zealand,;crops:production,400,3.97e+04,99.2500,iia-hops-x100
PAL-1920-1948,olives,tonnes,1934-1938,fao1952;iia,israel,;crops:production,3.1e+04,3.075e+06,99.2065,iia-olives-1934-1938-scale-scrambled;layerb-nested-reporting-levels-one-polity
JPN-1945-1952,rye,ha,1950,fao1952;mitchell,japan,crops:area;page_39_table_1,6000,5.91e+05,98.5000,mitchell-japan-rye-is-not-rye
F248-1920-1947,hops,tonnes,1934,iia;juan,serbia;yugoslav sfr,,1455,1.433e+05,98.4880,iia-hops-x100
KOR-1800-1945,"tobacco, unmanufactured",tonnes,1936,iia;mitchell,korea;south korea,;page_12_table_1,2.1e+04,2.063e+06,98.2190,iia-corrupted-country-labels;iia-tobacco-implausible-magnitudes
KOR-1800-1945,"tobacco, unmanufactured",tonnes,1937,iia;mitchell,korea;south korea,;page_12_table_1,2.7e+04,2.649e+06,98.1037,iia-corrupted-country-labels;iia-tobacco-implausible-magnitudes
F248-1920-1947,wheat,tonnes,1924,iia;juan,serbia;yugoslav sfr,,1.604e+04,1.572e+06,97.9986,iia-item-series-switch-raw-products;iia-layerb-magnitude-scale-inconsistent;iia-wheat-is-spelt-and-meslin
F51-1938-1945,wheat,tonnes,1944,iia;juan,czech republic;czechoslovakia,,1.26e+04,1.21e+06,96.0317,iia-item-series-switch-raw-products;iia-layerb-magnitude-scale-inconsistent;iia-wheat-is-spelt-and-meslin
JPN-1945-1952,rye,ha,1949,fao1952;mitchell,japan,crops:area;page_39_table_1,6000,5.65e+05,94.1667,mitchell-japan-rye-is-not-rye
F248-1920-1947,wheat,tonnes,1923,iia;juan,serbia;yugoslav sfr,,1.828e+04,1.662e+06,90.9181,iia-item-series-switch-raw-products;iia-layerb-magnitude-scale-inconsistent;iia-wheat-is-spelt-and-meslin
F51-1945-1947,wheat,tonnes,1945,iia;juan,czech republic;czechoslovakia,,1.29e+04,1.122e+06,86.9380,iia-item-series-switch-raw-products;iia-layerb-magnitude-scale-inconsistent;iia-wheat-is-spelt-and-meslin
F51-1945-1947,wheat,ha,1945,iia;juan,czech republic;czechoslovakia,,1e+04,8.43e+05,84.3000,iia-item-series-switch-raw-products;iia-layerb-magnitude-scale-inconsistent;iia-wheat-is-spelt-and-meslin
TAN-1922-1964,bananas,tonnes,1949,fao1952;mitchell,tanganyika;tanzania,crops:production;page_23_table_1,1.5e+04,1.263e+06,84.2000,
F51-1938-1945,wheat,ha,1944,iia;juan,czech republic;czechoslovakia,,1.1e+04,9.12e+05,82.9091,iia-item-series-switch-raw-products;iia-layerb-magnitude-scale-inconsistent;iia-wheat-is-spelt-and-meslin
ARG-1902-2025,rapeseed,ha,1934-1938,fao1952;iia,argentina,;crops:area,4.5e+04,3.73e+06,82.8889,iia-mex-oats-arg-rapeseed-scale-factors
F248-1920-1947,wheat,ha,1924,iia;juan,serbia;yugoslav sfr,,2.209e+04,1.717e+06,77.7270,iia-item-series-switch-raw-products;iia-layerb-magnitude-scale-inconsistent;iia-wheat-is-spelt-and-meslin
F51-1938-1945,wheat,tonnes,1942,iia;juan,czech republic;czechoslovakia,,1.96e+04,1.451e+06,74.0102,iia-item-series-switch-raw-products;iia-layerb-magnitude-scale-inconsistent;iia-wheat-is-spelt-and-meslin
F51-1938-1945,wheat,tonnes,1939,iia;juan,czech republic;czechoslovakia,,2.18e+04,1.572e+06,72.1147,iia-item-series-switch-raw-products;iia-layerb-magnitude-scale-inconsistent;iia-wheat-is-spelt-and-meslin
F248-1920-1947,wheat,ha,1922,iia;juan,serbia;yugoslav sfr,,2.108e+04,1.48e+06,70.2296,iia-item-series-switch-raw-products;iia-layerb-magnitude-scale-inconsistent;iia-wheat-is-spelt-and-meslin
F248-1920-1947,wheat,ha,1923,iia;juan,serbia;yugoslav sfr,,2.295e+04,1.555e+06,67.7648,iia-item-series-switch-raw-products;iia-layerb-magnitude-scale-inconsistent;iia-wheat-is-spelt-and-meslin
FRA-1919-2025,grapes,tonnes,1934-1938,fao1952;iia,france,;crops:production,1.433e+05,9.49e+06,66.2247,iia-item-series-switch-raw-products
HUN-1920-1938,hops,tonnes,1934-1938,fao1952;iia,hungary,;crops:production,100,6600,66.0000,iia-hops-x100
NLD-1830-2025,linseed,tonnes,1951,fao1952;juan,netherlands,;crops:production,2e+04,1.22e+06,61.0000,
F51-1938-1945,wheat,ha,1939,iia;juan,czech republic;czechoslovakia,,1.4e+04,8.5e+05,60.7143,iia-item-series-switch-raw-products;iia-layerb-magnitude-scale-inconsistent;iia-wheat-is-spelt-and-meslin
PER-1922-1942,wine,tonnes,1934-1938,fao1952;iia,peru,;crops:production,1.086e+04,6.11e+05,56.2408,
DOM-1800-2025,poultry,heads,1949,fao1952;mitchell,dominican republic,livestock:livestock;page_16_table_1,3.9e+04,2.17e+06,55.6410,
URY-1828-2025,poultry,heads,1951,fao1952;mitchell,uruguay,livestock:livestock;page_10_table_1,1.855e+05,1.02e+07,54.9865,
F51-1938-1945,wheat,ha,1942,iia;juan,czech republic;czechoslovakia,,1.6e+04,8.71e+05,54.4375,iia-item-series-switch-raw-products;iia-layerb-magnitude-scale-inconsistent;iia-wheat-is-spelt-and-meslin
CUB-1800-2025,poultry,heads,1951,fao1952;mitchell,cuba,livestock:livestock;page_16_table_1,1.29e+05,6.9e+06,53.4884,
F248-1920-1947,wheat,tonnes,1936,iia;juan,serbia;yugoslav sfr,,5.48e+04,2.924e+06,53.3504,iia-item-series-switch-raw-products;iia-layerb-magnitude-scale-inconsistent;iia-wheat-is-spelt-and-meslin
F51-1938-1945,wheat,tonnes,1940,iia;juan,czech republic;czechoslovakia,,2.17e+04,1.111e+06,51.1797,iia-item-series-switch-raw-products;iia-layerb-magnitude-scale-inconsistent;iia-wheat-is-spelt-and-meslin
F248-1920-1947,wheat,tonnes,1938,iia;juan,serbia;yugoslav sfr,,6.05e+04,3.03e+06,50.0810,iia-item-series-switch-raw-products;iia-layerb-magnitude-scale-inconsistent;iia-wheat-is-spelt-and-meslin
DOM-1800-2025,poultry,heads,1950,fao1952;mitchell,dominican republic,livestock:livestock;page_16_table_1,4.35e+04,2.16e+06,49.6552,
F51-1918-1938,wheat,tonnes,1924,iia;juan,czech republic;czechoslovakia,,1.777e+04,8.774e+05,49.3851,iia-item-series-switch-raw-products;iia-layerb-magnitude-scale-inconsistent;iia-wheat-is-spelt-and-meslin
F51-1918-1938,wheat,tonnes,1925,iia;juan,czech republic;czechoslovakia,,2.246e+04,1.07e+06,47.6231,iia-item-series-switch-raw-products;iia-layerb-magnitude-scale-inconsistent;iia-wheat-is-spelt-and-meslin
F228-1921-1940,hops,tonnes,1934-1938,fao1952;iia,russian federation;ussr,;crops:production,2200,1e+05,45.4545,iia-hops-x100
F51-1938-1945,wheat,ha,1940,iia;juan,czech republic;czechoslovakia,,1.7e+04,7.46e+05,43.8824,iia-item-series-switch-raw-products;iia-layerb-magnitude-scale-inconsistent;iia-wheat-is-spelt-and-meslin
CAN-1949-2025,poultry,heads,1951,fao1952;mitchell,canada,livestock:livestock;page_14_table_1,1.484e+06,6.45e+07,43.4783,
F51-1938-1945,rye,tonnes,1943,iia;juan,czech republic;czechoslovakia,,3.6e+04,1.536e+06,42.6667,iia-attributable-single-cell-errors
F248-1920-1947,wheat,tonnes,1935,iia;juan,serbia;yugoslav sfr,,4.67e+04,1.99e+06,42.6017,iia-item-series-switch-raw-products;iia-layerb-magnitude-scale-inconsistent;iia-wheat-is-spelt-and-meslin
USA-1867-1959,olives,tonnes,1934-1938,fao1952;iia,united states;united states of america,;crops:production,2.7e+04,1.127e+06,41.7481,iia-olives-1934-1938-scale-scrambled
F51-1938-1945,rye,tonnes,1942,iia;juan,czech republic;czechoslovakia,,2.95e+04,1.231e+06,41.7288,iia-attributable-single-cell-errors
F51-1918-1938,wheat,tonnes,1923,iia;juan,czech republic;czechoslovakia,,2.376e+04,9.859e+05,41.4924,iia-item-series-switch-raw-products;iia-layerb-magnitude-scale-inconsistent;iia-wheat-is-spelt-and-meslin
F248-1920-1947,wheat,tonnes,1937,iia;juan,serbia;yugoslav sfr,,5.77e+04,2.347e+06,40.6759,iia-item-series-switch-raw-products;iia-layerb-magnitude-scale-inconsistent;iia-wheat-is-spelt-and-meslin
CAN-1949-2025,poultry,heads,1949,fao1952;mitchell,canada,livestock:livestock;page_14_table_1,1.602e+06,6.36e+07,39.7004,
F51-1938-1945,wheat,tonnes,1941,iia;juan,czech republic;czechoslovakia,,2.96e+04,1.16e+06,39.1993,iia-item-series-switch-raw-products;iia-layerb-magnitude-scale-inconsistent;iia-wheat-is-spelt-and-meslin
F51-1918-1938,wheat,ha,1924,iia;juan,czech republic;czechoslovakia,,1.578e+04,6.057e+05,38.3938,iia-item-series-switch-raw-products;iia-layerb-magnitude-scale-inconsistent;iia-wheat-is-spelt-and-meslin
F51-1918-1938,wheat,tonnes,1922,iia;juan,czech republic;czechoslovakia,,2.398e+04,9.15e+05,38.1618,iia-item-series-switch-raw-products;iia-layerb-magnitude-scale-inconsistent;iia-wheat-is-spelt-and-meslin
F248-1920-1947,wheat,tonnes,1934,iia;juan,serbia;yugoslav sfr,,4.93e+04,1.86e+06,37.7201,iia-item-series-switch-raw-products;iia-layerb-magnitude-scale-inconsistent;iia-wheat-is-spelt-and-meslin
F51-1938-1945,rye,tonnes,1944,iia;juan,czech republic;czechoslovakia,,3.25e+04,1.214e+06,37.3538,iia-attributable-single-cell-errors
CAN-1949-2025,poultry,heads,1950,fao1952;mitchell,canada,livestock:livestock;page_14_table_1,1.524e+06,5.58e+07,36.6142,
DOM-1800-2025,poultry,heads,1951,fao1952;mitchell,dominican republic,livestock:livestock;page_16_table_1,4.2e+04,1.53e+06,36.4286,
F51-1918-1938,wheat,ha,1923,iia;juan,czech republic;czechoslovakia,,1.687e+04,6.097e+05,36.1497,iia-item-series-switch-raw-products;iia-layerb-magnitude-scale-inconsistent;iia-wheat-is-spelt-and-meslin
F248-1920-1947,wheat,ha,1936,iia;juan,serbia;yugoslav sfr,,6.2e+04,2.211e+06,35.6613,iia-item-series-switch-raw-products;iia-layerb-magnitude-scale-inconsistent;iia-wheat-is-spelt-and-meslin
F51-1938-1945,rye,ha,1943,iia;juan,czech republic;czechoslovakia,,2.6e+04,9.26e+05,35.6154,iia-attributable-single-cell-errors
F248-1920-1947,wheat,ha,1935,iia;juan,serbia;yugoslav sfr,,6.1e+04,2.15e+06,35.2459,iia-item-series-switch-raw-products;iia-layerb-magnitude-scale-inconsistent;iia-wheat-is-spelt-and-meslin
F51-1945-1947,rye,tonnes,1945,iia;juan,czech republic;czechoslovakia,,2.8e+04,9.81e+05,35.0357,iia-attributable-single-cell-errors
F248-1920-1947,wheat,ha,1934,iia;juan,serbia;yugoslav sfr,,5.8e+04,2.024e+06,34.8966,iia-item-series-switch-raw-products;iia-layerb-magnitude-scale-inconsistent;iia-wheat-is-spelt-and-meslin
F51-1918-1938,wheat,ha,1922,iia;juan,czech republic;czechoslovakia,,1.8e+04,6.179e+05,34.3278,iia-item-series-switch-raw-products;iia-layerb-magnitude-scale-inconsistent;iia-wheat-is-spelt-and-meslin
MWI-1891-1953,cotton lint,ha,1934-1938,fao1952;iia,malawi;nyasaland,;crops:area,1000,3.4e+04,34.0000,iia-item-series-switch-raw-products;iia-malawi-cotton-1934-1938-deflated
HND-1800-2025,poultry,heads,1951,fao1952;mitchell,honduras,livestock:livestock;page_20_table_1,6.3e+04,2e+06,31.7460,
F248-1920-1947,wheat,ha,1937,iia;juan,serbia;yugoslav sfr,,6.8e+04,2.13e+06,31.3235,iia-item-series-switch-raw-products;iia-layerb-magnitude-scale-inconsistent;iia-wheat-is-spelt-and-meslin
F248-1920-1947,wheat,ha,1938,iia;juan,serbia;yugoslav sfr,,6.8e+04,2.13e+06,31.3235,iia-item-series-switch-raw-products;iia-layerb-magnitude-scale-inconsistent;iia-wheat-is-spelt-and-meslin
GUY-1800-2025,cattle,heads,1950,fao1952;mitchell,british guiana;guyana,livestock:livestock;page_6_table_1,3.32e+05,1.017e+07,30.6205,
MWI-1891-1953,cotton lint,tonnes,1934-1938,fao1952;iia,malawi;nyasaland,;crops:production,100,3000,30.0000,iia-item-series-switch-raw-products;iia-malawi-cotton-1934-1938-deflated
AUS-1901-2025,grapes,tonnes,1934-1938,fao1952;iia,australia,;crops:production,1.43e+04,4.15e+05,29.0210,iia-item-series-switch-raw-products
F51-1938-1945,wheat,ha,1941,iia;juan,czech republic;czechoslovakia,,2.8e+04,8e+05,28.5714,iia-item-series-switch-raw-products;iia-layerb-magnitude-scale-inconsistent;iia-wheat-is-spelt-and-meslin
MEX-1848-2025,grapes,tonnes,1934-1938,fao1952;iia,mexico,;crops:production,1.1e+04,3.123e+05,28.3909,iia-item-series-switch-raw-products
ESP-1800-2025,wine,tonnes,1934-1938,fao1952;iia,spain,;crops:production,1.868e+06,4.193e+07,22.4394,
BGR-1940-2025,sheep,heads,1949,fao1952;juan,bulgaria,;livestock:livestock,4.59e+05,8.853e+06,19.2876,
LKA-1800-2025,cattle,heads,1951,fao1952;mitchell,ceylon;sri lanka,livestock:livestock;page_1_table_1,7.2e+04,1.189e+06,16.5139,
SWE-1905-2025,linseed,tonnes,1951,fao1952;juan,sweden,;crops:production,2.6e+04,4.26e+05,16.3846,
AUS-1901-2025,grapes,ha,1934-1938,fao1952;iia,australia,;crops:area,3000,4.9e+04,16.3333,iia-item-series-switch-raw-products
BGR-1940-2025,sheep,heads,1950,fao1952;juan,bulgaria,;livestock:livestock,4.8e+05,7.82e+06,16.2917,
MDG-1882-2025,goats,heads,1951,fao1952;mitchell,madagascar,livestock:livestock;page_46_table_1,3.88e+05,6.308e+06,16.2577,
UGA-1926-1962,sheep,heads,1949,fao1952;mitchell,uganda,livestock:livestock;page_26_table_1,7.7e+04,1.158e+06,15.0390,
BOL-1938-2025,bananas,tonnes,1949,fao1952;juan,bolivia,;crops:production,5e+04,7.5e+05,15.0000,
F51-1938-1945,"beans, dry",ha,1938,iia;juan,czech republic;czechoslovakia,,5000,7.2e+04,14.4000,iia-czechoslovakia-beans-component-only
F248-1920-1947,sunflower seed,tonnes,1939,iia;juan,serbia;yugoslav sfr,,1900,2.73e+04,14.3684,iia-yugoslavia-sunflower-production-x10
HUN-1920-1938,grapes,ha,1934-1938,fao1952;iia,hungary,;crops:area,1.5e+04,2.15e+05,14.3333,iia-item-series-switch-raw-products
F248-1947-1991,linseed,ha,1950,fao1952;juan,yugoslav sfr;yugoslavia,;crops:area,1000,1.4e+04,14.0000,
F51-1918-1938,"beans, dry",ha,1937,iia;juan,czech republic;czechoslovakia,,6000,8.3e+04,13.8333,iia-czechoslovakia-beans-component-only
USA-1867-1959,rye,ha,1934-1938,fao1952;iia,united states;united states of america,;crops:area,2.5e+04,3.43e+05,13.7200,iia-1934-1938-single-axis-deflated
GUY-1800-2025,poultry,heads,1949,fao1952;mitchell,british guiana;guyana,livestock:livestock;page_6_table_1,6e+04,8e+05,13.3333,
F51-1938-1945,hops,tonnes,1944,iia;juan,czech republic;czechoslovakia,,3461,4.61e+04,13.3198,iia-hops-x100
F248-1920-1947,flax fibre and tow,tonnes,1934,iia;juan,serbia;yugoslav sfr,,800,1.06e+04,13.2500,iia-attributable-single-cell-errors;iia-flax-fibre-item-is-mostly-linseed
MAR-1911-1958,grapes,tonnes,1934-1938,fao1952;iia,french morocco;morocco,;crops:production,6900,9.1e+04,13.1884,iia-item-series-switch-raw-products
DEU-1949-1990,oats,ha,1949,fao1952;juan,germany,;crops:area,1.678e+06,2.179e+07,12.9881,fao1952-western-eastern-lost-germany-prefix
EGY-1925-1967,sesame seed,ha,1934-1938,fao1952;iia,egypt,;crops:area,8000,1.03e+05,12.8750,
GRC-1919-1947,wine,tonnes,1934-1938,fao1952;iia,greece,;crops:production,3.026e+04,3.76e+05,12.4240,
F51-1918-1938,grapes,tonnes,1934,iia;juan,czech republic;czechoslovakia,,4500,5.59e+04,12.4222,iia-item-series-switch-raw-products
MDG-1882-2025,sheep,heads,1951,fao1952;mitchell,madagascar,livestock:livestock;page_46_table_1,2.64e+05,3.264e+06,12.3636,
TUN-1881-2025,grapes,ha,1934-1938,fao1952;iia,tunisia,;crops:area,4000,4.9e+04,12.2500,iia-item-series-switch-raw-products
TUR-1920-2025,wine,tonnes,1934-1938,fao1952;iia,turkey,;crops:production,8000,9.7e+04,12.1250,
F51-1918-1938,grapes,tonnes,1935,iia;juan,czech republic;czechoslovakia,,8600,1.022e+05,11.8837,iia-item-series-switch-raw-products
PER-1942-2025,goats,heads,1950,fao1952;juan,peru,;livestock:livestock,9.3e+04,1.093e+06,11.7527,
F51-1918-1938,"beans, dry",ha,1935,iia;juan,czech republic;czechoslovakia,,6000,7e+04,11.6667,iia-czechoslovakia-beans-component-only
ARG-1902-2025,meat,tonnes,1949,fao1952;mitchell,argentina,livestock:production;page_33_table_1,2.075e+05,2.387e+06,11.5036,
POL-1945-2025,sheep,heads,1951,fao1952;juan,poland,;livestock:livestock,1.94e+05,2.194e+06,11.3093,
F248-1920-1947,flax fibre and tow,tonnes,1935,iia;juan,serbia;yugoslav sfr,,900,1.01e+04,11.2222,iia-attributable-single-cell-errors;iia-flax-fibre-item-is-mostly-linseed
ESP-1800-2025,figs,tonnes,1949,fao1952;juan,spain,;crops:production,1.9e+04,2.126e+05,11.1895,
F51-1918-1938,grapes,tonnes,1936,iia;juan,czech republic;czechoslovakia,,8400,9.39e+04,11.1786,iia-item-series-switch-raw-products
F51-1918-1938,grapes,tonnes,1932,iia;juan,czech republic;czechoslovakia,,6671,7.418e+04,11.1193,iia-item-series-switch-raw-products
F51-1938-1945,flax fibre and tow,ha,1942,iia;juan,czech republic;czechoslovakia,,4000,4.3e+04,10.7500,iia-attributable-single-cell-errors;iia-flax-fibre-item-is-mostly-linseed
F51-1918-1938,"beans, dry",ha,1936,iia;juan,czech republic;czechoslovakia,,7000,7.5e+04,10.7143,iia-czechoslovakia-beans-component-only
NIC-1800-2025,cattle,heads,1951,fao1952;juan,nicaragua,;livestock:livestock,1.03e+05,1.103e+06,10.7087,
KEN-1926-1963,cattle,heads,1951,fao1952;mitchell,kenya,livestock:livestock;page_43_table_1,6.21e+05,6.621e+06,10.6618,
F248-1920-1947,rye,tonnes,1945,iia;juan,serbia;yugoslav sfr,,9.2e+04,9.799e+05,10.6511,iia-attributable-single-cell-errors
F51-1938-1945,grapes,tonnes,1941,iia;juan,czech republic;czechoslovakia,,3000,3.18e+04,10.6000,iia-item-series-switch-raw-products
F51-1938-1945,grapes,tonnes,1940,iia;juan,czech republic;czechoslovakia,,2900,3.06e+04,10.5517,iia-item-series-switch-raw-products
F51-1938-1945,grapes,tonnes,1944,iia;juan,czech republic;czechoslovakia,,3000,3.16e+04,10.5333,iia-item-series-switch-raw-products
F51-1938-1945,grapes,tonnes,1939,iia;juan,czech republic;czechoslovakia,,3900,4.1e+04,10.5128,iia-item-series-switch-raw-products
F51-1938-1945,grapes,tonnes,1943,iia;juan,czech republic;czechoslovakia,,3500,3.67e+04,10.4857,iia-item-series-switch-raw-products
TWN-1895-1945,soybeans,tonnes,1934-1938,fao1952;iia,"china taiwan;china, taiwan province of",;crops:production,4200,4.4e+04,10.4762,
F51-1938-1945,grapes,tonnes,1942,iia;juan,czech republic;czechoslovakia,,3600,3.76e+04,10.4444,iia-item-series-switch-raw-products
F51-1945-1947,grapes,tonnes,1945,iia;juan,czech republic;czechoslovakia,,3800,3.95e+04,10.3947,iia-item-series-switch-raw-products
F51-1938-1945,"beans, dry",ha,1940,iia;juan,czech republic;czechoslovakia,,4000,4.1e+04,10.2500,iia-czechoslovakia-beans-component-only
F51-1938-1945,rye,ha,1941,iia;juan,czech republic;czechoslovakia,,7.8e+04,7.84e+05,10.0513,iia-attributable-single-cell-errors
F51-1938-1945,rye,ha,1939,iia;juan,czech republic;czechoslovakia,,9.8e+04,9.84e+05,10.0408,iia-attributable-single-cell-errors
F228-1921-1940,raisins,tonnes,1934-1938,fao1952;iia,russian federation;ussr,;crops:production,2.5e+04,2.5e+05,10.0000,iia-item-series-switch-raw-products
F248-1920-1947,hops,ha,1934,iia;juan,serbia;yugoslav sfr,,2400,2.4e+04,10.0000,iia-hops-x100
F248-1920-1947,hops,ha,1935,iia;juan,serbia;yugoslav sfr,,2600,2.6e+04,10.0000,iia-hops-x100
F248-1920-1947,hops,ha,1936,iia;juan,serbia;yugoslav sfr,,2700,2.7e+04,10.0000,iia-hops-x100
F248-1920-1947,hops,ha,1937,iia;juan,serbia;yugoslav sfr,,2900,2.9e+04,10.0000,iia-hops-x100
F248-1920-1947,hops,ha,1938,iia;juan,serbia;yugoslav sfr,,2800,2.8e+04,10.0000,iia-hops-x100
F248-1920-1947,rye,ha,1931,iia;juan,serbia;yugoslav sfr,,2.442e+04,2.442e+05,10.0000,iia-attributable-single-cell-errors
F248-1920-1947,rye,ha,1932,iia;juan,serbia;yugoslav sfr,,2.43e+04,2.43e+05,10.0000,iia-attributable-single-cell-errors
F51-1918-1938,hops,ha,1934,iia;juan,czech republic;czechoslovakia,,1.09e+04,1.09e+05,10.0000,iia-hops-x100
F51-1918-1938,hops,ha,1935,iia;juan,czech republic;czechoslovakia,,1.12e+04,1.12e+05,10.0000,iia-hops-x100
F51-1918-1938,hops,ha,1936,iia;juan,czech republic;czechoslovakia,,1.14e+04,1.14e+05,10.0000,iia-hops-x100
F51-1938-1945,"beans, dry",ha,1941,iia;juan,czech republic;czechoslovakia,,4000,4e+04,10.0000,iia-czechoslovakia-beans-component-only
F51-1938-1945,"beans, dry",ha,1942,iia;juan,czech republic;czechoslovakia,,4000,4e+04,10.0000,iia-czechoslovakia-beans-component-only
F51-1938-1945,hops,ha,1938,iia;juan,czech republic;czechoslovakia,,1.16e+04,1.16e+05,10.0000,iia-hops-x100
F51-1918-1938,hops,ha,1937,iia;juan,czech republic;czechoslovakia,,1.15e+04,1.13e+05,9.8261,iia-hops-x100
F51-1938-1945,"beans, dry",ha,1939,iia;juan,czech republic;czechoslovakia,,4000,3.9e+04,9.7500,iia-czechoslovakia-beans-component-only
ESP-1800-2025,figs,tonnes,1951,fao1952;juan,spain,;crops:production,1.9e+04,1.796e+05,9.4526,
F248-1920-1947,flax fibre and tow,tonnes,1938,iia;juan,serbia;yugoslav sfr,,1400,1.29e+04,9.2143,iia-attributable-single-cell-errors;iia-flax-fibre-item-is-mostly-linseed
KEN-1926-1963,cattle,heads,1950,fao1952;mitchell,kenya,livestock:livestock;page_43_table_1,6.12e+05,5.612e+06,9.1699,
F51-1938-1945,rye,ha,1940,iia;juan,czech republic;czechoslovakia,,7.8e+04,7.08e+05,9.0769,iia-attributable-single-cell-errors
F51-1918-1938,grapes,tonnes,1937,iia;juan,czech republic;czechoslovakia,,1.11e+04,1.006e+05,9.0631,iia-item-series-switch-raw-products
SWE-1905-2025,linseed,tonnes,1949,fao1952;juan,sweden,;crops:production,5e+04,4.5e+05,9.0000,
ESP-1800-2025,olives,tonnes,1934-1938,fao1952;iia,spain,;crops:production,2.038e+05,1.824e+06,8.9500,
F51-1918-1938,grapes,tonnes,1933,iia;juan,czech republic;czechoslovakia,,6800,6.05e+04,8.8971,iia-item-series-switch-raw-products
ZAF-1910-2025,grapes,ha,1934-1938,fao1952;iia,south africa;union of south africa,;crops:area,5000,4.4e+04,8.8000,iia-item-series-switch-raw-products;layerb-nested-reporting-levels-one-polity
F248-1920-1947,flax fibre and tow,tonnes,1937,iia;juan,serbia;yugoslav sfr,,1300,1.11e+04,8.5385,iia-attributable-single-cell-errors;iia-flax-fibre-item-is-mostly-linseed
F51-1938-1945,grapes,ha,1939,iia;juan,czech republic;czechoslovakia,,2000,1.7e+04,8.5000,iia-item-series-switch-raw-products
ITS-1908-1960,cattle,heads,1949,fao1952;mitchell,somalia,livestock:livestock;page_14_table_1,1.43e+05,1.2e+06,8.3916,
F51-1918-1938,"beans, dry",ha,1934,iia;juan,czech republic;czechoslovakia,,7000,5.8e+04,8.2857,iia-czechoslovakia-beans-component-only
F248-1920-1947,flax fibre and tow,tonnes,1936,iia;juan,serbia;yugoslav sfr,,1500,1.2e+04,8.0000,iia-attributable-single-cell-errors;iia-flax-fibre-item-is-mostly-linseed
F248-1920-1947,flax fibre and tow,tonnes,1939,iia;juan,serbia;yugoslav sfr,,1500,1.2e+04,8.0000,iia-attributable-single-cell-errors;iia-flax-fibre-item-is-mostly-linseed
USA-1867-1959,grapes,tonnes,1934-1938,fao1952;iia,united states;united states of america,;crops:production,2.699e+05,2.128e+06,7.8844,iia-item-series-switch-raw-products
ARG-1902-2025,grapes,ha,1934-1938,fao1952;iia,argentina,;crops:area,2.1e+04,1.6e+05,7.6190,iia-item-series-switch-raw-products
ARG-1902-2025,rye,tonnes,1951,fao1952;juan,argentina,;crops:production,8.7e+04,6.31e+05,7.2529,
ESP-1800-2025,figs,tonnes,1950,fao1952;juan,spain,;crops:production,2.7e+04,1.94e+05,7.1852,
USA-1867-1959,soybeans,tonnes,1934-1938,fao1952;iia,united states;united states of america,;crops:production,1.64e+05,1.164e+06,7.0976,
F51-1938-1945,"beans, dry",ha,1943,iia;juan,czech republic;czechoslovakia,,5000,3.5e+04,7.0000,iia-czechoslovakia-beans-component-only
TWN-1895-1945,soybeans,ha,1934-1938,fao1952;iia,"china taiwan;china, taiwan province of",;crops:area,7000,4.7e+04,6.7143,
UGA-1926-1962,sheep,heads,1950,fao1952;mitchell,uganda,livestock:livestock;page_26_table_1,1.58e+05,1.036e+06,6.5570,
PRT-1800-2025,grapes,tonnes,1934-1938,fao1952;iia,portugal,;crops:production,1.83e+05,1.183e+06,6.4661,iia-item-series-switch-raw-products
USA-1867-1959,wine,tonnes,1934-1938,fao1952;iia,united states;united states of america,;crops:production,8.323e+04,5.26e+05,6.3201,
ARG-1902-2025,rye,ha,1951,fao1952;juan,argentina,;crops:area,1.56e+05,9.85e+05,6.3141,
COD-1910-1960,goats,heads,1950,fao1952;mitchell,belgian congo;dr congo,livestock:livestock;page_26_table_1,1.9e+05,1.19e+06,6.2632,
FCM-1920-1960,cattle,heads,1951,fao1952;mitchell,cameroon;french cameroons,livestock:livestock;page_37_table_1,2e+05,1.25e+06,6.2500,
EGY-1925-1967,sesame seed,tonnes,1934-1938,fao1952;iia,egypt,;crops:production,5900,3.6e+04,6.1017,
F248-1947-1991,linseed,ha,1951,fao1952;juan,yugoslav sfr;yugoslavia,;crops:area,2000,1.2e+04,6.0000,
F51-1938-1945,"beans, dry",ha,1944,iia;juan,czech republic;czechoslovakia,,5000,3e+04,6.0000,iia-czechoslovakia-beans-component-only
NIC-1800-2025,meat,tonnes,1949,fao1952;mitchell,nicaragua,livestock:production;page_30_table_1,3000,1.8e+04,6.0000,
ITS-1908-1960,camels,heads,1949,fao1952;mitchell,somalia,livestock:livestock;page_14_table_1,2e+05,1.156e+06,5.7800,
GRC-1947-2025,grapes,tonnes,1950,fao1952;juan,greece,;crops:production,2.13e+05,1.213e+06,5.6948,
ESP-1800-2025,oats,tonnes,1934-1938,fao1952;iia,spain,;crops:production,6.702e+05,3.67e+06,5.4760,
USA-1867-1959,linseed,ha,1951,fao1952;juan,united states;united states of america,;crops:area,2.905e+05,1.58e+06,5.4389,
SYR-1946-1967,goats,heads,1950,fao1952;mitchell,syria;syrian arab republic,livestock:livestock;page_3_table_1,2.3e+05,1.23e+06,5.3478,
GRC-1947-2025,grapes,tonnes,1949,fao1952;juan,greece,;crops:production,2.33e+05,1.233e+06,5.2918,
THA-1909-2025,cattle,heads,1949,fao1952;mitchell,thailand,livestock:livestock;page_3_table_1,9.5e+05,5e+06,5.2632,
BRA-1909-2025,cotton lint,ha,1951,fao1952;mitchell,brazil,crops:area;page_24_table_1,4.87e+05,2.487e+06,5.1068,
F248-1920-1947,"beans, dry",tonnes,1935,iia;juan,serbia;yugoslav sfr,,2.25e+04,1.147e+05,5.0978,
ARG-1902-2025,rapeseed,tonnes,1949,fao1952;juan,argentina,;crops:production,3000,1.5e+04,5.0000,
F51-1938-1945,"beans, dry",tonnes,1940,iia;juan,czech republic;czechoslovakia,,4700,2.29e+04,4.8723,iia-czechoslovakia-beans-component-only
COD-1910-1960,goats,heads,1949,fao1952;mitchell,belgian congo;dr congo,livestock:livestock;page_26_table_1,2.7e+05,1.27e+06,4.7037,
F51-1945-1947,"beans, dry",ha,1945,iia;juan,czech republic;czechoslovakia,,6000,2.8e+04,4.6667,
ARG-1902-2025,meat,tonnes,1951,fao1952;mitchell,argentina,livestock:production;page_34_table_1,4.68e+05,2.171e+06,4.6389,
ARG-1902-2025,grapes,tonnes,1950,fao1952;juan,argentina,;crops:production,3.85e+05,1.751e+06,4.5481,
LKA-1800-2025,cattle,heads,1950,fao1952;mitchell,ceylon;sri lanka,livestock:livestock;page_1_table_1,2.49e+05,1.112e+06,4.4659,
F51-1918-1938,"beans, dry",tonnes,1937,iia;juan,czech republic;czechoslovakia,,6900,3.04e+04,4.4058,iia-czechoslovakia-beans-component-only
F248-1920-1947,"beans, dry",tonnes,1936,iia;juan,serbia;yugoslav sfr,,3.06e+04,1.335e+05,4.3627,
F248-1920-1947,"beans, dry",tonnes,1937,iia;juan,serbia;yugoslav sfr,,3.56e+04,1.55e+05,4.3539,
DEU-1949-1990,linseed,ha,1949,fao1952;juan,germany,;crops:area,1.2e+04,5.2e+04,4.3333,
F51-1938-1945,"beans, dry",tonnes,1941,iia;juan,czech republic;czechoslovakia,,4500,1.95e+04,4.3333,iia-czechoslovakia-beans-component-only
ISR-1948-1967,goats,heads,1950,fao1952;mitchell,israel,livestock:livestock;page_45_table_1,1.5e+04,6.5e+04,4.3333,
F51-1938-1945,"beans, dry",tonnes,1939,iia;juan,czech republic;czechoslovakia,,5700,2.43e+04,4.2632,iia-czechoslovakia-beans-component-only
F248-1920-1947,"beans, dry",tonnes,1938,iia;juan,serbia;yugoslav sfr,,2.69e+04,1.141e+05,4.2416,
ECU-1942-2025,bananas,ha,1949,fao1952;juan,ecuador,;crops:area,2e+04,8.2e+04,4.1000,
EGY-1925-1967,olives,tonnes,1934-1938,fao1952;iia,egypt,;crops:production,2000,8100,4.0500,
F51-1938-1945,"beans, dry",tonnes,1942,iia;juan,czech republic;czechoslovakia,,6100,2.46e+04,4.0328,iia-czechoslovakia-beans-component-only
ISR-1948-1967,goats,heads,1951,fao1952;mitchell,israel,livestock:livestock;page_45_table_1,2e+04,8e+04,4.0000,
VEN-1830-2025,cotton lint,tonnes,1949,fao1952;juan,venezuela,;crops:production,1000,4000,4.0000,
VEN-1830-2025,cotton lint,tonnes,1950,fao1952;juan,venezuela,;crops:production,1000,4000,4.0000,
F248-1920-1947,"beans, dry",tonnes,1939,iia;juan,serbia;yugoslav sfr,,2.48e+04,9.82e+04,3.9597,
F248-1920-1947,"beans, dry",tonnes,1934,iia;juan,serbia;yugoslav sfr,,4.04e+04,1.582e+05,3.9158,
F51-1918-1938,"beans, dry",tonnes,1936,iia;juan,czech republic;czechoslovakia,,7600,2.91e+04,3.8289,iia-czechoslovakia-beans-component-only
F248-1920-1947,"beans, dry",tonnes,1933,iia;juan,serbia;yugoslav sfr,,3.06e+04,1.166e+05,3.8105,
VEN-1830-2025,sesame seed,tonnes,1949,fao1952;juan,venezuela,;crops:production,2200,8200,3.7273,
F51-1938-1945,"beans, dry",tonnes,1938,iia;juan,czech republic;czechoslovakia,,5900,2.19e+04,3.7119,iia-czechoslovakia-beans-component-only
ISR-1948-1967,goats,heads,1949,fao1952;mitchell,israel,livestock:livestock;page_45_table_1,1.1e+04,4e+04,3.6364,
TWN-1895-1945,sesame seed,tonnes,1934-1938,fao1952;iia,"china taiwan;china, taiwan province of",;crops:production,400,1400,3.5000,
IND-1949-2025,tea,tonnes,1951,fao1952;mitchell,india,crops:production;page_18_table_1,8.22e+04,2.83e+05,3.4428,
NZL-1840-2025,wine,tonnes,1934-1938,fao1952;iia,new zealand,;crops:production,291,1000,3.4364,
F51-1918-1938,"beans, dry",tonnes,1935,iia;juan,czech republic;czechoslovakia,,4900,1.67e+04,3.4082,iia-czechoslovakia-beans-component-only
ITA-1947-2025,figs,tonnes,1951,fao1952;juan,italy,;crops:production,1.13e+05,3.811e+05,3.3726,
USA-1867-1959,figs,tonnes,1949,fao1952;juan,united states;united states of america,;crops:production,2.8e+04,9.4e+04,3.3571,
ITA-1947-2025,figs,tonnes,1949,fao1952;juan,italy,;crops:production,1.19e+05,3.944e+05,3.3147,
SYR-1946-1967,goats,heads,1951,fao1952;mitchell,syria;syrian arab republic,livestock:livestock;page_3_table_1,4.34e+05,1.434e+06,3.3041,
LBY-1934-1943,grapes,tonnes,1934-1938,fao1952;iia,libya,;crops:production,7000,2.3e+04,3.2857,iia-item-series-switch-raw-products
USA-1867-1959,figs,tonnes,1950,fao1952;juan,united states;united states of america,;crops:production,2.6e+04,8.5e+04,3.2692,
F51-1918-1938,"beans, dry",tonnes,1934,iia;juan,czech republic;czechoslovakia,,7100,2.31e+04,3.2535,iia-czechoslovakia-beans-component-only
ITA-1947-2025,figs,tonnes,1950,fao1952;juan,italy,;crops:production,1.12e+05,3.634e+05,3.2446,
GBR-1921-2025,linseed,ha,1950,fao1952;juan,united kingdom,;crops:area,5000,1.6e+04,3.2000,layerb-nested-reporting-levels-one-polity
CYP-1879-2025,grapes,tonnes,1934-1938,fao1952;iia,cyprus,;crops:production,1.63e+04,5.2e+04,3.1902,iia-item-series-switch-raw-products
HTI-1800-2025,cotton lint,ha,1934-1938,fao1952;iia,haiti,;crops:area,3.7e+04,1.15e+05,3.1081,iia-item-series-switch-raw-products
F51-1938-1945,"beans, dry",tonnes,1943,iia;juan,czech republic;czechoslovakia,,5000,1.54e+04,3.0800,iia-czechoslovakia-beans-component-only
PER-1942-2025,tea,tonnes,1951,fao1952;juan,peru,;crops:production,200,600,3.0000,
SUD-1934-1956,camels,heads,1950,fao1952;mitchell,anglo-egyptian sudan;sudan,copia de page_20_table_1;livestock:livestock,5e+05,1.5e+06,3.0000,
USA-1867-1959,figs,tonnes,1951,fao1952;juan,united states;united states of america,;crops:production,3.5e+04,1.03e+05,2.9429,
FRA-1919-2025,grapes,ha,1950,fao1952;juan,france,;crops:area,5.17e+05,1.517e+06,2.9342,
KOR-1800-1945,"tobacco, unmanufactured",tonnes,1920,iia;mitchell,korea;south korea,;page_12_table_1,5508,1.6e+04,2.9047,iia-corrupted-country-labels
CRI-1800-2025,poultry,heads,1950,fao1952;mitchell,costa rica,livestock:livestock;page_14_table_1,4.565e+05,1.32e+06,2.8916,
CAN-1949-2025,mixed grain,tonnes,1951,fao1952;mitchell,canada,crops:production;page_3_table_1,3.98e+05,1.14e+06,2.8643,
F51-1938-1945,"beans, dry",tonnes,1944,iia;juan,czech republic;czechoslovakia,,5100,1.46e+04,2.8627,iia-czechoslovakia-beans-component-only
GRC-1919-1947,grapes,ha,1934-1938,fao1952;iia,greece,;crops:area,9.7e+04,2.69e+05,2.7732,iia-greece-grapes-dodecanese-period-cells;iia-item-series-switch-raw-products
PAL-1920-1948,wine,tonnes,1932,iia;mitchell,israel;palestine,;page_38_table_1,3019,8118,2.6887,layerb-nested-reporting-levels-one-polity
TUN-1881-2025,sheep,heads,1949,fao1952;mitchell,tunisia,livestock:livestock;page_26_table_1,8.94e+05,2.39e+06,2.6734,
USA-1867-1959,linseed,ha,1950,fao1952;juan,united states;united states of america,;crops:area,6.55e+05,1.655e+06,2.5267,
HND-1800-2025,meat,tonnes,1951,fao1952;mitchell,honduras,livestock:production;page_30_table_1,1.4e+04,3.4e+04,2.4286,
ARG-1902-2025,chick peas,ha,1949,fao1952;juan,argentina,;crops:area,4000,9700,2.4250,
HND-1800-2025,bananas,tonnes,1950,fao1952;juan,honduras,;crops:production,3.51e+05,8.45e+05,2.4074,
HND-1800-2025,bananas,tonnes,1951,fao1952;juan,honduras,;crops:production,3.66e+05,8.72e+05,2.3825,
JAM-1800-2025,meat,tonnes,1950,fao1952;mitchell,british west indies jamaica;jamaica,livestock:production;page_30_table_1,5500,1.3e+04,2.3636,
JAM-1800-2025,meat,tonnes,1951,fao1952;mitchell,british west indies jamaica;jamaica,livestock:production;page_30_table_1,5500,1.3e+04,2.3636,
CHL-1902-2025,chick peas,tonnes,1949,fao1952;juan,chile,;crops:production,3000,7000,2.3333,
CHL-1902-2025,meat,tonnes,1949,fao1952;mitchell,chile,livestock:production;page_33_table_1,6.75e+04,1.55e+05,2.2963,
ARG-1902-2025,rye,tonnes,1950,fao1952;juan,argentina,;crops:production,2.77e+05,6.31e+05,2.2780,
ARG-1902-2025,soybeans,tonnes,1950,fao1952;juan,argentina,;crops:production,441,1000,2.2676,
NLD-1830-2025,linseed,tonnes,1949,fao1952;juan,netherlands,;crops:production,8000,1.8e+04,2.2500,
KOR-1800-1945,sesame seed,ha,1934-1938,fao1952;iia,korea;south korea,;crops:area,1e+04,2.2e+04,2.2000,
JAM-1800-2025,meat,tonnes,1949,fao1952;mitchell,british west indies jamaica;jamaica,livestock:production;page_30_table_1,5500,1.2e+04,2.1818,
LAO-1893-1954,cattle,heads,1951,fao1952;mitchell,indochina laos;lao,livestock:livestock;page_47_table_1,8.3e+04,1.79e+05,2.1566,
URY-1828-2025,meat,tonnes,1951,fao1952;mitchell,uruguay,livestock:production;page_34_table_1,1.81e+05,3.86e+05,2.1326,
MEX-1848-2025,meat,tonnes,1949,fao1952;mitchell,mexico,livestock:production;page_30_table_1,9.45e+04,2.01e+05,2.1270,
HND-1800-2025,bananas,tonnes,1949,fao1952;juan,honduras,;crops:production,3.71e+05,7.89e+05,2.1267,
TUR-1920-2025,grapes,tonnes,1934-1938,fao1952;iia,turkey,;crops:production,4.4e+05,9.34e+05,2.1227,iia-item-series-switch-raw-products
ARG-1902-2025,rye,ha,1950,fao1952;juan,argentina,;crops:area,4.67e+05,9.85e+05,2.1092,
USA-1867-1959,meat,tonnes,1949,fao1952;mitchell,united states;united states of america,livestock:production;page_31_table_1,4.776e+06,9.826e+06,2.0572,
USA-1867-1959,meat,tonnes,1950,fao1952;mitchell,united states;united states of america,livestock:production;page_31_table_1,4.872e+06,1.001e+07,2.0552,
BRA-1909-2025,meat,tonnes,1949,fao1952;mitchell,brazil,livestock:production;page_33_table_1,5.94e+05,1.218e+06,2.0505,
USA-1867-1959,meat,tonnes,1951,fao1952;mitchell,united states;united states of america,livestock:production;page_31_table_1,4.85e+06,9.933e+06,2.0478,
F51-1945-1947,"beans, dry",tonnes,1945,iia;juan,czech republic;czechoslovakia,,6500,1.32e+04,2.0308,
VEN-1830-2025,meat,tonnes,1949,fao1952;mitchell,venezuela,livestock:production;page_33_table_1,4e+04,8.1e+04,2.0250,
VEN-1830-2025,meat,tonnes,1951,fao1952;mitchell,venezuela,livestock:production;page_34_table_1,4.25e+04,8.6e+04,2.0235,
F248-1920-1947,rapeseed,tonnes,1920,iia;juan,serbia;yugoslav sfr,,1929,3900,2.0217,iia-attributable-single-cell-errors
URY-1828-2025,meat,tonnes,1949,fao1952;mitchell,uruguay,livestock:production;page_33_table_1,1.86e+05,3.76e+05,2.0215,
COL-1922-2025,poultry,heads,1950,fao1952;mitchell,colombia,livestock:livestock;page_4_table_1,2.107e+07,4.22e+07,2.0025,
ARG-1902-2025,olives,tonnes,1950,fao1952;juan,argentina,;crops:production,1.3e+04,2.6e+04,2.0000,
ECU-1942-2025,cotton lint,tonnes,1951,fao1952;juan,ecuador,;crops:production,2000,4000,2.0000,
F228-1921-1940,hops,ha,1934-1938,fao1952;iia,russian federation;ussr,;crops:area,2000,4000,2.0000,iia-hops-x100
F248-1920-1947,cotton lint,tonnes,1934-1938,fao1952;iia,serbia;yugoslavia,;crops:production,500,1000,2.0000,iia-item-series-switch-raw-products
F248-1920-1947,sesame seed,ha,1939,iia;juan,serbia;yugoslav sfr,,1000,2000,2.0000,
GUY-1800-2025,sheep,heads,1950,fao1952;mitchell,british guiana;guyana,livestock:livestock;page_6_table_1,3.7e+04,7.4e+04,2.0000,
HND-1800-2025,meat,tonnes,1950,fao1952;mitchell,honduras,livestock:production;page_30_table_1,1.4e+04,2.8e+04,2.0000,
MEX-1848-2025,grapes,ha,1934-1938,fao1952;iia,mexico,;crops:area,1000,2000,2.0000,iia-item-series-switch-raw-products
PER-1942-2025,poultry,heads,1949,fao1952;mitchell,peru,livestock:livestock;page_10_table_1,9.1e+06,1.82e+07,2.0000,
PER-1942-2025,tea,tonnes,1949,fao1952;juan,peru,;crops:production,100,200,2.0000,
PRY-1938-2025,cotton lint,tonnes,1949,fao1952;juan,paraguay,;crops:production,1.4e+04,2.8e+04,2.0000,
USA-1867-1959,linseed,tonnes,1949,fao1952;juan,united states;united states of america,;crops:production,5.585e+05,1.116e+06,1.9982,
USA-1867-1959,linseed,ha,1949,fao1952;juan,united states;united states of america,;crops:area,9.97e+05,1.992e+06,1.9980,
COL-1922-2025,poultry,heads,1949,fao1952;mitchell,colombia,livestock:livestock;page_4_table_1,1.863e+07,3.72e+07,1.9968,
CAN-1949-2025,linseed,tonnes,1951,fao1952;juan,canada,;crops:production,1.26e+05,2.51e+05,1.9921,
CAN-1949-2025,linseed,ha,1951,fao1952;juan,canada,;crops:area,2.36e+05,4.69e+05,1.9873,
CAN-1949-2025,linseed,ha,1950,fao1952;juan,canada,;crops:area,1.145e+05,2.27e+05,1.9825,
CAN-1949-2025,meat,tonnes,1949,fao1952;mitchell,canada,livestock:production;page_30_table_1,4.315e+05,8.53e+05,1.9768,
USA-1867-1959,poultry,heads,1950,fao1952;mitchell,united states;united states of america,livestock:livestock;page_28_table_1,2.313e+08,4.57e+08,1.9761,
ARG-1902-2025,lentils,tonnes,1949,fao1952;juan,argentina,;crops:production,1.32e+04,2.6e+04,1.9697,
CAN-1949-2025,meat,tonnes,1951,fao1952;mitchell,canada,livestock:production;page_30_table_1,4.145e+05,8.15e+05,1.9662,
CAN-1949-2025,linseed,tonnes,1949,fao1952;juan,canada,;crops:production,2.95e+04,5.8e+04,1.9661,
F248-1920-1947,sesame seed,tonnes,1933,iia;juan,serbia;yugoslav sfr,,50.9,100,1.9646,
CAN-1949-2025,linseed,ha,1949,fao1952;juan,canada,;crops:area,6.7e+04,1.31e+05,1.9552,
CAN-1949-2025,meat,tonnes,1950,fao1952;mitchell,canada,livestock:production;page_30_table_1,4.265e+05,8.27e+05,1.9390,
USA-1867-1959,poultry,heads,1951,fao1952;mitchell,united states;united states of america,livestock:livestock;page_28_table_1,2.239e+08,4.31e+08,1.9252,
USA-1867-1959,poultry,heads,1949,fao1952;mitchell,united states;united states of america,livestock:livestock;page_28_table_1,2.271e+08,4.31e+08,1.8978,
CHL-1902-2025,meat,tonnes,1951,fao1952;mitchell,chile,livestock:production;page_34_table_1,7.6e+04,1.41e+05,1.8553,
SYR-1922-1946,grapes,tonnes,1934-1938,fao1952;iia,syria;syrian arab republic,;crops:production,9.2e+04,1.7e+05,1.8478,iia-item-series-switch-raw-products
ARG-1902-2025,chick peas,tonnes,1949,fao1952;juan,argentina,;crops:production,3000,5500,1.8333,
F228-1921-1940,rapeseed,ha,1934-1938,fao1952;iia,russian federation;ussr,;crops:area,6e+04,1.1e+05,1.8333,iia-attributable-single-cell-errors
ARG-1902-2025,oats,ha,1934-1938,fao1952;iia,argentina,;crops:area,7.94e+05,1.45e+06,1.8262,iia-mex-oats-arg-rapeseed-scale-factors
ARG-1902-2025,linseed,ha,1951,fao1952;juan,argentina,;crops:area,4.64e+05,8.47e+05,1.8254,
PAL-1920-1948,wine,tonnes,1933,iia;mitchell,israel;palestine,;page_38_table_1,1584,2890,1.8245,layerb-nested-reporting-levels-one-polity
ARG-1902-2025,wine,tonnes,1950,fao1952;mitchell,argentina,crops:production;page_47_table_1 (2),6.8e+05,1.238e+06,1.8212,
COL-1922-2025,meat,tonnes,1949,fao1952;mitchell,colombia,livestock:production;page_33_table_1,1.81e+05,3.28e+05,1.8122,
PAL-1920-1948,wine,tonnes,1930,iia;mitchell,israel;palestine,;page_38_table_1,1980,3569,1.8024,layerb-nested-reporting-levels-one-polity
F248-1947-1991,sesame seed,tonnes,1950,fao1952;juan,yugoslav sfr;yugoslavia,;crops:production,1000,1800,1.8000,
PAN-1903-1979,bananas,ha,1950,fao1952;juan,panama,;crops:area,1e+04,1.8e+04,1.8000,
ARG-1902-2025,linseed,tonnes,1951,fao1952;juan,argentina,;crops:production,3.13e+05,5.59e+05,1.7859,
GUY-1800-2025,cattle,heads,1949,fao1952;mitchell,british guiana;guyana,livestock:livestock;page_6_table_1,1.86e+05,3.32e+05,1.7849,
HUN-1947-2025,grapes,ha,1950,fao1952;juan,hungary,;crops:area,2.3e+05,4.06e+05,1.7652,
F248-1920-1947,sesame seed,ha,1933,iia;juan,serbia;yugoslav sfr,,200,350,1.7500,
ISR-1948-1967,cattle,heads,1950,fao1952;mitchell,israel,livestock:livestock;page_45_table_1,4e+04,7e+04,1.7500,
URY-1828-2025,oats,tonnes,1950,fao1952;juan,uruguay,;crops:production,3.4e+04,5.9e+04,1.7353,
CAN-1949-2025,mixed grain,tonnes,1950,fao1952;mitchell,canada,crops:production;page_3_table_1,8.77e+05,1.501e+06,1.7115,
GUY-1800-2025,sheep,heads,1949,fao1952;mitchell,british guiana;guyana,livestock:livestock;page_6_table_1,4.4e+04,7.4e+04,1.6818,
URY-1828-2025,oats,ha,1950,fao1952;juan,uruguay,;crops:area,5.9e+04,9.9e+04,1.6780,
CHL-1902-2025,olives,tonnes,1934-1938,fao1952;iia,chile,;crops:production,600,1000,1.6667,
CYP-1879-2025,cotton lint,tonnes,1934-1938,fao1952;iia,cyprus,;crops:production,600,1000,1.6667,iia-item-series-switch-raw-products
MEX-1848-2025,dates,tonnes,1950,fao1952;juan,mexico,;crops:production,3000,5000,1.6667,
PAL-1920-1948,oats,tonnes,1934-1938,fao1952;iia,israel;palestine,;crops:production,600,1000,1.6667,layerb-nested-reporting-levels-one-polity
TAN-1922-1964,cotton lint,tonnes,1951,fao1952;mitchell,tanganyika;tanzania,crops:production;page_46_table_1,9000,1.5e+04,1.6667,
URY-1828-2025,linseed,ha,1949,fao1952;juan,uruguay,;crops:area,1.4e+05,2.33e+05,1.6643,
ARG-1902-2025,oats,tonnes,1951,fao1952;juan,argentina,;crops:production,4.42e+05,7.33e+05,1.6584,
COD-1910-1960,sheep,heads,1951,fao1952;mitchell,belgian congo;dr congo,livestock:livestock;page_26_table_1,3.3e+05,5.47e+05,1.6576,
ITA-1947-2025,grapes,tonnes,1951,fao1952;juan,italy,;crops:production,4.435e+06,7.318e+06,1.6501,
F248-1920-1947,sesame seed,tonnes,1932,iia;juan,serbia;yugoslav sfr,,110,180,1.6364,
GBR-1921-2025,linseed,ha,1951,fao1952;juan,united kingdom,;crops:area,1.1e+04,1.8e+04,1.6364,layerb-nested-reporting-levels-one-polity
ITA-1947-2025,grapes,tonnes,1950,fao1952;juan,italy,;crops:production,4.014e+06,6.544e+06,1.6303,
ISR-1948-1967,cattle,heads,1951,fao1952;mitchell,israel,livestock:livestock;page_45_table_1,5.1e+04,8.3e+04,1.6275,
COD-1910-1960,sheep,heads,1950,fao1952;mitchell,belgian congo;dr congo,livestock:livestock;page_26_table_1,3e+05,4.86e+05,1.6200,
ARG-1902-2025,olives,tonnes,1951,fao1952;juan,argentina,;crops:production,1.3e+04,2.1e+04,1.6154,
CHL-1902-2025,linseed,ha,1949,fao1952;juan,chile,;crops:area,5000,8000,1.6000,
IRL-1921-2025,goats,heads,1950,fao1952;juan,ireland,;livestock:livestock,5e+04,8e+04,1.6000,
CHN-1950-2025,cotton lint,tonnes,1951,fao1952;mitchell,"china and manchuria;china, mainland",crops:production;page_2_table_1,6.5e+05,1.031e+06,1.5862,layerb-nested-reporting-levels-one-polity
URY-1828-2025,linseed,tonnes,1951,fao1952;juan,uruguay,;crops:production,9e+04,1.42e+05,1.5778,
F228-1921-1940,wine,tonnes,1934-1938,fao1952;iia,russian federation;ussr,;crops:production,4.85e+05,7.6e+05,1.5670,
PER-1942-2025,grapes,tonnes,1950,fao1952;juan,peru,;crops:production,3.9e+04,6.1e+04,1.5641,
URY-1828-2025,linseed,tonnes,1949,fao1952;juan,uruguay,;crops:production,7.5e+04,1.17e+05,1.5600,
THA-1909-2025,cotton lint,tonnes,1934-1938,fao1952;iia,thailand,;crops:production,1300,2000,1.5385,iia-item-series-switch-raw-products
F228-1921-1940,grapes,tonnes,1934-1938,fao1952;iia,russian federation;ussr,;crops:production,9.61e+05,1.461e+06,1.5203,iia-item-series-switch-raw-products
ARG-1902-2025,chick peas,ha,1950,fao1952;juan,argentina,;crops:area,4000,6000,1.5000,
CAN-1949-2025,rapeseed,ha,1951,fao1952;juan,canada,;crops:area,2000,3000,1.5000,
CHL-1902-2025,linseed,tonnes,1949,fao1952;juan,chile,;crops:production,4000,6000,1.5000,
FCM-1920-1960,sheep,heads,1951,fao1952;mitchell,cameroon;french cameroons,livestock:livestock;page_37_table_1,4e+05,6e+05,1.5000,
PER-1942-2025,tea,tonnes,1950,fao1952;juan,peru,;crops:production,200,300,1.5000,
SLV-1821-2025,cotton lint,ha,1934-1938,fao1952;iia,el salvador,;crops:area,2000,3000,1.5000,iia-item-series-switch-raw-products
TUN-1881-2025,goats,heads,1949,fao1952;mitchell,tunisia,livestock:livestock;page_26_table_1,1.298e+06,1.93e+06,1.4869,
FRA-1919-2025,olives,tonnes,1950,fao1952;juan,france,;crops:production,2.1e+04,3.1e+04,1.4762,
ARG-1902-2025,oats,ha,1951,fao1952;juan,argentina,;crops:area,4.28e+05,6.31e+05,1.4743,
BEL-1831-2025,grapes,tonnes,1934-1938,fao1952;iia,belgium,;crops:production,2.11e+05,3.11e+05,1.4739,iia-item-series-switch-raw-products
F228-1921-1940,rapeseed,tonnes,1934-1938,fao1952;iia,russian federation;ussr,;crops:production,6e+04,8.8e+04,1.4667,iia-attributable-single-cell-errors
TUR-1920-2025,wine,tonnes,1950,fao1952;mitchell,turkey,crops:production;page_38_table_1,1.366e+04,2e+04,1.4639,
F248-1920-1947,cotton lint,tonnes,1933,iia;juan,serbia;yugoslav sfr,,68.4,100,1.4620,iia-item-series-switch-raw-products
BRA-1909-2025,wine,tonnes,1934-1938,fao1952;iia,brazil,;crops:production,5.4e+04,7.867e+04,1.4568,
KOR-1948-2025,cattle,heads,1951,fao1952;mitchell,korea south;south korea,livestock:livestock;page_47_table_1,3.93e+05,5.72e+05,1.4555,layerb-nested-reporting-levels-one-polity
NLD-1830-2025,rapeseed,ha,1950,fao1952;juan,netherlands,;crops:area,2.2e+04,3.2e+04,1.4545,
NZL-1840-2025,oats,tonnes,1950,fao1952;mitchell,new zealand,crops:production;page_20_table_1,3.3e+04,4.8e+04,1.4545,
BRA-1909-2025,wine,tonnes,1951,fao1952;mitchell,brazil,crops:production;page_47_table_1 (2),8.128e+04,1.18e+05,1.4518,
IRN-1828-2025,grapes,tonnes,1934-1938,fao1952;iia,iran,;crops:production,4e+05,5.8e+05,1.4500,iia-item-series-switch-raw-products
ZAF-1910-2025,wine,tonnes,1951,fao1952;mitchell,south africa;union of south africa,crops:production;page_35_table_1,1.894e+05,2.74e+05,1.4468,layerb-nested-reporting-levels-one-polity
KOR-1800-1945,sesame seed,tonnes,1934-1938,fao1952;iia,korea;south korea,;crops:production,3000,4300,1.4333,
LKA-1800-2025,sheep,heads,1951,fao1952;mitchell,ceylon;sri lanka,livestock:livestock;page_1_table_1,5.1e+04,7.3e+04,1.4314,
ARG-1902-2025,tea,tonnes,1949,fao1952;juan,argentina,;crops:production,490,700,1.4286,
ARG-1902-2025,tea,tonnes,1950,fao1952;juan,argentina,;crops:production,700,1000,1.4286,
BOL-1909-1938,oats,tonnes,1934-1938,fao1952;iia,bolivia,;crops:production,700,1000,1.4286,
CHL-1902-2025,chick peas,ha,1949,fao1952;juan,chile,;crops:area,7000,1e+04,1.4286,
NZL-1840-2025,oats,ha,1950,fao1952;mitchell,new zealand,crops:area;page_4_table_1,1.4e+04,2e+04,1.4286,
URY-1828-2025,olives,tonnes,1934-1938,fao1952;iia,uruguay,;crops:production,700,1000,1.4286,
ZWE-1900-1953,tea,tonnes,1934-1938,fao1952;iia,southern rhodesia;zimbabwe,;crops:production,70,100,1.4286,iia-corrupted-country-labels
F228-1921-1940,soybeans,tonnes,1934-1938,fao1952;iia,russian federation;ussr,;crops:production,6.81e+04,9.7e+04,1.4244,
IDN-1949-1963,goats,heads,1950,fao1952;mitchell,indonesia,livestock:livestock;page_45_table_1,5.26e+06,7.474e+06,1.4209,
DNK-1920-2025,linseed,ha,1949,fao1952;juan,denmark,;crops:area,1.2e+04,1.7e+04,1.4167,
ETH-1941-1952,goats,heads,1951,fao1952;mitchell,ethiopia,livestock:livestock;page_40_table_1,1e+07,1.415e+07,1.4150,layerb-nested-reporting-levels-one-polity
AEF-1910-1960,sesame seed,tonnes,1934-1938,fao1952;iia,congo;french equat africa,;crops:production,1500,2100,1.4000,
DNK-1920-2025,linseed,ha,1951,fao1952;juan,denmark,;crops:area,1e+04,1.4e+04,1.4000,
DOM-1800-2025,meat,tonnes,1949,fao1952;mitchell,dominican republic,livestock:production;page_30_table_1,1.5e+04,2.1e+04,1.4000,
F228-1921-1940,grapes,ha,1934-1938,fao1952;iia,russian federation;ussr,;crops:area,3e+05,4.2e+05,1.4000,iia-item-series-switch-raw-products
FIN-1944-2025,linseed,ha,1950,fao1952;juan,finland,;crops:area,5000,7000,1.4000,
KEN-1926-1963,cotton lint,tonnes,1934-1938,fao1952;iia,kenya,;crops:production,2000,2800,1.4000,iia-item-series-switch-raw-products
PER-1942-2025,chick peas,tonnes,1951,fao1952;juan,peru,;crops:production,1.5e+04,2.1e+04,1.4000,
F248-1920-1947,sesame seed,tonnes,1930,iia;juan,serbia;yugoslav sfr,,121.6,170,1.3980,
NZL-1840-2025,oats,tonnes,1949,fao1952;mitchell,new zealand,crops:production;page_20_table_1,4.8e+04,6.7e+04,1.3958,
ARG-1902-2025,olives,tonnes,1949,fao1952;juan,argentina,;crops:production,1.87e+04,2.6e+04,1.3904,
PAL-1920-1948,wine,tonnes,1931,iia;mitchell,israel;palestine,;page_38_table_1,2772,3854,1.3904,layerb-nested-reporting-levels-one-polity
BEL-1831-2025,linseed,tonnes,1951,fao1952;juan,belgium,;crops:production,1.3e+04,1.8e+04,1.3846,
KOR-1800-1945,"tobacco, unmanufactured",tonnes,1925,iia;mitchell,korea;south korea,;page_12_table_1,1.017e+04,1.4e+04,1.3765,iia-corrupted-country-labels
TUN-1881-2025,cattle,heads,1949,fao1952;mitchell,tunisia,livestock:livestock;page_26_table_1,2.87e+05,3.95e+05,1.3763,
ROU-1947-2025,lentils,tonnes,1951,fao1952;juan,romania,;crops:production,8000,1.1e+04,1.3750,
ARG-1902-2025,cotton lint,tonnes,1951,fao1952;juan,argentina,;crops:production,1.1e+05,1.5e+05,1.3636,
ARG-1902-2025,oats,tonnes,1950,fao1952;juan,argentina,;crops:production,5.4e+05,7.33e+05,1.3574,
ARG-1902-2025,linseed,tonnes,1949,fao1952;juan,argentina,;crops:production,5e+05,6.76e+05,1.3520,
ISR-1948-1967,sheep,heads,1950,fao1952;mitchell,israel,livestock:livestock;page_45_table_1,3.7e+04,5e+04,1.3514,
CHL-1902-2025,oats,tonnes,1951,fao1952;juan,chile,;crops:production,8.2e+04,1.1e+05,1.3415,
F51-1918-1938,hempseed,tonnes,1921,iia;juan,czech republic;czechoslovakia,,3406,4567,1.3406,
ARG-1902-2025,oats,ha,1949,fao1952;juan,argentina,;crops:area,5.16e+05,6.9e+05,1.3372,
MWI-1891-1953,goats,heads,1949,fao1952;mitchell,malawi;nyasaland,livestock:livestock;page_49_table_1,2.61e+05,3.49e+05,1.3372,
F51-1938-1945,flax fibre and tow,tonnes,1941,iia;juan,czech republic;czechoslovakia,,1.61e+04,2.15e+04,1.3354,iia-attributable-single-cell-errors;iia-flax-fibre-item-is-mostly-linseed
ARG-1902-2025,chick peas,tonnes,1950,fao1952;juan,argentina,;crops:production,3000,4000,1.3333,
CHL-1902-2025,chick peas,tonnes,1951,fao1952;juan,chile,;crops:production,3000,4000,1.3333,
CHL-1902-2025,lentils,tonnes,1951,fao1952;juan,chile,;crops:production,1.2e+04,1.6e+04,1.3333,
ESP-1800-2025,linseed,ha,1949,fao1952;juan,spain,;crops:area,3000,4000,1.3333,
F248-1920-1947,soybeans,tonnes,1934-1938,fao1952;iia,serbia;yugoslavia,;crops:production,1500,2000,1.3333,
MEX-1848-2025,oats,ha,1934-1938,fao1952;iia,mexico,;crops:area,6000,8000,1.3333,iia-mex-oats-arg-rapeseed-scale-factors
PER-1942-2025,lentils,ha,1950,fao1952;juan,peru,;crops:area,3000,4000,1.3333,
PER-1942-2025,lentils,ha,1951,fao1952;juan,peru,;crops:area,3000,4000,1.3333,
CHN-1950-2025,cotton lint,tonnes,1950,fao1952;mitchell,"china and manchuria;china, mainland",crops:production;page_2_table_1,5.2e+05,6.92e+05,1.3308,layerb-nested-reporting-levels-one-polity
IDN-1949-1963,tea,tonnes,1950,fao1952;mitchell,indonesia,crops:production;page_18_table_1,3.54e+04,4.7e+04,1.3277,
URY-1828-2025,cattle,heads,1951,fao1952;juan,uruguay,;livestock:livestock,6.154e+06,8.154e+06,1.3250,
ARG-1902-2025,wine,tonnes,1951,fao1952;mitchell,argentina,crops:production;page_47_table_1 (2),8.6e+05,1.139e+06,1.3242,
GRC-1947-2025,cotton lint,tonnes,1951,fao1952;juan,greece,;crops:production,2.2e+04,2.9e+04,1.3182,
F248-1920-1947,sesame seed,ha,1931,iia;juan,serbia;yugoslav sfr,,300,395,1.3167,
GRC-1919-1947,cotton lint,tonnes,1934-1938,fao1952;iia,greece,;crops:production,1.22e+04,1.6e+04,1.3115,iia-item-series-switch-raw-products
F51-1918-1938,flax fibre and tow,tonnes,1934,iia;juan,czech republic;czechoslovakia,,4300,5600,1.3023,iia-attributable-single-cell-errors;iia-flax-fibre-item-is-mostly-linseed
F51-1918-1938,flax fibre and tow,tonnes,1936,iia;juan,czech republic;czechoslovakia,,7300,9500,1.3014,iia-attributable-single-cell-errors;iia-flax-fibre-item-is-mostly-linseed
ECU-1830-1942,cotton lint,tonnes,1934-1938,fao1952;iia,ecuador,;crops:production,2000,2600,1.3000,iia-item-series-switch-raw-products
ARG-1902-2025,oats,tonnes,1949,fao1952;juan,argentina,;crops:production,5.4e+05,7e+05,1.2963,
LKA-1800-2025,sheep,heads,1950,fao1952;mitchell,ceylon;sri lanka,livestock:livestock;page_1_table_1,4.4e+04,5.7e+04,1.2955,
HUN-1947-2025,linseed,ha,1949,fao1952;juan,hungary,;crops:area,1.7e+04,2.2e+04,1.2941,
GTM-1821-2025,cattle,heads,1949,fao1952;juan,guatemala,;livestock:livestock,6.93e+05,8.93e+05,1.2886,
USA-1867-1959,rye,ha,1949,fao1952;juan,united states;united states of america,;crops:area,4.91e+05,6.31e+05,1.2851,
F51-1938-1945,flax fibre and tow,tonnes,1942,iia;juan,czech republic;czechoslovakia,,1.72e+04,2.21e+04,1.2849,iia-attributable-single-cell-errors;iia-flax-fibre-item-is-mostly-linseed
IDN-1949-1963,goats,heads,1951,fao1952;mitchell,indonesia,livestock:livestock;page_45_table_1,4.376e+06,5.616e+06,1.2834,
CHL-1902-2025,oats,tonnes,1950,fao1952;juan,chile,;crops:production,6.4e+04,8.2e+04,1.2812,
TUN-1881-2025,sheep,heads,1950,fao1952;mitchell,tunisia,livestock:livestock;page_26_table_1,2.39e+06,3.06e+06,1.2803,
F228-1921-1940,soybeans,ha,1934-1938,fao1952;iia,russian federation;ussr,;crops:area,1.41e+05,1.8e+05,1.2766,
ARG-1902-2025,grapes,tonnes,1934-1938,fao1952;iia,argentina,;crops:production,1.96e+05,2.5e+05,1.2755,iia-item-series-switch-raw-products
PRY-1938-2025,cotton lint,tonnes,1951,fao1952;juan,paraguay,;crops:production,1.1e+04,1.4e+04,1.2727,
MAR-1911-1958,sheep,heads,1951,fao1952;mitchell,french morocco;morocco,livestock:livestock;page_2_table_1,1.096e+07,1.392e+07,1.2703,
URY-1828-2025,oats,ha,1949,fao1952;juan,uruguay,;crops:area,7.8e+04,9.9e+04,1.2692,
CAN-1949-2025,mixed grain,ha,1949,fao1952;mitchell,canada,crops:area;page_15_table_1,5.37e+05,6.81e+05,1.2682,
CHL-1902-2025,oats,tonnes,1949,fao1952;juan,chile,;crops:production,6.4e+04,8.1e+04,1.2656,
ESP-1800-2025,lentils,ha,1949,fao1952;juan,spain,;crops:area,4e+04,5.06e+04,1.2650,
ETH-1941-1952,sheep,heads,1951,fao1952;mitchell,ethiopia,livestock:livestock;page_40_table_1,1.5e+07,1.895e+07,1.2633,layerb-nested-reporting-levels-one-polity
IDN-1949-1963,tea,tonnes,1951,fao1952;mitchell,indonesia,crops:production;page_18_table_1,3.7e+04,4.65e+04,1.2568,
JOR-1923-1946,grapes,tonnes,1934-1938,fao1952;iia,jordan,;crops:production,1.99e+04,2.5e+04,1.2563,iia-item-series-switch-raw-products
F51-1918-1938,rye,tonnes,1925,iia;juan,czech republic;czechoslovakia,,1.176e+06,1.476e+06,1.2552,iia-attributable-single-cell-errors
F248-1920-1947,rapeseed,ha,1923,iia;juan,serbia;yugoslav sfr,,2300,2885,1.2543,iia-attributable-single-cell-errors
ARG-1902-2025,grapes,tonnes,1949,fao1952;juan,argentina,;crops:production,1.4e+06,1.751e+06,1.2507,
ARG-1902-2025,rapeseed,ha,1950,fao1952;juan,argentina,;crops:area,4000,5000,1.2500,
CHL-1902-2025,rye,tonnes,1949,fao1952;juan,chile,;crops:production,4000,5000,1.2500,
CHL-1902-2025,rye,tonnes,1950,fao1952;juan,chile,;crops:production,4000,5000,1.2500,
F248-1920-1947,olives,tonnes,1934-1938,fao1952;iia,serbia;yugoslavia,;crops:production,2.72e+04,3.4e+04,1.2500,
F51-1938-1945,flax fibre and tow,tonnes,1940,iia;juan,czech republic;czechoslovakia,,1.88e+04,2.35e+04,1.2500,iia-attributable-single-cell-errors;iia-flax-fibre-item-is-mostly-linseed
IRL-1921-2025,rye,tonnes,1934-1938,fao1952;iia,ireland,;crops:production,1600,2000,1.2500,
MAR-1911-1958,rye,tonnes,1934-1938,fao1952;iia,french morocco;morocco,;crops:production,800,1000,1.2500,
NAM-1920-1990,sheep,heads,1951,fao1952;mitchell,namibia;south west africa,livestock:livestock;page_5_table_1,2.8e+06,3.5e+06,1.2500,
NIC-1800-2025,cotton lint,ha,1951,fao1952;mitchell,nicaragua,crops:area;page_20_table_1,2.8e+04,3.5e+04,1.2500,
MAR-1911-1958,goats,heads,1951,fao1952;mitchell,french morocco;morocco,livestock:livestock;page_2_table_1,8.002e+06,9.975e+06,1.2466,
AUS-1901-2025,wine,tonnes,1950,fao1952;mitchell,australia,crops:production;page_42_table_1,1.23e+05,1.529e+05,1.2427,
URY-1828-2025,linseed,ha,1951,fao1952;juan,uruguay,;crops:area,1.49e+05,1.84e+05,1.2349,
ARG-1902-2025,grapes,tonnes,1951,fao1952;juan,argentina,;crops:production,1.385e+06,1.71e+06,1.2347,
TAN-1922-1964,cotton lint,tonnes,1934-1938,fao1952;iia,tanganyika;tanzania,;crops:production,8100,1e+04,1.2346,iia-item-series-switch-raw-products
EGY-1925-1967,cotton lint,ha,1934-1938,fao1952;iia,egypt,;crops:area,7.46e+05,9.19e+05,1.2319,iia-item-series-switch-raw-products
ARG-1902-2025,lentils,tonnes,1950,fao1952;juan,argentina,;crops:production,2.6e+04,3.2e+04,1.2308,
IND-1949-2025,cotton lint,tonnes,1951,fao1952;mitchell,india,crops:production;page_2_table_1,5.57e+05,6.85e+05,1.2298,
F51-1945-1947,flax fibre and tow,tonnes,1945,iia;juan,czech republic;czechoslovakia,,5800,7100,1.2241,iia-attributable-single-cell-errors;iia-flax-fibre-item-is-mostly-linseed
ARG-1902-2025,oats,ha,1950,fao1952;juan,argentina,;crops:area,5.16e+05,6.31e+05,1.2229,
F51-1918-1938,flax fibre and tow,tonnes,1937,iia;juan,czech republic;czechoslovakia,,9000,1.1e+04,1.2222,iia-attributable-single-cell-errors;iia-flax-fibre-item-is-mostly-linseed
F51-1938-1945,flax fibre and tow,tonnes,1944,iia;juan,czech republic;czechoslovakia,,1.32e+04,1.61e+04,1.2197,iia-attributable-single-cell-errors;iia-flax-fibre-item-is-mostly-linseed
IDN-1949-1963,cattle,heads,1950,fao1952;mitchell,indonesia,livestock:livestock;page_45_table_1,3.75e+06,4.551e+06,1.2136,
MLT-1800-2025,wine,tonnes,1934-1938,fao1952;iia,malta,;crops:production,2000,2425,1.2125,
PAL-1920-1948,wine,tonnes,1934-1938,fao1952;iia,israel;palestine,;crops:production,2000,2425,1.2125,layerb-nested-reporting-levels-one-polity
GBR-1921-2025,linseed,ha,1949,fao1952;juan,united kingdom,;crops:area,1.9e+04,2.3e+04,1.2105,layerb-nested-reporting-levels-one-polity
ARG-1902-2025,linseed,tonnes,1950,fao1952;juan,argentina,;crops:production,5.59e+05,6.76e+05,1.2093,
ESP-1800-2025,linseed,tonnes,1950,fao1952;juan,spain,;crops:production,830,1000,1.2048,
F51-1938-1945,flax fibre and tow,tonnes,1939,iia;juan,czech republic;czechoslovakia,,8300,1e+04,1.2048,iia-attributable-single-cell-errors;iia-flax-fibre-item-is-mostly-linseed
ZAF-1910-2025,oats,ha,1951,fao1952;mitchell,south africa;u of s africa,crops:area;page_10_table_1 (2),1.42e+05,1.71e+05,1.2042,layerb-nested-reporting-levels-one-polity
ARG-1902-2025,cotton lint,ha,1951,fao1952;mitchell,argentina,crops:area;page_24_table_1,4.61e+05,5.55e+05,1.2039,
TUN-1881-2025,cattle,heads,1950,fao1952;mitchell,tunisia,livestock:livestock;page_26_table_1,3.95e+05,4.75e+05,1.2025,
ARG-1902-2025,rye,ha,1934-1938,fao1952;iia,argentina,;crops:area,3.61e+05,4.34e+05,1.2022,
CYP-1879-2025,wine,tonnes,1949,fao1952;mitchell,cyprus,crops:production;page_38_table_1,1.4e+04,1.683e+04,1.2021,
TUR-1920-2025,wine,tonnes,1951,fao1952;mitchell,turkey,crops:production;page_38_table_1,1.416e+04,1.7e+04,1.2008,
CHL-1902-2025,linseed,ha,1951,fao1952;juan,chile,;crops:area,5000,6000,1.2000,
DNK-1920-2025,linseed,ha,1950,fao1952;juan,denmark,;crops:area,1.5e+04,1.8e+04,1.2000,
ECU-1942-2025,rye,tonnes,1949,fao1952;juan,ecuador,;crops:production,5000,6000,1.2000,
ECU-1942-2025,rye,tonnes,1950,fao1952;juan,ecuador,;crops:production,5000,6000,1.2000,
ECU-1942-2025,rye,tonnes,1951,fao1952;juan,ecuador,;crops:production,5000,6000,1.2000,
F248-1947-1991,sesame seed,ha,1950,fao1952;juan,yugoslav sfr;yugoslavia,;crops:area,5000,6000,1.2000,
FCM-1920-1960,sheep,heads,1950,fao1952;mitchell,cameroon;french cameroons,livestock:livestock;page_37_table_1,5e+05,6e+05,1.2000,
GTM-1821-2025,meat,tonnes,1950,fao1952;mitchell,guatemala,livestock:production;page_30_table_1,3e+04,3.6e+04,1.2000,
HND-1800-2025,sheep,heads,1951,fao1952;juan,honduras,;livestock:livestock,5000,6000,1.2000,
PRI-1800-2025,sheep,heads,1950,fao1952;juan,puerto rico,;livestock:livestock,5000,6000,1.2000,
URY-1828-2025,linseed,tonnes,1950,fao1952;juan,uruguay,;crops:production,7.5e+04,9e+04,1.2000,
F51-1918-1938,flax fibre and tow,tonnes,1935,iia;juan,czech republic;czechoslovakia,,5700,6800,1.1930,iia-attributable-single-cell-errors;iia-flax-fibre-item-is-mostly-linseed
F51-1918-1938,hemp tow waste,ha,1919,iia;juan,czech republic;czechoslovakia,,400,477,1.1925,
FCM-1920-1960,sheep,heads,1949,fao1952;mitchell,cameroon;french cameroons,livestock:livestock;page_37_table_1,4.2e+05,5e+05,1.1905,
GRC-1947-2025,olives,tonnes,1950,fao1952;juan,greece,;crops:production,1.58e+05,1.88e+05,1.1899,
GBR-1921-2025,rye,tonnes,1934-1938,fao1952;iia,united kingdom,;crops:production,9000,1.07e+04,1.1889,layerb-nested-reporting-levels-one-polity
KOR-1800-1945,oats,tonnes,1934-1938,fao1952;iia,korea;south korea,;crops:production,3.87e+04,4.6e+04,1.1886,
ITS-1908-1960,goats,heads,1949,fao1952;mitchell,somalia,livestock:livestock;page_14_table_1,2.135e+06,2.536e+06,1.1878,
PER-1942-2025,cotton lint,ha,1951,fao1952;mitchell,peru,crops:area;page_25_table_1,1.6e+05,1.9e+05,1.1875,
TUN-1881-2025,cattle,heads,1951,fao1952;mitchell,tunisia,livestock:livestock;page_26_table_1,4.01e+05,4.76e+05,1.1870,
ARG-1902-2025,wine,tonnes,1949,fao1952;mitchell,argentina,crops:production;page_47_table_1 (2),8.7e+05,1.029e+06,1.1831,
DZA-1919-1962,sheep,heads,1949,fao1952;mitchell,algeria,livestock:livestock;page_31_table_1,3.839e+06,4.541e+06,1.1829,
ARG-1902-2025,cotton lint,tonnes,1950,fao1952;juan,argentina,;crops:production,1.1e+05,1.3e+05,1.1818,
ISR-1948-1967,sheep,heads,1951,fao1952;mitchell,israel,livestock:livestock;page_45_table_1,4.4e+04,5.2e+04,1.1818,
GCT-1919-1956,cattle,heads,1951,fao1952;mitchell,gold coast and br tog;gold coast and british togoland,livestock:livestock;page_40_table_1,3.35e+05,3.95e+05,1.1791,
SYR-1922-1946,wine,tonnes,1934-1938,fao1952;iia,syria;syrian arab republic,;crops:production,3395,4000,1.1782,
ETH-1941-1952,cattle,heads,1951,fao1952;mitchell,ethiopia,livestock:livestock;page_40_table_1,1.8e+07,2.12e+07,1.1778,layerb-nested-reporting-levels-one-polity
AUT-1919-2025,rapeseed,tonnes,1934-1938,fao1952;iia,austria,;crops:production,1700,2000,1.1765,
CHL-1902-2025,lentils,ha,1950,fao1952;juan,chile,;crops:area,1.7e+04,2e+04,1.1765,
CHL-1902-2025,lentils,ha,1951,fao1952;juan,chile,;crops:area,1.7e+04,2e+04,1.1765,
IDN-1800-1945,cotton lint,tonnes,1934-1938,fao1952;iia,indonesia,;crops:production,1700,2000,1.1765,iia-item-series-switch-raw-products
MOZ-1891-1975,goats,heads,1949,fao1952;mitchell,mozambique,livestock:livestock;page_5_table_1,2.96e+05,3.48e+05,1.1757,
USA-1867-1959,oats,ha,1934-1938,fao1952;iia,united states;united states of america,;crops:area,1.415e+07,1.661e+07,1.1740,
FRA-1919-2025,rapeseed,ha,1950,fao1952;juan,france,;crops:area,1.15e+05,1.35e+05,1.1739,
CAN-1949-2025,mixed grain,tonnes,1949,fao1952;mitchell,canada,crops:production;page_3_table_1,9.74e+05,1.142e+06,1.1725,
ARG-1902-2025,lentils,ha,1949,fao1952;juan,argentina,;crops:area,1.9e+04,2.22e+04,1.1684,
TUR-1920-2025,wine,tonnes,1949,fao1952;mitchell,turkey,crops:production;page_38_table_1,1.5e+04,1.752e+04,1.1682,
MDG-1882-2025,goats,heads,1949,fao1952;mitchell,madagascar,livestock:livestock;page_46_table_1,2.66e+05,3.1e+05,1.1654,
ZWE-1900-1953,goats,heads,1951,fao1952;mitchell,southern rhodesia;zimbabwe,livestock:livestock;page_29_table_1,5.61e+05,6.53e+05,1.1640,
ESP-1800-2025,grapes,ha,1949,fao1952;juan,spain,;crops:area,1.232e+06,1.431e+06,1.1615,
AUS-1901-2025,wine,tonnes,1951,fao1952;mitchell,australia,crops:production;page_42_table_1,1.172e+05,1.36e+05,1.1603,
IND-1949-2025,cattle,heads,1950,fao1952;mitchell,india,livestock:livestock;page_43_table_1,1.338e+08,1.551e+08,1.1588,
URY-1828-2025,oats,tonnes,1949,fao1952;juan,uruguay,;crops:production,5.1e+04,5.9e+04,1.1569,
F51-1918-1938,grapes,ha,1933,iia;juan,czech republic;czechoslovakia,,1.73e+04,2e+04,1.1562,iia-item-series-switch-raw-products
TUN-1881-2025,goats,heads,1950,fao1952;mitchell,tunisia,livestock:livestock;page_26_table_1,1.93e+06,2.229e+06,1.1549,
AUS-1901-2025,cotton lint,tonnes,1934-1938,fao1952;iia,australia,;crops:production,2600,3000,1.1538,iia-item-series-switch-raw-products
ECU-1942-2025,rye,ha,1950,fao1952;juan,ecuador,;crops:area,1.3e+04,1.5e+04,1.1538,
ESP-1800-2025,lentils,tonnes,1950,fao1952;juan,spain,;crops:production,1.56e+04,1.8e+04,1.1538,
NAM-1920-1990,cattle,heads,1951,fao1952;mitchell,namibia;south west africa,livestock:livestock;page_5_table_1,1.3e+06,1.5e+06,1.1538,
ARG-1902-2025,rye,ha,1949,fao1952;juan,argentina,;crops:area,4.05e+05,4.67e+05,1.1531,
KEN-1926-1963,sheep,heads,1950,fao1952;mitchell,kenya,livestock:livestock;page_43_table_1,2.855e+06,3.29e+06,1.1524,
TWN-1945-2025,goats,heads,1950,fao1952;mitchell,"china taiwan;china, taiwan province of",livestock:livestock;page_3_table_1,1.64e+05,1.89e+05,1.1524,
KEN-1926-1963,sheep,heads,1951,fao1952;mitchell,kenya,livestock:livestock;page_43_table_1,2.858e+06,3.293e+06,1.1522,
PER-1942-2025,grapes,tonnes,1949,fao1952;juan,peru,;crops:production,5.3e+04,6.1e+04,1.1509,
F248-1920-1947,flax fibre and tow,tonnes,1922,iia;juan,serbia;yugoslav sfr,,6020,6925,1.1503,iia-attributable-single-cell-errors;iia-flax-fibre-item-is-mostly-linseed
ESP-1800-2025,linseed,ha,1950,fao1952;juan,spain,;crops:area,4000,4600,1.1500,
VEN-1830-2025,cotton lint,tonnes,1934-1938,fao1952;iia,venezuela,;crops:production,2000,2300,1.1500,iia-item-series-switch-raw-products
F248-1920-1947,sesame seed,ha,1932,iia;juan,serbia;yugoslav sfr,,400,459,1.1475,
TWN-1945-2025,cattle,heads,1949,fao1952;mitchell,"china taiwan;china, taiwan province of",livestock:livestock;page_3_table_1,5.5e+04,6.3e+04,1.1455,
UGA-1926-1962,cotton lint,tonnes,1949,fao1952;mitchell,uganda,crops:production;page_46_table_1,6.2e+04,7.1e+04,1.1452,
ECU-1942-2025,bananas,tonnes,1949,fao1952;juan,ecuador,;crops:production,1.74e+05,1.99e+05,1.1437,
CYP-1879-2025,oats,tonnes,1934-1938,fao1952;iia,cyprus,;crops:production,3500,4000,1.1429,
GBR-1921-2025,rye,ha,1934-1938,fao1952;iia,united kingdom,;crops:area,7000,8000,1.1429,layerb-nested-reporting-levels-one-polity
ROU-1947-2025,lentils,ha,1950,fao1952;juan,romania,;crops:area,1.4e+04,1.6e+04,1.1429,
IDN-1949-1963,sheep,heads,1950,fao1952;mitchell,indonesia,livestock:livestock;page_45_table_1,2.045e+06,2.334e+06,1.1413,
TAN-1922-1964,tea,tonnes,1934-1938,fao1952;iia,tanganyika;tanzania,;crops:production,100,114,1.1400,iia-corrupted-country-labels
MWI-1891-1953,goats,heads,1951,fao1952;mitchell,malawi;nyasaland,livestock:livestock;page_49_table_1,2.62e+05,2.98e+05,1.1374,
EGY-1925-1967,cotton lint,tonnes,1934-1938,fao1952;iia,egypt,;crops:production,4e+05,4.549e+05,1.1373,iia-item-series-switch-raw-products
COD-1910-1960,goats,heads,1951,fao1952;mitchell,belgian congo;dr congo,livestock:livestock;page_26_table_1,1.158e+06,1.315e+06,1.1356,
ANG-1905-1975,cattle,heads,1950,fao1952;mitchell,angola,livestock:livestock;page_31_table_1,1.228e+06,1.394e+06,1.1352,
COL-1922-2025,cotton lint,ha,1950,fao1952;mitchell,colombia,crops:area;page_24_table_1,3.7e+04,4.2e+04,1.1351,
PER-1942-2025,cotton lint,tonnes,1950,fao1952;juan,peru,;crops:production,7.4e+04,8.4e+04,1.1351,
F248-1920-1947,sesame seed,ha,1930,iia;juan,serbia;yugoslav sfr,,400,454,1.1350,
TWN-1945-2025,goats,heads,1951,fao1952;mitchell,"china taiwan;china, taiwan province of",livestock:livestock;page_3_table_1,1.64e+05,1.86e+05,1.1341,
MAR-1911-1958,sheep,heads,1949,fao1952;mitchell,french morocco;morocco,livestock:livestock;page_2_table_1,9.149e+06,1.038e+07,1.1340,
CHL-1902-2025,wine,tonnes,1951,fao1952;mitchell,chile,crops:production;page_47_table_1 (2),3.361e+05,3.81e+05,1.1336,
ARG-1902-2025,linseed,ha,1950,fao1952;juan,argentina,;crops:area,8.47e+05,9.6e+05,1.1334,
ESP-1800-2025,cotton lint,ha,1934-1938,fao1952;iia,spain,;crops:area,1.5e+04,1.7e+04,1.1333,iia-item-series-switch-raw-products
IDN-1949-1963,sheep,heads,1949,fao1952;mitchell,indonesia,livestock:livestock;page_45_table_1,2.062e+06,2.334e+06,1.1319,
TUR-1920-2025,goats,heads,1951,fao1952;mitchell,turkey,livestock:livestock;page_5_table_1,1.846e+07,2.09e+07,1.1319,
RWB-1922-1962,goats,heads,1951,fao1952;mitchell,ruanda-urundi;rwanda and burundi,livestock:livestock;page_11_table_1,1.204e+06,1.362e+06,1.1312,layerb-nested-reporting-levels-one-polity
ARG-1902-2025,cotton lint,ha,1949,fao1952;mitchell,argentina,crops:area;page_24_table_1,4.58e+05,5.17e+05,1.1288,
URY-1828-2025,grapes,tonnes,1951,fao1952;juan,uruguay,;crops:production,1.09e+05,1.23e+05,1.1284,
F248-1920-1947,rapeseed,ha,1933,iia;juan,serbia;yugoslav sfr,,3000,3383,1.1277,iia-attributable-single-cell-errors
TWN-1945-2025,cattle,heads,1950,fao1952;mitchell,"china taiwan;china, taiwan province of",livestock:livestock;page_3_table_1,6.3e+04,7.1e+04,1.1270,
FCM-1920-1960,goats,heads,1950,fao1952;mitchell,cameroon;french cameroons,livestock:livestock;page_37_table_1,7.1e+05,8e+05,1.1268,
ITS-1908-1960,camels,heads,1951,fao1952;mitchell,somalia,livestock:livestock;page_14_table_1,1.156e+06,1.301e+06,1.1254,
CHL-1902-2025,rye,ha,1949,fao1952;juan,chile,;crops:area,8000,9000,1.1250,
GCT-1919-1956,cattle,heads,1949,fao1952;mitchell,gold coast and br tog;gold coast and british togoland,livestock:livestock;page_40_table_1,3.2e+05,3.6e+05,1.1250,
PER-1942-2025,grapes,ha,1951,fao1952;juan,peru,;crops:area,8000,9000,1.1250,
SWE-1905-2025,linseed,ha,1951,fao1952;juan,sweden,;crops:area,2.4e+04,2.7e+04,1.1250,
F51-1918-1938,rapeseed,tonnes,1921,iia;juan,czech republic;czechoslovakia,,5185,5832,1.1248,iia-attributable-single-cell-errors
PAK-1949-1971,cotton lint,tonnes,1951,fao1952;mitchell,pakistan,crops:production;page_2_table_1,2.51e+05,2.82e+05,1.1235,
F248-1920-1947,cotton lint,tonnes,1922,iia;juan,serbia;yugoslav sfr,,50,56.1,1.1220,iia-item-series-switch-raw-products
TUR-1920-2025,sheep,heads,1949,fao1952;mitchell,turkey,livestock:livestock;page_5_table_1,2.307e+07,2.584e+07,1.1199,
ARG-1902-2025,lentils,ha,1950,fao1952;juan,argentina,;crops:area,1.7e+04,1.9e+04,1.1176,
TUN-1881-2025,sheep,heads,1951,fao1952;mitchell,tunisia,livestock:livestock;page_26_table_1,3.06e+06,3.42e+06,1.1176,
URY-1828-2025,oats,tonnes,1951,fao1952;juan,uruguay,;crops:production,3.4e+04,3.8e+04,1.1176,
BRA-1909-2025,grapes,ha,1934-1938,fao1952;iia,brazil,;crops:area,4.3e+04,4.8e+04,1.1163,iia-item-series-switch-raw-products
URY-1828-2025,oats,ha,1951,fao1952;juan,uruguay,;crops:area,5.3e+04,5.9e+04,1.1132,
BRA-1909-2025,tea,tonnes,1934-1938,fao1952;iia,brazil,;crops:production,180,200,1.1111,iia-corrupted-country-labels
COL-1922-2025,cotton lint,tonnes,1934-1938,fao1952;iia,colombia,;crops:production,4500,5000,1.1111,iia-item-series-switch-raw-products
COL-1922-2025,cotton lint,ha,1951,fao1952;mitchell,colombia,crops:area;page_24_table_1,3.6e+04,4e+04,1.1111,
DZA-1919-1962,rye,tonnes,1934-1938,fao1952;iia,algeria,;crops:production,900,1000,1.1111,
IRN-1828-2025,sheep,heads,1951,fao1952;mitchell,iran,livestock:livestock;page_45_table_1,1.62e+07,1.8e+07,1.1111,
IRQ-1932-2025,cotton lint,tonnes,1934-1938,fao1952;iia,iraq,;crops:production,1800,2000,1.1111,iia-item-series-switch-raw-products
KEN-1926-1963,oats,tonnes,1934-1938,fao1952;iia,kenya;kenya *,;crops:production,900,1000,1.1111,
LBN-1920-1944,grapes,tonnes,1934-1938,fao1952;iia,lebanon,;crops:production,2.7e+04,3e+04,1.1111,iia-item-series-switch-raw-products
MEX-1848-2025,rapeseed,tonnes,1934-1938,fao1952;iia,mexico,;crops:production,900,1000,1.1111,iia-mex-oats-arg-rapeseed-scale-factors
NIC-1800-2025,cotton lint,tonnes,1934-1938,fao1952;iia,nicaragua,;crops:production,900,1000,1.1111,iia-item-series-switch-raw-products
NZL-1840-2025,oats,ha,1951,fao1952;mitchell,new zealand,crops:area;page_4_table_1,1.8e+04,2e+04,1.1111,
PRY-1932-1938,cotton lint,tonnes,1934-1938,fao1952;iia,paraguay,;crops:production,9000,1e+04,1.1111,iia-item-series-switch-raw-products
SWE-1905-2025,linseed,ha,1950,fao1952;juan,sweden,;crops:area,3.6e+04,4e+04,1.1111,
LKA-1800-2025,goats,heads,1950,fao1952;mitchell,ceylon;sri lanka,livestock:livestock;page_1_table_1,3.7e+05,4.11e+05,1.1108,
IDN-1949-1963,sheep,heads,1951,fao1952;mitchell,indonesia,livestock:livestock;page_45_table_1,2.008e+06,2.23e+06,1.1106,
ZAF-1910-2025,sheep,heads,1950,fao1952;mitchell,south africa;union of south africa,copia de page_20_table_1;livestock:livestock,3.136e+07,3.482e+07,1.1104,layerb-nested-reporting-levels-one-polity
F51-1918-1938,hops,tonnes,1921,iia;juan,czech republic;czechoslovakia,,2260,2509,1.1100,
CHL-1902-2025,oats,ha,1949,fao1952;juan,chile,;crops:area,9.1e+04,1.01e+05,1.1099,
MOZ-1891-1975,sheep,heads,1951,fao1952;mitchell,mozambique,livestock:livestock;page_5_table_1,7.4e+04,8.2e+04,1.1081,
ARG-1902-2025,rye,tonnes,1949,fao1952;juan,argentina,;crops:production,2.5e+05,2.77e+05,1.1080,
BRA-1909-2025,wine,tonnes,1949,fao1952;mitchell,brazil,crops:production;page_47_table_1 (2),6.148e+04,6.8e+04,1.1061,
MWI-1891-1953,tea,tonnes,1934-1938,fao1952;iia,malawi;nyasaland,;crops:production,3890,4300,1.1054,iia-corrupted-country-labels
PER-1942-2025,cotton lint,tonnes,1949,fao1952;juan,peru,;crops:production,6.7e+04,7.4e+04,1.1045,
TAN-1922-1964,sheep,heads,1949,fao1952;mitchell,tanganyika;tanzania,livestock:livestock;page_23_table_1,2.214e+06,2.445e+06,1.1043,
ZAF-1910-2025,wine,tonnes,1949,fao1952;mitchell,south africa;union of south africa,crops:production;page_35_table_1,2.228e+05,2.46e+05,1.1039,layerb-nested-reporting-levels-one-polity
ESP-1800-2025,lentils,ha,1950,fao1952;juan,spain,;crops:area,4.35e+04,4.8e+04,1.1034,
ETH-1941-1952,goats,heads,1949,fao1952;mitchell,ethiopia,livestock:livestock;page_40_table_1,1.1e+07,1.213e+07,1.1028,layerb-nested-reporting-levels-one-polity
CAN-1949-2025,rye,ha,1950,fao1952;juan,canada,;crops:area,4.29e+05,4.73e+05,1.1026,
DZA-1919-1962,goats,heads,1949,fao1952;mitchell,algeria,livestock:livestock;page_31_table_1,2.596e+06,2.862e+06,1.1025,
F248-1920-1947,cotton lint,tonnes,1923,iia;juan,serbia;yugoslav sfr,,40,44.1,1.1025,iia-item-series-switch-raw-products
LKA-1800-2025,cattle,heads,1949,fao1952;mitchell,ceylon;sri lanka,livestock:livestock;page_1_table_1,1.133e+06,1.249e+06,1.1024,
MAR-1911-1958,cattle,heads,1949,fao1952;mitchell,french morocco;morocco,livestock:livestock;page_2_table_1,1.762e+06,1.942e+06,1.1022,
ESP-1800-2025,raisins,tonnes,1934-1938,fao1952;iia,spain,;crops:production,1.38e+04,1.52e+04,1.1014,iia-item-series-switch-raw-products
BRA-1909-2025,poultry,heads,1951,fao1952;mitchell,brazil,livestock:livestock;page_50_table_1,6.1e+07,6.718e+07,1.1012,
BRA-1909-2025,sheep,heads,1951,fao1952;juan,brazil,;livestock:livestock,1.425e+07,1.568e+07,1.1006,
ESP-1800-2025,chick peas,tonnes,1949,fao1952;juan,spain,;crops:production,1.136e+05,1.25e+05,1.1004,
AUS-1901-2025,rye,tonnes,1934-1938,fao1952;iia,australia,;crops:production,3000,3300,1.1000,
BRA-1909-2025,oats,ha,1934-1938,fao1952;iia,brazil,;crops:area,1e+04,1.1e+04,1.1000,
CHL-1902-2025,grapes,tonnes,1950,fao1952;juan,chile,;crops:production,5e+05,5.5e+05,1.1000,
MWI-1891-1953,cattle,heads,1949,fao1952;mitchell,malawi;nyasaland,livestock:livestock;page_49_table_1,2.64e+05,2.9e+05,1.0985,
PHL-1800-2025,goats,heads,1949,fao1952;mitchell,philippines,livestock:livestock;page_1_table_1,3.06e+05,3.36e+05,1.0980,
DEU-1949-1990,oats,ha,1950,fao1952;juan,germany,;crops:area,1.703e+06,1.869e+06,1.0975,fao1952-western-eastern-lost-germany-prefix
BEC-1885-1966,sheep,heads,1950,fao1952;mitchell,bechuanaland;botswana,livestock:livestock;page_34_table_1,1.98e+05,2.17e+05,1.0960,
AUT-1919-2025,rye,ha,1951,fao1952;juan,austria,;crops:area,2.1e+05,2.3e+05,1.0952,
PHL-1800-2025,goats,heads,1950,fao1952;mitchell,philippines,livestock:livestock;page_1_table_1,3.07e+05,3.36e+05,1.0945,
MOZ-1891-1975,sheep,heads,1949,fao1952;mitchell,mozambique,livestock:livestock;page_5_table_1,6.4e+04,7e+04,1.0938,
PHL-1800-2025,cattle,heads,1949,fao1952;mitchell,philippines,livestock:livestock;page_1_table_1,6.72e+05,7.35e+05,1.0938,
URY-1828-2025,grapes,tonnes,1949,fao1952;juan,uruguay,;crops:production,1.07e+05,1.17e+05,1.0935,
FCM-1920-1960,goats,heads,1949,fao1952;mitchell,cameroon;french cameroons,livestock:livestock;page_37_table_1,6.5e+05,7.1e+05,1.0923,
IDN-1949-1963,tea,tonnes,1949,fao1952;mitchell,indonesia,crops:production;page_18_table_1,2.5e+04,2.73e+04,1.0920,
COD-1910-1960,cattle,heads,1951,fao1952;mitchell,belgian congo;dr congo,livestock:livestock;page_26_table_1,6.64e+05,7.25e+05,1.0919,
KOR-1800-1945,cotton lint,tonnes,1934-1938,fao1952;iia,korea;south korea,;crops:production,3.7e+04,4.04e+04,1.0919,iia-item-series-switch-raw-products
BEC-1885-1966,sheep,heads,1951,fao1952;mitchell,bechuanaland;botswana,livestock:livestock;page_34_table_1,1.98e+05,2.16e+05,1.0909,
CHL-1902-2025,grapes,tonnes,1951,fao1952;juan,chile,;crops:production,5.5e+05,6e+05,1.0909,
CHL-1902-2025,rye,ha,1934-1938,fao1952;iia,chile,;crops:area,1.1e+04,1.2e+04,1.0909,
SWE-1905-2025,linseed,ha,1949,fao1952;juan,sweden,;crops:area,4.4e+04,4.8e+04,1.0909,
MAR-1911-1958,goats,heads,1950,fao1952;mitchell,french morocco;morocco,livestock:livestock;page_2_table_1,7.35e+06,8.002e+06,1.0887,
KOR-1800-1945,oats,ha,1934-1938,fao1952;iia,korea;south korea,;crops:area,1.02e+05,1.11e+05,1.0882,
NRH-1911-1953,cattle,heads,1949,fao1952;mitchell,northern rhodesia;zambia,livestock:livestock;page_26_table_1,8.07e+05,8.78e+05,1.0880,
CHL-1902-2025,oats,ha,1950,fao1952;juan,chile,;crops:area,9.1e+04,9.9e+04,1.0879,
ARG-1902-2025,rapeseed,tonnes,1934-1938,fao1952;iia,argentina,;crops:production,4.6e+04,5e+04,1.0870,iia-mex-oats-arg-rapeseed-scale-factors
JPN-1945-1952,cattle,heads,1951,fao1952;mitchell,japan,livestock:livestock;page_47_table_1,2.46e+06,2.671e+06,1.0858,
ETH-1941-1952,goats,heads,1950,fao1952;mitchell,ethiopia,livestock:livestock;page_40_table_1,1.014e+07,1.1e+07,1.0853,layerb-nested-reporting-levels-one-polity
RWB-1922-1962,goats,heads,1950,fao1952;mitchell,ruanda-urundi;rwanda and burundi,livestock:livestock;page_11_table_1,1.255e+06,1.362e+06,1.0853,layerb-nested-reporting-levels-one-polity
LBY-1934-1943,wine,tonnes,1934-1938,fao1952;iia,libya,;crops:production,3686,4000,1.0852,
LKA-1800-2025,goats,heads,1951,fao1952;mitchell,ceylon;sri lanka,livestock:livestock;page_1_table_1,4.11e+05,4.46e+05,1.0852,
LKA-1800-2025,goats,heads,1949,fao1952;mitchell,ceylon;sri lanka,livestock:livestock;page_1_table_1,3.7e+05,4.01e+05,1.0838,
MEX-1848-2025,cattle,heads,1950,fao1952;juan,mexico,;livestock:livestock,1.45e+07,1.571e+07,1.0837,
CHL-1902-2025,lentils,tonnes,1950,fao1952;juan,chile,;crops:production,1.2e+04,1.3e+04,1.0833,
GCT-1919-1956,cattle,heads,1950,fao1952;mitchell,gold coast and br tog;gold coast and british togoland,livestock:livestock;page_40_table_1,3.6e+05,3.9e+05,1.0833,
IND-1949-2025,sheep,heads,1950,fao1952;mitchell,india,livestock:livestock;page_43_table_1,3.585e+07,3.883e+07,1.0832,
ARG-1902-2025,grapes,ha,1949,fao1952;juan,argentina,;crops:area,1.57e+05,1.7e+05,1.0828,
MEX-1848-2025,cattle,heads,1949,fao1952;juan,mexico,;livestock:livestock,1.222e+07,1.322e+07,1.0819,
MLT-1800-2025,grapes,tonnes,1934-1938,fao1952;iia,malta,;crops:production,3700,4000,1.0811,iia-item-series-switch-raw-products
SWE-1905-2025,oats,ha,1951,fao1952;juan,sweden,;crops:area,4.96e+05,5.36e+05,1.0806,
GTM-1821-2025,poultry,heads,1950,fao1952;mitchell,guatemala,livestock:livestock;page_18_table_1,4.166e+06,4.5e+06,1.0802,
IDN-1949-1963,cattle,heads,1951,fao1952;mitchell,indonesia,livestock:livestock;page_45_table_1,4.23e+06,4.569e+06,1.0801,
MAR-1911-1958,goats,heads,1949,fao1952;mitchell,french morocco;morocco,livestock:livestock;page_2_table_1,6.805e+06,7.35e+06,1.0801,
DZA-1919-1962,olives,tonnes,1934-1938,fao1952;iia,algeria,;crops:production,9.63e+04,1.04e+05,1.0800,
KEN-1926-1963,tea,tonnes,1949,fao1952;mitchell,kenya,crops:production;page_13_table_1,5000,5400,1.0800,
MMR-1885-2025,sheep,heads,1950,fao1952;mitchell,burma;myanmar,livestock:livestock;page_49_table_1,2.5e+04,2.7e+04,1.0800,
AUT-1919-2025,oats,tonnes,1949,fao1952;juan,austria,;crops:production,2.65e+05,2.86e+05,1.0792,
BRA-1909-2025,tea,tonnes,1951,fao1952;juan,brazil,;crops:production,2600,2800,1.0769,
CHL-1902-2025,lentils,tonnes,1949,fao1952;juan,chile,;crops:production,1.3e+04,1.4e+04,1.0769,
CUB-1800-2025,meat,tonnes,1949,fao1952;mitchell,cuba,livestock:production;page_30_table_1,7.8e+04,8.4e+04,1.0769,
GRC-1947-2025,chick peas,ha,1951,fao1952;juan,greece,;crops:area,2.6e+04,2.8e+04,1.0769,
TUR-1920-2025,sheep,heads,1951,fao1952;mitchell,turkey,livestock:livestock;page_5_table_1,2.308e+07,2.483e+07,1.0758,
COL-1922-2025,goats,heads,1950,fao1952;juan,colombia,;livestock:livestock,5.31e+05,5.71e+05,1.0753,
TAN-1922-1964,sheep,heads,1951,fao1952;mitchell,tanganyika;tanzania,livestock:livestock;page_23_table_1,2.339e+06,2.515e+06,1.0752,
NZL-1840-2025,sheep,heads,1950,fao1952;mitchell,new zealand,livestock:livestock;page_10_table_1,3.15e+07,3.386e+07,1.0748,
F51-1918-1938,hempseed,ha,1923,iia;juan,czech republic;czechoslovakia,,1.107e+04,1.19e+04,1.0746,
BEC-1885-1966,goats,heads,1949,fao1952;mitchell,bechuanaland;botswana,livestock:livestock;page_34_table_1,4.44e+05,4.77e+05,1.0743,
TAN-1922-1964,goats,heads,1949,fao1952;mitchell,tanganyika;tanzania,livestock:livestock;page_23_table_1,3.281e+06,3.523e+06,1.0738,
URY-1828-2025,grapes,tonnes,1950,fao1952;juan,uruguay,;crops:production,1.09e+05,1.17e+05,1.0734,
CAN-1949-2025,mixed grain,ha,1951,fao1952;mitchell,canada,crops:area;page_21_table_1,5.75e+05,6.17e+05,1.0730,
ETH-1941-1952,sheep,heads,1950,fao1952;mitchell,ethiopia,livestock:livestock;page_40_table_1,1.585e+07,1.7e+07,1.0726,layerb-nested-reporting-levels-one-polity
ECU-1942-2025,rye,ha,1949,fao1952;juan,ecuador,;crops:area,1.4e+04,1.5e+04,1.0714,
TWN-1895-1945,tea,ha,1934-1938,fao1952;iia,"china taiwan;china, taiwan province of",;crops:area,4.2e+04,4.5e+04,1.0714,iia-corrupted-country-labels
UGA-1926-1962,cattle,heads,1950,fao1952;mitchell,uganda,livestock:livestock;page_26_table_1,2.534e+06,2.714e+06,1.0710,
F248-1920-1947,wine,tonnes,1934-1938,fao1952;iia,serbia;yugoslavia,;crops:production,4e+05,4.283e+05,1.0706,
AUT-1919-2025,grapes,tonnes,1951,fao1952;juan,austria,;crops:production,1.42e+05,1.52e+05,1.0704,
ESP-1800-2025,chick peas,ha,1951,fao1952;juan,spain,;crops:area,3.7e+05,3.96e+05,1.0703,
ZAF-1910-2025,tea,tonnes,1934-1938,fao1952;iia,south africa;union of south africa,;crops:production,374,400,1.0695,iia-corrupted-country-labels;layerb-nested-reporting-levels-one-polity
ANG-1905-1975,cattle,heads,1949,fao1952;mitchell,angola,livestock:livestock;page_31_table_1,1.228e+06,1.313e+06,1.0692,
F248-1920-1947,cotton lint,tonnes,1932,iia;juan,serbia;yugoslav sfr,,110,117.6,1.0691,iia-item-series-switch-raw-products
BEC-1885-1966,cattle,heads,1949,fao1952;mitchell,bechuanaland;botswana,livestock:livestock;page_34_table_1,9.83e+05,1.05e+06,1.0682,
MOZ-1891-1975,goats,heads,1951,fao1952;mitchell,mozambique,livestock:livestock;page_5_table_1,3.67e+05,3.92e+05,1.0681,
JPN-1945-1952,cattle,heads,1949,fao1952;mitchell,japan,livestock:livestock;page_47_table_1,2.294e+06,2.45e+06,1.0680,
SYR-1946-1967,sheep,heads,1949,fao1952;mitchell,syria;syrian arab republic,livestock:livestock;page_3_table_1,2.75e+06,2.935e+06,1.0673,
ETH-1941-1952,cattle,heads,1949,fao1952;mitchell,ethiopia,livestock:livestock;page_40_table_1,1.8e+07,1.921e+07,1.0672,layerb-nested-reporting-levels-one-polity
IND-1949-2025,goats,heads,1950,fao1952;mitchell,india,livestock:livestock;page_43_table_1,4.412e+07,4.708e+07,1.0671,
ALB-1913-2025,rye,tonnes,1934-1938,fao1952;iia,albania,;crops:production,3000,3200,1.0667,
ETH-1941-1952,cattle,heads,1950,fao1952;mitchell,ethiopia,livestock:livestock;page_40_table_1,1.8e+07,1.92e+07,1.0667,layerb-nested-reporting-levels-one-polity
F51-1938-1945,grapes,ha,1941,iia;juan,czech republic;czechoslovakia,,1.5e+04,1.6e+04,1.0667,iia-item-series-switch-raw-products
F51-1938-1945,grapes,ha,1942,iia;juan,czech republic;czechoslovakia,,1.5e+04,1.6e+04,1.0667,iia-item-series-switch-raw-products
NAM-1920-1990,cattle,heads,1949,fao1952;mitchell,namibia;south west africa,livestock:livestock;page_5_table_1,1.5e+06,1.6e+06,1.0667,
TUR-1920-2025,goats,heads,1949,fao1952;mitchell,turkey,livestock:livestock;page_5_table_1,1.74e+07,1.856e+07,1.0664,
ZAF-1910-2025,goats,heads,1949,fao1952;mitchell,south africa;union of south africa,copia de page_20_table_1;livestock:livestock,5.185e+06,5.529e+06,1.0663,layerb-nested-reporting-levels-one-polity
ESP-1800-2025,lentils,tonnes,1951,fao1952;juan,spain,;crops:production,2.44e+04,2.6e+04,1.0656,
IND-1949-2025,camels,heads,1951,fao1952;mitchell,india,livestock:livestock;page_43_table_1,6.29e+05,6.7e+05,1.0652,
ESP-1800-2025,lentils,tonnes,1949,fao1952;juan,spain,;crops:production,1.69e+04,1.8e+04,1.0651,
PAL-1920-1948,wine,tonnes,1922,iia;mitchell,israel;palestine,;page_38_table_1,2696,2871,1.0648,layerb-nested-reporting-levels-one-polity
COD-1910-1960,cotton lint,tonnes,1934-1938,fao1952;iia,belgian congo;dr congo,;crops:production,3.1e+04,3.3e+04,1.0645,iia-item-series-switch-raw-products
URY-1828-2025,linseed,ha,1950,fao1952;juan,uruguay,;crops:area,1.4e+05,1.49e+05,1.0643,
NLD-1830-2025,rapeseed,tonnes,1934-1938,fao1952;iia,netherlands,;crops:production,4700,5000,1.0638,
ZAF-1910-2025,cattle,heads,1949,fao1952;mitchell,cape natal;south africa;union of south africa,copia de page_17_table_1;livestock:livestock;page_17_table_1,1.151e+07,1.224e+07,1.0633,layerb-nested-reporting-levels-one-polity
BRA-1909-2025,wine,tonnes,1950,fao1952;mitchell,brazil,crops:production;page_47_table_1 (2),9.1e+04,9.672e+04,1.0629,
HUN-1920-1938,rapeseed,tonnes,1934-1938,fao1952;iia,hungary,;crops:production,8000,8500,1.0625,
MOZ-1891-1975,cattle,heads,1949,fao1952;mitchell,mozambique,livestock:livestock;page_5_table_1,6.59e+05,7e+05,1.0622,
ECU-1942-2025,goats,heads,1949,fao1952;juan,ecuador,;livestock:livestock,1.302e+06,1.382e+06,1.0614,
PAL-1920-1948,wine,tonnes,1935,iia;mitchell,israel;palestine,;page_38_table_1,2425,2574,1.0614,layerb-nested-reporting-levels-one-polity
ZWE-1900-1953,cattle,heads,1949,fao1952;mitchell,southern rhodesia;zimbabwe,livestock:livestock;page_29_table_1,2.831e+06,3.004e+06,1.0611,
TUR-1920-2025,goats,heads,1950,fao1952;mitchell,turkey,livestock:livestock;page_5_table_1,1.74e+07,1.846e+07,1.0610,
F51-1918-1938,hemp tow waste,ha,1921,iia;juan,czech republic;czechoslovakia,,1.134e+04,1.202e+04,1.0608,
PRY-1938-2025,cattle,heads,1950,fao1952;juan,paraguay,;livestock:livestock,3.645e+06,3.865e+06,1.0604,
ANG-1905-1975,sheep,heads,1950,fao1952;mitchell,angola,livestock:livestock;page_31_table_1,1.16e+05,1.23e+05,1.0603,
BRA-1909-2025,poultry,heads,1949,fao1952;mitchell,brazil,livestock:livestock;page_50_table_1,5.73e+07,6.074e+07,1.0601,
MAR-1911-1958,camels,heads,1949,fao1952;mitchell,french morocco;morocco,livestock:livestock;page_2_table_1,1.83e+05,1.94e+05,1.0601,
HTI-1800-2025,cotton lint,tonnes,1934-1938,fao1952;iia,haiti,;crops:production,5000,5300,1.0600,iia-item-series-switch-raw-products
TAN-1922-1964,goats,heads,1950,fao1952;mitchell,tanganyika;tanzania,livestock:livestock;page_23_table_1,3.281e+06,3.478e+06,1.0600,
IRQ-1932-2025,sesame seed,ha,1934-1938,fao1952;iia,iraq,;crops:area,1.7e+04,1.8e+04,1.0588,
NAM-1920-1990,goats,heads,1951,fao1952;mitchell,namibia;south-west africa,livestock:livestock;page_5_table_1,8.5e+05,9e+05,1.0588,
URY-1828-2025,grapes,ha,1949,fao1952;juan,uruguay,;crops:area,1.7e+04,1.8e+04,1.0588,
F248-1920-1947,cotton lint,tonnes,1931,iia;juan,serbia;yugoslav sfr,,70,74.1,1.0586,iia-item-series-switch-raw-products
PAK-1949-1971,sheep,heads,1950,fao1952;mitchell,pakistan,livestock:livestock;page_1_table_1,6.145e+06,6.505e+06,1.0586,
ISR-1948-1967,cattle,heads,1949,fao1952;mitchell,israel,livestock:livestock;page_45_table_1,3.5e+04,3.7e+04,1.0571,
MOZ-1891-1975,sheep,heads,1950,fao1952;mitchell,mozambique,livestock:livestock;page_5_table_1,7e+04,7.4e+04,1.0571,
AUS-1901-2025,wine,tonnes,1949,fao1952;mitchell,australia,crops:production;page_42_table_1,1.476e+05,1.56e+05,1.0568,
COD-1910-1960,cattle,heads,1949,fao1952;mitchell,belgian congo;dr congo,livestock:livestock;page_26_table_1,6.03e+05,6.37e+05,1.0564,
MAR-1911-1958,sheep,heads,1950,fao1952;mitchell,french morocco;morocco,livestock:livestock;page_2_table_1,1.038e+07,1.096e+07,1.0564,
TAN-1922-1964,cotton lint,ha,1934-1938,fao1952;iia,tanganyika;tanzania,;crops:area,8.9e+04,9.4e+04,1.0562,iia-item-series-switch-raw-products
BRA-1909-2025,grapes,tonnes,1934-1938,fao1952;iia,brazil,;crops:production,2.04e+05,2.154e+05,1.0559,iia-item-series-switch-raw-products
COL-1922-2025,cotton lint,ha,1949,fao1952;mitchell,colombia,crops:area;page_24_table_1,3.6e+04,3.8e+04,1.0556,
BEC-1885-1966,goats,heads,1951,fao1952;mitchell,bechuanaland;botswana,livestock:livestock;page_34_table_1,4.75e+05,5.01e+05,1.0547,
MOZ-1891-1975,goats,heads,1950,fao1952;mitchell,mozambique,livestock:livestock;page_5_table_1,3.48e+05,3.67e+05,1.0546,
PRY-1938-2025,cattle,heads,1951,fao1952;juan,paraguay,;livestock:livestock,3.67e+06,3.87e+06,1.0545,
MOZ-1891-1975,cattle,heads,1950,fao1952;mitchell,mozambique,livestock:livestock;page_5_table_1,7e+05,7.38e+05,1.0543,
F51-1918-1938,hempseed,ha,1925,iia;juan,czech republic;czechoslovakia,,1.101e+04,1.16e+04,1.0539,
F248-1920-1947,"tobacco, unmanufactured",tonnes,1922,iia;juan,serbia;yugoslav sfr,,9391,9890,1.0531,iia-corrupted-country-labels
MAR-1911-1958,cattle,heads,1951,fao1952;mitchell,french morocco;morocco,livestock:livestock;page_2_table_1,2.027e+06,2.134e+06,1.0528,
ESP-1800-2025,chick peas,tonnes,1950,fao1952;juan,spain,;crops:production,1.482e+05,1.56e+05,1.0526,
ESP-1800-2025,cotton lint,tonnes,1934-1938,fao1952;iia,spain,;crops:production,1900,2000,1.0526,iia-item-series-switch-raw-products
MWI-1891-1953,tea,tonnes,1949,fao1952;mitchell,malawi;nyasaland,crops:production;page_13_table_1,5700,6000,1.0526,
MMR-1885-2025,goats,heads,1950,fao1952;mitchell,burma;myanmar,livestock:livestock;page_49_table_1,1.73e+05,1.82e+05,1.0520,
ETH-1941-1952,sheep,heads,1949,fao1952;mitchell,ethiopia,livestock:livestock;page_40_table_1,1.7e+07,1.788e+07,1.0518,layerb-nested-reporting-levels-one-polity
PER-1942-2025,grapes,tonnes,1951,fao1952;juan,peru,;crops:production,3.9e+04,4.1e+04,1.0513,
CHN-1932-1945,oats,ha,1934-1938,fao1952;iia,"china;china, mainland",;crops:area,1.036e+06,1.089e+06,1.0512,
CHN-1932-1945,oats,tonnes,1934-1938,fao1952;iia,"china;china, mainland",;crops:production,8.81e+05,9.255e+05,1.0505,
UGA-1926-1962,goats,heads,1950,fao1952;mitchell,uganda,livestock:livestock;page_26_table_1,2.324e+06,2.441e+06,1.0503,
MEX-1848-2025,cotton lint,tonnes,1934-1938,fao1952;iia,mexico,;crops:production,6.57e+04,6.9e+04,1.0502,iia-item-series-switch-raw-products
ESP-1800-2025,lentils,ha,1951,fao1952;juan,spain,;crops:area,4.19e+04,4.4e+04,1.0501,
ANG-1905-1975,cotton lint,tonnes,1934-1938,fao1952;iia,angola,;crops:production,2000,2100,1.0500,iia-item-series-switch-raw-products
COD-1910-1960,sheep,heads,1949,fao1952;mitchell,belgian congo;dr congo,livestock:livestock;page_26_table_1,3e+05,3.15e+05,1.0500,
PER-1942-2025,chick peas,ha,1951,fao1952;juan,peru,;crops:area,2e+04,2.1e+04,1.0500,
TUR-1920-2025,cotton lint,tonnes,1934-1938,fao1952;iia,turkey,;crops:production,5.2e+04,5.46e+04,1.0500,iia-item-series-switch-raw-products
F51-1918-1938,hempseed,ha,1933,iia;juan,czech republic;czechoslovakia,,7627,8000,1.0489,
F248-1920-1947,cotton lint,tonnes,1925,iia;juan,serbia;yugoslav sfr,,120,125.8,1.0483,iia-item-series-switch-raw-products
IRN-1828-2025,tea,tonnes,1934-1938,fao1952;iia,iran,;crops:production,954,1000,1.0482,iia-corrupted-country-labels
EGY-1925-1967,bananas,tonnes,1951,fao1952;mitchell,egypt,crops:production;page_21_table_1,4.2e+04,4.4e+04,1.0476,
NGA-1914-1960,cotton lint,tonnes,1951,fao1952;mitchell,nigeria,crops:production;page_46_table_1,2.1e+04,2.2e+04,1.0476,
PER-1942-2025,cotton lint,tonnes,1951,fao1952;juan,peru,;crops:production,8.4e+04,8.8e+04,1.0476,
TWN-1945-2025,tea,tonnes,1951,fao1952;mitchell,"china taiwan;china, taiwan province of",crops:production;page_19_table_1,1.05e+04,1.1e+04,1.0476,
ZWE-1900-1953,sheep,heads,1949,fao1952;mitchell,southern rhodesia;zimbabwe,livestock:livestock;page_29_table_1,3.01e+05,3.15e+05,1.0465,
PRT-1800-2025,oats,ha,1949,fao1952;juan,portugal,;crops:area,3.02e+05,3.16e+05,1.0464,
KOR-1800-1945,soybeans,tonnes,1934-1938,fao1952;iia,korea;south korea,;crops:production,5.219e+05,5.46e+05,1.0462,
PAL-1920-1948,wine,tonnes,1924,iia;mitchell,israel;palestine,;page_38_table_1,1420,1485,1.0456,layerb-nested-reporting-levels-one-polity
AUS-1901-2025,cotton lint,ha,1934-1938,fao1952;iia,australia,;crops:area,2.2e+04,2.3e+04,1.0455,iia-item-series-switch-raw-products
TAN-1922-1964,sheep,heads,1950,fao1952;mitchell,tanganyika;tanzania,livestock:livestock;page_23_table_1,2.339e+06,2.445e+06,1.0453,
F51-1918-1938,"tobacco, unmanufactured",ha,1920,iia;juan,czech republic;czechoslovakia,,1200,1254,1.0450,iia-corrupted-country-labels
RWB-1922-1962,goats,heads,1949,fao1952;mitchell,ruanda-urundi;rwanda and burundi,livestock:livestock;page_11_table_1,1.201e+06,1.255e+06,1.0450,layerb-nested-reporting-levels-one-polity
KEN-1926-1963,tea,tonnes,1950,fao1952;mitchell,kenya,crops:production;page_13_table_1,6700,7000,1.0448,
ALB-1913-2025,oats,tonnes,1934-1938,fao1952;iia,albania,;crops:production,9000,9400,1.0444,
F248-1920-1947,hops,ha,1932,iia;juan,serbia;yugoslav sfr,,1400,1462,1.0443,
MAR-1911-1958,cattle,heads,1950,fao1952;mitchell,french morocco;morocco,livestock:livestock;page_2_table_1,1.942e+06,2.028e+06,1.0443,
LUX-1839-2025,wine,tonnes,1934-1938,fao1952;iia,luxembourg,;crops:production,7663,8000,1.0440,
F228-1921-1940,cotton lint,tonnes,1934-1938,fao1952;iia,russian federation;ussr,;crops:production,6.45e+05,6.733e+05,1.0439,iia-item-series-switch-raw-products
F51-1918-1938,"tobacco, unmanufactured",ha,1921,iia;juan,czech republic;czechoslovakia,,1300,1357,1.0438,iia-corrupted-country-labels
TAN-1922-1964,cattle,heads,1949,fao1952;mitchell,tanganyika;tanzania,livestock:livestock;page_23_table_1,6.113e+06,6.38e+06,1.0437,
FCM-1920-1960,cattle,heads,1949,fao1952;mitchell,cameroon;french cameroons,livestock:livestock;page_37_table_1,1.15e+06,1.2e+06,1.0435,
MAR-1911-1958,grapes,ha,1934-1938,fao1952;iia,french morocco;morocco,;crops:area,2.3e+04,2.4e+04,1.0435,iia-item-series-switch-raw-products
KOR-1800-1945,"tobacco, unmanufactured",tonnes,1922,iia;mitchell,korea;south korea,;page_12_table_1,1.054e+04,1.1e+04,1.0433,iia-corrupted-country-labels
F248-1920-1947,cotton lint,tonnes,1924,iia;juan,serbia;yugoslav sfr,,80,83.4,1.0425,iia-item-series-switch-raw-products
F51-1918-1938,"tobacco, unmanufactured",ha,1922,iia;juan,czech republic;czechoslovakia,,1600,1668,1.0425,iia-corrupted-country-labels
COD-1910-1960,cattle,heads,1950,fao1952;mitchell,belgian congo;dr congo,livestock:livestock;page_26_table_1,6.37e+05,6.64e+05,1.0424,
KOR-1800-1945,"tobacco, unmanufactured",tonnes,1909,iia;mitchell,korea;south korea,;page_12_table_1,1.151e+04,1.2e+04,1.0424,iia-corrupted-country-labels
IDN-1949-1963,cattle,heads,1949,fao1952;mitchell,indonesia,livestock:livestock;page_45_table_1,3.598e+06,3.75e+06,1.0422,
MMR-1885-2025,sheep,heads,1949,fao1952;mitchell,burma;myanmar,livestock:livestock;page_49_table_1,2.4e+04,2.5e+04,1.0417,
TWN-1945-2025,tea,tonnes,1950,fao1952;mitchell,"china taiwan;china, taiwan province of",crops:production;page_19_table_1,9600,1e+04,1.0417,
KOR-1800-1945,"tobacco, unmanufactured",tonnes,1911,iia;mitchell,korea;south korea,;page_12_table_1,1.056e+04,1.1e+04,1.0416,iia-corrupted-country-labels
ZAF-1910-2025,goats,heads,1950,fao1952;mitchell,south africa;union of south africa,copia de page_20_table_1;livestock:livestock,5.185e+06,5.4e+06,1.0415,layerb-nested-reporting-levels-one-polity
F248-1920-1947,"tobacco, unmanufactured",ha,1925,iia;juan,serbia;yugoslav sfr,,1.43e+04,1.489e+04,1.0414,iia-corrupted-country-labels
MOZ-1891-1975,cattle,heads,1951,fao1952;mitchell,mozambique,livestock:livestock;page_5_table_1,7.38e+05,7.68e+05,1.0407,
F248-1947-1991,grapes,ha,1949,fao1952;juan,yugoslav sfr;yugoslavia,;crops:area,2.23e+05,2.32e+05,1.0404,
AUT-1919-2025,oats,ha,1950,fao1952;juan,austria,;crops:area,2e+05,2.08e+05,1.0400,
BRA-1909-2025,rye,tonnes,1934-1938,fao1952;iia,brazil,;crops:production,1.5e+04,1.56e+04,1.0400,
F51-1918-1938,hempseed,tonnes,1919,iia;juan,czech republic;czechoslovakia,,210,218.4,1.0400,
F51-1918-1938,rapeseed,ha,1930,iia;juan,czech republic;czechoslovakia,,1100,1144,1.0400,iia-attributable-single-cell-errors
IDN-1949-1963,goats,heads,1949,fao1952;mitchell,indonesia,livestock:livestock;page_45_table_1,7.187e+06,7.474e+06,1.0399,
CYP-1879-2025,wine,tonnes,1950,fao1952;mitchell,cyprus,crops:production;page_38_table_1,1.346e+04,1.4e+04,1.0398,
F248-1920-1947,rapeseed,ha,1924,iia;juan,serbia;yugoslav sfr,,2200,2287,1.0395,iia-attributable-single-cell-errors
TAN-1922-1964,cattle,heads,1951,fao1952;mitchell,tanganyika;tanzania,livestock:livestock;page_23_table_1,6.263e+06,6.51e+06,1.0394,
AEF-1910-1960,cotton lint,tonnes,1934-1938,fao1952;iia,congo;french equat africa,;crops:production,7700,8000,1.0390,iia-item-series-switch-raw-products
CHL-1902-2025,rye,tonnes,1934-1938,fao1952;iia,chile,;crops:production,7700,8000,1.0390,
F248-1947-1991,rye,tonnes,1949,fao1952;juan,yugoslav sfr;yugoslavia,;crops:production,2.59e+05,2.69e+05,1.0386,
MDG-1882-2025,cattle,heads,1951,fao1952;mitchell,madagascar,livestock:livestock;page_46_table_1,5.673e+06,5.892e+06,1.0386,
ARG-1902-2025,cotton lint,tonnes,1949,fao1952;juan,argentina,;crops:production,1.3e+05,1.35e+05,1.0385,
CHL-1902-2025,cattle,heads,1951,fao1952;juan,chile,;livestock:livestock,2.106e+06,2.186e+06,1.0380,
F248-1920-1947,cotton lint,tonnes,1930,iia;juan,serbia;yugoslav sfr,,130,134.9,1.0377,iia-item-series-switch-raw-products
F51-1918-1938,flax fibre and tow,ha,1923,iia;juan,czech republic;czechoslovakia,,2.12e+04,2.2e+04,1.0377,iia-attributable-single-cell-errors;iia-flax-fibre-item-is-mostly-linseed
FRA-1919-2025,goats,heads,1949,fao1952;juan,france,;livestock:livestock,1.236e+06,1.282e+06,1.0372,
TUN-1881-2025,goats,heads,1951,fao1952;mitchell,tunisia,livestock:livestock;page_26_table_1,2.242e+06,2.325e+06,1.0370,
ESP-1800-2025,chick peas,ha,1949,fao1952;juan,spain,;crops:area,3.52e+05,3.65e+05,1.0369,
BRA-1909-2025,goats,heads,1951,fao1952;juan,brazil,;livestock:livestock,8.526e+06,8.84e+06,1.0368,
FIN-1944-2025,oats,ha,1950,fao1952;juan,finland,;crops:area,4.37e+05,4.53e+05,1.0366,
LKA-1800-2025,sheep,heads,1949,fao1952;mitchell,ceylon;sri lanka,livestock:livestock;page_1_table_1,5.5e+04,5.7e+04,1.0364,
PER-1922-1942,cotton lint,ha,1934-1938,fao1952;iia,peru,;crops:area,1.65e+05,1.71e+05,1.0364,iia-item-series-switch-raw-products
MAR-1911-1958,camels,heads,1950,fao1952;mitchell,french morocco;morocco,livestock:livestock;page_2_table_1,1.94e+05,2.01e+05,1.0361,
ZWE-1900-1953,sheep,heads,1951,fao1952;mitchell,southern rhodesia;zimbabwe,livestock:livestock;page_29_table_1,3.06e+05,3.17e+05,1.0359,
USA-1867-1959,olives,tonnes,1951,fao1952;juan,united states;united states of america,;crops:production,5.6e+04,5.8e+04,1.0357,
ZWE-1900-1953,goats,heads,1950,fao1952;mitchell,southern rhodesia;zimbabwe,livestock:livestock;page_29_table_1,5.42e+05,5.61e+05,1.0351,
ISR-1948-1967,sheep,heads,1949,fao1952;mitchell,israel,livestock:livestock;page_45_table_1,2.9e+04,3e+04,1.0345,
SYR-1922-1946,cotton lint,tonnes,1934-1938,fao1952;iia,syria;syrian arab republic,;crops:production,5800,6000,1.0345,iia-item-series-switch-raw-products
F248-1920-1947,hops,ha,1931,iia;juan,serbia;yugoslav sfr,,2200,2275,1.0341,
KEN-1926-1963,tea,tonnes,1934-1938,fao1952;iia,kenya,;crops:production,3700,3826,1.0341,iia-corrupted-country-labels
CYP-1879-2025,wine,tonnes,1951,fao1952;mitchell,cyprus,crops:production;page_38_table_1,1.257e+04,1.3e+04,1.0340,
PHL-1800-2025,cattle,heads,1951,fao1952;mitchell,philippines,livestock:livestock;page_1_table_1,7.15e+05,7.39e+05,1.0336,
F51-1918-1938,rapeseed,tonnes,1933,iia;juan,czech republic;czechoslovakia,,1000,1034,1.0335,iia-attributable-single-cell-errors
BRA-1909-2025,oats,tonnes,1934-1938,fao1952;iia,brazil,;crops:production,1.2e+04,1.24e+04,1.0333,
IND-1949-2025,cattle,heads,1951,fao1952;mitchell,india,livestock:livestock;page_43_table_1,1.503e+08,1.553e+08,1.0332,
NRH-1911-1953,cattle,heads,1950,fao1952;mitchell,northern rhodesia;zambia,livestock:livestock;page_26_table_1,8.78e+05,9.07e+05,1.0330,
URY-1828-2025,wine,tonnes,1934-1938,fao1952;iia,uruguay,;crops:production,5.713e+04,5.9e+04,1.0327,
ZAF-1910-2025,wine,tonnes,1934-1938,fao1952;iia,south africa;union of south africa,;crops:production,1.288e+05,1.33e+05,1.0325,layerb-nested-reporting-levels-one-polity
AUT-1919-2025,wine,tonnes,1934-1938,fao1952;iia,austria,;crops:production,9.884e+04,1.02e+05,1.0319,
F248-1920-1947,hops,ha,1930,iia;juan,serbia;yugoslav sfr,,2800,2889,1.0318,
SWZ-1894-2025,cattle,heads,1951,fao1952;mitchell,eswatini;swaziland,copia de page_20_table_1;livestock:livestock,4.09e+05,4.22e+05,1.0318,
TAN-1922-1964,goats,heads,1951,fao1952;mitchell,tanganyika;tanzania,livestock:livestock;page_23_table_1,3.478e+06,3.588e+06,1.0316,
ZAF-1910-2025,wine,tonnes,1950,fao1952;mitchell,south africa;union of south africa,crops:production;page_35_table_1,2.433e+05,2.51e+05,1.0315,layerb-nested-reporting-levels-one-polity
ARG-1902-2025,wine,tonnes,1934-1938,fao1952;iia,argentina,;crops:production,6.584e+05,6.79e+05,1.0312,
DZA-1919-1962,wine,tonnes,1934-1938,fao1952;iia,algeria,;crops:production,1.734e+06,1.788e+06,1.0310,
CHE-1800-2025,wine,tonnes,1934-1938,fao1952;iia,switzerland,;crops:production,6.305e+04,6.5e+04,1.0309,
F51-1918-1938,rapeseed,ha,1933,iia;juan,czech republic;czechoslovakia,,970,1000,1.0309,iia-attributable-single-cell-errors
PRT-1800-2025,wine,tonnes,1934-1938,fao1952;iia,portugal,;crops:production,7.731e+05,7.97e+05,1.0309,
NAM-1920-1990,sheep,heads,1950,fao1952;mitchell,namibia;south west africa,livestock:livestock;page_5_table_1,2.717e+06,2.8e+06,1.0305,
HUN-1920-1938,wine,tonnes,1934-1938,fao1952;iia,hungary,;crops:production,3.232e+05,3.33e+05,1.0303,
MAR-1911-1958,camels,heads,1951,fao1952;mitchell,french morocco;morocco,livestock:livestock;page_2_table_1,2.01e+05,2.07e+05,1.0299,
UGA-1926-1962,cotton lint,tonnes,1951,fao1952;mitchell,uganda,crops:production;page_46_table_1,6.7e+04,6.9e+04,1.0299,
F248-1920-1947,rapeseed,ha,1922,iia;juan,serbia;yugoslav sfr,,3000,3089,1.0297,iia-attributable-single-cell-errors
KOR-1800-1945,"tobacco, unmanufactured",tonnes,1918,iia;mitchell,korea;south korea,;page_12_table_1,1.457e+04,1.5e+04,1.0297,iia-corrupted-country-labels
TUN-1881-2025,wine,tonnes,1934-1938,fao1952;iia,tunisia,;crops:production,1.602e+05,1.65e+05,1.0297,
ZWE-1900-1953,sheep,heads,1950,fao1952;mitchell,southern rhodesia;zimbabwe,livestock:livestock;page_29_table_1,3.06e+05,3.15e+05,1.0294,
F51-1918-1938,linseed,tonnes,1921,iia;juan,czech republic;czechoslovakia,,7411,7627,1.0292,iia-flax-fibre-item-is-mostly-linseed
ZAF-1910-2025,goats,heads,1951,fao1952;mitchell,south africa;union of south africa,copia de page_20_table_1;livestock:livestock,5.4e+06,5.557e+06,1.0291,layerb-nested-reporting-levels-one-polity
FRA-1919-2025,wine,tonnes,1934-1938,fao1952;iia,france,;crops:production,6.077e+06,6.252e+06,1.0289,
F248-1920-1947,"tobacco, unmanufactured",tonnes,1923,iia;juan,serbia;yugoslav sfr,,1.734e+04,1.784e+04,1.0287,iia-corrupted-country-labels
MWI-1891-1953,tea,tonnes,1951,fao1952;mitchell,malawi;nyasaland,crops:production;page_13_table_1,7000,7200,1.0286,
AUS-1901-2025,raisins,tonnes,1934-1938,fao1952;iia,australia,;crops:production,7.36e+04,7.57e+04,1.0285,iia-item-series-switch-raw-products
KOR-1800-1945,"tobacco, unmanufactured",tonnes,1912,iia;mitchell,korea;south korea,;page_12_table_1,1.264e+04,1.3e+04,1.0285,iia-corrupted-country-labels
PHL-1800-2025,cattle,heads,1950,fao1952;mitchell,philippines,livestock:livestock;page_1_table_1,7.15e+05,7.35e+05,1.0280,
KOR-1800-1945,"tobacco, unmanufactured",tonnes,1924,iia;mitchell,korea;south korea,;page_12_table_1,1.459e+04,1.5e+04,1.0278,iia-corrupted-country-labels
F248-1920-1947,"tobacco, unmanufactured",ha,1924,iia;juan,serbia;yugoslav sfr,,3.523e+04,3.62e+04,1.0275,iia-corrupted-country-labels
KOR-1800-1945,"tobacco, unmanufactured",tonnes,1931,iia;mitchell,korea;south korea,;page_12_table_1,1.6e+04,1.644e+04,1.0275,iia-corrupted-country-labels;iia-tobacco-implausible-magnitudes
KOR-1800-1945,"tobacco, unmanufactured",tonnes,1933,iia;mitchell,korea;south korea,;page_12_table_1,1.655e+04,1.7e+04,1.0270,iia-corrupted-country-labels;iia-tobacco-implausible-magnitudes
CHL-1902-2025,wine,tonnes,1934-1938,fao1952;iia,chile,;crops:production,3.039e+05,3.12e+05,1.0267,
BEC-1885-1966,cattle,heads,1951,fao1952;mitchell,bechuanaland;botswana,livestock:livestock;page_34_table_1,1.027e+06,1.054e+06,1.0263,
F51-1918-1938,rapeseed,ha,1932,iia;juan,czech republic;czechoslovakia,,1500,1539,1.0260,iia-attributable-single-cell-errors
AUS-1901-2025,wine,tonnes,1934-1938,fao1952;iia,australia,;crops:production,7.896e+04,8.1e+04,1.0259,
DEU-1949-1990,rye,ha,1949,fao1952;juan,germany,;crops:area,2.646e+06,2.714e+06,1.0257,
IRN-1828-2025,cattle,heads,1951,fao1952;mitchell,iran,livestock:livestock;page_45_table_1,3.9e+06,4e+06,1.0256,
DZA-1919-1962,cattle,heads,1949,fao1952;mitchell,algeria,livestock:livestock;page_31_table_1,7.47e+05,7.66e+05,1.0254,
JOR-1923-1946,olives,tonnes,1934-1938,fao1952;iia,jordan,;crops:production,8000,8200,1.0250,
TAN-1922-1964,cattle,heads,1950,fao1952;mitchell,tanganyika;tanzania,livestock:livestock;page_23_table_1,6.113e+06,6.263e+06,1.0245,
KOR-1800-1945,"tobacco, unmanufactured",tonnes,1919,iia;mitchell,korea;south korea,;page_12_table_1,1.4e+04,1.434e+04,1.0241,iia-corrupted-country-labels
ZWE-1900-1953,goats,heads,1949,fao1952;mitchell,southern rhodesia;zimbabwe,livestock:livestock;page_29_table_1,5.42e+05,5.55e+05,1.0240,
F248-1920-1947,grapes,ha,1934-1938,fao1952;iia,serbia;yugoslavia,;crops:area,2.11e+05,2.16e+05,1.0237,iia-item-series-switch-raw-products
LKA-1800-2025,tea,tonnes,1934-1938,fao1952;iia,ceylon;sri lanka,;crops:production,1.015e+05,1.039e+05,1.0237,iia-corrupted-country-labels
IND-1949-2025,sheep,heads,1951,fao1952;mitchell,india,livestock:livestock;page_43_table_1,3.905e+07,3.998e+07,1.0236,
F248-1920-1947,sesame seed,tonnes,1931,iia;juan,serbia;yugoslav sfr,,60,61.4,1.0233,
MMR-1885-2025,goats,heads,1949,fao1952;mitchell,burma;myanmar,livestock:livestock;page_49_table_1,1.73e+05,1.77e+05,1.0231,
PER-1922-1942,cotton lint,tonnes,1934-1938,fao1952;iia,peru,;crops:production,8.21e+04,8.4e+04,1.0231,iia-item-series-switch-raw-products
CHL-1902-2025,grapes,ha,1950,fao1952;juan,chile,;crops:area,8.8e+04,9e+04,1.0227,
F51-1918-1938,hops,ha,1933,iia;juan,czech republic;czechoslovakia,,1.027e+04,1.05e+04,1.0227,
BEC-1885-1966,cattle,heads,1950,fao1952;mitchell,bechuanaland;botswana,livestock:livestock;page_34_table_1,1.027e+06,1.05e+06,1.0224,
IND-1949-2025,camels,heads,1950,fao1952;mitchell,india,livestock:livestock;page_43_table_1,6.29e+05,6.43e+05,1.0223,
IND-1949-2025,linseed,tonnes,1951,fao1952;mitchell,india,crops:production;page_8_table_1,3.14e+05,3.21e+05,1.0223,
CYP-1879-2025,olives,tonnes,1934-1938,fao1952;iia,cyprus,;crops:production,9000,9200,1.0222,
NAM-1920-1990,goats,heads,1950,fao1952;mitchell,namibia;south-west africa,livestock:livestock;page_5_table_1,9e+05,9.2e+05,1.0222,
PRT-1800-2025,chick peas,ha,1949,fao1952;juan,portugal,;crops:area,4.5e+04,4.6e+04,1.0222,
KOR-1948-2025,cattle,heads,1949,fao1952;mitchell,korea south;south korea,livestock:livestock;page_47_table_1,6.85e+05,7e+05,1.0219,layerb-nested-reporting-levels-one-polity
TWN-1945-2025,goats,heads,1949,fao1952;mitchell,"china taiwan;china, taiwan province of",livestock:livestock;page_3_table_1,1.85e+05,1.89e+05,1.0216,
MAR-1911-1958,wine,tonnes,1934-1938,fao1952;iia,french morocco;morocco,;crops:production,5.286e+04,5.4e+04,1.0215,
MEX-1848-2025,cotton lint,ha,1951,fao1952;mitchell,mexico,crops:area;page_19_table_1 (2),8.84e+05,9.03e+05,1.0215,
ARG-1902-2025,linseed,ha,1949,fao1952;juan,argentina,;crops:area,9.4e+05,9.6e+05,1.0213,
AUT-1919-2025,rye,tonnes,1950,fao1952;juan,austria,;crops:production,3.8e+05,3.88e+05,1.0211,
IRN-1828-2025,cotton lint,tonnes,1934-1938,fao1952;iia,iran,;crops:production,3.33e+04,3.4e+04,1.0210,iia-item-series-switch-raw-products
F51-1918-1938,"tobacco, unmanufactured",ha,1923,iia;juan,czech republic;czechoslovakia,,2600,2654,1.0208,iia-corrupted-country-labels
SYR-1946-1967,cotton lint,tonnes,1951,fao1952;mitchell,syria;syrian arab republic,crops:production;page_2_table_1,4.8e+04,4.9e+04,1.0208,
PAL-1920-1948,wine,tonnes,1934,iia;mitchell,israel;palestine,;page_38_table_1,2328,2376,1.0206,layerb-nested-reporting-levels-one-polity
PAL-1920-1948,wine,tonnes,1936,iia;mitchell,israel;palestine,;page_38_table_1,2231,2277,1.0206,layerb-nested-reporting-levels-one-polity
PAL-1920-1948,wine,tonnes,1937,iia;mitchell,israel;palestine,;page_38_table_1,2425,2475,1.0206,layerb-nested-reporting-levels-one-polity
PAL-1920-1948,wine,tonnes,1938,iia;mitchell,israel;palestine,;page_38_table_1,2910,2970,1.0206,layerb-nested-reporting-levels-one-polity
PAL-1920-1948,wine,tonnes,1939,iia;mitchell,israel;palestine,;page_38_table_1,3298,3366,1.0206,layerb-nested-reporting-levels-one-polity
PAL-1920-1948,wine,tonnes,1940,iia;mitchell,israel;palestine,;page_38_table_1,3589,3663,1.0206,layerb-nested-reporting-levels-one-polity
PAL-1920-1948,wine,tonnes,1941,iia;mitchell,israel;palestine,;page_38_table_1,3589,3663,1.0206,layerb-nested-reporting-levels-one-polity
PAL-1920-1948,wine,tonnes,1942,iia;mitchell,israel;palestine,;page_38_table_1,3977,4059,1.0206,layerb-nested-reporting-levels-one-polity
PAL-1920-1948,wine,tonnes,1943,iia;mitchell,israel;palestine,;page_38_table_1,4171,4257,1.0206,layerb-nested-reporting-levels-one-polity
PAL-1920-1948,wine,tonnes,1944,iia;mitchell,israel;palestine,;page_38_table_1,5335,5445,1.0206,layerb-nested-reporting-levels-one-polity
SYR-1946-1967,goats,heads,1949,fao1952;mitchell,syria;syrian arab republic,livestock:livestock;page_3_table_1,1.196e+06,1.22e+06,1.0201,
IRN-1828-2025,olives,tonnes,1934-1938,fao1952;iia,iran,;crops:production,1.5e+04,1.53e+04,1.0200,
SWZ-1894-2025,cattle,heads,1950,fao1952;mitchell,eswatini;swaziland,copia de page_20_table_1;livestock:livestock,4.09e+05,4.17e+05,1.0196,
MDG-1882-2025,cattle,heads,1949,fao1952;mitchell,madagascar,livestock:livestock;page_46_table_1,5.633e+06,5.742e+06,1.0194,
MMR-1885-2025,cotton lint,tonnes,1934-1938,fao1952;iia,burma;myanmar,;crops:production,2.06e+04,2.1e+04,1.0194,iia-item-series-switch-raw-products
FRA-1919-2025,linseed,ha,1951,fao1952;juan,france,;crops:area,5.2e+04,5.3e+04,1.0192,
ZAF-1910-2025,sheep,heads,1951,fao1952;mitchell,south africa;union of south africa,copia de page_20_table_1;livestock:livestock,3.482e+07,3.548e+07,1.0189,layerb-nested-reporting-levels-one-polity
F51-1918-1938,rapeseed,ha,1924,iia;juan,czech republic;czechoslovakia,,3400,3464,1.0188,iia-attributable-single-cell-errors
PHL-1800-2025,goats,heads,1951,fao1952;mitchell,philippines,livestock:livestock;page_1_table_1,3.77e+05,3.84e+05,1.0186,
F248-1920-1947,rapeseed,tonnes,1934-1938,fao1952;iia,serbia;yugoslavia,;crops:production,1.08e+04,1.1e+04,1.0185,iia-attributable-single-cell-errors
MEX-1848-2025,cotton lint,ha,1934-1938,fao1952;iia,mexico,;crops:area,2.7e+05,2.75e+05,1.0185,iia-item-series-switch-raw-products
TUR-1920-2025,cattle,heads,1951,fao1952;mitchell,turkey,livestock:livestock;page_5_table_1,1.022e+07,1.04e+07,1.0176,
ZAF-1910-2025,cattle,heads,1951,fao1952;mitchell,cape natal;south africa;union of south africa,copia de page_17_table_1;livestock:livestock;page_17_table_1,1.156e+07,1.177e+07,1.0176,layerb-nested-reporting-levels-one-polity
ZAF-1910-2025,sheep,heads,1949,fao1952;mitchell,south africa;union of south africa,copia de page_20_table_1;livestock:livestock,3.136e+07,3.191e+07,1.0174,layerb-nested-reporting-levels-one-polity
ANG-1905-1975,goats,heads,1950,fao1952;mitchell,angola,livestock:livestock;page_31_table_1,4.16e+05,4.23e+05,1.0168,
TUN-1881-2025,wine,tonnes,1950,fao1952;mitchell,tunisia,crops:production;page_35_table_1,7.672e+04,7.8e+04,1.0166,
F51-1938-1945,flax fibre and tow,tonnes,1943,iia;juan,czech republic;czechoslovakia,,1.22e+04,1.24e+04,1.0164,iia-attributable-single-cell-errors;iia-flax-fibre-item-is-mostly-linseed
BRA-1909-2025,cattle,heads,1951,fao1952;juan,brazil,;livestock:livestock,5.266e+07,5.351e+07,1.0163,
UGA-1926-1962,cotton lint,tonnes,1950,fao1952;mitchell,uganda,crops:production;page_46_table_1,6.2e+04,6.3e+04,1.0161,
F248-1920-1947,grapes,tonnes,1934-1938,fao1952;iia,serbia;yugoslavia,;crops:production,7.126e+05,7.24e+05,1.0160,iia-item-series-switch-raw-products
F248-1920-1947,hops,ha,1925,iia;juan,serbia;yugoslav sfr,,2000,2032,1.0160,
KOR-1800-1945,"tobacco, unmanufactured",tonnes,1913,iia;mitchell,korea;south korea,;page_12_table_1,1.4e+04,1.422e+04,1.0160,iia-corrupted-country-labels
KOR-1800-1945,"tobacco, unmanufactured",tonnes,1915,iia;mitchell,korea;south korea,;page_12_table_1,1.378e+04,1.4e+04,1.0158,iia-corrupted-country-labels
FRA-1919-2025,rapeseed,tonnes,1934-1938,fao1952;iia,france,;crops:production,1.28e+04,1.3e+04,1.0156,
F51-1918-1938,rapeseed,ha,1931,iia;juan,czech republic;czechoslovakia,,2000,2031,1.0155,iia-attributable-single-cell-errors
KEN-1926-1963,tea,tonnes,1951,fao1952;mitchell,kenya,crops:production;page_13_table_1,6900,7000,1.0145,
ALB-1913-2025,grapes,tonnes,1934-1938,fao1952;iia,albania,;crops:production,1.4e+04,1.42e+04,1.0143,iia-item-series-switch-raw-products
CAN-1949-2025,soybeans,tonnes,1949,fao1952;juan,canada,;crops:production,7e+04,7.1e+04,1.0143,
NRH-1911-1953,cattle,heads,1951,fao1952;mitchell,northern rhodesia;zambia,livestock:livestock;page_26_table_1,9.07e+05,9.2e+05,1.0143,
TUN-1881-2025,oats,tonnes,1934-1938,fao1952;iia,tunisia,;crops:production,2.1e+04,2.13e+04,1.0143,
BEC-1885-1966,sheep,heads,1949,fao1952;mitchell,bechuanaland;botswana,livestock:livestock;page_34_table_1,2.14e+05,2.17e+05,1.0140,
F51-1918-1938,flax fibre and tow,ha,1933,iia;juan,czech republic;czechoslovakia,,7000,7098,1.0140,iia-attributable-single-cell-errors;iia-flax-fibre-item-is-mostly-linseed
F51-1918-1938,linseed,ha,1933,iia;juan,czech republic;czechoslovakia,,7000,7098,1.0140,iia-flax-fibre-item-is-mostly-linseed
PAL-1920-1948,wine,tonnes,1923,iia;mitchell,israel;palestine,;page_38_table_1,2441,2475,1.0139,layerb-nested-reporting-levels-one-polity
TWN-1945-2025,cattle,heads,1951,fao1952;mitchell,"china taiwan;china, taiwan province of",livestock:livestock;page_3_table_1,7.4e+04,7.5e+04,1.0135,
F51-1918-1938,"tobacco, unmanufactured",ha,1930,iia;juan,czech republic;czechoslovakia,,7400,7499,1.0134,iia-corrupted-country-labels;iia-tobacco-implausible-magnitudes
RWB-1922-1962,cattle,heads,1951,fao1952;mitchell,ruanda-urundi;rwanda and burundi,livestock:livestock;page_11_table_1,9.72e+05,9.85e+05,1.0134,layerb-nested-reporting-levels-one-polity
F248-1920-1947,rapeseed,ha,1925,iia;juan,serbia;yugoslav sfr,,2700,2736,1.0133,iia-attributable-single-cell-errors
F248-1920-1947,"tobacco, unmanufactured",ha,1933,iia;juan,serbia;yugoslav sfr,,1.1e+04,1.114e+04,1.0131,iia-corrupted-country-labels;iia-tobacco-implausible-magnitudes
F248-1920-1947,hops,ha,1922,iia;juan,serbia;yugoslav sfr,,1800,1823,1.0128,
KOR-1800-1945,"tobacco, unmanufactured",tonnes,1914,iia;mitchell,korea;south korea,;page_12_table_1,9874,1e+04,1.0128,iia-corrupted-country-labels
F248-1920-1947,hops,ha,1924,iia;juan,serbia;yugoslav sfr,,2200,2228,1.0127,
F51-1918-1938,rapeseed,ha,1921,iia;juan,czech republic;czechoslovakia,,4800,4860,1.0125,iia-attributable-single-cell-errors
NGA-1914-1960,cotton lint,tonnes,1934-1938,fao1952;iia,nigeria,;crops:production,8000,8100,1.0125,iia-item-series-switch-raw-products;nga-1941-1945-cotton-area-zero
MDG-1882-2025,cattle,heads,1950,fao1952;mitchell,madagascar,livestock:livestock;page_46_table_1,5.673e+06,5.742e+06,1.0122,
MAR-1911-1958,wine,tonnes,1949,fao1952;mitchell,french morocco;morocco,crops:production;page_35_table_1,4.94e+04,5e+04,1.0121,
MMR-1885-2025,cattle,heads,1949,fao1952;mitchell,burma;myanmar,livestock:livestock;page_49_table_1,4.454e+06,4.508e+06,1.0121,
F248-1920-1947,oats,tonnes,1934-1938,fao1952;iia,serbia;yugoslavia,;crops:production,3.133e+05,3.17e+05,1.0118,
F248-1920-1947,flax fibre and tow,ha,1933,iia;juan,serbia;yugoslav sfr,,1.1e+04,1.113e+04,1.0117,iia-attributable-single-cell-errors;iia-flax-fibre-item-is-mostly-linseed
FRA-1919-2025,goats,heads,1950,fao1952;juan,france,;livestock:livestock,1.282e+06,1.297e+06,1.0117,
F51-1918-1938,hops,ha,1924,iia;juan,czech republic;czechoslovakia,,8100,8192,1.0114,
RWB-1922-1962,cattle,heads,1949,fao1952;mitchell,ruanda-urundi;rwanda and burundi,livestock:livestock;page_11_table_1,9.63e+05,9.74e+05,1.0114,layerb-nested-reporting-levels-one-polity
RWB-1922-1962,cattle,heads,1950,fao1952;mitchell,ruanda-urundi;rwanda and burundi,livestock:livestock;page_11_table_1,9.74e+05,9.85e+05,1.0113,layerb-nested-reporting-levels-one-polity
F51-1918-1938,"tobacco, unmanufactured",ha,1924,iia;juan,czech republic;czechoslovakia,,4100,4146,1.0112,iia-corrupted-country-labels
CHL-1902-2025,grapes,ha,1949,fao1952;juan,chile,;crops:area,9e+04,9.1e+04,1.0111,
BRA-1909-2025,cotton lint,ha,1934-1938,fao1952;iia,brazil,;crops:area,2.095e+06,2.118e+06,1.0110,iia-item-series-switch-raw-products
F51-1918-1938,hempseed,ha,1931,iia;juan,czech republic;czechoslovakia,,8200,8290,1.0110,
KOR-1800-1945,"tobacco, unmanufactured",tonnes,1923,iia;mitchell,korea;south korea,;page_12_table_1,1.187e+04,1.2e+04,1.0109,iia-corrupted-country-labels
LBN-1920-1944,olives,tonnes,1934-1938,fao1952;iia,lebanon,;crops:production,2.77e+04,2.8e+04,1.0108,
CYP-1879-2025,wine,tonnes,1934-1938,fao1952;iia,cyprus,;crops:production,1.484e+04,1.5e+04,1.0107,
FRA-1919-2025,rye,ha,1934-1938,fao1952;iia,france,;crops:area,6.63e+05,6.7e+05,1.0106,
FRA-1919-2025,linseed,tonnes,1951,fao1952;juan,france,;crops:production,1.9e+04,1.92e+04,1.0105,
DZA-1919-1962,wine,tonnes,1950,fao1952;mitchell,algeria,crops:production;page_35_table_1,1.415e+06,1.43e+06,1.0104,
DZA-1919-1962,wine,tonnes,1949,fao1952;mitchell,algeria,crops:production;page_35_table_1,1.432e+06,1.447e+06,1.0103,
CHL-1902-2025,wine,tonnes,1949,fao1952;mitchell,chile,crops:production;page_47_table_1 (2),3.109e+05,3.14e+05,1.0101,
TUN-1881-2025,wine,tonnes,1951,fao1952;mitchell,tunisia,crops:production;page_35_table_1,6.435e+04,6.5e+04,1.0101,
F248-1920-1947,hops,ha,1923,iia;juan,serbia;yugoslav sfr,,1600,1616,1.0100,
F51-1918-1938,hops,ha,1919,iia;juan,czech republic;czechoslovakia,,8500,8585,1.0100,
FRA-1919-2025,sheep,heads,1951,fao1952;juan,france,;livestock:livestock,7.51e+06,7.585e+06,1.0100,
TWN-1945-2025,tea,tonnes,1949,fao1952;mitchell,"china taiwan;china, taiwan province of",crops:production;page_19_table_1,1e+04,1.01e+04,1.0100,
DZA-1919-1962,wine,tonnes,1951,fao1952;mitchell,algeria,crops:production;page_35_table_1,1.361e+06,1.374e+06,1.0099,
F51-1918-1938,"tobacco, unmanufactured",ha,1932,iia;juan,czech republic;czechoslovakia,,9900,9997,1.0098,iia-corrupted-country-labels;iia-tobacco-implausible-magnitudes
USA-1867-1959,cotton lint,ha,1951,fao1952;mitchell,united states;united states of america,crops:area;page_20_table_1,1.08e+07,1.091e+07,1.0098,
TUR-1920-2025,oats,ha,1951,fao1952;mitchell,turkey,crops:area;page_47_table_1,3.08e+05,3.11e+05,1.0097,
ZAF-1910-2025,rye,tonnes,1934-1938,fao1952;iia,south africa;u of s africa,;crops:production,2.08e+04,2.1e+04,1.0096,layerb-nested-reporting-levels-one-polity
NLD-1830-2025,grapes,tonnes,1934-1938,fao1952;iia,netherlands,;crops:production,2.1e+04,2.12e+04,1.0095,iia-item-series-switch-raw-products
F51-1918-1938,linseed,ha,1931,iia;juan,czech republic;czechoslovakia,,8900,8984,1.0094,iia-flax-fibre-item-is-mostly-linseed
CHL-1902-2025,wine,tonnes,1950,fao1952;mitchell,chile,crops:production;page_47_table_1 (2),3.567e+05,3.6e+05,1.0093,
URY-1828-2025,oats,tonnes,1934-1938,fao1952;iia,uruguay,;crops:production,4.3e+04,4.34e+04,1.0093,
MAR-1911-1958,wine,tonnes,1951,fao1952;mitchell,french morocco;morocco,crops:production;page_35_table_1,1.011e+05,1.02e+05,1.0091,
NOR-1800-2025,rye,tonnes,1934-1938,fao1952;iia,norway,;crops:production,1.1e+04,1.11e+04,1.0091,
URY-1828-2025,wine,tonnes,1951,fao1952;mitchell,uruguay,crops:production;page_47_table_1 (2),9.514e+04,9.6e+04,1.0090,
F51-1918-1938,hempseed,tonnes,1933,iia;juan,czech republic;czechoslovakia,,3469,3500,1.0089,
KOR-1800-1945,"tobacco, unmanufactured",tonnes,1910,iia;mitchell,korea;south korea,;page_12_table_1,8921,9000,1.0089,iia-corrupted-country-labels
F248-1920-1947,rye,tonnes,1934-1938,fao1952;iia,serbia;yugoslavia,;crops:production,2.062e+05,2.08e+05,1.0087,iia-attributable-single-cell-errors
F51-1918-1938,linseed,tonnes,1933,iia;juan,czech republic;czechoslovakia,,2677,2700,1.0087,iia-flax-fibre-item-is-mostly-linseed
F51-1945-1947,rye,ha,1945,iia;juan,czech republic;czechoslovakia,,8.02e+05,8.09e+05,1.0087,iia-attributable-single-cell-errors
MAR-1911-1958,wine,tonnes,1950,fao1952;mitchell,french morocco;morocco,crops:production;page_35_table_1,7.039e+04,7.1e+04,1.0087,
URY-1828-2025,wine,tonnes,1950,fao1952;mitchell,uruguay,crops:production;page_47_table_1 (2),7.237e+04,7.3e+04,1.0087,
F248-1920-1947,rapeseed,tonnes,1933,iia;juan,serbia;yugoslav sfr,,2777,2800,1.0084,iia-attributable-single-cell-errors
LUX-1839-2025,rye,tonnes,1934-1938,fao1952;iia,luxembourg,;crops:production,1.19e+04,1.2e+04,1.0084,
KEN-1926-1963,sheep,heads,1949,fao1952;mitchell,kenya,livestock:livestock;page_43_table_1,3.263e+06,3.29e+06,1.0083,
ARG-1902-2025,soybeans,ha,1949,fao1952;juan,argentina,;crops:area,992,1000,1.0081,
PAK-1949-1971,cattle,heads,1950,fao1952;mitchell,pakistan,livestock:livestock;page_49_table_1,2.41e+07,2.43e+07,1.0081,
TUR-1920-2025,cattle,heads,1950,fao1952;mitchell,turkey,livestock:livestock;page_5_table_1,1.012e+07,1.02e+07,1.0080,
F248-1920-1947,rye,ha,1934-1938,fao1952;iia,serbia;yugoslavia,;crops:area,2.52e+05,2.54e+05,1.0079,iia-attributable-single-cell-errors
F248-1947-1991,rye,ha,1950,fao1952;juan,yugoslav sfr;yugoslavia,;crops:area,2.54e+05,2.56e+05,1.0079,
F51-1918-1938,flax fibre and tow,ha,1931,iia;juan,czech republic;czechoslovakia,,8900,8970,1.0079,iia-attributable-single-cell-errors;iia-flax-fibre-item-is-mostly-linseed
F51-1918-1938,hops,ha,1923,iia;juan,czech republic;czechoslovakia,,7700,7761,1.0079,
F51-1918-1938,rapeseed,ha,1922,iia;juan,czech republic;czechoslovakia,,3900,3931,1.0079,iia-attributable-single-cell-errors
FRA-1919-2025,linseed,tonnes,1949,fao1952;juan,france,;crops:production,1.29e+04,1.3e+04,1.0078,
NZL-1840-2025,cattle,heads,1950,fao1952;mitchell,new zealand,livestock:livestock;page_10_table_1,4.954e+06,4.992e+06,1.0077,
ZWE-1900-1953,cattle,heads,1950,fao1952;mitchell,southern rhodesia;zimbabwe,livestock:livestock;page_29_table_1,2.981e+06,3.004e+06,1.0077,
ESP-1800-2025,chick peas,tonnes,1951,fao1952;juan,spain,;crops:production,1.965e+05,1.98e+05,1.0076,
GRC-1919-1947,olives,tonnes,1934-1938,fao1952;iia,greece,;crops:production,3.97e+04,4e+04,1.0076,
F51-1918-1938,hops,ha,1921,iia;juan,czech republic;czechoslovakia,,8300,8362,1.0075,
F51-1918-1938,linseed,ha,1930,iia;juan,czech republic;czechoslovakia,,1.25e+04,1.259e+04,1.0075,iia-flax-fibre-item-is-mostly-linseed
TUR-1920-2025,cattle,heads,1949,fao1952;mitchell,turkey,livestock:livestock;page_5_table_1,1.02e+07,1.028e+07,1.0074,
F51-1918-1938,hops,ha,1920,iia;juan,czech republic;czechoslovakia,,8300,8361,1.0073,
LUX-1839-2025,oats,tonnes,1934-1938,fao1952;iia,luxembourg,;crops:production,4.17e+04,4.2e+04,1.0072,
F248-1920-1947,flax fibre and tow,ha,1931,iia;juan,serbia;yugoslav sfr,,1.23e+04,1.239e+04,1.0071,iia-attributable-single-cell-errors;iia-flax-fibre-item-is-mostly-linseed
F248-1920-1947,hempseed,tonnes,1931,iia;juan,serbia;yugoslav sfr,,1000,1007,1.0071,
F51-1918-1938,rapeseed,ha,1920,iia;juan,czech republic;czechoslovakia,,6600,6647,1.0071,iia-attributable-single-cell-errors
GRC-1919-1947,rye,tonnes,1934-1938,fao1952;iia,greece,;crops:production,5.66e+04,5.7e+04,1.0071,
IDN-1800-1945,tea,tonnes,1934-1938,fao1952;iia,indonesia,;crops:production,7.467e+04,7.52e+04,1.0071,iia-corrupted-country-labels
KOR-1800-1945,"tobacco, unmanufactured",tonnes,1917,iia;mitchell,korea;south korea,;page_12_table_1,1.4e+04,1.41e+04,1.0071,iia-corrupted-country-labels
F248-1920-1947,"tobacco, unmanufactured",ha,1920,iia;juan,serbia;yugoslav sfr,,1.24e+04,1.249e+04,1.0070,iia-corrupted-country-labels
FIN-1944-2025,rye,ha,1950,fao1952;juan,finland,;crops:area,1.42e+05,1.43e+05,1.0070,
F51-1918-1938,hops,ha,1922,iia;juan,czech republic;czechoslovakia,,7800,7854,1.0069,
DNK-1920-2025,rye,ha,1934-1938,fao1952;iia,denmark,;crops:area,1.47e+05,1.48e+05,1.0068,
F51-1918-1938,hempseed,ha,1922,iia;juan,czech republic;czechoslovakia,,1.19e+04,1.198e+04,1.0068,
F51-1918-1938,hempseed,ha,1924,iia;juan,czech republic;czechoslovakia,,1.16e+04,1.168e+04,1.0068,
PRT-1800-2025,oats,tonnes,1951,fao1952;juan,portugal,;crops:production,1.47e+05,1.48e+05,1.0068,
ZAF-1910-2025,oats,tonnes,1934-1938,fao1952;iia,south africa;u of s africa,;crops:production,1.033e+05,1.04e+05,1.0068,layerb-nested-reporting-levels-one-polity
KOR-1800-1945,"tobacco, unmanufactured",tonnes,1930,iia;mitchell,korea;south korea,;page_12_table_1,1.5e+04,1.51e+04,1.0067,iia-corrupted-country-labels;iia-tobacco-implausible-magnitudes
MAR-1911-1958,oats,tonnes,1934-1938,fao1952;iia,french morocco;morocco,;crops:production,2.98e+04,3e+04,1.0067,
USA-1867-1959,cotton lint,tonnes,1934-1938,fao1952;iia,united states;united states of america,;crops:production,2.756e+06,2.775e+06,1.0067,iia-item-series-switch-raw-products
ARG-1902-2025,cotton lint,ha,1950,fao1952;mitchell,argentina,crops:area;page_24_table_1,4.58e+05,4.61e+05,1.0066,
F248-1920-1947,flax fibre and tow,ha,1924,iia;juan,serbia;yugoslav sfr,,1.3e+04,1.309e+04,1.0066,iia-attributable-single-cell-errors;iia-flax-fibre-item-is-mostly-linseed
F51-1918-1938,hops,ha,1932,iia;juan,czech republic;czechoslovakia,,9500,9563,1.0066,
KOR-1800-1945,"tobacco, unmanufactured",tonnes,1916,iia;mitchell,korea;south korea,;page_12_table_1,1.3e+04,1.308e+04,1.0065,iia-corrupted-country-labels
MDG-1882-2025,goats,heads,1950,fao1952;mitchell,madagascar,livestock:livestock;page_46_table_1,3.08e+05,3.1e+05,1.0065,
F248-1920-1947,flax fibre and tow,ha,1932,iia;juan,serbia;yugoslav sfr,,1.06e+04,1.067e+04,1.0064,iia-attributable-single-cell-errors;iia-flax-fibre-item-is-mostly-linseed
F51-1918-1938,flax fibre and tow,ha,1930,iia;juan,czech republic;czechoslovakia,,1.25e+04,1.258e+04,1.0064,iia-attributable-single-cell-errors;iia-flax-fibre-item-is-mostly-linseed
F51-1918-1938,hempseed,ha,1932,iia;juan,czech republic;czechoslovakia,,7700,7749,1.0064,
KOR-1800-1945,soybeans,ha,1934-1938,fao1952;iia,korea;south korea,;crops:area,7.8e+05,7.85e+05,1.0064,
F248-1920-1947,flax fibre and tow,ha,1922,iia;juan,serbia;yugoslav sfr,,1.31e+04,1.318e+04,1.0061,iia-attributable-single-cell-errors;iia-flax-fibre-item-is-mostly-linseed
F248-1920-1947,"tobacco, unmanufactured",ha,1921,iia;juan,serbia;yugoslav sfr,,1.43e+04,1.439e+04,1.0061,iia-corrupted-country-labels
PER-1922-1942,grapes,tonnes,1934-1938,fao1952;iia,peru,;crops:production,3.28e+04,3.3e+04,1.0061,iia-item-series-switch-raw-products
SER-1878-1913,flax fibre and tow,ha,1911,iia;juan,serbia;yugoslav sfr,,1800,1811,1.0061,iia-flax-fibre-item-is-mostly-linseed;layerb-nested-reporting-levels-one-polity
UGA-1926-1962,goats,heads,1949,fao1952;mitchell,uganda,livestock:livestock;page_26_table_1,2.31e+06,2.324e+06,1.0061,
F248-1920-1947,hops,tonnes,1932,iia;juan,serbia;yugoslav sfr,,820,824.9,1.0060,
F51-1918-1938,"tobacco, unmanufactured",ha,1931,iia;juan,czech republic;czechoslovakia,,9000,9053,1.0059,iia-corrupted-country-labels;iia-tobacco-implausible-magnitudes
NZL-1840-2025,oats,tonnes,1934-1938,fao1952;iia,new zealand,;crops:production,5.07e+04,5.1e+04,1.0059,
ESP-1800-2025,chick peas,ha,1950,fao1952;juan,spain,;crops:area,3.63e+05,3.65e+05,1.0055,
F248-1920-1947,hops,tonnes,1925,iia;juan,serbia;yugoslav sfr,,1100,1106,1.0055,
F248-1920-1947,oats,ha,1934-1938,fao1952;iia,serbia;yugoslavia,;crops:area,3.62e+05,3.64e+05,1.0055,
UGA-1926-1962,cattle,heads,1949,fao1952;mitchell,uganda,livestock:livestock;page_26_table_1,2.534e+06,2.548e+06,1.0055,
ZWE-1900-1953,cattle,heads,1951,fao1952;mitchell,southern rhodesia;zimbabwe,livestock:livestock;page_29_table_1,2.965e+06,2.981e+06,1.0054,
F51-1918-1938,grapes,ha,1920,iia;juan,czech republic;czechoslovakia,,1.86e+04,1.87e+04,1.0052,iia-item-series-switch-raw-products
FRA-1919-2025,olives,tonnes,1934-1938,fao1952;iia,france,;crops:production,3.88e+04,3.9e+04,1.0052,
PRT-1800-2025,oats,tonnes,1934-1938,fao1952;iia,portugal,;crops:production,9.6e+04,9.65e+04,1.0052,
F51-1918-1938,rapeseed,tonnes,1932,iia;juan,czech republic;czechoslovakia,,1740,1749,1.0051,iia-attributable-single-cell-errors
ARG-1902-2025,cotton lint,tonnes,1934-1938,fao1952;iia,argentina,;crops:production,5.97e+04,6e+04,1.0050,iia-item-series-switch-raw-products
F248-1920-1947,rapeseed,tonnes,1923,iia;juan,serbia;yugoslav sfr,,1820,1829,1.0050,iia-attributable-single-cell-errors
IDN-1800-1945,tea,ha,1934-1938,fao1952;iia,indonesia,;crops:area,2e+05,2.01e+05,1.0050,iia-corrupted-country-labels
F51-1918-1938,rapeseed,ha,1919,iia;juan,czech republic;czechoslovakia,,9000,9044,1.0049,
F248-1920-1947,flax fibre and tow,ha,1930,iia;juan,serbia;yugoslav sfr,,1.31e+04,1.316e+04,1.0048,iia-attributable-single-cell-errors;iia-flax-fibre-item-is-mostly-linseed
DEU-1949-1990,rye,tonnes,1949,fao1952;juan,germany,;crops:production,5.338e+06,5.363e+06,1.0047,
DEU-1949-1990,rye,ha,1950,fao1952;juan,germany,;crops:area,2.74e+06,2.753e+06,1.0047,
F51-1918-1938,hops,ha,1925,iia;juan,czech republic;czechoslovakia,,9000,9042,1.0047,
F51-1918-1938,linseed,tonnes,1924,iia;juan,czech republic;czechoslovakia,,9039,9080,1.0046,iia-flax-fibre-item-is-mostly-linseed
F248-1920-1947,hops,tonnes,1931,iia;juan,serbia;yugoslav sfr,,1580,1587,1.0045,
F248-1920-1947,"tobacco, unmanufactured",ha,1930,iia;juan,serbia;yugoslav sfr,,1.53e+04,1.537e+04,1.0045,iia-corrupted-country-labels;iia-tobacco-implausible-magnitudes
F51-1918-1938,hempseed,ha,1930,iia;juan,czech republic;czechoslovakia,,6200,6228,1.0045,
ZAF-1910-2025,cattle,heads,1950,fao1952;mitchell,cape natal;south africa;union of south africa,copia de page_17_table_1;livestock:livestock;page_17_table_1,1.151e+07,1.156e+07,1.0045,layerb-nested-reporting-levels-one-polity
F248-1920-1947,"tobacco, unmanufactured",ha,1923,iia;juan,serbia;yugoslav sfr,,2.16e+04,2.169e+04,1.0044,iia-corrupted-country-labels
KOR-1800-1945,"tobacco, unmanufactured",tonnes,1932,iia;mitchell,korea;south korea,;page_12_table_1,1.991e+04,2e+04,1.0044,iia-corrupted-country-labels;iia-tobacco-implausible-magnitudes
MAR-1911-1958,olives,tonnes,1934-1938,fao1952;iia,french morocco;morocco,;crops:production,6.77e+04,6.8e+04,1.0044,
TUN-1881-2025,wine,tonnes,1949,fao1952;mitchell,tunisia,crops:production;page_35_table_1,8.762e+04,8.8e+04,1.0044,
URY-1828-2025,grapes,tonnes,1934-1938,fao1952;iia,uruguay,;crops:production,9.2e+04,9.24e+04,1.0043,iia-item-series-switch-raw-products
BEC-1885-1966,goats,heads,1950,fao1952;mitchell,bechuanaland;botswana,livestock:livestock;page_34_table_1,4.75e+05,4.77e+05,1.0042,
DEU-1949-1990,rye,tonnes,1950,fao1952;juan,germany,;crops:production,5.154e+06,5.175e+06,1.0041,
F248-1920-1947,flax fibre and tow,ha,1921,iia;juan,serbia;yugoslav sfr,,1.47e+04,1.476e+04,1.0041,iia-attributable-single-cell-errors;iia-flax-fibre-item-is-mostly-linseed
JPN-1945-1952,cattle,heads,1950,fao1952;mitchell,japan,livestock:livestock;page_47_table_1,2.45e+06,2.46e+06,1.0041,
TWN-1895-1945,tea,tonnes,1934-1938,fao1952;iia,"china taiwan;china, taiwan province of",;crops:production,1.155e+04,1.16e+04,1.0041,iia-corrupted-country-labels
FRA-1919-2025,sheep,heads,1949,fao1952;juan,france,;livestock:livestock,7.48e+06,7.51e+06,1.0040,
FRA-1919-2025,sheep,heads,1950,fao1952;juan,france,;livestock:livestock,7.48e+06,7.51e+06,1.0040,
F248-1920-1947,hops,tonnes,1930,iia;juan,serbia;yugoslav sfr,,1750,1757,1.0039,
F51-1918-1938,flax fibre and tow,ha,1924,iia;juan,czech republic;czechoslovakia,,2.18e+04,2.189e+04,1.0039,iia-attributable-single-cell-errors;iia-flax-fibre-item-is-mostly-linseed
F51-1918-1938,hops,ha,1930,iia;juan,czech republic;czechoslovakia,,1.55e+04,1.556e+04,1.0039,
F51-1918-1938,linseed,ha,1924,iia;juan,czech republic;czechoslovakia,,2.18e+04,2.189e+04,1.0039,iia-flax-fibre-item-is-mostly-linseed
POL-1945-2025,rye,ha,1949,fao1952;juan,poland,;crops:area,5.166e+06,5.186e+06,1.0039,
F248-1920-1947,hops,ha,1933,iia;juan,serbia;yugoslav sfr,,1694,1700,1.0035,
F248-1920-1947,rapeseed,tonnes,1924,iia;juan,serbia;yugoslav sfr,,1470,1475,1.0035,iia-attributable-single-cell-errors
IND-1949-2025,goats,heads,1949,fao1952;mitchell,india,livestock:livestock;page_43_table_1,4.412e+07,4.427e+07,1.0035,
SER-1878-1913,hemp tow waste,ha,1910,iia;juan,serbia;yugoslav sfr,,1.54e+04,1.545e+04,1.0035,layerb-nested-reporting-levels-one-polity
F51-1918-1938,hemp tow waste,ha,1920,iia;juan,czech republic;czechoslovakia,,9900,9934,1.0034,
F51-1918-1938,linseed,ha,1925,iia;juan,czech republic;czechoslovakia,,2.47e+04,2.478e+04,1.0033,iia-flax-fibre-item-is-mostly-linseed
F248-1920-1947,hops,tonnes,1923,iia;juan,serbia;yugoslav sfr,,1510,1515,1.0032,
F51-1918-1938,rapeseed,tonnes,1931,iia;juan,czech republic;czechoslovakia,,1680,1685,1.0030,iia-attributable-single-cell-errors
F51-1918-1938,"tobacco, unmanufactured",ha,1933,iia;juan,czech republic;czechoslovakia,,1e+04,1.003e+04,1.0030,iia-corrupted-country-labels;iia-tobacco-implausible-magnitudes
LKA-1800-2025,tea,tonnes,1949,fao1952;mitchell,ceylon;sri lanka,crops:production;page_18_table_1,1.4e+05,1.404e+05,1.0029,
F248-1920-1947,flax fibre and tow,tonnes,1933,iia;juan,serbia;yugoslav sfr,,9900,9928,1.0028,iia-attributable-single-cell-errors;iia-flax-fibre-item-is-mostly-linseed
GTM-1821-2025,sheep,heads,1949,fao1952;juan,guatemala,;livestock:livestock,7.16e+05,7.18e+05,1.0028,
LKA-1800-2025,tea,tonnes,1950,fao1952;mitchell,ceylon;sri lanka,crops:production;page_18_table_1,1.43e+05,1.434e+05,1.0028,
PRT-1800-2025,rye,tonnes,1934-1938,fao1952;iia,portugal,;crops:production,1.057e+05,1.06e+05,1.0028,
MEX-1848-2025,sheep,heads,1950,fao1952;juan,mexico,;livestock:livestock,5.086e+06,5.1e+06,1.0027,
F248-1920-1947,hops,tonnes,1924,iia;juan,serbia;yugoslav sfr,,2180,2186,1.0026,
F51-1918-1938,rapeseed,ha,1923,iia;juan,czech republic;czechoslovakia,,3800,3810,1.0026,iia-attributable-single-cell-errors
MEX-1848-2025,cotton lint,ha,1950,fao1952;mitchell,mexico,crops:area;page_19_table_1 (2),7.59e+05,7.61e+05,1.0026,
F248-1920-1947,hempseed,tonnes,1933,iia;juan,serbia;yugoslav sfr,,1500,1504,1.0025,
F248-1920-1947,linseed,tonnes,1933,iia;juan,serbia;yugoslav sfr,,997.5,1000,1.0025,iia-flax-fibre-item-is-mostly-linseed
PAL-1920-1948,grapes,tonnes,1934-1938,fao1952;iia,israel;palestine,;crops:production,4e+04,4.01e+04,1.0025,iia-item-series-switch-raw-products;layerb-nested-reporting-levels-one-polity
F248-1920-1947,"oil, olive, virgin",tonnes,1931,iia;juan,serbia;yugoslav sfr,,3960,3969,1.0024,
F51-1918-1938,flax fibre and tow,tonnes,1931,iia;juan,czech republic;czechoslovakia,,3380,3388,1.0024,iia-attributable-single-cell-errors;iia-flax-fibre-item-is-mostly-linseed
SWZ-1894-2025,cattle,heads,1949,fao1952;mitchell,eswatini;swaziland,copia de page_20_table_1;livestock:livestock,4.17e+05,4.18e+05,1.0024,
F51-1918-1938,rapeseed,ha,1925,iia;juan,czech republic;czechoslovakia,,3000,3007,1.0023,iia-attributable-single-cell-errors
FRA-1919-2025,goats,heads,1951,fao1952;juan,france,;livestock:livestock,1.294e+06,1.297e+06,1.0023,
F248-1920-1947,hemp tow waste,ha,1920,iia;juan,serbia;yugoslav sfr,,2.87e+04,2.876e+04,1.0022,
F248-1920-1947,rapeseed,ha,1930,iia;juan,serbia;yugoslav sfr,,1.16e+04,1.162e+04,1.0022,iia-attributable-single-cell-errors
F248-1920-1947,rapeseed,ha,1931,iia;juan,serbia;yugoslav sfr,,7700,7717,1.0022,iia-attributable-single-cell-errors
IND-1949-2025,cattle,heads,1949,fao1952;mitchell,india,livestock:livestock;page_43_table_1,1.335e+08,1.338e+08,1.0022,
F51-1918-1938,hempseed,tonnes,1931,iia;juan,czech republic;czechoslovakia,,2760,2766,1.0021,
F51-1918-1938,rapeseed,tonnes,1925,iia;juan,czech republic;czechoslovakia,,3860,3868,1.0021,iia-attributable-single-cell-errors
F248-1920-1947,linseed,tonnes,1930,iia;juan,serbia;yugoslav sfr,,1360,1363,1.0020,iia-flax-fibre-item-is-mostly-linseed
F51-1918-1938,hempseed,tonnes,1930,iia;juan,czech republic;czechoslovakia,,2870,2876,1.0020,
F51-1918-1938,linseed,tonnes,1931,iia;juan,czech republic;czechoslovakia,,2540,2545,1.0020,iia-flax-fibre-item-is-mostly-linseed
SER-1878-1913,hemp tow waste,ha,1911,iia;juan,serbia;yugoslav sfr,,1.57e+04,1.573e+04,1.0020,layerb-nested-reporting-levels-one-polity
DEU-1949-1990,goats,heads,1949,fao1952;juan,germany,;livestock:livestock,2.826e+06,2.831e+06,1.0018,fao1952-western-eastern-lost-germany-prefix
IND-1949-2025,tea,tonnes,1950,fao1952;mitchell,india,crops:production;page_18_table_1,2.755e+05,2.76e+05,1.0018,
NAM-1920-1990,sheep,heads,1949,fao1952;mitchell,namibia;south west africa,livestock:livestock;page_5_table_1,2.712e+06,2.717e+06,1.0018,
DEU-1949-1990,goats,heads,1951,fao1952;juan,germany,;livestock:livestock,2.957e+06,2.962e+06,1.0017,fao1952-western-eastern-lost-germany-prefix
ESP-1800-2025,rye,ha,1934-1938,fao1952;iia,spain,;crops:area,5.93e+05,5.94e+05,1.0017,
F248-1920-1947,flax fibre and tow,ha,1925,iia;juan,serbia;yugoslav sfr,,1.32e+04,1.322e+04,1.0017,iia-attributable-single-cell-errors;iia-flax-fibre-item-is-mostly-linseed
F248-1920-1947,rapeseed,tonnes,1932,iia;juan,serbia;yugoslav sfr,,1480,1482,1.0017,iia-attributable-single-cell-errors
F51-1918-1938,hempseed,tonnes,1924,iia;juan,czech republic;czechoslovakia,,5280,5289,1.0017,
F51-1918-1938,"tobacco, unmanufactured",tonnes,1924,iia;juan,czech republic;czechoslovakia,,5760,5770,1.0017,iia-corrupted-country-labels
AUS-1901-2025,oats,tonnes,1934-1938,fao1952;iia,australia,;crops:production,3.08e+05,3.085e+05,1.0016,
DEU-1949-1990,goats,heads,1950,fao1952;juan,germany,;livestock:livestock,3.089e+06,3.094e+06,1.0016,fao1952-western-eastern-lost-germany-prefix
F248-1920-1947,flax fibre and tow,ha,1923,iia;juan,serbia;yugoslav sfr,,1.34e+04,1.342e+04,1.0016,iia-attributable-single-cell-errors;iia-flax-fibre-item-is-mostly-linseed
F248-1920-1947,"tobacco, unmanufactured",tonnes,1930,iia;juan,serbia;yugoslav sfr,,1.422e+04,1.424e+04,1.0016,iia-corrupted-country-labels;iia-tobacco-implausible-magnitudes
F51-1918-1938,flax fibre and tow,tonnes,1932,iia;juan,czech republic;czechoslovakia,,3280,3285,1.0016,iia-attributable-single-cell-errors;iia-flax-fibre-item-is-mostly-linseed
F51-1918-1938,hops,ha,1931,iia;juan,czech republic;czechoslovakia,,1.22e+04,1.222e+04,1.0016,
F248-1920-1947,"tobacco, unmanufactured",ha,1931,iia;juan,serbia;yugoslav sfr,,1.93e+04,1.933e+04,1.0015,iia-corrupted-country-labels;iia-tobacco-implausible-magnitudes
F51-1918-1938,rapeseed,tonnes,1924,iia;juan,czech republic;czechoslovakia,,4210,4216,1.0015,iia-attributable-single-cell-errors
F51-1918-1938,"tobacco, unmanufactured",tonnes,1923,iia;juan,czech republic;czechoslovakia,,2790,2794,1.0015,iia-corrupted-country-labels
HUN-1920-1938,oats,tonnes,1934-1938,fao1952;iia,hungary,;crops:production,2.696e+05,2.7e+05,1.0015,
IND-1949-2025,tea,tonnes,1949,fao1952;mitchell,india,crops:production;page_18_table_1,2.65e+05,2.654e+05,1.0015,
TUR-1920-2025,rye,tonnes,1934-1938,fao1952;iia,turkey,;crops:production,3.355e+05,3.36e+05,1.0015,
F51-1918-1938,flax fibre and tow,ha,1932,iia;juan,czech republic;czechoslovakia,,6600,6609,1.0014,iia-attributable-single-cell-errors;iia-flax-fibre-item-is-mostly-linseed
F51-1918-1938,hempseed,tonnes,1925,iia;juan,czech republic;czechoslovakia,,6440,6449,1.0014,
F51-1918-1938,linseed,ha,1932,iia;juan,czech republic;czechoslovakia,,6600,6609,1.0014,iia-flax-fibre-item-is-mostly-linseed
F51-1918-1938,"tobacco, unmanufactured",tonnes,1922,iia;juan,czech republic;czechoslovakia,,2060,2063,1.0014,iia-corrupted-country-labels
DZA-1919-1962,oats,tonnes,1934-1938,fao1952;iia,algeria,;crops:production,1.5e+05,1.502e+05,1.0013,
F248-1920-1947,flax fibre and tow,ha,1920,iia;juan,serbia;yugoslav sfr,,1.41e+04,1.412e+04,1.0013,iia-attributable-single-cell-errors;iia-flax-fibre-item-is-mostly-linseed
F51-1918-1938,flax fibre and tow,ha,1925,iia;juan,czech republic;czechoslovakia,,2.47e+04,2.473e+04,1.0013,iia-attributable-single-cell-errors;iia-flax-fibre-item-is-mostly-linseed
F51-1918-1938,hempseed,tonnes,1923,iia;juan,czech republic;czechoslovakia,,6270,6278,1.0013,
F51-1918-1938,linseed,tonnes,1919,iia;juan,czech republic;czechoslovakia,,5620,5627,1.0013,iia-flax-fibre-item-is-mostly-linseed
URY-1828-2025,wine,tonnes,1949,fao1952;mitchell,uruguay,crops:production;page_47_table_1 (2),7.989e+04,8e+04,1.0013,
ARG-1902-2025,rye,tonnes,1934-1938,fao1952;iia,argentina,;crops:production,2.537e+05,2.54e+05,1.0012,
F248-1920-1947,"tobacco, unmanufactured",ha,1922,iia;juan,serbia;yugoslav sfr,,1.27e+04,1.272e+04,1.0012,iia-corrupted-country-labels
F51-1918-1938,hempseed,tonnes,1920,iia;juan,czech republic;czechoslovakia,,4310,4315,1.0012,
F51-1918-1938,linseed,tonnes,1920,iia;juan,czech republic;czechoslovakia,,7950,7959,1.0012,iia-flax-fibre-item-is-mostly-linseed
FRA-1919-2025,rye,tonnes,1934-1938,fao1952;iia,france,;crops:production,7.69e+05,7.699e+05,1.0012,
HND-1800-2025,cattle,heads,1949,fao1952;juan,honduras,;livestock:livestock,8.22e+05,8.23e+05,1.0012,
AUT-1919-2025,oats,tonnes,1934-1938,fao1952;iia,austria,;crops:production,4.38e+05,4.385e+05,1.0011,
F248-1920-1947,rapeseed,tonnes,1930,iia;juan,serbia;yugoslav sfr,,7070,7078,1.0011,iia-attributable-single-cell-errors
F51-1918-1938,flax fibre and tow,ha,1922,iia;juan,czech republic;czechoslovakia,,2.27e+04,2.272e+04,1.0011,iia-attributable-single-cell-errors;iia-flax-fibre-item-is-mostly-linseed
F51-1918-1938,hops,tonnes,1920,iia;juan,czech republic;czechoslovakia,,5260,5266,1.0011,
F51-1918-1938,linseed,ha,1922,iia;juan,czech republic;czechoslovakia,,2.27e+04,2.272e+04,1.0011,iia-flax-fibre-item-is-mostly-linseed
NAM-1920-1990,goats,heads,1949,fao1952;mitchell,namibia;south-west africa,livestock:livestock;page_5_table_1,9.19e+05,9.2e+05,1.0011,
BRA-1909-2025,cotton lint,tonnes,1934-1938,fao1952;iia,brazil,;crops:production,3.886e+05,3.89e+05,1.0010,iia-item-series-switch-raw-products
F248-1920-1947,flax fibre and tow,tonnes,1923,iia;juan,serbia;yugoslav sfr,,8690,8698,1.0010,iia-attributable-single-cell-errors;iia-flax-fibre-item-is-mostly-linseed
F248-1920-1947,flax fibre and tow,tonnes,1931,iia;juan,serbia;yugoslav sfr,,9800,9810,1.0010,iia-attributable-single-cell-errors;iia-flax-fibre-item-is-mostly-linseed
F248-1920-1947,linseed,tonnes,1932,iia;juan,serbia;yugoslav sfr,,840,840.8,1.0010,iia-flax-fibre-item-is-mostly-linseed
F51-1918-1938,linseed,ha,1923,iia;juan,czech republic;czechoslovakia,,2.12e+04,2.122e+04,1.0010,iia-flax-fibre-item-is-mostly-linseed
F51-1918-1938,linseed,tonnes,1930,iia;juan,czech republic;czechoslovakia,,4280,4284,1.0010,iia-flax-fibre-item-is-mostly-linseed
F51-1918-1938,linseed,tonnes,1932,iia;juan,czech republic;czechoslovakia,,2410,2412,1.0010,iia-flax-fibre-item-is-mostly-linseed
F51-1918-1938,rapeseed,tonnes,1923,iia;juan,czech republic;czechoslovakia,,4780,4785,1.0010,iia-attributable-single-cell-errors
NIC-1800-2025,cattle,heads,1949,fao1952;juan,nicaragua,;livestock:livestock,1.018e+06,1.019e+06,1.0010,
NLD-1830-2025,rye,tonnes,1934-1938,fao1952;iia,netherlands,;crops:production,4.955e+05,4.96e+05,1.0010,
BEL-1831-2025,rye,tonnes,1934-1938,fao1952;iia,belgium,;crops:production,4.24e+05,4.244e+05,1.0009,
CHL-1902-2025,oats,tonnes,1934-1938,fao1952;iia,chile,;crops:production,1.08e+05,1.081e+05,1.0009,
F248-1920-1947,hempseed,tonnes,1932,iia;juan,serbia;yugoslav sfr,,920,920.8,1.0009,
F51-1918-1938,flax fibre and tow,tonnes,1919,iia;juan,czech republic;czechoslovakia,,7650,7657,1.0009,iia-flax-fibre-item-is-mostly-linseed
F51-1918-1938,hops,tonnes,1923,iia;juan,czech republic;czechoslovakia,,3090,3093,1.0009,
F51-1918-1938,"tobacco, unmanufactured",tonnes,1925,iia;juan,czech republic;czechoslovakia,,6870,6876,1.0009,iia-corrupted-country-labels
F248-1920-1947,hempseed,tonnes,1930,iia;juan,serbia;yugoslav sfr,,2070,2072,1.0008,
F248-1920-1947,"oil, olive, virgin",tonnes,1933,iia;juan,serbia;yugoslav sfr,,4250,4253,1.0008,
F248-1920-1947,rye,ha,1933,iia;juan,serbia;yugoslav sfr,,2.56e+05,2.562e+05,1.0008,iia-attributable-single-cell-errors
F51-1918-1938,flax fibre and tow,ha,1920,iia;juan,czech republic;czechoslovakia,,2.2e+04,2.202e+04,1.0008,iia-attributable-single-cell-errors;iia-flax-fibre-item-is-mostly-linseed
F51-1918-1938,flax fibre and tow,tonnes,1933,iia;juan,czech republic;czechoslovakia,,3597,3600,1.0008,iia-attributable-single-cell-errors;iia-flax-fibre-item-is-mostly-linseed
IND-1949-2025,sheep,heads,1949,fao1952;mitchell,india,livestock:livestock;page_43_table_1,3.582e+07,3.585e+07,1.0008,
AUT-1919-2025,rye,tonnes,1934-1938,fao1952;iia,austria,;crops:production,5.386e+05,5.39e+05,1.0007,
DEU-1949-1990,sheep,heads,1951,fao1952;juan,germany,;livestock:livestock,2.729e+06,2.731e+06,1.0007,
F248-1920-1947,rapeseed,tonnes,1931,iia;juan,serbia;yugoslav sfr,,3980,3983,1.0007,iia-attributable-single-cell-errors
F248-1920-1947,rapeseed,ha,1932,iia;juan,serbia;yugoslav sfr,,2900,2902,1.0007,iia-attributable-single-cell-errors
F51-1918-1938,flax fibre and tow,tonnes,1922,iia;juan,czech republic;czechoslovakia,,1.257e+04,1.258e+04,1.0007,iia-attributable-single-cell-errors;iia-flax-fibre-item-is-mostly-linseed
F51-1918-1938,flax fibre and tow,tonnes,1924,iia;juan,czech republic;czechoslovakia,,1.226e+04,1.227e+04,1.0007,iia-attributable-single-cell-errors;iia-flax-fibre-item-is-mostly-linseed
F51-1918-1938,flax fibre and tow,tonnes,1925,iia;juan,czech republic;czechoslovakia,,1.366e+04,1.367e+04,1.0007,iia-attributable-single-cell-errors;iia-flax-fibre-item-is-mostly-linseed
IND-1949-2025,goats,heads,1951,fao1952;mitchell,india,livestock:livestock;page_43_table_1,4.712e+07,4.716e+07,1.0007,
SWE-1905-2025,rye,tonnes,1934-1938,fao1952;iia,sweden,;crops:production,4.09e+05,4.093e+05,1.0007,
F248-1920-1947,flax fibre and tow,tonnes,1930,iia;juan,serbia;yugoslav sfr,,1.033e+04,1.034e+04,1.0006,iia-attributable-single-cell-errors;iia-flax-fibre-item-is-mostly-linseed
F248-1920-1947,hemp tow waste,ha,1921,iia;juan,serbia;yugoslav sfr,,3.2e+04,3.202e+04,1.0006,
F248-1920-1947,"tobacco, unmanufactured",ha,1932,iia;juan,serbia;yugoslav sfr,,2.14e+04,2.141e+04,1.0006,iia-corrupted-country-labels;iia-tobacco-implausible-magnitudes
F51-1918-1938,flax fibre and tow,tonnes,1920,iia;juan,czech republic;czechoslovakia,,1.307e+04,1.308e+04,1.0006,iia-attributable-single-cell-errors;iia-flax-fibre-item-is-mostly-linseed
F51-1918-1938,hops,tonnes,1925,iia;juan,czech republic;czechoslovakia,,7030,7034,1.0006,
F51-1918-1938,hops,tonnes,1931,iia;juan,czech republic;czechoslovakia,,1.232e+04,1.233e+04,1.0006,
ITA-1947-2025,grapes,ha,1951,fao1952;juan,italy,;crops:area,1.742e+06,1.743e+06,1.0006,
NLD-1830-2025,oats,tonnes,1934-1938,fao1952;iia,necherlands;netherlands,;crops:production,3.51e+05,3.512e+05,1.0006,
ESP-1800-2025,rye,tonnes,1934-1938,fao1952;iia,spain,;crops:production,5.51e+05,5.513e+05,1.0005,
F248-1920-1947,flax fibre and tow,tonnes,1924,iia;juan,serbia;yugoslav sfr,,8470,8475,1.0005,iia-attributable-single-cell-errors;iia-flax-fibre-item-is-mostly-linseed
F248-1920-1947,rye,ha,1925,iia;juan,serbia;yugoslav sfr,,1.993e+05,1.994e+05,1.0005,iia-attributable-single-cell-errors
F248-1920-1947,"tobacco, unmanufactured",tonnes,1932,iia;juan,serbia;yugoslav sfr,,1.691e+04,1.692e+04,1.0005,iia-corrupted-country-labels;iia-tobacco-implausible-magnitudes
F51-1918-1938,flax fibre and tow,tonnes,1930,iia;juan,czech republic;czechoslovakia,,5810,5813,1.0005,iia-attributable-single-cell-errors;iia-flax-fibre-item-is-mostly-linseed
F51-1918-1938,rapeseed,tonnes,1919,iia;juan,czech republic;czechoslovakia,,1.154e+04,1.155e+04,1.0005,
NOR-1800-2025,oats,tonnes,1934-1938,fao1952;iia,norway,;crops:production,1.829e+05,1.83e+05,1.0005,
F248-1920-1947,flax fibre and tow,tonnes,1920,iia;juan,serbia;yugoslav sfr,,8810,8814,1.0004,iia-attributable-single-cell-errors;iia-flax-fibre-item-is-mostly-linseed
F248-1920-1947,flax fibre and tow,tonnes,1925,iia;juan,serbia;yugoslav sfr,,1.021e+04,1.021e+04,1.0004,iia-attributable-single-cell-errors;iia-flax-fibre-item-is-mostly-linseed
F248-1920-1947,flax fibre and tow,tonnes,1932,iia;juan,serbia;yugoslav sfr,,1.063e+04,1.063e+04,1.0004,iia-attributable-single-cell-errors;iia-flax-fibre-item-is-mostly-linseed
F248-1920-1947,linseed,tonnes,1931,iia;juan,serbia;yugoslav sfr,,710,710.3,1.0004,iia-flax-fibre-item-is-mostly-linseed
F248-1920-1947,"oil, olive, virgin",tonnes,1932,iia;juan,serbia;yugoslav sfr,,3750,3752,1.0004,
F248-1920-1947,rye,ha,1921,iia;juan,serbia;yugoslav sfr,,1.904e+05,1.905e+05,1.0004,iia-attributable-single-cell-errors
F248-1920-1947,"tobacco, unmanufactured",tonnes,1931,iia;juan,serbia;yugoslav sfr,,1.332e+04,1.333e+04,1.0004,iia-corrupted-country-labels;iia-tobacco-implausible-magnitudes
F51-1918-1938,hempseed,tonnes,1922,iia;juan,czech republic;czechoslovakia,,5150,5152,1.0004,
F51-1918-1938,hops,tonnes,1919,iia;juan,czech republic;czechoslovakia,,4350,4352,1.0004,
F51-1918-1938,hops,tonnes,1924,iia;juan,czech republic;czechoslovakia,,9960,9964,1.0004,
F51-1918-1938,hops,tonnes,1930,iia;juan,czech republic;czechoslovakia,,1.472e+04,1.473e+04,1.0004,
HUN-1920-1938,rye,tonnes,1934-1938,fao1952;iia,hungary,;crops:production,6.967e+05,6.97e+05,1.0004,
MMR-1885-2025,cattle,heads,1950,fao1952;mitchell,burma;myanmar,livestock:livestock;page_49_table_1,4.454e+06,4.456e+06,1.0004,
TUR-1920-2025,oats,tonnes,1934-1938,fao1952;iia,turkey,;crops:production,2.23e+05,2.231e+05,1.0004,
TUR-1920-2025,sheep,heads,1950,fao1952;mitchell,turkey,livestock:livestock;page_5_table_1,2.307e+07,2.308e+07,1.0004,
F248-1920-1947,"oil, olive, virgin",tonnes,1930,iia;juan,serbia;yugoslav sfr,,1350,1350,1.0003,
F248-1920-1947,rye,ha,1920,iia;juan,serbia;yugoslav sfr,,1.98e+05,1.981e+05,1.0003,iia-attributable-single-cell-errors
F51-1918-1938,flax fibre and tow,ha,1921,iia;juan,czech republic;czechoslovakia,,2.39e+04,2.391e+04,1.0003,iia-attributable-single-cell-errors;iia-flax-fibre-item-is-mostly-linseed
F51-1918-1938,hops,tonnes,1932,iia;juan,czech republic;czechoslovakia,,7520,7522,1.0003,
F51-1918-1938,linseed,tonnes,1922,iia;juan,czech republic;czechoslovakia,,7920,7922,1.0003,iia-flax-fibre-item-is-mostly-linseed
F51-1918-1938,rye,ha,1933,iia;juan,czech republic;czechoslovakia,,1.046e+06,1.046e+06,1.0003,iia-attributable-single-cell-errors
F51-1918-1938,"tobacco, unmanufactured",tonnes,1932,iia;juan,czech republic;czechoslovakia,,1.706e+04,1.707e+04,1.0003,iia-corrupted-country-labels;iia-tobacco-implausible-magnitudes
F51-1938-1945,rye,tonnes,1941,iia;juan,czech republic;czechoslovakia,,9.81e+05,9.813e+05,1.0003,iia-attributable-single-cell-errors
IRL-1921-2025,oats,tonnes,1934-1938,fao1952;iia,ireland,;crops:production,5.74e+05,5.742e+05,1.0003,
BEL-1831-2025,oats,tonnes,1934-1938,fao1952;iia,belgium,;crops:production,6.549e+05,6.55e+05,1.0002,
F248-1920-1947,grapes,ha,1920,iia;juan,serbia;yugoslav sfr,,1.638e+05,1.638e+05,1.0002,iia-item-series-switch-raw-products
F248-1920-1947,grapes,ha,1921,iia;juan,serbia;yugoslav sfr,,1.708e+05,1.708e+05,1.0002,iia-item-series-switch-raw-products
F248-1920-1947,hops,tonnes,1933,iia;juan,serbia;yugoslav sfr,,1464,1464,1.0002,
F248-1920-1947,rapeseed,tonnes,1925,iia;juan,serbia;yugoslav sfr,,2250,2250,1.0002,iia-attributable-single-cell-errors
F248-1920-1947,rye,tonnes,1933,iia;juan,serbia;yugoslav sfr,,2.453e+05,2.453e+05,1.0002,iia-attributable-single-cell-errors
F51-1918-1938,linseed,tonnes,1923,iia;juan,czech republic;czechoslovakia,,9190,9191,1.0002,iia-flax-fibre-item-is-mostly-linseed
F51-1918-1938,rapeseed,tonnes,1930,iia;juan,czech republic;czechoslovakia,,1310,1310,1.0002,iia-attributable-single-cell-errors
F51-1918-1938,"tobacco, unmanufactured",tonnes,1930,iia;juan,czech republic;czechoslovakia,,1.002e+04,1.002e+04,1.0002,iia-corrupted-country-labels;iia-tobacco-implausible-magnitudes
F51-1918-1938,"tobacco, unmanufactured",tonnes,1931,iia;juan,czech republic;czechoslovakia,,1.383e+04,1.383e+04,1.0002,iia-corrupted-country-labels;iia-tobacco-implausible-magnitudes
F51-1938-1945,rye,tonnes,1939,iia;juan,czech republic;czechoslovakia,,1.729e+06,1.729e+06,1.0002,iia-attributable-single-cell-errors
SWE-1905-2025,oats,tonnes,1934-1938,fao1952;iia,sweden,;crops:production,1.257e+06,1.257e+06,1.0002,
USA-1867-1959,rye,tonnes,1934-1938,fao1952;iia,united states;united states of america,;crops:production,1.028e+06,1.028e+06,1.0002,iia-1934-1938-single-axis-deflated
ESP-1800-2025,grapes,tonnes,1934-1938,fao1952;iia,spain,;crops:production,3.237e+06,3.237e+06,1.0001,iia-item-series-switch-raw-products
F248-1920-1947,rye,ha,1922,iia;juan,serbia;yugoslav sfr,,1.972e+05,1.972e+05,1.0001,iia-attributable-single-cell-errors
F248-1920-1947,rye,tonnes,1922,iia;juan,serbia;yugoslav sfr,,1.149e+05,1.149e+05,1.0001,iia-attributable-single-cell-errors
F248-1920-1947,"tobacco, unmanufactured",tonnes,1924,iia;juan,serbia;yugoslav sfr,,3.568e+04,3.569e+04,1.0001,iia-corrupted-country-labels
F248-1920-1947,"tobacco, unmanufactured",tonnes,1925,iia;juan,serbia;yugoslav sfr,,1.206e+04,1.206e+04,1.0001,iia-corrupted-country-labels
F51-1918-1938,flax fibre and tow,ha,1919,iia;juan,czech republic;czechoslovakia,,1.4e+04,1.4e+04,1.0001,iia-flax-fibre-item-is-mostly-linseed
F51-1918-1938,flax fibre and tow,tonnes,1923,iia;juan,czech republic;czechoslovakia,,1.287e+04,1.287e+04,1.0001,iia-attributable-single-cell-errors;iia-flax-fibre-item-is-mostly-linseed
F51-1918-1938,hempseed,tonnes,1932,iia;juan,czech republic;czechoslovakia,,3790,3790,1.0001,
F51-1918-1938,linseed,tonnes,1925,iia;juan,czech republic;czechoslovakia,,1.057e+04,1.057e+04,1.0001,iia-flax-fibre-item-is-mostly-linseed
F51-1918-1938,rye,ha,1919,iia;juan,czech republic;czechoslovakia,,7.329e+05,7.33e+05,1.0001,
FRA-1919-2025,oats,tonnes,1934-1938,fao1952;iia,france,;crops:production,4.572e+06,4.572e+06,1.0001,fao1952-hemp-germany-label-glued
GBR-1921-2025,oats,tonnes,1934-1938,fao1952;iia,united kingdom,;crops:production,2.019e+06,2.019e+06,1.0001,layerb-nested-reporting-levels-one-polity
AEF-1910-1960,cotton lint,ha,1934-1938,fao1952;iia,congo;french equat africa,;crops:area,1.54e+05,1.54e+05,1.0000,iia-item-series-switch-raw-products
AEF-1910-1960,sesame seed,ha,1934-1938,fao1952;iia,congo;french equat africa,;crops:area,8000,8000,1.0000,
ALB-1913-2025,grapes,ha,1934-1938,fao1952;iia,albania,;crops:area,3000,3000,1.0000,iia-item-series-switch-raw-products
ALB-1913-2025,oats,ha,1934-1938,fao1952;iia,albania,;crops:area,1e+04,1e+04,1.0000,
ALB-1913-2025,olives,tonnes,1934-1938,fao1952;iia,albania,;crops:production,1.7e+04,1.7e+04,1.0000,
ALB-1913-2025,rye,ha,1934-1938,fao1952;iia,albania,;crops:area,3000,3000,1.0000,
ANG-1905-1975,cotton lint,ha,1934-1938,fao1952;iia,angola,;crops:area,2.1e+04,2.1e+04,1.0000,iia-item-series-switch-raw-products
ANG-1905-1975,sesame seed,ha,1934-1938,fao1952;iia,angola,;crops:area,1000,1000,1.0000,
ANG-1905-1975,sesame seed,tonnes,1934-1938,fao1952;iia,angola,;crops:production,700,700,1.0000,
ARG-1902-2025,cotton lint,ha,1934-1938,fao1952;iia,argentina,;crops:area,3.11e+05,3.11e+05,1.0000,iia-item-series-switch-raw-products
ARG-1902-2025,figs,tonnes,1949,fao1952;juan,argentina,;crops:production,1000,1000,1.0000,
ARG-1902-2025,figs,tonnes,1950,fao1952;juan,argentina,;crops:production,1000,1000,1.0000,
ARG-1902-2025,figs,tonnes,1951,fao1952;juan,argentina,;crops:production,1000,1000,1.0000,
ARG-1902-2025,grapes,ha,1950,fao1952;juan,argentina,;crops:area,1.7e+05,1.7e+05,1.0000,
ARG-1902-2025,oats,tonnes,1934-1938,fao1952;iia,argentina,;crops:production,7.48e+05,7.48e+05,1.0000,iia-mex-oats-arg-rapeseed-scale-factors
ARG-1902-2025,raisins,tonnes,1934-1938,fao1952;iia,argentina,;crops:production,4000,4000,1.0000,iia-item-series-switch-raw-products
ARG-1902-2025,rapeseed,tonnes,1950,fao1952;juan,argentina,;crops:production,3000,3000,1.0000,
ARG-1902-2025,soybeans,ha,1950,fao1952;juan,argentina,;crops:area,1000,1000,1.0000,
AUS-1901-2025,cattle,heads,1949,fao1952;mitchell,australia,livestock:livestock;page_10_table_1,1.412e+07,1.412e+07,1.0000,
AUS-1901-2025,cattle,heads,1950,fao1952;mitchell,australia,livestock:livestock;page_10_table_1,1.464e+07,1.464e+07,1.0000,
AUS-1901-2025,cattle,heads,1951,fao1952;mitchell,australia,livestock:livestock;page_10_table_1,1.523e+07,1.523e+07,1.0000,
AUS-1901-2025,hops,ha,1934-1938,fao1952;iia,australia,;crops:area,400,400,1.0000,iia-hops-x100
AUS-1901-2025,oats,ha,1934-1938,fao1952;iia,australia,;crops:area,6.35e+05,6.35e+05,1.0000,
AUS-1901-2025,oats,ha,1949,fao1952;mitchell,australia,crops:area;page_4_table_1,7.07e+05,7.07e+05,1.0000,
AUS-1901-2025,oats,tonnes,1949,fao1952;mitchell,australia,crops:production;page_17_table_1,4.98e+05,4.98e+05,1.0000,
AUS-1901-2025,oats,ha,1950,fao1952;mitchell,australia,crops:area;page_4_table_1,7.11e+05,7.11e+05,1.0000,
AUS-1901-2025,oats,tonnes,1950,fao1952;mitchell,australia,crops:production;page_17_table_1,4.56e+05,4.56e+05,1.0000,
AUS-1901-2025,oats,ha,1951,fao1952;mitchell,australia,crops:area;page_4_table_1,9.57e+05,9.57e+05,1.0000,
AUS-1901-2025,oats,tonnes,1951,fao1952;mitchell,australia,crops:production;page_17_table_1,6.26e+05,6.26e+05,1.0000,
AUS-1901-2025,rye,ha,1934-1938,fao1952;iia,australia,;crops:area,5000,5000,1.0000,
AUS-1901-2025,sheep,heads,1949,fao1952;mitchell,australia,livestock:livestock;page_10_table_1,1.087e+08,1.087e+08,1.0000,
AUS-1901-2025,sheep,heads,1950,fao1952;mitchell,australia,livestock:livestock;page_10_table_1,1.129e+08,1.129e+08,1.0000,
AUS-1901-2025,sheep,heads,1951,fao1952;mitchell,australia,livestock:livestock;page_10_table_1,1.156e+08,1.156e+08,1.0000,
AUT-1919-2025,goats,heads,1949,fao1952;juan,austria,;livestock:livestock,3.16e+05,3.16e+05,1.0000,
AUT-1919-2025,goats,heads,1950,fao1952;juan,austria,;livestock:livestock,3.17e+05,3.17e+05,1.0000,
AUT-1919-2025,goats,heads,1951,fao1952;juan,austria,;livestock:livestock,3.23e+05,3.23e+05,1.0000,
AUT-1919-2025,grapes,ha,1934-1938,fao1952;iia,austria,;crops:area,3.6e+04,3.6e+04,1.0000,iia-item-series-switch-raw-products
AUT-1919-2025,grapes,ha,1949,fao1952;juan,austria,;crops:area,3.5e+04,3.5e+04,1.0000,
AUT-1919-2025,grapes,tonnes,1949,fao1952;juan,austria,;crops:production,1.25e+05,1.25e+05,1.0000,
AUT-1919-2025,grapes,ha,1950,fao1952;juan,austria,;crops:area,3.5e+04,3.5e+04,1.0000,
AUT-1919-2025,grapes,tonnes,1950,fao1952;juan,austria,;crops:production,1.66e+05,1.66e+05,1.0000,
AUT-1919-2025,grapes,ha,1951,fao1952;juan,austria,;crops:area,3.6e+04,3.6e+04,1.0000,
AUT-1919-2025,linseed,ha,1949,fao1952;juan,austria,;crops:area,2000,2000,1.0000,
AUT-1919-2025,linseed,tonnes,1949,fao1952;juan,austria,;crops:production,1000,1000,1.0000,
AUT-1919-2025,linseed,ha,1950,fao1952;juan,austria,;crops:area,2000,2000,1.0000,
AUT-1919-2025,linseed,tonnes,1950,fao1952;juan,austria,;crops:production,1000,1000,1.0000,
AUT-1919-2025,linseed,ha,1951,fao1952;juan,austria,;crops:area,2000,2000,1.0000,
AUT-1919-2025,oats,ha,1934-1938,fao1952;iia,austria,;crops:area,2.89e+05,2.89e+05,1.0000,
AUT-1919-2025,oats,ha,1949,fao1952;juan,austria,;crops:area,2.05e+05,2.05e+05,1.0000,
AUT-1919-2025,oats,tonnes,1950,fao1952;juan,austria,;crops:production,2.23e+05,2.23e+05,1.0000,
AUT-1919-2025,oats,ha,1951,fao1952;juan,austria,;crops:area,2.03e+05,2.03e+05,1.0000,
AUT-1919-2025,oats,tonnes,1951,fao1952;juan,austria,;crops:production,2.98e+05,2.98e+05,1.0000,
AUT-1919-2025,rapeseed,ha,1934-1938,fao1952;iia,austria,;crops:area,2000,2000,1.0000,
AUT-1919-2025,rapeseed,ha,1949,fao1952;juan,austria,;crops:area,3000,3000,1.0000,
AUT-1919-2025,rapeseed,tonnes,1949,fao1952;juan,austria,;crops:production,4000,4000,1.0000,
AUT-1919-2025,rapeseed,ha,1950,fao1952;juan,austria,;crops:area,3000,3000,1.0000,
AUT-1919-2025,rapeseed,tonnes,1950,fao1952;juan,austria,;crops:production,3000,3000,1.0000,
AUT-1919-2025,rapeseed,ha,1951,fao1952;juan,austria,;crops:area,3000,3000,1.0000,
AUT-1919-2025,rapeseed,tonnes,1951,fao1952;juan,austria,;crops:production,2000,2000,1.0000,
AUT-1919-2025,rye,ha,1934-1938,fao1952;iia,austria,;crops:area,3.67e+05,3.67e+05,1.0000,
AUT-1919-2025,rye,ha,1949,fao1952;juan,austria,;crops:area,2.41e+05,2.41e+05,1.0000,
AUT-1919-2025,rye,tonnes,1949,fao1952;juan,austria,;crops:production,3.65e+05,3.65e+05,1.0000,
AUT-1919-2025,rye,ha,1950,fao1952;juan,austria,;crops:area,2.49e+05,2.49e+05,1.0000,
AUT-1919-2025,rye,tonnes,1951,fao1952;juan,austria,;crops:production,3.34e+05,3.34e+05,1.0000,
AUT-1919-2025,sheep,heads,1949,fao1952;juan,austria,;livestock:livestock,4.54e+05,4.54e+05,1.0000,
AUT-1919-2025,sheep,heads,1950,fao1952;juan,austria,;livestock:livestock,3.75e+05,3.75e+05,1.0000,
AUT-1919-2025,sheep,heads,1951,fao1952;juan,austria,;livestock:livestock,3.62e+05,3.62e+05,1.0000,
BEL-1831-2025,goats,heads,1949,fao1952;juan,belgium,;livestock:livestock,7.1e+04,7.1e+04,1.0000,
BEL-1831-2025,goats,heads,1950,fao1952;juan,belgium,;livestock:livestock,8.7e+04,8.7e+04,1.0000,
BEL-1831-2025,goats,heads,1951,fao1952;juan,belgium,;livestock:livestock,7.3e+04,7.3e+04,1.0000,
BEL-1831-2025,grapes,ha,1934-1938,fao1952;iia,belgium,;crops:area,1000,1000,1.0000,iia-item-series-switch-raw-products
BEL-1831-2025,grapes,tonnes,1949,fao1952;juan,belgium,;crops:production,1.2e+04,1.2e+04,1.0000,
BEL-1831-2025,grapes,tonnes,1950,fao1952;juan,belgium,;crops:production,1.5e+04,1.5e+04,1.0000,
BEL-1831-2025,grapes,tonnes,1951,fao1952;juan,belgium,;crops:production,1.5e+04,1.5e+04,1.0000,
BEL-1831-2025,hops,ha,1934-1938,fao1952;iia,belgium,;crops:area,900,900,1.0000,iia-hops-x100
BEL-1831-2025,hops,ha,1949,fao1952;juan,belgium,;crops:area,400,400,1.0000,
BEL-1831-2025,hops,tonnes,1949,fao1952;juan,belgium,;crops:production,600,600,1.0000,
BEL-1831-2025,hops,ha,1950,fao1952;juan,belgium,;crops:area,500,500,1.0000,
BEL-1831-2025,hops,tonnes,1950,fao1952;juan,belgium,;crops:production,900,900,1.0000,
BEL-1831-2025,hops,ha,1951,fao1952;juan,belgium,;crops:area,500,500,1.0000,
BEL-1831-2025,hops,tonnes,1951,fao1952;juan,belgium,;crops:production,900,900,1.0000,
BEL-1831-2025,linseed,ha,1949,fao1952;juan,belgium,;crops:area,2.6e+04,2.6e+04,1.0000,
BEL-1831-2025,linseed,tonnes,1949,fao1952;juan,belgium,;crops:production,1.6e+04,1.6e+04,1.0000,
BEL-1831-2025,linseed,ha,1950,fao1952;juan,belgium,;crops:area,2.4e+04,2.4e+04,1.0000,
BEL-1831-2025,linseed,tonnes,1950,fao1952;juan,belgium,;crops:production,1.3e+04,1.3e+04,1.0000,
BEL-1831-2025,linseed,ha,1951,fao1952;juan,belgium,;crops:area,3.4e+04,3.4e+04,1.0000,
BEL-1831-2025,oats,ha,1934-1938,fao1952;iia,belgium,;crops:area,2.45e+05,2.45e+05,1.0000,
BEL-1831-2025,oats,ha,1949,fao1952;juan,belgium,;crops:area,1.74e+05,1.74e+05,1.0000,
BEL-1831-2025,oats,tonnes,1949,fao1952;juan,belgium,;crops:production,5.87e+05,5.87e+05,1.0000,
BEL-1831-2025,oats,ha,1950,fao1952;juan,belgium,;crops:area,1.78e+05,1.78e+05,1.0000,
BEL-1831-2025,oats,tonnes,1950,fao1952;juan,belgium,;crops:production,5.06e+05,5.06e+05,1.0000,
BEL-1831-2025,oats,ha,1951,fao1952;juan,belgium,;crops:area,1.63e+05,1.63e+05,1.0000,
BEL-1831-2025,oats,tonnes,1951,fao1952;juan,belgium,;crops:production,4.72e+05,4.72e+05,1.0000,
BEL-1831-2025,rapeseed,ha,1949,fao1952;juan,belgium,;crops:area,4000,4000,1.0000,
BEL-1831-2025,rapeseed,tonnes,1949,fao1952;juan,belgium,;crops:production,9000,9000,1.0000,
BEL-1831-2025,rapeseed,ha,1950,fao1952;juan,belgium,;crops:area,2000,2000,1.0000,
BEL-1831-2025,rapeseed,tonnes,1950,fao1952;juan,belgium,;crops:production,3000,3000,1.0000,
BEL-1831-2025,rapeseed,tonnes,1951,fao1952;juan,belgium,;crops:production,5000,5000,1.0000,
BEL-1831-2025,rye,ha,1934-1938,fao1952;iia,belgium,;crops:area,1.78e+05,1.78e+05,1.0000,
BEL-1831-2025,rye,ha,1949,fao1952;juan,belgium,;crops:area,9.5e+04,9.5e+04,1.0000,
BEL-1831-2025,rye,tonnes,1949,fao1952;juan,belgium,;crops:production,2.58e+05,2.58e+05,1.0000,
BEL-1831-2025,rye,ha,1950,fao1952;juan,belgium,;crops:area,8.9e+04,8.9e+04,1.0000,
BEL-1831-2025,rye,tonnes,1950,fao1952;juan,belgium,;crops:production,2.4e+05,2.4e+05,1.0000,
BEL-1831-2025,rye,ha,1951,fao1952;juan,belgium,;crops:area,8.2e+04,8.2e+04,1.0000,
BEL-1831-2025,rye,tonnes,1951,fao1952;juan,belgium,;crops:production,2.04e+05,2.04e+05,1.0000,
BEL-1831-2025,sheep,heads,1949,fao1952;juan,belgium,;livestock:livestock,1.13e+05,1.13e+05,1.0000,
BEL-1831-2025,sheep,heads,1950,fao1952;juan,belgium,;livestock:livestock,1.21e+05,1.21e+05,1.0000,
BEL-1831-2025,sheep,heads,1951,fao1952;juan,belgium,;livestock:livestock,1.16e+05,1.16e+05,1.0000,
BGR-1940-2025,chick peas,ha,1949,fao1952;juan,bulgaria,;crops:area,8000,8000,1.0000,
BGR-1940-2025,chick peas,tonnes,1949,fao1952;juan,bulgaria,;crops:production,9000,9000,1.0000,
BGR-1940-2025,chick peas,ha,1950,fao1952;juan,bulgaria,;crops:area,8000,8000,1.0000,
BGR-1940-2025,chick peas,tonnes,1950,fao1952;juan,bulgaria,;crops:production,8000,8000,1.0000,
BGR-1940-2025,chick peas,ha,1951,fao1952;juan,bulgaria,;crops:area,1e+04,1e+04,1.0000,
BGR-1940-2025,chick peas,tonnes,1951,fao1952;juan,bulgaria,;crops:production,9000,9000,1.0000,
BGR-1940-2025,cotton lint,tonnes,1949,fao1952;juan,bulgaria,;crops:production,7000,7000,1.0000,
BGR-1940-2025,cotton lint,tonnes,1950,fao1952;juan,bulgaria,;crops:production,7000,7000,1.0000,
BGR-1940-2025,cotton lint,tonnes,1951,fao1952;juan,bulgaria,;crops:production,9000,9000,1.0000,
BGR-1940-2025,grapes,ha,1949,fao1952;juan,bulgaria,;crops:area,1.46e+05,1.46e+05,1.0000,
BGR-1940-2025,grapes,tonnes,1949,fao1952;juan,bulgaria,;crops:production,5.8e+05,5.8e+05,1.0000,
BGR-1940-2025,grapes,ha,1950,fao1952;juan,bulgaria,;crops:area,1.46e+05,1.46e+05,1.0000,
BGR-1940-2025,grapes,tonnes,1950,fao1952;juan,bulgaria,;crops:production,6e+05,6e+05,1.0000,
BGR-1940-2025,grapes,tonnes,1951,fao1952;juan,bulgaria,;crops:production,4e+05,4e+05,1.0000,
BGR-1940-2025,lentils,ha,1949,fao1952;juan,bulgaria,;crops:area,1e+04,1e+04,1.0000,
BGR-1940-2025,lentils,ha,1950,fao1952;juan,bulgaria,;crops:area,1e+04,1e+04,1.0000,
BGR-1940-2025,lentils,ha,1951,fao1952;juan,bulgaria,;crops:area,1e+04,1e+04,1.0000,
BGR-1940-2025,oats,tonnes,1949,fao1952;juan,bulgaria,;crops:production,9e+04,9e+04,1.0000,
BOL-1909-1938,oats,ha,1934-1938,fao1952;iia,bolivia,;crops:area,1000,1000,1.0000,
BOL-1938-2025,cattle,heads,1950,fao1952;juan,bolivia,;livestock:livestock,3.849e+06,3.849e+06,1.0000,
BRA-1909-2025,bananas,ha,1949,fao1952;juan,brazil,;crops:area,1e+05,1e+05,1.0000,
BRA-1909-2025,bananas,tonnes,1949,fao1952;juan,brazil,;crops:production,2.854e+06,2.854e+06,1.0000,
BRA-1909-2025,bananas,ha,1950,fao1952;juan,brazil,;crops:area,1.1e+05,1.1e+05,1.0000,
BRA-1909-2025,bananas,tonnes,1950,fao1952;juan,brazil,;crops:production,3.257e+06,3.257e+06,1.0000,
BRA-1909-2025,bananas,ha,1951,fao1952;juan,brazil,;crops:area,1.16e+05,1.16e+05,1.0000,
BRA-1909-2025,bananas,tonnes,1951,fao1952;juan,brazil,;crops:production,3.393e+06,3.393e+06,1.0000,
BRA-1909-2025,cattle,heads,1949,fao1952;juan,brazil,;livestock:livestock,5.018e+07,5.018e+07,1.0000,
BRA-1909-2025,cotton lint,ha,1949,fao1952;mitchell,brazil,crops:area;page_24_table_1,2.497e+06,2.497e+06,1.0000,
BRA-1909-2025,cotton lint,tonnes,1949,fao1952;juan,brazil,;crops:production,3.96e+05,3.96e+05,1.0000,
BRA-1909-2025,cotton lint,ha,1950,fao1952;mitchell,brazil,crops:area;page_24_table_1,2.689e+06,2.689e+06,1.0000,
BRA-1909-2025,cotton lint,tonnes,1950,fao1952;juan,brazil,;crops:production,3.93e+05,3.93e+05,1.0000,
BRA-1909-2025,cotton lint,tonnes,1951,fao1952;juan,brazil,;crops:production,3.49e+05,3.49e+05,1.0000,
BRA-1909-2025,goats,heads,1949,fao1952;juan,brazil,;livestock:livestock,8.309e+06,8.309e+06,1.0000,
BRA-1909-2025,grapes,ha,1949,fao1952;juan,brazil,;crops:area,3.6e+04,3.6e+04,1.0000,
BRA-1909-2025,grapes,tonnes,1949,fao1952;juan,brazil,;crops:production,2.35e+05,2.35e+05,1.0000,
BRA-1909-2025,grapes,ha,1950,fao1952;juan,brazil,;crops:area,3.7e+04,3.7e+04,1.0000,
BRA-1909-2025,grapes,tonnes,1950,fao1952;juan,brazil,;crops:production,2.3e+05,2.3e+05,1.0000,
BRA-1909-2025,grapes,ha,1951,fao1952;juan,brazil,;crops:area,3.9e+04,3.9e+04,1.0000,
BRA-1909-2025,grapes,tonnes,1951,fao1952;juan,brazil,;crops:production,2.76e+05,2.76e+05,1.0000,
BRA-1909-2025,linseed,tonnes,1949,fao1952;juan,brazil,;crops:production,4e+04,4e+04,1.0000,
BRA-1909-2025,linseed,tonnes,1950,fao1952;juan,brazil,;crops:production,2.5e+04,2.5e+04,1.0000,
BRA-1909-2025,linseed,ha,1951,fao1952;juan,brazil,;crops:area,2.6e+04,2.6e+04,1.0000,
BRA-1909-2025,linseed,tonnes,1951,fao1952;juan,brazil,;crops:production,1.6e+04,1.6e+04,1.0000,
BRA-1909-2025,oats,ha,1949,fao1952;juan,brazil,;crops:area,1.4e+04,1.4e+04,1.0000,
BRA-1909-2025,oats,tonnes,1949,fao1952;juan,brazil,;crops:production,9000,9000,1.0000,
BRA-1909-2025,oats,ha,1950,fao1952;juan,brazil,;crops:area,1.5e+04,1.5e+04,1.0000,
BRA-1909-2025,oats,tonnes,1950,fao1952;juan,brazil,;crops:production,1e+04,1e+04,1.0000,
BRA-1909-2025,oats,ha,1951,fao1952;juan,brazil,;crops:area,1.5e+04,1.5e+04,1.0000,
BRA-1909-2025,oats,tonnes,1951,fao1952;juan,brazil,;crops:production,8000,8000,1.0000,
BRA-1909-2025,rye,ha,1934-1938,fao1952;iia,brazil,;crops:area,1.4e+04,1.4e+04,1.0000,
BRA-1909-2025,rye,ha,1949,fao1952;juan,brazil,;crops:area,2.4e+04,2.4e+04,1.0000,
BRA-1909-2025,rye,tonnes,1949,fao1952;juan,brazil,;crops:production,1.9e+04,1.9e+04,1.0000,
BRA-1909-2025,rye,ha,1950,fao1952;juan,brazil,;crops:area,2.4e+04,2.4e+04,1.0000,
BRA-1909-2025,rye,tonnes,1950,fao1952;juan,brazil,;crops:production,1.8e+04,1.8e+04,1.0000,
BRA-1909-2025,rye,ha,1951,fao1952;juan,brazil,;crops:area,2.4e+04,2.4e+04,1.0000,
BRA-1909-2025,rye,tonnes,1951,fao1952;juan,brazil,;crops:production,1.6e+04,1.6e+04,1.0000,
BRA-1909-2025,sheep,heads,1949,fao1952;juan,brazil,;livestock:livestock,1.38e+07,1.38e+07,1.0000,
BRA-1909-2025,tea,tonnes,1949,fao1952;juan,brazil,;crops:production,700,700,1.0000,
BRA-1909-2025,tea,tonnes,1950,fao1952;juan,brazil,;crops:production,800,800,1.0000,
CAN-1949-2025,cattle,heads,1949,fao1952;juan,canada,;livestock:livestock,8.251e+06,8.251e+06,1.0000,
CAN-1949-2025,cattle,heads,1950,fao1952;juan,canada,;livestock:livestock,8.243e+06,8.243e+06,1.0000,
CAN-1949-2025,cattle,heads,1951,fao1952;juan,canada,;livestock:livestock,8.292e+06,8.292e+06,1.0000,
CAN-1949-2025,goats,heads,1951,fao1952;juan,canada,;livestock:livestock,1.8e+04,1.8e+04,1.0000,
CAN-1949-2025,grapes,ha,1949,fao1952;juan,canada,;crops:area,7000,7000,1.0000,
CAN-1949-2025,grapes,tonnes,1949,fao1952;juan,canada,;crops:production,2.3e+04,2.3e+04,1.0000,
CAN-1949-2025,grapes,ha,1950,fao1952;juan,canada,;crops:area,8000,8000,1.0000,
CAN-1949-2025,grapes,tonnes,1950,fao1952;juan,canada,;crops:production,5e+04,5e+04,1.0000,
CAN-1949-2025,grapes,ha,1951,fao1952;juan,canada,;crops:area,9000,9000,1.0000,
CAN-1949-2025,grapes,tonnes,1951,fao1952;juan,canada,;crops:production,4e+04,4e+04,1.0000,
CAN-1949-2025,hops,ha,1949,fao1952;juan,canada,;crops:area,700,700,1.0000,
CAN-1949-2025,hops,tonnes,1949,fao1952;juan,canada,;crops:production,900,900,1.0000,
CAN-1949-2025,hops,ha,1950,fao1952;juan,canada,;crops:area,600,600,1.0000,
CAN-1949-2025,hops,tonnes,1950,fao1952;juan,canada,;crops:production,1000,1000,1.0000,
CAN-1949-2025,hops,ha,1951,fao1952;juan,canada,;crops:area,600,600,1.0000,
CAN-1949-2025,hops,tonnes,1951,fao1952;juan,canada,;crops:production,1000,1000,1.0000,
CAN-1949-2025,linseed,tonnes,1950,fao1952;juan,canada,;crops:production,1.19e+05,1.19e+05,1.0000,
CAN-1949-2025,oats,ha,1949,fao1952;juan,canada,;crops:area,4.609e+06,4.609e+06,1.0000,
CAN-1949-2025,oats,tonnes,1949,fao1952;juan,canada,;crops:production,4.903e+06,4.903e+06,1.0000,
CAN-1949-2025,oats,ha,1950,fao1952;juan,canada,;crops:area,4.684e+06,4.684e+06,1.0000,
CAN-1949-2025,oats,tonnes,1950,fao1952;juan,canada,;crops:production,6.476e+06,6.476e+06,1.0000,
CAN-1949-2025,oats,ha,1951,fao1952;juan,canada,;crops:area,4.814e+06,4.814e+06,1.0000,
CAN-1949-2025,oats,tonnes,1951,fao1952;juan,canada,;crops:production,7.529e+06,7.529e+06,1.0000,
CAN-1949-2025,rapeseed,ha,1949,fao1952;juan,canada,;crops:area,8000,8000,1.0000,
CAN-1949-2025,rapeseed,tonnes,1949,fao1952;juan,canada,;crops:production,8000,8000,1.0000,
CAN-1949-2025,rapeseed,ha,1950,fao1952;juan,canada,;crops:area,1000,1000,1.0000,
CAN-1949-2025,rapeseed,tonnes,1951,fao1952;juan,canada,;crops:production,3000,3000,1.0000,
CAN-1949-2025,rye,ha,1949,fao1952;juan,canada,;crops:area,4.78e+05,4.78e+05,1.0000,
CAN-1949-2025,rye,tonnes,1949,fao1952;juan,canada,;crops:production,2.54e+05,2.54e+05,1.0000,
CAN-1949-2025,rye,tonnes,1950,fao1952;juan,canada,;crops:production,3.39e+05,3.39e+05,1.0000,
CAN-1949-2025,rye,ha,1951,fao1952;juan,canada,;crops:area,4.56e+05,4.56e+05,1.0000,
CAN-1949-2025,rye,tonnes,1951,fao1952;juan,canada,;crops:production,4.48e+05,4.48e+05,1.0000,
CAN-1949-2025,sheep,heads,1949,fao1952;juan,canada,;livestock:livestock,1.322e+06,1.322e+06,1.0000,
CAN-1949-2025,sheep,heads,1950,fao1952;juan,canada,;livestock:livestock,1.259e+06,1.259e+06,1.0000,
CAN-1949-2025,sheep,heads,1951,fao1952;juan,canada,;livestock:livestock,1.268e+06,1.268e+06,1.0000,
CAN-1949-2025,soybeans,ha,1949,fao1952;juan,canada,;crops:area,4.2e+04,4.2e+04,1.0000,
CAN-1949-2025,soybeans,ha,1950,fao1952;juan,canada,;crops:area,5.7e+04,5.7e+04,1.0000,
CAN-1949-2025,soybeans,tonnes,1950,fao1952;juan,canada,;crops:production,9e+04,9e+04,1.0000,
CAN-1949-2025,soybeans,ha,1951,fao1952;juan,canada,;crops:area,6.3e+04,6.3e+04,1.0000,
CAN-1949-2025,soybeans,tonnes,1951,fao1952;juan,canada,;crops:production,1.05e+05,1.05e+05,1.0000,
CHE-1800-2025,goats,heads,1949,fao1952;juan,switzerland,;livestock:livestock,1.85e+05,1.85e+05,1.0000,
CHE-1800-2025,goats,heads,1950,fao1952;juan,switzerland,;livestock:livestock,1.8e+05,1.8e+05,1.0000,
CHE-1800-2025,goats,heads,1951,fao1952;juan,switzerland,;livestock:livestock,1.47e+05,1.47e+05,1.0000,
CHE-1800-2025,grapes,ha,1934-1938,fao1952;iia,switzerland,;crops:area,1.3e+04,1.3e+04,1.0000,iia-item-series-switch-raw-products
CHE-1800-2025,grapes,ha,1949,fao1952;juan,switzerland,;crops:area,1.3e+04,1.3e+04,1.0000,
CHE-1800-2025,grapes,tonnes,1949,fao1952;juan,switzerland,;crops:production,7.7e+04,7.7e+04,1.0000,
CHE-1800-2025,grapes,ha,1950,fao1952;juan,switzerland,;crops:area,1.3e+04,1.3e+04,1.0000,
CHE-1800-2025,grapes,tonnes,1950,fao1952;juan,switzerland,;crops:production,9.6e+04,9.6e+04,1.0000,
CHE-1800-2025,grapes,ha,1951,fao1952;juan,switzerland,;crops:area,1.3e+04,1.3e+04,1.0000,
CHE-1800-2025,grapes,tonnes,1951,fao1952;juan,switzerland,;crops:production,1.32e+05,1.32e+05,1.0000,
CHE-1800-2025,oats,ha,1934-1938,fao1952;iia,switzerland,;crops:area,1.1e+04,1.1e+04,1.0000,
CHE-1800-2025,oats,tonnes,1934-1938,fao1952;iia,switzerland,;crops:production,2.2e+04,2.2e+04,1.0000,
CHE-1800-2025,oats,ha,1949,fao1952;juan,switzerland,;crops:area,3.1e+04,3.1e+04,1.0000,
CHE-1800-2025,oats,tonnes,1949,fao1952;juan,switzerland,;crops:production,8.8e+04,8.8e+04,1.0000,
CHE-1800-2025,oats,ha,1950,fao1952;juan,switzerland,;crops:area,2.2e+04,2.2e+04,1.0000,
CHE-1800-2025,oats,tonnes,1950,fao1952;juan,switzerland,;crops:production,5.2e+04,5.2e+04,1.0000,
CHE-1800-2025,oats,ha,1951,fao1952;juan,switzerland,;crops:area,2.4e+04,2.4e+04,1.0000,
CHE-1800-2025,oats,tonnes,1951,fao1952;juan,switzerland,;crops:production,6.5e+04,6.5e+04,1.0000,
CHE-1800-2025,rapeseed,ha,1949,fao1952;juan,switzerland,;crops:area,2000,2000,1.0000,
CHE-1800-2025,rapeseed,tonnes,1949,fao1952;juan,switzerland,;crops:production,4000,4000,1.0000,
CHE-1800-2025,rapeseed,ha,1950,fao1952;juan,switzerland,;crops:area,2000,2000,1.0000,
CHE-1800-2025,rapeseed,tonnes,1950,fao1952;juan,switzerland,;crops:production,3000,3000,1.0000,
CHE-1800-2025,rapeseed,ha,1951,fao1952;juan,switzerland,;crops:area,3000,3000,1.0000,
CHE-1800-2025,rapeseed,tonnes,1951,fao1952;juan,switzerland,;crops:production,6000,6000,1.0000,
CHE-1800-2025,rye,ha,1949,fao1952;juan,switzerland,;crops:area,1.2e+04,1.2e+04,1.0000,
CHE-1800-2025,rye,tonnes,1949,fao1952;juan,switzerland,;crops:production,3e+04,3e+04,1.0000,
CHE-1800-2025,rye,ha,1950,fao1952;juan,switzerland,;crops:area,1.5e+04,1.5e+04,1.0000,
CHE-1800-2025,rye,tonnes,1950,fao1952;juan,switzerland,;crops:production,3.8e+04,3.8e+04,1.0000,
CHE-1800-2025,rye,ha,1951,fao1952;juan,switzerland,;crops:area,1.6e+04,1.6e+04,1.0000,
CHE-1800-2025,rye,tonnes,1951,fao1952;juan,switzerland,;crops:production,3.7e+04,3.7e+04,1.0000,
CHE-1800-2025,sheep,heads,1949,fao1952;juan,switzerland,;livestock:livestock,1.83e+05,1.83e+05,1.0000,
CHE-1800-2025,sheep,heads,1950,fao1952;juan,switzerland,;livestock:livestock,1.8e+05,1.8e+05,1.0000,
CHE-1800-2025,sheep,heads,1951,fao1952;juan,switzerland,;livestock:livestock,1.91e+05,1.91e+05,1.0000,
CHL-1902-2025,cattle,heads,1949,fao1952;juan,chile,;livestock:livestock,2.344e+06,2.344e+06,1.0000,
CHL-1902-2025,cattle,heads,1950,fao1952;juan,chile,;livestock:livestock,2.331e+06,2.331e+06,1.0000,
CHL-1902-2025,chick peas,ha,1950,fao1952;juan,chile,;crops:area,7000,7000,1.0000,
CHL-1902-2025,chick peas,tonnes,1950,fao1952;juan,chile,;crops:production,3000,3000,1.0000,
CHL-1902-2025,chick peas,ha,1951,fao1952;juan,chile,;crops:area,7000,7000,1.0000,
CHL-1902-2025,goats,heads,1949,fao1952;juan,chile,;livestock:livestock,6.36e+05,6.36e+05,1.0000,
CHL-1902-2025,grapes,ha,1934-1938,fao1952;iia,chile,;crops:area,1.01e+05,1.01e+05,1.0000,iia-item-series-switch-raw-products
CHL-1902-2025,lentils,ha,1949,fao1952;juan,chile,;crops:area,2e+04,2e+04,1.0000,
CHL-1902-2025,linseed,ha,1950,fao1952;juan,chile,;crops:area,5000,5000,1.0000,
CHL-1902-2025,linseed,tonnes,1950,fao1952;juan,chile,;crops:production,4000,4000,1.0000,
CHL-1902-2025,linseed,tonnes,1951,fao1952;juan,chile,;crops:production,4000,4000,1.0000,
CHL-1902-2025,oats,ha,1934-1938,fao1952;iia,chile,;crops:area,1.07e+05,1.07e+05,1.0000,
CHL-1902-2025,oats,ha,1951,fao1952;juan,chile,;crops:area,9.9e+04,9.9e+04,1.0000,
CHL-1902-2025,raisins,tonnes,1934-1938,fao1952;iia,chile,;crops:production,1500,1500,1.0000,iia-item-series-switch-raw-products
CHL-1902-2025,rye,ha,1950,fao1952;juan,chile,;crops:area,8000,8000,1.0000,
CHL-1902-2025,rye,ha,1951,fao1952;juan,chile,;crops:area,8000,8000,1.0000,
CHL-1902-2025,rye,tonnes,1951,fao1952;juan,chile,;crops:production,5000,5000,1.0000,
CHL-1902-2025,sheep,heads,1949,fao1952;juan,chile,;livestock:livestock,6.435e+06,6.435e+06,1.0000,
CHN-1949-1950,cotton lint,tonnes,1949,fao1952;mitchell,"china and manchuria;china, mainland",crops:production;page_2_table_1,3.7e+05,3.7e+05,1.0000,layerb-nested-reporting-levels-one-polity
CHN-1949-1950,oats,ha,1949,fao1952;mitchell,"china;china, mainland",crops:area;page_35_table_1,9.4e+05,9.4e+05,1.0000,layerb-nested-reporting-levels-one-polity
CHN-1950-2025,oats,ha,1950,fao1952;mitchell,"china;china, mainland",crops:area;page_35_table_1,9.49e+05,9.49e+05,1.0000,layerb-nested-reporting-levels-one-polity
CHN-1950-2025,oats,ha,1951,fao1952;mitchell,"china;china, mainland",crops:area;page_35_table_1,9.59e+05,9.59e+05,1.0000,layerb-nested-reporting-levels-one-polity
COD-1910-1960,cotton lint,ha,1934-1938,fao1952;iia,belgian congo;dr congo,;crops:area,3.29e+05,3.29e+05,1.0000,iia-item-series-switch-raw-products
COD-1910-1960,cotton lint,tonnes,1949,fao1952;mitchell,belgian congo;dr congo,crops:production;page_49_table_1,5e+04,5e+04,1.0000,
COD-1910-1960,cotton lint,tonnes,1950,fao1952;mitchell,belgian congo;dr congo,crops:production;page_49_table_1,4.4e+04,4.4e+04,1.0000,
COD-1910-1960,cotton lint,tonnes,1951,fao1952;mitchell,belgian congo;dr congo,crops:production;page_49_table_1,4.4e+04,4.4e+04,1.0000,
COL-1922-2025,bananas,ha,1949,fao1952;juan,colombia,;crops:area,5e+04,5e+04,1.0000,
COL-1922-2025,bananas,tonnes,1949,fao1952;juan,colombia,;crops:production,3.8e+05,3.8e+05,1.0000,
COL-1922-2025,bananas,ha,1950,fao1952;juan,colombia,;crops:area,4.5e+04,4.5e+04,1.0000,
COL-1922-2025,bananas,tonnes,1950,fao1952;juan,colombia,;crops:production,3.73e+05,3.73e+05,1.0000,
COL-1922-2025,cattle,heads,1951,fao1952;juan,colombia,;livestock:livestock,1.551e+07,1.551e+07,1.0000,
COL-1922-2025,cotton lint,ha,1934-1938,fao1952;iia,colombia,;crops:area,3.5e+04,3.5e+04,1.0000,iia-item-series-switch-raw-products
COL-1922-2025,cotton lint,tonnes,1949,fao1952;juan,colombia,;crops:production,7000,7000,1.0000,
COL-1922-2025,cotton lint,tonnes,1950,fao1952;juan,colombia,;crops:production,8000,8000,1.0000,
COL-1922-2025,cotton lint,tonnes,1951,fao1952;juan,colombia,;crops:production,1e+04,1e+04,1.0000,
COL-1922-2025,goats,heads,1949,fao1952;juan,colombia,;livestock:livestock,4.7e+05,4.7e+05,1.0000,
COL-1922-2025,goats,heads,1951,fao1952;juan,colombia,;livestock:livestock,6.38e+05,6.38e+05,1.0000,
COL-1922-2025,sesame seed,ha,1949,fao1952;juan,colombia,;crops:area,1.6e+04,1.6e+04,1.0000,
COL-1922-2025,sesame seed,tonnes,1949,fao1952;juan,colombia,;crops:production,9200,9200,1.0000,
COL-1922-2025,sesame seed,ha,1950,fao1952;juan,colombia,;crops:area,1.4e+04,1.4e+04,1.0000,
COL-1922-2025,sesame seed,tonnes,1950,fao1952;juan,colombia,;crops:production,7700,7700,1.0000,
COL-1922-2025,sesame seed,tonnes,1951,fao1952;juan,colombia,;crops:production,1.2e+04,1.2e+04,1.0000,
COL-1922-2025,sheep,heads,1949,fao1952;juan,colombia,;livestock:livestock,1.062e+06,1.062e+06,1.0000,
COL-1922-2025,sheep,heads,1950,fao1952;juan,colombia,;livestock:livestock,1.198e+06,1.198e+06,1.0000,
COL-1922-2025,sheep,heads,1951,fao1952;juan,colombia,;livestock:livestock,1.339e+06,1.339e+06,1.0000,
CRI-1800-2025,bananas,ha,1949,fao1952;juan,costa rica,;crops:area,2.6e+04,2.6e+04,1.0000,
CRI-1800-2025,bananas,tonnes,1949,fao1952;juan,costa rica,;crops:production,2.23e+05,2.23e+05,1.0000,
CRI-1800-2025,bananas,tonnes,1950,fao1952;juan,costa rica,;crops:production,2.22e+05,2.22e+05,1.0000,
CRI-1800-2025,bananas,tonnes,1951,fao1952;juan,costa rica,;crops:production,2.17e+05,2.17e+05,1.0000,
CRI-1800-2025,cattle,heads,1949,fao1952;juan,costa rica,;livestock:livestock,5.15e+05,5.15e+05,1.0000,
CRI-1800-2025,cattle,heads,1950,fao1952;juan,costa rica,;livestock:livestock,5.92e+05,5.92e+05,1.0000,
CRI-1800-2025,cattle,heads,1951,fao1952;juan,costa rica,;livestock:livestock,6.85e+05,6.85e+05,1.0000,
CRI-1800-2025,goats,heads,1950,fao1952;juan,costa rica,;livestock:livestock,1000,1000,1.0000,
CRI-1800-2025,sheep,heads,1950,fao1952;juan,costa rica,;livestock:livestock,2000,2000,1.0000,
CUB-1800-2025,bananas,tonnes,1949,fao1952;juan,cuba,;crops:production,1.5e+04,1.5e+04,1.0000,
CUB-1800-2025,bananas,tonnes,1950,fao1952;juan,cuba,;crops:production,6000,6000,1.0000,
CUB-1800-2025,bananas,tonnes,1951,fao1952;juan,cuba,;crops:production,4000,4000,1.0000,
CUB-1800-2025,cattle,heads,1951,fao1952;juan,cuba,;livestock:livestock,4.116e+06,4.116e+06,1.0000,
CUB-1800-2025,goats,heads,1951,fao1952;juan,cuba,;livestock:livestock,1.39e+05,1.39e+05,1.0000,
CUB-1800-2025,sheep,heads,1951,fao1952;juan,cuba,;livestock:livestock,1.54e+05,1.54e+05,1.0000,
CYP-1879-2025,cotton lint,ha,1934-1938,fao1952;iia,cyprus,;crops:area,5000,5000,1.0000,iia-item-series-switch-raw-products
CYP-1879-2025,grapes,ha,1934-1938,fao1952;iia,cyprus,;crops:area,5e+04,5e+04,1.0000,iia-item-series-switch-raw-products
CYP-1879-2025,oats,ha,1934-1938,fao1952;iia,cyprus,;crops:area,5000,5000,1.0000,
CYP-1879-2025,raisins,tonnes,1934-1938,fao1952;iia,cyprus,;crops:production,4300,4300,1.0000,iia-item-series-switch-raw-products
CYP-1879-2025,sesame seed,ha,1934-1938,fao1952;iia,cyprus,;crops:area,1000,1000,1.0000,
CYP-1879-2025,sesame seed,tonnes,1934-1938,fao1952;iia,cyprus,;crops:production,300,300,1.0000,
DEU-1949-1990,linseed,tonnes,1949,fao1952;juan,germany,;crops:production,2.9e+04,2.9e+04,1.0000,
DEU-1949-1990,rapeseed,ha,1949,fao1952;juan,germany,;crops:area,1.48e+05,1.48e+05,1.0000,
DEU-1949-1990,rapeseed,tonnes,1949,fao1952;juan,germany,;crops:production,2.57e+05,2.57e+05,1.0000,
DEU-1949-1990,sheep,heads,1949,fao1952;juan,germany,;livestock:livestock,3.216e+06,3.216e+06,1.0000,
DEU-1949-1990,sheep,heads,1950,fao1952;juan,germany,;livestock:livestock,2.922e+06,2.922e+06,1.0000,
DNK-1920-2025,goats,heads,1949,fao1952;juan,denmark,;livestock:livestock,4000,4000,1.0000,
DNK-1920-2025,linseed,tonnes,1949,fao1952;juan,denmark,;crops:production,1.4e+04,1.4e+04,1.0000,
DNK-1920-2025,linseed,tonnes,1950,fao1952;juan,denmark,;crops:production,1.4e+04,1.4e+04,1.0000,
DNK-1920-2025,linseed,tonnes,1951,fao1952;juan,denmark,;crops:production,9000,9000,1.0000,
DNK-1920-2025,oats,ha,1934-1938,fao1952;iia,denmark,;crops:area,3.82e+05,3.82e+05,1.0000,
DNK-1920-2025,oats,tonnes,1934-1938,fao1952;iia,denmark,;crops:production,1.024e+06,1.024e+06,1.0000,
DNK-1920-2025,oats,ha,1949,fao1952;juan,denmark,;crops:area,3.08e+05,3.08e+05,1.0000,
DNK-1920-2025,oats,tonnes,1949,fao1952;juan,denmark,;crops:production,9.82e+05,9.82e+05,1.0000,
DNK-1920-2025,oats,ha,1950,fao1952;juan,denmark,;crops:area,2.77e+05,2.77e+05,1.0000,
DNK-1920-2025,oats,tonnes,1950,fao1952;juan,denmark,;crops:production,8.34e+05,8.34e+05,1.0000,
DNK-1920-2025,oats,ha,1951,fao1952;juan,denmark,;crops:area,2.74e+05,2.74e+05,1.0000,
DNK-1920-2025,oats,tonnes,1951,fao1952;juan,denmark,;crops:production,8.47e+05,8.47e+05,1.0000,
DNK-1920-2025,rapeseed,ha,1949,fao1952;juan,denmark,;crops:area,1000,1000,1.0000,
DNK-1920-2025,rapeseed,tonnes,1949,fao1952;juan,denmark,;crops:production,1000,1000,1.0000,
DNK-1920-2025,rapeseed,ha,1950,fao1952;juan,denmark,;crops:area,2000,2000,1.0000,
DNK-1920-2025,rapeseed,tonnes,1950,fao1952;juan,denmark,;crops:production,2000,2000,1.0000,
DNK-1920-2025,rapeseed,ha,1951,fao1952;juan,denmark,;crops:area,6000,6000,1.0000,
DNK-1920-2025,rapeseed,tonnes,1951,fao1952;juan,denmark,;crops:production,1e+04,1e+04,1.0000,
DNK-1920-2025,rye,tonnes,1934-1938,fao1952;iia,denmark,;crops:production,2.62e+05,2.62e+05,1.0000,
DNK-1920-2025,rye,ha,1949,fao1952;juan,denmark,;crops:area,1.95e+05,1.95e+05,1.0000,
DNK-1920-2025,rye,tonnes,1949,fao1952;juan,denmark,;crops:production,4.69e+05,4.69e+05,1.0000,
DNK-1920-2025,rye,ha,1950,fao1952;juan,denmark,;crops:area,1.54e+05,1.54e+05,1.0000,
DNK-1920-2025,rye,tonnes,1950,fao1952;juan,denmark,;crops:production,3.3e+05,3.3e+05,1.0000,
DNK-1920-2025,rye,ha,1951,fao1952;juan,denmark,;crops:area,1.19e+05,1.19e+05,1.0000,
DNK-1920-2025,rye,tonnes,1951,fao1952;juan,denmark,;crops:production,2.7e+05,2.7e+05,1.0000,
DNK-1920-2025,sheep,heads,1949,fao1952;juan,denmark,;livestock:livestock,6.5e+04,6.5e+04,1.0000,
DNK-1920-2025,sheep,heads,1950,fao1952;juan,denmark,;livestock:livestock,6.1e+04,6.1e+04,1.0000,
DNK-1920-2025,sheep,heads,1951,fao1952;juan,denmark,;livestock:livestock,5.9e+04,5.9e+04,1.0000,
DOM-1800-2025,bananas,ha,1949,fao1952;juan,dominican rep;dominican republic,;crops:area,1.3e+04,1.3e+04,1.0000,
DOM-1800-2025,bananas,tonnes,1949,fao1952;juan,dominican rep;dominican republic,;crops:production,3.8e+05,3.8e+05,1.0000,
DOM-1800-2025,bananas,ha,1950,fao1952;juan,dominican rep;dominican republic,;crops:area,1.4e+04,1.4e+04,1.0000,
DOM-1800-2025,bananas,tonnes,1950,fao1952;juan,dominican rep;dominican republic,;crops:production,3.89e+05,3.89e+05,1.0000,
DOM-1800-2025,bananas,tonnes,1951,fao1952;juan,dominican rep;dominican republic,;crops:production,3.75e+05,3.75e+05,1.0000,
DOM-1800-2025,cattle,heads,1950,fao1952;juan,dominican republic,;livestock:livestock,8.87e+05,8.87e+05,1.0000,
DOM-1800-2025,cattle,heads,1951,fao1952;juan,dominican republic,;livestock:livestock,6.94e+05,6.94e+05,1.0000,
DOM-1800-2025,goats,heads,1949,fao1952;juan,dominican republic,;livestock:livestock,3.31e+05,3.31e+05,1.0000,
DOM-1800-2025,goats,heads,1950,fao1952;juan,dominican republic,;livestock:livestock,3.34e+05,3.34e+05,1.0000,
DOM-1800-2025,goats,heads,1951,fao1952;juan,dominican republic,;livestock:livestock,2.95e+05,2.95e+05,1.0000,
DOM-1800-2025,sheep,heads,1949,fao1952;juan,dominican republic,;livestock:livestock,2.8e+04,2.8e+04,1.0000,
DOM-1800-2025,sheep,heads,1950,fao1952;juan,dominican republic,;livestock:livestock,2.6e+04,2.6e+04,1.0000,
DOM-1800-2025,sheep,heads,1951,fao1952;juan,dominican republic,;livestock:livestock,2.6e+04,2.6e+04,1.0000,
DZA-1919-1962,camels,heads,1950,fao1952;mitchell,algeria,livestock:livestock;page_31_table_1,1.4e+05,1.4e+05,1.0000,
DZA-1919-1962,camels,heads,1951,fao1952;mitchell,algeria,livestock:livestock;page_31_table_1,1.5e+05,1.5e+05,1.0000,
DZA-1919-1962,cattle,heads,1950,fao1952;mitchell,algeria,livestock:livestock;page_31_table_1,7.63e+05,7.63e+05,1.0000,
DZA-1919-1962,cattle,heads,1951,fao1952;mitchell,algeria,livestock:livestock;page_31_table_1,8.1e+05,8.1e+05,1.0000,
DZA-1919-1962,goats,heads,1950,fao1952;mitchell,algeria,livestock:livestock;page_31_table_1,2.86e+06,2.86e+06,1.0000,
DZA-1919-1962,goats,heads,1951,fao1952;mitchell,algeria,livestock:livestock;page_31_table_1,3.202e+06,3.202e+06,1.0000,
DZA-1919-1962,grapes,ha,1934-1938,fao1952;iia,algeria,;crops:area,4.06e+05,4.06e+05,1.0000,iia-item-series-switch-raw-products
DZA-1919-1962,oats,ha,1934-1938,fao1952;iia,algeria,;crops:area,1.85e+05,1.85e+05,1.0000,
DZA-1919-1962,oats,ha,1949,fao1952;mitchell,algeria,crops:area;page_5_table_1,1.73e+05,1.73e+05,1.0000,
DZA-1919-1962,oats,tonnes,1949,fao1952;mitchell,algeria,crops:production;page_12_table_1,1.42e+05,1.42e+05,1.0000,
DZA-1919-1962,oats,ha,1950,fao1952;mitchell,algeria,crops:area;page_5_table_1,1.82e+05,1.82e+05,1.0000,
DZA-1919-1962,oats,tonnes,1950,fao1952;mitchell,algeria,crops:production;page_12_table_1,1.42e+05,1.42e+05,1.0000,
DZA-1919-1962,oats,ha,1951,fao1952;mitchell,algeria,crops:area;page_5_table_1,1.72e+05,1.72e+05,1.0000,
DZA-1919-1962,oats,tonnes,1951,fao1952;mitchell,algeria,crops:production;page_12_table_1,1.29e+05,1.29e+05,1.0000,
DZA-1919-1962,rye,ha,1934-1938,fao1952;iia,algeria,;crops:area,1000,1000,1.0000,
DZA-1919-1962,sheep,heads,1950,fao1952;mitchell,algeria,livestock:livestock;page_31_table_1,4.541e+06,4.541e+06,1.0000,
DZA-1919-1962,sheep,heads,1951,fao1952;mitchell,algeria,livestock:livestock;page_31_table_1,5.321e+06,5.321e+06,1.0000,
ECU-1942-2025,cattle,heads,1949,fao1952;juan,ecuador,;livestock:livestock,1.6e+06,1.6e+06,1.0000,
ECU-1942-2025,cotton lint,tonnes,1950,fao1952;juan,ecuador,;crops:production,4000,4000,1.0000,
ECU-1942-2025,lentils,tonnes,1950,fao1952;juan,ecuador,;crops:production,2000,2000,1.0000,
ECU-1942-2025,sheep,heads,1949,fao1952;juan,ecuador,;livestock:livestock,1.8e+06,1.8e+06,1.0000,
EGY-1925-1967,bananas,tonnes,1949,fao1952;mitchell,egypt,crops:production;page_21_table_1,3.8e+04,3.8e+04,1.0000,
EGY-1925-1967,bananas,tonnes,1950,fao1952;mitchell,egypt,crops:production;page_21_table_1,2.8e+04,2.8e+04,1.0000,
EGY-1925-1967,cotton lint,tonnes,1949,fao1952;mitchell,egypt,crops:production;page_46_table_1,3.87e+05,3.87e+05,1.0000,
EGY-1925-1967,cotton lint,tonnes,1950,fao1952;mitchell,egypt,crops:production;page_46_table_1,3.82e+05,3.82e+05,1.0000,
EGY-1925-1967,cotton lint,tonnes,1951,fao1952;mitchell,egypt,crops:production;page_46_table_1,3.63e+05,3.63e+05,1.0000,
EGY-1925-1967,grapes,ha,1934-1938,fao1952;iia,egypt,;crops:area,3000,3000,1.0000,iia-item-series-switch-raw-products
EGY-1925-1967,grapes,tonnes,1934-1938,fao1952;iia,egypt,;crops:production,2.3e+04,2.3e+04,1.0000,iia-item-series-switch-raw-products
ERI-1889-1952,cotton lint,ha,1934-1938,fao1952;iia,eritrea,;crops:area,3000,3000,1.0000,iia-item-series-switch-raw-products
ERI-1889-1952,sesame seed,ha,1934-1938,fao1952;iia,eritrea,;crops:area,2000,2000,1.0000,
ERI-1889-1952,sesame seed,tonnes,1934-1938,fao1952;iia,eritrea,;crops:production,500,500,1.0000,
ESP-1800-2025,bananas,ha,1949,fao1952;juan,spain,;crops:area,8000,8000,1.0000,
ESP-1800-2025,bananas,tonnes,1949,fao1952;juan,spain,;crops:production,2.3e+05,2.3e+05,1.0000,
ESP-1800-2025,cotton lint,tonnes,1949,fao1952;juan,spain,;crops:production,3000,3000,1.0000,
ESP-1800-2025,cotton lint,tonnes,1950,fao1952;juan,spain,;crops:production,4000,4000,1.0000,
ESP-1800-2025,cotton lint,tonnes,1951,fao1952;juan,spain,;crops:production,6000,6000,1.0000,
ESP-1800-2025,goats,heads,1950,fao1952;juan,spain,;livestock:livestock,7.184e+06,7.184e+06,1.0000,
ESP-1800-2025,grapes,ha,1934-1938,fao1952;iia,spain,;crops:area,1.564e+06,1.564e+06,1.0000,iia-item-series-switch-raw-products
ESP-1800-2025,grapes,tonnes,1949,fao1952;juan,spain,;crops:production,2.411e+06,2.411e+06,1.0000,
ESP-1800-2025,grapes,ha,1950,fao1952;juan,spain,;crops:area,1.444e+06,1.444e+06,1.0000,
ESP-1800-2025,grapes,tonnes,1950,fao1952;juan,spain,;crops:production,2.441e+06,2.441e+06,1.0000,
ESP-1800-2025,grapes,ha,1951,fao1952;juan,spain,;crops:area,1.481e+06,1.481e+06,1.0000,
ESP-1800-2025,grapes,tonnes,1951,fao1952;juan,spain,;crops:production,2.476e+06,2.476e+06,1.0000,
ESP-1800-2025,linseed,ha,1951,fao1952;juan,spain,;crops:area,8000,8000,1.0000,
ESP-1800-2025,linseed,tonnes,1951,fao1952;juan,spain,;crops:production,2000,2000,1.0000,
ESP-1800-2025,oats,ha,1934-1938,fao1952;iia,spain,;crops:area,3.776e+06,3.776e+06,1.0000,
ESP-1800-2025,oats,ha,1949,fao1952;juan,spain,;crops:area,6.5e+05,6.5e+05,1.0000,
ESP-1800-2025,oats,tonnes,1949,fao1952;juan,spain,;crops:production,5e+05,5e+05,1.0000,
ESP-1800-2025,oats,ha,1950,fao1952;juan,spain,;crops:area,6.5e+05,6.5e+05,1.0000,
ESP-1800-2025,oats,tonnes,1950,fao1952;juan,spain,;crops:production,5.06e+05,5.06e+05,1.0000,
ESP-1800-2025,oats,ha,1951,fao1952;juan,spain,;crops:area,6.43e+05,6.43e+05,1.0000,
ESP-1800-2025,oats,tonnes,1951,fao1952;juan,spain,;crops:production,5.52e+05,5.52e+05,1.0000,
ESP-1800-2025,olives,tonnes,1949,fao1952;juan,spain,;crops:production,1.924e+06,1.924e+06,1.0000,
ESP-1800-2025,olives,tonnes,1950,fao1952;juan,spain,;crops:production,9.02e+05,9.02e+05,1.0000,
ESP-1800-2025,rye,ha,1949,fao1952;juan,spain,;crops:area,5.7e+05,5.7e+05,1.0000,
ESP-1800-2025,rye,tonnes,1949,fao1952;juan,spain,;crops:production,4.89e+05,4.89e+05,1.0000,
ESP-1800-2025,rye,ha,1950,fao1952;juan,spain,;crops:area,5.6e+05,5.6e+05,1.0000,
ESP-1800-2025,rye,tonnes,1950,fao1952;juan,spain,;crops:production,4.67e+05,4.67e+05,1.0000,
ESP-1800-2025,rye,ha,1951,fao1952;juan,spain,;crops:area,6.35e+05,6.35e+05,1.0000,
ESP-1800-2025,rye,tonnes,1951,fao1952;juan,spain,;crops:production,5.14e+05,5.14e+05,1.0000,
ESP-1800-2025,sheep,heads,1950,fao1952;juan,spain,;livestock:livestock,2.595e+07,2.595e+07,1.0000,
ETH-1907-1936,"coffee, green",tonnes,1933,iia;mitchell,ethiopia;ethiopia pdr,;page_11_table_1,1.62e+04,1.62e+04,1.0000,iia-corrupted-country-labels;layerb-nested-reporting-levels-one-polity
ETH-1907-1936,"coffee, green",tonnes,1934,iia;mitchell,ethiopia;ethiopia pdr,;page_11_table_1,2.24e+04,2.24e+04,1.0000,iia-corrupted-country-labels;layerb-nested-reporting-levels-one-polity
ETH-1907-1936,"coffee, green",tonnes,1935,iia;mitchell,ethiopia;ethiopia pdr,;page_11_table_1,1.98e+04,1.98e+04,1.0000,iia-corrupted-country-labels;layerb-nested-reporting-levels-one-polity
ETH-1936-1941,"coffee, green",tonnes,1936,iia;mitchell,ethiopia;ethiopia pdr,;page_11_table_1,1.45e+04,1.45e+04,1.0000,iia-corrupted-country-labels;layerb-nested-reporting-levels-one-polity
ETH-1936-1941,"coffee, green",tonnes,1937,iia;mitchell,ethiopia;ethiopia pdr,;page_11_table_1,1.3e+04,1.3e+04,1.0000,iia-corrupted-country-labels;layerb-nested-reporting-levels-one-polity
ETH-1936-1941,"coffee, green",tonnes,1939,iia;mitchell,ethiopia;ethiopia pdr,;page_11_table_1,6500,6500,1.0000,iia-corrupted-country-labels;layerb-nested-reporting-levels-one-polity
ETH-1936-1941,"coffee, green",tonnes,1940,iia;mitchell,ethiopia;ethiopia pdr,;page_11_table_1,6000,6000,1.0000,iia-corrupted-country-labels;layerb-nested-reporting-levels-one-polity
ETH-1941-1952,"coffee, green",tonnes,1942,iia;mitchell,ethiopia;ethiopia pdr,;page_11_table_1,8400,8400,1.0000,iia-corrupted-country-labels;layerb-nested-reporting-levels-one-polity
ETH-1941-1952,"coffee, green",tonnes,1943,iia;mitchell,ethiopia;ethiopia pdr,;page_11_table_1,1.1e+04,1.1e+04,1.0000,iia-corrupted-country-labels;layerb-nested-reporting-levels-one-polity
ETH-1941-1952,"coffee, green",tonnes,1944,iia;mitchell,ethiopia;ethiopia pdr,;page_11_table_1,1.4e+04,1.4e+04,1.0000,iia-corrupted-country-labels;layerb-nested-reporting-levels-one-polity
F228-1921-1940,cotton lint,ha,1934-1938,fao1952;iia,russian federation;ussr,;crops:area,2.027e+06,2.027e+06,1.0000,iia-item-series-switch-raw-products
F228-1921-1940,sesame seed,ha,1934-1938,fao1952;iia,russian federation;ussr,;crops:area,3.8e+04,3.8e+04,1.0000,
F228-1921-1940,sesame seed,tonnes,1934-1938,fao1952;iia,russian federation;ussr,;crops:production,8700,8700,1.0000,
F248-1920-1947,"beans, dry",ha,1933,iia;juan,serbia;yugoslav sfr,,3.5e+04,3.5e+04,1.0000,
F248-1920-1947,"beans, dry",ha,1934,iia;juan,serbia;yugoslav sfr,,3.5e+04,3.5e+04,1.0000,
F248-1920-1947,"beans, dry",ha,1935,iia;juan,serbia;yugoslav sfr,,3.2e+04,3.2e+04,1.0000,
F248-1920-1947,"beans, dry",ha,1936,iia;juan,serbia;yugoslav sfr,,3.1e+04,3.1e+04,1.0000,
F248-1920-1947,"beans, dry",ha,1937,iia;juan,serbia;yugoslav sfr,,3e+04,3e+04,1.0000,
F248-1920-1947,"beans, dry",ha,1938,iia;juan,serbia;yugoslav sfr,,3e+04,3e+04,1.0000,
F248-1920-1947,"beans, dry",ha,1939,iia;juan,serbia;yugoslav sfr,,3e+04,3e+04,1.0000,
F248-1920-1947,castor beans seed,tonnes,1939,iia;juan,serbia;yugoslav sfr,,300,300,1.0000,
F248-1920-1947,cotton lint,tonnes,1934,iia;juan,serbia;yugoslav sfr,,200,200,1.0000,iia-item-series-switch-raw-products
F248-1920-1947,cotton lint,ha,1934-1938,fao1952;iia,serbia;yugoslavia,;crops:area,2000,2000,1.0000,iia-item-series-switch-raw-products
F248-1920-1947,cotton lint,tonnes,1935,iia;juan,serbia;yugoslav sfr,,200,200,1.0000,iia-item-series-switch-raw-products
F248-1920-1947,cotton lint,tonnes,1936,iia;juan,serbia;yugoslav sfr,,400,400,1.0000,iia-item-series-switch-raw-products
F248-1920-1947,cotton lint,tonnes,1937,iia;juan,serbia;yugoslav sfr,,700,700,1.0000,iia-item-series-switch-raw-products
F248-1920-1947,cotton lint,tonnes,1938,iia;juan,serbia;yugoslav sfr,,1200,1200,1.0000,iia-item-series-switch-raw-products
F248-1920-1947,cotton lint,tonnes,1939,iia;juan,serbia;yugoslav sfr,,1100,1100,1.0000,iia-item-series-switch-raw-products
F248-1920-1947,flax fibre and tow,tonnes,1921,iia;juan,serbia;yugoslav sfr,,8260,8260,1.0000,iia-attributable-single-cell-errors;iia-flax-fibre-item-is-mostly-linseed
F248-1920-1947,flax fibre and tow,ha,1934,iia;juan,serbia;yugoslav sfr,,1.1e+04,1.1e+04,1.0000,iia-attributable-single-cell-errors;iia-flax-fibre-item-is-mostly-linseed
F248-1920-1947,flax fibre and tow,ha,1935,iia;juan,serbia;yugoslav sfr,,1.2e+04,1.2e+04,1.0000,iia-attributable-single-cell-errors;iia-flax-fibre-item-is-mostly-linseed
F248-1920-1947,flax fibre and tow,ha,1936,iia;juan,serbia;yugoslav sfr,,1.4e+04,1.4e+04,1.0000,iia-attributable-single-cell-errors;iia-flax-fibre-item-is-mostly-linseed
F248-1920-1947,flax fibre and tow,ha,1937,iia;juan,serbia;yugoslav sfr,,1.3e+04,1.3e+04,1.0000,iia-attributable-single-cell-errors;iia-flax-fibre-item-is-mostly-linseed
F248-1920-1947,flax fibre and tow,ha,1938,iia;juan,serbia;yugoslav sfr,,1.4e+04,1.4e+04,1.0000,iia-attributable-single-cell-errors;iia-flax-fibre-item-is-mostly-linseed
F248-1920-1947,flax fibre and tow,ha,1939,iia;juan,serbia;yugoslav sfr,,1.4e+04,1.4e+04,1.0000,iia-attributable-single-cell-errors;iia-flax-fibre-item-is-mostly-linseed
F248-1920-1947,grapes,ha,1933,iia;juan,serbia;yugoslav sfr,,1.95e+05,1.95e+05,1.0000,iia-item-series-switch-raw-products
F248-1920-1947,grapes,ha,1934,iia;juan,serbia;yugoslav sfr,,1.99e+05,1.99e+05,1.0000,iia-item-series-switch-raw-products
F248-1920-1947,grapes,ha,1935,iia;juan,serbia;yugoslav sfr,,2.07e+05,2.07e+05,1.0000,iia-item-series-switch-raw-products
F248-1920-1947,grapes,tonnes,1935,iia;juan,serbia;yugoslav sfr,,9.156e+05,9.156e+05,1.0000,iia-item-series-switch-raw-products
F248-1920-1947,grapes,ha,1936,iia;juan,serbia;yugoslav sfr,,2.14e+05,2.14e+05,1.0000,iia-item-series-switch-raw-products
F248-1920-1947,grapes,tonnes,1936,iia;juan,serbia;yugoslav sfr,,6.571e+05,6.571e+05,1.0000,iia-item-series-switch-raw-products
F248-1920-1947,grapes,ha,1937,iia;juan,serbia;yugoslav sfr,,2.15e+05,2.15e+05,1.0000,iia-item-series-switch-raw-products
F248-1920-1947,grapes,tonnes,1937,iia;juan,serbia;yugoslav sfr,,4.826e+05,4.826e+05,1.0000,iia-item-series-switch-raw-products
F248-1920-1947,grapes,ha,1938,iia;juan,serbia;yugoslav sfr,,2.19e+05,2.19e+05,1.0000,iia-item-series-switch-raw-products
F248-1920-1947,grapes,tonnes,1938,iia;juan,serbia;yugoslav sfr,,7.94e+05,7.94e+05,1.0000,iia-item-series-switch-raw-products
F248-1920-1947,grapes,ha,1939,iia;juan,serbia;yugoslav sfr,,2.23e+05,2.23e+05,1.0000,iia-item-series-switch-raw-products
F248-1920-1947,grapes,tonnes,1939,iia;juan,serbia;yugoslav sfr,,7.778e+05,7.778e+05,1.0000,iia-item-series-switch-raw-products
F248-1920-1947,hemp tow waste,ha,1939,iia;juan,serbia;yugoslav sfr,,5.7e+04,5.7e+04,1.0000,
F248-1920-1947,hemp tow waste,tonnes,1939,iia;juan,serbia;yugoslav sfr,,5.35e+04,5.35e+04,1.0000,
F248-1920-1947,hemp tow waste,ha,1940,iia;juan,serbia;yugoslav sfr,,6e+04,6e+04,1.0000,
F248-1920-1947,hemp tow waste,tonnes,1940,iia;juan,serbia;yugoslav sfr,,4.5e+04,4.5e+04,1.0000,
F248-1920-1947,hempseed,tonnes,1934,iia;juan,serbia;yugoslav sfr,,1900,1900,1.0000,
F248-1920-1947,hempseed,tonnes,1935,iia;juan,serbia;yugoslav sfr,,2100,2100,1.0000,
F248-1920-1947,hempseed,tonnes,1936,iia;juan,serbia;yugoslav sfr,,2400,2400,1.0000,
F248-1920-1947,hempseed,tonnes,1937,iia;juan,serbia;yugoslav sfr,,4500,4500,1.0000,
F248-1920-1947,hempseed,tonnes,1938,iia;juan,serbia;yugoslav sfr,,3000,3000,1.0000,
F248-1920-1947,hempseed,tonnes,1939,iia;juan,serbia;yugoslav sfr,,3100,3100,1.0000,
F248-1920-1947,hops,ha,1934-1938,fao1952;iia,serbia;yugoslavia,;crops:area,2700,2700,1.0000,iia-hops-x100
F248-1920-1947,hops,ha,1939,iia;juan,serbia;yugoslav sfr,,2800,2800,1.0000,iia-hops-x100
F248-1920-1947,lemons and limes,tonnes,1934,iia;juan,serbia;yugoslav sfr,,100,100,1.0000,
F248-1920-1947,lemons and limes,tonnes,1935,iia;juan,serbia;yugoslav sfr,,100,100,1.0000,
F248-1920-1947,lemons and limes,tonnes,1937,iia;juan,serbia;yugoslav sfr,,100,100,1.0000,
F248-1920-1947,lemons and limes,tonnes,1938,iia;juan,serbia;yugoslav sfr,,100,100,1.0000,
F248-1920-1947,lemons and limes,tonnes,1939,iia;juan,serbia;yugoslav sfr,,100,100,1.0000,
F248-1920-1947,oats,ha,1939,iia;juan,serbia;yugoslav sfr,,3.57e+05,3.57e+05,1.0000,
F248-1920-1947,oats,tonnes,1939,iia;juan,serbia;yugoslav sfr,,3.483e+05,3.483e+05,1.0000,
F248-1920-1947,oats,ha,1940,iia;juan,serbia;yugoslav sfr,,3.52e+05,3.52e+05,1.0000,
F248-1920-1947,oats,tonnes,1940,iia;juan,serbia;yugoslav sfr,,2.879e+05,2.879e+05,1.0000,
F248-1920-1947,"oil, olive, virgin",tonnes,1922,iia;juan,serbia;yugoslav sfr,,5780,5780,1.0000,
F248-1920-1947,"oil, olive, virgin",tonnes,1923,iia;juan,serbia;yugoslav sfr,,3180,3180,1.0000,
F248-1920-1947,"oil, olive, virgin",tonnes,1924,iia;juan,serbia;yugoslav sfr,,5140,5140,1.0000,
F248-1920-1947,"oil, olive, virgin",tonnes,1925,iia;juan,serbia;yugoslav sfr,,1370,1370,1.0000,
F248-1920-1947,"oil, olive, virgin",tonnes,1934,iia;juan,serbia;yugoslav sfr,,3900,3900,1.0000,
F248-1920-1947,"oil, olive, virgin",tonnes,1935,iia;juan,serbia;yugoslav sfr,,3000,3000,1.0000,
F248-1920-1947,"oil, olive, virgin",tonnes,1936,iia;juan,serbia;yugoslav sfr,,2000,2000,1.0000,
F248-1920-1947,"oil, olive, virgin",tonnes,1937,iia;juan,serbia;yugoslav sfr,,7200,7200,1.0000,
F248-1920-1947,"oil, olive, virgin",tonnes,1938,iia;juan,serbia;yugoslav sfr,,6100,6100,1.0000,
F248-1920-1947,"oil, olive, virgin",tonnes,1939,iia;juan,serbia;yugoslav sfr,,5900,5900,1.0000,
F248-1920-1947,"oil, olive, virgin",tonnes,1940,iia;juan,serbia;yugoslav sfr,,3000,3000,1.0000,
F248-1920-1947,"oil, olive, virgin",tonnes,1941,iia;juan,serbia;yugoslav sfr,,2500,2500,1.0000,
F248-1920-1947,"oil, olive, virgin",tonnes,1942,iia;juan,serbia;yugoslav sfr,,2700,2700,1.0000,
F248-1920-1947,"oil, olive, virgin",tonnes,1943,iia;juan,serbia;yugoslav sfr,,3000,3000,1.0000,
F248-1920-1947,"oil, olive, virgin",tonnes,1944,iia;juan,serbia;yugoslav sfr,,1500,1500,1.0000,
F248-1920-1947,"oil, olive, virgin",tonnes,1945,iia;juan,serbia;yugoslav sfr,,1800,1800,1.0000,
F248-1920-1947,olives,tonnes,1935,iia;juan,serbia;yugoslav sfr,,1.67e+04,1.67e+04,1.0000,
F248-1920-1947,olives,tonnes,1936,iia;juan,serbia;yugoslav sfr,,1.3e+04,1.3e+04,1.0000,
F248-1920-1947,olives,tonnes,1937,iia;juan,serbia;yugoslav sfr,,4.83e+04,4.83e+04,1.0000,
F248-1920-1947,olives,tonnes,1938,iia;juan,serbia;yugoslav sfr,,3.07e+04,3.07e+04,1.0000,
F248-1920-1947,olives,tonnes,1939,iia;juan,serbia;yugoslav sfr,,3.84e+04,3.84e+04,1.0000,
F248-1920-1947,oranges,tonnes,1934,iia;juan,serbia;yugoslav sfr,,100,100,1.0000,
F248-1920-1947,oranges,tonnes,1935,iia;juan,serbia;yugoslav sfr,,600,600,1.0000,
F248-1920-1947,oranges,tonnes,1936,iia;juan,serbia;yugoslav sfr,,100,100,1.0000,
F248-1920-1947,oranges,tonnes,1937,iia;juan,serbia;yugoslav sfr,,700,700,1.0000,
F248-1920-1947,oranges,tonnes,1938,iia;juan,serbia;yugoslav sfr,,400,400,1.0000,
F248-1920-1947,oranges,tonnes,1939,iia;juan,serbia;yugoslav sfr,,500,500,1.0000,
F248-1920-1947,rapeseed,ha,1934,iia;juan,serbia;yugoslav sfr,,7000,7000,1.0000,iia-attributable-single-cell-errors
F248-1920-1947,rapeseed,tonnes,1934,iia;juan,serbia;yugoslav sfr,,5400,5400,1.0000,iia-attributable-single-cell-errors
F248-1920-1947,rapeseed,ha,1934-1938,fao1952;iia,serbia;yugoslavia,;crops:area,1.6e+04,1.6e+04,1.0000,iia-attributable-single-cell-errors
F248-1920-1947,rapeseed,ha,1935,iia;juan,serbia;yugoslav sfr,,1.6e+04,1.6e+04,1.0000,iia-attributable-single-cell-errors
F248-1920-1947,rapeseed,tonnes,1935,iia;juan,serbia;yugoslav sfr,,1.01e+04,1.01e+04,1.0000,iia-attributable-single-cell-errors
F248-1920-1947,rapeseed,ha,1936,iia;juan,serbia;yugoslav sfr,,2.4e+04,2.4e+04,1.0000,iia-attributable-single-cell-errors
F248-1920-1947,rapeseed,tonnes,1936,iia;juan,serbia;yugoslav sfr,,2.1e+04,2.1e+04,1.0000,iia-attributable-single-cell-errors
F248-1920-1947,rapeseed,ha,1937,iia;juan,serbia;yugoslav sfr,,1.6e+04,1.6e+04,1.0000,iia-attributable-single-cell-errors
F248-1920-1947,rapeseed,tonnes,1937,iia;juan,serbia;yugoslav sfr,,8200,8200,1.0000,iia-attributable-single-cell-errors
F248-1920-1947,rapeseed,ha,1938,iia;juan,serbia;yugoslav sfr,,1.8e+04,1.8e+04,1.0000,iia-attributable-single-cell-errors
F248-1920-1947,rapeseed,tonnes,1938,iia;juan,serbia;yugoslav sfr,,9000,9000,1.0000,iia-attributable-single-cell-errors
F248-1920-1947,rapeseed,ha,1939,iia;juan,serbia;yugoslav sfr,,1.4e+04,1.4e+04,1.0000,iia-attributable-single-cell-errors
F248-1920-1947,rapeseed,tonnes,1939,iia;juan,serbia;yugoslav sfr,,7800,7800,1.0000,iia-attributable-single-cell-errors
F248-1920-1947,rapeseed,tonnes,1940,iia;juan,serbia;yugoslav sfr,,2900,2900,1.0000,iia-attributable-single-cell-errors
F248-1920-1947,rapeseed,tonnes,1941,iia;juan,serbia;yugoslav sfr,,3600,3600,1.0000,iia-attributable-single-cell-errors
F248-1920-1947,rye,tonnes,1920,iia;juan,serbia;yugoslav sfr,,1.547e+05,1.547e+05,1.0000,iia-attributable-single-cell-errors
F248-1920-1947,rye,tonnes,1921,iia;juan,serbia;yugoslav sfr,,1.466e+05,1.466e+05,1.0000,iia-attributable-single-cell-errors
F248-1920-1947,rye,ha,1923,iia;juan,serbia;yugoslav sfr,,1.871e+05,1.871e+05,1.0000,iia-attributable-single-cell-errors
F248-1920-1947,rye,tonnes,1923,iia;juan,serbia;yugoslav sfr,,1.5e+05,1.5e+05,1.0000,iia-attributable-single-cell-errors
F248-1920-1947,rye,ha,1924,iia;juan,serbia;yugoslav sfr,,1.953e+05,1.953e+05,1.0000,iia-attributable-single-cell-errors
F248-1920-1947,rye,tonnes,1924,iia;juan,serbia;yugoslav sfr,,1.408e+05,1.408e+05,1.0000,iia-attributable-single-cell-errors
F248-1920-1947,rye,tonnes,1925,iia;juan,serbia;yugoslav sfr,,1.998e+05,1.998e+05,1.0000,iia-attributable-single-cell-errors
F248-1920-1947,rye,ha,1930,iia;juan,serbia;yugoslav sfr,,2.469e+05,2.469e+05,1.0000,iia-attributable-single-cell-errors
F248-1920-1947,rye,tonnes,1930,iia;juan,serbia;yugoslav sfr,,1.988e+05,1.988e+05,1.0000,iia-attributable-single-cell-errors
F248-1920-1947,rye,tonnes,1931,iia;juan,serbia;yugoslav sfr,,1.934e+05,1.934e+05,1.0000,iia-attributable-single-cell-errors
F248-1920-1947,rye,tonnes,1932,iia;juan,serbia;yugoslav sfr,,2.115e+05,2.115e+05,1.0000,iia-attributable-single-cell-errors
F248-1920-1947,rye,ha,1934,iia;juan,serbia;yugoslav sfr,,2.48e+05,2.48e+05,1.0000,iia-attributable-single-cell-errors
F248-1920-1947,rye,tonnes,1934,iia;juan,serbia;yugoslav sfr,,1.953e+05,1.953e+05,1.0000,iia-attributable-single-cell-errors
F248-1920-1947,rye,ha,1935,iia;juan,serbia;yugoslav sfr,,2.52e+05,2.52e+05,1.0000,iia-attributable-single-cell-errors
F248-1920-1947,rye,tonnes,1935,iia;juan,serbia;yugoslav sfr,,1.961e+05,1.961e+05,1.0000,iia-attributable-single-cell-errors
F248-1920-1947,rye,ha,1936,iia;juan,serbia;yugoslav sfr,,2.54e+05,2.54e+05,1.0000,iia-attributable-single-cell-errors
F248-1920-1947,rye,tonnes,1936,iia;juan,serbia;yugoslav sfr,,2.033e+05,2.033e+05,1.0000,iia-attributable-single-cell-errors
F248-1920-1947,rye,ha,1937,iia;juan,serbia;yugoslav sfr,,2.54e+05,2.54e+05,1.0000,iia-attributable-single-cell-errors
F248-1920-1947,rye,tonnes,1937,iia;juan,serbia;yugoslav sfr,,2.094e+05,2.094e+05,1.0000,iia-attributable-single-cell-errors
F248-1920-1947,rye,ha,1938,iia;juan,serbia;yugoslav sfr,,2.54e+05,2.54e+05,1.0000,iia-attributable-single-cell-errors
F248-1920-1947,rye,tonnes,1938,iia;juan,serbia;yugoslav sfr,,2.271e+05,2.271e+05,1.0000,iia-attributable-single-cell-errors
F248-1920-1947,rye,ha,1939,iia;juan,serbia;yugoslav sfr,,2.58e+05,2.58e+05,1.0000,iia-attributable-single-cell-errors
F248-1920-1947,rye,tonnes,1939,iia;juan,serbia;yugoslav sfr,,2.435e+05,2.435e+05,1.0000,iia-attributable-single-cell-errors
F248-1920-1947,rye,ha,1940,iia;juan,serbia;yugoslav sfr,,2.55e+05,2.55e+05,1.0000,iia-attributable-single-cell-errors
F248-1920-1947,rye,tonnes,1940,iia;juan,serbia;yugoslav sfr,,2.111e+05,2.111e+05,1.0000,iia-attributable-single-cell-errors
F248-1920-1947,sesame seed,ha,1934,iia;juan,serbia;yugoslav sfr,,1000,1000,1.0000,
F248-1920-1947,sesame seed,tonnes,1934,iia;juan,serbia;yugoslav sfr,,200,200,1.0000,
F248-1920-1947,sesame seed,ha,1934-1938,fao1952;iia,serbia;yugoslavia,;crops:area,1000,1000,1.0000,
F248-1920-1947,sesame seed,tonnes,1934-1938,fao1952;iia,serbia;yugoslavia,;crops:production,300,300,1.0000,
F248-1920-1947,sesame seed,ha,1935,iia;juan,serbia;yugoslav sfr,,1000,1000,1.0000,
F248-1920-1947,sesame seed,tonnes,1935,iia;juan,serbia;yugoslav sfr,,200,200,1.0000,
F248-1920-1947,sesame seed,ha,1936,iia;juan,serbia;yugoslav sfr,,1000,1000,1.0000,
F248-1920-1947,sesame seed,tonnes,1936,iia;juan,serbia;yugoslav sfr,,300,300,1.0000,
F248-1920-1947,sesame seed,ha,1937,iia;juan,serbia;yugoslav sfr,,1000,1000,1.0000,
F248-1920-1947,sesame seed,tonnes,1937,iia;juan,serbia;yugoslav sfr,,400,400,1.0000,
F248-1920-1947,sesame seed,ha,1938,iia;juan,serbia;yugoslav sfr,,1000,1000,1.0000,
F248-1920-1947,sesame seed,tonnes,1938,iia;juan,serbia;yugoslav sfr,,500,500,1.0000,
F248-1920-1947,sesame seed,tonnes,1939,iia;juan,serbia;yugoslav sfr,,500,500,1.0000,
F248-1920-1947,soybeans,tonnes,1934,iia;juan,serbia;yugoslav sfr,,700,700,1.0000,
F248-1920-1947,soybeans,ha,1934-1938,fao1952;iia,serbia;yugoslavia,;crops:area,1000,1000,1.0000,
F248-1920-1947,soybeans,tonnes,1935,iia;juan,serbia;yugoslav sfr,,1000,1000,1.0000,
F248-1920-1947,soybeans,tonnes,1936,iia;juan,serbia;yugoslav sfr,,600,600,1.0000,
F248-1920-1947,soybeans,tonnes,1937,iia;juan,serbia;yugoslav sfr,,1500,1500,1.0000,
F248-1920-1947,soybeans,ha,1939,iia;juan,serbia;yugoslav sfr,,3000,3000,1.0000,
F248-1920-1947,soybeans,tonnes,1939,iia;juan,serbia;yugoslav sfr,,2800,2800,1.0000,
F248-1920-1947,soybeans,ha,1940,iia;juan,serbia;yugoslav sfr,,8000,8000,1.0000,
F248-1920-1947,soybeans,tonnes,1940,iia;juan,serbia;yugoslav sfr,,8000,8000,1.0000,
F248-1920-1947,soybeans,ha,1941,iia;juan,serbia;yugoslav sfr,,1.7e+04,1.7e+04,1.0000,
F248-1920-1947,sunflower seed,ha,1939,iia;juan,serbia;yugoslav sfr,,1.9e+04,1.9e+04,1.0000,iia-yugoslavia-sunflower-production-x10
F248-1920-1947,"tobacco, unmanufactured",tonnes,1920,iia;juan,serbia;yugoslav sfr,,7800,7800,1.0000,iia-corrupted-country-labels
F248-1920-1947,"tobacco, unmanufactured",tonnes,1921,iia;juan,serbia;yugoslav sfr,,9327,9327,1.0000,iia-corrupted-country-labels
F248-1920-1947,"tobacco, unmanufactured",tonnes,1933,iia;juan,serbia;yugoslav sfr,,8751,8751,1.0000,iia-corrupted-country-labels;iia-tobacco-implausible-magnitudes
F248-1920-1947,"tobacco, unmanufactured",ha,1934,iia;juan,serbia;yugoslav sfr,,7000,7000,1.0000,iia-corrupted-country-labels;iia-tobacco-implausible-magnitudes
F248-1920-1947,"tobacco, unmanufactured",ha,1935,iia;juan,serbia;yugoslav sfr,,1.2e+04,1.2e+04,1.0000,iia-corrupted-country-labels;iia-tobacco-implausible-magnitudes
F248-1920-1947,"tobacco, unmanufactured",ha,1936,iia;juan,serbia;yugoslav sfr,,1.8e+04,1.8e+04,1.0000,iia-corrupted-country-labels;iia-tobacco-implausible-magnitudes
F248-1920-1947,"tobacco, unmanufactured",ha,1937,iia;juan,serbia;yugoslav sfr,,2.1e+04,2.1e+04,1.0000,iia-corrupted-country-labels;iia-tobacco-implausible-magnitudes
F248-1920-1947,"tobacco, unmanufactured",ha,1938,iia;juan,serbia;yugoslav sfr,,1.6e+04,1.6e+04,1.0000,iia-corrupted-country-labels;iia-tobacco-implausible-magnitudes
F248-1920-1947,"tobacco, unmanufactured",ha,1939,iia;juan,serbia;yugoslav sfr,,1.8e+04,1.8e+04,1.0000,iia-corrupted-country-labels;iia-tobacco-implausible-magnitudes
F248-1920-1947,"tobacco, unmanufactured",ha,1945,iia;juan,serbia;yugoslav sfr,,1.4e+04,1.4e+04,1.0000,iia-corrupted-country-labels;iia-tobacco-implausible-magnitudes
F248-1947-1991,cotton lint,tonnes,1949,fao1952;juan,yugoslav sfr;yugoslavia,;crops:production,5000,5000,1.0000,
F248-1947-1991,cotton lint,tonnes,1950,fao1952;juan,yugoslav sfr;yugoslavia,;crops:production,2000,2000,1.0000,
F248-1947-1991,cotton lint,tonnes,1951,fao1952;juan,yugoslav sfr;yugoslavia,;crops:production,1000,1000,1.0000,
F248-1947-1991,goats,heads,1949,fao1952;juan,yugoslav sfr;yugoslavia,;livestock:livestock,1.32e+06,1.32e+06,1.0000,
F248-1947-1991,goats,heads,1950,fao1952;juan,yugoslav sfr;yugoslavia,;livestock:livestock,7.86e+05,7.86e+05,1.0000,
F248-1947-1991,goats,heads,1951,fao1952;juan,yugoslav sfr;yugoslavia,;livestock:livestock,7.28e+05,7.28e+05,1.0000,
F248-1947-1991,grapes,tonnes,1949,fao1952;juan,yugoslav sfr;yugoslavia,;crops:production,8.36e+05,8.36e+05,1.0000,
F248-1947-1991,grapes,ha,1950,fao1952;juan,yugoslav sfr;yugoslavia,;crops:area,2.34e+05,2.34e+05,1.0000,
F248-1947-1991,grapes,tonnes,1950,fao1952;juan,yugoslav sfr;yugoslavia,;crops:production,7.31e+05,7.31e+05,1.0000,
F248-1947-1991,grapes,ha,1951,fao1952;juan,yugoslav sfr;yugoslavia,;crops:area,2.35e+05,2.35e+05,1.0000,
F248-1947-1991,grapes,tonnes,1951,fao1952;juan,yugoslav sfr;yugoslavia,;crops:production,1.187e+06,1.187e+06,1.0000,
F248-1947-1991,hops,ha,1949,fao1952;juan,yugoslav sfr;yugoslavia,;crops:area,1400,1400,1.0000,
F248-1947-1991,hops,tonnes,1949,fao1952;juan,yugoslav sfr;yugoslavia,;crops:production,1300,1300,1.0000,
F248-1947-1991,hops,ha,1950,fao1952;juan,yugoslav sfr;yugoslavia,;crops:area,1200,1200,1.0000,
F248-1947-1991,hops,tonnes,1950,fao1952;juan,yugoslav sfr;yugoslavia,;crops:production,600,600,1.0000,
F248-1947-1991,hops,ha,1951,fao1952;juan,yugoslav sfr;yugoslavia,;crops:area,1900,1900,1.0000,
F248-1947-1991,hops,tonnes,1951,fao1952;juan,yugoslav sfr;yugoslavia,;crops:production,1300,1300,1.0000,
F248-1947-1991,lentils,ha,1949,fao1952;juan,yugoslav sfr;yugoslavia,;crops:area,2000,2000,1.0000,
F248-1947-1991,lentils,tonnes,1949,fao1952;juan,yugoslav sfr;yugoslavia,;crops:production,1000,1000,1.0000,
F248-1947-1991,lentils,ha,1950,fao1952;juan,yugoslav sfr;yugoslavia,;crops:area,1000,1000,1.0000,
F248-1947-1991,lentils,ha,1951,fao1952;juan,yugoslav sfr;yugoslavia,;crops:area,1000,1000,1.0000,
F248-1947-1991,linseed,tonnes,1949,fao1952;juan,yugoslav sfr;yugoslavia,;crops:production,2000,2000,1.0000,
F248-1947-1991,linseed,tonnes,1951,fao1952;juan,yugoslav sfr;yugoslavia,;crops:production,1000,1000,1.0000,
F248-1947-1991,oats,ha,1949,fao1952;juan,yugoslav sfr;yugoslavia,;crops:area,3.58e+05,3.58e+05,1.0000,
F248-1947-1991,oats,tonnes,1949,fao1952;juan,yugoslav sfr;yugoslavia,;crops:production,3.84e+05,3.84e+05,1.0000,
F248-1947-1991,oats,ha,1950,fao1952;juan,yugoslav sfr;yugoslavia,;crops:area,3.89e+05,3.89e+05,1.0000,
F248-1947-1991,oats,tonnes,1950,fao1952;juan,yugoslav sfr;yugoslavia,;crops:production,1.94e+05,1.94e+05,1.0000,
F248-1947-1991,oats,ha,1951,fao1952;juan,yugoslav sfr;yugoslavia,;crops:area,3.39e+05,3.39e+05,1.0000,
F248-1947-1991,oats,tonnes,1951,fao1952;juan,yugoslav sfr;yugoslavia,;crops:production,2.93e+05,2.93e+05,1.0000,
F248-1947-1991,olives,tonnes,1949,fao1952;juan,yugoslav sfr;yugoslavia,;crops:production,4.6e+04,4.6e+04,1.0000,
F248-1947-1991,olives,tonnes,1951,fao1952;juan,yugoslav sfr;yugoslavia,;crops:production,3e+04,3e+04,1.0000,
F248-1947-1991,rapeseed,ha,1949,fao1952;juan,yugoslav sfr;yugoslavia,;crops:area,8000,8000,1.0000,
F248-1947-1991,rapeseed,tonnes,1949,fao1952;juan,yugoslav sfr;yugoslavia,;crops:production,4000,4000,1.0000,
F248-1947-1991,rapeseed,ha,1950,fao1952;juan,yugoslav sfr;yugoslavia,;crops:area,9000,9000,1.0000,
F248-1947-1991,rapeseed,tonnes,1950,fao1952;juan,yugoslav sfr;yugoslavia,;crops:production,5000,5000,1.0000,
F248-1947-1991,rapeseed,ha,1951,fao1952;juan,yugoslav sfr;yugoslavia,;crops:area,1.6e+04,1.6e+04,1.0000,
F248-1947-1991,rapeseed,tonnes,1951,fao1952;juan,yugoslav sfr;yugoslavia,;crops:production,8000,8000,1.0000,
F248-1947-1991,rye,ha,1949,fao1952;juan,yugoslav sfr;yugoslavia,;crops:area,2.58e+05,2.58e+05,1.0000,
F248-1947-1991,rye,tonnes,1950,fao1952;juan,yugoslav sfr;yugoslavia,;crops:production,2.19e+05,2.19e+05,1.0000,
F248-1947-1991,rye,ha,1951,fao1952;juan,yugoslav sfr;yugoslavia,;crops:area,2.87e+05,2.87e+05,1.0000,
F248-1947-1991,rye,tonnes,1951,fao1952;juan,yugoslav sfr;yugoslavia,;crops:production,2.77e+05,2.77e+05,1.0000,
F248-1947-1991,sesame seed,ha,1949,fao1952;juan,yugoslav sfr;yugoslavia,;crops:area,2000,2000,1.0000,
F248-1947-1991,sesame seed,tonnes,1949,fao1952;juan,yugoslav sfr;yugoslavia,;crops:production,700,700,1.0000,
F248-1947-1991,sesame seed,ha,1951,fao1952;juan,yugoslav sfr;yugoslavia,;crops:area,1000,1000,1.0000,
F248-1947-1991,sesame seed,tonnes,1951,fao1952;juan,yugoslav sfr;yugoslavia,;crops:production,400,400,1.0000,
F248-1947-1991,sheep,heads,1949,fao1952;juan,yugoslav sfr;yugoslavia,;livestock:livestock,1.165e+07,1.165e+07,1.0000,
F248-1947-1991,sheep,heads,1950,fao1952;juan,yugoslav sfr;yugoslavia,;livestock:livestock,1.004e+07,1.004e+07,1.0000,
F248-1947-1991,sheep,heads,1951,fao1952;juan,yugoslav sfr;yugoslavia,;livestock:livestock,1.027e+07,1.027e+07,1.0000,
F248-1947-1991,soybeans,ha,1949,fao1952;juan,yugoslav sfr;yugoslavia,;crops:area,1.6e+04,1.6e+04,1.0000,
F248-1947-1991,soybeans,tonnes,1949,fao1952;juan,yugoslav sfr;yugoslavia,;crops:production,1e+04,1e+04,1.0000,
F248-1947-1991,soybeans,ha,1950,fao1952;juan,yugoslav sfr;yugoslavia,;crops:area,1.3e+04,1.3e+04,1.0000,
F248-1947-1991,soybeans,tonnes,1950,fao1952;juan,yugoslav sfr;yugoslavia,;crops:production,4000,4000,1.0000,
F248-1947-1991,soybeans,ha,1951,fao1952;juan,yugoslav sfr;yugoslavia,;crops:area,7000,7000,1.0000,
F248-1947-1991,soybeans,tonnes,1951,fao1952;juan,yugoslav sfr;yugoslavia,;crops:production,4000,4000,1.0000,
F51-1918-1938,"beans, dry",ha,1933,iia;juan,czech republic;czechoslovakia,,7000,7000,1.0000,
F51-1918-1938,"beans, dry",tonnes,1933,iia;juan,czech republic;czechoslovakia,,6600,6600,1.0000,
F51-1918-1938,flax fibre and tow,tonnes,1921,iia;juan,czech republic;czechoslovakia,,1.028e+04,1.028e+04,1.0000,iia-attributable-single-cell-errors;iia-flax-fibre-item-is-mostly-linseed
F51-1918-1938,flax fibre and tow,ha,1934,iia;juan,czech republic;czechoslovakia,,1e+04,1e+04,1.0000,iia-attributable-single-cell-errors;iia-flax-fibre-item-is-mostly-linseed
F51-1918-1938,flax fibre and tow,ha,1935,iia;juan,czech republic;czechoslovakia,,1.3e+04,1.3e+04,1.0000,iia-attributable-single-cell-errors;iia-flax-fibre-item-is-mostly-linseed
F51-1918-1938,flax fibre and tow,ha,1936,iia;juan,czech republic;czechoslovakia,,1.6e+04,1.6e+04,1.0000,iia-attributable-single-cell-errors;iia-flax-fibre-item-is-mostly-linseed
F51-1918-1938,flax fibre and tow,ha,1937,iia;juan,czech republic;czechoslovakia,,1.9e+04,1.9e+04,1.0000,iia-attributable-single-cell-errors;iia-flax-fibre-item-is-mostly-linseed
F51-1918-1938,grapes,tonnes,1930,iia;juan,czech republic;czechoslovakia,,7.324e+04,7.324e+04,1.0000,iia-item-series-switch-raw-products
F51-1918-1938,grapes,tonnes,1931,iia;juan,czech republic;czechoslovakia,,7.08e+04,7.08e+04,1.0000,iia-item-series-switch-raw-products
F51-1918-1938,grapes,ha,1934,iia;juan,czech republic;czechoslovakia,,2.1e+04,2.1e+04,1.0000,iia-item-series-switch-raw-products
F51-1918-1938,grapes,ha,1935,iia;juan,czech republic;czechoslovakia,,2.4e+04,2.4e+04,1.0000,iia-item-series-switch-raw-products
F51-1918-1938,grapes,ha,1936,iia;juan,czech republic;czechoslovakia,,2.5e+04,2.5e+04,1.0000,iia-item-series-switch-raw-products
F51-1918-1938,grapes,ha,1937,iia;juan,czech republic;czechoslovakia,,2.6e+04,2.6e+04,1.0000,iia-item-series-switch-raw-products
F51-1918-1938,hempseed,ha,1934,iia;juan,czech republic;czechoslovakia,,7000,7000,1.0000,
F51-1918-1938,hempseed,tonnes,1934,iia;juan,czech republic;czechoslovakia,,4100,4100,1.0000,
F51-1918-1938,hempseed,ha,1935,iia;juan,czech republic;czechoslovakia,,7000,7000,1.0000,
F51-1918-1938,hempseed,tonnes,1935,iia;juan,czech republic;czechoslovakia,,3900,3900,1.0000,
F51-1918-1938,hempseed,tonnes,1936,iia;juan,czech republic;czechoslovakia,,3800,3800,1.0000,
F51-1918-1938,hempseed,tonnes,1937,iia;juan,czech republic;czechoslovakia,,3400,3400,1.0000,
F51-1918-1938,hops,tonnes,1933,iia;juan,czech republic;czechoslovakia,,6268,6268,1.0000,
F51-1918-1938,rapeseed,tonnes,1920,iia;juan,czech republic;czechoslovakia,,7204,7204,1.0000,iia-attributable-single-cell-errors
F51-1918-1938,rapeseed,ha,1934,iia;juan,czech republic;czechoslovakia,,1000,1000,1.0000,iia-attributable-single-cell-errors
F51-1918-1938,rapeseed,tonnes,1934,iia;juan,czech republic;czechoslovakia,,1500,1500,1.0000,iia-attributable-single-cell-errors
F51-1918-1938,rapeseed,ha,1935,iia;juan,czech republic;czechoslovakia,,4000,4000,1.0000,iia-attributable-single-cell-errors
F51-1918-1938,rapeseed,tonnes,1935,iia;juan,czech republic;czechoslovakia,,4800,4800,1.0000,iia-attributable-single-cell-errors
F51-1918-1938,rapeseed,ha,1936,iia;juan,czech republic;czechoslovakia,,5000,5000,1.0000,iia-attributable-single-cell-errors
F51-1918-1938,rapeseed,tonnes,1936,iia;juan,czech republic;czechoslovakia,,7400,7400,1.0000,iia-attributable-single-cell-errors
F51-1918-1938,rapeseed,ha,1937,iia;juan,czech republic;czechoslovakia,,6000,6000,1.0000,iia-attributable-single-cell-errors
F51-1918-1938,rapeseed,tonnes,1937,iia;juan,czech republic;czechoslovakia,,8900,8900,1.0000,iia-attributable-single-cell-errors
F51-1918-1938,rye,tonnes,1919,iia;juan,czech republic;czechoslovakia,,8.315e+05,8.315e+05,1.0000,
F51-1918-1938,rye,ha,1920,iia;juan,czech republic;czechoslovakia,,8.998e+05,8.998e+05,1.0000,iia-attributable-single-cell-errors
F51-1918-1938,rye,tonnes,1920,iia;juan,czech republic;czechoslovakia,,8.368e+05,8.368e+05,1.0000,iia-attributable-single-cell-errors
F51-1918-1938,rye,ha,1921,iia;juan,czech republic;czechoslovakia,,8.835e+05,8.835e+05,1.0000,iia-attributable-single-cell-errors
F51-1918-1938,rye,tonnes,1921,iia;juan,czech republic;czechoslovakia,,1.381e+06,1.381e+06,1.0000,iia-attributable-single-cell-errors
F51-1918-1938,rye,ha,1922,iia;juan,czech republic;czechoslovakia,,8.797e+05,8.797e+05,1.0000,iia-attributable-single-cell-errors
F51-1918-1938,rye,tonnes,1922,iia;juan,czech republic;czechoslovakia,,1.298e+06,1.298e+06,1.0000,iia-attributable-single-cell-errors
F51-1918-1938,rye,ha,1923,iia;juan,czech republic;czechoslovakia,,8.593e+05,8.593e+05,1.0000,iia-attributable-single-cell-errors
F51-1918-1938,rye,tonnes,1923,iia;juan,czech republic;czechoslovakia,,1.355e+06,1.355e+06,1.0000,iia-attributable-single-cell-errors
F51-1918-1938,rye,ha,1924,iia;juan,czech republic;czechoslovakia,,8.375e+05,8.375e+05,1.0000,iia-attributable-single-cell-errors
F51-1918-1938,rye,tonnes,1924,iia;juan,czech republic;czechoslovakia,,1.136e+06,1.136e+06,1.0000,iia-attributable-single-cell-errors
F51-1918-1938,rye,ha,1925,iia;juan,czech republic;czechoslovakia,,8.46e+05,8.46e+05,1.0000,iia-attributable-single-cell-errors
F51-1918-1938,rye,ha,1930,iia;juan,czech republic;czechoslovakia,,1.046e+06,1.046e+06,1.0000,iia-attributable-single-cell-errors
F51-1918-1938,rye,tonnes,1930,iia;juan,czech republic;czechoslovakia,,1.788e+06,1.788e+06,1.0000,iia-attributable-single-cell-errors
F51-1918-1938,rye,ha,1931,iia;juan,czech republic;czechoslovakia,,9.996e+05,9.996e+05,1.0000,iia-attributable-single-cell-errors
F51-1918-1938,rye,tonnes,1931,iia;juan,czech republic;czechoslovakia,,1.388e+06,1.388e+06,1.0000,iia-attributable-single-cell-errors
F51-1918-1938,rye,ha,1932,iia;juan,czech republic;czechoslovakia,,1.04e+06,1.04e+06,1.0000,iia-attributable-single-cell-errors
F51-1918-1938,rye,tonnes,1932,iia;juan,czech republic;czechoslovakia,,2.176e+06,2.176e+06,1.0000,iia-attributable-single-cell-errors
F51-1918-1938,rye,tonnes,1933,iia;juan,czech republic;czechoslovakia,,2.086e+06,2.086e+06,1.0000,iia-attributable-single-cell-errors
F51-1918-1938,rye,ha,1934,iia;juan,czech republic;czechoslovakia,,9.88e+05,9.88e+05,1.0000,iia-attributable-single-cell-errors
F51-1918-1938,rye,tonnes,1934,iia;juan,czech republic;czechoslovakia,,1.523e+06,1.523e+06,1.0000,iia-attributable-single-cell-errors
F51-1918-1938,rye,ha,1935,iia;juan,czech republic;czechoslovakia,,1.009e+06,1.009e+06,1.0000,iia-attributable-single-cell-errors
F51-1918-1938,rye,tonnes,1935,iia;juan,czech republic;czechoslovakia,,1.638e+06,1.638e+06,1.0000,iia-attributable-single-cell-errors
F51-1918-1938,rye,ha,1936,iia;juan,czech republic;czechoslovakia,,1.009e+06,1.009e+06,1.0000,iia-attributable-single-cell-errors
F51-1918-1938,rye,tonnes,1936,iia;juan,czech republic;czechoslovakia,,1.436e+06,1.436e+06,1.0000,iia-attributable-single-cell-errors
F51-1918-1938,rye,ha,1937,iia;juan,czech republic;czechoslovakia,,9.67e+05,9.67e+05,1.0000,iia-attributable-single-cell-errors
F51-1918-1938,rye,tonnes,1937,iia;juan,czech republic;czechoslovakia,,1.485e+06,1.485e+06,1.0000,iia-attributable-single-cell-errors
F51-1918-1938,soybeans,tonnes,1934,iia;juan,czech republic;czechoslovakia,,600,600,1.0000,
F51-1918-1938,soybeans,tonnes,1935,iia;juan,czech republic;czechoslovakia,,900,900,1.0000,
F51-1918-1938,soybeans,tonnes,1936,iia;juan,czech republic;czechoslovakia,,900,900,1.0000,
F51-1918-1938,soybeans,tonnes,1937,iia;juan,czech republic;czechoslovakia,,1000,1000,1.0000,
F51-1918-1938,"tobacco, unmanufactured",tonnes,1920,iia;juan,czech republic;czechoslovakia,,1766,1766,1.0000,iia-corrupted-country-labels
F51-1918-1938,"tobacco, unmanufactured",tonnes,1921,iia;juan,czech republic;czechoslovakia,,1289,1289,1.0000,iia-corrupted-country-labels
F51-1918-1938,"tobacco, unmanufactured",ha,1925,iia;juan,czech republic;czechoslovakia,,5400,5400,1.0000,iia-corrupted-country-labels
F51-1918-1938,"tobacco, unmanufactured",tonnes,1933,iia;juan,czech republic;czechoslovakia,,1.178e+04,1.178e+04,1.0000,iia-corrupted-country-labels;iia-tobacco-implausible-magnitudes
F51-1918-1938,"tobacco, unmanufactured",ha,1934,iia;juan,czech republic;czechoslovakia,,1e+04,1e+04,1.0000,iia-corrupted-country-labels;iia-tobacco-implausible-magnitudes
F51-1918-1938,"tobacco, unmanufactured",ha,1935,iia;juan,czech republic;czechoslovakia,,1e+04,1e+04,1.0000,iia-corrupted-country-labels;iia-tobacco-implausible-magnitudes
F51-1918-1938,"tobacco, unmanufactured",ha,1936,iia;juan,czech republic;czechoslovakia,,1e+04,1e+04,1.0000,iia-corrupted-country-labels;iia-tobacco-implausible-magnitudes
F51-1918-1938,"tobacco, unmanufactured",ha,1937,iia;juan,czech republic;czechoslovakia,,1e+04,1e+04,1.0000,iia-corrupted-country-labels;iia-tobacco-implausible-magnitudes
F51-1938-1945,flax fibre and tow,ha,1938,iia;juan,czech republic;czechoslovakia,,1.6e+04,1.6e+04,1.0000,iia-attributable-single-cell-errors;iia-flax-fibre-item-is-mostly-linseed
F51-1938-1945,flax fibre and tow,ha,1939,iia;juan,czech republic;czechoslovakia,,2e+04,2e+04,1.0000,iia-attributable-single-cell-errors;iia-flax-fibre-item-is-mostly-linseed
F51-1938-1945,flax fibre and tow,ha,1940,iia;juan,czech republic;czechoslovakia,,4.6e+04,4.6e+04,1.0000,iia-attributable-single-cell-errors;iia-flax-fibre-item-is-mostly-linseed
F51-1938-1945,flax fibre and tow,ha,1941,iia;juan,czech republic;czechoslovakia,,4.7e+04,4.7e+04,1.0000,iia-attributable-single-cell-errors;iia-flax-fibre-item-is-mostly-linseed
F51-1938-1945,flax fibre and tow,ha,1943,iia;juan,czech republic;czechoslovakia,,3.3e+04,3.3e+04,1.0000,iia-attributable-single-cell-errors;iia-flax-fibre-item-is-mostly-linseed
F51-1938-1945,flax fibre and tow,ha,1944,iia;juan,czech republic;czechoslovakia,,3.4e+04,3.4e+04,1.0000,iia-attributable-single-cell-errors;iia-flax-fibre-item-is-mostly-linseed
F51-1938-1945,grapes,ha,1938,iia;juan,czech republic;czechoslovakia,,2.7e+04,2.7e+04,1.0000,iia-item-series-switch-raw-products
F51-1938-1945,grapes,ha,1940,iia;juan,czech republic;czechoslovakia,,1.6e+04,1.6e+04,1.0000,iia-item-series-switch-raw-products
F51-1938-1945,grapes,ha,1943,iia;juan,czech republic;czechoslovakia,,1.6e+04,1.6e+04,1.0000,iia-item-series-switch-raw-products
F51-1938-1945,grapes,ha,1944,iia;juan,czech republic;czechoslovakia,,1.6e+04,1.6e+04,1.0000,iia-item-series-switch-raw-products
F51-1938-1945,hemp tow waste,ha,1939,iia;juan,czech republic;czechoslovakia,,5000,5000,1.0000,
F51-1938-1945,hemp tow waste,tonnes,1939,iia;juan,czech republic;czechoslovakia,,3500,3500,1.0000,
F51-1938-1945,hemp tow waste,ha,1940,iia;juan,czech republic;czechoslovakia,,5000,5000,1.0000,
F51-1938-1945,hemp tow waste,tonnes,1940,iia;juan,czech republic;czechoslovakia,,3800,3800,1.0000,
F51-1938-1945,hemp tow waste,ha,1941,iia;juan,czech republic;czechoslovakia,,5000,5000,1.0000,
F51-1938-1945,hemp tow waste,tonnes,1941,iia;juan,czech republic;czechoslovakia,,4100,4100,1.0000,
F51-1938-1945,hemp tow waste,ha,1942,iia;juan,czech republic;czechoslovakia,,5000,5000,1.0000,
F51-1938-1945,hemp tow waste,tonnes,1942,iia;juan,czech republic;czechoslovakia,,3500,3500,1.0000,
F51-1938-1945,hemp tow waste,ha,1943,iia;juan,czech republic;czechoslovakia,,5000,5000,1.0000,
F51-1938-1945,hemp tow waste,tonnes,1943,iia;juan,czech republic;czechoslovakia,,4900,4900,1.0000,
F51-1938-1945,hemp tow waste,ha,1944,iia;juan,czech republic;czechoslovakia,,5000,5000,1.0000,
F51-1938-1945,hemp tow waste,tonnes,1944,iia;juan,czech republic;czechoslovakia,,5000,5000,1.0000,
F51-1938-1945,hempseed,ha,1939,iia;juan,czech republic;czechoslovakia,,5000,5000,1.0000,
F51-1938-1945,hempseed,tonnes,1939,iia;juan,czech republic;czechoslovakia,,2600,2600,1.0000,
F51-1938-1945,hempseed,ha,1940,iia;juan,czech republic;czechoslovakia,,5000,5000,1.0000,
F51-1938-1945,hempseed,tonnes,1940,iia;juan,czech republic;czechoslovakia,,2400,2400,1.0000,
F51-1938-1945,hempseed,ha,1941,iia;juan,czech republic;czechoslovakia,,5000,5000,1.0000,
F51-1938-1945,hempseed,tonnes,1941,iia;juan,czech republic;czechoslovakia,,2700,2700,1.0000,
F51-1938-1945,hempseed,ha,1942,iia;juan,czech republic;czechoslovakia,,5000,5000,1.0000,
F51-1938-1945,hempseed,tonnes,1942,iia;juan,czech republic;czechoslovakia,,2500,2500,1.0000,
F51-1938-1945,hempseed,ha,1943,iia;juan,czech republic;czechoslovakia,,5000,5000,1.0000,
F51-1938-1945,hempseed,tonnes,1943,iia;juan,czech republic;czechoslovakia,,2300,2300,1.0000,
F51-1938-1945,hempseed,ha,1944,iia;juan,czech republic;czechoslovakia,,5000,5000,1.0000,
F51-1938-1945,hempseed,tonnes,1944,iia;juan,czech republic;czechoslovakia,,2300,2300,1.0000,
F51-1938-1945,hops,ha,1939,iia;juan,czech republic;czechoslovakia,,1.05e+04,1.05e+04,1.0000,iia-hops-x100
F51-1938-1945,hops,ha,1940,iia;juan,czech republic;czechoslovakia,,8900,8900,1.0000,iia-hops-x100
F51-1938-1945,hops,ha,1941,iia;juan,czech republic;czechoslovakia,,7500,7500,1.0000,iia-hops-x100
F51-1938-1945,hops,ha,1942,iia;juan,czech republic;czechoslovakia,,7300,7300,1.0000,iia-hops-x100
F51-1938-1945,hops,ha,1943,iia;juan,czech republic;czechoslovakia,,6300,6300,1.0000,iia-hops-x100
F51-1938-1945,hops,ha,1944,iia;juan,czech republic;czechoslovakia,,7000,7000,1.0000,iia-hops-x100
F51-1938-1945,oats,ha,1939,iia;juan,czech republic;czechoslovakia,,7.06e+05,7.06e+05,1.0000,
F51-1938-1945,oats,tonnes,1939,iia;juan,czech republic;czechoslovakia,,1.265e+06,1.265e+06,1.0000,
F51-1938-1945,oats,ha,1940,iia;juan,czech republic;czechoslovakia,,7.99e+05,7.99e+05,1.0000,
F51-1938-1945,oats,tonnes,1940,iia;juan,czech republic;czechoslovakia,,1.277e+06,1.277e+06,1.0000,
F51-1938-1945,oats,ha,1941,iia;juan,czech republic;czechoslovakia,,6.55e+05,6.55e+05,1.0000,
F51-1938-1945,oats,tonnes,1941,iia;juan,czech republic;czechoslovakia,,8.443e+05,8.443e+05,1.0000,
F51-1938-1945,oats,ha,1942,iia;juan,czech republic;czechoslovakia,,6.36e+05,6.36e+05,1.0000,
F51-1938-1945,oats,tonnes,1942,iia;juan,czech republic;czechoslovakia,,9.863e+05,9.863e+05,1.0000,
F51-1938-1945,oats,ha,1943,iia;juan,czech republic;czechoslovakia,,6.02e+05,6.02e+05,1.0000,
F51-1938-1945,oats,tonnes,1943,iia;juan,czech republic;czechoslovakia,,9.65e+05,9.65e+05,1.0000,
F51-1938-1945,oats,ha,1944,iia;juan,czech republic;czechoslovakia,,5.72e+05,5.72e+05,1.0000,
F51-1938-1945,oats,tonnes,1944,iia;juan,czech republic;czechoslovakia,,7.44e+05,7.44e+05,1.0000,
F51-1938-1945,rapeseed,ha,1938,iia;juan,czech republic;czechoslovakia,,9000,9000,1.0000,iia-attributable-single-cell-errors
F51-1938-1945,rapeseed,tonnes,1938,iia;juan,czech republic;czechoslovakia,,1.32e+04,1.32e+04,1.0000,iia-attributable-single-cell-errors
F51-1938-1945,rapeseed,ha,1939,iia;juan,czech republic;czechoslovakia,,5000,5000,1.0000,iia-attributable-single-cell-errors
F51-1938-1945,rapeseed,tonnes,1939,iia;juan,czech republic;czechoslovakia,,7200,7200,1.0000,iia-attributable-single-cell-errors
F51-1938-1945,rapeseed,ha,1940,iia;juan,czech republic;czechoslovakia,,3000,3000,1.0000,iia-attributable-single-cell-errors
F51-1938-1945,rapeseed,tonnes,1940,iia;juan,czech republic;czechoslovakia,,3700,3700,1.0000,iia-attributable-single-cell-errors
F51-1938-1945,rapeseed,ha,1941,iia;juan,czech republic;czechoslovakia,,1.6e+04,1.6e+04,1.0000,iia-attributable-single-cell-errors
F51-1938-1945,rapeseed,tonnes,1941,iia;juan,czech republic;czechoslovakia,,2.01e+04,2.01e+04,1.0000,iia-attributable-single-cell-errors
F51-1938-1945,rapeseed,ha,1942,iia;juan,czech republic;czechoslovakia,,1.5e+04,1.5e+04,1.0000,iia-attributable-single-cell-errors
F51-1938-1945,rapeseed,tonnes,1942,iia;juan,czech republic;czechoslovakia,,1.85e+04,1.85e+04,1.0000,iia-attributable-single-cell-errors
F51-1938-1945,rapeseed,ha,1943,iia;juan,czech republic;czechoslovakia,,3.6e+04,3.6e+04,1.0000,iia-attributable-single-cell-errors
F51-1938-1945,rapeseed,tonnes,1943,iia;juan,czech republic;czechoslovakia,,3.72e+04,3.72e+04,1.0000,iia-attributable-single-cell-errors
F51-1938-1945,rapeseed,ha,1944,iia;juan,czech republic;czechoslovakia,,6.1e+04,6.1e+04,1.0000,iia-attributable-single-cell-errors
F51-1938-1945,rapeseed,tonnes,1944,iia;juan,czech republic;czechoslovakia,,7.28e+04,7.28e+04,1.0000,iia-attributable-single-cell-errors
F51-1938-1945,rye,ha,1938,iia;juan,czech republic;czechoslovakia,,1.016e+06,1.016e+06,1.0000,iia-attributable-single-cell-errors
F51-1938-1945,rye,tonnes,1938,iia;juan,czech republic;czechoslovakia,,1.906e+06,1.906e+06,1.0000,iia-attributable-single-cell-errors
F51-1938-1945,rye,tonnes,1940,iia;juan,czech republic;czechoslovakia,,8.67e+05,8.67e+05,1.0000,iia-attributable-single-cell-errors
F51-1938-1945,rye,ha,1942,iia;juan,czech republic;czechoslovakia,,8.61e+05,8.61e+05,1.0000,iia-attributable-single-cell-errors
F51-1938-1945,rye,ha,1944,iia;juan,czech republic;czechoslovakia,,9.15e+05,9.15e+05,1.0000,iia-attributable-single-cell-errors
F51-1938-1945,soybeans,ha,1939,iia;juan,czech republic;czechoslovakia,,1000,1000,1.0000,
F51-1938-1945,soybeans,tonnes,1939,iia;juan,czech republic;czechoslovakia,,900,900,1.0000,
F51-1938-1945,soybeans,ha,1940,iia;juan,czech republic;czechoslovakia,,1000,1000,1.0000,
F51-1938-1945,soybeans,tonnes,1940,iia;juan,czech republic;czechoslovakia,,1100,1100,1.0000,
F51-1938-1945,soybeans,ha,1941,iia;juan,czech republic;czechoslovakia,,1000,1000,1.0000,
F51-1938-1945,soybeans,tonnes,1941,iia;juan,czech republic;czechoslovakia,,1000,1000,1.0000,
F51-1938-1945,soybeans,ha,1942,iia;juan,czech republic;czechoslovakia,,1000,1000,1.0000,
F51-1938-1945,soybeans,tonnes,1942,iia;juan,czech republic;czechoslovakia,,1200,1200,1.0000,
F51-1938-1945,soybeans,ha,1943,iia;juan,czech republic;czechoslovakia,,1000,1000,1.0000,
F51-1938-1945,soybeans,tonnes,1943,iia;juan,czech republic;czechoslovakia,,600,600,1.0000,
F51-1938-1945,soybeans,ha,1944,iia;juan,czech republic;czechoslovakia,,1000,1000,1.0000,
F51-1938-1945,soybeans,tonnes,1944,iia;juan,czech republic;czechoslovakia,,600,600,1.0000,
F51-1938-1945,"tobacco, unmanufactured",ha,1938,iia;juan,czech republic;czechoslovakia,,9000,9000,1.0000,iia-corrupted-country-labels;iia-tobacco-implausible-magnitudes
F51-1938-1945,"tobacco, unmanufactured",ha,1939,iia;juan,czech republic;czechoslovakia,,6000,6000,1.0000,iia-corrupted-country-labels;iia-tobacco-implausible-magnitudes
F51-1938-1945,"tobacco, unmanufactured",ha,1940,iia;juan,czech republic;czechoslovakia,,6000,6000,1.0000,iia-corrupted-country-labels;iia-tobacco-implausible-magnitudes
F51-1938-1945,"tobacco, unmanufactured",ha,1941,iia;juan,czech republic;czechoslovakia,,5000,5000,1.0000,iia-corrupted-country-labels;iia-tobacco-implausible-magnitudes
F51-1938-1945,"tobacco, unmanufactured",ha,1942,iia;juan,czech republic;czechoslovakia,,5000,5000,1.0000,iia-corrupted-country-labels;iia-tobacco-implausible-magnitudes
F51-1938-1945,"tobacco, unmanufactured",ha,1943,iia;juan,czech republic;czechoslovakia,,2000,2000,1.0000,iia-corrupted-country-labels;iia-tobacco-implausible-magnitudes
F51-1938-1945,"tobacco, unmanufactured",ha,1944,iia;juan,czech republic;czechoslovakia,,3000,3000,1.0000,iia-corrupted-country-labels;iia-tobacco-implausible-magnitudes
F51-1945-1947,flax fibre and tow,ha,1945,iia;juan,czech republic;czechoslovakia,,1.9e+04,1.9e+04,1.0000,iia-attributable-single-cell-errors;iia-flax-fibre-item-is-mostly-linseed
F51-1945-1947,grapes,ha,1945,iia;juan,czech republic;czechoslovakia,,1.6e+04,1.6e+04,1.0000,iia-item-series-switch-raw-products
F51-1945-1947,hemp tow waste,ha,1945,iia;juan,czech republic;czechoslovakia,,6000,6000,1.0000,
F51-1945-1947,hemp tow waste,tonnes,1945,iia;juan,czech republic;czechoslovakia,,2300,2300,1.0000,
F51-1945-1947,hempseed,ha,1945,iia;juan,czech republic;czechoslovakia,,6000,6000,1.0000,
F51-1945-1947,hempseed,tonnes,1945,iia;juan,czech republic;czechoslovakia,,1900,1900,1.0000,
F51-1945-1947,hops,ha,1945,iia;juan,czech republic;czechoslovakia,,8300,8300,1.0000,iia-hops-x100
F51-1945-1947,oats,ha,1945,iia;juan,czech republic;czechoslovakia,,5.99e+05,5.99e+05,1.0000,
F51-1945-1947,oats,tonnes,1945,iia;juan,czech republic;czechoslovakia,,7.242e+05,7.242e+05,1.0000,
F51-1945-1947,rapeseed,ha,1945,iia;juan,czech republic;czechoslovakia,,3.3e+04,3.3e+04,1.0000,iia-attributable-single-cell-errors
F51-1945-1947,rapeseed,tonnes,1945,iia;juan,czech republic;czechoslovakia,,2.48e+04,2.48e+04,1.0000,iia-attributable-single-cell-errors
F51-1945-1947,soybeans,ha,1945,iia;juan,czech republic;czechoslovakia,,1000,1000,1.0000,
F51-1945-1947,soybeans,tonnes,1945,iia;juan,czech republic;czechoslovakia,,600,600,1.0000,
F51-1947-1993,goats,heads,1949,fao1952;juan,czechoslovakia,;livestock:livestock,9.82e+05,9.82e+05,1.0000,
F51-1947-1993,grapes,ha,1949,fao1952;juan,czechoslovakia,;crops:area,1.9e+04,1.9e+04,1.0000,
F51-1947-1993,grapes,tonnes,1949,fao1952;juan,czechoslovakia,;crops:production,5.5e+04,5.5e+04,1.0000,
F51-1947-1993,grapes,tonnes,1950,fao1952;juan,czechoslovakia,;crops:production,6e+04,6e+04,1.0000,
F51-1947-1993,grapes,tonnes,1951,fao1952;juan,czechoslovakia,;crops:production,6.6e+04,6.6e+04,1.0000,
F51-1947-1993,hops,ha,1949,fao1952;juan,czechoslovakia,;crops:area,7900,7900,1.0000,
F51-1947-1993,hops,tonnes,1949,fao1952;juan,czechoslovakia,;crops:production,4400,4400,1.0000,
F51-1947-1993,hops,tonnes,1950,fao1952;juan,czechoslovakia,;crops:production,4500,4500,1.0000,
F51-1947-1993,hops,tonnes,1951,fao1952;juan,czechoslovakia,;crops:production,6200,6200,1.0000,
F51-1947-1993,lentils,tonnes,1950,fao1952;juan,czechoslovakia,;crops:production,1000,1000,1.0000,
F51-1947-1993,lentils,ha,1951,fao1952;juan,czechoslovakia,;crops:area,1000,1000,1.0000,
F51-1947-1993,lentils,tonnes,1951,fao1952;juan,czechoslovakia,;crops:production,1000,1000,1.0000,
F51-1947-1993,linseed,ha,1949,fao1952;juan,czechoslovakia,;crops:area,2.8e+04,2.8e+04,1.0000,
F51-1947-1993,linseed,tonnes,1949,fao1952;juan,czechoslovakia,;crops:production,1.1e+04,1.1e+04,1.0000,
F51-1947-1993,oats,ha,1949,fao1952;juan,czechoslovakia,;crops:area,6.29e+05,6.29e+05,1.0000,
F51-1947-1993,oats,tonnes,1949,fao1952;juan,czechoslovakia,;crops:production,1.107e+06,1.107e+06,1.0000,
F51-1947-1993,oats,tonnes,1950,fao1952;juan,czechoslovakia,;crops:production,9e+05,9e+05,1.0000,
F51-1947-1993,oats,tonnes,1951,fao1952;juan,czechoslovakia,;crops:production,9.5e+05,9.5e+05,1.0000,
F51-1947-1993,rye,ha,1949,fao1952;juan,czechoslovakia,;crops:area,7.08e+05,7.08e+05,1.0000,
F51-1947-1993,rye,tonnes,1949,fao1952;juan,czechoslovakia,;crops:production,1.339e+06,1.339e+06,1.0000,
F51-1947-1993,rye,ha,1950,fao1952;juan,czechoslovakia,;crops:area,7.2e+05,7.2e+05,1.0000,
F51-1947-1993,rye,tonnes,1950,fao1952;juan,czechoslovakia,;crops:production,1.14e+06,1.14e+06,1.0000,
FCM-1920-1960,cattle,heads,1950,fao1952;mitchell,cameroon;french cameroons,livestock:livestock;page_37_table_1,1.2e+06,1.2e+06,1.0000,
FCM-1920-1960,goats,heads,1951,fao1952;mitchell,cameroon;french cameroons,livestock:livestock;page_37_table_1,8e+05,8e+05,1.0000,
FIN-1944-2025,goats,heads,1949,fao1952;juan,finland,;livestock:livestock,6000,6000,1.0000,
FIN-1944-2025,goats,heads,1950,fao1952;juan,finland,;livestock:livestock,2000,2000,1.0000,
FIN-1944-2025,linseed,ha,1949,fao1952;juan,finland,;crops:area,5000,5000,1.0000,
FIN-1944-2025,linseed,tonnes,1949,fao1952;juan,finland,;crops:production,4000,4000,1.0000,
FIN-1944-2025,linseed,tonnes,1950,fao1952;juan,finland,;crops:production,3000,3000,1.0000,
FIN-1944-2025,linseed,tonnes,1951,fao1952;juan,finland,;crops:production,2000,2000,1.0000,
FIN-1944-2025,oats,ha,1949,fao1952;juan,finland,;crops:area,4.24e+05,4.24e+05,1.0000,
FIN-1944-2025,oats,tonnes,1949,fao1952;juan,finland,;crops:production,7.23e+05,7.23e+05,1.0000,
FIN-1944-2025,oats,tonnes,1950,fao1952;juan,finland,;crops:production,7e+05,7e+05,1.0000,
FIN-1944-2025,oats,ha,1951,fao1952;juan,finland,;crops:area,4.39e+05,4.39e+05,1.0000,
FIN-1944-2025,oats,tonnes,1951,fao1952;juan,finland,;crops:production,7.45e+05,7.45e+05,1.0000,
FIN-1944-2025,rye,ha,1949,fao1952;juan,finland,;crops:area,1.45e+05,1.45e+05,1.0000,
FIN-1944-2025,rye,tonnes,1949,fao1952;juan,finland,;crops:production,2.19e+05,2.19e+05,1.0000,
FIN-1944-2025,rye,tonnes,1950,fao1952;juan,finland,;crops:production,2.13e+05,2.13e+05,1.0000,
FIN-1944-2025,rye,ha,1951,fao1952;juan,finland,;crops:area,1.29e+05,1.29e+05,1.0000,
FIN-1944-2025,rye,tonnes,1951,fao1952;juan,finland,;crops:production,2.07e+05,2.07e+05,1.0000,
FIN-1944-2025,sheep,heads,1949,fao1952;juan,finland,;livestock:livestock,1.067e+06,1.067e+06,1.0000,
FIN-1944-2025,sheep,heads,1950,fao1952;juan,finland,;livestock:livestock,1.207e+06,1.207e+06,1.0000,
FIN-1944-2025,sheep,heads,1951,fao1952;juan,finland,;livestock:livestock,1.25e+06,1.25e+06,1.0000,
FRA-1919-2025,grapes,ha,1934-1938,fao1952;iia,france,;crops:area,1.62e+06,1.62e+06,1.0000,iia-item-series-switch-raw-products
FRA-1919-2025,grapes,ha,1949,fao1952;juan,france,;crops:area,1.463e+06,1.463e+06,1.0000,
FRA-1919-2025,grapes,tonnes,1949,fao1952;juan,france,;crops:production,8.07e+06,8.07e+06,1.0000,
FRA-1919-2025,grapes,tonnes,1950,fao1952;juan,france,;crops:production,6.09e+06,6.09e+06,1.0000,
FRA-1919-2025,grapes,ha,1951,fao1952;juan,france,;crops:area,1.572e+06,1.572e+06,1.0000,
FRA-1919-2025,grapes,tonnes,1951,fao1952;juan,france,;crops:production,9.35e+06,9.35e+06,1.0000,
FRA-1919-2025,hops,ha,1934-1938,fao1952;iia,france,;crops:area,1800,1800,1.0000,iia-hops-x100
FRA-1919-2025,hops,ha,1949,fao1952;juan,france,;crops:area,1100,1100,1.0000,
FRA-1919-2025,hops,tonnes,1949,fao1952;juan,france,;crops:production,1300,1300,1.0000,
FRA-1919-2025,hops,ha,1950,fao1952;juan,france,;crops:area,1200,1200,1.0000,
FRA-1919-2025,hops,tonnes,1950,fao1952;juan,france,;crops:production,1800,1800,1.0000,
FRA-1919-2025,hops,ha,1951,fao1952;juan,france,;crops:area,1500,1500,1.0000,
FRA-1919-2025,hops,tonnes,1951,fao1952;juan,france,;crops:production,2100,2100,1.0000,
FRA-1919-2025,lentils,ha,1949,fao1952;juan,france,;crops:area,1.6e+04,1.6e+04,1.0000,
FRA-1919-2025,lentils,tonnes,1949,fao1952;juan,france,;crops:production,8000,8000,1.0000,
FRA-1919-2025,lentils,ha,1950,fao1952;juan,france,;crops:area,1.1e+04,1.1e+04,1.0000,
FRA-1919-2025,lentils,tonnes,1950,fao1952;juan,france,;crops:production,7000,7000,1.0000,
FRA-1919-2025,lentils,ha,1951,fao1952;juan,france,;crops:area,1.1e+04,1.1e+04,1.0000,
FRA-1919-2025,lentils,tonnes,1951,fao1952;juan,france,;crops:production,7000,7000,1.0000,
FRA-1919-2025,linseed,ha,1949,fao1952;juan,france,;crops:area,3.8e+04,3.8e+04,1.0000,
FRA-1919-2025,linseed,ha,1950,fao1952;juan,france,;crops:area,3.9e+04,3.9e+04,1.0000,
FRA-1919-2025,linseed,tonnes,1950,fao1952;juan,france,;crops:production,1.4e+04,1.4e+04,1.0000,
FRA-1919-2025,oats,ha,1934-1938,fao1952;iia,france,;crops:area,3.278e+06,3.278e+06,1.0000,fao1952-hemp-germany-label-glued
FRA-1919-2025,oats,ha,1949,fao1952;juan,france,;crops:area,2.436e+06,2.436e+06,1.0000,
FRA-1919-2025,oats,tonnes,1949,fao1952;juan,france,;crops:production,3.225e+06,3.225e+06,1.0000,
FRA-1919-2025,oats,ha,1950,fao1952;juan,france,;crops:area,2.353e+06,2.353e+06,1.0000,
FRA-1919-2025,oats,tonnes,1950,fao1952;juan,france,;crops:production,3.305e+06,3.305e+06,1.0000,
FRA-1919-2025,oats,ha,1951,fao1952;juan,france,;crops:area,2.272e+06,2.272e+06,1.0000,
FRA-1919-2025,oats,tonnes,1951,fao1952;juan,france,;crops:production,3.689e+06,3.689e+06,1.0000,
FRA-1919-2025,olives,tonnes,1949,fao1952;juan,france,;crops:production,3.2e+04,3.2e+04,1.0000,
FRA-1919-2025,olives,tonnes,1951,fao1952;juan,france,;crops:production,4e+04,4e+04,1.0000,
FRA-1919-2025,rapeseed,ha,1934-1938,fao1952;iia,france,;crops:area,1.2e+04,1.2e+04,1.0000,
FRA-1919-2025,rapeseed,ha,1949,fao1952;juan,france,;crops:area,1.16e+05,1.16e+05,1.0000,
FRA-1919-2025,rapeseed,tonnes,1949,fao1952;juan,france,;crops:production,1.43e+05,1.43e+05,1.0000,
FRA-1919-2025,rapeseed,tonnes,1950,fao1952;juan,france,;crops:production,1.27e+05,1.27e+05,1.0000,
FRA-1919-2025,rapeseed,ha,1951,fao1952;juan,france,;crops:area,1.29e+05,1.29e+05,1.0000,
FRA-1919-2025,rapeseed,tonnes,1951,fao1952;juan,france,;crops:production,1.64e+05,1.64e+05,1.0000,
FRA-1919-2025,rye,ha,1949,fao1952;juan,france,;crops:area,5.22e+05,5.22e+05,1.0000,
FRA-1919-2025,rye,tonnes,1949,fao1952;juan,france,;crops:production,6.5e+05,6.5e+05,1.0000,
FRA-1919-2025,rye,ha,1950,fao1952;juan,france,;crops:area,5.04e+05,5.04e+05,1.0000,
FRA-1919-2025,rye,tonnes,1950,fao1952;juan,france,;crops:production,6.06e+05,6.06e+05,1.0000,
FRA-1919-2025,rye,ha,1951,fao1952;juan,france,;crops:area,4.61e+05,4.61e+05,1.0000,
FRA-1919-2025,rye,tonnes,1951,fao1952;juan,france,;crops:production,4.9e+05,4.9e+05,1.0000,
FRIN-1816-1954,sesame seed,ha,1934-1938,fao1952;iia,french india,;crops:area,1000,1000,1.0000,
FRIN-1816-1954,sesame seed,tonnes,1934-1938,fao1952;iia,french india,;crops:production,300,300,1.0000,
GBR-1921-2025,goats,heads,1950,fao1952;juan,united kingdom,;livestock:livestock,3.7e+04,3.7e+04,1.0000,layerb-nested-reporting-levels-one-polity
GBR-1921-2025,grapes,tonnes,1949,fao1952;juan,united kingdom,;crops:production,1000,1000,1.0000,layerb-nested-reporting-levels-one-polity
GBR-1921-2025,grapes,tonnes,1950,fao1952;juan,united kingdom,;crops:production,1000,1000,1.0000,layerb-nested-reporting-levels-one-polity
GBR-1921-2025,grapes,tonnes,1951,fao1952;juan,united kingdom,;crops:production,1000,1000,1.0000,layerb-nested-reporting-levels-one-polity
GBR-1921-2025,hops,ha,1934-1938,fao1952;iia,united kingdom,;crops:area,7400,7400,1.0000,iia-hops-x100;layerb-nested-reporting-levels-one-polity
GBR-1921-2025,hops,ha,1949,fao1952;juan,united kingdom,;crops:area,9000,9000,1.0000,layerb-nested-reporting-levels-one-polity
GBR-1921-2025,hops,tonnes,1949,fao1952;juan,united kingdom,;crops:production,1.3e+04,1.3e+04,1.0000,layerb-nested-reporting-levels-one-polity
GBR-1921-2025,hops,ha,1950,fao1952;juan,united kingdom,;crops:area,9000,9000,1.0000,layerb-nested-reporting-levels-one-polity
GBR-1921-2025,hops,tonnes,1950,fao1952;juan,united kingdom,;crops:production,1.8e+04,1.8e+04,1.0000,layerb-nested-reporting-levels-one-polity
GBR-1921-2025,hops,ha,1951,fao1952;juan,united kingdom,;crops:area,9000,9000,1.0000,layerb-nested-reporting-levels-one-polity
GBR-1921-2025,hops,tonnes,1951,fao1952;juan,united kingdom,;crops:production,1.6e+04,1.6e+04,1.0000,layerb-nested-reporting-levels-one-polity
GBR-1921-2025,linseed,tonnes,1949,fao1952;juan,united kingdom,;crops:production,2.3e+04,2.3e+04,1.0000,layerb-nested-reporting-levels-one-polity
GBR-1921-2025,linseed,tonnes,1950,fao1952;juan,united kingdom,;crops:production,1.5e+04,1.5e+04,1.0000,layerb-nested-reporting-levels-one-polity
GBR-1921-2025,linseed,tonnes,1951,fao1952;juan,united kingdom,;crops:production,1.2e+04,1.2e+04,1.0000,layerb-nested-reporting-levels-one-polity
GBR-1921-2025,oats,ha,1934-1938,fao1952;iia,united kingdom,;crops:area,9.89e+05,9.89e+05,1.0000,layerb-nested-reporting-levels-one-polity
GBR-1921-2025,oats,ha,1949,fao1952;juan,united kingdom,;crops:area,1.316e+06,1.316e+06,1.0000,layerb-nested-reporting-levels-one-polity
GBR-1921-2025,oats,tonnes,1949,fao1952;juan,united kingdom,;crops:production,3.043e+06,3.043e+06,1.0000,layerb-nested-reporting-levels-one-polity
GBR-1921-2025,oats,ha,1950,fao1952;juan,united kingdom,;crops:area,1.257e+06,1.257e+06,1.0000,layerb-nested-reporting-levels-one-polity
GBR-1921-2025,oats,tonnes,1950,fao1952;juan,united kingdom,;crops:production,2.735e+06,2.735e+06,1.0000,layerb-nested-reporting-levels-one-polity
GBR-1921-2025,oats,ha,1951,fao1952;juan,united kingdom,;crops:area,1.156e+06,1.156e+06,1.0000,layerb-nested-reporting-levels-one-polity
GBR-1921-2025,oats,tonnes,1951,fao1952;juan,united kingdom,;crops:production,2.658e+06,2.658e+06,1.0000,layerb-nested-reporting-levels-one-polity
GBR-1921-2025,rye,ha,1949,fao1952;juan,united kingdom,;crops:area,2.6e+04,2.6e+04,1.0000,layerb-nested-reporting-levels-one-polity
GBR-1921-2025,rye,tonnes,1949,fao1952;juan,united kingdom,;crops:production,5.5e+04,5.5e+04,1.0000,layerb-nested-reporting-levels-one-polity
GBR-1921-2025,rye,ha,1950,fao1952;juan,united kingdom,;crops:area,2.9e+04,2.9e+04,1.0000,layerb-nested-reporting-levels-one-polity
GBR-1921-2025,rye,tonnes,1950,fao1952;juan,united kingdom,;crops:production,5.8e+04,5.8e+04,1.0000,layerb-nested-reporting-levels-one-polity
GBR-1921-2025,rye,ha,1951,fao1952;juan,united kingdom,;crops:area,2.2e+04,2.2e+04,1.0000,layerb-nested-reporting-levels-one-polity
GBR-1921-2025,rye,tonnes,1951,fao1952;juan,united kingdom,;crops:production,4.8e+04,4.8e+04,1.0000,layerb-nested-reporting-levels-one-polity
GBR-1921-2025,sheep,heads,1949,fao1952;juan,united kingdom,;livestock:livestock,1.949e+07,1.949e+07,1.0000,layerb-nested-reporting-levels-one-polity
GBR-1921-2025,sheep,heads,1950,fao1952;juan,united kingdom,;livestock:livestock,2.043e+07,2.043e+07,1.0000,layerb-nested-reporting-levels-one-polity
GBR-1921-2025,sheep,heads,1951,fao1952;juan,united kingdom,;livestock:livestock,1.998e+07,1.998e+07,1.0000,layerb-nested-reporting-levels-one-polity
GLP-1816-2025,bananas,tonnes,1949,fao1952;mitchell,guadeloupe,crops:production;page_38_table_1,7.2e+04,7.2e+04,1.0000,
GLP-1816-2025,bananas,tonnes,1950,fao1952;mitchell,guadeloupe,crops:production;page_38_table_1,7.5e+04,7.5e+04,1.0000,
GLP-1816-2025,bananas,tonnes,1951,fao1952;mitchell,guadeloupe,crops:production;page_38_table_1,9e+04,9e+04,1.0000,
GRC-1919-1947,cotton lint,ha,1934-1938,fao1952;iia,greece,;crops:area,5.7e+04,5.7e+04,1.0000,iia-item-series-switch-raw-products
GRC-1919-1947,oats,ha,1934-1938,fao1952;iia,greece,;crops:area,1.37e+05,1.37e+05,1.0000,
GRC-1919-1947,oats,tonnes,1934-1938,fao1952;iia,greece,;crops:production,1.13e+05,1.13e+05,1.0000,
GRC-1919-1947,raisins,tonnes,1934-1938,fao1952;iia,greece,;crops:production,1.948e+05,1.948e+05,1.0000,iia-item-series-switch-raw-products
GRC-1919-1947,rye,ha,1934-1938,fao1952;iia,greece,;crops:area,6.9e+04,6.9e+04,1.0000,
GRC-1919-1947,sesame seed,ha,1934-1938,fao1952;iia,greece,;crops:area,3.6e+04,3.6e+04,1.0000,
GRC-1919-1947,sesame seed,tonnes,1934-1938,fao1952;iia,greece,;crops:production,8500,8500,1.0000,
GRC-1947-2025,chick peas,ha,1949,fao1952;juan,greece,;crops:area,2.4e+04,2.4e+04,1.0000,
GRC-1947-2025,chick peas,tonnes,1949,fao1952;juan,greece,;crops:production,1.8e+04,1.8e+04,1.0000,
GRC-1947-2025,chick peas,ha,1950,fao1952;juan,greece,;crops:area,2.6e+04,2.6e+04,1.0000,
GRC-1947-2025,chick peas,tonnes,1950,fao1952;juan,greece,;crops:production,1.5e+04,1.5e+04,1.0000,
GRC-1947-2025,chick peas,tonnes,1951,fao1952;juan,greece,;crops:production,1.5e+04,1.5e+04,1.0000,
GRC-1947-2025,cotton lint,tonnes,1949,fao1952;juan,greece,;crops:production,1.6e+04,1.6e+04,1.0000,
GRC-1947-2025,cotton lint,tonnes,1950,fao1952;juan,greece,;crops:production,2.6e+04,2.6e+04,1.0000,
GRC-1947-2025,goats,heads,1949,fao1952;juan,greece,;livestock:livestock,3.405e+06,3.405e+06,1.0000,
GRC-1947-2025,goats,heads,1950,fao1952;juan,greece,;livestock:livestock,3.269e+06,3.269e+06,1.0000,
GRC-1947-2025,goats,heads,1951,fao1952;juan,greece,;livestock:livestock,3.624e+06,3.624e+06,1.0000,
GRC-1947-2025,grapes,ha,1949,fao1952;juan,greece,;crops:area,2.01e+05,2.01e+05,1.0000,
GRC-1947-2025,grapes,ha,1950,fao1952;juan,greece,;crops:area,2.02e+05,2.02e+05,1.0000,
GRC-1947-2025,grapes,tonnes,1951,fao1952;juan,greece,;crops:production,1.032e+06,1.032e+06,1.0000,
GRC-1947-2025,lentils,tonnes,1949,fao1952;juan,greece,;crops:production,6000,6000,1.0000,
GRC-1947-2025,lentils,ha,1950,fao1952;juan,greece,;crops:area,1.3e+04,1.3e+04,1.0000,
GRC-1947-2025,lentils,tonnes,1950,fao1952;juan,greece,;crops:production,7000,7000,1.0000,
GRC-1947-2025,lentils,ha,1951,fao1952;juan,greece,;crops:area,1.4e+04,1.4e+04,1.0000,
GRC-1947-2025,lentils,tonnes,1951,fao1952;juan,greece,;crops:production,9000,9000,1.0000,
GRC-1947-2025,linseed,tonnes,1949,fao1952;juan,greece,;crops:production,3000,3000,1.0000,
GRC-1947-2025,linseed,ha,1950,fao1952;juan,greece,;crops:area,3000,3000,1.0000,
GRC-1947-2025,linseed,tonnes,1950,fao1952;juan,greece,;crops:production,2000,2000,1.0000,
GRC-1947-2025,linseed,ha,1951,fao1952;juan,greece,;crops:area,3000,3000,1.0000,
GRC-1947-2025,linseed,tonnes,1951,fao1952;juan,greece,;crops:production,1000,1000,1.0000,
GRC-1947-2025,oats,ha,1949,fao1952;juan,greece,;crops:area,1.35e+05,1.35e+05,1.0000,
GRC-1947-2025,oats,tonnes,1949,fao1952;juan,greece,;crops:production,1.13e+05,1.13e+05,1.0000,
GRC-1947-2025,oats,ha,1950,fao1952;juan,greece,;crops:area,1.47e+05,1.47e+05,1.0000,
GRC-1947-2025,oats,tonnes,1950,fao1952;juan,greece,;crops:production,1.2e+05,1.2e+05,1.0000,
GRC-1947-2025,oats,ha,1951,fao1952;juan,greece,;crops:area,1.53e+05,1.53e+05,1.0000,
GRC-1947-2025,oats,tonnes,1951,fao1952;juan,greece,;crops:production,1.4e+05,1.4e+05,1.0000,
GRC-1947-2025,olives,tonnes,1949,fao1952;juan,greece,;crops:production,1.12e+05,1.12e+05,1.0000,
GRC-1947-2025,olives,tonnes,1951,fao1952;juan,greece,;crops:production,7.06e+05,7.06e+05,1.0000,
GRC-1947-2025,rye,ha,1949,fao1952;juan,greece,;crops:area,4.4e+04,4.4e+04,1.0000,
GRC-1947-2025,rye,tonnes,1949,fao1952;juan,greece,;crops:production,4.2e+04,4.2e+04,1.0000,
GRC-1947-2025,rye,ha,1950,fao1952;juan,greece,;crops:area,5.5e+04,5.5e+04,1.0000,
GRC-1947-2025,rye,tonnes,1950,fao1952;juan,greece,;crops:production,4.8e+04,4.8e+04,1.0000,
GRC-1947-2025,rye,ha,1951,fao1952;juan,greece,;crops:area,6.4e+04,6.4e+04,1.0000,
GRC-1947-2025,rye,tonnes,1951,fao1952;juan,greece,;crops:production,4.8e+04,4.8e+04,1.0000,
GRC-1947-2025,sesame seed,ha,1949,fao1952;juan,greece,;crops:area,3.1e+04,3.1e+04,1.0000,
GRC-1947-2025,sesame seed,tonnes,1949,fao1952;juan,greece,;crops:production,8800,8800,1.0000,
GRC-1947-2025,sesame seed,ha,1950,fao1952;juan,greece,;crops:area,3.5e+04,3.5e+04,1.0000,
GRC-1947-2025,sesame seed,tonnes,1950,fao1952;juan,greece,;crops:production,1.04e+04,1.04e+04,1.0000,
GRC-1947-2025,sesame seed,ha,1951,fao1952;juan,greece,;crops:area,3.5e+04,3.5e+04,1.0000,
GRC-1947-2025,sesame seed,tonnes,1951,fao1952;juan,greece,;crops:production,1.1e+04,1.1e+04,1.0000,
GRC-1947-2025,sheep,heads,1949,fao1952;juan,greece,;livestock:livestock,6.631e+06,6.631e+06,1.0000,
GRC-1947-2025,sheep,heads,1950,fao1952;juan,greece,;livestock:livestock,6.337e+06,6.337e+06,1.0000,
GRC-1947-2025,sheep,heads,1951,fao1952;juan,greece,;livestock:livestock,6.844e+06,6.844e+06,1.0000,
GTM-1821-2025,bananas,ha,1949,fao1952;juan,guatemala,;crops:area,1.7e+04,1.7e+04,1.0000,
GTM-1821-2025,bananas,tonnes,1949,fao1952;juan,guatemala,;crops:production,1.36e+05,1.36e+05,1.0000,
GTM-1821-2025,cattle,heads,1950,fao1952;juan,guatemala,;livestock:livestock,9.03e+05,9.03e+05,1.0000,
GTM-1821-2025,cotton lint,ha,1949,fao1952;mitchell,guatemala,crops:area;page_19_table_1 (2),3000,3000,1.0000,
GTM-1821-2025,cotton lint,tonnes,1949,fao1952;juan,guatemala,;crops:production,1000,1000,1.0000,
GTM-1821-2025,cotton lint,ha,1950,fao1952;mitchell,guatemala,crops:area;page_19_table_1 (2),2000,2000,1.0000,
GTM-1821-2025,cotton lint,tonnes,1950,fao1952;juan,guatemala,;crops:production,2000,2000,1.0000,
GTM-1821-2025,cotton lint,ha,1951,fao1952;mitchell,guatemala,crops:area;page_19_table_1 (2),8000,8000,1.0000,
GTM-1821-2025,cotton lint,tonnes,1951,fao1952;juan,guatemala,;crops:production,2000,2000,1.0000,
GTM-1821-2025,goats,heads,1949,fao1952;juan,guatemala,;livestock:livestock,7.9e+04,7.9e+04,1.0000,
GTM-1821-2025,goats,heads,1950,fao1952;juan,guatemala,;livestock:livestock,7.9e+04,7.9e+04,1.0000,
GTM-1821-2025,sesame seed,ha,1949,fao1952;juan,guatemala,;crops:area,1000,1000,1.0000,
GTM-1821-2025,sesame seed,tonnes,1949,fao1952;juan,guatemala,;crops:production,400,400,1.0000,
GTM-1821-2025,sesame seed,tonnes,1950,fao1952;juan,guatemala,;crops:production,1100,1100,1.0000,
GTM-1821-2025,sheep,heads,1950,fao1952;juan,guatemala,;livestock:livestock,7.12e+05,7.12e+05,1.0000,
HND-1800-2025,bananas,ha,1949,fao1952;juan,honduras,;crops:area,3.1e+04,3.1e+04,1.0000,
HND-1800-2025,bananas,ha,1950,fao1952;juan,honduras,;crops:area,3.9e+04,3.9e+04,1.0000,
HND-1800-2025,cattle,heads,1950,fao1952;juan,honduras,;livestock:livestock,8.56e+05,8.56e+05,1.0000,
HND-1800-2025,cattle,heads,1951,fao1952;juan,honduras,;livestock:livestock,8.91e+05,8.91e+05,1.0000,
HND-1800-2025,goats,heads,1949,fao1952;juan,honduras,;livestock:livestock,2.1e+04,2.1e+04,1.0000,
HND-1800-2025,goats,heads,1950,fao1952;juan,honduras,;livestock:livestock,3.3e+04,3.3e+04,1.0000,
HND-1800-2025,goats,heads,1951,fao1952;juan,honduras,;livestock:livestock,2.9e+04,2.9e+04,1.0000,
HND-1800-2025,sheep,heads,1949,fao1952;juan,honduras,;livestock:livestock,9000,9000,1.0000,
HND-1800-2025,sheep,heads,1950,fao1952;juan,honduras,;livestock:livestock,6000,6000,1.0000,
HTI-1800-2025,bananas,tonnes,1949,fao1952;juan,haiti,;crops:production,2.7e+04,2.7e+04,1.0000,
HTI-1800-2025,bananas,tonnes,1950,fao1952;juan,haiti,;crops:production,2.3e+04,2.3e+04,1.0000,
HTI-1800-2025,bananas,tonnes,1951,fao1952;juan,haiti,;crops:production,2.6e+04,2.6e+04,1.0000,
HTI-1800-2025,cotton lint,tonnes,1949,fao1952;juan,haiti,;crops:production,2000,2000,1.0000,
HTI-1800-2025,cotton lint,tonnes,1950,fao1952;juan,haiti,;crops:production,1000,1000,1.0000,
HTI-1800-2025,cotton lint,tonnes,1951,fao1952;juan,haiti,;crops:production,1000,1000,1.0000,
HUN-1920-1938,hops,ha,1934-1938,fao1952;iia,hungary,;crops:area,100,100,1.0000,iia-hops-x100
HUN-1920-1938,oats,ha,1934-1938,fao1952;iia,hungary,;crops:area,2.19e+05,2.19e+05,1.0000,
HUN-1920-1938,rapeseed,ha,1934-1938,fao1952;iia,hungary,;crops:area,1.1e+04,1.1e+04,1.0000,
HUN-1920-1938,rye,ha,1934-1938,fao1952;iia,hungary,;crops:area,6.31e+05,6.31e+05,1.0000,
HUN-1947-2025,cotton lint,tonnes,1949,fao1952;juan,hungary,;crops:production,1000,1000,1.0000,
HUN-1947-2025,cotton lint,tonnes,1950,fao1952;juan,hungary,;crops:production,2000,2000,1.0000,
HUN-1947-2025,cotton lint,tonnes,1951,fao1952;juan,hungary,;crops:production,4000,4000,1.0000,
HUN-1947-2025,grapes,tonnes,1949,fao1952;juan,hungary,;crops:production,7.7e+05,7.7e+05,1.0000,
HUN-1947-2025,grapes,tonnes,1950,fao1952;juan,hungary,;crops:production,6.35e+05,6.35e+05,1.0000,
HUN-1947-2025,grapes,tonnes,1951,fao1952;juan,hungary,;crops:production,6e+05,6e+05,1.0000,
HUN-1947-2025,lentils,ha,1949,fao1952;juan,hungary,;crops:area,9000,9000,1.0000,
HUN-1947-2025,linseed,tonnes,1949,fao1952;juan,hungary,;crops:production,1e+04,1e+04,1.0000,
HUN-1947-2025,oats,ha,1949,fao1952;juan,hungary,;crops:area,2.02e+05,2.02e+05,1.0000,
HUN-1947-2025,oats,tonnes,1949,fao1952;juan,hungary,;crops:production,2.4e+05,2.4e+05,1.0000,
HUN-1947-2025,oats,ha,1950,fao1952;juan,hungary,;crops:area,2e+05,2e+05,1.0000,
HUN-1947-2025,oats,tonnes,1950,fao1952;juan,hungary,;crops:production,2.2e+05,2.2e+05,1.0000,
HUN-1947-2025,rye,ha,1949,fao1952;juan,hungary,;crops:area,6.8e+05,6.8e+05,1.0000,
HUN-1947-2025,rye,tonnes,1949,fao1952;juan,hungary,;crops:production,7.5e+05,7.5e+05,1.0000,
HUN-1947-2025,rye,ha,1950,fao1952;juan,hungary,;crops:area,6.4e+05,6.4e+05,1.0000,
HUN-1947-2025,rye,tonnes,1950,fao1952;juan,hungary,;crops:production,7.9e+05,7.9e+05,1.0000,
IDN-1800-1945,cotton lint,ha,1934-1938,fao1952;iia,indonesia,;crops:area,1.2e+04,1.2e+04,1.0000,iia-item-series-switch-raw-products
IND-1949-2025,camels,heads,1949,fao1952;mitchell,india,livestock:livestock;page_43_table_1,6.43e+05,6.43e+05,1.0000,
IND-1949-2025,cotton lint,tonnes,1949,fao1952;mitchell,india,crops:production;page_2_table_1,5.18e+05,5.18e+05,1.0000,
IND-1949-2025,cotton lint,tonnes,1950,fao1952;mitchell,india,crops:production;page_2_table_1,5.93e+05,5.93e+05,1.0000,
IND-1949-2025,linseed,tonnes,1949,fao1952;mitchell,india,crops:production;page_8_table_1,4.18e+05,4.18e+05,1.0000,
IND-1949-2025,linseed,tonnes,1950,fao1952;mitchell,india,crops:production;page_8_table_1,3.67e+05,3.67e+05,1.0000,
IRL-1921-2025,goats,heads,1949,fao1952;juan,ireland,;livestock:livestock,4.9e+04,4.9e+04,1.0000,
IRL-1921-2025,goats,heads,1951,fao1952;juan,ireland,;livestock:livestock,4.8e+04,4.8e+04,1.0000,
IRL-1921-2025,linseed,ha,1949,fao1952;juan,ireland,;crops:area,6000,6000,1.0000,
IRL-1921-2025,linseed,ha,1950,fao1952;juan,ireland,;crops:area,4000,4000,1.0000,
IRL-1921-2025,linseed,ha,1951,fao1952;juan,ireland,;crops:area,5000,5000,1.0000,
IRL-1921-2025,oats,ha,1934-1938,fao1952;iia,ireland,;crops:area,2.35e+05,2.35e+05,1.0000,
IRL-1921-2025,oats,ha,1949,fao1952;juan,ireland,;crops:area,2.78e+05,2.78e+05,1.0000,
IRL-1921-2025,oats,tonnes,1949,fao1952;juan,ireland,;crops:production,5.68e+05,5.68e+05,1.0000,
IRL-1921-2025,oats,ha,1950,fao1952;juan,ireland,;crops:area,2.49e+05,2.49e+05,1.0000,
IRL-1921-2025,oats,tonnes,1950,fao1952;juan,ireland,;crops:production,5.37e+05,5.37e+05,1.0000,
IRL-1921-2025,oats,ha,1951,fao1952;juan,ireland,;crops:area,2.51e+05,2.51e+05,1.0000,
IRL-1921-2025,oats,tonnes,1951,fao1952;juan,ireland,;crops:production,5.86e+05,5.86e+05,1.0000,
IRL-1921-2025,rye,ha,1934-1938,fao1952;iia,ireland,;crops:area,1000,1000,1.0000,
IRL-1921-2025,rye,ha,1949,fao1952;juan,ireland,;crops:area,2000,2000,1.0000,
IRL-1921-2025,rye,tonnes,1949,fao1952;juan,ireland,;crops:production,4000,4000,1.0000,
IRL-1921-2025,rye,ha,1950,fao1952;juan,ireland,;crops:area,2000,2000,1.0000,
IRL-1921-2025,rye,tonnes,1950,fao1952;juan,ireland,;crops:production,3000,3000,1.0000,
IRL-1921-2025,rye,ha,1951,fao1952;juan,ireland,;crops:area,2000,2000,1.0000,
IRL-1921-2025,rye,tonnes,1951,fao1952;juan,ireland,;crops:production,3000,3000,1.0000,
IRL-1921-2025,sheep,heads,1949,fao1952;juan,ireland,;livestock:livestock,2.192e+06,2.192e+06,1.0000,
IRL-1921-2025,sheep,heads,1950,fao1952;juan,ireland,;livestock:livestock,2.385e+06,2.385e+06,1.0000,
IRL-1921-2025,sheep,heads,1951,fao1952;juan,ireland,;livestock:livestock,2.616e+06,2.616e+06,1.0000,
IRN-1828-2025,cotton lint,ha,1934-1938,fao1952;iia,iran,;crops:area,1.58e+05,1.58e+05,1.0000,iia-item-series-switch-raw-products
IRN-1828-2025,cotton lint,tonnes,1949,fao1952;mitchell,iran,crops:production;page_2_table_1,2.1e+04,2.1e+04,1.0000,
IRN-1828-2025,cotton lint,tonnes,1950,fao1952;mitchell,iran,crops:production;page_2_table_1,2.8e+04,2.8e+04,1.0000,
IRN-1828-2025,cotton lint,tonnes,1951,fao1952;mitchell,iran,crops:production;page_2_table_1,2.7e+04,2.7e+04,1.0000,
IRN-1828-2025,raisins,tonnes,1934-1938,fao1952;iia,iran,;crops:production,5.42e+04,5.42e+04,1.0000,iia-item-series-switch-raw-products
IRN-1828-2025,sesame seed,tonnes,1934-1938,fao1952;iia,iran,;crops:production,6300,6300,1.0000,
IRQ-1932-2025,cotton lint,ha,1934-1938,fao1952;iia,iraq,;crops:area,1.6e+04,1.6e+04,1.0000,iia-item-series-switch-raw-products
IRQ-1932-2025,sesame seed,tonnes,1934-1938,fao1952;iia,iraq,;crops:production,1.8e+04,1.8e+04,1.0000,
ISL-1800-2025,goats,heads,1949,fao1952;juan,iceland,;livestock:livestock,1000,1000,1.0000,
ISL-1800-2025,sheep,heads,1949,fao1952;juan,iceland,;livestock:livestock,4.45e+05,4.45e+05,1.0000,
ISL-1800-2025,sheep,heads,1950,fao1952;juan,iceland,;livestock:livestock,4.02e+05,4.02e+05,1.0000,
ISL-1800-2025,sheep,heads,1951,fao1952;juan,iceland,;livestock:livestock,4.16e+05,4.16e+05,1.0000,
ITA-1947-2025,chick peas,ha,1949,fao1952;juan,italy,;crops:area,1.1e+05,1.1e+05,1.0000,
ITA-1947-2025,chick peas,tonnes,1949,fao1952;juan,italy,;crops:production,5e+04,5e+04,1.0000,
ITA-1947-2025,chick peas,ha,1950,fao1952;juan,italy,;crops:area,1.1e+05,1.1e+05,1.0000,
ITA-1947-2025,chick peas,tonnes,1950,fao1952;juan,italy,;crops:production,5.5e+04,5.5e+04,1.0000,
ITA-1947-2025,chick peas,ha,1951,fao1952;juan,italy,;crops:area,1.07e+05,1.07e+05,1.0000,
ITA-1947-2025,chick peas,tonnes,1951,fao1952;juan,italy,;crops:production,5.6e+04,5.6e+04,1.0000,
ITA-1947-2025,cotton lint,tonnes,1949,fao1952;juan,italy,;crops:production,2000,2000,1.0000,
ITA-1947-2025,cotton lint,tonnes,1950,fao1952;juan,italy,;crops:production,4000,4000,1.0000,
ITA-1947-2025,cotton lint,tonnes,1951,fao1952;juan,italy,;crops:production,5000,5000,1.0000,
ITA-1947-2025,goats,heads,1949,fao1952;juan,italy,;livestock:livestock,2.592e+06,2.592e+06,1.0000,
ITA-1947-2025,goats,heads,1950,fao1952;juan,italy,;livestock:livestock,2.489e+06,2.489e+06,1.0000,
ITA-1947-2025,goats,heads,1951,fao1952;juan,italy,;livestock:livestock,2.253e+06,2.253e+06,1.0000,
ITA-1947-2025,grapes,ha,1949,fao1952;juan,italy,;crops:area,1.724e+06,1.724e+06,1.0000,
ITA-1947-2025,grapes,tonnes,1949,fao1952;juan,italy,;crops:production,6.531e+06,6.531e+06,1.0000,
ITA-1947-2025,grapes,ha,1950,fao1952;juan,italy,;crops:area,1.734e+06,1.734e+06,1.0000,
ITA-1947-2025,lentils,ha,1949,fao1952;juan,italy,;crops:area,2.4e+04,2.4e+04,1.0000,
ITA-1947-2025,lentils,ha,1950,fao1952;juan,italy,;crops:area,2.6e+04,2.6e+04,1.0000,
ITA-1947-2025,lentils,tonnes,1950,fao1952;juan,italy,;crops:production,1.4e+04,1.4e+04,1.0000,
ITA-1947-2025,lentils,ha,1951,fao1952;juan,italy,;crops:area,2.6e+04,2.6e+04,1.0000,
ITA-1947-2025,lentils,tonnes,1951,fao1952;juan,italy,;crops:production,1.5e+04,1.5e+04,1.0000,
ITA-1947-2025,linseed,ha,1949,fao1952;juan,italy,;crops:area,2.1e+04,2.1e+04,1.0000,
ITA-1947-2025,linseed,tonnes,1949,fao1952;juan,italy,;crops:production,1.2e+04,1.2e+04,1.0000,
ITA-1947-2025,linseed,ha,1950,fao1952;juan,italy,;crops:area,1.8e+04,1.8e+04,1.0000,
ITA-1947-2025,linseed,tonnes,1950,fao1952;juan,italy,;crops:production,1.2e+04,1.2e+04,1.0000,
ITA-1947-2025,linseed,ha,1951,fao1952;juan,italy,;crops:area,1.8e+04,1.8e+04,1.0000,
ITA-1947-2025,oats,ha,1949,fao1952;juan,italy,;crops:area,4.69e+05,4.69e+05,1.0000,
ITA-1947-2025,oats,tonnes,1949,fao1952;juan,italy,;crops:production,4.15e+05,4.15e+05,1.0000,
ITA-1947-2025,oats,ha,1950,fao1952;juan,italy,;crops:area,4.73e+05,4.73e+05,1.0000,
ITA-1947-2025,oats,tonnes,1950,fao1952;juan,italy,;crops:production,5.58e+05,5.58e+05,1.0000,
ITA-1947-2025,oats,ha,1951,fao1952;juan,italy,;crops:area,4.62e+05,4.62e+05,1.0000,
ITA-1947-2025,oats,tonnes,1951,fao1952;juan,italy,;crops:production,5.09e+05,5.09e+05,1.0000,
ITA-1947-2025,olives,tonnes,1949,fao1952;juan,italy,;crops:production,1.101e+06,1.101e+06,1.0000,
ITA-1947-2025,olives,tonnes,1950,fao1952;juan,italy,;crops:production,1.004e+06,1.004e+06,1.0000,
ITA-1947-2025,olives,tonnes,1951,fao1952;juan,italy,;crops:production,2.051e+06,2.051e+06,1.0000,
ITA-1947-2025,raisins,tonnes,1949,fao1952;juan,italy,;crops:production,3500,3500,1.0000,
ITA-1947-2025,raisins,tonnes,1950,fao1952;juan,italy,;crops:production,3600,3600,1.0000,
ITA-1947-2025,raisins,tonnes,1951,fao1952;juan,italy,;crops:production,4200,4200,1.0000,
ITA-1947-2025,rapeseed,ha,1949,fao1952;juan,italy,;crops:area,1.5e+04,1.5e+04,1.0000,
ITA-1947-2025,rapeseed,ha,1950,fao1952;juan,italy,;crops:area,1.3e+04,1.3e+04,1.0000,
ITA-1947-2025,rapeseed,tonnes,1950,fao1952;juan,italy,;crops:production,1.1e+04,1.1e+04,1.0000,
ITA-1947-2025,rapeseed,ha,1951,fao1952;juan,italy,;crops:area,1.2e+04,1.2e+04,1.0000,
ITA-1947-2025,rapeseed,tonnes,1951,fao1952;juan,italy,;crops:production,1.3e+04,1.3e+04,1.0000,
ITA-1947-2025,rye,ha,1949,fao1952;juan,italy,;crops:area,9.9e+04,9.9e+04,1.0000,
ITA-1947-2025,rye,tonnes,1949,fao1952;juan,italy,;crops:production,1.25e+05,1.25e+05,1.0000,
ITA-1947-2025,rye,ha,1950,fao1952;juan,italy,;crops:area,9.8e+04,9.8e+04,1.0000,
ITA-1947-2025,rye,tonnes,1950,fao1952;juan,italy,;crops:production,1.31e+05,1.31e+05,1.0000,
ITA-1947-2025,rye,ha,1951,fao1952;juan,italy,;crops:area,9.6e+04,9.6e+04,1.0000,
ITA-1947-2025,rye,tonnes,1951,fao1952;juan,italy,;crops:production,1.22e+05,1.22e+05,1.0000,
ITA-1947-2025,sesame seed,ha,1949,fao1952;juan,italy,;crops:area,1000,1000,1.0000,
ITA-1947-2025,sesame seed,tonnes,1949,fao1952;juan,italy,;crops:production,500,500,1.0000,
ITA-1947-2025,sesame seed,ha,1950,fao1952;juan,italy,;crops:area,1000,1000,1.0000,
ITA-1947-2025,sesame seed,tonnes,1950,fao1952;juan,italy,;crops:production,500,500,1.0000,
ITA-1947-2025,sesame seed,ha,1951,fao1952;juan,italy,;crops:area,1000,1000,1.0000,
ITA-1947-2025,sesame seed,tonnes,1951,fao1952;juan,italy,;crops:production,400,400,1.0000,
ITA-1947-2025,sheep,heads,1949,fao1952;juan,italy,;livestock:livestock,1.037e+07,1.037e+07,1.0000,
ITA-1947-2025,sheep,heads,1950,fao1952;juan,italy,;livestock:livestock,1.03e+07,1.03e+07,1.0000,
ITA-1947-2025,sheep,heads,1951,fao1952;juan,italy,;livestock:livestock,1.014e+07,1.014e+07,1.0000,
ITA-1947-2025,soybeans,ha,1949,fao1952;juan,italy,;crops:area,1000,1000,1.0000,
ITA-1947-2025,soybeans,tonnes,1949,fao1952;juan,italy,;crops:production,1000,1000,1.0000,
ITA-1947-2025,soybeans,ha,1950,fao1952;juan,italy,;crops:area,1000,1000,1.0000,
ITA-1947-2025,soybeans,tonnes,1950,fao1952;juan,italy,;crops:production,1000,1000,1.0000,
ITA-1947-2025,soybeans,ha,1951,fao1952;juan,italy,;crops:area,1000,1000,1.0000,
ITA-1947-2025,soybeans,tonnes,1951,fao1952;juan,italy,;crops:production,1000,1000,1.0000,
ITS-1908-1960,cotton lint,ha,1934-1938,fao1952;iia,somalia,;crops:area,5000,5000,1.0000,iia-item-series-switch-raw-products
ITS-1908-1960,sesame seed,ha,1934-1938,fao1952;iia,somalia,;crops:area,3000,3000,1.0000,
ITS-1908-1960,sesame seed,tonnes,1934-1938,fao1952;iia,somalia,;crops:production,700,700,1.0000,
JAM-1800-2025,bananas,tonnes,1949,fao1952;mitchell,jamaica,crops:production;page_38_table_1,1.55e+05,1.55e+05,1.0000,
JAM-1800-2025,bananas,tonnes,1950,fao1952;mitchell,jamaica,crops:production;page_38_table_1,1.22e+05,1.22e+05,1.0000,
JAM-1800-2025,bananas,tonnes,1951,fao1952;mitchell,jamaica,crops:production;page_38_table_1,8e+04,8e+04,1.0000,
JAM-1800-2025,cattle,heads,1951,fao1952;mitchell,british west indies jamaica;jamaica,livestock:livestock;page_22_table_1,2.48e+05,2.48e+05,1.0000,
JAM-1800-2025,goats,heads,1950,fao1952;mitchell,british west indies jamaica;jamaica,livestock:livestock;page_22_table_1,3.5e+05,3.5e+05,1.0000,
JAM-1800-2025,goats,heads,1951,fao1952;mitchell,british west indies jamaica;jamaica,livestock:livestock;page_22_table_1,3.5e+05,3.5e+05,1.0000,
JAM-1800-2025,sheep,heads,1950,fao1952;mitchell,british west indies jamaica;jamaica,livestock:livestock;page_22_table_1,1.7e+04,1.7e+04,1.0000,
JAM-1800-2025,sheep,heads,1951,fao1952;mitchell,british west indies jamaica;jamaica,livestock:livestock;page_22_table_1,1.7e+04,1.7e+04,1.0000,
JOR-1923-1946,raisins,tonnes,1934-1938,fao1952;iia,jordan,;crops:production,1000,1000,1.0000,iia-item-series-switch-raw-products
JOR-1923-1946,sesame seed,tonnes,1934-1938,fao1952;iia,jordan,;crops:production,200,200,1.0000,
JPN-1945-1952,tea,tonnes,1949,fao1952;mitchell,japan,crops:production;page_18_table_1,3.3e+04,3.3e+04,1.0000,
JPN-1945-1952,tea,tonnes,1950,fao1952;mitchell,japan,crops:production;page_18_table_1,4.2e+04,4.2e+04,1.0000,
JPN-1945-1952,tea,tonnes,1951,fao1952;mitchell,japan,crops:production;page_18_table_1,4.4e+04,4.4e+04,1.0000,
KEN-1926-1963,oats,ha,1934-1938,fao1952;iia,kenya;kenya *,;crops:area,2000,2000,1.0000,
KHM-1907-1953,cattle,heads,1951,fao1952;mitchell,cambodia;indochina cambodia,livestock:livestock;page_43_table_1,8.39e+05,8.39e+05,1.0000,
KOR-1800-1945,cotton lint,ha,1934-1938,fao1952;iia,korea;south korea,;crops:area,2.16e+05,2.16e+05,1.0000,iia-item-series-switch-raw-products
LBN-1920-1944,grapes,ha,1934-1938,fao1952;iia,lebanon,;crops:area,1.1e+04,1.1e+04,1.0000,iia-item-series-switch-raw-products
LBN-1920-1944,raisins,tonnes,1934-1938,fao1952;iia,lebanon,;crops:production,2000,2000,1.0000,iia-item-series-switch-raw-products
LBN-1920-1944,sesame seed,tonnes,1934-1938,fao1952;iia,lebanon,;crops:production,100,100,1.0000,
LBY-1934-1943,grapes,ha,1934-1938,fao1952;iia,libya,;crops:area,9000,9000,1.0000,iia-item-series-switch-raw-products
LKA-1800-2025,cotton lint,ha,1934-1938,fao1952;iia,ceylon;sri lanka,;crops:area,1000,1000,1.0000,iia-item-series-switch-raw-products
LKA-1800-2025,tea,ha,1934-1938,fao1952;iia,ceylon;sri lanka,;crops:area,2.26e+05,2.26e+05,1.0000,iia-corrupted-country-labels
LKA-1800-2025,tea,tonnes,1951,fao1952;mitchell,ceylon;sri lanka,crops:production;page_18_table_1,1.48e+05,1.48e+05,1.0000,
LUX-1839-2025,goats,heads,1949,fao1952;juan,luxembourg,;livestock:livestock,1000,1000,1.0000,
LUX-1839-2025,goats,heads,1951,fao1952;juan,luxembourg,;livestock:livestock,1000,1000,1.0000,
LUX-1839-2025,grapes,tonnes,1949,fao1952;juan,luxembourg,;crops:production,3000,3000,1.0000,
LUX-1839-2025,grapes,tonnes,1950,fao1952;juan,luxembourg,;crops:production,2.1e+04,2.1e+04,1.0000,
LUX-1839-2025,grapes,ha,1951,fao1952;juan,luxembourg,;crops:area,1000,1000,1.0000,
LUX-1839-2025,grapes,tonnes,1951,fao1952;juan,luxembourg,;crops:production,1.5e+04,1.5e+04,1.0000,
LUX-1839-2025,oats,ha,1934-1938,fao1952;iia,luxembourg,;crops:area,2.6e+04,2.6e+04,1.0000,
LUX-1839-2025,oats,ha,1949,fao1952;juan,luxembourg,;crops:area,2.1e+04,2.1e+04,1.0000,
LUX-1839-2025,oats,tonnes,1949,fao1952;juan,luxembourg,;crops:production,3.7e+04,3.7e+04,1.0000,
LUX-1839-2025,oats,ha,1950,fao1952;juan,luxembourg,;crops:area,2.3e+04,2.3e+04,1.0000,
LUX-1839-2025,oats,tonnes,1950,fao1952;juan,luxembourg,;crops:production,3.9e+04,3.9e+04,1.0000,
LUX-1839-2025,oats,ha,1951,fao1952;juan,luxembourg,;crops:area,2.1e+04,2.1e+04,1.0000,
LUX-1839-2025,oats,tonnes,1951,fao1952;juan,luxembourg,;crops:production,3.6e+04,3.6e+04,1.0000,
LUX-1839-2025,rye,ha,1934-1938,fao1952;iia,luxembourg,;crops:area,7000,7000,1.0000,
LUX-1839-2025,rye,ha,1949,fao1952;juan,luxembourg,;crops:area,6000,6000,1.0000,
LUX-1839-2025,rye,tonnes,1949,fao1952;juan,luxembourg,;crops:production,1.3e+04,1.3e+04,1.0000,
LUX-1839-2025,rye,ha,1950,fao1952;juan,luxembourg,;crops:area,6000,6000,1.0000,
LUX-1839-2025,rye,tonnes,1950,fao1952;juan,luxembourg,;crops:production,1.2e+04,1.2e+04,1.0000,
LUX-1839-2025,rye,ha,1951,fao1952;juan,luxembourg,;crops:area,6000,6000,1.0000,
LUX-1839-2025,rye,tonnes,1951,fao1952;juan,luxembourg,;crops:production,1.1e+04,1.1e+04,1.0000,
LUX-1839-2025,sheep,heads,1949,fao1952;juan,luxembourg,;livestock:livestock,4000,4000,1.0000,
LUX-1839-2025,sheep,heads,1950,fao1952;juan,luxembourg,;livestock:livestock,4000,4000,1.0000,
LUX-1839-2025,sheep,heads,1951,fao1952;juan,luxembourg,;livestock:livestock,4000,4000,1.0000,
MAR-1911-1958,oats,ha,1934-1938,fao1952;iia,french morocco;morocco,;crops:area,3.6e+04,3.6e+04,1.0000,
MAR-1911-1958,raisins,tonnes,1934-1938,fao1952;iia,french morocco;morocco,;crops:production,2500,2500,1.0000,iia-item-series-switch-raw-products
MAR-1911-1958,rye,ha,1934-1938,fao1952;iia,french morocco;morocco,;crops:area,3000,3000,1.0000,
MDG-1882-2025,sheep,heads,1949,fao1952;mitchell,madagascar,livestock:livestock;page_46_table_1,2.43e+05,2.43e+05,1.0000,
MDG-1882-2025,sheep,heads,1950,fao1952;mitchell,madagascar,livestock:livestock;page_46_table_1,2.68e+05,2.68e+05,1.0000,
MEX-1848-2025,bananas,ha,1949,fao1952;juan,mexico,;crops:area,2.4e+04,2.4e+04,1.0000,
MEX-1848-2025,bananas,tonnes,1949,fao1952;juan,mexico,;crops:production,3.08e+05,3.08e+05,1.0000,
MEX-1848-2025,bananas,ha,1950,fao1952;juan,mexico,;crops:area,2.2e+04,2.2e+04,1.0000,
MEX-1848-2025,bananas,tonnes,1950,fao1952;juan,mexico,;crops:production,2.57e+05,2.57e+05,1.0000,
MEX-1848-2025,bananas,ha,1951,fao1952;juan,mexico,;crops:area,2.1e+04,2.1e+04,1.0000,
MEX-1848-2025,bananas,tonnes,1951,fao1952;juan,mexico,;crops:production,1.87e+05,1.87e+05,1.0000,
MEX-1848-2025,chick peas,ha,1949,fao1952;juan,mexico,;crops:area,1.34e+05,1.34e+05,1.0000,
MEX-1848-2025,chick peas,tonnes,1949,fao1952;juan,mexico,;crops:production,9.7e+04,9.7e+04,1.0000,
MEX-1848-2025,chick peas,ha,1950,fao1952;juan,mexico,;crops:area,1.2e+05,1.2e+05,1.0000,
MEX-1848-2025,chick peas,tonnes,1950,fao1952;juan,mexico,;crops:production,8.4e+04,8.4e+04,1.0000,
MEX-1848-2025,chick peas,ha,1951,fao1952;juan,mexico,;crops:area,1.16e+05,1.16e+05,1.0000,
MEX-1848-2025,chick peas,tonnes,1951,fao1952;juan,mexico,;crops:production,8.3e+04,8.3e+04,1.0000,
MEX-1848-2025,cotton lint,ha,1949,fao1952;mitchell,mexico,crops:area;page_19_table_1 (2),5.49e+05,5.49e+05,1.0000,
MEX-1848-2025,cotton lint,tonnes,1949,fao1952;juan,mexico,;crops:production,2.08e+05,2.08e+05,1.0000,
MEX-1848-2025,cotton lint,tonnes,1950,fao1952;juan,mexico,;crops:production,2.59e+05,2.59e+05,1.0000,
MEX-1848-2025,cotton lint,tonnes,1951,fao1952;juan,mexico,;crops:production,2.98e+05,2.98e+05,1.0000,
MEX-1848-2025,figs,tonnes,1950,fao1952;juan,mexico,;crops:production,3000,3000,1.0000,
MEX-1848-2025,goats,heads,1949,fao1952;juan,mexico,;livestock:livestock,6.946e+06,6.946e+06,1.0000,
MEX-1848-2025,grapes,ha,1949,fao1952;juan,mexico,;crops:area,6000,6000,1.0000,
MEX-1848-2025,grapes,tonnes,1949,fao1952;juan,mexico,;crops:production,4.5e+04,4.5e+04,1.0000,
MEX-1848-2025,grapes,ha,1950,fao1952;juan,mexico,;crops:area,7000,7000,1.0000,
MEX-1848-2025,grapes,tonnes,1950,fao1952;juan,mexico,;crops:production,7e+04,7e+04,1.0000,
MEX-1848-2025,grapes,ha,1951,fao1952;juan,mexico,;crops:area,6000,6000,1.0000,
MEX-1848-2025,grapes,tonnes,1951,fao1952;juan,mexico,;crops:production,7e+04,7e+04,1.0000,
MEX-1848-2025,lentils,ha,1949,fao1952;juan,mexico,;crops:area,3000,3000,1.0000,
MEX-1848-2025,lentils,tonnes,1949,fao1952;juan,mexico,;crops:production,2000,2000,1.0000,
MEX-1848-2025,lentils,ha,1950,fao1952;juan,mexico,;crops:area,3000,3000,1.0000,
MEX-1848-2025,lentils,tonnes,1950,fao1952;juan,mexico,;crops:production,2000,2000,1.0000,
MEX-1848-2025,lentils,ha,1951,fao1952;juan,mexico,;crops:area,3000,3000,1.0000,
MEX-1848-2025,lentils,tonnes,1951,fao1952;juan,mexico,;crops:production,2000,2000,1.0000,
MEX-1848-2025,linseed,ha,1949,fao1952;juan,mexico,;crops:area,5.4e+04,5.4e+04,1.0000,
MEX-1848-2025,linseed,tonnes,1949,fao1952;juan,mexico,;crops:production,5e+04,5e+04,1.0000,
MEX-1848-2025,linseed,ha,1950,fao1952;juan,mexico,;crops:area,5.1e+04,5.1e+04,1.0000,
MEX-1848-2025,linseed,tonnes,1950,fao1952;juan,mexico,;crops:production,5.3e+04,5.3e+04,1.0000,
MEX-1848-2025,linseed,ha,1951,fao1952;juan,mexico,;crops:area,6e+04,6e+04,1.0000,
MEX-1848-2025,linseed,tonnes,1951,fao1952;juan,mexico,;crops:production,6e+04,6e+04,1.0000,
MEX-1848-2025,oats,ha,1949,fao1952;juan,mexico,;crops:area,7.9e+04,7.9e+04,1.0000,
MEX-1848-2025,oats,tonnes,1949,fao1952;juan,mexico,;crops:production,5.9e+04,5.9e+04,1.0000,
MEX-1848-2025,oats,ha,1950,fao1952;juan,mexico,;crops:area,8e+04,8e+04,1.0000,
MEX-1848-2025,oats,tonnes,1950,fao1952;juan,mexico,;crops:production,5.9e+04,5.9e+04,1.0000,
MEX-1848-2025,oats,ha,1951,fao1952;juan,mexico,;crops:area,8.2e+04,8.2e+04,1.0000,
MEX-1848-2025,oats,tonnes,1951,fao1952;juan,mexico,;crops:production,5e+04,5e+04,1.0000,
MEX-1848-2025,rapeseed,tonnes,1949,fao1952;juan,mexico,;crops:production,6000,6000,1.0000,
MEX-1848-2025,rapeseed,tonnes,1950,fao1952;juan,mexico,;crops:production,6000,6000,1.0000,
MEX-1848-2025,sesame seed,ha,1934-1938,fao1952;iia,mexico,;crops:area,5.3e+04,5.3e+04,1.0000,
MEX-1848-2025,sesame seed,tonnes,1934-1938,fao1952;iia,mexico,;crops:production,2.22e+04,2.22e+04,1.0000,
MEX-1848-2025,sesame seed,ha,1949,fao1952;juan,mexico,;crops:area,1.47e+05,1.47e+05,1.0000,
MEX-1848-2025,sesame seed,tonnes,1949,fao1952;juan,mexico,;crops:production,7e+04,7e+04,1.0000,
MEX-1848-2025,sesame seed,ha,1950,fao1952;juan,mexico,;crops:area,1.71e+05,1.71e+05,1.0000,
MEX-1848-2025,sesame seed,tonnes,1950,fao1952;juan,mexico,;crops:production,8e+04,8e+04,1.0000,
MEX-1848-2025,sesame seed,ha,1951,fao1952;juan,mexico,;crops:area,1.7e+05,1.7e+05,1.0000,
MEX-1848-2025,sesame seed,tonnes,1951,fao1952;juan,mexico,;crops:production,8.66e+04,8.66e+04,1.0000,
MEX-1848-2025,sheep,heads,1949,fao1952;juan,mexico,;livestock:livestock,4.965e+06,4.965e+06,1.0000,
MLT-1800-2025,goats,heads,1949,fao1952;juan,malta,;livestock:livestock,5.9e+04,5.9e+04,1.0000,
MLT-1800-2025,goats,heads,1950,fao1952;juan,malta,;livestock:livestock,5.1e+04,5.1e+04,1.0000,
MLT-1800-2025,goats,heads,1951,fao1952;juan,malta,;livestock:livestock,5e+04,5e+04,1.0000,
MLT-1800-2025,grapes,ha,1934-1938,fao1952;iia,malta,;crops:area,1000,1000,1.0000,iia-item-series-switch-raw-products
MLT-1800-2025,grapes,tonnes,1949,fao1952;juan,malta,;crops:production,3000,3000,1.0000,
MLT-1800-2025,grapes,ha,1950,fao1952;juan,malta,;crops:area,1000,1000,1.0000,
MLT-1800-2025,grapes,tonnes,1950,fao1952;juan,malta,;crops:production,5000,5000,1.0000,
MLT-1800-2025,grapes,ha,1951,fao1952;juan,malta,;crops:area,1000,1000,1.0000,
MLT-1800-2025,grapes,tonnes,1951,fao1952;juan,malta,;crops:production,7000,7000,1.0000,
MLT-1800-2025,sheep,heads,1949,fao1952;juan,malta,;livestock:livestock,2.7e+04,2.7e+04,1.0000,
MLT-1800-2025,sheep,heads,1950,fao1952;juan,malta,;livestock:livestock,2.1e+04,2.1e+04,1.0000,
MLT-1800-2025,sheep,heads,1951,fao1952;juan,malta,;livestock:livestock,2e+04,2e+04,1.0000,
MMR-1885-2025,cotton lint,ha,1934-1938,fao1952;iia,burma;myanmar,;crops:area,1.98e+05,1.98e+05,1.0000,iia-item-series-switch-raw-products
MMR-1885-2025,rapeseed,ha,1934-1938,fao1952;iia,burma;myanmar,;crops:area,2000,2000,1.0000,
MMR-1885-2025,sesame seed,ha,1934-1938,fao1952;iia,burma;myanmar,;crops:area,5.75e+05,5.75e+05,1.0000,
MMR-1885-2025,sesame seed,tonnes,1934-1938,fao1952;iia,burma;myanmar,;crops:production,5.03e+04,5.03e+04,1.0000,
MTQ-1816-2025,bananas,tonnes,1949,fao1952;mitchell,martinique,crops:production;page_38_table_1,5.5e+04,5.5e+04,1.0000,
MTQ-1816-2025,bananas,tonnes,1950,fao1952;mitchell,martinique,crops:production;page_38_table_1,8.5e+04,8.5e+04,1.0000,
MTQ-1816-2025,bananas,tonnes,1951,fao1952;mitchell,martinique,crops:production;page_38_table_1,9.5e+04,9.5e+04,1.0000,
MWI-1891-1953,cattle,heads,1951,fao1952;mitchell,malawi;nyasaland,livestock:livestock;page_49_table_1,2.8e+05,2.8e+05,1.0000,
MWI-1891-1953,sheep,heads,1949,fao1952;mitchell,malawi;nyasaland,livestock:livestock;page_49_table_1,5.1e+04,5.1e+04,1.0000,
MWI-1891-1953,sheep,heads,1950,fao1952;mitchell,malawi;nyasaland,livestock:livestock;page_49_table_1,3.9e+04,3.9e+04,1.0000,
MWI-1891-1953,tea,tonnes,1950,fao1952;mitchell,malawi;nyasaland,crops:production;page_13_table_1,7000,7000,1.0000,
MYS-1946-1957,bananas,tonnes,1950,fao1952;mitchell,malaya fed of;malaysia,crops:production;page_28_table_1,1.47e+05,1.47e+05,1.0000,
NAM-1920-1990,cattle,heads,1950,fao1952;mitchell,namibia;south west africa,livestock:livestock;page_5_table_1,1.5e+06,1.5e+06,1.0000,
NGA-1914-1960,cotton lint,tonnes,1949,fao1952;mitchell,nigeria,crops:production;page_46_table_1,1.5e+04,1.5e+04,1.0000,
NGA-1914-1960,cotton lint,tonnes,1950,fao1952;mitchell,nigeria,crops:production;page_46_table_1,1.8e+04,1.8e+04,1.0000,
NGA-1914-1960,sesame seed,tonnes,1934-1938,fao1952;iia,nigeria,;crops:production,1.33e+04,1.33e+04,1.0000,
NIC-1800-2025,bananas,tonnes,1949,fao1952;juan,nicaragua,;crops:production,1.5e+04,1.5e+04,1.0000,
NIC-1800-2025,bananas,tonnes,1950,fao1952;juan,nicaragua,;crops:production,1.3e+04,1.3e+04,1.0000,
NIC-1800-2025,bananas,tonnes,1951,fao1952;juan,nicaragua,;crops:production,1.2e+04,1.2e+04,1.0000,
NIC-1800-2025,cattle,heads,1950,fao1952;juan,nicaragua,;livestock:livestock,1.06e+06,1.06e+06,1.0000,
NIC-1800-2025,cotton lint,ha,1949,fao1952;mitchell,nicaragua,crops:area;page_20_table_1,1.5e+04,1.5e+04,1.0000,
NIC-1800-2025,cotton lint,tonnes,1949,fao1952;juan,nicaragua,;crops:production,4000,4000,1.0000,
NIC-1800-2025,cotton lint,ha,1950,fao1952;mitchell,nicaragua,crops:area;page_20_table_1,1.7e+04,1.7e+04,1.0000,
NIC-1800-2025,cotton lint,tonnes,1950,fao1952;juan,nicaragua,;crops:production,5000,5000,1.0000,
NIC-1800-2025,cotton lint,tonnes,1951,fao1952;juan,nicaragua,;crops:production,9000,9000,1.0000,
NIC-1800-2025,sesame seed,ha,1949,fao1952;juan,nicaragua,;crops:area,1.4e+04,1.4e+04,1.0000,
NIC-1800-2025,sesame seed,tonnes,1949,fao1952;juan,nicaragua,;crops:production,7700,7700,1.0000,
NIC-1800-2025,sesame seed,ha,1950,fao1952;juan,nicaragua,;crops:area,1.8e+04,1.8e+04,1.0000,
NIC-1800-2025,sesame seed,tonnes,1950,fao1952;juan,nicaragua,;crops:production,8500,8500,1.0000,
NIC-1800-2025,sesame seed,ha,1951,fao1952;juan,nicaragua,;crops:area,2e+04,2e+04,1.0000,
NIC-1800-2025,sesame seed,tonnes,1951,fao1952;juan,nicaragua,;crops:production,1.49e+04,1.49e+04,1.0000,
NLD-1830-2025,grapes,ha,1934-1938,fao1952;iia,netherlands,;crops:area,1000,1000,1.0000,iia-item-series-switch-raw-products
NLD-1830-2025,grapes,ha,1949,fao1952;juan,netherlands,;crops:area,1000,1000,1.0000,
NLD-1830-2025,grapes,tonnes,1949,fao1952;juan,netherlands,;crops:production,1.8e+04,1.8e+04,1.0000,
NLD-1830-2025,grapes,ha,1950,fao1952;juan,netherlands,;crops:area,1000,1000,1.0000,
NLD-1830-2025,grapes,tonnes,1950,fao1952;juan,netherlands,;crops:production,1.6e+04,1.6e+04,1.0000,
NLD-1830-2025,grapes,ha,1951,fao1952;juan,netherlands,;crops:area,1000,1000,1.0000,
NLD-1830-2025,grapes,tonnes,1951,fao1952;juan,netherlands,;crops:production,1.4e+04,1.4e+04,1.0000,
NLD-1830-2025,linseed,ha,1949,fao1952;juan,netherlands,;crops:area,2e+04,2e+04,1.0000,
NLD-1830-2025,linseed,ha,1950,fao1952;juan,netherlands,;crops:area,1.9e+04,1.9e+04,1.0000,
NLD-1830-2025,linseed,tonnes,1950,fao1952;juan,netherlands,;crops:production,1.3e+04,1.3e+04,1.0000,
NLD-1830-2025,linseed,ha,1951,fao1952;juan,netherlands,;crops:area,3e+04,3e+04,1.0000,
NLD-1830-2025,oats,ha,1934-1938,fao1952;iia,necherlands;netherlands,;crops:area,1.38e+05,1.38e+05,1.0000,
NLD-1830-2025,oats,ha,1949,fao1952;juan,necherlands;netherlands,;crops:area,1.3e+05,1.3e+05,1.0000,
NLD-1830-2025,oats,tonnes,1949,fao1952;juan,necherlands;netherlands,;crops:production,4.24e+05,4.24e+05,1.0000,
NLD-1830-2025,oats,ha,1950,fao1952;juan,necherlands;netherlands,;crops:area,1.41e+05,1.41e+05,1.0000,
NLD-1830-2025,oats,tonnes,1950,fao1952;juan,necherlands;netherlands,;crops:production,3.82e+05,3.82e+05,1.0000,
NLD-1830-2025,oats,ha,1951,fao1952;juan,necherlands;netherlands,;crops:area,1.53e+05,1.53e+05,1.0000,
NLD-1830-2025,oats,tonnes,1951,fao1952;juan,necherlands;netherlands,;crops:production,4.91e+05,4.91e+05,1.0000,
NLD-1830-2025,rapeseed,ha,1934-1938,fao1952;iia,netherlands,;crops:area,2000,2000,1.0000,
NLD-1830-2025,rapeseed,ha,1949,fao1952;juan,netherlands,;crops:area,2.4e+04,2.4e+04,1.0000,
NLD-1830-2025,rapeseed,tonnes,1949,fao1952;juan,netherlands,;crops:production,5.9e+04,5.9e+04,1.0000,
NLD-1830-2025,rapeseed,tonnes,1950,fao1952;juan,netherlands,;crops:production,4.5e+04,4.5e+04,1.0000,
NLD-1830-2025,rapeseed,ha,1951,fao1952;juan,netherlands,;crops:area,1.1e+04,1.1e+04,1.0000,
NLD-1830-2025,rapeseed,tonnes,1951,fao1952;juan,netherlands,;crops:production,2.1e+04,2.1e+04,1.0000,
NLD-1830-2025,rye,ha,1934-1938,fao1952;iia,netherlands,;crops:area,2.18e+05,2.18e+05,1.0000,
NLD-1830-2025,rye,ha,1949,fao1952;juan,netherlands,;crops:area,1.82e+05,1.82e+05,1.0000,
NLD-1830-2025,rye,tonnes,1949,fao1952;juan,netherlands,;crops:production,5.17e+05,5.17e+05,1.0000,
NLD-1830-2025,rye,ha,1950,fao1952;juan,netherlands,;crops:area,1.75e+05,1.75e+05,1.0000,
NLD-1830-2025,rye,tonnes,1950,fao1952;juan,netherlands,;crops:production,4.21e+05,4.21e+05,1.0000,
NLD-1830-2025,rye,ha,1951,fao1952;juan,netherlands,;crops:area,1.61e+05,1.61e+05,1.0000,
NLD-1830-2025,rye,tonnes,1951,fao1952;juan,netherlands,;crops:production,4.58e+05,4.58e+05,1.0000,
NLD-1830-2025,sheep,heads,1949,fao1952;juan,netherlands,;livestock:livestock,4.64e+05,4.64e+05,1.0000,
NLD-1830-2025,sheep,heads,1950,fao1952;juan,netherlands,;livestock:livestock,3.9e+05,3.9e+05,1.0000,
NLD-1830-2025,sheep,heads,1951,fao1952;juan,netherlands,;livestock:livestock,3.6e+05,3.6e+05,1.0000,
NOR-1800-2025,goats,heads,1949,fao1952;juan,norway,;livestock:livestock,1.47e+05,1.47e+05,1.0000,
NOR-1800-2025,goats,heads,1950,fao1952;juan,norway,;livestock:livestock,1.3e+05,1.3e+05,1.0000,
NOR-1800-2025,goats,heads,1951,fao1952;juan,norway,;livestock:livestock,1.19e+05,1.19e+05,1.0000,
NOR-1800-2025,oats,ha,1934-1938,fao1952;iia,norway,;crops:area,8.7e+04,8.7e+04,1.0000,
NOR-1800-2025,oats,ha,1949,fao1952;juan,norway,;crops:area,7.6e+04,7.6e+04,1.0000,
NOR-1800-2025,oats,tonnes,1949,fao1952;juan,norway,;crops:production,1.63e+05,1.63e+05,1.0000,
NOR-1800-2025,oats,ha,1950,fao1952;juan,norway,;crops:area,7.8e+04,7.8e+04,1.0000,
NOR-1800-2025,oats,tonnes,1950,fao1952;juan,norway,;crops:production,1.8e+05,1.8e+05,1.0000,
NOR-1800-2025,oats,ha,1951,fao1952;juan,norway,;crops:area,7.7e+04,7.7e+04,1.0000,
NOR-1800-2025,oats,tonnes,1951,fao1952;juan,norway,;crops:production,1.7e+05,1.7e+05,1.0000,
NOR-1800-2025,rye,ha,1934-1938,fao1952;iia,norway,;crops:area,6000,6000,1.0000,
NOR-1800-2025,rye,ha,1949,fao1952;juan,norway,;crops:area,1000,1000,1.0000,
NOR-1800-2025,rye,tonnes,1949,fao1952;juan,norway,;crops:production,2000,2000,1.0000,
NOR-1800-2025,rye,ha,1950,fao1952;juan,norway,;crops:area,1000,1000,1.0000,
NOR-1800-2025,rye,tonnes,1950,fao1952;juan,norway,;crops:production,2000,2000,1.0000,
NOR-1800-2025,rye,ha,1951,fao1952;juan,norway,;crops:area,1000,1000,1.0000,
NOR-1800-2025,rye,tonnes,1951,fao1952;juan,norway,;crops:production,1000,1000,1.0000,
NOR-1800-2025,sheep,heads,1949,fao1952;juan,norway,;livestock:livestock,1.736e+06,1.736e+06,1.0000,
NOR-1800-2025,sheep,heads,1950,fao1952;juan,norway,;livestock:livestock,1.812e+06,1.812e+06,1.0000,
NOR-1800-2025,sheep,heads,1951,fao1952;juan,norway,;livestock:livestock,1.929e+06,1.929e+06,1.0000,
NZL-1840-2025,cattle,heads,1949,fao1952;mitchell,new zealand,livestock:livestock;page_10_table_1,4.723e+06,4.723e+06,1.0000,
NZL-1840-2025,cattle,heads,1951,fao1952;mitchell,new zealand,livestock:livestock;page_10_table_1,5.097e+06,5.097e+06,1.0000,
NZL-1840-2025,grapes,ha,1934-1938,fao1952;iia,new zealand,;crops:area,1000,1000,1.0000,iia-item-series-switch-raw-products
NZL-1840-2025,hops,ha,1934-1938,fao1952;iia,new zealand,;crops:area,300,300,1.0000,iia-hops-x100
NZL-1840-2025,oats,ha,1934-1938,fao1952;iia,new zealand,;crops:area,2.6e+04,2.6e+04,1.0000,
NZL-1840-2025,oats,ha,1949,fao1952;mitchell,new zealand,crops:area;page_4_table_1,2.1e+04,2.1e+04,1.0000,
NZL-1840-2025,oats,tonnes,1951,fao1952;mitchell,new zealand,crops:production;page_20_table_1,3.8e+04,3.8e+04,1.0000,
NZL-1840-2025,sheep,heads,1949,fao1952;mitchell,new zealand,livestock:livestock;page_10_table_1,3.284e+07,3.284e+07,1.0000,
NZL-1840-2025,sheep,heads,1951,fao1952;mitchell,new zealand,livestock:livestock;page_10_table_1,3.479e+07,3.479e+07,1.0000,
PAK-1949-1971,cotton lint,tonnes,1949,fao1952;mitchell,pakistan,crops:production;page_2_table_1,2.21e+05,2.21e+05,1.0000,
PAK-1949-1971,cotton lint,tonnes,1950,fao1952;mitchell,pakistan,crops:production;page_2_table_1,2.64e+05,2.64e+05,1.0000,
PAK-1949-1971,goats,heads,1950,fao1952;mitchell,pakistan,livestock:livestock;page_1_table_1,1.007e+07,1.007e+07,1.0000,
PAL-1920-1948,grapes,ha,1934-1938,fao1952;iia,israel;palestine,;crops:area,1.7e+04,1.7e+04,1.0000,iia-item-series-switch-raw-products;layerb-nested-reporting-levels-one-polity
PAL-1920-1948,oats,ha,1934-1938,fao1952;iia,israel;palestine,;crops:area,1000,1000,1.0000,layerb-nested-reporting-levels-one-polity
PAL-1920-1948,raisins,tonnes,1934-1938,fao1952;iia,israel;palestine,;crops:production,1000,1000,1.0000,iia-item-series-switch-raw-products;layerb-nested-reporting-levels-one-polity
PAL-1920-1948,sesame seed,ha,1934-1938,fao1952;iia,israel;palestine,;crops:area,2.1e+04,2.1e+04,1.0000,layerb-nested-reporting-levels-one-polity
PAL-1920-1948,sesame seed,tonnes,1934-1938,fao1952;iia,israel;palestine,;crops:production,5400,5400,1.0000,layerb-nested-reporting-levels-one-polity
PAN-1903-1979,bananas,tonnes,1949,fao1952;juan,panama,;crops:production,2.18e+05,2.18e+05,1.0000,
PAN-1903-1979,bananas,tonnes,1950,fao1952;juan,panama,;crops:production,1.89e+05,1.89e+05,1.0000,
PAN-1903-1979,bananas,tonnes,1951,fao1952;juan,panama,;crops:production,1.36e+05,1.36e+05,1.0000,
PAN-1903-1979,cattle,heads,1951,fao1952;juan,panama,;livestock:livestock,5.7e+05,5.7e+05,1.0000,
PAN-1903-1979,goats,heads,1951,fao1952;juan,panama,;livestock:livestock,3000,3000,1.0000,
PER-1922-1942,grapes,ha,1934-1938,fao1952;iia,peru,;crops:area,7000,7000,1.0000,iia-item-series-switch-raw-products
PER-1922-1942,olives,tonnes,1934-1938,fao1952;iia,peru,;crops:production,2000,2000,1.0000,
PER-1942-2025,cattle,heads,1949,fao1952;juan,peru,;livestock:livestock,2.639e+06,2.639e+06,1.0000,
PER-1942-2025,cattle,heads,1950,fao1952;juan,peru,;livestock:livestock,2.883e+06,2.883e+06,1.0000,
PER-1942-2025,cattle,heads,1951,fao1952;juan,peru,;livestock:livestock,2.824e+06,2.824e+06,1.0000,
PER-1942-2025,cotton lint,ha,1949,fao1952;mitchell,peru,crops:area;page_25_table_1,1.34e+05,1.34e+05,1.0000,
PER-1942-2025,cotton lint,ha,1950,fao1952;mitchell,peru,crops:area;page_25_table_1,1.6e+05,1.6e+05,1.0000,
PER-1942-2025,figs,tonnes,1950,fao1952;juan,peru,;crops:production,2000,2000,1.0000,
PER-1942-2025,figs,tonnes,1951,fao1952;juan,peru,;crops:production,2000,2000,1.0000,
PER-1942-2025,goats,heads,1949,fao1952;juan,peru,;livestock:livestock,9.24e+05,9.24e+05,1.0000,
PER-1942-2025,goats,heads,1951,fao1952;juan,peru,;livestock:livestock,2.207e+06,2.207e+06,1.0000,
PER-1942-2025,grapes,ha,1950,fao1952;juan,peru,;crops:area,9000,9000,1.0000,
PER-1942-2025,lentils,tonnes,1950,fao1952;juan,peru,;crops:production,4000,4000,1.0000,
PER-1942-2025,lentils,tonnes,1951,fao1952;juan,peru,;crops:production,4000,4000,1.0000,
PER-1942-2025,olives,tonnes,1950,fao1952;juan,peru,;crops:production,3000,3000,1.0000,
PER-1942-2025,olives,tonnes,1951,fao1952;juan,peru,;crops:production,3000,3000,1.0000,
PER-1942-2025,rye,ha,1950,fao1952;juan,peru,;crops:area,2000,2000,1.0000,
PER-1942-2025,rye,tonnes,1950,fao1952;juan,peru,;crops:production,2000,2000,1.0000,
PER-1942-2025,rye,ha,1951,fao1952;juan,peru,;crops:area,2000,2000,1.0000,
PER-1942-2025,rye,tonnes,1951,fao1952;juan,peru,;crops:production,2000,2000,1.0000,
PER-1942-2025,sheep,heads,1949,fao1952;juan,peru,;livestock:livestock,1.775e+07,1.775e+07,1.0000,
PER-1942-2025,sheep,heads,1950,fao1952;juan,peru,;livestock:livestock,1.852e+07,1.852e+07,1.0000,
PER-1942-2025,sheep,heads,1951,fao1952;juan,peru,;livestock:livestock,1.775e+07,1.775e+07,1.0000,
PHL-1800-2025,bananas,tonnes,1949,fao1952;mitchell,philippines,crops:production;page_28_table_1,5.52e+05,5.52e+05,1.0000,
PHL-1800-2025,bananas,tonnes,1950,fao1952;mitchell,philippines,crops:production;page_28_table_1,5.75e+05,5.75e+05,1.0000,
PHL-1800-2025,bananas,tonnes,1951,fao1952;mitchell,philippines,crops:production;page_28_table_1,5.63e+05,5.63e+05,1.0000,
PHL-1800-2025,cotton lint,ha,1934-1938,fao1952;iia,philippines,;crops:area,2000,2000,1.0000,iia-item-series-switch-raw-products
POL-1945-2025,goats,heads,1949,fao1952;juan,poland,;livestock:livestock,6.54e+05,6.54e+05,1.0000,
POL-1945-2025,hops,tonnes,1949,fao1952;juan,poland,;crops:production,300,300,1.0000,
POL-1945-2025,linseed,ha,1949,fao1952;juan,poland,;crops:area,1.09e+05,1.09e+05,1.0000,
POL-1945-2025,linseed,tonnes,1949,fao1952;juan,poland,;crops:production,6.3e+04,6.3e+04,1.0000,
POL-1945-2025,linseed,tonnes,1950,fao1952;juan,poland,;crops:production,6.1e+04,6.1e+04,1.0000,
POL-1945-2025,linseed,tonnes,1951,fao1952;juan,poland,;crops:production,8.4e+04,8.4e+04,1.0000,
POL-1945-2025,oats,ha,1949,fao1952;juan,poland,;crops:area,1.774e+06,1.774e+06,1.0000,
POL-1945-2025,oats,tonnes,1949,fao1952;juan,poland,;crops:production,2.333e+06,2.333e+06,1.0000,
POL-1945-2025,oats,ha,1950,fao1952;juan,poland,;crops:area,1.719e+06,1.719e+06,1.0000,
POL-1945-2025,oats,tonnes,1950,fao1952;juan,poland,;crops:production,2.126e+06,2.126e+06,1.0000,
POL-1945-2025,rapeseed,ha,1949,fao1952;juan,poland,;crops:area,1.06e+05,1.06e+05,1.0000,
POL-1945-2025,rapeseed,tonnes,1949,fao1952;juan,poland,;crops:production,9.1e+04,9.1e+04,1.0000,
POL-1945-2025,rapeseed,ha,1950,fao1952;juan,poland,;crops:area,1.42e+05,1.42e+05,1.0000,
POL-1945-2025,rapeseed,tonnes,1950,fao1952;juan,poland,;crops:production,1.16e+05,1.16e+05,1.0000,
POL-1945-2025,rye,tonnes,1949,fao1952;juan,poland,;crops:production,6.759e+06,6.759e+06,1.0000,
POL-1945-2025,rye,ha,1950,fao1952;juan,poland,;crops:area,5.136e+06,5.136e+06,1.0000,
POL-1945-2025,rye,tonnes,1950,fao1952;juan,poland,;crops:production,6.502e+06,6.502e+06,1.0000,
POL-1945-2025,sheep,heads,1949,fao1952;juan,poland,;livestock:livestock,1.617e+06,1.617e+06,1.0000,
POL-1945-2025,sheep,heads,1950,fao1952;juan,poland,;livestock:livestock,2.068e+06,2.068e+06,1.0000,
PRI-1800-2025,bananas,ha,1949,fao1952;juan,puerto rico,;crops:area,1.7e+04,1.7e+04,1.0000,
PRI-1800-2025,bananas,tonnes,1949,fao1952;juan,puerto rico,;crops:production,1.26e+05,1.26e+05,1.0000,
PRI-1800-2025,bananas,ha,1950,fao1952;juan,puerto rico,;crops:area,1.6e+04,1.6e+04,1.0000,
PRI-1800-2025,bananas,tonnes,1950,fao1952;juan,puerto rico,;crops:production,1.2e+05,1.2e+05,1.0000,
PRI-1800-2025,bananas,ha,1951,fao1952;juan,puerto rico,;crops:area,1.7e+04,1.7e+04,1.0000,
PRI-1800-2025,bananas,tonnes,1951,fao1952;juan,puerto rico,;crops:production,1.13e+05,1.13e+05,1.0000,
PRI-1800-2025,cattle,heads,1949,fao1952;juan,puerto rico,;livestock:livestock,3.88e+05,3.88e+05,1.0000,
PRI-1800-2025,cattle,heads,1950,fao1952;juan,puerto rico,;livestock:livestock,4e+05,4e+05,1.0000,
PRI-1800-2025,cattle,heads,1951,fao1952;juan,puerto rico,;livestock:livestock,4.22e+05,4.22e+05,1.0000,
PRI-1800-2025,goats,heads,1951,fao1952;juan,puerto rico,;livestock:livestock,1.06e+05,1.06e+05,1.0000,
PRI-1800-2025,sheep,heads,1951,fao1952;juan,puerto rico,;livestock:livestock,3000,3000,1.0000,
PRT-1800-2025,chick peas,tonnes,1949,fao1952;juan,portugal,;crops:production,1.2e+04,1.2e+04,1.0000,
PRT-1800-2025,chick peas,ha,1950,fao1952;juan,portugal,;crops:area,4.4e+04,4.4e+04,1.0000,
PRT-1800-2025,chick peas,tonnes,1950,fao1952;juan,portugal,;crops:production,1.9e+04,1.9e+04,1.0000,
PRT-1800-2025,chick peas,ha,1951,fao1952;juan,portugal,;crops:area,4.6e+04,4.6e+04,1.0000,
PRT-1800-2025,chick peas,tonnes,1951,fao1952;juan,portugal,;crops:production,2.1e+04,2.1e+04,1.0000,
PRT-1800-2025,grapes,ha,1934-1938,fao1952;iia,portugal,;crops:area,3.51e+05,3.51e+05,1.0000,iia-item-series-switch-raw-products
PRT-1800-2025,grapes,ha,1949,fao1952;juan,portugal,;crops:area,3.6e+05,3.6e+05,1.0000,
PRT-1800-2025,grapes,tonnes,1949,fao1952;juan,portugal,;crops:production,1.28e+06,1.28e+06,1.0000,
PRT-1800-2025,grapes,ha,1950,fao1952;juan,portugal,;crops:area,3.6e+05,3.6e+05,1.0000,
PRT-1800-2025,grapes,tonnes,1950,fao1952;juan,portugal,;crops:production,1.4e+06,1.4e+06,1.0000,
PRT-1800-2025,grapes,ha,1951,fao1952;juan,portugal,;crops:area,3.6e+05,3.6e+05,1.0000,
PRT-1800-2025,grapes,tonnes,1951,fao1952;juan,portugal,;crops:production,9.1e+05,9.1e+05,1.0000,
PRT-1800-2025,oats,ha,1934-1938,fao1952;iia,portugal,;crops:area,2.3e+05,2.3e+05,1.0000,
PRT-1800-2025,oats,tonnes,1949,fao1952;juan,portugal,;crops:production,1.04e+05,1.04e+05,1.0000,
PRT-1800-2025,oats,ha,1950,fao1952;juan,portugal,;crops:area,2.88e+05,2.88e+05,1.0000,
PRT-1800-2025,oats,tonnes,1950,fao1952;juan,portugal,;crops:production,1.41e+05,1.41e+05,1.0000,
PRT-1800-2025,oats,ha,1951,fao1952;juan,portugal,;crops:area,2.82e+05,2.82e+05,1.0000,
PRT-1800-2025,olives,tonnes,1949,fao1952;juan,portugal,;crops:production,6.94e+05,6.94e+05,1.0000,
PRT-1800-2025,olives,tonnes,1950,fao1952;juan,portugal,;crops:production,2.58e+05,2.58e+05,1.0000,
PRT-1800-2025,olives,tonnes,1951,fao1952;juan,portugal,;crops:production,7.54e+05,7.54e+05,1.0000,
PRT-1800-2025,rye,ha,1934-1938,fao1952;iia,portugal,;crops:area,1.41e+05,1.41e+05,1.0000,
PRT-1800-2025,rye,ha,1949,fao1952;juan,portugal,;crops:area,2.65e+05,2.65e+05,1.0000,
PRT-1800-2025,rye,tonnes,1949,fao1952;juan,portugal,;crops:production,1.49e+05,1.49e+05,1.0000,
PRT-1800-2025,rye,ha,1950,fao1952;juan,portugal,;crops:area,2.61e+05,2.61e+05,1.0000,
PRT-1800-2025,rye,tonnes,1950,fao1952;juan,portugal,;crops:production,1.7e+05,1.7e+05,1.0000,
PRT-1800-2025,rye,ha,1951,fao1952;juan,portugal,;crops:area,2.65e+05,2.65e+05,1.0000,
PRT-1800-2025,rye,tonnes,1951,fao1952;juan,portugal,;crops:production,1.99e+05,1.99e+05,1.0000,
PRY-1932-1938,cotton lint,ha,1934-1938,fao1952;iia,paraguay,;crops:area,4.3e+04,4.3e+04,1.0000,iia-item-series-switch-raw-products
ROU-1947-2025,chick peas,ha,1949,fao1952;juan,romania,;crops:area,1000,1000,1.0000,
ROU-1947-2025,chick peas,ha,1950,fao1952;juan,romania,;crops:area,1000,1000,1.0000,
ROU-1947-2025,chick peas,ha,1951,fao1952;juan,romania,;crops:area,1000,1000,1.0000,
ROU-1947-2025,cotton lint,tonnes,1949,fao1952;juan,romania,;crops:production,4000,4000,1.0000,
ROU-1947-2025,cotton lint,tonnes,1950,fao1952;juan,romania,;crops:production,5000,5000,1.0000,
ROU-1947-2025,cotton lint,tonnes,1951,fao1952;juan,romania,;crops:production,9000,9000,1.0000,
ROU-1947-2025,grapes,ha,1949,fao1952;juan,romania,;crops:area,2.02e+05,2.02e+05,1.0000,
ROU-1947-2025,grapes,ha,1950,fao1952;juan,romania,;crops:area,2.02e+05,2.02e+05,1.0000,
ROU-1947-2025,lentils,ha,1949,fao1952;juan,romania,;crops:area,1.4e+04,1.4e+04,1.0000,
ROU-1947-2025,lentils,tonnes,1949,fao1952;juan,romania,;crops:production,9000,9000,1.0000,
ROU-1947-2025,lentils,tonnes,1950,fao1952;juan,romania,;crops:production,7000,7000,1.0000,
ROU-1947-2025,lentils,ha,1951,fao1952;juan,romania,;crops:area,1.4e+04,1.4e+04,1.0000,
SER-1878-1913,hemp tow waste,ha,1909,iia;juan,serbia;yugoslav sfr,,1.5e+04,1.5e+04,1.0000,layerb-nested-reporting-levels-one-polity
SLV-1821-2025,cattle,heads,1951,fao1952;juan,el salvador;salvador,;livestock:livestock,8.25e+05,8.25e+05,1.0000,
SLV-1821-2025,cotton lint,tonnes,1934-1938,fao1952;iia,el salvador,;crops:production,1000,1000,1.0000,iia-item-series-switch-raw-products
SLV-1821-2025,cotton lint,ha,1949,fao1952;mitchell,el salvador,crops:area;page_19_table_1 (2),1.7e+04,1.7e+04,1.0000,
SLV-1821-2025,cotton lint,tonnes,1949,fao1952;juan,el salvador,;crops:production,7000,7000,1.0000,
SLV-1821-2025,cotton lint,ha,1950,fao1952;mitchell,el salvador,crops:area;page_19_table_1 (2),1.9e+04,1.9e+04,1.0000,
SLV-1821-2025,cotton lint,tonnes,1950,fao1952;juan,el salvador,;crops:production,6000,6000,1.0000,
SLV-1821-2025,cotton lint,ha,1951,fao1952;mitchell,el salvador,crops:area;page_19_table_1 (2),3e+04,3e+04,1.0000,
SLV-1821-2025,cotton lint,tonnes,1951,fao1952;juan,el salvador,;crops:production,1e+04,1e+04,1.0000,
SLV-1821-2025,goats,heads,1951,fao1952;juan,ei salvador;el salvador,;livestock:livestock,1.9e+04,1.9e+04,1.0000,
SLV-1821-2025,sesame seed,tonnes,1950,fao1952;juan,el salvador,;crops:production,4200,4200,1.0000,
SLV-1821-2025,sheep,heads,1951,fao1952;juan,el salvador,;livestock:livestock,4000,4000,1.0000,
SUD-1934-1956,camels,heads,1949,fao1952;mitchell,anglo-egyptian sudan;sudan,copia de page_20_table_1;livestock:livestock,1.5e+06,1.5e+06,1.0000,
SUD-1934-1956,cattle,heads,1949,fao1952;mitchell,anglo-egyptian sudan;sudan,copia de page_20_table_1;livestock:livestock,4e+06,4e+06,1.0000,
SUD-1934-1956,cattle,heads,1950,fao1952;mitchell,anglo-egyptian sudan;sudan,copia de page_20_table_1;livestock:livestock,4e+06,4e+06,1.0000,
SUD-1934-1956,cattle,heads,1951,fao1952;mitchell,anglo-egyptian sudan;sudan,copia de page_20_table_1;livestock:livestock,4e+06,4e+06,1.0000,
SUD-1934-1956,cotton lint,tonnes,1949,fao1952;mitchell,anglo-egypt sudan;sudan,crops:production;page_46_table_1,6.7e+04,6.7e+04,1.0000,
SUD-1934-1956,cotton lint,tonnes,1950,fao1952;mitchell,anglo-egypt sudan;sudan,crops:production;page_46_table_1,1e+05,1e+05,1.0000,
SUD-1934-1956,cotton lint,tonnes,1951,fao1952;mitchell,anglo-egypt sudan;sudan,crops:production;page_46_table_1,6.2e+04,6.2e+04,1.0000,
SUD-1934-1956,goats,heads,1949,fao1952;mitchell,anglo-egyptian sudan;sudan,copia de page_20_table_1;livestock:livestock,4.3e+06,4.3e+06,1.0000,
SUD-1934-1956,goats,heads,1950,fao1952;mitchell,anglo-egyptian sudan;sudan,copia de page_20_table_1;livestock:livestock,4.3e+06,4.3e+06,1.0000,
SUD-1934-1956,goats,heads,1951,fao1952;mitchell,anglo-egyptian sudan;sudan,copia de page_20_table_1;livestock:livestock,4.3e+06,4.3e+06,1.0000,
SUD-1934-1956,sheep,heads,1949,fao1952;mitchell,anglo-egyptian sudan;sudan,copia de page_20_table_1;livestock:livestock,5.6e+06,5.6e+06,1.0000,
SUD-1934-1956,sheep,heads,1950,fao1952;mitchell,anglo-egyptian sudan;sudan,copia de page_20_table_1;livestock:livestock,5.6e+06,5.6e+06,1.0000,
SUD-1934-1956,sheep,heads,1951,fao1952;mitchell,anglo-egyptian sudan;sudan,copia de page_20_table_1;livestock:livestock,5.6e+06,5.6e+06,1.0000,
SWE-1905-2025,goats,heads,1949,fao1952;juan,sweden,;livestock:livestock,1.5e+04,1.5e+04,1.0000,
SWE-1905-2025,linseed,tonnes,1950,fao1952;juan,sweden,;crops:production,4.6e+04,4.6e+04,1.0000,
SWE-1905-2025,oats,ha,1934-1938,fao1952;iia,sweden,;crops:area,6.64e+05,6.64e+05,1.0000,
SWE-1905-2025,oats,ha,1949,fao1952;juan,sweden,;crops:area,5.02e+05,5.02e+05,1.0000,
SWE-1905-2025,oats,tonnes,1949,fao1952;juan,sweden,;crops:production,8.4e+05,8.4e+05,1.0000,
SWE-1905-2025,oats,ha,1950,fao1952;juan,sweden,;crops:area,5.02e+05,5.02e+05,1.0000,
SWE-1905-2025,oats,tonnes,1950,fao1952;juan,sweden,;crops:production,8.07e+05,8.07e+05,1.0000,
SWE-1905-2025,oats,tonnes,1951,fao1952;juan,sweden,;crops:production,8.28e+05,8.28e+05,1.0000,
SWE-1905-2025,rapeseed,ha,1949,fao1952;juan,sweden,;crops:area,7.9e+04,7.9e+04,1.0000,
SWE-1905-2025,rapeseed,tonnes,1949,fao1952;juan,sweden,;crops:production,1.14e+05,1.14e+05,1.0000,
SWE-1905-2025,rapeseed,ha,1950,fao1952;juan,sweden,;crops:area,1.27e+05,1.27e+05,1.0000,
SWE-1905-2025,rapeseed,tonnes,1950,fao1952;juan,sweden,;crops:production,1.72e+05,1.72e+05,1.0000,
SWE-1905-2025,rapeseed,ha,1951,fao1952;juan,sweden,;crops:area,1.53e+05,1.53e+05,1.0000,
SWE-1905-2025,rapeseed,tonnes,1951,fao1952;juan,sweden,;crops:production,2.09e+05,2.09e+05,1.0000,
SWE-1905-2025,rye,ha,1934-1938,fao1952;iia,sweden,;crops:area,2.13e+05,2.13e+05,1.0000,
SWE-1905-2025,rye,ha,1949,fao1952;juan,sweden,;crops:area,1.35e+05,1.35e+05,1.0000,
SWE-1905-2025,rye,tonnes,1949,fao1952;juan,sweden,;crops:production,2.77e+05,2.77e+05,1.0000,
SWE-1905-2025,rye,ha,1950,fao1952;juan,sweden,;crops:area,1.27e+05,1.27e+05,1.0000,
SWE-1905-2025,rye,tonnes,1950,fao1952;juan,sweden,;crops:production,2.44e+05,2.44e+05,1.0000,
SWE-1905-2025,rye,ha,1951,fao1952;juan,sweden,;crops:area,9.8e+04,9.8e+04,1.0000,
SWE-1905-2025,rye,tonnes,1951,fao1952;juan,sweden,;crops:production,1.75e+05,1.75e+05,1.0000,
SWE-1905-2025,sheep,heads,1949,fao1952;juan,sweden,;livestock:livestock,3.11e+05,3.11e+05,1.0000,
SWE-1905-2025,sheep,heads,1950,fao1952;juan,sweden,;livestock:livestock,2.79e+05,2.79e+05,1.0000,
SWE-1905-2025,sheep,heads,1951,fao1952;juan,sweden,;livestock:livestock,2.61e+05,2.61e+05,1.0000,
SYR-1922-1946,cotton lint,ha,1934-1938,fao1952;iia,syria;syrian arab republic,;crops:area,3.2e+04,3.2e+04,1.0000,iia-item-series-switch-raw-products
SYR-1922-1946,grapes,ha,1934-1938,fao1952;iia,syria;syrian arab republic,;crops:area,4.2e+04,4.2e+04,1.0000,iia-item-series-switch-raw-products
SYR-1922-1946,oats,ha,1934-1938,fao1952;iia,syria;syrian arab republic,;crops:area,1e+04,1e+04,1.0000,
SYR-1922-1946,oats,tonnes,1934-1938,fao1952;iia,syria;syrian arab republic,;crops:production,1e+04,1e+04,1.0000,
SYR-1922-1946,raisins,tonnes,1934-1938,fao1952;iia,syria;syrian arab republic,;crops:production,8000,8000,1.0000,iia-item-series-switch-raw-products
SYR-1922-1946,sesame seed,ha,1934-1938,fao1952;iia,syria;syrian arab republic,;crops:area,5000,5000,1.0000,
SYR-1922-1946,sesame seed,tonnes,1934-1938,fao1952;iia,syria;syrian arab republic,;crops:production,3300,3300,1.0000,
SYR-1946-1967,cotton lint,tonnes,1949,fao1952;mitchell,syria;syrian arab republic,crops:production;page_2_table_1,1.3e+04,1.3e+04,1.0000,
SYR-1946-1967,cotton lint,tonnes,1950,fao1952;mitchell,syria;syrian arab republic,crops:production;page_2_table_1,3.5e+04,3.5e+04,1.0000,
SYR-1946-1967,sheep,heads,1950,fao1952;mitchell,syria;syrian arab republic,livestock:livestock;page_3_table_1,2.93e+06,2.93e+06,1.0000,
SYR-1946-1967,sheep,heads,1951,fao1952;mitchell,syria;syrian arab republic,livestock:livestock;page_3_table_1,3.085e+06,3.085e+06,1.0000,
TAN-1922-1964,cotton lint,tonnes,1949,fao1952;mitchell,tanganyika;tanzania,crops:production;page_46_table_1,9000,9000,1.0000,
TAN-1922-1964,cotton lint,tonnes,1950,fao1952;mitchell,tanganyika;tanzania,crops:production;page_46_table_1,9000,9000,1.0000,
TAN-1922-1964,sesame seed,ha,1934-1938,fao1952;iia,tanganyika;tanzania,;crops:area,2e+04,2e+04,1.0000,
THA-1909-2025,cotton lint,ha,1934-1938,fao1952;iia,thailand,;crops:area,6000,6000,1.0000,iia-item-series-switch-raw-products
THA-1909-2025,sesame seed,ha,1934-1938,fao1952;iia,thailand,;crops:area,1000,1000,1.0000,
THA-1909-2025,sesame seed,tonnes,1934-1938,fao1952;iia,thailand,;crops:production,1000,1000,1.0000,
TUN-1881-2025,oats,ha,1934-1938,fao1952;iia,tunisia,;crops:area,3.2e+04,3.2e+04,1.0000,
TUN-1881-2025,oats,ha,1949,fao1952;mitchell,tunisia,crops:area;page_11_table_1,3.6e+04,3.6e+04,1.0000,
TUN-1881-2025,oats,ha,1950,fao1952;mitchell,tunisia,crops:area;page_11_table_1,3e+04,3e+04,1.0000,
TUN-1881-2025,oats,ha,1951,fao1952;mitchell,tunisia,crops:area;page_11_table_1,2.2e+04,2.2e+04,1.0000,
TUR-1920-2025,cotton lint,ha,1934-1938,fao1952;iia,turkey,;crops:area,2.49e+05,2.49e+05,1.0000,iia-item-series-switch-raw-products
TUR-1920-2025,cotton lint,tonnes,1949,fao1952;mitchell,turkey,crops:production;page_2_table_1,1.04e+05,1.04e+05,1.0000,
TUR-1920-2025,cotton lint,tonnes,1950,fao1952;mitchell,turkey,crops:production;page_2_table_1,1.22e+05,1.22e+05,1.0000,
TUR-1920-2025,cotton lint,tonnes,1951,fao1952;mitchell,turkey,crops:production;page_2_table_1,1.55e+05,1.55e+05,1.0000,
TUR-1920-2025,grapes,ha,1934-1938,fao1952;iia,turkey,;crops:area,3.59e+05,3.59e+05,1.0000,iia-item-series-switch-raw-products
TUR-1920-2025,oats,ha,1934-1938,fao1952;iia,turkey,;crops:area,2.29e+05,2.29e+05,1.0000,
TUR-1920-2025,oats,ha,1949,fao1952;mitchell,turkey,crops:area;page_47_table_1,2.94e+05,2.94e+05,1.0000,
TUR-1920-2025,oats,tonnes,1949,fao1952;mitchell,turkey,crops:production;page_43_table_1,2.36e+05,2.36e+05,1.0000,
TUR-1920-2025,oats,ha,1950,fao1952;mitchell,turkey,crops:area;page_47_table_1,3.02e+05,3.02e+05,1.0000,
TUR-1920-2025,oats,tonnes,1951,fao1952;mitchell,turkey,crops:production;page_10_table_1,3.5e+05,3.5e+05,1.0000,
TUR-1920-2025,olives,tonnes,1934-1938,fao1952;iia,turkey,;crops:production,2.29e+05,2.29e+05,1.0000,
TUR-1920-2025,raisins,tonnes,1934-1938,fao1952;iia,turkey,;crops:production,8.3e+04,8.3e+04,1.0000,iia-item-series-switch-raw-products
TUR-1920-2025,rye,ha,1934-1938,fao1952;iia,turkey,;crops:area,3.5e+05,3.5e+05,1.0000,
TUR-1920-2025,sesame seed,ha,1934-1938,fao1952;iia,turkey,;crops:area,6.5e+04,6.5e+04,1.0000,
TUR-1920-2025,sesame seed,tonnes,1934-1938,fao1952;iia,turkey,;crops:production,2.72e+04,2.72e+04,1.0000,
TWN-1895-1945,sesame seed,ha,1934-1938,fao1952;iia,"china taiwan;china, taiwan province of",;crops:area,4000,4000,1.0000,
TWN-1945-2025,bananas,tonnes,1949,fao1952;mitchell,"china, taiwan province of;taiwan",crops:production;page_29_table_1,9.8e+04,9.8e+04,1.0000,
TWN-1945-2025,bananas,tonnes,1950,fao1952;mitchell,"china, taiwan province of;taiwan",crops:production;page_29_table_1,1.17e+05,1.17e+05,1.0000,
TWN-1945-2025,bananas,tonnes,1951,fao1952;mitchell,"china, taiwan province of;taiwan",crops:production;page_29_table_1,1e+05,1e+05,1.0000,
UGA-1926-1962,cattle,heads,1951,fao1952;mitchell,uganda,livestock:livestock;page_26_table_1,2.714e+06,2.714e+06,1.0000,
UGA-1926-1962,goats,heads,1951,fao1952;mitchell,uganda,livestock:livestock;page_26_table_1,2.441e+06,2.441e+06,1.0000,
UGA-1926-1962,sheep,heads,1951,fao1952;mitchell,uganda,livestock:livestock;page_26_table_1,1.036e+06,1.036e+06,1.0000,
URY-1828-2025,goats,heads,1951,fao1952;juan,uruguay,;livestock:livestock,1.9e+04,1.9e+04,1.0000,
URY-1828-2025,grapes,ha,1934-1938,fao1952;iia,uruguay,;crops:area,1.6e+04,1.6e+04,1.0000,iia-item-series-switch-raw-products
URY-1828-2025,grapes,ha,1950,fao1952;juan,uruguay,;crops:area,1.7e+04,1.7e+04,1.0000,
URY-1828-2025,oats,ha,1934-1938,fao1952;iia,uruguay,;crops:area,8.5e+04,8.5e+04,1.0000,
URY-1828-2025,sheep,heads,1950,fao1952;juan,uruguay,;livestock:livestock,2.265e+07,2.265e+07,1.0000,
URY-1828-2025,sheep,heads,1951,fao1952;juan,uruguay,;livestock:livestock,2.341e+07,2.341e+07,1.0000,
USA-1867-1959,cattle,heads,1949,fao1952;juan,united states;united states of america,;livestock:livestock,7.83e+07,7.83e+07,1.0000,
USA-1867-1959,cattle,heads,1950,fao1952;juan,united states;united states of america,;livestock:livestock,8.202e+07,8.202e+07,1.0000,
USA-1867-1959,cattle,heads,1951,fao1952;juan,united states;united states of america,;livestock:livestock,8.418e+07,8.418e+07,1.0000,
USA-1867-1959,chick peas,ha,1949,fao1952;juan,united states;united states of america,;crops:area,2000,2000,1.0000,
USA-1867-1959,chick peas,tonnes,1949,fao1952;juan,united states;united states of america,;crops:production,1000,1000,1.0000,
USA-1867-1959,chick peas,ha,1950,fao1952;juan,united states;united states of america,;crops:area,3000,3000,1.0000,
USA-1867-1959,chick peas,tonnes,1950,fao1952;juan,united states;united states of america,;crops:production,3000,3000,1.0000,
USA-1867-1959,chick peas,ha,1951,fao1952;juan,united states;united states of america,;crops:area,1000,1000,1.0000,
USA-1867-1959,cotton lint,ha,1934-1938,fao1952;iia,united states;united states of america,;crops:area,1.149e+07,1.149e+07,1.0000,iia-item-series-switch-raw-products
USA-1867-1959,cotton lint,tonnes,1949,fao1952;juan,united states;united states of america,;crops:production,3.508e+06,3.508e+06,1.0000,
USA-1867-1959,cotton lint,ha,1950,fao1952;mitchell,united states;united states of america,crops:area;page_20_table_1,7.221e+06,7.221e+06,1.0000,
USA-1867-1959,cotton lint,tonnes,1950,fao1952;juan,united states;united states of america,;crops:production,2.171e+06,2.171e+06,1.0000,
USA-1867-1959,cotton lint,tonnes,1951,fao1952;juan,united states;united states of america,;crops:production,3.284e+06,3.284e+06,1.0000,
USA-1867-1959,dates,tonnes,1949,fao1952;juan,united states;united states of america,;crops:production,1e+04,1e+04,1.0000,
USA-1867-1959,dates,tonnes,1950,fao1952;juan,united states;united states of america,;crops:production,1e+04,1e+04,1.0000,
USA-1867-1959,dates,tonnes,1951,fao1952;juan,united states;united states of america,;crops:production,1.2e+04,1.2e+04,1.0000,
USA-1867-1959,goats,heads,1949,fao1952;juan,united states;united states of america,;livestock:livestock,2.866e+06,2.866e+06,1.0000,
USA-1867-1959,goats,heads,1950,fao1952;juan,united states;united states of america,;livestock:livestock,2.775e+06,2.775e+06,1.0000,
USA-1867-1959,grapes,tonnes,1949,fao1952;juan,united states;united states of america,;crops:production,2.415e+06,2.415e+06,1.0000,
USA-1867-1959,grapes,tonnes,1950,fao1952;juan,united states;united states of america,;crops:production,2.438e+06,2.438e+06,1.0000,
USA-1867-1959,grapes,tonnes,1951,fao1952;juan,united states;united states of america,;crops:production,3.071e+06,3.071e+06,1.0000,
USA-1867-1959,hops,ha,1934-1938,fao1952;iia,united states;united states of america,;crops:area,1.4e+04,1.4e+04,1.0000,iia-hops-x100
USA-1867-1959,hops,ha,1949,fao1952;juan,united states;united states of america,;crops:area,1.52e+04,1.52e+04,1.0000,
USA-1867-1959,hops,tonnes,1949,fao1952;juan,united states;united states of america,;crops:production,2.3e+04,2.3e+04,1.0000,
USA-1867-1959,hops,ha,1950,fao1952;juan,united states;united states of america,;crops:area,1.57e+04,1.57e+04,1.0000,
USA-1867-1959,hops,tonnes,1950,fao1952;juan,united states;united states of america,;crops:production,2.65e+04,2.65e+04,1.0000,
USA-1867-1959,hops,ha,1951,fao1952;juan,united states;united states of america,;crops:area,1.66e+04,1.66e+04,1.0000,
USA-1867-1959,hops,tonnes,1951,fao1952;juan,united states;united states of america,;crops:production,2.87e+04,2.87e+04,1.0000,
USA-1867-1959,linseed,tonnes,1950,fao1952;juan,united states;united states of america,;crops:production,1.022e+06,1.022e+06,1.0000,
USA-1867-1959,linseed,tonnes,1951,fao1952;juan,united states;united states of america,;crops:production,8.81e+05,8.81e+05,1.0000,
USA-1867-1959,oats,tonnes,1934-1938,fao1952;iia,united states;united states of america,;crops:production,1.397e+07,1.397e+07,1.0000,
USA-1867-1959,oats,ha,1949,fao1952;juan,united states;united states of america,;crops:area,1.636e+07,1.636e+07,1.0000,
USA-1867-1959,oats,tonnes,1949,fao1952;juan,united states;united states of america,;crops:production,1.93e+07,1.93e+07,1.0000,
USA-1867-1959,oats,ha,1950,fao1952;juan,united states;united states of america,;crops:area,1.648e+07,1.648e+07,1.0000,
USA-1867-1959,oats,tonnes,1950,fao1952;juan,united states;united states of america,;crops:production,2.047e+07,2.047e+07,1.0000,
USA-1867-1959,oats,ha,1951,fao1952;juan,united states;united states of america,;crops:area,1.475e+07,1.475e+07,1.0000,
USA-1867-1959,oats,tonnes,1951,fao1952;juan,united states;united states of america,;crops:production,1.911e+07,1.911e+07,1.0000,
USA-1867-1959,olives,tonnes,1949,fao1952;juan,united states;united states of america,;crops:production,3.2e+04,3.2e+04,1.0000,
USA-1867-1959,olives,tonnes,1950,fao1952;juan,united states;united states of america,;crops:production,3.8e+04,3.8e+04,1.0000,
USA-1867-1959,raisins,tonnes,1934-1938,fao1952;iia,united states;united states of america,;crops:production,1.983e+05,1.983e+05,1.0000,iia-item-series-switch-raw-products
USA-1867-1959,rapeseed,ha,1949,fao1952;juan,united states;united states of america,;crops:area,2000,2000,1.0000,
USA-1867-1959,rapeseed,tonnes,1949,fao1952;juan,united states;united states of america,;crops:production,1000,1000,1.0000,
USA-1867-1959,rapeseed,ha,1950,fao1952;juan,united states;united states of america,;crops:area,1000,1000,1.0000,
USA-1867-1959,rapeseed,ha,1951,fao1952;juan,united states;united states of america,;crops:area,1000,1000,1.0000,
USA-1867-1959,rye,tonnes,1949,fao1952;juan,united states;united states of america,;crops:production,4.76e+05,4.76e+05,1.0000,
USA-1867-1959,rye,ha,1950,fao1952;juan,united states;united states of america,;crops:area,7e+05,7e+05,1.0000,
USA-1867-1959,rye,tonnes,1950,fao1952;juan,united states;united states of america,;crops:production,5.4e+05,5.4e+05,1.0000,
USA-1867-1959,rye,ha,1951,fao1952;juan,united states;united states of america,;crops:area,7.01e+05,7.01e+05,1.0000,
USA-1867-1959,rye,tonnes,1951,fao1952;juan,united states;united states of america,;crops:production,5.44e+05,5.44e+05,1.0000,
USA-1867-1959,sheep,heads,1949,fao1952;juan,united states;united states of america,;livestock:livestock,3.165e+07,3.165e+07,1.0000,
USA-1867-1959,sheep,heads,1950,fao1952;juan,united states;united states of america,;livestock:livestock,3.074e+07,3.074e+07,1.0000,
USA-1867-1959,sheep,heads,1951,fao1952;juan,united states;united states of america,;livestock:livestock,3.064e+07,3.064e+07,1.0000,
USA-1867-1959,soybeans,ha,1934-1938,fao1952;iia,united states;united states of america,;crops:area,1.008e+06,1.008e+06,1.0000,
USA-1867-1959,soybeans,ha,1949,fao1952;juan,united states;united states of america,;crops:area,4.011e+06,4.011e+06,1.0000,
USA-1867-1959,soybeans,tonnes,1949,fao1952;juan,united states;united states of america,;crops:production,6.284e+06,6.284e+06,1.0000,
USA-1867-1959,soybeans,ha,1950,fao1952;juan,united states;united states of america,;crops:area,5.59e+06,5.59e+06,1.0000,
USA-1867-1959,soybeans,tonnes,1950,fao1952;juan,united states;united states of america,;crops:production,8.145e+06,8.145e+06,1.0000,
USA-1867-1959,soybeans,ha,1951,fao1952;juan,united states;united states of america,;crops:area,5.481e+06,5.481e+06,1.0000,
USA-1867-1959,soybeans,tonnes,1951,fao1952;juan,united states;united states of america,;crops:production,7.688e+06,7.688e+06,1.0000,
VEN-1830-2025,bananas,tonnes,1949,fao1952;juan,venezuela,;crops:production,4.2e+04,4.2e+04,1.0000,
VEN-1830-2025,cattle,heads,1951,fao1952;juan,venezuela,;livestock:livestock,5.632e+06,5.632e+06,1.0000,
VEN-1830-2025,chick peas,ha,1949,fao1952;juan,venezuela,;crops:area,5000,5000,1.0000,
VEN-1830-2025,chick peas,tonnes,1949,fao1952;juan,venezuela,;crops:production,3000,3000,1.0000,
VEN-1830-2025,cotton lint,ha,1934-1938,fao1952;iia,venezuela,;crops:area,2e+04,2e+04,1.0000,iia-item-series-switch-raw-products
VEN-1830-2025,cotton lint,tonnes,1951,fao1952;juan,venezuela,;crops:production,4000,4000,1.0000,
VEN-1830-2025,goats,heads,1951,fao1952;juan,venezuela,;livestock:livestock,1.322e+06,1.322e+06,1.0000,
VEN-1830-2025,sesame seed,ha,1949,fao1952;juan,venezuela,;crops:area,9000,9000,1.0000,
VEN-1830-2025,sesame seed,ha,1950,fao1952;juan,venezuela,;crops:area,2000,2000,1.0000,
VEN-1830-2025,sesame seed,tonnes,1950,fao1952;juan,venezuela,;crops:production,3500,3500,1.0000,
VEN-1830-2025,sesame seed,tonnes,1951,fao1952;juan,venezuela,;crops:production,3000,3000,1.0000,
VEN-1830-2025,sheep,heads,1951,fao1952;juan,venezuela,;livestock:livestock,1.01e+05,1.01e+05,1.0000,
ZAF-1910-2025,cotton lint,ha,1934-1938,fao1952;iia,south africa;union of south africa,;crops:area,5000,5000,1.0000,iia-item-series-switch-raw-products;layerb-nested-reporting-levels-one-polity
ZAF-1910-2025,cotton lint,tonnes,1950,fao1952;mitchell,south africa;union of south africa,crops:production;page_46_table_1,3000,3000,1.0000,layerb-nested-reporting-levels-one-polity
ZAF-1910-2025,cotton lint,tonnes,1951,fao1952;mitchell,south africa;union of south africa,crops:production;page_46_table_1,5000,5000,1.0000,layerb-nested-reporting-levels-one-polity
ZAF-1910-2025,oats,ha,1949,fao1952;mitchell,south africa;u of s africa,crops:area;page_10_table_1 (2),1.34e+05,1.34e+05,1.0000,layerb-nested-reporting-levels-one-polity
ZAF-1910-2025,oats,tonnes,1949,fao1952;mitchell,south africa;u of s africa,crops:production;page_26_table_1,7.4e+04,7.4e+04,1.0000,layerb-nested-reporting-levels-one-polity
ZAF-1910-2025,oats,tonnes,1950,fao1952;mitchell,south africa;u of s africa,crops:production;page_26_table_1,2e+04,2e+04,1.0000,layerb-nested-reporting-levels-one-polity
ZAF-1910-2025,oats,tonnes,1951,fao1952;mitchell,south africa;u of s africa,crops:production;page_26_table_1,9.3e+04,9.3e+04,1.0000,layerb-nested-reporting-levels-one-polity
ZAF-1910-2025,raisins,tonnes,1934-1938,fao1952;iia,south africa;union of south africa,;crops:production,8000,8000,1.0000,iia-item-series-switch-raw-products;layerb-nested-reporting-levels-one-polity
ZAF-1910-2025,rye,ha,1934-1938,fao1952;iia,south africa;u of s africa,;crops:area,4.8e+04,4.8e+04,1.0000,layerb-nested-reporting-levels-one-polity
ZWE-1900-1953,cotton lint,ha,1934-1938,fao1952;iia,southern rhodesia;zimbabwe,;crops:area,1000,1000,1.0000,iia-item-series-switch-raw-products
ZWE-1900-1953,cotton lint,tonnes,1950,fao1952;mitchell,southern rhodesia;zimbabwe,crops:production;page_49_table_1,1000,1000,1.0000,
ZWE-1900-1953,cotton lint,tonnes,1951,fao1952;mitchell,southern rhodesia;zimbabwe,crops:production;page_49_table_1,1000,1000,1.0000,
