ratio,item,unit,whep_code,polity_name,source,median_value,area,n,item_median_intensity,assertion_keys,known_flow,flow_origin_iso3
146694.95624269915,phosphate rock,1000 tonnes,NRU-1888-2025,Nauru,fao1952,832.0,22.019163815489765,8,0.00025757714307060326,nauru|fao1952|1937-1951,,
35799.40783616854,p,tonnes,NRU-1888-2025,Nauru,iia,247520.0,22.019163815489765,16,0.3140028796474058,nauru|iia|1909-1933,,
5599.420528206645,phosphate rock,1000 tonnes,CXR-1946-1958,Christmas Island (under Singapore administration),fao1952,201.0,139.3624107646939,6,0.00025757714307060326,singapore christmas island|fao1952|1949-1951,,
2948.873631332431,sugar cane,tonnes,PRI-1800-2025,Puerto Rico,juan,7979500.0,8972.444342985882,27,0.3015843103313033,puerto rico|juan|1900-1960,,
2576.8539607468174,beer of barley,tonnes,F51-1945-1947,Czechoslovakia (1945-1947),mitchell,29981560.0,111773.18236346252,2,0.10409426519973411,czech republic|mitchell|1945-1946,,
2450.110671544777,"beans, dry",tonnes,BGR-1919-1940,Bulgaria (1919-1940),iia,22032000.0,103263.13610091528,2,0.0870809003333971,bulgaria|iia|1919-1939,,
2345.9511717761297,use unused productive land,1000 hectares,GUM-1950-2025,Guam (US Territory),fao1952,12118.0,550.3563917847312,1,0.009385728017133842,guam|fao1952|1950-1951,,
2084.565898498896,other hard fibers,1000 tonnes,SHN-1834-1967,Saint Helena (Crown Colony),fao1952,1.8,122.87068538689704,4,7.027625263915262e-06,st helena|fao1952|1931-1951,,
2005.8590876472383,cropa,1000 tonnes,TKL-1800-2025,Tokelau,fao1952,10.350000000000001,15.884362239570633,2,0.00032484048249375574,tokelau|fao1952|1949-1950,,
1305.5188119001104,pesticides rotenone,tonnes,SAA-1947-1957,Saar Protectorate,fao1952,103.0,2565.2203150015116,3,3.075596938414092e-05,france saar|fao1952|1948-1951; saar|fao1952|1949-1951,,
1291.6320472022167,centrifugal sugar noncentrifugal cane sugar,1000 tonnes,BRB-1800-2025,Barbados,fao1952,165.0,434.58445270912586,4,0.0002939482959867938,british west indies barbados|fao1952|1935-1951; br west indies barbados|fao1952|1950-1951,,
1071.2768513004685,"rubber, natural",tonnes,MYS-1957-1963,Malaysia (1957-1963),mitchell,734000.0,131451.54252076847,3,0.005212290981469361,malaysia|mitchell|1957-1960,,
1004.1396099383138,"rubber, natural",tonnes,MYS-1946-1957,Malayan Union / Federation of Malaya (1946-1957),mitchell,688000.0,131451.54252076847,10,0.005212290981469361,malaysia|mitchell|1946-1956,,
859.7648069373491,sugar cane,tonnes,CUB-1800-2025,Cuba,juan,28282000.0,109074.11801961382,55,0.3015843103313033,cuba|juan|1901-1960,,
846.7224288624136,figs,ha,ITA-1919-2025,Italy,juan,240613.0,300310.4439810905,26,0.0009462536941369701,italy|juan|1919-1960,,
829.4676428985952,"cacao, beans",tonnes,STP-1800-2025,Sao Tome and Principe,iia,13605.05,1012.3640165028369,4,0.016201827088642793,sao tome and principe|iia|1930-1944,,
813.1353530141964,poultry,1000 heads,BRB-1800-2025,Barbados,fao1952,1730.5,434.58445270912586,4,0.004897050411867877,british west indies barbados|fao1952|1935-1951; br west indies barbados|fao1952|1950-1951,,
807.0762147839989,"tobacco, unmanufactured",tonnes,GRC-1919-1947,Greece (1919-1947),iia,5359600.0,129841.0864350498,3,0.051145295153688305,greece|iia|1919-1945,,
799.0181539154248,bananas,1000 tonnes,COM-1946-1975,Comoros (1946-1975),fao1952,740.0,1683.6992152062924,1,0.0005500606320865948,comoro islands|fao1952|1949-1951,,
787.4098395262139,"tobacco, unmanufactured",ha,REU-1816-1946,Réunion (French Colony),iia,54115.0,2623.08318152435,2,0.02620020940601075,reunion|iia|1909-1945,,
787.1542935919383,r_fao_population_1952_10_18,1000 people,MCO-1800-2025,Monaco,fao1952,22.5,2.38443329120421,2,0.011987744350629912,monaco|fao1952|1937-1951,,
749.9548814323716,poultry,1000 heads,SGP-1946-1963,Singapore (Crown Colony),fao1952,2000.0,544.5782406954,3,0.004897050411867877,singapore|fao1952|1948-1951,,
748.6522921184938,"cacao, beans",tonnes,GRD-1800-2025,Grenada,iia,4360.0,359.45318636546244,35,0.016201827088642793,grenada|iia|1909-1945,,
718.8826279308068,hops,tonnes,GBR-1921-2025,United Kingdom,iia,1230400.0,243963.92905649156,3,0.007015565997551479,united kingdom|iia|1921-1945,,
705.2043249568399,centrifugal sugar noncentrifugal cane sugar,1000 tonnes,MUS-1800-2025,Mauritius,fao1952,436.5,2105.7089060802027,4,0.0002939482959867938,mauritius|fao1952|1948-1951,,
701.1277351670038,"cacao, beans",tonnes,STP-1800-2025,Sao Tome and Principe,mitchell,11500.0,1012.3640165028369,60,0.016201827088642793,sao tome and principe|mitchell|1900-1959,,
687.12024911347,natural rubber,1000 tonnes,MYS-1946-1957,Malayan Union / Federation of Malaya (1946-1957),fao1952,382.8,131451.54252076847,9,4.238122399211664e-06,malaya federation of|fao1952|1948-1951; malaya fed of|fao1952|1949-1951; federation of malaya|fao1952|1949-1951,,
649.5223337028306,pesticides pyrethrum,tonnes,MLT-1800-2025,Malta,fao1952,4.0,291.8686793911891,2,2.1099803435239825e-05,malta|fao1952|1939-1951,,
604.7499698463174,p,tonnes,KIR-1800-2025,Kiribati,iia,191779.0,1009.9306751574492,5,0.3140028796474058,kiribati|iia|1930-1933,,
586.4064155239477,"cacao, beans",tonnes,FTO-1920-1960,French Togoland (1920-1960),iia,542850.0,57136.96084372611,2,0.016201827088642793,togo|iia|1945-1945,,
585.4293977331761,"fertilizer, mixed",tonnes,SYC-1903-2025,Seychelles,iia,13260.0,488.3127266024546,12,0.04638429433240089,seychelles|iia|1909-1933,,
578.1514330108695,use builton wasteland,1000 hectares,GUM-1950-2025,Guam (US Territory),fao1952,8361.0,550.3563917847312,1,0.026276807670378346,guam|fao1952|1950-1951,,
556.9974176907726,pesticides sulphur dust,tonnes,MLT-1800-2025,Malta,fao1952,97.5,291.8686793911891,2,0.000599741278161007,malta|fao1952|1939-1951,,
522.6033644614647,pesticides copper sulphate,tonnes,MLT-1800-2025,Malta,fao1952,85.0,291.8686793911891,2,0.0005572617459487168,malta|fao1952|1939-1951,,
512.2825039343923,beer of barley,tonnes,SGP-1946-1963,Singapore (Crown Colony),mitchell,29040.0,544.5782406954,5,0.10409426519973411,singapore|mitchell|1956-1960,,
484.6699017281025,cacao,1000 hectares,TTO-1800-2025,Trinidad and Tobago,fao1952,81.0,4952.729517430746,1,3.374382869663275e-05,british west indies trinidad and tobago|fao1952|1937-1951; british west indies trinidad tobago|fao1952|1949-1951; leeward islands trinidad and tobago|fao1952|1951-1951,,
474.52526384221835,hops,tonnes,F51-1945-1947,Czechoslovakia (1945-1947),iia,372100.0,111773.18236346252,1,0.007015565997551479,czech republic|iia|1945-1945,,
472.644067745282,hops,tonnes,F51-1938-1945,Czechoslovakia (1938-1945),iia,333950.0,100712.76559040853,6,0.007015565997551479,czech republic|iia|1938-1944,,
470.7253574701887,"tobacco, unmanufactured",tonnes,BGR-1919-1940,Bulgaria (1919-1940),iia,2486100.0,103263.13610091528,3,0.051145295153688305,bulgaria|iia|1919-1939,,
450.9961439257038,lemons and limes,ha,MSR-1800-2025,Montserrat,iia,200.0,101.08444734488369,7,0.0043870524430124356,montserrat|iia|1909-1945,,
445.8187150525336,sugar cane,ha,BRB-1800-2025,Barbados,mitchell,15000.0,434.58445270912586,52,0.07742100024431484,barbados|mitchell|1850-1960,,
430.46351617710906,"tobacco, unmanufactured",tonnes,HUN-1920-1938,Hungary (1920-1938),iia,2047600.0,93004.31166177182,3,0.051145295153688305,hungary|iia|1920-1937,,
420.88652087128037,pesticides copper sulphate,tonnes,ITA-1919-2025,Italy,fao1952,70436.0,300310.4439810905,5,0.0005572617459487168,italy|fao1952|1937-1951; ltaly|fao1952|1949-1951,,
392.90465862332434,sugar raw centrifugal,tonnes,BRB-1800-2025,Barbados,mitchell,52500.0,434.58445270912586,108,0.3074665960637625,barbados|mitchell|1850-1960,,
392.6207942848246,pesticides ddt,tonnes,SAA-1947-1957,Saar Protectorate,fao1952,250.0,2565.2203150015116,3,0.00024822301177225895,france saar|fao1952|1948-1951; saar|fao1952|1949-1951,,
386.7703175496858,"cacao, beans",ha,GRD-1800-2025,Grenada,iia,8000.0,359.45318636546244,10,0.0575432666059208,grenada|iia|1909-1945,,
373.8771290537874,lemons and limes,tonnes,DMA-1800-2025,Dominica,iia,8270.0,746.7822563482973,17,0.02961983397613065,dominica|iia|1909-1944,,
371.405652929896,lemons and limes,ha,LCA-1838-2025,Saint Lucia,iia,1000.0,613.7318536183993,14,0.0043870524430124356,saint lucia|iia|1909-1945,,
362.9707162574083,sugar raw centrifugal,tonnes,MUS-1800-2025,Mauritius,iia,235000.0,2105.7089060802027,37,0.3074665960637625,mauritius|iia|1909-1945,,
361.90526373390645,sugar cane,ha,MUS-1800-2025,Mauritius,mitchell,59000.0,2105.7089060802027,80,0.07742100024431484,mauritius|mitchell|1856-1960,,
353.45650075391194,natural rubber,1000 tonnes,LKA-1800-2025,Sri Lanka,fao1952,98.80000000000001,65954.96220180139,4,4.238122399211664e-06,ceylon|fao1952|1937-1951,,
350.34616667328356,cotton seed,tonnes,MSR-1800-2025,Montserrat,iia,600.0,101.08444734488369,24,0.016942189667314478,montserrat|iia|1909-1945,,
320.199310554496,agaves,1000 tonnes,COM-1946-1975,Comoros (1946-1975),fao1952,6.0,1683.6992152062924,3,1.1129261537479109e-05,comoro islands|fao1952|1949-1951,,
312.284827148136,"cacao, beans",ha,TTO-1800-2025,Trinidad and Tobago,iia,89000.0,4952.729517430746,27,0.0575432666059208,trinidad and tobago|iia|1909-1945,,
310.27260721801304,phosphate rock,1000 tonnes,ANT-1816-1961,Dutch Caribbean (colonial),fao1952,63.5,794.5531766581097,8,0.00025757714307060326,netherlands w indies|fao1952|1936-1951; neth west indies|fao1952|1949-1951; netherlands west indies|fao1952|1937-1951,,
307.2988864219507,p,tonnes,LUX-1839-2025,Luxembourg,iia,250000.0,2590.86862192315,13,0.3140028796474058,luxembourg|iia|1909-1945,,
305.23419360770765,lemons and limes,ha,DMA-1800-2025,Dominica,iia,1000.0,746.7822563482973,15,0.0043870524430124356,dominica|iia|1909-1944,,
299.1896205687257,sugar cane,tonnes,MUS-1800-2025,Mauritius,mitchell,190000.0,2105.7089060802027,101,0.3015843103313033,mauritius|mitchell|1856-1960,,
299.0905133855754,"cacao, beans",tonnes,TTO-1800-2025,Trinidad and Tobago,mitchell,24000.0,4952.729517430746,65,0.016201827088642793,trinidad and tobago|mitchell|1850-1960,,
299.00102583274827,use builton wasteland,1000 hectares,NRU-1888-2025,Nauru,fao1952,173.0,22.019163815489765,1,0.026276807670378346,nauru|fao1952|1937-1951,,
298.63751492707985,groundnuts,1000 tonnes,FRIN-1816-1954,French India (Établissements français dans l'Inde),fao1952,5.0,546.7035111937369,1,3.062483645856704e-05,french india|fao1952|1937-1951,,
298.22794378836585,p,tonnes,GCAR-1899-1914,German Caroline Islands (Karolinen),iia,45000.0,480.54111163559963,5,0.3140028796474058,palau|iia|1909-1914,,
295.8197368062376,sugar cane,tonnes,DOM-1800-2025,Dominican Republic,juan,4312000.0,48332.9008946207,5,0.3015843103313033,dominican republic|juan|1900-1960,,
291.2007791709083,coffee,1000 tonnes,CPV-1886-1975,Cape Verde (Portuguese colony),fao1952,40.15,3938.947183464104,2,3.500361185590796e-05,cape verde islands|fao1952|1937-1951,,
287.42763043416835,hops,tonnes,BEL-1831-2025,Belgium,iia,61889.5,30692.03925557064,4,0.007015565997551479,belgium|iia|1909-1945,,
284.8927114988549,"tobacco, unmanufactured",tonnes,ITA-1919-2025,Italy,iia,4375800.0,300310.4439810905,3,0.051145295153688305,italy|iia|1919-1945,,
272.36547239183136,agaves,1000 hectares,COM-1946-1975,Comoros (1946-1975),fao1952,11.0,1683.6992152062924,3,2.398701044339369e-05,comoro islands|fao1952|1949-1951,,
271.6389890986693,"cacao, beans",tonnes,TTO-1800-2025,Trinidad and Tobago,iia,21797.2,4952.729517430746,5,0.016201827088642793,trinidad and tobago|iia|1909-1945,,
270.0056096338768,tea,ha,LKA-1800-2025,Sri Lanka,iia,199224.0,65954.96220180139,36,0.011187199751528947,sri lanka|iia|1909-1945,,
267.8387885367032,hops,tonnes,DEU-1920-1938,Germany (1920-1938),iia,884700.0,470825.35311272315,3,0.007015565997551479,germany|iia|1920-1937,,
264.1995092990799,"groundnuts, with shell",ha,GMB-1800-2025,Gambia,iia,44000.0,10627.738270113981,7,0.01567039051079133,gambia|iia|1939-1945,,
258.7190890090085,phosphate rock,1000 tonnes,TTPI-1947-1994,Trust Territory of the Pacific Islands,fao1952,135.0,2025.8065605565075,3,0.00025757714307060326,pacific is us trust|fao1952|1949-1951; pacific is us tr|fao1952|1949-1951; pacific is u s|fao1952|1949-1951,,
254.54594491719075,beer of barley,tonnes,BEL-1831-2025,Belgium,mitchell,813240.0,30692.03925557064,108,0.10409426519973411,belgium|mitchell|1850-1960,,
251.89643989671808,"marine fish, other",tonnes,HKG-1842-2025,Hong Kong,mitchell,54500.0,1128.3490558475178,12,0.19174807067242947,china hong kong sar|mitchell|1948-1960,,
249.77459117734352,"tobacco, unmanufactured",tonnes,MUS-1800-2025,Mauritius,iia,26900.0,2105.7089060802027,23,0.051145295153688305,mauritius|iia|1909-1945,,
247.54333034293774,lemons and limes,tonnes,LCA-1838-2025,Saint Lucia,iia,4500.0,613.7318536183993,17,0.02961983397613065,saint lucia|iia|1909-1945,,
245.06590407132646,r_fao_population_1952_10_18,1000 people,GIB-1800-2025,Gibraltar,fao1952,21.0,7.148236781705717,2,0.011987744350629912,gibraltar|fao1952|1937-1951,,
241.8652974026304,wheel tractors agriculture,number,GBR-1921-2025,United Kingdom,fao1952,293370.0,243963.92905649156,3,0.004971832868108485,united kingdom|fao1952|1937-1951; united kingdom great britain|fao1952|1937-1951,,
239.77691453007398,cacao,1000 tonnes,STP-1800-2025,Sao Tome and Principe,fao1952,8.05,1012.3640165028369,4,3.316284742483804e-05,sao tome and principe|fao1952|1947-1951,,
237.48949150029588,commercial phosphoric acid,1000 tonnes,LUX-1839-2025,Luxembourg,fao1952,38.25,2590.86862192315,6,6.216438630535554e-05,luxembourg|fao1952|1937-1951,,
237.0173695799845,oranges,tonnes,CPV-1886-1975,Cape Verde (Portuguese colony),iia,75000.0,3938.947183464104,5,0.08033428485482855,cabo verde|iia|1933-1944,,
233.96078405061192,other berries and fruits of the genus vaccinium n.e.c.,ha,ITA-1919-2025,Italy,iia,2627000.0,300310.4439810905,1,0.03738923407431606,italy|iia|1919-1945,,
232.79185119525312,"eggs, hen, in shell",tonnes,MLT-1800-2025,Malta,iia,3611.3,291.8686793911891,2,0.05315061583743646,malta|iia|1909-1945,,
232.46435877638376,sweet potatoes,tonnes,TWN-1945-2025,Taiwan,mitchell,2532500.0,35993.63707155193,10,0.30266858335749697,china taiwan province of|mitchell|1945-1960,,
231.72279012358422,sugar raw centrifugal,tonnes,CAR-1920-1945,Caroline Islands (Japanese Mandate),iia,54350.0,762.8389496108164,8,0.3074665960637625,micronesia|iia|1932-1942; palau|iia|1930-1932,,
224.71727010968553,"tobacco, unmanufactured",tonnes,DOM-1800-2025,Dominican Republic,iia,555501.2,48332.9008946207,4,0.051145295153688305,dominican republic|iia|1910-1942,,
222.317549406971,soybeans,tonnes,MAN-1932-1945,Manchukuo (1932-1945),mitchell,3785000.0,791708.3482136662,13,0.02150437935902786,china manchuria province of|mitchell|1932-1944,,
222.006226868161,pesticides copper sulphate,tonnes,JAM-1800-2025,Jamaica,fao1952,1361.0,11001.039856468184,3,0.0005572617459487168,british west indies jamaica|fao1952|1938-1951; jamaica|fao1952|1949-1951; br west indies jamaica|fao1952|1949-1951,,
221.55828586515017,wheel tractors agriculture,number,LIE-1800-2025,Liechtenstein,fao1952,195.0,177.0231619716852,3,0.004971832868108485,liechtenstein|fao1952|1937-1951,,
221.0827275666972,lemons limes other citrus,1000 tonnes,DMA-1800-2025,Dominica,fao1952,8.0,746.7822563482973,3,4.8455288370861826e-05,british west indies dominica|fao1952|1949-1951,,
218.80435194663838,p,tonnes,CAR-1920-1945,Caroline Islands (Japanese Mandate),iia,52411.0,762.8389496108164,4,0.3140028796474058,micronesia|iia|1932-1942; palau|iia|1930-1932,,
215.24970665831637,"tobacco, unmanufactured",tonnes,PHL-1800-2025,Philippines,iia,3212700.0,291824.6113461748,5,0.051145295153688305,philippines|iia|1909-1945,,
212.4737674545027,sweet potatoes yams,1000 tonnes,RYU-1945-1972,Ryukyu Islands (US Administration),fao1952,350.0,2336.8360149164137,3,0.0007049113258430571,ryukyu islands|fao1952|1949-1951,,
209.72290177717335,cacao,1000 tonnes,GRD-1800-2025,Grenada,fao1952,2.5,359.45318636546244,4,3.316284742483804e-05,british west indies grenada|fao1952|1949-1951; windward islands grenada|fao1952|1950-1950; br west indies grenada|fao1952|1951-1951,,
208.90954511186288,sugar raw centrifugal,tonnes,KNA-1800-2025,Saint Kitts and Nevis,iia,16891.0,262.96572046118183,36,0.3074665960637625,saint kitts and nevis|iia|1909-1945,,
206.9426530201555,tea,1000 tonnes,LKA-1800-2025,Sri Lanka,fao1952,141.9,65954.96220180139,4,1.039644612091253e-05,ceylon|fao1952|1937-1951,,
204.8744080751186,"tobacco, unmanufactured",tonnes,BEL-1831-2025,Belgium,iia,321602.3,30692.03925557064,4,0.051145295153688305,belgium|iia|1909-1945,,
204.2267157960471,soybeans,tonnes,MAN-1945-1950,"Manchuria (region, 1945-1950)",mitchell,3477000.0,791708.3482136662,1,0.02150437935902786,china manchuria province of|mitchell|1945-1948,,
202.78195554173482,groundnuts,1000 tonnes,GMB-1800-2025,Gambia,fao1952,66.0,10627.738270113981,3,3.062483645856704e-05,gambia|fao1952|1937-1951,,
201.61533917890603,pesticides sulphur dust,tonnes,GRC-1947-2025,Greece (1947-2025),fao1952,15700.0,129841.0864350498,1,0.000599741278161007,greece|fao1952|1947-1951,,
200.0599192707893,"tobacco, unmanufactured",tonnes,JPN-1895-1945,Japanese Empire,iia,6410500.0,626507.2861088028,5,0.051145295153688305,japan|iia|1909-1944; palau|iia|1915-1918,,
198.99310511673977,"tobacco, unmanufactured",tonnes,CUB-1800-2025,Cuba,iia,1110108.5,109074.11801961382,4,0.051145295153688305,cuba|iia|1909-1936,,
192.07155357492326,pesticides 2 4 d,tonnes,HAWI-1898-1959,Territory of Hawaii,fao1952,645.0,16631.877439866264,3,0.0002019088659052706,hawaii|fao1952|1937-1951,,
191.5981127837569,"rubber, natural",tonnes,BNB-1881-1963,British North Borneo,iia,72460.0,72556.85503353662,1,0.005212290981469361,malaysia|iia|1909-1944,,
188.15135706574623,"tobacco, unmanufactured",tonnes,LBN-1944-2025,Lebanon,iia,98150.0,10199.46189186542,2,0.051145295153688305,lebanon|iia|1944-1945,,
186.57233410227624,"groundnuts, with shell",ha,SEN-1886-1960,Senegal (1886-1960),iia,573475.0,196149.59959691632,22,0.01567039051079133,senegal|iia|1922-1945,,
184.85228700944973,sugar raw centrifugal,tonnes,BRB-1800-2025,Barbados,iia,24700.0,434.58445270912586,5,0.3074665960637625,barbados|iia|1909-1943,,
184.84268168437237,grapefruit (inc. pomelos),ha,DMA-1800-2025,Dominica,iia,1000.0,746.7822563482973,1,0.007244422135381938,dominica|iia|1909-1944,,
183.6943203540706,lemons and limes,tonnes,MSR-1800-2025,Montserrat,iia,550.0,101.08444734488369,18,0.02961983397613065,montserrat|iia|1909-1945,,
183.37413192107522,centrifugal sugar noncentrifugal cane sugar,1000 tonnes,HAWI-1898-1959,Territory of Hawaii,fao1952,896.5,16631.877439866264,4,0.0002939482959867938,hawaii|fao1952|1937-1951,,
182.6677241349617,"rubber, natural",tonnes,GBM-1895-1946,British Malaya (1895-1946),mitchell,125700.0,132021.5438709664,48,0.005212290981469361,malaysia|mitchell|1898-1945,,
182.17429024987314,"coffee, green",tonnes,SLV-1821-2025,El Salvador,juan,54000.0,20558.112635569574,56,0.014418611242477926,el salvador|juan|1900-1960,,
181.90104258941315,cotton seed,ha,MSR-1800-2025,Montserrat,iia,1401.0,101.08444734488369,24,0.07619361970864685,montserrat|iia|1909-1945,,
180.59791632157385,groundnuts,1000 hectares,GMB-1800-2025,Gambia,fao1952,85.0,10627.738270113981,2,4.4285886226149405e-05,gambia|fao1952|1937-1951,,
180.35535246950306,raisins,tonnes,GRC-1881-1913,Greece (1881–1913),iia,145632.8,63611.58790153088,1,0.012693866518375212,greece|iia|1911-1911,,
179.13860910521262,poultry,1000 heads,BMU-1684-1968,British Crown Colony of Bermuda,fao1952,59.5,67.8255295223494,2,0.004897050411867877,bermuda|fao1952|1937-1951,,
178.50358432152424,bananas,1000 tonnes,ASM-1900-2025,Territory of American Samoa,fao1952,20.0,203.69130519542574,3,0.0005500606320865948,american samoa|fao1952|1937-1951,,
177.7843918707084,"coffee, green",tonnes,PRI-1800-2025,Puerto Rico,mitchell,23000.0,8972.444342985882,1,0.014418611242477926,puerto rico|mitchell|1850-1960,,
176.62996099548454,other meat,1000 tonnes,SGP-1946-1963,Singapore (Crown Colony),fao1952,1.5,544.5782406954,4,1.5594325731753717e-05,singapore|fao1952|1948-1951,,
175.6176121604523,rice paddy,1000 tonnes,FRIN-1816-1954,French India (Établissements français dans l'Inde),fao1952,36.0,546.7035111937369,1,0.0003749579531697933,french india|fao1952|1937-1951,,
174.53202272975355,"rubber, natural",tonnes,LKA-1800-2025,Sri Lanka,mitchell,60000.0,65954.96220180139,55,0.005212290981469361,sri lanka|mitchell|1850-1960,,
173.4672509394538,sugar cane,ha,PRI-1800-2025,Puerto Rico,juan,120500.0,8972.444342985882,50,0.07742100024431484,puerto rico|juan|1900-1960,,
172.50600099247998,tomatoes,ha,MLT-1800-2025,Malta,juan,1000.0,291.8686793911891,5,0.019861328720566368,malta|juan|1909-1959,,
172.1951402809787,sugar cane,ha,GLP-1816-2025,Guadeloupe,mitchell,22000.0,1650.2244307993958,65,0.07742100024431484,guadeloupe|mitchell|1850-1960,,
172.17944284578087,centrifugal sugar noncentrifugal cane sugar,1000 tonnes,VGB-1800-2025,British Virgin Islands,fao1952,8.5,167.94484605932638,4,0.0002939482959867938,virgin islands|fao1952|1949-1951; british west indies virgin islands|fao1952|1950-1951,,
168.2700526015954,"tobacco, unmanufactured",tonnes,CHN-1932-1945,China (1932-1945),iia,57749050.0,6710151.482952717,2,0.051145295153688305,china mainland|iia|1932-1944,,
167.84277665595752,goats,heads,CHN-1950-2025,China (PRC),mitchell,3404401000.0,9369119.896358289,11,2.164907062620966,china mainland|mitchell|1950-1960; china manchuria province of|mitchell|1950-1952,,
165.87819613081183,tea,tonnes,LKA-1800-2025,Sri Lanka,iia,110776.0,65954.96220180139,5,0.010125323310140025,sri lanka|iia|1909-1945,,
165.82036496782345,commercial potash fertilizers,1000 tonnes,F77-1949-1990,East Germany,fao1952,774.0,109271.16029246466,6,4.271668472078077e-05,germany eastern|fao1952|1949-1951,,
161.82174344125235,cotton lint,tonnes,MSR-1800-2025,Montserrat,iia,200.0,101.08444734488369,37,0.01222668655598026,montserrat|iia|1909-1945,,
160.07316545518793,r_fao_population_1952_10_18,1000 people,SGP-1946-1963,Singapore (Crown Colony),fao1952,1045.0,544.5782406954,1,0.011987744350629912,singapore|fao1952|1948-1951,,
157.7864325565917,commercial potash fertilizers,1000 tonnes,SBZ-1938-1949,Eastern Germany / Soviet Occupation Zone,fao1952,736.5,109271.16029246466,2,4.271668472078077e-05,germany eastern|fao1952|1938-1948,,
154.14249248403078,cotton lint,ha,MSR-1800-2025,Montserrat,iia,1055.0,101.08444734488369,37,0.06770889735806021,montserrat|iia|1909-1945,,
153.82057700920566,pesticides arsenicals,tonnes,SAA-1947-1957,Saar Protectorate,fao1952,70.0,2565.2203150015116,3,0.00017740217220788145,france saar|fao1952|1948-1951; saar|fao1952|1949-1951,,
152.58552407681503,soybeans,ha,KOR-1800-1945,Korea (to 1945),iia,786278.5,219371.89647949164,12,0.023489949172274996,south korea|iia|1909-1944,,
152.41274633958878,"coffee, green",tonnes,SLV-1821-2025,El Salvador,iia,45178.1,20558.112635569574,6,0.014418611242477926,el salvador|iia|1910-1944,,
151.6286720132385,crawler tractors agriculture,number,BRB-1800-2025,Barbados,fao1952,66.5,434.58445270912586,2,0.001009174175679762,british west indies barbados|fao1952|1935-1951; br west indies barbados|fao1952|1950-1951,,
150.3334034440881,pesticides benzene hexachloride,tonnes,MLT-1800-2025,Malta,fao1952,8.5,291.8686793911891,2,0.0001937206613078392,malta|fao1952|1939-1951,,
149.01090478596126,sugar cane,ha,MTQ-1816-2025,Martinique,mitchell,13000.0,1126.8510732461853,15,0.07742100024431484,martinique|mitchell|1850-1960,,
148.17413012478357,"coffee, green",ha,PRI-1800-2025,Puerto Rico,juan,64456.5,8972.444342985882,30,0.04848233858028317,puerto rico|juan|1900-1960,,
148.16262252107336,pesticides sulphur dust,tonnes,FRA-1919-2025,France,fao1952,48700.0,548057.8009401887,3,0.000599741278161007,france|fao1952|1937-1951,,
146.4686917961047,"tobacco, unmanufactured",tonnes,REU-1816-1946,Réunion (French Colony),iia,19650.0,2623.08318152435,14,0.051145295153688305,reunion|iia|1909-1945,,
145.6664415510831,rice paddy,1000 hectares,FRIN-1816-1954,French India (Établissements français dans l'Inde),fao1952,19.0,546.7035111937369,1,0.0002385845005827523,french india|fao1952|1937-1951,,
144.30589766733075,centrifugal sugar noncentrifugal cane sugar,1000 tonnes,GLP-1816-2025,Guadeloupe,fao1952,70.0,1650.2244307993958,4,0.0002939482959867938,guadeloupe|fao1952|1937-1951,,
144.20223607636433,figs,tonnes,MLT-1800-2025,Malta,juan,2000.0,291.8686793911891,6,0.04751935178269498,malta|juan|1909-1959,,
142.86127129114013,grapefruits,1000 tonnes,TTO-1800-2025,Trinidad and Tobago,fao1952,12.0,4952.729517430746,3,1.6959854612560134e-05,british west indies trinidad and tobago|fao1952|1937-1951; british west indies trinidad tobago|fao1952|1949-1951; leeward islands trinidad and tobago|fao1952|1951-1951,,
142.82929761252564,"tobacco, unmanufactured",tonnes,MMR-1885-2025,Myanmar,iia,4938000.0,675971.0487679241,3,0.051145295153688305,myanmar|iia|1933-1945,,
141.9566714888877,jute,tonnes,IND-1893-1914,India (1893-1914),iia,1511070.85,4815027.6418610485,6,0.0022107021587438724,india|iia|1909-1913,,
141.16267377425032,commercial nitrogenous fertilizers,1000 tonnes,NLD-1830-2025,Netherlands,fao1952,151.6,38295.46118907003,8,2.8043487484389995e-05,netherlands|fao1952|1937-1951; necherlands|fao1952|1949-1951,,
140.06858639683082,centrifugal sugar noncentrifugal cane sugar,1000 tonnes,REU-1946-2025,Réunion (French Overseas Department),fao1952,108.0,2623.08318152435,3,0.0002939482959867938,reunion|fao1952|1949-1951,,
139.6043907313666,"tobacco, unmanufactured",tonnes,F51-1938-1945,Czechoslovakia (1938-1945),iia,719100.0,100712.76559040853,6,0.051145295153688305,czech republic|iia|1938-1944,,
139.2600584979192,tea,tonnes,LKA-1800-2025,Sri Lanka,mitchell,93000.0,65954.96220180139,75,0.010125323310140025,sri lanka|mitchell|1850-1960,,
137.62135009330447,centrifugal sugar noncentrifugal cane sugar,1000 tonnes,BLI-1833-1960,British Leeward Islands Colony,fao1952,68.5,1693.2996184216022,4,0.0002939482959867938,british west indies leeward islands|fao1952|1937-1951; leeward islands|fao1952|1950-1951; br west indies leeward is|fao1952|1949-1949,,
137.44710942763575,rice paddy,1000 tonnes,TWN-1945-2025,Taiwan,fao1952,1855.0,35993.63707155193,3,0.0003749579531697933,china taiwan|fao1952|1948-1951; taiwan|fao1952|1949-1951,,
135.98651721355097,jute allied fibres,1000 tonnes,PAK-1949-1971,Pakistan (1949-1971),fao1952,808.0,1014356.6530305491,3,5.857669004677044e-06,pakistan|fao1952|1949-1951,,
135.8268244148384,"silk-worm cocoons, reelable",tonnes,JPN-1895-1945,Japanese Empire,iia,148900.98700000002,626507.2861088028,36,0.001749789891421794,japan|iia|1909-1944; palau|iia|1915-1918,,
134.6736318918616,cotton seed,tonnes,KNA-1800-2025,Saint Kitts and Nevis,iia,600.0,262.96572046118183,22,0.016942189667314478,saint kitts and nevis|iia|1909-1945,,
134.06586079860713,"rice, paddy",tonnes,RVN-1954-1975,Republic of Vietnam (South Vietnam),mitchell,8238000.0,168501.8039144004,6,0.3646691560734893,viet nam|mitchell|1955-1960,,
134.05995844252135,jute,tonnes,IND-1914-1937,India (1914-1937),iia,1449155.5,4889738.947332932,17,0.0022107021587438724,india|iia|1914-1936,,
133.98970407195625,bananas,1000 tonnes,ITS-1908-1960,Italian Somaliland (1908-1960),fao1952,34219.0,464285.7156939303,3,0.0005500606320865948,somalia|fao1952|1939-1951,,
133.70820398663707,pesticides arsenicals,tonnes,FRA-1919-2025,France,fao1952,13000.0,548057.8009401887,1,0.00017740217220788145,france|fao1952|1937-1951,,
133.51915986512842,"groundnuts, with shell",tonnes,GMB-1800-2025,Gambia,mitchell,60500.0,10627.738270113981,38,0.04263545805358459,gambia|mitchell|1922-1960,,
133.0583079924852,pesticides white refined other refined oil,tonnes,CYP-1879-2025,Cyprus,fao1952,546.0,9123.352706704041,3,0.0004497759000081816,cyprus|fao1952|1937-1951,,
132.83582179566565,centrifugal sugar noncentrifugal cane sugar,1000 tonnes,MTQ-1816-2025,Martinique,fao1952,44.0,1126.8510732461853,4,0.0002939482959867938,martinique|fao1952|1935-1951; marcinique|fao1952|1949-1951,,
132.75412405636573,"rice, paddy",tonnes,TWN-1945-2025,Taiwan,mitchell,1742500.0,35993.63707155193,10,0.3646691560734893,china taiwan province of|mitchell|1945-1960,,
132.36804890533227,pesticides benzene hexachloride,tonnes,TTO-1800-2025,Trinidad and Tobago,fao1952,127.0,4952.729517430746,3,0.0001937206613078392,british west indies trinidad and tobago|fao1952|1937-1951; british west indies trinidad tobago|fao1952|1949-1951; leeward islands trinidad and tobago|fao1952|1951-1951,,
132.3097752088126,soybeans,1000 tonnes,MAN-1932-1945,Manchukuo (1932-1945),fao1952,3851.0,791708.3482136662,1,3.6763458669968475e-05,china manchuria|fao1952|1937-1937,,
131.31365734668952,beer of barley,tonnes,GBR-1800-1921,United Kingdom (to 1921),mitchell,4285920.0,313550.3999074049,39,0.10409426519973411,united kingdom|mitchell|1850-1920,,
130.93319856249823,centrifugal sugar noncentrifugal cane sugar,1000 tonnes,CUB-1800-2025,Cuba,fao1952,4198.0,109074.11801961382,4,0.0002939482959867938,cuba|fao1952|1937-1951,,
130.83730064086222,"groundnuts, with shell",tonnes,GMB-1800-2025,Gambia,iia,59284.8,10627.738270113981,5,0.04263545805358459,gambia|iia|1939-1945,,
129.68303923628682,cacao,1000 tonnes,TTO-1800-2025,Trinidad and Tobago,fao1952,21.3,4952.729517430746,4,3.316284742483804e-05,british west indies trinidad and tobago|fao1952|1937-1951; british west indies trinidad tobago|fao1952|1949-1951; leeward islands trinidad and tobago|fao1952|1951-1951,,
127.43802556087869,beer of barley,tonnes,GBR-1921-2025,United Kingdom,mitchell,3236320.0,243963.92905649156,40,0.10409426519973411,united kingdom|mitchell|1921-1960,,
127.38223623683791,centrifugal sugar noncentrifugal cane sugar,1000 tonnes,RYU-1937-1945,Ryukyu Islands / Okinawa Prefecture (Japanese),fao1952,87.5,2336.8360149164137,2,0.0002939482959867938,ryukyu islands|fao1952|1937-1939,,
126.82790887003725,lemons and limes,ha,GRD-1800-2025,Grenada,iia,200.0,359.45318636546244,4,0.0043870524430124356,grenada|iia|1909-1945,,
126.48420033818601,sugar raw centrifugal,tonnes,ATG-1800-2025,Antigua and Barbuda,iia,16801.45,432.0286466170874,34,0.3074665960637625,antigua and barbuda|iia|1909-1945,,
126.08750755997316,bananas,tonnes,MTQ-1816-2025,Martinique,mitchell,83500.0,1126.8510732461853,14,0.5876894479228758,martinique|mitchell|1850-1960,,
125.95272150601653,pineapples,tonnes,PRI-1800-2025,Puerto Rico,juan,27500.0,8972.444342985882,12,0.024334048252951296,puerto rico|juan|1900-1960,,
125.00796803729877,pesticides sulphur dust,tonnes,CYP-1879-2025,Cyprus,fao1952,684.0,9123.352706704041,3,0.000599741278161007,cyprus|fao1952|1937-1951,,
124.85924455017883,grapefruits,1000 tonnes,PRI-1800-2025,Puerto Rico,fao1952,19.0,8972.444342985882,4,1.6959854612560134e-05,puerto rico|fao1952|1935-1951,,
124.04376021976466,sweet potatoes yams,1000 tonnes,BRB-1800-2025,Barbados,fao1952,38.0,434.58445270912586,4,0.0007049113258430571,british west indies barbados|fao1952|1935-1951; br west indies barbados|fao1952|1950-1951,,
123.90934224503926,groundnuts,1000 hectares,FRIN-1816-1954,French India (Établissements français dans l'Inde),fao1952,3.0,546.7035111937369,1,4.4285886226149405e-05,french india|fao1952|1937-1951,,
122.36279111911678,sugar cane,ha,PRI-1800-2025,Puerto Rico,mitchell,85000.0,8972.444342985882,1,0.07742100024431484,puerto rico|mitchell|1850-1960,,
122.07537874001304,rice paddy,1000 tonnes,IDN-JVM-1949-1951,"Java and Madura (within Indonesia, 1949-1951)",fao1952,6075.0,132719.7735856253,3,0.0003749579531697933,indonesia java and madura|fao1952|1949-1951,,
121.66477287341128,rice paddy,1000 tonnes,TWN-1895-1945,Formosa (Japanese Taiwan),fao1952,1642.0,35993.63707155193,1,0.0003749579531697933,china taiwan|fao1952|1937-1937,,
120.59426502849479,grapefruits,1000 tonnes,JAM-1800-2025,Jamaica,fao1952,22.5,11001.039856468184,4,1.6959854612560134e-05,british west indies jamaica|fao1952|1938-1951; jamaica|fao1952|1949-1951; br west indies jamaica|fao1952|1949-1951,,
119.5108318710804,pesticides copper sulphate,tonnes,FRA-1919-2025,France,fao1952,36500.0,548057.8009401887,5,0.0005572617459487168,france|fao1952|1937-1951,,
119.28049087930219,sugar raw centrifugal,tonnes,MTQ-1816-2025,Martinique,iia,41327.0,1126.8510732461853,5,0.3074665960637625,martinique|iia|1909-1945,,
118.99342897772783,pesticides benzene hexachloride,tonnes,JPN-1945-1952,Japan (occupied),fao1952,8555.5,371147.4432376307,2,0.0001937206613078392,japan|fao1952|1947-1951,,
118.55506435329698,"tobacco, unmanufactured",tonnes,TUR-1920-2025,Türkiye (1920-2025),iia,4730650.0,780180.368174527,4,0.051145295153688305,turkey|iia|1924-1945,,
118.14350453442292,rice paddy,1000 hectares,IDN-JVM-1949-1951,"Java and Madura (within Indonesia, 1949-1951)",fao1952,3741.0,132719.7735856253,3,0.0002385845005827523,indonesia java and madura|fao1952|1949-1951,,
118.02080097039153,"walnuts, with shell",ha,ITA-1919-2025,Italy,juan,108496.0,300310.4439810905,26,0.00306115086125675,italy|juan|1919-1960,,
117.9612019820162,tractors all purposes,number,GBR-1921-2025,United Kingdom,fao1952,316725.0,243963.92905649156,4,0.011005696608006713,united kingdom|fao1952|1937-1951; united kingdom great britain|fao1952|1937-1951,,
117.23268903855359,rice paddy,1000 tonnes,IDN-BLB-1949-1951,"Bali and Lombok (within Indonesia, 1949-1951)",fao1952,447.0,10168.952683948575,3,0.0003749579531697933,indonesia bali and lombok|fao1952|1949-1951,,
116.96408987601801,"tobacco, unmanufactured",ha,SLV-1821-2025,El Salvador,iia,63000.0,20558.112635569574,1,0.02620020940601075,el salvador|iia|1910-1944,,
116.72382199735902,centrifugal sugar noncentrifugal cane sugar,1000 tonnes,REU-1816-1946,Réunion (French Colony),fao1952,90.0,2623.08318152435,1,0.0002939482959867938,reunion|fao1952|1936-1937,,
116.36537824654322,r_fao_population_1952_10_18,1000 people,HKG-1842-2025,Hong Kong,fao1952,1574.0,1128.3490558475178,2,0.011987744350629912,hong kong|fao1952|1937-1951,,
116.3023460010151,grapefruits,1000 tonnes,ISR-1948-1967,Israel (1948-1967),fao1952,41.0,20786.111689025718,3,1.6959854612560134e-05,israel|fao1952|1948-1951,,
114.88787485343984,soybeans,tonnes,KOR-1800-1945,Korea (to 1945),iia,541978.55,219371.89647949164,12,0.02150437935902786,south korea|iia|1909-1944,,
114.61731525369004,pears,ha,ITA-1919-2025,Italy,juan,147837.0,300310.4439810905,26,0.004294993129370835,italy|juan|1919-1960,,
114.14174302765021,"other citrus fruit, n.e.c.",tonnes,ISR-1948-1967,Israel (1948-1967),mitchell,414000.0,20786.111689025718,12,0.17449483815301534,israel|mitchell|1948-1960; israel palestine|mitchell|1949-1949,,
113.90719227568431,pesticides sulphur dust,tonnes,ISR-1948-1967,Israel (1948-1967),fao1952,1420.0,20786.111689025718,1,0.000599741278161007,israel|fao1952|1948-1951,,
113.56425804339068,commercial nitrogenous fertilizers,1000 tonnes,SBZ-1938-1949,Eastern Germany / Soviet Occupation Zone,fao1952,348.0,109271.16029246466,2,2.8043487484389995e-05,germany eastern|fao1952|1938-1948,,
112.93302307215629,bananas,1000 tonnes,MTQ-1816-2025,Martinique,fao1952,70.0,1126.8510732461853,4,0.0005500606320865948,martinique|fao1952|1935-1951; marcinique|fao1952|1949-1951,,
112.86330801693184,"cheese, processed",tonnes,NLD-1830-2025,Netherlands,iia,121500.0,38295.46118907003,8,0.028110993750511352,netherlands|iia|1909-1945,,
112.39204998584391,bananas,tonnes,GLP-1816-2025,Guadeloupe,mitchell,109000.0,1650.2244307993958,14,0.5876894479228758,guadeloupe|mitchell|1850-1960,,
112.26072676963652,sugar cane,ha,CUB-1800-2025,Cuba,juan,948000.0,109074.11801961382,41,0.07742100024431484,cuba|juan|1901-1960,,
112.14617323826657,wheel tractors agriculture,number,F78-1949-1990,West Germany,fao1952,138028.0,247551.87229475778,3,0.004971832868108485,germany western|fao1952|1949-1951,,
110.69818745603834,pesticides white refined other refined oil,hectoliters,BMU-1684-1968,British Crown Colony of Bermuda,fao1952,25.0,67.8255295223494,2,0.003329709197321678,bermuda|fao1952|1937-1951,,
110.2612354970978,pesticides ddt,tonnes,FRA-1919-2025,France,fao1952,15000.0,548057.8009401887,1,0.00024822301177225895,france|fao1952|1937-1951,,
108.87772009049657,condensed evaporated milk,1000 tonnes,NLD-1830-2025,Netherlands,fao1952,158.0,38295.46118907003,4,3.7894027396516215e-05,netherlands|fao1952|1937-1951; necherlands|fao1952|1949-1951,,
107.80265152893982,"coffee, green",ha,HTI-1800-2025,Haiti,juan,141600.0,27092.572875431946,19,0.04848233858028317,haiti|juan|1900-1960,,
107.68933849989513,bananas,1000 tonnes,TTPI-1947-1994,Trust Territory of the Pacific Islands,fao1952,120.0,2025.8065605565075,3,0.0005500606320865948,pacific is us trust|fao1952|1949-1951; pacific is us tr|fao1952|1949-1951; pacific is u s|fao1952|1949-1951,,
107.44659769266505,"tobacco, unmanufactured",tonnes,LBN-1920-1944,Lebanon (1920-1944),iia,56050.0,10199.46189186542,6,0.051145295153688305,lebanon|iia|1923-1943,,
106.97113109061858,grapefruits,1000 tonnes,PAL-1920-1948,Palestine (1920-1948),fao1952,49.0,27008.92924128763,1,1.6959854612560134e-05,palestine|fao1952|1937-1937; israel|fao1952|1937-1937,,
106.79164136119682,sugar raw centrifugal,tonnes,MTQ-1816-2025,Martinique,mitchell,37000.0,1126.8510732461853,108,0.3074665960637625,martinique|mitchell|1850-1960,,
106.66120732400051,"groundnuts, with shell",tonnes,SEN-1960-2025,Senegal,mitchell,892000.0,196149.59959691632,1,0.04263545805358459,senegal|mitchell|1960-1960,,
105.89512103571418,jute,ha,IND-1893-1914,India (1893-1914),iia,1193907.5,4815027.6418610485,6,0.0023415096106856885,india|iia|1909-1913,,
105.79717818342746,agaves,1000 tonnes,HTI-1800-2025,Haiti,fao1952,31.9,27092.572875431946,4,1.1129261537479109e-05,haiti|fao1952|1937-1951,,
103.53577982863905,plums and sloes,ha,ITA-1919-2025,Italy,juan,133500.0,300310.4439810905,26,0.004293588022044175,italy|juan|1919-1960,,
103.4470988221277,raisins,tonnes,GRC-1919-1947,Greece (1919-1947),iia,170500.0,129841.0864350498,19,0.012693866518375212,greece|iia|1919-1945,,
103.3728238138992,"tobacco, unmanufactured",tonnes,FRA-1919-2025,France,iia,2897600.0,548057.8009401887,3,0.051145295153688305,france|iia|1919-1945,,
103.13926723969936,potatoes,tonnes,DEU-1949-1990,"Germany (divided, 1949-1990)",juan,38298000.0,356835.2226635201,12,1.040601234644152,germany|juan|1949-1960,,
103.07143982041865,"coffee, green",ha,HTI-1800-2025,Haiti,iia,135385.5,27092.572875431946,4,0.04848233858028317,haiti|iia|1909-1945,,
103.0625706687858,tea,ha,TWN-1895-1945,Formosa (Japanese Taiwan),iia,41500.0,35993.63707155193,28,0.011187199751528947,china taiwan province of|iia|1909-1944,,
102.49413541830286,"cocoa, beans",tonnes,DOM-1800-2025,Dominican Republic,juan,22111.8,48332.9008946207,60,0.004463568657244536,dominican republic|juan|1900-1960,,
101.61483161870095,milk,1000 tonnes,NLD-1830-2025,Netherlands,fao1952,5464.0,38295.46118907003,5,0.0014041266581749038,netherlands|fao1952|1937-1951; necherlands|fao1952|1949-1951,,
101.44503737842183,tractors all purposes,number,SAA-1947-1957,Saar Protectorate,fao1952,2864.0,2565.2203150015116,3,0.011005696608006713,france saar|fao1952|1948-1951; saar|fao1952|1949-1951,,
101.36413756872044,other hard fibers,1000 tonnes,MUS-1800-2025,Mauritius,fao1952,1.5,2105.7089060802027,4,7.027625263915262e-06,mauritius|fao1952|1948-1951,,
100.08914538537653,tractors all purposes,number,LIE-1800-2025,Liechtenstein,fao1952,195.0,177.0231619716852,3,0.011005696608006713,liechtenstein|fao1952|1937-1951,,
99.51065866154869,commercial nitrogenous fertilizers,1000 tonnes,BEL-1831-2025,Belgium,fao1952,85.65,30692.03925557064,8,2.8043487484389995e-05,belgium|fao1952|1937-1951,,
99.50871645211303,pesticides copper sulphate,tonnes,GRC-1947-2025,Greece (1947-2025),fao1952,7200.0,129841.0864350498,1,0.0005572617459487168,greece|fao1952|1947-1951,,
98.93481599964372,"tobacco, unmanufactured",tonnes,DEU-1920-1938,Germany (1920-1938),iia,2382400.0,470825.35311272315,3,0.051145295153688305,germany|iia|1920-1937,,
98.82559303530829,"coffee, green",ha,SLV-1821-2025,El Salvador,juan,98500.0,20558.112635569574,24,0.04848233858028317,el salvador|juan|1900-1960,,
98.48062381164108,potatoes,tonnes,DEU-1938-1945,Germany (1938-1945),juan,50894100.0,496629.26877206715,7,1.040601234644152,germany|juan|1938-1944,,
98.37666343278276,sweet potatoes yams,1000 hectares,RYU-1945-1972,Ryukyu Islands (US Administration),fao1952,38.0,2336.8360149164137,3,0.0001652963525547975,ryukyu islands|fao1952|1949-1951,,
98.33813389668232,tomatoes,tonnes,MLT-1800-2025,Malta,juan,10000.0,291.8686793911891,5,0.34840994599121466,malta|juan|1909-1959,,
97.90840702826237,commercial potash fertilizers,1000 tonnes,DEU-1949-1990,"Germany (divided, 1949-1990)",fao1952,1492.4,356835.2226635201,6,4.271668472078077e-05,germany|fao1952|1949-1951,,
97.53776208260969,centrifugal sugar noncentrifugal cane sugar,1000 tonnes,TTO-1800-2025,Trinidad and Tobago,fao1952,142.0,4952.729517430746,4,0.0002939482959867938,british west indies trinidad and tobago|fao1952|1937-1951; british west indies trinidad tobago|fao1952|1949-1951; leeward islands trinidad and tobago|fao1952|1951-1951,,
97.27019151666642,total tractors agriculture,number,GBR-1921-2025,United Kingdom,fao1952,316725.0,243963.92905649156,4,0.013346793917923224,united kingdom|fao1952|1937-1951; united kingdom great britain|fao1952|1937-1951,,
96.8496315833418,figs,1000 tonnes,MLT-1800-2025,Malta,fao1952,1.0,291.8686793911891,1,3.537647315708841e-05,malta|fao1952|1939-1951,,
96.61362551771992,potatoes,tonnes,POL-1945-2025,Poland (1945-2025),juan,31350000.0,311827.7984931281,16,1.040601234644152,poland|juan|1945-1960,,
95.58742449194324,"coffee, green",ha,SLV-1821-2025,El Salvador,iia,95272.5,20558.112635569574,4,0.04848233858028317,el salvador|iia|1910-1944,,
95.5309269776318,jute,ha,IND-1914-1937,India (1914-1937),iia,1093769.0,4889738.947332932,17,0.0023415096106856885,india|iia|1914-1936,,
95.19549821810618,oranges,tonnes,LBN-1944-2025,Lebanon,iia,78000.0,10199.46189186542,1,0.08033428485482855,lebanon|iia|1944-1945,,
94.78728849478632,oranges,ha,DMA-1800-2025,Dominica,iia,1000.0,746.7822563482973,1,0.014127194015379808,dominica|iia|1909-1944,,
94.5928304559493,"rubber, natural",tonnes,IDN-1949-1963,Indonesia (1949-1963),mitchell,723000.0,1466396.5284180925,10,0.005212290981469361,indonesia|mitchell|1949-1960,,
94.5453568790521,other meat,1000 tonnes,BMU-1684-1968,British Crown Colony of Bermuda,fao1952,0.1,67.8255295223494,2,1.5594325731753717e-05,bermuda|fao1952|1937-1951,,
93.36928436064265,cheese,1000 tonnes,NLD-1830-2025,Netherlands,fao1952,128.5,38295.46118907003,4,3.5937825325530566e-05,netherlands|fao1952|1937-1951; necherlands|fao1952|1949-1951,,
92.70470229777062,crawler tractors agriculture,number,MUS-1800-2025,Mauritius,fao1952,197.0,2105.7089060802027,3,0.001009174175679762,mauritius|fao1952|1948-1951,,
91.15933341951414,"coffee, green",tonnes,PRI-1800-2025,Puerto Rico,juan,11793.3,8972.444342985882,61,0.014418611242477926,puerto rico|juan|1900-1960,,
90.92890658227839,cotton lint,ha,KNA-1800-2025,Saint Kitts and Nevis,iia,1619.0,262.96572046118183,37,0.06770889735806021,saint kitts and nevis|iia|1909-1945,,
90.77407443913418,cotton seed,tonnes,VCT-1833-2025,Saint Vincent and the Grenadines,iia,605.5,393.7157412058466,22,0.016942189667314478,saint vincent and the grenadines|iia|1909-1945,,
90.2480188440264,soybeans,tonnes,KOR-1945-1948,Korea (occupied),iia,425800.0,219402.24512864018,1,0.02150437935902786,south korea|iia|1945-1945,,
89.66496125498509,rice paddy,1000 hectares,TWN-1945-2025,Taiwan,fao1952,770.0,35993.63707155193,3,0.0002385845005827523,china taiwan|fao1952|1948-1951; taiwan|fao1952|1949-1951,,
89.56262648368653,coffee,1000 tonnes,SLV-1821-2025,El Salvador,fao1952,64.45,20558.112635569574,4,3.500361185590796e-05,ei salvador|fao1952|1937-1951; el salvador|fao1952|1937-1951,,
89.23325392789762,phosphate rock,1000 tonnes,PYF-1800-2025,French Polynesia,fao1952,92.0,4002.7067671664913,6,0.00025757714307060326,french oceania|fao1952|1937-1951; makatea|fao1952|1949-1951,,
88.05671223747069,butter,1000 tonnes,DNK-1920-2025,Denmark,fao1952,173.5,42638.10583746177,4,4.621033422268359e-05,denmark|fao1952|1937-1951,,
87.40706684908683,milk,1000 tonnes,DNK-1920-2025,Denmark,fao1952,5233.0,42638.10583746177,5,0.0014041266581749038,denmark|fao1952|1937-1951,,
87.39838788657927,pigs,1000 heads,SGP-1946-1963,Singapore (Crown Colony),fao1952,102.0,544.5782406954,3,0.002143070535283847,singapore|fao1952|1948-1951,,
87.15481051914536,"rice, paddy",tonnes,KOR-1948-2025,South Korea,mitchell,3086000.0,97096.9362708301,11,0.3646691560734893,south korea|mitchell|1948-1960; korea|mitchell|1949-1960,,
86.8422846723949,raisins,ha,CYP-1879-2025,Cyprus,iia,46290.5,9123.352706704041,6,0.05842600161647845,cyprus|iia|1909-1945,,
86.74016271401912,beer of barley,tonnes,DEU-1949-1990,"Germany (divided, 1949-1990)",mitchell,3221920.0,356835.2226635201,12,0.10409426519973411,germany|mitchell|1949-1960,,
85.71858546649275,rice paddy,1000 tonnes,JPN-1945-1952,Japan (occupied),fao1952,11929.0,371147.4432376307,3,0.0003749579531697933,japan|fao1952|1947-1951,,
85.4662913562447,wine,ha,ITA-1870-1919,Italy (1870-1919),iia,3472200.0,284847.5059880116,1,0.14262558949686102,italy|iia|1909-1918,,
85.36861400740784,sweet potatoes yams,1000 tonnes,TWN-1945-2025,Taiwan,fao1952,2166.0,35993.63707155193,3,0.0007049113258430571,china taiwan|fao1952|1948-1951; taiwan|fao1952|1949-1951,,
84.7580273716058,soybeans,1000 hectares,MAN-1932-1945,Manchukuo (1932-1945),fao1952,3419.0,791708.3482136662,1,5.0951037971044265e-05,china manchuria|fao1952|1937-1937,,
84.70141630022691,"rice, paddy",tonnes,JPN-1952-2025,Japan,mitchell,11464000.0,371147.4432376307,9,0.3646691560734893,japan|mitchell|1952-1960,,
84.51789594607956,pesticides benzene hexachloride,tonnes,SAA-1947-1957,Saar Protectorate,fao1952,42.0,2565.2203150015116,3,0.0001937206613078392,france saar|fao1952|1948-1951; saar|fao1952|1949-1951,,
84.49970798069641,pesticides copper sulphate,tonnes,LUX-1839-2025,Luxembourg,fao1952,122.0,2590.86862192315,3,0.0005572617459487168,luxembourg|fao1952|1937-1951,,
84.29399171424308,potatoes,tonnes,DEU-1920-1938,Germany (1920-1938),juan,41299120.0,470825.35311272315,18,1.040601234644152,germany|juan|1920-1937,,
84.08368065844374,rice paddy,1000 hectares,IDN-BLB-1949-1951,"Bali and Lombok (within Indonesia, 1949-1951)",fao1952,204.0,10168.952683948575,3,0.0002385845005827523,indonesia bali and lombok|fao1952|1949-1951,,
83.90318546268338,wheel tractors agriculture,number,CHE-1800-2025,Switzerland,fao1952,17300.0,41471.63260807535,3,0.004971832868108485,switzerland|fao1952|1936-1951,,
83.8911019520456,mustard seed,tonnes,NLD-1830-2025,Netherlands,juan,2298.313351,38295.46118907003,9,0.0007153952244390988,netherlands|juan|1850-1960,,
83.8039725288111,centrifugal sugar noncentrifugal cane sugar,1000 tonnes,JAM-1800-2025,Jamaica,fao1952,271.0,11001.039856468184,4,0.0002939482959867938,british west indies jamaica|fao1952|1938-1951; jamaica|fao1952|1949-1951; br west indies jamaica|fao1952|1949-1951,,
83.78094314276828,commercial phosphoric acid,1000 tonnes,BEL-1831-2025,Belgium,fao1952,159.85000000000002,30692.03925557064,8,6.216438630535554e-05,belgium|fao1952|1937-1951,,
83.65978968386283,wheel tractors agriculture,number,DNK-1920-2025,Denmark,fao1952,17735.0,42638.10583746177,3,0.004971832868108485,denmark|fao1952|1937-1951,,
83.49092985714346,sunflower seed,ha,HUN-1944-1947,Hungary (1944-1947),juan,444000.0,93004.31166177182,3,0.05717953106849637,hungary|juan|1944-1946,,
82.72599601334379,rice paddy,1000 tonnes,HKG-1842-2025,Hong Kong,fao1952,35.0,1128.3490558475178,3,0.0003749579531697933,hong kong|fao1952|1937-1951,,
82.53298692106664,total tractors agriculture,number,LIE-1800-2025,Liechtenstein,fao1952,195.0,177.0231619716852,3,0.013346793917923224,liechtenstein|fao1952|1937-1951,,
82.53180634106448,"coffee, green",tonnes,HTI-1800-2025,Haiti,iia,32240.0,27092.572875431946,6,0.014418611242477926,haiti|iia|1909-1945,,
81.90253674409954,"other citrus fruit, n.e.c.",tonnes,PAL-1920-1948,Palestine (1920-1948),mitchell,386000.0,27008.92924128763,2,0.17449483815301534,israel|mitchell|1935-1947; israel palestine|mitchell|1925-1948,,
81.3431472592981,"coffee, green",ha,GLP-1816-2025,Guadeloupe,iia,6508.0,1650.2244307993958,27,0.04848233858028317,guadeloupe|iia|1909-1945,,
80.97179430421885,bananas,1000 tonnes,GLP-1816-2025,Guadeloupe,fao1952,73.5,1650.2244307993958,4,0.0005500606320865948,guadeloupe|fao1952|1937-1951,,
80.61577048431687,rice paddy,1000 tonnes,KOR-1948-2025,South Korea,fao1952,2935.0,97096.9362708301,3,0.0003749579531697933,korea south|fao1952|1948-1951; korea|fao1952|1949-1951,,
80.19155809186846,centrifugal sugar noncentrifugal cane sugar,1000 tonnes,PRI-1800-2025,Puerto Rico,fao1952,211.5,8972.444342985882,4,0.0002939482959867938,puerto rico|fao1952|1935-1951,,
80.13364167856464,crawler tractors agriculture,number,HAWI-1898-1959,Territory of Hawaii,fao1952,1345.0,16631.877439866264,1,0.001009174175679762,hawaii|fao1952|1937-1951,,
79.70119494581019,"rubber, natural",tonnes,RVN-1954-1975,Republic of Vietnam (South Vietnam),mitchell,70000.0,168501.8039144004,5,0.005212290981469361,viet nam|mitchell|1955-1960,,
79.43904011767104,soybeans,1000 hectares,KRS-1910-1945,Korea South (within Japanese Chosen),fao1952,393.0,97096.9362708301,1,5.0951037971044265e-05,korea south|fao1952|1939-1939,,
79.34515710556819,wheel tractors agriculture,number,USA-1867-1959,United States (1867-1959),fao1952,3513500.0,8906416.741310216,2,0.004971832868108485,united states|fao1952|1931-1951; united states and dependent territories|fao1952|1949-1951,,
79.25521707464146,sunflower seed,tonnes,HUN-1944-1947,Hungary (1944-1947),juan,147100.0,93004.31166177182,2,0.019956378396729715,hungary|juan|1944-1946,,
78.91732810662994,natural rubber,1000 tonnes,BSW-1841-1963,Sarawak (Brooke Raj / Crown Colony),fao1952,41.55,124229.62090094597,4,4.238122399211664e-06,british borneo sarawak|fao1952|1937-1951; sarawak|fao1952|1951-1951,,
78.7820783798656,wheel tractors agriculture,number,NLD-1830-2025,Netherlands,fao1952,15000.0,38295.46118907003,1,0.004971832868108485,netherlands|fao1952|1937-1951; necherlands|fao1952|1949-1951,,
78.43973937604244,soybeans,1000 tonnes,KRS-1910-1945,Korea South (within Japanese Chosen),fao1952,280.0,97096.9362708301,1,3.6763458669968475e-05,korea south|fao1952|1939-1939,,
78.21090799503223,pesticides rotenone,tonnes,ISR-1948-1967,Israel (1948-1967),fao1952,50.0,20786.111689025718,1,3.075596938414092e-05,israel|fao1952|1948-1951,,
77.8495566160258,sugar raw centrifugal,tonnes,GLP-1816-2025,Guadeloupe,mitchell,39500.0,1650.2244307993958,104,0.3074665960637625,guadeloupe|mitchell|1850-1960,,
77.5543690854806,rice paddy,1000 hectares,TWN-1895-1945,Formosa (Japanese Taiwan),fao1952,666.0,35993.63707155193,1,0.0002385845005827523,china taiwan|fao1952|1937-1937,,
77.44533408137448,beer of barley,tonnes,DEU-1871-1919,German Empire (1871-1919),mitchell,4353600.0,540040.6645623595,47,0.10409426519973411,germany|mitchell|1871-1918,,
77.40408812988103,"silk-worm cocoons, reelable",tonnes,ITA-1870-1919,Italy (1870-1919),iia,38580.0,284847.5059880116,11,0.001749789891421794,italy|iia|1909-1918,,
77.1096921853638,"cacao, beans",ha,MTQ-1816-2025,Martinique,iia,5000.0,1126.8510732461853,9,0.0575432666059208,martinique|iia|1909-1945,,
77.08809901218133,wheel tractors agriculture,number,LUX-1839-2025,Luxembourg,fao1952,993.0,2590.86862192315,3,0.004971832868108485,luxembourg|fao1952|1937-1951,,
76.92287052503976,grapefruit (inc. pomelos),ha,PRI-1800-2025,Puerto Rico,juan,5000.0,8972.444342985882,5,0.007244422135381938,puerto rico|juan|1900-1960,,
76.67772154566937,potatoes,tonnes,POL-1921-1945,Poland (1921-1945),juan,30988380.0,388369.69735582283,23,1.040601234644152,poland|juan|1921-1944,,
75.54282860062293,potatoes,tonnes,BEL-1831-2025,Belgium,juan,2412700.0,30692.03925557064,57,1.040601234644152,belgium|juan|1856-1960,,
75.21371825967358,goats,1000 heads,MLT-1800-2025,Malta,fao1952,51.0,291.8686793911891,3,0.0023231947845977954,malta|fao1952|1939-1951,,
74.87515854863638,rice paddy,1000 tonnes,KRS-1910-1945,Korea South (within Japanese Chosen),fao1952,2726.0,97096.9362708301,1,0.0003749579531697933,korea south|fao1952|1939-1939,,
74.7616979291245,"tobacco, unmanufactured",tonnes,ROU-1920-1940,Romania (1920-1940),iia,1132300.0,296126.08291605173,3,0.051145295153688305,romania|iia|1920-1939,,
74.74855324726397,commercial potash fertilizers,1000 tonnes,BEL-1831-2025,Belgium,fao1952,98.0,30692.03925557064,3,4.271668472078077e-05,belgium|fao1952|1937-1951,,
74.35227706526528,sunflower seed,tonnes,HUN-1947-2025,Hungary (1947-2025),juan,138000.0,93004.31166177182,7,0.019956378396729715,hungary|juan|1947-1960,,
74.1586184937257,flax fiber,1000 tonnes,BEL-1831-2025,Belgium,fao1952,21.9,30692.03925557064,4,9.621809167204295e-06,belgium|fao1952|1937-1951,,
74.11158151847955,natural rubber,1000 tonnes,LBR-1847-2025,Liberia,fao1952,30.15,95990.38646648961,4,4.238122399211664e-06,liberia|fao1952|1937-1951,,
74.08921966982243,soybeans,tonnes,DNK-1864-1920,Denmark (to 1920),juan,61500.711240000004,38600.96881216958,3,0.02150437935902786,denmark|juan|1866-1919,,
73.98916728708876,potatoes,tonnes,F51-1938-1945,Czechoslovakia (1938-1945),juan,7754200.0,100712.76559040853,7,1.040601234644152,czechoslovakia|juan|1938-1944,,
73.89440496496147,sugar raw centrifugal,tonnes,GLP-1816-2025,Guadeloupe,iia,37493.2,1650.2244307993958,5,0.3074665960637625,guadeloupe|iia|1909-1945,,
73.60842133705842,beer of barley,tonnes,DEU-1938-1945,Germany (1938-1945),mitchell,3805280.0,496629.26877206715,6,0.10409426519973411,germany|mitchell|1938-1943,,
73.6042419543634,potatoes,tonnes,MLT-1800-2025,Malta,juan,22355.0,291.8686793911891,48,1.040601234644152,malta|juan|1909-1959,,
73.55239454297595,sesame seed,tonnes,DNK-1920-2025,Denmark,juan,13676.0821,42638.10583746177,1,0.004360808143068674,denmark|juan|1920-1960,,
73.38288042451728,oranges,ha,PAL-1920-1948,Palestine (1920-1948),iia,28000.0,27008.92924128763,7,0.014127194015379808,israel|iia|1922-1945,,
73.34378900270252,soybeans,tonnes,USA-1959-2025,United States of America,juan,14923500.0,9461945.33959317,2,0.02150437935902786,united states of america|juan|1959-1960,,
73.27590521862693,"coffee, green",tonnes,HTI-1800-2025,Haiti,juan,28624.3,27092.572875431946,54,0.014418611242477926,haiti|juan|1900-1960,,
73.17273818304052,commercial potash fertilizers,1000 tonnes,NLD-1830-2025,Netherlands,fao1952,119.7,38295.46118907003,7,4.271668472078077e-05,netherlands|fao1952|1937-1951; necherlands|fao1952|1949-1951,,
72.76487861633495,k,tonnes,DEU-1920-1938,Germany (1920-1938),iia,1077600.0,470825.35311272315,5,0.03145400364042851,germany|iia|1920-1937,,
72.63787090391456,use forests woodlands,1000 hectares,NZL-1840-2025,New Zealand,fao1952,477897.0,268690.2547565733,1,0.02448608107243805,new zealand|fao1952|1937-1951,,
72.597899836562,tobacco,1000 tonnes,PRI-1800-2025,Puerto Rico,fao1952,12.100000000000001,8972.444342985882,4,1.857592889369951e-05,puerto rico|fao1952|1935-1951,,
72.57015324164861,commercial potash fertilizers,1000 tonnes,F78-1949-1990,West Germany,fao1952,767.4,247551.87229475778,6,4.271668472078077e-05,germany western|fao1952|1949-1951,,
72.23015530482529,dry peas,1000 hectares,LSO-1886-1966,Lesotho (1886-1966),fao1952,82.0,30503.327588120435,4,3.721757608611355e-05,basutoland|fao1952|1937-1951,,
71.21360250747847,soybeans,tonnes,DNK-1920-2025,Denmark,juan,65296.17964,42638.10583746177,2,0.02150437935902786,denmark|juan|1920-1960,,
71.00507601859418,milk,1000 tonnes,BEL-1831-2025,Belgium,fao1952,3060.0,30692.03925557064,5,0.0014041266581749038,belgium|fao1952|1937-1951,,
70.91188140511458,"cacao, beans",tonnes,GHA-1898-1957,Ghana (1898-1957),iia,244085.4,212451.0108587234,4,0.016201827088642793,ghana|iia|1909-1945,,
70.76785102791744,cropa,1000 tonnes,TON-1800-2025,Tonga,fao1952,17.4,756.9079967530139,3,0.00032484048249375574,tonga|fao1952|1937-1951,,
70.6716951796978,cotton seed,ha,KNA-1800-2025,Saint Kitts and Nevis,iia,1416.0,262.96572046118183,24,0.07619361970864685,saint kitts and nevis|iia|1909-1945,,
70.6060148811969,natural rubber,1000 tonnes,IDN-1949-1963,Indonesia (1949-1963),fao1952,438.8,1466396.5284180925,9,4.238122399211664e-06,indonesia|fao1952|1949-1951,,
70.25846665807674,crawler tractors agriculture,number,VIR-1917-2025,United States Virgin Islands,fao1952,26.0,366.69800904313075,3,0.001009174175679762,virgin islands us|fao1952|1937-1951; virgin is us|fao1952|1936-1951,,
70.24863778066897,raisins,1000 tonnes,CYP-1879-2025,Cyprus,fao1952,15.0,9123.352706704041,3,2.3404474106085345e-05,cyprus|fao1952|1937-1951,,
70.232096240035,soybeans,1000 hectares,KOR-1800-1945,Korea (to 1945),fao1952,785.0,219371.89647949164,1,5.0951037971044265e-05,korea|fao1952|1937-1937,,
70.1745742989769,sugar raw centrifugal,tonnes,DWI-1800-1917,Danish West Indies,iia,7912.0,366.69800904313075,9,0.3074665960637625,united states virgin islands|iia|1909-1916,,
69.82886208193132,"rice, paddy",ha,TWN-1945-2025,Taiwan,mitchell,773000.0,35993.63707155193,16,0.3075521700544461,china taiwan province of|mitchell|1945-1960,,
69.81242951993845,"cacao, beans",ha,DMA-1800-2025,Dominica,iia,3000.0,746.7822563482973,10,0.0575432666059208,dominica|iia|1909-1944,,
69.08559233052745,"rubber, natural",tonnes,LKA-1800-2025,Sri Lanka,iia,23750.0,65954.96220180139,1,0.005212290981469361,sri lanka|iia|1909-1945,,
69.03499347521958,"marine fish, other",tonnes,JPN-1952-2025,Japan,mitchell,4913000.0,371147.4432376307,9,0.19174807067242947,japan|mitchell|1952-1960,,
68.69186648979469,lemons and limes,ha,ITA-1919-2025,Italy,iia,90500.0,300310.4439810905,4,0.0043870524430124356,italy|iia|1919-1945,,
68.33479935853612,sweet potatoes,ha,TWN-1945-2025,Taiwan,mitchell,230000.0,35993.63707155193,15,0.0935104569254406,china taiwan province of|mitchell|1945-1960,,
68.26274223983327,sugar cane,tonnes,TWN-1945-2025,Taiwan,mitchell,741000.0,35993.63707155193,16,0.3015843103313033,china taiwan province of|mitchell|1945-1960,,
68.12901061541733,natural rubber,1000 tonnes,BNB-1881-1963,British North Borneo,fao1952,20.95,72556.85503353662,4,4.238122399211664e-06,british borneo north borneo|fao1952|1937-1951; british north borneo|fao1952|1949-1951,,
67.95760504289804,"cacao, beans",ha,LCA-1838-2025,Saint Lucia,iia,2400.0,613.7318536183993,32,0.0575432666059208,saint lucia|iia|1909-1945,,
67.77247446903075,oranges tangerines clementines,1000 tonnes,ISR-1948-1967,Israel (1948-1967),fao1952,279.0,20786.111689025718,3,0.00019805125743761192,israel|fao1952|1948-1951,,
67.70103222048711,soybeans,1000 tonnes,KOR-1800-1945,Korea (to 1945),fao1952,546.0,219371.89647949164,1,3.6763458669968475e-05,korea|fao1952|1937-1937,,
67.41978574141405,"rice, paddy",tonnes,JPN-1945-1952,Japan (occupied),mitchell,9125000.0,371147.4432376307,6,0.3646691560734893,japan|mitchell|1945-1951,,
66.9763452983895,"tobacco, unmanufactured",tonnes,USA-1867-1959,United States (1867-1959),iia,30509152.75,8906416.741310216,4,0.051145295153688305,united states of america|iia|1909-1945,,
66.89081055312441,"cacao, beans",tonnes,GHA-1957-2025,Ghana,mitchell,259000.0,238984.26783191218,3,0.016201827088642793,ghana|mitchell|1957-1960,,
66.59497737335626,use agricultural area arable land orchards,1000 hectares,NCL-1800-2025,New Caledonia,fao1952,17612.0,18797.545739110246,1,0.014069091393512485,new caledonia|fao1952|1937-1951,,
66.49775333254097,beer of barley,tonnes,F51-1947-1993,Czechoslovakia (1947-1993),mitchell,883240.0,127598.31888643919,14,0.10409426519973411,czech republic|mitchell|1947-1960,,
66.463312230469,"tobacco, unmanufactured",tonnes,ALB-1913-2025,Albania (1913-2025),iia,97300.0,28623.66037700785,3,0.051145295153688305,albania|iia|1933-1941,,
66.151210679005,cotton lint,ha,GRD-1800-2025,Grenada,iia,1610.0,359.45318636546244,22,0.06770889735806021,grenada|iia|1909-1945,,
66.08724248409969,cotton seed,ha,GRD-1800-2025,Grenada,iia,1810.0,359.45318636546244,16,0.07619361970864685,grenada|iia|1909-1945,,
65.89627228098746,jute allied fibres,1000 hectares,PAK-1949-1971,Pakistan (1949-1971),fao1952,632.0,1014356.6530305491,3,9.455087423902522e-06,pakistan|fao1952|1949-1951,,
65.77218978350594,olives,tonnes,ITA-1861-1866,Italy (1861-1866),juan,1908000.0,247918.08540998364,5,0.11701131491879327,italy|juan|1861-1865,,
65.69616258738084,dry peas,1000 hectares,RWB-1922-1962,Ruanda-Urundi (1922-1962),fao1952,128.0,52350.62635979226,3,3.721757608611355e-05,ruanda urundi|fao1952|1937-1951,,
65.68578667917922,potatoes,tonnes,F51-1945-1947,Czechoslovakia (1945-1947),juan,7640000.0,111773.18236346252,2,1.040601234644152,czechoslovakia|juan|1945-1946,,
65.01419609997589,beer of barley,tonnes,DEU-1920-1938,Germany (1920-1938),mitchell,3186360.0,470825.35311272315,16,0.10409426519973411,germany|mitchell|1920-1937,,
64.8925816794221,coffee,1000 tonnes,TTO-1800-2025,Trinidad and Tobago,fao1952,11.25,4952.729517430746,4,3.500361185590796e-05,british west indies trinidad and tobago|fao1952|1937-1951; british west indies trinidad tobago|fao1952|1949-1951; leeward islands trinidad and tobago|fao1952|1951-1951,,
64.68314496166207,oranges tangerines clementines,1000 tonnes,PAL-1920-1948,Palestine (1920-1948),fao1952,346.0,27008.92924128763,1,0.00019805125743761192,palestine|fao1952|1937-1937; israel|fao1952|1937-1937,,
64.44855493220517,broad beans,1000 tonnes,MLT-1800-2025,Malta,fao1952,1.0,291.8686793911891,4,5.31617566225664e-05,malta|fao1952|1939-1951,,
64.18282057926476,sugar cane,ha,CUB-1800-2025,Cuba,mitchell,542000.0,109074.11801961382,1,0.07742100024431484,cuba|mitchell|1850-1960,,
64.11315969639007,peaches and nectarines,ha,ITA-1919-2025,Italy,juan,195473.5,300310.4439810905,26,0.010152436278661482,italy|juan|1919-1960,,
64.10293651387957,raisins,1000 tonnes,GRC-1919-1947,Greece (1919-1947),fao1952,194.8,129841.0864350498,1,2.3404474106085345e-05,greece|fao1952|1937-1938,,
63.88531763189084,use agricultural area permanent peadows pastures,1000 hectares,GUY-1800-2025,Guyana,fao1952,202723.0,210473.9166919121,1,0.015076609392860877,british guiana|fao1952|1937-1951,,
63.80808687210782,"tobacco, unmanufactured",ha,PRI-1800-2025,Puerto Rico,juan,15000.0,8972.444342985882,39,0.02620020940601075,puerto rico|juan|1900-1960,,
63.656140261757116,potatoes,tonnes,DEU-1945-1949,Allied-occupied Germany,juan,23637000.0,356835.2226635201,3,1.040601234644152,germany|juan|1945-1948,,
63.428900468064334,"groundnuts, with shell",ha,SWZ-1894-2025,Eswatini,iia,17000.0,17103.37897968958,1,0.01567039051079133,eswatini|iia|1922-1944,,
62.64975597435351,sugar raw centrifugal,tonnes,CUB-1800-2025,Cuba,iia,2101062.8,109074.11801961382,5,0.3074665960637625,cuba|iia|1909-1936,,
62.64336202257094,sweet potatoes yams,1000 hectares,BRB-1800-2025,Barbados,fao1952,4.5,434.58445270912586,4,0.0001652963525547975,british west indies barbados|fao1952|1935-1951; br west indies barbados|fao1952|1950-1951,,
62.590418186728755,sugar cane,ha,TTO-1800-2025,Trinidad and Tobago,mitchell,24000.0,4952.729517430746,70,0.07742100024431484,trinidad and tobago|mitchell|1850-1960,,
62.20453934245477,cotton lint,tonnes,KNA-1800-2025,Saint Kitts and Nevis,iia,200.0,262.96572046118183,37,0.01222668655598026,saint kitts and nevis|iia|1909-1945,,
62.166356055397664,sugar raw centrifugal,tonnes,PRI-1800-2025,Puerto Rico,mitchell,171500.0,8972.444342985882,108,0.3074665960637625,puerto rico|mitchell|1850-1960,,
62.11306781687374,pesticides ddt,tonnes,MLT-1800-2025,Malta,fao1952,4.5,291.8686793911891,2,0.00024822301177225895,malta|fao1952|1939-1951,,
61.47616396263006,hops,tonnes,POL-1921-1945,Poland (1921-1945),iia,167500.0,388369.69735582283,3,0.007015565997551479,poland|iia|1921-1944,,
61.25049373534652,crawler tractors agriculture,number,GBR-1921-2025,United Kingdom,fao1952,15080.0,243963.92905649156,3,0.001009174175679762,united kingdom|fao1952|1937-1951; united kingdom great britain|fao1952|1937-1951,,
61.187639031999296,commercial nitrogenous fertilizers,1000 tonnes,F77-1949-1990,East Germany,fao1952,187.5,109271.16029246466,6,2.8043487484389995e-05,germany eastern|fao1952|1949-1951,,
61.09785685996229,potatoes,tonnes,POL-1920-1921,Poland (1920-1921),juan,18096340.0,284629.8433655667,1,1.040601234644152,poland|juan|1920-1920,,
61.00936432524871,"cacao, beans",tonnes,GHA-1898-1957,Ghana (1898-1957),mitchell,210000.0,212451.0108587234,59,0.016201827088642793,ghana|mitchell|1898-1956,,
60.77206167442465,potatoes,tonnes,F51-1918-1938,Czechoslovakia (1918-1938),juan,8872880.0,140306.01867415186,19,1.040601234644152,czechoslovakia|juan|1919-1937,,
60.50016404975488,oats,1000 hectares,DEU-1949-1990,"Germany (divided, 1949-1990)",fao1952,11831.5,356835.2226635201,2,0.0005480441413084785,germany|fao1952|1949-1951,,
60.16843669426455,oranges,tonnes,LBN-1920-1944,Lebanon (1920-1944),iia,49300.0,10199.46189186542,5,0.08033428485482855,lebanon|iia|1923-1943,,
60.05688626628691,cotton lint,ha,VCT-1833-2025,Saint Vincent and the Grenadines,iia,1601.0,393.7157412058466,37,0.06770889735806021,saint vincent and the grenadines|iia|1909-1945,,
60.000950467510265,"peas, dry",tonnes,NLD-1830-2025,Netherlands,juan,86000.0,38295.46118907003,10,0.03742768943305867,netherlands|juan|1850-1960,,
59.84070225269352,funflower seed,1000 hectares,HUN-1947-2025,Hungary (1947-2025),fao1952,288.0,93004.31166177182,1,5.174789919115008e-05,hungary|fao1952|1947-1951,,
59.81196103315082,"silk-worm cocoons, reelable",tonnes,ITA-1919-2025,Italy,iia,31430.0,300310.4439810905,26,0.001749789891421794,italy|iia|1919-1945,,
59.488779125793435,use agricultural area arable land orchards,1000 hectares,ISR-1948-1967,Israel (1948-1967),fao1952,17397.0,20786.111689025718,1,0.014069091393512485,israel|fao1952|1948-1951,,
59.43390778448968,rice paddy,1000 hectares,HKG-1842-2025,Hong Kong,fao1952,16.0,1128.3490558475178,3,0.0002385845005827523,hong kong|fao1952|1937-1951,,
59.28970702451939,olives,tonnes,ITA-1866-1870,Italy (1866-1870),juan,1892000.0,272718.1034096426,4,0.11701131491879327,italy|juan|1866-1869,,
59.17521705374188,potatoes,tonnes,LUX-1839-2025,Luxembourg,juan,159540.0,2590.86862192315,54,1.040601234644152,luxembourg|juan|1861-1960,,
59.16935659694771,sweet potatoes yams,1000 tonnes,MTQ-1816-2025,Martinique,fao1952,47.0,1126.8510732461853,2,0.0007049113258430571,martinique|fao1952|1935-1951; marcinique|fao1952|1949-1951,,
59.04402000467787,oranges,tonnes,PAL-1920-1948,Palestine (1920-1948),iia,128110.35,27008.92924128763,12,0.08033428485482855,israel|iia|1922-1945,,
58.922804797757216,sunflower seed,tonnes,BGR-1940-2025,Bulgaria (1940-2025),juan,130500.0,110980.16597322695,13,0.019956378396729715,bulgaria|juan|1940-1960,,
58.87800531196557,funflower seed,1000 tonnes,BGR-1919-1940,Bulgaria (1919-1940),fao1952,130.0,103263.13610091528,1,2.138183399649612e-05,bulgaria|fao1952|1937-1939,,
58.736331690980336,"tobacco, unmanufactured",tonnes,HND-1800-2025,Honduras,iia,337300.0,112280.36927334526,2,0.051145295153688305,honduras|iia|1912-1933,,
58.6904870438443,sunflower seed,tonnes,ROU-1947-2025,Romania (1947-2025),juan,278000.0,237353.3426676344,5,0.019956378396729715,romania|juan|1947-1960,,
58.292980460146026,"groundnuts, with shell",tonnes,SEN-1886-1960,Senegal (1886-1960),mitchell,487500.0,196149.59959691632,42,0.04263545805358459,senegal|mitchell|1886-1959,,
58.27922463676109,potatoes,tonnes,DEU-1871-1919,German Empire (1871-1919),juan,32751000.0,540040.6645623595,48,1.040601234644152,germany|juan|1871-1918,,
58.23244367235879,hops,tonnes,FRA-1919-2025,France,iia,223900.0,548057.8009401887,3,0.007015565997551479,france|iia|1919-1945,,
58.140962011234144,"rubber, natural",ha,LKA-1800-2025,Sri Lanka,iia,244500.0,65954.96220180139,15,0.06376012712165309,sri lanka|iia|1909-1945,,
57.90318638641525,sugar cane,tonnes,SLV-1821-2025,El Salvador,juan,359000.0,20558.112635569574,7,0.3015843103313033,el salvador|juan|1900-1960,,
57.88981297880118,sugar cane,tonnes,HTI-1800-2025,Haiti,juan,473000.0,27092.572875431946,3,0.3015843103313033,haiti|juan|1900-1960,,
57.41382480194281,lemons limes other citrus,1000 tonnes,GRD-1800-2025,Grenada,fao1952,1.0,359.45318636546244,3,4.8455288370861826e-05,british west indies grenada|fao1952|1949-1951; windward islands grenada|fao1952|1950-1950; br west indies grenada|fao1952|1951-1951,,
56.95603773497463,"silk-worm cocoons, reelable",tonnes,CHN-1914-1921,China (1914-1921),iia,902881.554,9059518.330598813,1,0.001749789891421794,china mainland|iia|1914-1917,,
56.84801480692978,figs,tonnes,PRT-1800-2025,Portugal,juan,248000.0,91804.90167728892,1,0.04751935178269498,portugal|juan|1850-1960,,
56.48284000266391,"butter, cow milk",tonnes,DNK-1920-2025,Denmark,iia,130400.0,42638.10583746177,8,0.05414559903477284,denmark|iia|1920-1945,,
56.47463713285273,manila fibre (abaca),ha,PHL-1800-2025,Philippines,iia,484880.0,291824.6113461748,17,0.029421099994807076,philippines|iia|1909-1945,,
56.41405797689213,buckwheat,tonnes,FRA-1800-1871,"France (with Alsace-Lorraine, to 1871)",juan,662950.0,533998.9160465385,2,0.02200660553990275,france|juan|1850-1870,,
56.279123200785854,crawler tractors agriculture,number,MTQ-1816-2025,Martinique,fao1952,64.0,1126.8510732461853,3,0.001009174175679762,martinique|fao1952|1935-1951; marcinique|fao1952|1949-1951,,
56.083741623511635,grapes,tonnes,MLT-1800-2025,Malta,iia,6400.0,291.8686793911891,3,0.3909808631507594,malta|iia|1909-1945,,
56.037021671071514,wool clean basis,1000 tonnes,NZL-1840-2025,New Zealand,fao1952,118.0,268690.2547565733,4,7.837093848313055e-06,new zealand|fao1952|1937-1951,,
55.9425946915933,potatoes,tonnes,F51-1947-1993,Czechoslovakia (1947-1993),juan,7428000.0,127598.31888643919,14,1.040601234644152,czechoslovakia|juan|1947-1960,,
55.87767295583727,sweet potatoes,tonnes,JPN-1952-2025,Japan,mitchell,6277000.0,371147.4432376307,9,0.30266858335749697,japan|mitchell|1952-1960,,
55.80083331637606,potatoes,tonnes,DEU-1866-1871,North German Confederation (1866-1871),juan,20077000.0,345759.2420559496,5,1.040601234644152,germany|juan|1866-1870,,
55.16765462267616,cotton lint,ha,HTI-1800-2025,Haiti,iia,101200.0,27092.572875431946,9,0.06770889735806021,haiti|iia|1909-1945,,
54.927004394384404,other meat,1000 tonnes,MLT-1800-2025,Malta,fao1952,0.25,291.8686793911891,6,1.5594325731753717e-05,malta|fao1952|1939-1951,,
54.803174029931945,"groundnuts, with shell",tonnes,SEN-1886-1960,Senegal (1886-1960),iia,458315.0,196149.59959691632,4,0.04263545805358459,senegal|iia|1922-1945,,
54.66552752449001,commercial nitrogenous fertilizers,1000 tonnes,F78-1949-1990,West Germany,fao1952,379.5,247551.87229475778,6,2.8043487484389995e-05,germany western|fao1952|1949-1951,,
54.661956291174796,oats,tonnes,F248-1920-1947,Yugoslavia (1920-1947),iia,17213000.0,255146.9119704287,7,1.2341873244512422,serbia|iia|1945-1945,,
54.637526872209044,grapes,tonnes,ITA-1919-2025,Italy,juan,6415300.0,300310.4439810905,42,0.3909808631507594,italy|juan|1919-1960,,
54.50987248156611,potatoes,tonnes,NLD-1830-2025,Netherlands,juan,2172235.0,38295.46118907003,110,1.040601234644152,netherlands|juan|1850-1960,,
54.360498654993116,commercial nitrogenous fertilizers,1000 tonnes,DNK-1920-2025,Denmark,fao1952,65.0,42638.10583746177,4,2.8043487484389995e-05,denmark|fao1952|1937-1951,,
54.042243320139555,crawler tractors agriculture,number,GLP-1816-2025,Guadeloupe,fao1952,90.0,1650.2244307993958,3,0.001009174175679762,guadeloupe|fao1952|1937-1951,,
53.95768890804456,natural rubber,1000 tonnes,BRN-1888-2025,Brunei Darussalam,fao1952,1.3,5684.817370937049,12,4.238122399211664e-06,british borneo brunei|fao1952|1937-1951,,
53.89713346203011,other sugar crops n.e.c.,tonnes,ITA-1919-2025,Italy,iia,27000.0,300310.4439810905,8,0.001668121425137556,italy|iia|1919-1945,,
53.89270191256048,sesame seed,tonnes,DNK-1864-1920,Denmark (to 1920),juan,9071.834993499999,38600.96881216958,2,0.004360808143068674,denmark|juan|1866-1919,,
53.37817993248765,"other citrus fruit, n.e.c.",tonnes,LBN-1944-2025,Lebanon,mitchell,95000.0,10199.46189186542,15,0.17449483815301534,lebanon|mitchell|1944-1960,,
53.36107722570746,"cacao, beans",tonnes,LCA-1838-2025,Saint Lucia,iia,530.6,613.7318536183993,35,0.016201827088642793,saint lucia|iia|1909-1945,,
53.32420086493467,hemp fiber,1000 tonnes,HUN-1947-2025,Hungary (1947-2025),fao1952,66.4,93004.31166177182,3,1.338876876051239e-05,hungary|fao1952|1947-1951,,
53.23277506329145,broad beans,1000 hectares,MLT-1800-2025,Malta,fao1952,1.0,291.8686793911891,4,6.436257339408649e-05,malta|fao1952|1939-1951,,
53.218652810574326,sugar raw centrifugal,tonnes,REU-1816-1946,Réunion (French Colony),iia,42921.4,2623.08318152435,37,0.3074665960637625,reunion|iia|1909-1945,,
53.19619818255869,"eggs, hen, in shell",tonnes,BEL-1831-2025,Belgium,iia,86779.0,30692.03925557064,17,0.05315061583743646,belgium|iia|1909-1945,,
53.12240351180711,"onions, dry",tonnes,MLT-1800-2025,Malta,juan,4000.0,291.8686793911891,5,0.25798519385294594,malta|juan|1909-1959,,
53.01735493090409,goats,heads,MLT-1800-2025,Malta,juan,33500.0,291.8686793911891,44,2.164907062620966,malta|juan|1909-1959,,
52.94217047059667,use forests woodlands,1000 hectares,MOZ-1891-1975,Mozambique (1891-1975),fao1952,1019400.0,786363.9654534609,1,0.02448608107243805,mozambique|fao1952|1937-1951,,
52.75565700613791,other meat,1000 tonnes,BEL-1831-2025,Belgium,fao1952,25.25,30692.03925557064,4,1.5594325731753717e-05,belgium|fao1952|1937-1951,,
52.538156280214686,"eggs, hen, in shell",tonnes,NLD-1830-2025,Netherlands,iia,106937.6,38295.46118907003,18,0.05315061583743646,netherlands|iia|1909-1945,,
52.49111784088208,rice paddy,1000 hectares,KRS-1910-1945,Korea South (within Japanese Chosen),fao1952,1216.0,97096.9362708301,1,0.0002385845005827523,korea south|fao1952|1939-1939,,
52.45675103453867,beer of barley,tonnes,DEU-1866-1871,North German Confederation (1866-1871),mitchell,1888000.0,345759.2420559496,5,0.10409426519973411,germany|mitchell|1866-1870,,
52.377600936430554,olives,1000 tonnes,PRT-1800-2025,Portugal,fao1952,694.0,91804.90167728892,3,0.00014432713750806443,portugal|fao1952|1934-1951,,
52.26710563283214,centrifugal sugar noncentrifugal cane sugar,1000 tonnes,TWN-1945-2025,Taiwan,fao1952,553.0,35993.63707155193,3,0.0002939482959867938,china taiwan|fao1952|1948-1951; taiwan|fao1952|1949-1951,,
52.18202924715047,hemp tow waste,ha,PHL-1800-2025,Philippines,iia,500317.0,291824.6113461748,7,0.03285506873631145,philippines|iia|1909-1945,,
52.172557240069175,jute allied fibres,1000 tonnes,TWN-1895-1945,Formosa (Japanese Taiwan),fao1952,11.0,35993.63707155193,1,5.857669004677044e-06,china taiwan|fao1952|1937-1937,,
52.13124141017158,sesame seed,ha,MMR-1885-2025,Myanmar,iia,555000.0,675971.0487679241,13,0.01574950179384403,myanmar|iia|1933-1945,,
52.09383103963926,grapes,ha,ITA-1870-1919,Italy (1870-1919),iia,3472200.0,284847.5059880116,1,0.23399469656051022,italy|iia|1909-1918,,
51.758225259731724,soybeans,1000 hectares,IDN-JVM-1949-1951,"Java and Madura (within Indonesia, 1949-1951)",fao1952,350.0,132719.7735856253,3,5.0951037971044265e-05,indonesia java and madura|fao1952|1949-1951,,
51.710096018550104,groundnuts,1000 tonnes,TWN-1945-2025,Taiwan,fao1952,57.0,35993.63707155193,3,3.062483645856704e-05,china taiwan|fao1952|1948-1951; taiwan|fao1952|1949-1951,,
51.70920048396364,figs,ha,ESP-1800-2025,Spain,juan,24765.0604166921,506132.2152565572,98,0.0009462536941369701,spain|juan|1859-1960,,
51.58438562043463,commercial nitrogenous fertilizers,1000 tonnes,DEU-1949-1990,"Germany (divided, 1949-1990)",fao1952,516.2,356835.2226635201,6,2.8043487484389995e-05,germany|fao1952|1949-1951,,
51.45731650477536,commercial phosphoric acid,1000 tonnes,NLD-1830-2025,Netherlands,fao1952,122.5,38295.46118907003,8,6.216438630535554e-05,netherlands|fao1952|1937-1951; necherlands|fao1952|1949-1951,,
51.36491308207592,potatoes,ha,MLT-1800-2025,Malta,juan,3000.0,291.8686793911891,49,0.200109268354486,malta|juan|1909-1959,,
51.36275958828662,commercial potash fertilizers,1000 tonnes,DNK-1920-2025,Denmark,fao1952,93.55,42638.10583746177,4,4.271668472078077e-05,denmark|fao1952|1937-1951,,
51.23750974334994,soybeans,1000 tonnes,IDN-JVM-1949-1951,"Java and Madura (within Indonesia, 1949-1951)",fao1952,250.0,132719.7735856253,3,3.6763458669968475e-05,indonesia java and madura|fao1952|1949-1951,,
51.219876844055705,"rice, paddy",ha,TWN-1895-1945,Formosa (Japanese Taiwan),mitchell,567000.0,35993.63707155193,35,0.3075521700544461,china taiwan province of|mitchell|1896-1944,,
51.095933429174266,dry beans,1000 hectares,RWB-1922-1962,Ruanda-Urundi (1922-1962),fao1952,312.0,52350.62635979226,3,0.00011663969475792196,ruanda urundi|fao1952|1937-1951,,
51.029172214294164,tractors all purposes,number,F78-1949-1990,West Germany,fao1952,139028.0,247551.87229475778,3,0.011005696608006713,germany western|fao1952|1949-1951,,
51.007716295452575,cassava,1000 tonnes,IDN-JVM-1949-1951,"Java and Madura (within Indonesia, 1949-1951)",fao1952,7070.0,132719.7735856253,3,0.001044354402420143,indonesia java and madura|fao1952|1949-1951,,
50.97391750762201,"tobacco, unmanufactured",tonnes,PRY-1932-1938,Paraguay (Chaco War period),iia,765300.0,293547.2473919674,1,0.051145295153688305,paraguay|iia|1932-1936,,
50.92969250471384,dried milk,1000 tonnes,NLD-1830-2025,Netherlands,fao1952,18.0,38295.46118907003,8,9.228989395622084e-06,netherlands|fao1952|1937-1951; necherlands|fao1952|1949-1951,,
50.89238049780505,tobacco,1000 hectares,PRI-1800-2025,Puerto Rico,fao1952,14.0,8972.444342985882,4,3.065945969502651e-05,puerto rico|fao1952|1935-1951,,
50.70688518724255,asses,heads,HTI-1800-2025,Haiti,juan,380000.0,27092.572875431946,11,0.2766090676219527,haiti|juan|1900-1960,,
50.53374053286962,soybeans,1000 hectares,KOR-1948-2025,South Korea,fao1952,250.0,97096.9362708301,3,5.0951037971044265e-05,korea south|fao1952|1948-1951; korea|fao1952|1949-1951,,
50.51273997679686,grapes,tonnes,ITA-1870-1919,Italy (1870-1919),juan,5625600.0,284847.5059880116,49,0.3909808631507594,italy|juan|1870-1918,,
50.40926007177961,sweet potatoes yams,1000 tonnes,TWN-1895-1945,Formosa (Japanese Taiwan),fao1952,1279.0,35993.63707155193,1,0.0007049113258430571,china taiwan|fao1952|1937-1937,,
50.29101393929392,sugar raw centrifugal,tonnes,TTO-1800-2025,Trinidad and Tobago,iia,76583.1,4952.729517430746,5,0.3074665960637625,trinidad and tobago|iia|1909-1945,,
50.28222991900675,n,tonnes,GBR-1921-2025,United Kingdom,iia,546633.0,243963.92905649156,6,0.04456107893823611,united kingdom|iia|1921-1945,,
50.060935323618175,horses mules asses,1000 heads,BMU-1684-1968,British Crown Colony of Bermuda,fao1952,1.5,67.8255295223494,2,0.0004417729359427037,bermuda|fao1952|1937-1951,,
50.010000283364974,butter,1000 tonnes,NLD-1830-2025,Netherlands,fao1952,88.5,38295.46118907003,4,4.621033422268359e-05,netherlands|fao1952|1937-1951; necherlands|fao1952|1949-1951,,
49.88903311827763,potatoes,tonnes,DEU-1800-1866,Prussia (to 1866),juan,14076500.0,271147.28531881707,16,1.040601234644152,germany|juan|1850-1865,,
49.832431324497236,maize,tonnes,HUN-1947-2025,Hungary (1947-2025),juan,2833000.0,93004.31166177182,14,0.6112676534626276,hungary|juan|1947-1960,,
49.2616980192252,cotton seed,tonnes,GRD-1800-2025,Grenada,iia,300.0,359.45318636546244,22,0.016942189667314478,grenada|iia|1909-1945,,
49.257524970543166,flax fiber,1000 tonnes,NLD-1830-2025,Netherlands,fao1952,18.15,38295.46118907003,4,9.621809167204295e-06,netherlands|fao1952|1937-1951; necherlands|fao1952|1949-1951,,
49.17893965979337,sweet potatoes,tonnes,JPN-1945-1952,Japan (occupied),mitchell,5524500.0,371147.4432376307,6,0.30266858335749697,japan|mitchell|1945-1951,,
49.16690397291711,pesticides sulphur dust,tonnes,BMU-1684-1968,British Crown Colony of Bermuda,fao1952,2.0,67.8255295223494,2,0.000599741278161007,bermuda|fao1952|1937-1951,,
49.05434440923002,olives,tonnes,ITA-1870-1919,Italy (1870-1919),juan,1635000.0,284847.5059880116,49,0.11701131491879327,italy|juan|1870-1918,,
49.024328790456316,cotton seed,ha,HTI-1800-2025,Haiti,iia,101200.0,27092.572875431946,9,0.07619361970864685,haiti|iia|1909-1945,,
49.01636617256046,buffaloes,1000 heads,FID-1887-1954,French Indochina,fao1952,39589.0,753049.4738884472,3,0.001072531140677459,indochina viet nam|fao1952|1937-1951; indochina|fao1952|1937-1951,,
48.958365200817255,rice paddy,1000 tonnes,JPN-1895-1945,Japanese Empire,fao1952,11501.0,626507.2861088028,1,0.0003749579531697933,japan|fao1952|1936-1937,,
48.72992757643303,sweet potatoes yams,1000 tonnes,TON-1800-2025,Tonga,fao1952,26.0,756.9079967530139,3,0.0007049113258430571,tonga|fao1952|1937-1951,,
48.65015587819113,butter,1000 tonnes,BEL-1831-2025,Belgium,fao1952,69.0,30692.03925557064,4,4.621033422268359e-05,belgium|fao1952|1937-1951,,
48.32856667371256,dry beans,1000 tonnes,RWB-1922-1962,Ruanda-Urundi (1922-1962),fao1952,205.0,52350.62635979226,3,8.102668360798986e-05,ruanda urundi|fao1952|1937-1951,,
48.29847695842963,"groundnuts, with shell",ha,TWN-1895-1945,Formosa (Japanese Taiwan),iia,27242.0,35993.63707155193,15,0.01567039051079133,china taiwan province of|iia|1909-1944,,
47.96176453838945,use agricultural area arable land orchards,1000 hectares,REU-1946-2025,Réunion (French Overseas Department),fao1952,1770.0,2623.08318152435,1,0.014069091393512485,reunion|fao1952|1949-1951,,
47.86895521935541,beer of barley,tonnes,F51-1938-1945,Czechoslovakia (1938-1945),mitchell,501840.0,100712.76559040853,7,0.10409426519973411,czech republic|mitchell|1938-1944,,
47.70186065028815,agaves,1000 hectares,HTI-1800-2025,Haiti,fao1952,31.0,27092.572875431946,1,2.398701044339369e-05,haiti|fao1952|1937-1951,,
47.68262102873621,beer of barley,tonnes,DEU-1919-1920,Germany (1919-1920),mitchell,2356640.0,474795.2015708754,1,0.10409426519973411,germany|mitchell|1919-1919,,
47.522503357054866,natural rubber,1000 tonnes,THA-1909-2025,Thailand,fao1952,103.15,512149.11556195066,4,4.238122399211664e-06,thailand|fao1952|1937-1951,,
47.369777102935956,cassava,1000 hectares,IDN-JVM-1949-1951,"Java and Madura (within Indonesia, 1949-1951)",fao1952,900.0,132719.7735856253,3,0.00014315467526373506,indonesia java and madura|fao1952|1949-1951,,
47.28436809957367,buckwheat,tonnes,FRA-1871-1919,"France (without Alsace-Lorraine, 1871-1919)",juan,553900.0,532305.2096529249,37,0.02200660553990275,france|juan|1871-1918,,
47.16299362791317,"tobacco, unmanufactured",tonnes,PAL-1920-1948,Palestine (1920-1948),iia,65150.0,27008.92924128763,22,0.051145295153688305,israel|iia|1922-1945,,
47.102468991031174,tea,1000 hectares,LKA-1800-2025,Sri Lanka,fao1952,226.0,65954.96220180139,3,7.274736898217831e-05,ceylon|fao1952|1937-1951,,
47.05114430392613,groundnuts,1000 hectares,TWN-1945-2025,Taiwan,fao1952,75.0,35993.63707155193,3,4.4285886226149405e-05,china taiwan|fao1952|1948-1951; taiwan|fao1952|1949-1951,,
47.00291405343161,beer of barley,tonnes,F51-1918-1938,Czechoslovakia (1918-1938),mitchell,686480.0,140306.01867415186,19,0.10409426519973411,czech republic|mitchell|1919-1937,,
46.960780524112145,dry peas,1000 tonnes,NLD-1830-2025,Netherlands,fao1952,74.5,38295.46118907003,4,4.142606307360681e-05,netherlands|fao1952|1937-1951; necherlands|fao1952|1949-1951,,
46.86881097921936,cotton seed,ha,VCT-1833-2025,Saint Vincent and the Grenadines,iia,1406.0,393.7157412058466,24,0.07619361970864685,saint vincent and the grenadines|iia|1909-1945,,
46.710629721708905,barley,ha,ISR-1948-1967,Israel (1948-1967),mitchell,1093500.0,20786.111689025718,12,1.1262370457240938,israel|mitchell|1948-1960; israel palestine|mitchell|1949-1949,,
46.4455220891297,cotton seed,tonnes,EGY-1925-1967,Egypt (1925-1967),iia,785573.5,998328.4240959982,20,0.016942189667314478,egypt|iia|1925-1945,,
46.238517560650905,poultry,1000 heads,ITA-1919-2025,Italy,fao1952,68000.0,300310.4439810905,3,0.004897050411867877,italy|fao1952|1937-1951; ltaly|fao1952|1949-1951,,
46.06811663369828,lemons and limes,tonnes,ITA-1919-2025,Italy,iia,409782.6,300310.4439810905,3,0.02961983397613065,italy|iia|1919-1945,,
45.87474803110679,grapes,tonnes,MLT-1800-2025,Malta,juan,5235.0,291.8686793911891,34,0.3909808631507594,malta|juan|1909-1959,,
45.79728300069127,meat,1000 tonnes,MLT-1800-2025,Malta,fao1952,2.0,291.8686793911891,6,0.00014962452649997936,malta|fao1952|1939-1951,,
45.775375854861906,r_fao_population_1952_10_18,1000 people,FRIN-1816-1954,French India (Établissements français dans l'Inde),fao1952,300.0,546.7035111937369,2,0.011987744350629912,french india|fao1952|1937-1951,,
45.740678185394124,other meat,1000 tonnes,PRI-1800-2025,Puerto Rico,fao1952,6.4,8972.444342985882,3,1.5594325731753717e-05,puerto rico|fao1952|1935-1951,,
45.69276919184001,potatoes,tonnes,LTU-1940-1991,Lithuanian SSR,juan,2658100.0,55903.56442743159,1,1.040601234644152,lithuania|juan|1940-1940,,
45.56866849225597,"coffee, green",tonnes,FRS-1884-1977,French Somaliland,iia,14113.7,21480.832598623834,5,0.014418611242477926,djibouti|iia|1930-1945,entrepot_transit,ETH
45.52024496851359,"rice, paddy",ha,RVN-1954-1975,Republic of Vietnam (South Vietnam),mitchell,2359000.0,168501.8039144004,6,0.3075521700544461,viet nam|mitchell|1955-1960,,
45.418891141656786,commercial nitrogenous fertilizers,1000 tonnes,LUX-1839-2025,Luxembourg,fao1952,3.3,2590.86862192315,3,2.8043487484389995e-05,luxembourg|fao1952|1937-1951,,
45.35973334960536,groundnuts,1000 tonnes,TWN-1895-1945,Formosa (Japanese Taiwan),fao1952,50.0,35993.63707155193,1,3.062483645856704e-05,china taiwan|fao1952|1937-1937,,
45.28335215353074,pesticides sulphur dust,tonnes,LBN-1944-2025,Lebanon,fao1952,277.0,10199.46189186542,1,0.000599741278161007,lebanon|fao1952|1949-1951,,
45.245408948880105,sugar raw centrifugal,tonnes,TWN-1895-1945,Formosa (Japanese Taiwan),iia,500723.75,35993.63707155193,36,0.3074665960637625,china taiwan province of|iia|1909-1944,,
45.218481996155326,crawler tractors agriculture,number,KNA-1800-2025,Saint Kitts and Nevis,fao1952,12.0,262.96572046118183,3,0.001009174175679762,br west indies st kitts nevis anguilla|fao1952|1949-1951; leeward islands st kitts nevis|fao1952|1950-1950; british west indies st kitts nevis|fao1952|1951-1951,,
44.969780916162236,rice paddy,1000 tonnes,KOR-1800-1945,Korea (to 1945),fao1952,3699.0,219371.89647949164,1,0.0003749579531697933,korea|fao1952|1937-1937,,
44.666241900303596,sesame seed,ha,PAL-1920-1948,Palestine (1920-1948),iia,19000.0,27008.92924128763,12,0.01574950179384403,israel|iia|1922-1945,,
44.36212424508134,wheel tractors agriculture,number,KNA-1800-2025,Saint Kitts and Nevis,fao1952,58.0,262.96572046118183,3,0.004971832868108485,br west indies st kitts nevis anguilla|fao1952|1949-1951; leeward islands st kitts nevis|fao1952|1950-1950; british west indies st kitts nevis|fao1952|1951-1951,,
44.185764031783656,milk,1000 tonnes,CHE-1800-2025,Switzerland,fao1952,2573.0,41471.63260807535,5,0.0014041266581749038,switzerland|fao1952|1936-1951,,
43.94402557470401,sweet potatoes yams,1000 tonnes,IDN-BLB-1949-1951,"Bali and Lombok (within Indonesia, 1949-1951)",fao1952,315.0,10168.952683948575,3,0.0007049113258430571,indonesia bali and lombok|fao1952|1949-1951,,
43.87916802036325,pesticides copper sulphate,tonnes,HND-1800-2025,Honduras,fao1952,2745.5,112280.36927334526,2,0.0005572617459487168,honduras|fao1952|1930-1951,,
43.829913766260624,wheel tractors agriculture,number,SAA-1947-1957,Saar Protectorate,fao1952,559.0,2565.2203150015116,3,0.004971832868108485,france saar|fao1952|1948-1951; saar|fao1952|1949-1951,,
43.788695510997464,goats,1000 heads,TON-1800-2025,Tonga,fao1952,77.0,756.9079967530139,2,0.0023231947845977954,tonga|fao1952|1937-1951,,
43.735949182066854,"broad beans, horse beans, dry",ha,MLT-1800-2025,Malta,juan,1000.0,291.8686793911891,10,0.07833826534138293,malta|juan|1909-1959,,
43.73173454923962,"tobacco, unmanufactured",tonnes,F51-1945-1947,Czechoslovakia (1945-1947),iia,250000.0,111773.18236346252,1,0.051145295153688305,czech republic|iia|1945-1945,,
43.70644148163261,milk,1000 tonnes,LUX-1839-2025,Luxembourg,fao1952,159.0,2590.86862192315,5,0.0014041266581749038,luxembourg|fao1952|1937-1951,,
43.65821643133557,rye,tonnes,POL-1815-1918,Congress Poland (1815-1918),iia,5711155.2,130179.77280074757,1,1.0048806036169755,poland|iia|None-None,,
43.64943667949878,beer of barley,tonnes,DEU-1800-1866,Prussia (to 1866),mitchell,1232000.0,271147.28531881707,15,0.10409426519973411,germany|mitchell|1850-1865,,
43.64798346408873,mixed grain,1000 tonnes,DNK-1920-2025,Denmark,fao1952,725.5,42638.10583746177,4,0.00038983006416718277,denmark|fao1952|1937-1951,,
43.63080965163297,tractors all purposes,number,NLD-1830-2025,Netherlands,fao1952,18389.0,38295.46118907003,3,0.011005696608006713,netherlands|fao1952|1937-1951; necherlands|fao1952|1949-1951,,
43.598708075074754,rice paddy,1000 hectares,KOR-1948-2025,South Korea,fao1952,1010.0,97096.9362708301,3,0.0002385845005827523,korea south|fao1952|1948-1951; korea|fao1952|1949-1951,,
43.53693544391575,"silk-worm cocoons, reelable",tonnes,LBN-1920-1944,Lebanon (1920-1944),iia,777.0,10199.46189186542,5,0.001749789891421794,lebanon|iia|1923-1943,,
43.47335902244405,potatoes,tonnes,DEU-1919-1920,Germany (1919-1920),juan,21478990.0,474795.2015708754,1,1.040601234644152,germany|juan|1919-1919,,
43.352499160751556,asses,heads,MLT-1800-2025,Malta,juan,3500.0,291.8686793911891,46,0.2766090676219527,malta|juan|1909-1959,,
43.28717294829235,olives,tonnes,PRT-1800-2025,Portugal,juan,465000.0,91804.90167728892,23,0.11701131491879327,portugal|juan|1850-1960,,
43.11868131873324,pesticides sulphur dust,tonnes,LUX-1839-2025,Luxembourg,fao1952,67.0,2590.86862192315,3,0.000599741278161007,luxembourg|fao1952|1937-1951,,
42.88826646503621,pesticides benzene hexachloride,tonnes,BEL-1831-2025,Belgium,fao1952,255.0,30692.03925557064,2,0.0001937206613078392,belgium|fao1952|1937-1951,,
42.611766350700044,other berries and fruits of the genus vaccinium n.e.c.,ha,LBN-1920-1944,Lebanon (1920-1944),iia,16250.0,10199.46189186542,4,0.03738923407431606,lebanon|iia|1923-1943,,
42.474308024741326,soybeans,tonnes,JPN-1945-1952,Japan (occupied),iia,339000.0,371147.4432376307,1,0.02150437935902786,japan|iia|1945-1945,,
42.46592280747772,beer of barley,tonnes,DNK-1920-2025,Denmark,mitchell,188480.0,42638.10583746177,41,0.10409426519973411,denmark|mitchell|1920-1960,,
42.43150435337585,r_fao_population_1952_10_18,1000 people,BMU-1684-1968,British Crown Colony of Bermuda,fao1952,34.5,67.8255295223494,2,0.011987744350629912,bermuda|fao1952|1937-1951,,
42.15569691701186,potatoes,ha,POL-1945-2025,Poland (1945-2025),juan,2630500.0,311827.7984931281,16,0.200109268354486,poland|juan|1945-1960,,
42.07838908743974,total tractors agriculture,number,F78-1949-1990,West Germany,fao1952,139028.0,247551.87229475778,3,0.013346793917923224,germany western|fao1952|1949-1951,,
42.04675684079204,wheel tractors agriculture,number,NFK-1914-2025,Norfolk Island (Australian Territory),fao1952,8.5,40.660236586173234,2,0.004971832868108485,norfolk islands|fao1952|1949-1951,,
41.994143814342166,soybeans,1000 hectares,RYU-1945-1972,Ryukyu Islands (US Administration),fao1952,5.0,2336.8360149164137,2,5.0951037971044265e-05,ryukyu islands|fao1952|1949-1951,,
41.97532286129919,rice paddy,1000 hectares,THA-1909-2025,Thailand,fao1952,5129.0,512149.11556195066,4,0.0002385845005827523,thailand|fao1952|1937-1951,,
41.95300186626997,soybeans,ha,USA-1959-2025,United States of America,juan,9324500.0,9461945.33959317,2,0.023489949172274996,united states of america|juan|1959-1960,,
41.94323933432805,sesame seed,1000 hectares,FRIN-1816-1954,French India (Établissements français dans l'Inde),fao1952,1.0,546.7035111937369,1,4.361000819290303e-05,french india|fao1952|1937-1951,,
41.74546492857173,sunflower seed,ha,HUN-1947-2025,Hungary (1947-2025),juan,222000.0,93004.31166177182,6,0.05717953106849637,hungary|juan|1947-1960,,
41.703525068843554,jute,tonnes,TWN-1895-1945,Formosa (Japanese Taiwan),iia,3318.4,35993.63707155193,25,0.0022107021587438724,china taiwan province of|iia|1909-1944,,
41.652503720559494,horses mules asses,1000 heads,RYU-1937-1945,Ryukyu Islands / Okinawa Prefecture (Japanese),fao1952,43.0,2336.8360149164137,1,0.0004417729359427037,ryukyu islands|fao1952|1937-1939,,
41.64070571118765,oranges,ha,LBN-1944-2025,Lebanon,iia,6000.0,10199.46189186542,1,0.014127194015379808,lebanon|iia|1944-1945,,
41.60369066061021,grapes,tonnes,ITA-1866-1870,Italy (1866-1870),juan,4436100.0,272718.1034096426,4,0.3909808631507594,italy|juan|1866-1869,,
41.56925896790356,maize,tonnes,ROU-1919-1920,Romania (1919-1920),juan,3590550.8,141304.95080324486,1,0.6112676534626276,romania|juan|1919-1919,,
41.56117286793285,"grain, mixed",tonnes,DNK-1920-2025,Denmark,juan,749680.0,42638.10583746177,41,0.42304856537452196,denmark|juan|1920-1960,,
41.54688215930961,cotton lint,tonnes,VCT-1833-2025,Saint Vincent and the Grenadines,iia,200.0,393.7157412058466,36,0.01222668655598026,saint vincent and the grenadines|iia|1909-1945,,
41.417456257524094,"chillies and peppers, green",tonnes,ITA-1919-2025,Italy,juan,218000.0,300310.4439810905,3,0.01752680017772186,italy|juan|1919-1960,,
41.378720632959954,"groundnuts, with shell",tonnes,TWN-1945-2025,Taiwan,mitchell,63500.0,35993.63707155193,14,0.04263545805358459,china taiwan province of|mitchell|1945-1960,,
41.28514667738816,crawler tractors agriculture,number,ATG-1800-2025,Antigua and Barbuda,fao1952,18.0,432.0286466170874,1,0.001009174175679762,leeward islands antigua|fao1952|1950-1950; br west indies antigua|fao1952|1951-1951; british west indies antigua|fao1952|1949-1950,,
41.266692136126515,flax fibre and tow,tonnes,BEL-1831-2025,Belgium,juan,21710.0,30692.03925557064,39,0.017140931543133633,belgium|juan|1856-1960,,
41.149975389460614,commercial nitrogenous fertilizers,1000 tonnes,JPN-1945-1952,Japan (occupied),fao1952,428.3,371147.4432376307,6,2.8043487484389995e-05,japan|fao1952|1947-1951,,
41.08660318250464,soybeans,tonnes,CHN-1932-1945,China (1932-1945),iia,5928700.0,6710151.482952717,11,0.02150437935902786,china mainland|iia|1932-1944,,
40.90617392193065,"rice, paddy",tonnes,TWN-1895-1945,Formosa (Japanese Taiwan),mitchell,536925.0,35993.63707155193,11,0.3646691560734893,china taiwan province of|mitchell|1896-1944,,
40.89341070506317,"other citrus fruit, n.e.c.",tonnes,JAM-1800-2025,Jamaica,mitchell,78500.0,11001.039856468184,14,0.17449483815301534,jamaica|mitchell|1850-1960,,
40.80572761485649,cropa,1000 tonnes,ASM-1900-2025,Territory of American Samoa,fao1952,2.7,203.69130519542574,3,0.00032484048249375574,american samoa|fao1952|1937-1951,,
40.78780370809529,cheese,1000 tonnes,DNK-1920-2025,Denmark,fao1952,62.5,42638.10583746177,4,3.5937825325530566e-05,denmark|fao1952|1937-1951,,
40.77586145927422,"butter, cow milk",tonnes,NLD-1830-2025,Netherlands,iia,84550.0,38295.46118907003,8,0.05414559903477284,netherlands|iia|1909-1945,,
40.74022699218232,soybeans,1000 tonnes,RYU-1945-1972,Ryukyu Islands (US Administration),fao1952,3.5,2336.8360149164137,2,3.6763458669968475e-05,ryukyu islands|fao1952|1949-1951,,
40.73294964876559,sesame seed,1000 tonnes,FRIN-1816-1954,French India (Établissements français dans l'Inde),fao1952,0.3,546.7035111937369,1,1.3471734996699686e-05,french india|fao1952|1937-1951,,
40.726730407719685,commercial potash fertilizers,1000 tonnes,DEU-1920-1938,Germany (1920-1938),fao1952,819.1,470825.35311272315,4,4.271668472078077e-05,germany|fao1952|1937-1937; germany western|fao1952|1937-1937; germany berlin|fao1952|1937-1937,,
40.67045453158935,"beans, dry",ha,HUN-1947-2025,Hungary (1947-2025),juan,459000.0,93004.31166177182,7,0.12134742824336048,hungary|juan|1947-1960,,
40.630547171334534,goats,1000 heads,ANT-1816-1961,Dutch Caribbean (colonial),fao1952,75.0,794.5531766581097,3,0.0023231947845977954,netherlands w indies|fao1952|1936-1951; neth west indies|fao1952|1949-1951; netherlands west indies|fao1952|1937-1951,,
40.62729910338363,wheel tractors agriculture,number,IRL-1921-2025,Ireland,fao1952,14051.5,69564.5876553353,2,0.004971832868108485,ireland|fao1952|1937-1951,,
40.585399555325466,rice paddy,1000 hectares,IND-1949-2025,India,fao1952,30519.0,3151797.0640165973,3,0.0002385845005827523,india|fao1952|1949-1951,,
40.55260220042748,sugar raw centrifugal,tonnes,VIR-1917-2025,United States Virgin Islands,iia,4572.2,366.69800904313075,27,0.3074665960637625,united states virgin islands|iia|1917-1945,,
40.51886889449849,pesticides 2 4 d,tonnes,VIR-1917-2025,United States Virgin Islands,fao1952,3.0,366.69800904313075,2,0.0002019088659052706,virgin islands us|fao1952|1937-1951; virgin is us|fao1952|1936-1951,,
40.467982498069354,lemons limes other citrus,1000 tonnes,LBN-1944-2025,Lebanon,fao1952,20.0,10199.46189186542,3,4.8455288370861826e-05,lebanon|fao1952|1949-1951,,
40.44946860666065,milk,1000 tonnes,F78-1949-1990,West Germany,fao1952,14060.0,247551.87229475778,3,0.0014041266581749038,germany western|fao1952|1949-1951,,
40.17423391617716,bananas,1000 hectares,GLP-1816-2025,Guadeloupe,fao1952,6.5,1650.2244307993958,4,9.804438808654699e-05,guadeloupe|fao1952|1937-1951,,
40.06334724987919,"coffee, green",tonnes,STP-1800-2025,Sao Tome and Principe,iia,584.8,1012.3640165028369,13,0.014418611242477926,sao tome and principe|iia|1930-1944,,
40.03183843257012,cropa,1000 tonnes,SYC-1903-2025,Seychelles,fao1952,6.35,488.3127266024546,4,0.00032484048249375574,seychelles|fao1952|1937-1951,,
40.00479699592616,soybeans,tonnes,CHN-1945-1947,China (1945-1947),iia,6480000.0,7532445.916794096,1,0.02150437935902786,china mainland|iia|1945-1945,,
39.577767481814696,lemons and limes,tonnes,ITA-1919-2025,Italy,juan,352050.0,300310.4439810905,42,0.02961983397613065,italy|juan|1919-1960,,
39.41815008427083,poultry,1000 heads,VCT-1833-2025,Saint Vincent and the Grenadines,fao1952,76.0,393.7157412058466,1,0.004897050411867877,british west indies st vincent|fao1952|1939-1951; br west indies st vincent|fao1952|1949-1951; windward islands st vincent|fao1952|1950-1950,,
39.37098800434813,potatoes,tonnes,POL-1919-1920,Poland (1919-1920),juan,10513880.0,256627.0109915525,1,1.040601234644152,poland|juan|1919-1919,,
39.3059211285924,sunflower seed,tonnes,BGR-1919-1940,Bulgaria (1919-1940),juan,81000.0,103263.13610091528,9,0.019956378396729715,bulgaria|juan|1919-1939,,
39.16218523162621,sweet potatoes yams,1000 hectares,TWN-1945-2025,Taiwan,fao1952,233.0,35993.63707155193,3,0.0001652963525547975,china taiwan|fao1952|1948-1951; taiwan|fao1952|1949-1951,,
38.78428675920607,linseed,1000 tonnes,SWE-1905-2025,Sweden,fao1952,426.0,445909.1511104987,3,2.463243836113793e-05,sweden|fao1952|1937-1951,,
38.777040522689944,grapefruits,1000 tonnes,CYP-1879-2025,Cyprus,fao1952,6.0,9123.352706704041,3,1.6959854612560134e-05,cyprus|fao1952|1937-1951,,
38.77343640362472,pesticides pyrethrum,tonnes,VIR-1917-2025,United States Virgin Islands,fao1952,0.30000000000000004,366.69800904313075,2,2.1099803435239825e-05,virgin islands us|fao1952|1937-1951; virgin is us|fao1952|1936-1951,,
38.759751854194924,cotton seed,tonnes,SLV-1821-2025,El Salvador,mitchell,13500.0,20558.112635569574,20,0.016942189667314478,el salvador|mitchell|1894-1960,,
38.73323240949427,dry peas,1000 tonnes,RWB-1922-1962,Ruanda-Urundi (1922-1962),fao1952,84.0,52350.62635979226,3,4.142606307360681e-05,ruanda urundi|fao1952|1937-1951,,
38.624250111518485,tractors all purposes,number,USA-1867-1959,United States (1867-1959),fao1952,3786000.0,8906416.741310216,3,0.011005696608006713,united states|fao1952|1931-1951; united states and dependent territories|fao1952|1949-1951,,
38.50641286172222,pesticides white refined other refined oil,tonnes,ISR-1948-1967,Israel (1948-1967),fao1952,360.0,20786.111689025718,1,0.0004497759000081816,israel|fao1952|1948-1951,,
38.459735549898774,"groundnuts, with shell",ha,GNB-1886-1974,Guinea-Bissau (1886-1974),iia,20000.0,33185.157456664696,6,0.01567039051079133,guinea bissau|iia|1932-1945,,
38.429443630056475,pineapples,tonnes,CUB-1800-2025,Cuba,juan,102000.0,109074.11801961382,11,0.024334048252951296,cuba|juan|1901-1960,,
38.40725307103224,tractors all purposes,number,CHE-1800-2025,Switzerland,fao1952,17530.0,41471.63260807535,3,0.011005696608006713,switzerland|fao1952|1936-1951,,
38.38541368089637,sheep,1000 heads,URY-1828-2025,Uruguay,fao1952,23027.5,177866.3552194432,2,0.003372770260970567,uruguay|fao1952|1937-1951,,
38.31189474881434,"tobacco, unmanufactured",tonnes,POL-1921-1945,Poland (1921-1945),iia,761000.0,388369.69735582283,3,0.051145295153688305,poland|iia|1921-1944,,
38.256701961824795,"cheese, processed",tonnes,CHE-1800-2025,Switzerland,iia,44600.0,41471.63260807535,8,0.028110993750511352,switzerland|iia|1909-1945,,
38.13795667508998,beer of barley,tonnes,CHE-1800-2025,Switzerland,mitchell,164640.0,41471.63260807535,75,0.10409426519973411,switzerland|mitchell|1885-1960,,
38.10450843271405,tractors all purposes,number,DNK-1920-2025,Denmark,fao1952,17881.0,42638.10583746177,3,0.011005696608006713,denmark|fao1952|1937-1951,,
38.0877609874639,sugar raw centrifugal,tonnes,TTO-1800-2025,Trinidad and Tobago,mitchell,58000.0,4952.729517430746,108,0.3074665960637625,trinidad and tobago|mitchell|1850-1960,,
38.06705427025102,poultry,1000 heads,LIE-1800-2025,Liechtenstein,fao1952,33.0,177.0231619716852,2,0.004897050411867877,liechtenstein|fao1952|1937-1951,,
37.94367799277759,jute allied fibres,1000 tonnes,TWN-1945-2025,Taiwan,fao1952,8.0,35993.63707155193,3,5.857669004677044e-06,china taiwan|fao1952|1948-1951; taiwan|fao1952|1949-1951,,
37.85440661056998,meat,1000 tonnes,DNK-1920-2025,Denmark,fao1952,241.5,42638.10583746177,16,0.00014962452649997936,denmark|fao1952|1937-1951,,
37.84193398701609,"milk, whole fresh cow",tonnes,NLD-1830-2025,Netherlands,iia,4939900.0,38295.46118907003,5,3.4087686699863613,netherlands|iia|1909-1945,,
37.80607362168399,cassava,1000 hectares,ZNZ-1890-1963,Zanzibar Protectorate,fao1952,14.0,2586.788513501411,3,0.00014315467526373506,zanzibar and pemba|fao1952|1937-1951,,
37.70036339803866,tractors all purposes,number,LUX-1839-2025,Luxembourg,fao1952,1075.0,2590.86862192315,3,0.011005696608006713,luxembourg|fao1952|1937-1951,,
37.682386905977225,grapes,tonnes,ITA-1861-1866,Italy (1861-1866),juan,3652600.0,247918.08540998364,5,0.3909808631507594,italy|juan|1861-1865,,
37.679470216474606,sugar cane,ha,TWN-1895-1945,Formosa (Japanese Taiwan),mitchell,105000.0,35993.63707155193,33,0.07742100024431484,china taiwan province of|mitchell|1896-1944,,
37.58413964719487,sweet potatoes,ha,TWN-1895-1945,Formosa (Japanese Taiwan),mitchell,126500.0,35993.63707155193,6,0.0935104569254406,china taiwan province of|mitchell|1896-1944,,
37.51403882229092,raisins,1000 tonnes,GRC-1947-2025,Greece (1947-2025),fao1952,114.0,129841.0864350498,3,2.3404474106085345e-05,greece|fao1952|1947-1951,,
37.47577285157713,yarn of true hemp,tonnes,PHL-1800-2025,Philippines,iia,153474.4,291824.6113461748,8,0.014033417003161484,philippines|iia|1909-1945,,
37.45716462141738,rice paddy,1000 hectares,PAK-1949-1971,Pakistan (1949-1971),fao1952,9065.0,1014356.6530305491,3,0.0002385845005827523,pakistan|fao1952|1949-1951,,
37.4339144399171,coffee,1000 tonnes,HTI-1800-2025,Haiti,fao1952,35.5,27092.572875431946,4,3.500361185590796e-05,haiti|fao1952|1937-1951,,
37.36025213839914,sheep,1000 heads,NZL-1840-2025,New Zealand,fao1952,33857.0,268690.2547565733,3,0.003372770260970567,new zealand|fao1952|1937-1951,,
37.21948077766204,"rice, paddy",tonnes,CHN-1914-1921,China (1914-1921),mitchell,122963000.0,9059518.330598813,1,0.3646691560734893,china mainland|mitchell|1914-1920,,
37.166944694179435,beer of barley,tonnes,NLD-1830-2025,Netherlands,mitchell,148160.0,38295.46118907003,35,0.10409426519973411,netherlands|mitchell|1925-1960,,
37.016143861339614,cassava,1000 tonnes,ZNZ-1890-1963,Zanzibar Protectorate,fao1952,100.0,2586.788513501411,3,0.001044354402420143,zanzibar and pemba|fao1952|1937-1951,,
36.97505745599549,pesticides pyrethrum,tonnes,PRI-1800-2025,Puerto Rico,fao1952,7.0,8972.444342985882,1,2.1099803435239825e-05,puerto rico|fao1952|1935-1951,,
36.94214879356003,grapes,tonnes,PRT-1800-2025,Portugal,juan,1326000.0,91804.90167728892,21,0.3909808631507594,portugal|juan|1850-1960,,
36.93763235238775,grapes,tonnes,FRA-1919-2025,France,juan,7915000.0,548057.8009401887,14,0.3909808631507594,france|juan|1919-1960,,
36.73419118216598,pesticides rotenone,tonnes,LIE-1800-2025,Liechtenstein,fao1952,0.2,177.0231619716852,2,3.075596938414092e-05,liechtenstein|fao1952|1937-1951,,
36.467295595721225,"rice, paddy",ha,KOR-1948-2025,South Korea,mitchell,1089000.0,97096.9362708301,11,0.3075521700544461,south korea|mitchell|1948-1960; korea|mitchell|1949-1960,,
36.43800173824028,maize,tonnes,HUN-1938-1940,Hungary (1938-1940),juan,2423650.0,108813.78983171615,2,0.6112676534626276,hungary|juan|1938-1939,,
36.40336610948728,"rice, paddy",tonnes,JPN-1895-1945,Japanese Empire,mitchell,8317000.0,626507.2861088028,49,0.3646691560734893,japan|mitchell|1895-1944,,
36.39737878319292,rye,1000 tonnes,POL-1945-2025,Poland (1945-2025),fao1952,6630.5,311827.7984931281,2,0.0005841997172546179,poland|fao1952|1948-1951,,
36.28037619413998,potatoes,tonnes,IRL-1921-2025,Ireland,juan,2626300.0,69564.5876553353,40,1.040601234644152,ireland|juan|1921-1960,,
36.20518144419294,bananas,1000 hectares,MTQ-1816-2025,Martinique,fao1952,4.0,1126.8510732461853,4,9.804438808654699e-05,martinique|fao1952|1935-1951; marcinique|fao1952|1949-1951,,
36.073035138849086,potatoes,ha,F51-1938-1945,Czechoslovakia (1938-1945),juan,727000.0,100712.76559040853,7,0.200109268354486,czechoslovakia|juan|1938-1944,,
36.06290848443762,"beans, dry",ha,HUN-1920-1938,Hungary (1920-1938),juan,407000.0,93004.31166177182,5,0.12134742824336048,hungary|juan|1920-1937,,
35.977737930210075,total tractors agriculture,number,NLD-1830-2025,Netherlands,fao1952,18389.0,38295.46118907003,3,0.013346793917923224,netherlands|fao1952|1937-1951; necherlands|fao1952|1949-1951,,
35.975542238959115,potatoes,ha,DEU-1800-1866,Prussia (to 1866),juan,1952000.0,271147.28531881707,2,0.200109268354486,germany|juan|1850-1865,,
35.96339336678543,"rice, paddy",tonnes,IND-1949-2025,India,mitchell,41335000.0,3151797.0640165973,11,0.3646691560734893,india|mitchell|1949-1960,,
35.79708852017887,"beans, dry",ha,HUN-1944-1947,Hungary (1944-1947),juan,404000.0,93004.31166177182,3,0.12134742824336048,hungary|juan|1944-1946,,
35.70114964927534,olives,tonnes,ITA-1919-2025,Italy,iia,1254528.4,300310.4439810905,3,0.11701131491879327,italy|iia|1919-1945,,
35.641616313839705,"marine fish, other",tonnes,JPN-1945-1952,Japan (occupied),mitchell,2536500.0,371147.4432376307,6,0.19174807067242947,japan|mitchell|1945-1951,,
35.566553152858035,groundnuts,1000 tonnes,IND-1949-2025,India,fao1952,3433.0,3151797.0640165973,3,3.062483645856704e-05,india|fao1952|1949-1951,,
35.516028888204836,potatoes,tonnes,IRL-1800-1921,Ireland (within United Kingdom),juan,3118000.0,84365.98345404798,71,1.040601234644152,ireland|juan|1850-1920,,
35.502524996372465,tea,ha,AZE-SSR-1920-1991,Azerbaijan SSR,iia,34162.5,86013.9733816876,14,0.011187199751528947,azerbaijan|iia|1930-1940,,
35.43934333183762,centrifugal sugar noncentrifugal cane sugar,1000 tonnes,DOM-1800-2025,Dominican Republic,fao1952,503.5,48332.9008946207,4,0.0002939482959867938,dominican republic|fao1952|1937-1951; dominican rep|fao1952|1949-1951,,
35.37943448682702,rice paddy,1000 tonnes,RYU-1945-1972,Ryukyu Islands (US Administration),fao1952,31.0,2336.8360149164137,2,0.0003749579531697933,ryukyu islands|fao1952|1949-1951,,
35.33979628950033,sweet potatoes,ha,RWB-1922-1962,Ruanda-Urundi (1922-1962),mitchell,173000.0,52350.62635979226,13,0.0935104569254406,rwanda and burundi|mitchell|1924-1960; rwanda|mitchell|1953-1960,,
35.238845891780414,commercial potash fertilizers,1000 tonnes,LUX-1839-2025,Luxembourg,fao1952,3.9,2590.86862192315,3,4.271668472078077e-05,luxembourg|fao1952|1937-1951,,
35.1675055353763,sugar cane,ha,TWN-1945-2025,Taiwan,mitchell,98000.0,35993.63707155193,15,0.07742100024431484,china taiwan province of|mitchell|1945-1960,,
35.16565141366233,cotton lint,tonnes,GRC-1881-1913,Greece (1881–1913),iia,27350.4,63611.58790153088,1,0.01222668655598026,greece|iia|1911-1911,,
35.156035029649395,horses mules asses,1000 heads,BRL-1938-1945,Greater Berlin (1938-1945),fao1952,14.0,901.423842095747,1,0.0004417729359427037,germany berlin|fao1952|1938-1939,,
35.11739634289764,"rice, paddy",tonnes,JPN-1800-1895,Japan (to 1895),mitchell,4753000.0,371147.4432376307,21,0.3646691560734893,japan|mitchell|1851-1894,,
35.05882569907773,rice paddy,1000 tonnes,THA-1909-2025,Thailand,fao1952,6732.5,512149.11556195066,4,0.0003749579531697933,thailand|fao1952|1937-1951,,
34.989490894599925,maize,tonnes,ROU-1947-2025,Romania (1947-2025),juan,5076500.0,237353.3426676344,14,0.6112676534626276,romania|juan|1947-1960,,
34.95035848887561,beer of barley,tonnes,AUT-1919-2025,Austria,mitchell,305680.0,84021.14316677154,33,0.10409426519973411,austria|mitchell|1920-1960,,
34.92297743100912,cotton seed,tonnes,USA-1867-1959,United States (1867-1959),iia,5269674.8,8906416.741310216,5,0.016942189667314478,united states of america|iia|1909-1945,,
34.89957599925986,pigs,1000 heads,DNK-1920-2025,Denmark,fao1952,3189.0,42638.10583746177,3,0.002143070535283847,denmark|fao1952|1937-1951,,
34.75761192111519,"rice, paddy",tonnes,PAK-1949-1971,Pakistan (1949-1971),mitchell,12857000.0,1014356.6530305491,10,0.3646691560734893,pakistan|mitchell|1949-1960,,
34.700588092656375,oranges,ha,LBN-1920-1944,Lebanon (1920-1944),iia,5000.0,10199.46189186542,5,0.014127194015379808,lebanon|iia|1923-1943,,
34.683930214586475,oranges,tonnes,PRI-1800-2025,Puerto Rico,juan,25000.0,8972.444342985882,24,0.08033428485482855,puerto rico|juan|1900-1960,,
34.66482804165227,commercial nitrogenous fertilizers,1000 tonnes,DEU-1920-1938,Germany (1920-1938),fao1952,457.7,470825.35311272315,4,2.8043487484389995e-05,germany|fao1952|1937-1937; germany western|fao1952|1937-1937; germany berlin|fao1952|1937-1937,,
34.629467395634755,potatoes,ha,DEU-1866-1871,North German Confederation (1866-1871),juan,2396000.0,345759.2420559496,1,0.200109268354486,germany|juan|1866-1870,,
34.5928529895342,rye,1000 hectares,POL-1945-2025,Poland (1945-2025),fao1952,5151.0,311827.7984931281,2,0.00047751865216439054,poland|fao1952|1948-1951,,
34.54252446184723,flax fibre and tow,tonnes,LTU-1918-1940,Lithuania (interwar republic),iia,33100.0,55903.56442743159,3,0.017140931543133633,lithuania|iia|1930-1939,,
34.48984848102232,olives,tonnes,GRC-1947-2025,Greece (1947-2025),juan,524000.0,129841.0864350498,10,0.11701131491879327,greece|juan|1947-1960,,
34.37949809163372,potatoes,ha,POL-1921-1945,Poland (1921-1945),juan,2671850.0,388369.69735582283,24,0.200109268354486,poland|juan|1921-1944,,
34.30521497327007,"eggs, hen, in shell",tonnes,DNK-1920-2025,Denmark,iia,77743.90470000001,42638.10583746177,16,0.05315061583743646,denmark|iia|1920-1945,,
34.3043621927865,"rice, paddy",tonnes,IND-1947-1949,India (1947-1949),mitchell,38052500.0,3041829.122826827,2,0.3646691560734893,india|mitchell|1947-1948,,
34.214996604142556,sunflower seed,tonnes,ROU-1940-1947,Romania (1940-1947),juan,132350.0,193832.10595350157,6,0.019956378396729715,romania|juan|1940-1946,,
34.18308616537583,"rice, paddy",ha,IND-1947-1949,India (1947-1949),mitchell,31979000.0,3041829.122826827,2,0.3075521700544461,india|mitchell|1947-1948,,
34.100782461457484,"rice, paddy",tonnes,KOR-1800-1945,Korea (to 1945),mitchell,2728000.0,219371.89647949164,36,0.3646691560734893,korea|mitchell|1909-1944; south korea|mitchell|1932-1944,,
34.05974783650589,olives,tonnes,ITA-1919-2025,Italy,juan,1196850.0,300310.4439810905,42,0.11701131491879327,italy|juan|1919-1960,,
34.02505327533991,n,tonnes,CHL-1902-2025,Chile,iia,1125921.0,742597.371817607,5,0.04456107893823611,chile|iia|1909-1945,,
33.987752829778294,wool greasy basis,1000 tonnes,NZL-1840-2025,New Zealand,fao1952,177.0,268690.2547565733,4,1.9382013869038335e-05,new zealand|fao1952|1937-1951,,
33.98674293047366,rice paddy,1000 hectares,PAK-1937-1947,"Pakistan (territory within British India, 1937–1947)",fao1952,7562.0,932577.4281563342,1,0.0002385845005827523,pakistan|fao1952|1937-1940,,
33.96130078166627,rye,ha,POL-1815-1918,Congress Poland (1815-1918),iia,5087178.0,130179.77280074757,1,1.1506655434808784,poland|iia|None-None,,
33.86214949003687,centrifugal sugar noncentrifugal cane sugar,1000 tonnes,BEL-1831-2025,Belgium,fao1952,305.5,30692.03925557064,4,0.0002939482959867938,belgium|fao1952|1937-1951,,
33.84536964886566,cotton lint,tonnes,EGY-1925-1967,Egypt (1925-1967),iia,413125.0,998328.4240959982,4,0.01222668655598026,egypt|iia|1925-1945,,
33.81139552787421,rice paddy,1000 hectares,JPN-1945-1952,Japan (occupied),fao1952,2994.0,371147.4432376307,3,0.0002385845005827523,japan|fao1952|1947-1951,,
33.78564027488131,wheel tractors agriculture,number,BRB-1800-2025,Barbados,fao1952,73.0,434.58445270912586,2,0.004971832868108485,british west indies barbados|fao1952|1935-1951; br west indies barbados|fao1952|1950-1951,,
33.770064429152406,"rubber, natural",tonnes,KHM-1953-2025,Cambodia,mitchell,32000.0,181798.14036256503,7,0.005212290981469361,cambodia|mitchell|1953-1960,,
33.73439239395498,beer of barley,tonnes,IRL-1921-2025,Ireland,mitchell,244280.0,69564.5876553353,36,0.10409426519973411,ireland|mitchell|1925-1960,,
33.64633755454595,chickens,heads,MLT-1800-2025,Malta,juan,750000.0,291.8686793911891,7,76.37231808129766,malta|juan|1909-1959,,
33.62638283284968,lemons limes other citrus,1000 tonnes,LCA-1838-2025,Saint Lucia,fao1952,1.0,613.7318536183993,4,4.8455288370861826e-05,br west indies st lucia|fao1952|1949-1951; british west indies st lucia|fao1952|1939-1951; windward islands st lucia|fao1952|1950-1950,,
33.617031161161044,soybeans,1000 tonnes,KOR-1948-2025,South Korea,fao1952,120.0,97096.9362708301,3,3.6763458669968475e-05,korea south|fao1952|1948-1951; korea|fao1952|1949-1951,,
33.60758525108569,cotton seed,tonnes,USA-1959-2025,United States of America,mitchell,5387500.0,9461945.33959317,2,0.016942189667314478,united states of america|mitchell|1959-1960,,
33.59011929824717,sugar raw centrifugal,tonnes,CUB-1800-2025,Cuba,mitchell,1126500.0,109074.11801961382,108,0.3074665960637625,cuba|mitchell|1850-1960,,
33.58283936111937,mules and hinnies,heads,SLV-1821-2025,El Salvador,juan,142500.0,20558.112635569574,15,0.20640214727097855,el salvador|juan|1900-1960,,
33.42336349284193,maize,tonnes,ROU-1913-1918,Romania (1913-1918),juan,2782700.0,136202.4190877079,3,0.6112676534626276,romania|juan|1913-1917,,
33.42032236234514,horses mules asses,1000 heads,HTI-1800-2025,Haiti,fao1952,400.0,27092.572875431946,3,0.0004417729359427037,haiti|fao1952|1937-1951,,
33.358314566569746,wool clean basis,1000 tonnes,URY-1828-2025,Uruguay,fao1952,46.5,177866.3552194432,4,7.837093848313055e-06,uruguay|fao1952|1937-1951,,
33.30621403959397,sisal,tonnes,HTI-1800-2025,Haiti,juan,28400.0,27092.572875431946,13,0.031473339113102045,haiti|juan|1900-1960,,
33.26123791381,pesticides nicotine sulphate,tonnes,RYU-1945-1972,Ryukyu Islands (US Administration),fao1952,3.0,2336.8360149164137,2,3.859709409957345e-05,ryukyu islands|fao1952|1949-1951,,
33.2514494007105,soybeans,1000 tonnes,TWN-1895-1945,Formosa (Japanese Taiwan),fao1952,44.0,35993.63707155193,1,3.6763458669968475e-05,china taiwan|fao1952|1937-1937,,
33.19925143495576,mules and hinnies,heads,MLT-1800-2025,Malta,juan,2000.0,291.8686793911891,40,0.20640214727097855,malta|juan|1909-1959,,
32.99778441702861,flax fibre and tow,tonnes,ARG-1902-2025,Argentina,iia,1573000.0,2781054.6380225588,15,0.017140931543133633,argentina|iia|1909-1945,,
32.98878651549397,wine,tonnes,ITA-1919-2025,Italy,iia,3524232.615,300310.4439810905,26,0.35573597719855443,italy|iia|1919-1945,,
32.95118011289078,oats,1000 tonnes,DNK-1920-2025,Denmark,fao1952,914.5,42638.10583746177,4,0.0006509008422604463,denmark|fao1952|1937-1951,,
32.92657918574642,tea,tonnes,TWN-1945-2025,Taiwan,mitchell,12000.0,35993.63707155193,15,0.010125323310140025,china taiwan province of|mitchell|1945-1960,,
32.92657918574642,tea,tonnes,TWN-1895-1945,Formosa (Japanese Taiwan),mitchell,12000.0,35993.63707155193,49,0.010125323310140025,china taiwan province of|mitchell|1896-1944,,
32.91262345614782,maize,tonnes,HUN-1944-1947,Hungary (1944-1947),juan,1871100.0,93004.31166177182,3,0.6112676534626276,hungary|juan|1944-1946,,
32.89096966136346,olives,ha,ITA-1870-1919,Italy (1870-1919),iia,2031540.0,284847.5059880116,2,0.2168384425805653,italy|iia|1909-1918,,
32.76005991484111,soybeans,1000 tonnes,JPN-1945-1952,Japan (occupied),fao1952,447.0,371147.4432376307,3,3.6763458669968475e-05,japan|fao1952|1947-1951,,
32.75621854475136,soybeans,tonnes,CHN-1921-1932,China (1921-1932),iia,5280532.4,7496473.996208218,4,0.02150437935902786,china mainland|iia|1922-1931,,
32.611727783184605,pigs,1000 heads,HUN-1947-2025,Hungary (1947-2025),fao1952,6500.0,93004.31166177182,3,0.002143070535283847,hungary|fao1952|1947-1951,,
32.610202217090105,rice paddy,1000 tonnes,PAK-1949-1971,Pakistan (1949-1971),fao1952,12403.0,1014356.6530305491,3,0.0003749579531697933,pakistan|fao1952|1949-1951,,
32.58651474140019,cacao,1000 tonnes,GCT-1919-1956,Gold Coast and British Togoland (1919-1956),fao1952,258.3,239020.24099110512,4,3.316284742483804e-05,gold coast and br togoland|fao1952|1938-1951; gold coast and british togoland|fao1952|1949-1951; gold coast and br tog|fao1952|1949-1951,,
32.55844159609664,"rubber, natural",tonnes,F237-1954-1975,Vietnam (combined reporting: DRV and RVN),mitchell,55000.0,324093.5795658952,1,0.005212290981469361,viet nam|mitchell|1954-1954,,
32.545469285420545,dry beans,1000 hectares,PRT-1800-2025,Portugal,fao1952,348.5,91804.90167728892,4,0.00011663969475792196,portugal|fao1952|1934-1951,,
32.54424010306531,rye,1000 tonnes,F77-1949-1990,East Germany,fao1952,2077.5,109271.16029246466,2,0.0005841997172546179,germany eastern|fao1952|1949-1951,,
32.492933807873854,grapes,1000 tonnes,FRA-1919-2025,France,fao1952,8710.0,548057.8009401887,4,0.0004891058591250472,france|fao1952|1937-1951,,
32.47750227011849,"rice, paddy",tonnes,KOR-1945-1948,Korea (occupied),mitchell,2598500.0,219402.24512864018,4,0.3646691560734893,korea|mitchell|1945-1948; south korea|mitchell|1945-1947,,
32.4267518716463,rye,1000 tonnes,SBZ-1938-1949,Eastern Germany / Soviet Occupation Zone,fao1952,2070.0,109271.16029246466,1,0.0005841997172546179,germany eastern|fao1952|1938-1948,,
32.424146158712205,soybeans,tonnes,CHN-1921-1932,China (1921-1932),mitchell,5227000.0,7496473.996208218,3,0.02150437935902786,china manchuria province of|mitchell|1928-1931; china mainland|mitchell|1921-1931,,
32.398265150893266,"rice, paddy",ha,IND-1949-2025,India,mitchell,31405000.0,3151797.0640165973,12,0.3075521700544461,india|mitchell|1949-1960,,
32.37438599845548,lemons limes other citrus,1000 tonnes,LBN-1920-1944,Lebanon (1920-1944),fao1952,16.0,10199.46189186542,1,4.8455288370861826e-05,lebanon|fao1952|1937-1938,,
32.36241777310353,grapes,tonnes,ITA-1870-1919,Italy (1870-1919),iia,3604200.0,284847.5059880116,1,0.3909808631507594,italy|iia|1909-1918,,
32.35914582941379,rice paddy,1000 hectares,PHL-1800-2025,Philippines,fao1952,2253.0,291824.6113461748,4,0.0002385845005827523,philippines|fao1952|1937-1951,,
32.33636935588296,jute allied fibres,1000 tonnes,IND-1949-2025,India,fao1952,597.0,3151797.0640165973,3,5.857669004677044e-06,india|fao1952|1949-1951,,
32.33576445650891,centrifugal sugar noncentrifugal cane sugar,1000 tonnes,NLD-1830-2025,Netherlands,fao1952,364.0,38295.46118907003,4,0.0002939482959867938,netherlands|fao1952|1937-1951; necherlands|fao1952|1949-1951,,
32.32223645730754,jute allied fibres,1000 hectares,TWN-1945-2025,Taiwan,fao1952,11.0,35993.63707155193,3,9.455087423902522e-06,china taiwan|fao1952|1948-1951; taiwan|fao1952|1949-1951,,
32.302660826692104,olives,tonnes,ITA-1870-1919,Italy (1870-1919),iia,1076660.0,284847.5059880116,1,0.11701131491879327,italy|iia|1909-1918,,
32.26820409971525,groundnuts,1000 hectares,IND-1949-2025,India,fao1952,4504.0,3151797.0640165973,3,4.4285886226149405e-05,india|fao1952|1949-1951,,
32.26333440287858,sesame seed,tonnes,PAL-1920-1948,Palestine (1920-1948),iia,3800.0,27008.92924128763,23,0.004360808143068674,israel|iia|1922-1945,,
32.14055489467447,pesticides arsenicals,tonnes,BEL-1831-2025,Belgium,fao1952,175.0,30692.03925557064,6,0.00017740217220788145,belgium|fao1952|1937-1951,,
32.10467701832914,sugar cane,tonnes,TWN-1895-1945,Formosa (Japanese Taiwan),mitchell,348500.0,35993.63707155193,46,0.3015843103313033,china taiwan province of|mitchell|1896-1944,,
32.00274514400992,p,tonnes,TUN-1881-2025,Tunisia,iia,1562316.5,155470.55738364244,18,0.3140028796474058,tunisia|iia|1909-1945,,
32.00231957593611,"coffee, green",tonnes,GTM-1821-2025,Guatemala,juan,50350.0,109117.54457073574,58,0.014418611242477926,guatemala|juan|1900-1960,,
31.978517008416112,hops,1000 tonnes,F51-1918-1938,Czechoslovakia (1918-1938),fao1952,9.7,140306.01867415186,1,2.161907525932986e-06,czechoslovakia|fao1952|1937-1937,,
31.974667520947435,pigs,1000 heads,MLT-1800-2025,Malta,fao1952,20.0,291.8686793911891,3,0.002143070535283847,malta|fao1952|1939-1951,,
31.943295438268088,use builton wasteland,1000 hectares,GIB-1800-2025,Gibraltar,fao1952,6.0,7.148236781705717,1,0.026276807670378346,gibraltar|fao1952|1937-1951,,
31.940875902193714,rice paddy,1000 tonnes,PAK-1937-1947,"Pakistan (territory within British India, 1937–1947)",fao1952,11169.0,932577.4281563342,1,0.0003749579531697933,pakistan|fao1952|1937-1940,,
31.92068603512951,use builton wasteland,1000 hectares,MCO-1800-2025,Monaco,fao1952,2.0,2.38443329120421,1,0.026276807670378346,monaco|fao1952|1937-1951,,
31.849355062589133,total tractors agriculture,number,USA-1867-1959,United States (1867-1959),fao1952,3786000.0,8906416.741310216,3,0.013346793917923224,united states|fao1952|1931-1951; united states and dependent territories|fao1952|1949-1951,,
31.831231747803884,wheel tractors agriculture,number,ITA-1919-2025,Italy,fao1952,47527.0,300310.4439810905,3,0.004971832868108485,italy|fao1952|1937-1951; ltaly|fao1952|1949-1951,,
31.807825448903262,"rice, paddy",ha,PAK-1937-1947,"Pakistan (territory within British India, 1937–1947)",mitchell,9123000.0,932577.4281563342,2,0.3075521700544461,pakistan|mitchell|1945-1946,,
31.772116782681564,edible pig fat,1000 tonnes,NLD-1830-2025,Netherlands,fao1952,19.0,38295.46118907003,9,1.5615652886953084e-05,netherlands|fao1952|1937-1951; necherlands|fao1952|1949-1951,,
31.745970170374235,"other citrus fruit, n.e.c.",tonnes,LBN-1920-1944,Lebanon (1920-1944),mitchell,56500.0,10199.46189186542,4,0.17449483815301534,lebanon|mitchell|1940-1943,,
31.681367373899487,lemons and limes,tonnes,ITA-1870-1919,Italy (1870-1919),juan,267300.0,284847.5059880116,49,0.02961983397613065,italy|juan|1870-1918,,
31.670589691483617,wine,tonnes,MLT-1800-2025,Malta,iia,3288.3,291.8686793911891,22,0.35573597719855443,malta|iia|1909-1945,,
31.6704204355084,total tractors agriculture,number,CHE-1800-2025,Switzerland,fao1952,17530.0,41471.63260807535,3,0.013346793917923224,switzerland|fao1952|1936-1951,,
31.664002595641165,sunflower seed,ha,HUN-1940-1944,Hungary (1940-1944),juan,276000.0,152441.3128142145,4,0.05717953106849637,hungary|juan|1940-1943,,
31.658131950852514,"silk-worm cocoons, reelable",tonnes,LBN-1944-2025,Lebanon,iia,565.0,10199.46189186542,2,0.001749789891421794,lebanon|iia|1944-1945,,
31.652940688499374,tea,tonnes,TWN-1895-1945,Formosa (Japanese Taiwan),iia,11535.826000000001,35993.63707155193,4,0.010125323310140025,china taiwan province of|iia|1909-1944,,
31.639510386772773,cotton lint,ha,BRB-1800-2025,Barbados,iia,931.0,434.58445270912586,21,0.06770889735806021,barbados|iia|1909-1943,,
31.592480795355343,"cacao, beans",ha,GLP-1816-2025,Guadeloupe,iia,3000.0,1650.2244307993958,26,0.0575432666059208,guadeloupe|iia|1909-1945,,
31.522609014538823,grapes,1000 tonnes,MLT-1800-2025,Malta,fao1952,4.5,291.8686793911891,4,0.0004891058591250472,malta|fao1952|1939-1951,,
31.50081404009324,milk,1000 tonnes,BMU-1684-1968,British Crown Colony of Bermuda,fao1952,3.0,67.8255295223494,3,0.0014041266581749038,bermuda|fao1952|1937-1951,,
31.429713300856683,"tangerines, mandarins, clementines, satsumas",tonnes,JPN-1895-1945,Japanese Empire,iia,316803.2,626507.2861088028,10,0.016088776334604014,japan|iia|1909-1944; palau|iia|1915-1918,,
31.429218602506175,"beans, dry",ha,HUN-1938-1940,Hungary (1938-1940),juan,415000.0,108813.78983171615,2,0.12134742824336048,hungary|juan|1938-1939,,
31.420778786770846,total tractors agriculture,number,DNK-1920-2025,Denmark,fao1952,17881.0,42638.10583746177,3,0.013346793917923224,denmark|fao1952|1937-1951,,
31.405391428033656,flax fibre and tow,ha,LTU-1940-1991,Lithuanian SSR,juan,94000.0,55903.56442743159,1,0.053540712138779645,lithuania|juan|1940-1940,,
31.366944823918548,"coffee, green",tonnes,GTM-1821-2025,Guatemala,iia,49350.350000000006,109117.54457073574,4,0.014418611242477926,guatemala|iia|1910-1945,,
31.36145672231779,potatoes,tonnes,LTU-1918-1940,Lithuania (interwar republic),juan,1824400.0,55903.56442743159,19,1.040601234644152,lithuania|juan|1919-1939,,
31.360011180762058,soybeans,ha,CHN-1932-1945,China (1932-1945),iia,4943000.0,6710151.482952717,10,0.023489949172274996,china mainland|iia|1932-1944,,
31.28928171851984,phosphate rock,1000 tonnes,TUN-1881-2025,Tunisia,fao1952,1253.0,155470.55738364244,6,0.00025757714307060326,tunisia|fao1952|1937-1951,,
31.279843358727668,"cacao, beans",ha,GHA-1898-1957,Ghana (1898-1957),iia,382400.0,212451.0108587234,20,0.0575432666059208,ghana|iia|1909-1945,,
31.27923571163583,commercial nitrogenous fertilizers,1000 tonnes,GBR-1921-2025,United Kingdom,fao1952,214.0,243963.92905649156,8,2.8043487484389995e-05,united kingdom|fao1952|1937-1951; united kingdom great britain|fao1952|1937-1951,,
31.273202769061374,"groundnuts, with shell",tonnes,NGA-1960-1961,Nigeria (1960-1961),mitchell,1150000.0,862490.9493251519,1,0.04263545805358459,nigeria|mitchell|1960-1960,,
31.256428431443787,p,tonnes,PYF-1800-2025,French Polynesia,iia,39285.0,4002.7067671664913,17,0.3140028796474058,french polynesia|iia|1909-1937,,
31.19293844081444,maize,tonnes,HUN-1920-1938,Hungary (1920-1938),juan,1773335.0,93004.31166177182,18,0.6112676534626276,hungary|juan|1920-1937,,
31.16754215568416,maize,ha,ROU-1919-1920,Romania (1919-1920),juan,2732200.0,141304.95080324486,1,0.6203725216879182,romania|juan|1919-1919,,
31.113299654561786,rice paddy,1000 hectares,FID-1887-1954,French Indochina,fao1952,5590.0,753049.4738884472,1,0.0002385845005827523,indochina viet nam|fao1952|1937-1951; indochina|fao1952|1937-1951,,
31.109081297852153,poultry,1000 heads,RYU-1937-1945,Ryukyu Islands / Okinawa Prefecture (Japanese),fao1952,356.0,2336.8360149164137,1,0.004897050411867877,ryukyu islands|fao1952|1937-1939,,
31.085231688146937,raisins,tonnes,CYP-1879-2025,Cyprus,iia,3600.0,9123.352706704041,23,0.012693866518375212,cyprus|iia|1909-1945,,
31.062587493024424,crawler tractors agriculture,number,ITA-1919-2025,Italy,fao1952,9414.0,300310.4439810905,3,0.001009174175679762,italy|fao1952|1937-1951; ltaly|fao1952|1949-1951,,
31.056964591678966,flax fibre and tow,tonnes,LTU-1918-1940,Lithuania (interwar republic),juan,29760.0,55903.56442743159,18,0.017140931543133633,lithuania|juan|1919-1939,,
30.998976061565465,tea,1000 tonnes,TWN-1895-1945,Formosa (Japanese Taiwan),fao1952,11.6,35993.63707155193,1,1.039644612091253e-05,china taiwan|fao1952|1937-1937,,
30.98710569266871,jute,tonnes,NPL-1816-2025,Nepal,iia,10165.3,148391.47487474416,22,0.0022107021587438724,nepal|iia|1922-1944,,
30.984841881467762,edible pig fat,1000 tonnes,HUN-1947-2025,Hungary (1947-2025),fao1952,45.0,93004.31166177182,1,1.5615652886953084e-05,hungary|fao1952|1947-1951,,
30.97402996032144,"beans, dry",ha,F248-1947-1991,Yugoslavia (1947-1991),juan,959000.0,255146.9119704287,12,0.12134742824336048,yugoslav sfr|juan|1947-1960,,
30.94484396200774,potatoes,tonnes,DNK-1920-2025,Denmark,juan,1373000.0,42638.10583746177,41,1.040601234644152,denmark|juan|1920-1960,,
30.9214470972308,meat,1000 tonnes,BEL-1831-2025,Belgium,fao1952,142.0,30692.03925557064,16,0.00014962452649997936,belgium|fao1952|1937-1951,,
30.836676719411006,irrigation arable land orchards vineyards,1000 hectares,TWN-1945-2025,Taiwan,fao1952,493.3,35993.63707155193,1,0.0004444447846753994,china taiwan|fao1952|1948-1951; taiwan|fao1952|1949-1951,,
30.73151329045364,sweet potatoes yams,1000 hectares,VCT-1833-2025,Saint Vincent and the Grenadines,fao1952,2.0,393.7157412058466,3,0.0001652963525547975,british west indies st vincent|fao1952|1939-1951; br west indies st vincent|fao1952|1949-1951; windward islands st vincent|fao1952|1950-1950,,
30.672276208195544,wheel tractors agriculture,number,SWE-1905-2025,Sweden,fao1952,68000.0,445909.1511104987,3,0.004971832868108485,sweden|fao1952|1937-1951,,
30.653422683244287,"beans, dry",ha,ROU-1940-1947,Romania (1940-1947),juan,721000.0,193832.10595350157,7,0.12134742824336048,romania|juan|1940-1946,,
30.610463926016873,beer of barley,tonnes,AUT-1800-1918,Austria (Cisleithania),mitchell,956880.0,300303.7544040626,63,0.10409426519973411,austria|mitchell|1851-1917,,
30.566632855659147,coffee,1000 tonnes,PRI-1800-2025,Puerto Rico,fao1952,9.6,8972.444342985882,4,3.500361185590796e-05,puerto rico|fao1952|1935-1951,,
30.50310382970646,groundnuts,1000 tonnes,GNB-1886-1974,Guinea-Bissau (1886-1974),fao1952,31.0,33185.157456664696,2,3.062483645856704e-05,portuguese guinea|fao1952|1934-1951,,
30.48855025431278,"oil, olive, virgin",tonnes,GRC-1881-1913,Greece (1881–1913),iia,82506.7,63611.58790153088,1,0.04254183378069144,greece|iia|1911-1911,,
30.486074415542063,"oil, olive, virgin",tonnes,GRC-1881-1913,Greece (1881–1913),juan,82500.0,63611.58790153088,1,0.04254183378069144,greece|juan|1899-1913,,
30.46518190780676,other meat,1000 tonnes,TWN-1945-2025,Taiwan,fao1952,17.1,35993.63707155193,2,1.5594325731753717e-05,china taiwan|fao1952|1948-1951; taiwan|fao1952|1949-1951,,
30.44468442295663,camels,1000 heads,BSS-1884-1960,British Somaliland Protectorate (1884-1960),fao1952,2000.0,171627.43014516443,2,0.0003827646476824781,british somaliland|fao1952|1937-1951,,
30.381783046867703,grapes for wine,1000 tonnes,ITA-1919-2025,Italy,fao1952,6072.5,300310.4439810905,4,0.0006655548143222221,italy|fao1952|1937-1951; ltaly|fao1952|1949-1951,,
30.34286688137985,garlic,tonnes,ITA-1919-2025,Italy,juan,40420.0,300310.4439810905,7,0.004435772471556992,italy|juan|1919-1960,,
30.319400105868247,"eggs, hen, in shell",tonnes,GBR-1921-2025,United Kingdom,iia,393146.6,243963.92905649156,12,0.05315061583743646,united kingdom|iia|1921-1945,,
30.278074893545277,grapes,tonnes,PRT-1800-2025,Portugal,iia,1086800.0,91804.90167728892,3,0.3909808631507594,portugal|iia|1910-1945,,
30.217032589909344,sheep,heads,URY-1828-2025,Uruguay,mitchell,22447500.0,177866.3552194432,8,4.1765949739573465,uruguay|mitchell|1860-1960,,
30.214470606181703,"rice, paddy",ha,PAK-1947-1949,Pakistan (1947-1949),mitchell,8666000.0,932577.4281563342,2,0.3075521700544461,pakistan|mitchell|1947-1948,,
30.209074556341672,rye,1000 tonnes,POL-1921-1945,Poland (1921-1945),fao1952,6854.0,388369.69735582283,1,0.0005841997172546179,poland|fao1952|1937-1939,,
30.194128545804837,"beans, dry",ha,ROU-1920-1940,Romania (1920-1940),juan,1085000.0,296126.08291605173,7,0.12134742824336048,romania|juan|1920-1939,,
30.180116977208467,cheese,1000 tonnes,BGR-1919-1940,Bulgaria (1919-1940),fao1952,112.0,103263.13610091528,1,3.5937825325530566e-05,bulgaria|fao1952|1937-1939,,
30.15948510415061,flax fibre and tow,tonnes,LTU-1940-1991,Lithuanian SSR,juan,28900.0,55903.56442743159,1,0.017140931543133633,lithuania|juan|1940-1940,,
30.120721154515785,pesticides sulphur dust,tonnes,ITA-1919-2025,Italy,fao1952,5425.0,300310.4439810905,9,0.000599741278161007,italy|fao1952|1937-1951; ltaly|fao1952|1949-1951,,
30.117127185041266,sesame seed,tonnes,SLV-1821-2025,El Salvador,juan,2700.0,20558.112635569574,8,0.004360808143068674,el salvador|juan|1900-1960,,
29.90317255405957,"eggs, hen, in shell",tonnes,BMU-1684-1968,British Crown Colony of Bermuda,iia,107.8,67.8255295223494,17,0.05315061583743646,bermuda|iia|1930-1945,,
29.846481847423753,broad beans,1000 tonnes,ITA-1919-2025,Italy,fao1952,476.5,300310.4439810905,4,5.31617566225664e-05,italy|fao1952|1937-1951; ltaly|fao1952|1949-1951,,
29.813790581139287,wine,1000 tonnes,ITA-1919-2025,Italy,fao1952,3957.0,300310.4439810905,4,0.00044195537252680715,italy|fao1952|1937-1951; ltaly|fao1952|1949-1951,,
29.80560605989096,jute,ha,TWN-1895-1945,Formosa (Japanese Taiwan),iia,2512.0,35993.63707155193,25,0.0023415096106856885,china taiwan province of|iia|1909-1944,,
29.768764606171462,camels,heads,SOM-1960-2025,Somalia,mitchell,2667000.0,635881.790373396,1,0.1408918317235133,somalia|mitchell|1960-1960,,
29.73947765399726,potatoes,ha,DEU-1920-1938,Germany (1920-1938),juan,2801950.0,470825.35311272315,18,0.200109268354486,germany|juan|1920-1937,,
29.738866402513125,cotton lint,tonnes,EGY-1925-1967,Egypt (1925-1967),mitchell,363000.0,998328.4240959982,35,0.01222668655598026,egypt|mitchell|1925-1960,,
29.714573706890512,abaca,1000 hectares,PHL-1800-2025,Philippines,fao1952,291.5,291824.6113461748,4,3.361608546135171e-05,philippines|fao1952|1937-1951,,
29.710736300515013,sunflower seed,ha,HUN-1920-1938,Hungary (1920-1938),juan,158000.0,93004.31166177182,8,0.05717953106849637,hungary|juan|1920-1937,,
29.615818881233395,meat,1000 tonnes,HKG-1842-2025,Hong Kong,fao1952,5.0,1128.3490558475178,4,0.00014962452649997936,hong kong|fao1952|1937-1951,,
29.54263022235146,"tobacco, unmanufactured",ha,GRC-1947-2025,Greece (1947-2025),juan,100500.0,129841.0864350498,14,0.02620020940601075,greece|juan|1947-1960,,
29.4993416020405,grapefruit (inc. pomelos),tonnes,PAL-1920-1948,Palestine (1920-1948),iia,46500.0,27008.92924128763,9,0.05836241612061964,israel|iia|1922-1945,,
29.486503522237783,dry peas,1000 hectares,TWN-1945-2025,Taiwan,fao1952,39.5,35993.63707155193,2,3.721757608611355e-05,china taiwan|fao1952|1948-1951; taiwan|fao1952|1949-1951,,
29.459562759864212,poultry,1000 heads,F77-1949-1990,East Germany,fao1952,15764.0,109271.16029246466,5,0.004897050411867877,germany eastern|fao1952|1949-1951,,
29.432544593663863,"rice, paddy",ha,PAK-1949-1971,Pakistan (1949-1971),mitchell,9182000.0,1014356.6530305491,12,0.3075521700544461,pakistan|mitchell|1949-1960,,
29.271836769009717,"groundnuts, with shell",tonnes,IND-1949-2025,India,mitchell,3933500.0,3151797.0640165973,12,0.04263545805358459,india|mitchell|1949-1960,,
29.251134812729465,potatoes,tonnes,AUT-1919-2025,Austria,juan,2557500.0,84021.14316677154,42,1.040601234644152,austria|juan|1919-1960,,
29.16637704183076,tractors all purposes,number,BRB-1800-2025,Barbados,fao1952,139.5,434.58445270912586,2,0.011005696608006713,british west indies barbados|fao1952|1935-1951; br west indies barbados|fao1952|1950-1951,,
29.110449968641692,potatoes,ha,DEU-1938-1945,Germany (1938-1945),juan,2893000.0,496629.26877206715,7,0.200109268354486,germany|juan|1938-1944,,
29.106307241802124,p,tonnes,NLD-1830-2025,Netherlands,iia,350000.0,38295.46118907003,17,0.3140028796474058,netherlands|iia|1909-1945,,
29.101306001462614,linseed,ha,LTU-1940-1991,Lithuanian SSR,juan,94000.0,55903.56442743159,1,0.05777977874840182,lithuania|juan|1940-1940,,
29.07103096336754,"cocoa, beans",ha,DOM-1800-2025,Dominican Republic,juan,54250.0,48332.9008946207,4,0.0386097017629915,dominican republic|juan|1900-1960,,
29.0668473112431,pesticides ddt,tonnes,HAWI-1898-1959,Territory of Hawaii,fao1952,120.0,16631.877439866264,3,0.00024822301177225895,hawaii|fao1952|1937-1951,,
29.051426334648713,oranges,tonnes,ESP-1800-2025,Spain,iia,1181224.3,506132.2152565572,3,0.08033428485482855,spain|iia|1909-1945,,
29.003873680411832,crawler tractors agriculture,number,JAM-1800-2025,Jamaica,fao1952,322.0,11001.039856468184,3,0.001009174175679762,british west indies jamaica|fao1952|1938-1951; jamaica|fao1952|1949-1951; br west indies jamaica|fao1952|1949-1951,,
28.9267378908308,potatoes,ha,F51-1945-1947,Czechoslovakia (1945-1947),juan,647000.0,111773.18236346252,2,0.200109268354486,czechoslovakia|juan|1945-1946,,
28.887736315124055,"groundnuts, with shell",ha,MMR-1885-2025,Myanmar,iia,306000.0,675971.0487679241,13,0.01567039051079133,myanmar|iia|1933-1945,,
28.884540663624527,cotton lint,ha,IND-1914-1937,India (1914-1937),iia,9563060.0,4889738.947332932,17,0.06770889735806021,india|iia|1914-1936,,
28.880070228952484,"fertilizer, mixed",tonnes,ITA-1870-1919,Italy (1870-1919),iia,381576.5,284847.5059880116,10,0.04638429433240089,italy|iia|1909-1918,,
28.858943511158454,rye,1000 hectares,POL-1921-1945,Poland (1921-1945),fao1952,5352.0,388369.69735582283,1,0.00047751865216439054,poland|fao1952|1937-1939,,
28.856821610272867,potatoes,ha,POL-1920-1921,Poland (1920-1921),juan,1643600.0,284629.8433655667,1,0.200109268354486,poland|juan|1920-1920,,
28.831870076002836,total tractors agriculture,number,LUX-1839-2025,Luxembourg,fao1952,997.0,2590.86862192315,3,0.013346793917923224,luxembourg|fao1952|1937-1951,,
28.82522592086851,sweet potatoes yams,1000 tonnes,VCT-1833-2025,Saint Vincent and the Grenadines,fao1952,8.0,393.7157412058466,3,0.0007049113258430571,british west indies st vincent|fao1952|1939-1951; br west indies st vincent|fao1952|1949-1951; windward islands st vincent|fao1952|1950-1950,,
28.79838115953757,pesticides pyrethrum,tonnes,KOR-1948-2025,South Korea,fao1952,59.0,97096.9362708301,2,2.1099803435239825e-05,korea south|fao1952|1948-1951; korea|fao1952|1949-1951,,
28.7608695996799,grapes,1000 tonnes,ITA-1919-2025,Italy,fao1952,4224.5,300310.4439810905,10,0.0004891058591250472,italy|fao1952|1937-1951; ltaly|fao1952|1949-1951,,
28.701495865097087,tractors all purposes,number,BEL-1831-2025,Belgium,fao1952,9695.0,30692.03925557064,1,0.011005696608006713,belgium|fao1952|1937-1951,,
28.69008345274325,barley,tonnes,DNK-1920-2025,Denmark,juan,1248900.0,42638.10583746177,41,1.02093466651402,denmark|juan|1920-1960,,
28.66728036114775,poultry,1000 heads,CHE-1800-2025,Switzerland,fao1952,5822.0,41471.63260807535,6,0.004897050411867877,switzerland|fao1952|1936-1951,,
28.561328635960113,n,tonnes,GBR-1800-1921,United Kingdom (to 1921),iia,399063.0,313550.3999074049,12,0.04456107893823611,united kingdom|iia|1909-1920,,
28.54101267902616,commercial phosphoric acid,1000 tonnes,DNK-1920-2025,Denmark,fao1952,75.65,42638.10583746177,8,6.216438630535554e-05,denmark|fao1952|1937-1951,,
28.474155170599282,milk,1000 tonnes,GBR-1921-2025,United Kingdom,fao1952,9754.0,243963.92905649156,5,0.0014041266581749038,united kingdom|fao1952|1937-1951; united kingdom great britain|fao1952|1937-1951,,
28.444974847146273,funflower seed,1000 hectares,BGR-1919-1940,Bulgaria (1919-1940),fao1952,152.0,103263.13610091528,1,5.174789919115008e-05,bulgaria|fao1952|1937-1939,,
28.436096043669625,"milk, whole fresh cow",tonnes,DNK-1920-2025,Denmark,iia,4133000.0,42638.10583746177,8,3.4087686699863613,denmark|iia|1920-1945,,
28.435102211784113,hops,1000 hectares,F51-1918-1938,Czechoslovakia (1918-1938),fao1952,11.3,140306.01867415186,1,2.8323528006671033e-06,czechoslovakia|fao1952|1937-1937,,
28.429149062783377,broad beans,1000 hectares,ITA-1919-2025,Italy,fao1952,549.5,300310.4439810905,4,6.436257339408649e-05,italy|fao1952|1937-1951; ltaly|fao1952|1949-1951,,
28.415802986535173,other meat,1000 tonnes,HKG-1842-2025,Hong Kong,fao1952,0.5,1128.3490558475178,5,1.5594325731753717e-05,hong kong|fao1952|1937-1951,,
28.375564155610977,meat,1000 tonnes,LUX-1839-2025,Luxembourg,fao1952,11.0,2590.86862192315,12,0.00014962452649997936,luxembourg|fao1952|1937-1951,,
28.362170762812497,geese and guinea fowls,heads,F51-1938-1945,Czechoslovakia (1938-1945),juan,6615000.0,100712.76559040853,1,2.3158256459744067,czechoslovakia|juan|1938-1944,,
28.337495612468114,"coffee, green",tonnes,CRI-1800-2025,Costa Rica,iia,20895.75,51141.45329885582,4,0.014418611242477926,costa rica|iia|1909-1944,,
28.332962678334056,milk,1000 tonnes,DEU-1949-1990,"Germany (divided, 1949-1990)",fao1952,14196.0,356835.2226635201,3,0.0014041266581749038,germany|fao1952|1949-1951,,
28.331160489398815,chick peas,1000 hectares,IND-1949-2025,India,fao1952,8294.0,3151797.0640165973,3,9.288410914530065e-05,india|fao1952|1949-1951,,
28.305397869622308,cotton lint,tonnes,GRD-1800-2025,Grenada,iia,124.4,359.45318636546244,35,0.01222668655598026,grenada|iia|1909-1945,,
28.293179478541017,"tobacco, unmanufactured",tonnes,SYR-1922-1946,Syria (1922-1946),iia,272200.0,188105.14616733234,19,0.051145295153688305,syrian arab republic|iia|1922-1945,,
28.252992236513997,"rice, paddy",ha,JPN-1952-2025,Japan,mitchell,3225000.0,371147.4432376307,9,0.3075521700544461,japan|mitchell|1952-1960,,
28.217594744096086,oranges tangerines clementines,1000 tonnes,LBN-1944-2025,Lebanon,fao1952,57.0,10199.46189186542,3,0.00019805125743761192,lebanon|fao1952|1949-1951,,
28.171754243820175,wheel tractors agriculture,number,BMU-1684-1968,British Crown Colony of Bermuda,fao1952,9.5,67.8255295223494,2,0.004971832868108485,bermuda|fao1952|1937-1951,,
28.165429502744416,cotton seed,tonnes,USA-1867-1959,United States (1867-1959),mitchell,4250000.0,8906416.741310216,90,0.016942189667314478,united states of america|mitchell|1867-1958,,
28.163046936816283,potatoes,ha,DEU-1871-1919,German Empire (1871-1919),juan,3043500.0,540040.6645623595,42,0.200109268354486,germany|juan|1871-1918,,
28.11811235792196,commercial phosphoric acid,1000 tonnes,SBZ-1938-1949,Eastern Germany / Soviet Occupation Zone,fao1952,191.0,109271.16029246466,2,6.216438630535554e-05,germany eastern|fao1952|1938-1948,,
28.116217203343613,cotton seed,ha,BRB-1800-2025,Barbados,iia,931.0,434.58445270912586,9,0.07619361970864685,barbados|iia|1909-1943,,
28.101401028940625,"butter, cow milk",tonnes,BEL-1831-2025,Belgium,iia,46700.0,30692.03925557064,6,0.05414559903477284,belgium|iia|1909-1945,,
28.094145417696073,"cacao, beans",tonnes,DOM-1800-2025,Dominican Republic,mitchell,22000.0,48332.9008946207,59,0.016201827088642793,dominican republic|mitchell|1901-1960,,
28.05800808930027,r_fao_population_1952_10_18,1000 people,RYU-1937-1945,Ryukyu Islands / Okinawa Prefecture (Japanese),fao1952,786.0,2336.8360149164137,1,0.011987744350629912,ryukyu islands|fao1952|1937-1939,,
27.93774529129949,commercial nitrogenous fertilizers,1000 tonnes,TWN-1945-2025,Taiwan,fao1952,28.200000000000003,35993.63707155193,6,2.8043487484389995e-05,china taiwan|fao1952|1948-1951; taiwan|fao1952|1949-1951,,
27.899281145383267,olives,tonnes,PRT-1800-2025,Portugal,iia,299700.0,91804.90167728892,3,0.11701131491879327,portugal|iia|1910-1945,,
27.870941550899232,grapefruit (inc. pomelos),ha,TTO-1800-2025,Trinidad and Tobago,iia,1000.0,4952.729517430746,4,0.007244422135381938,trinidad and tobago|iia|1909-1945,,
27.85715392870021,sweet potatoes yams,1000 tonnes,RWB-1922-1962,Ruanda-Urundi (1922-1962),fao1952,1028.0,52350.62635979226,3,0.0007049113258430571,ruanda urundi|fao1952|1937-1951,,
27.746684218812966,sesame seed,ha,IND-1893-1914,India (1893-1914),iia,2104150.0,4815027.6418610485,1,0.01574950179384403,india|iia|1909-1913,,
27.715867902987405,flax fibre and tow,tonnes,URY-1828-2025,Uruguay,iia,84500.0,177866.3552194432,15,0.017140931543133633,uruguay|iia|1910-1945,,
27.70938572688316,potatoes,tonnes,RWB-1922-1962,Ruanda-Urundi (1922-1962),mitchell,1509500.0,52350.62635979226,8,1.040601234644152,rwanda and burundi|mitchell|1924-1960; rwanda|mitchell|1953-1960,,
27.70079486528323,chick peas,1000 tonnes,IND-1949-2025,India,fao1952,3726.0,3151797.0640165973,3,4.2676851602685406e-05,india|fao1952|1949-1951,,
27.69512271433845,cotton lint,tonnes,USA-1959-2025,United States of America,juan,3204000.0,9461945.33959317,2,0.01222668655598026,united states of america|juan|1959-1960,,
27.668365632781494,wine,tonnes,FRA-1919-2025,France,iia,5394331.8445,548057.8009401887,26,0.35573597719855443,france|iia|1919-1945,,
27.615904346242747,cotton lint,ha,IND-1893-1914,India (1893-1914),iia,9003343.0,4815027.6418610485,6,0.06770889735806021,india|iia|1909-1913,,
27.599202489478778,"groundnuts, with shell",ha,HKG-1842-2025,Hong Kong,iia,488.0,1128.3490558475178,1,0.01567039051079133,china hong kong sar|iia|1924-1924,,
27.583269438864377,wine,ha,CYP-1879-2025,Cyprus,iia,35892.0,9123.352706704041,10,0.14262558949686102,cyprus|iia|1909-1945,,
27.57863964040157,cotton lint,tonnes,USA-1867-1959,United States (1867-1959),iia,3003202.6,8906416.741310216,4,0.01222668655598026,united states of america|iia|1909-1945,,
27.556670249874916,sugar raw centrifugal,tonnes,LCA-1838-2025,Saint Lucia,iia,5200.0,613.7318536183993,31,0.3074665960637625,saint lucia|iia|1909-1945,,
27.544521772797143,"cacao, beans",tonnes,DOM-1800-2025,Dominican Republic,iia,21569.6,48332.9008946207,5,0.016201827088642793,dominican republic|iia|1910-1942,,
27.49193255345503,hops,1000 tonnes,GBR-1921-2025,United Kingdom,fao1952,14.5,243963.92905649156,4,2.161907525932986e-06,united kingdom|fao1952|1937-1951; united kingdom great britain|fao1952|1937-1951,,
27.44691474866868,horses mules asses,1000 heads,DNK-1920-2025,Denmark,fao1952,517.0,42638.10583746177,4,0.0004417729359427037,denmark|fao1952|1937-1951,,
27.436807986685974,crawler tractors agriculture,number,ANT-1816-1961,Dutch Caribbean (colonial),fao1952,22.0,794.5531766581097,3,0.001009174175679762,netherlands w indies|fao1952|1936-1951; neth west indies|fao1952|1949-1951; netherlands west indies|fao1952|1937-1951,,
27.355810572960948,oats,1000 tonnes,BEL-1831-2025,Belgium,fao1952,546.5,30692.03925557064,4,0.0006509008422604463,belgium|fao1952|1937-1951,,
27.333102395975324,"silk-worm cocoons, reelable",tonnes,VNM-1887-1954,Vietnam (French Indochina),iia,15500.484,324093.5795658952,6,0.001749789891421794,viet nam|iia|1930-1944,,
27.32882040456182,"groundnuts, with shell",tonnes,TWN-1895-1945,Formosa (Japanese Taiwan),iia,41938.95,35993.63707155193,4,0.04263545805358459,china taiwan province of|iia|1909-1944,,
27.32275499184286,funflower seed,1000 tonnes,ROU-1920-1940,Romania (1920-1940),fao1952,173.0,296126.08291605173,1,2.138183399649612e-05,romania|fao1952|1937-1939,,
27.317016699510347,olives,1000 tonnes,ITA-1919-2025,Italy,fao1952,1184.0,300310.4439810905,4,0.00014432713750806443,italy|fao1952|1937-1951; ltaly|fao1952|1949-1951,,
27.311162971829948,sheep,heads,URY-1828-2025,Uruguay,juan,20288800.0,177866.3552194432,21,4.1765949739573465,uruguay|juan|1898-1960,,
27.30979825558428,"cheese, processed",tonnes,ITA-1919-2025,Italy,iia,230550.0,300310.4439810905,8,0.028110993750511352,italy|iia|1919-1945,,
27.274706492728846,abaca,1000 tonnes,PHL-1800-2025,Philippines,fao1952,127.6,291824.6113461748,4,1.6031297471225098e-05,philippines|fao1952|1937-1951,,
27.26564173587532,lemons limes other citrus,1000 tonnes,TON-1800-2025,Tonga,fao1952,1.0,756.9079967530139,3,4.8455288370861826e-05,tonga|fao1952|1937-1951,,
27.245664756634092,grapes,ha,ITA-1870-1919,Italy (1870-1919),juan,1816000.0,284847.5059880116,10,0.23399469656051022,italy|juan|1870-1918,,
27.241369631173427,soybeans,ha,CHN-1945-1947,China (1945-1947),iia,4820000.0,7532445.916794096,1,0.023489949172274996,china mainland|iia|1945-1945,,
27.20730522554425,centrifugal sugar noncentrifugal cane sugar,1000 tonnes,DNK-1920-2025,Denmark,fao1952,341.0,42638.10583746177,4,0.0002939482959867938,denmark|fao1952|1937-1951,,
27.18957845816658,potatoes,ha,DEU-1949-1990,"Germany (divided, 1949-1990)",juan,1941500.0,356835.2226635201,12,0.200109268354486,germany|juan|1949-1960,,
27.16202713936791,sunflower seed,ha,HUN-1938-1940,Hungary (1938-1940),juan,169000.0,108813.78983171615,1,0.05717953106849637,hungary|juan|1938-1939,,
26.99048777774234,tea,1000 tonnes,TWN-1945-2025,Taiwan,fao1952,10.1,35993.63707155193,3,1.039644612091253e-05,china taiwan|fao1952|1948-1951; taiwan|fao1952|1949-1951,,
26.982201153932973,"rubber, natural",tonnes,LBR-1847-2025,Liberia,mitchell,13500.0,95990.38646648961,36,0.005212290981469361,liberia|mitchell|1919-1960,,
26.91229597284347,"tobacco, unmanufactured",tonnes,CAR-1920-1945,Caroline Islands (Japanese Mandate),iia,1050.0,762.8389496108164,6,0.051145295153688305,micronesia|iia|1932-1942; palau|iia|1930-1932,,
26.906772840488433,potatoes,ha,LUX-1839-2025,Luxembourg,juan,13950.0,2590.86862192315,54,0.200109268354486,luxembourg|juan|1861-1960,,
26.906401413297473,"cheese, processed",tonnes,DNK-1920-2025,Denmark,iia,32250.0,42638.10583746177,8,0.028110993750511352,denmark|iia|1920-1945,,
26.834984970277876,wine,ha,PRT-1800-2025,Portugal,iia,351370.0,91804.90167728892,6,0.14262558949686102,portugal|iia|1910-1945,,
26.824384444417067,milk,1000 tonnes,WZO-1938-1949,Western Germany / Western Occupation Zones,fao1952,9324.0,247551.87229475778,1,0.0014041266581749038,germany western|fao1952|1938-1948,,
26.81954782370069,maize,ha,ROU-1940-1947,Romania (1940-1947),juan,3225000.0,193832.10595350157,7,0.6203725216879182,romania|juan|1940-1946,,
26.780530510377112,rice paddy,1000 tonnes,IND-1949-2025,India,fao1952,31649.0,3151797.0640165973,3,0.0003749579531697933,india|fao1952|1949-1951,,
26.72999575154567,flax fibre and tow,tonnes,LVA-1800-1918,Latvia (Livonia and Courland),iia,30229.5,65977.77321237107,1,0.017140931543133633,latvia|iia|None-None,,
26.67187795912054,"coffee, green",ha,DOM-1800-2025,Dominican Republic,iia,62500.0,48332.9008946207,4,0.04848233858028317,dominican republic|iia|1910-1942,,
26.641418371370094,sesame seed,ha,IND-1914-1937,India (1914-1937),iia,2051681.0,4889738.947332932,14,0.01574950179384403,india|iia|1914-1936,,
26.595695126601296,barley,ha,PAL-1920-1948,Palestine (1920-1948),mitchell,809000.0,27008.92924128763,7,1.1262370457240938,israel|mitchell|1935-1947; israel palestine|mitchell|1925-1948,,
26.52732723800655,meat,1000 tonnes,NLD-1830-2025,Netherlands,fao1952,152.0,38295.46118907003,16,0.00014962452649997936,netherlands|fao1952|1937-1951; necherlands|fao1952|1949-1951,,
26.478079683674284,"rice, paddy",tonnes,MMR-1885-2025,Myanmar,mitchell,6527000.0,675971.0487679241,32,0.3646691560734893,myanmar|mitchell|1885-1960,,
26.46361315962792,linseed,ha,LTU-1918-1940,Lithuania (interwar republic),iia,85480.0,55903.56442743159,1,0.05777977874840182,lithuania|iia|1930-1939,,
26.457425120519975,pesticides copper sulphate,tonnes,BMU-1684-1968,British Crown Colony of Bermuda,fao1952,1.0,67.8255295223494,2,0.0005572617459487168,bermuda|fao1952|1937-1951,,
26.363427225221457,"cassava, fresh",tonnes,RWB-1922-1962,Ruanda-Urundi (1922-1962),mitchell,1501500.0,52350.62635979226,14,1.0879315882565752,rwanda and burundi|mitchell|1924-1960; rwanda|mitchell|1953-1960,,
26.26029000856776,sugar raw centrifugal,tonnes,CZE-1804-1918,"Czech Lands (Crownlands of Bohemia, 1804-1918)",iia,640816.1,79366.26755088255,1,0.3074665960637625,czech republic|iia|1910-1918,,
26.246094358698127,asses,heads,SLV-1821-2025,El Salvador,juan,149250.0,20558.112635569574,14,0.2766090676219527,el salvador|juan|1900-1960,,
26.23394351940326,"peas, dry",ha,NLD-1830-2025,Netherlands,juan,31500.0,38295.46118907003,10,0.03135448490525801,netherlands|juan|1850-1960,,
26.23124603770363,flax fibre and tow,tonnes,BEL-1831-2025,Belgium,iia,13800.0,30692.03925557064,5,0.017140931543133633,belgium|iia|1909-1945,,
26.2292895367823,"rice, paddy",ha,JPN-1945-1952,Japan (occupied),mitchell,2994000.0,371147.4432376307,7,0.3075521700544461,japan|mitchell|1945-1951,,
26.201756867907157,seed cotton,tonnes,GRC-1947-2025,Greece (1947-2025),juan,107500.0,129841.0864350498,10,0.03159845956120467,greece|juan|1947-1960,,
26.20084748092511,cotton lint,tonnes,MLT-1800-2025,Malta,iia,93.5,291.8686793911891,6,0.01222668655598026,malta|iia|1909-1945,,
26.19563079668486,dates,1000 tonnes,IRQ-1932-2025,Iraq,fao1952,282.5,436195.0833201114,4,2.472343586188609e-05,iraq|fao1952|1937-1951,,
26.162130246659498,"tobacco, unmanufactured",ha,GRC-1919-1947,Greece (1919-1947),iia,89000.0,129841.0864350498,3,0.02620020940601075,greece|iia|1919-1945,,
26.150318217444728,milk,1000 tonnes,LIE-1800-2025,Liechtenstein,fao1952,6.5,177.0231619716852,2,0.0014041266581749038,liechtenstein|fao1952|1937-1951,,
26.149583969708946,"tobacco, unmanufactured",tonnes,PRI-1800-2025,Puerto Rico,juan,12000.0,8972.444342985882,42,0.051145295153688305,puerto rico|juan|1900-1960,,
26.132244863733632,potatoes,ha,DEU-1945-1949,Allied-occupied Germany,juan,1866000.0,356835.2226635201,3,0.200109268354486,germany|juan|1945-1948,,
26.059792887091756,flax fibre and tow,ha,LTU-1918-1940,Lithuania (interwar republic),iia,78000.0,55903.56442743159,3,0.053540712138779645,lithuania|iia|1930-1939,,
26.059792887091756,flax fibre and tow,ha,LTU-1918-1940,Lithuania (interwar republic),juan,78000.0,55903.56442743159,21,0.053540712138779645,lithuania|juan|1919-1939,,
26.057567538068426,cacao,1000 tonnes,WSM-1900-2025,Samoa,fao1952,2.45,2835.178451854064,4,3.316284742483804e-05,western samoa|fao1952|1937-1951,,
26.053223433555452,grapes,1000 hectares,ITA-1919-2025,Italy,fao1952,1729.0,300310.4439810905,12,0.00022098515139293542,italy|fao1952|1937-1951; ltaly|fao1952|1949-1951,,
26.02966359099188,n,tonnes,BEL-1831-2025,Belgium,iia,35600.0,30692.03925557064,17,0.04456107893823611,belgium|iia|1909-1945,,
26.002896310577942,"rice, paddy",tonnes,IND-1937-1947,India (1937-1947),mitchell,40045000.0,4223062.820170334,10,0.3646691560734893,india|mitchell|1937-1946,,
25.974666956531035,sunflower seed,tonnes,ROU-1920-1940,Romania (1920-1940),juan,153500.0,296126.08291605173,10,0.019956378396729715,romania|juan|1920-1939,,
25.922094796900513,sugar cane,ha,DOM-1800-2025,Dominican Republic,juan,97000.0,48332.9008946207,16,0.07742100024431484,dominican republic|juan|1900-1960,,
25.898093709172468,maize,tonnes,ROU-1920-1940,Romania (1920-1940),juan,4687873.4,296126.08291605173,20,0.6112676534626276,romania|juan|1920-1939,,
25.89359892095343,dry peas,1000 tonnes,FIN-1917-1940,Finland (1917-1940),fao1952,417.0,388749.6188089146,1,4.142606307360681e-05,finland|fao1952|1937-1939,,
25.789549387298596,sweet potatoes yams,1000 tonnes,GLP-1816-2025,Guadeloupe,fao1952,30.0,1650.2244307993958,3,0.0007049113258430571,guadeloupe|fao1952|1937-1951,,
25.777369843173567,tractors all purposes,number,F77-1949-1990,East Germany,fao1952,31000.0,109271.16029246466,1,0.011005696608006713,germany eastern|fao1952|1949-1951,,
25.76917952347715,pigs,1000 heads,BRB-1800-2025,Barbados,fao1952,24.0,434.58445270912586,1,0.002143070535283847,british west indies barbados|fao1952|1935-1951; br west indies barbados|fao1952|1950-1951,,
25.717595275523976,cotton seed,ha,IND-1914-1937,India (1914-1937),iia,9581525.0,4889738.947332932,12,0.07619361970864685,india|iia|1914-1936,,
25.628258082589134,soybeans,1000 hectares,TWN-1895-1945,Formosa (Japanese Taiwan),fao1952,47.0,35993.63707155193,1,5.0951037971044265e-05,china taiwan|fao1952|1937-1937,,
25.604161828246767,rye,1000 hectares,F77-1949-1990,East Germany,fao1952,1336.0,109271.16029246466,2,0.00047751865216439054,germany eastern|fao1952|1949-1951,,
25.555191519979207,"broad beans, horse beans, dry",tonnes,MLT-1800-2025,Malta,juan,1000.0,291.8686793911891,9,0.13407054254723036,malta|juan|1909-1959,,
25.523092738090778,potatoes,ha,F51-1918-1938,Czechoslovakia (1918-1938),juan,716600.0,140306.01867415186,19,0.200109268354486,czechoslovakia|juan|1919-1937,,
25.50428910836678,potatoes,tonnes,AUT-1800-1918,Austria (Cisleithania),juan,7970000.0,300303.7544040626,54,1.040601234644152,austria|juan|1851-1917,,
25.475896276179338,potatoes,tonnes,AUT-1918-1919,Austria (1918-1919),juan,5620470.0,212011.21026222923,1,1.040601234644152,austria|juan|1918-1918,,
25.404190412337133,sunflower seed,ha,BGR-1919-1940,Bulgaria (1919-1940),iia,150000.0,103263.13610091528,1,0.05717953106849637,bulgaria|iia|1919-1939,,
25.380380943244447,linseed,tonnes,ALB-1913-2025,Albania (1913-2025),juan,21500.0,28623.66037700785,2,0.029594782551316402,albania|juan|1929-1960,,
25.356143046881854,rice paddy,1000 hectares,LKA-1800-2025,Sri Lanka,fao1952,399.0,65954.96220180139,4,0.0002385845005827523,ceylon|fao1952|1937-1951,,
25.3425716811595,pesticides copper sulphate,tonnes,LIE-1800-2025,Liechtenstein,fao1952,2.5,177.0231619716852,2,0.0005572617459487168,liechtenstein|fao1952|1937-1951,,
25.28926026095835,bananas,tonnes,JAM-1800-2025,Jamaica,mitchell,163500.0,11001.039856468184,72,0.5876894479228758,jamaica|mitchell|1850-1960,,
25.280874270899126,swine / pigs,heads,TWN-1945-2025,Taiwan,mitchell,2799000.0,35993.63707155193,15,3.0759911130450983,china taiwan province of|mitchell|1945-1960,,
25.248020530140717,"coffee, green",tonnes,GLP-1816-2025,Guadeloupe,iia,600.75,1650.2244307993958,34,0.014418611242477926,guadeloupe|iia|1909-1945,,
25.21355149979348,sunflower seed,ha,BGR-1940-2025,Bulgaria (1940-2025),juan,160000.0,110980.16597322695,10,0.05717953106849637,bulgaria|juan|1940-1960,,
25.16689722972309,poultry,1000 heads,RYU-1945-1972,Ryukyu Islands (US Administration),fao1952,288.0,2336.8360149164137,3,0.004897050411867877,ryukyu islands|fao1952|1949-1951,,
25.16621658205039,maize,tonnes,F248-1947-1991,Yugoslavia (1947-1991),juan,3925000.0,255146.9119704287,14,0.6112676534626276,yugoslav sfr|juan|1947-1960,,
25.16513285024916,rye,1000 tonnes,DEU-1949-1990,"Germany (divided, 1949-1990)",fao1952,5246.0,356835.2226635201,2,0.0005841997172546179,germany|fao1952|1949-1951,,
25.1414813960344,commercial phosphoric acid,1000 tonnes,F78-1949-1990,West Germany,fao1952,386.9,247551.87229475778,6,6.216438630535554e-05,germany western|fao1952|1949-1951,,
25.119079508913767,pesticides white refined other refined oil,tonnes,LIE-1800-2025,Liechtenstein,fao1952,2.0,177.0231619716852,2,0.0004497759000081816,liechtenstein|fao1952|1937-1951,,
25.11062785007257,rice paddy,1000 hectares,RYU-1945-1972,Ryukyu Islands (US Administration),fao1952,14.0,2336.8360149164137,3,0.0002385845005827523,ryukyu islands|fao1952|1949-1951,,
25.105722705338913,"tobacco, unmanufactured",ha,BGR-1940-2025,Bulgaria (1940-2025),juan,73000.0,110980.16597322695,15,0.02620020940601075,bulgaria|juan|1940-1960,,
25.066615758704135,maize,ha,ROU-1920-1940,Romania (1920-1940),juan,4604950.0,296126.08291605173,20,0.6203725216879182,romania|juan|1920-1939,,
25.057443155622334,butter,1000 tonnes,LUX-1839-2025,Luxembourg,fao1952,3.0,2590.86862192315,4,4.621033422268359e-05,luxembourg|fao1952|1937-1951,,
25.037915077758687,rice paddy,1000 hectares,KHM-1907-1953,Cambodia (1907-1953),fao1952,1086.0,181798.14036256503,3,0.0002385845005827523,indochina cambodia|fao1952|1937-1951; cambodia|fao1952|1949-1950,,
24.984617732636714,lemons and limes,ha,CYP-1879-2025,Cyprus,iia,1000.0,9123.352706704041,1,0.0043870524430124356,cyprus|iia|1909-1945,,
24.96967299447929,olives,1000 tonnes,ESP-1800-2025,Spain,fao1952,1824.0,506132.2152565572,3,0.00014432713750806443,spain|fao1952|1937-1951,,
24.96405798651472,edible pig fat,1000 tonnes,SAA-1947-1957,Saar Protectorate,fao1952,1.0,2565.2203150015116,3,1.5615652886953084e-05,france saar|fao1952|1948-1951; saar|fao1952|1949-1951,,
24.932689491577797,pesticides arsenicals,tonnes,BMU-1684-1968,British Crown Colony of Bermuda,fao1952,0.3,67.8255295223494,3,0.00017740217220788145,bermuda|fao1952|1937-1951,,
24.86901342224126,tobacco,1000 hectares,GRC-1947-2025,Greece (1947-2025),fao1952,99.0,129841.0864350498,3,3.065945969502651e-05,greece|fao1952|1947-1951,,
24.84233601574022,pigs,1000 heads,KNA-1800-2025,Saint Kitts and Nevis,fao1952,14.0,262.96572046118183,1,0.002143070535283847,br west indies st kitts nevis anguilla|fao1952|1949-1951; leeward islands st kitts nevis|fao1952|1950-1950; british west indies st kitts nevis|fao1952|1951-1951,,
24.83781077718618,pigs,1000 heads,GBR-1921-2025,United Kingdom,fao1952,12986.0,243963.92905649156,3,0.002143070535283847,united kingdom|fao1952|1937-1951; united kingdom great britain|fao1952|1937-1951,,
24.825575015129804,grapefruit (inc. pomelos),tonnes,PRI-1800-2025,Puerto Rico,juan,13000.0,8972.444342985882,25,0.05836241612061964,puerto rico|juan|1900-1960,,
24.824787830342466,centrifugal sugar noncentrifugal cane sugar,1000 tonnes,WIN-1833-1960,British Windward Islands Colony,fao1952,15.5,2124.1012075346507,2,0.0002939482959867938,british west indies windward islands|fao1952|1937-1951; windward islands|fao1952|1950-1950,,
24.81730350469193,"coffee, green",tonnes,CRI-1800-2025,Costa Rica,juan,18300.0,51141.45329885582,61,0.014418611242477926,costa rica|juan|1900-1960,,
24.8098650965813,cotton seed,ha,IND-1893-1914,India (1893-1914),iia,9102104.0,4815027.6418610485,1,0.07619361970864685,india|iia|1909-1913,,
24.80510619522828,"coffee, green",ha,DOM-1800-2025,Dominican Republic,juan,58125.6085371233,48332.9008946207,6,0.04848233858028317,dominican republic|juan|1900-1960,,
24.76595307719467,"fertilizer, mixed",tonnes,ITA-1919-2025,Italy,iia,344982.0,300310.4439810905,8,0.04638429433240089,italy|iia|1919-1945,,
24.749820142418542,olives,tonnes,ESP-1800-2025,Spain,iia,1465763.45,506132.2152565572,4,0.11701131491879327,spain|iia|1909-1945,,
24.744032909473283,"rice, paddy",tonnes,IND-1914-1937,India (1914-1937),mitchell,44122000.0,4889738.947332932,23,0.3646691560734893,india|mitchell|1914-1936,,
24.724384991090265,"groundnuts, with shell",tonnes,IND-1947-1949,India (1947-1949),mitchell,3206500.0,3041829.122826827,2,0.04263545805358459,india|mitchell|1947-1948,,
24.716926265581513,edible pig fat,1000 tonnes,LUX-1839-2025,Luxembourg,fao1952,1.0,2590.86862192315,6,1.5615652886953084e-05,luxembourg|fao1952|1937-1951,,
24.715504922332208,goats,heads,GRC-1830-1881,Greece (1830–1881),juan,2408000.0,45003.64996202808,1,2.164907062620966,greece|juan|1860-1860,,
24.699177485344578,soybeans,1000 tonnes,CHN-1932-1945,China (1932-1945),fao1952,6093.0,6710151.482952717,1,3.6763458669968475e-05,china 22 provinces|fao1952|1937-1939; china|fao1952|1937-1937,,
24.691631778003135,maize,ha,ROU-1913-1918,Romania (1913-1918),juan,2086350.0,136202.4190877079,4,0.6203725216879182,romania|juan|1913-1917,,
24.68686493055498,cotton lint,tonnes,USA-1867-1959,United States (1867-1959),juan,2688300.0,8906416.741310216,59,0.01222668655598026,united states of america|juan|1900-1958,,
24.680603522957067,natural rubber,1000 tonnes,VNM-1887-1954,Vietnam (French Indochina),fao1952,33.9,324093.5795658952,3,4.238122399211664e-06,viet nam|fao1952|1949-1951,,
24.674885365112438,other berries and fruits of the genus vaccinium n.e.c.,ha,JPN-1895-1945,Japanese Empire,iia,578000.0,626507.2861088028,15,0.03738923407431606,japan|iia|1909-1944; palau|iia|1915-1918,,
24.628631666331863,sugar raw centrifugal,tonnes,DOM-1800-2025,Dominican Republic,mitchell,366000.0,48332.9008946207,55,0.3074665960637625,dominican republic|mitchell|1901-1960,,
24.585904343452032,sugar cane,ha,DOM-1800-2025,Dominican Republic,mitchell,92000.0,48332.9008946207,5,0.07742100024431484,dominican republic|mitchell|1901-1960,,
24.581601428113196,crawler tractors agriculture,number,NLD-1830-2025,Netherlands,fao1952,950.0,38295.46118907003,1,0.001009174175679762,netherlands|fao1952|1937-1951; necherlands|fao1952|1949-1951,,
24.566824113418377,"rubber, natural",tonnes,VNM-1887-1954,Vietnam (French Indochina),mitchell,41500.0,324093.5795658952,4,0.005212290981469361,viet nam|mitchell|1938-1953,,
24.56665519803914,cotton seed,tonnes,EGY-1899-1925,Egypt (1899-1925),iia,631442.0,1517112.8806190193,4,0.016942189667314478,egypt|iia|1909-1924,,
24.56324412315392,cotton seed,tonnes,IND-1914-1937,India (1914-1937),iia,2034890.0,4889738.947332932,14,0.016942189667314478,india|iia|1914-1936,,
24.54098577618958,rapeseed,ha,ARG-1902-2025,Argentina,iia,4035000.0,2781054.6380225588,2,0.05912103303954976,argentina|iia|1909-1945,,
24.528897358760187,rice paddy,1000 tonnes,PHL-1800-2025,Philippines,fao1952,2684.0,291824.6113461748,4,0.0003749579531697933,philippines|fao1952|1937-1951,,
24.492119422349276,milk,1000 tonnes,BRL-1945-1949,Berlin (Allied Occupation),fao1952,31.0,901.423842095747,1,0.0014041266581749038,berlin|fao1952|1949-1949; germany berlin|fao1952|1948-1948,,
24.43712873444336,"rice, paddy",tonnes,THA-1909-2025,Thailand,mitchell,4564000.0,512149.11556195066,51,0.3646691560734893,thailand|mitchell|1909-1960,,
24.434895223991933,commercial nitrogenous fertilizers,1000 tonnes,MLT-1800-2025,Malta,fao1952,0.2,291.8686793911891,3,2.8043487484389995e-05,malta|fao1952|1939-1951,,
24.417073662631843,beer of barley,tonnes,DEU-1945-1949,Allied-occupied Germany,mitchell,906960.0,356835.2226635201,2,0.10409426519973411,germany|mitchell|1947-1948,,
24.38627034083312,grapes,1000 tonnes,PRT-1800-2025,Portugal,fao1952,1095.0,91804.90167728892,4,0.0004891058591250472,portugal|fao1952|1934-1951,,
24.34971807198671,"oil, olive, virgin",tonnes,GRC-1947-2025,Greece (1947-2025),juan,134500.0,129841.0864350498,14,0.04254183378069144,greece|juan|1947-1960,,
24.336763775388288,maize,tonnes,ROU-1940-1947,Romania (1940-1947),juan,2883500.0,193832.10595350157,7,0.6112676534626276,romania|juan|1940-1946,,
24.325654122300573,oranges tangerines clementines,1000 tonnes,JAM-1800-2025,Jamaica,fao1952,53.0,11001.039856468184,3,0.00019805125743761192,british west indies jamaica|fao1952|1938-1951; jamaica|fao1952|1949-1951; br west indies jamaica|fao1952|1949-1951,,
24.320888881473458,potatoes,ha,F51-1947-1993,Czechoslovakia (1947-1993),juan,621000.0,127598.31888643919,14,0.200109268354486,czechoslovakia|juan|1947-1960,,
24.3180379189203,potatoes,tonnes,GBR-1921-2025,United Kingdom,juan,6173600.0,243963.92905649156,40,1.040601234644152,united kingdom|juan|1921-1960,,
24.31419578608149,bananas,1000 tonnes,PRI-1800-2025,Puerto Rico,fao1952,120.0,8972.444342985882,3,0.0005500606320865948,puerto rico|fao1952|1935-1951,,
24.31299903019606,grapes,ha,ITA-1919-2025,Italy,juan,1708500.0,300310.4439810905,42,0.23399469656051022,italy|juan|1919-1960,,
24.312533573769777,phosphate rock,1000 tonnes,MAR-1911-1958,Morocco (to 1958),fao1952,2193.5,350267.7063170169,4,0.00025757714307060326,french morocco|fao1952|1937-1951; morocco|fao1952|1950-1951,,
24.30656704092102,crawler tractors agriculture,number,GUM-1950-2025,Guam (US Territory),fao1952,13.5,550.3563917847312,2,0.001009174175679762,guam|fao1952|1950-1951,,
24.28678577483417,sheep,1000 heads,GBR-1921-2025,United Kingdom,fao1952,19984.0,243963.92905649156,3,0.003372770260970567,united kingdom|fao1952|1937-1951; united kingdom great britain|fao1952|1937-1951,,
24.276723916403725,swine / pigs,heads,DNK-1920-2025,Denmark,juan,3184000.0,42638.10583746177,41,3.0759911130450983,denmark|juan|1920-1960,,
24.2667601423376,sugar raw centrifugal,tonnes,BEL-1831-2025,Belgium,iia,229000.0,30692.03925557064,37,0.3074665960637625,belgium|iia|1909-1945,,
24.234758733880096,other meat,1000 tonnes,GBR-1921-2025,United Kingdom,fao1952,92.2,243963.92905649156,12,1.5594325731753717e-05,united kingdom|fao1952|1937-1951; united kingdom great britain|fao1952|1937-1951,,
24.205280770966464,pesticides 2 4 d,tonnes,BEL-1831-2025,Belgium,fao1952,150.0,30692.03925557064,3,0.0002019088659052706,belgium|fao1952|1937-1951,,
24.20133878470039,grapes,tonnes,ITA-1919-2025,Italy,iia,2841615.6,300310.4439810905,3,0.3909808631507594,italy|iia|1919-1945,,
24.18696436908045,tractors all purposes,number,KNA-1800-2025,Saint Kitts and Nevis,fao1952,70.0,262.96572046118183,3,0.011005696608006713,br west indies st kitts nevis anguilla|fao1952|1949-1951; leeward islands st kitts nevis|fao1952|1950-1950; british west indies st kitts nevis|fao1952|1951-1951,,
24.162558984419665,olives,ha,PRT-1800-2025,Portugal,iia,481000.0,91804.90167728892,3,0.2168384425805653,portugal|iia|1910-1945,,
24.147892213979613,linseed,ha,LTU-1918-1940,Lithuania (interwar republic),juan,78000.0,55903.56442743159,21,0.05777977874840182,lithuania|juan|1919-1939,,
24.136234569721964,maize,ha,ROU-1947-2025,Romania (1947-2025),juan,3554000.0,237353.3426676344,13,0.6203725216879182,romania|juan|1947-1960,,
24.13036718936986,soybeans,tonnes,JPN-1895-1945,Japanese Empire,iia,325100.0,626507.2861088028,15,0.02150437935902786,japan|iia|1909-1944; palau|iia|1915-1918,,
24.105540262412728,bananas,1000 hectares,JAM-1800-2025,Jamaica,fao1952,26.0,11001.039856468184,3,9.804438808654699e-05,british west indies jamaica|fao1952|1938-1951; jamaica|fao1952|1949-1951; br west indies jamaica|fao1952|1949-1951,,
24.074092242228225,soybeans,1000 tonnes,IDN-BLB-1949-1951,"Bali and Lombok (within Indonesia, 1949-1951)",fao1952,9.0,10168.952683948575,3,3.6763458669968475e-05,indonesia bali and lombok|fao1952|1949-1951,,
24.050442289819145,total tractors agriculture,number,BRB-1800-2025,Barbados,fao1952,139.5,434.58445270912586,2,0.013346793917923224,british west indies barbados|fao1952|1935-1951; br west indies barbados|fao1952|1950-1951,,
24.0472441535589,tobacco,1000 tonnes,GRC-1947-2025,Greece (1947-2025),fao1952,58.0,129841.0864350498,3,1.857592889369951e-05,greece|fao1952|1947-1951,,
24.004256638833933,poultry,1000 heads,DEU-1949-1990,"Germany (divided, 1949-1990)",fao1952,41946.0,356835.2226635201,5,0.004897050411867877,germany|fao1952|1949-1951,,
23.973937978738906,pesticides ddt,tonnes,AUT-1919-2025,Austria,fao1952,500.0,84021.14316677154,3,0.00024822301177225895,austria|fao1952|1937-1951,,
23.877514541825192,potatoes,ha,BEL-1831-2025,Belgium,juan,146650.0,30692.03925557064,60,0.200109268354486,belgium|juan|1856-1960,,
23.87337886848091,pesticides arsenicals,tonnes,PRI-1800-2025,Puerto Rico,fao1952,38.0,8972.444342985882,1,0.00017740217220788145,puerto rico|fao1952|1935-1951,,
23.86669319297581,cotton lint,tonnes,PAK-1949-1971,Pakistan (1949-1971),mitchell,296000.0,1014356.6530305491,11,0.01222668655598026,pakistan|mitchell|1949-1960,,
23.835701774536055,pesticides 2 4 d,tonnes,SWE-1905-2025,Sweden,fao1952,2146.0,445909.1511104987,3,0.0002019088659052706,sweden|fao1952|1937-1951,,
23.81747716474351,wine,1000 tonnes,FRA-1919-2025,France,fao1952,5769.0,548057.8009401887,4,0.00044195537252680715,france|fao1952|1937-1951,,
23.814619211772516,soybeans,ha,CHN-1921-1932,China (1921-1932),iia,4193559.0,7496473.996208218,4,0.023489949172274996,china mainland|iia|1922-1931,,
23.798479558866912,tobacco,1000 tonnes,GRC-1919-1947,Greece (1919-1947),fao1952,57.4,129841.0864350498,1,1.857592889369951e-05,greece|fao1952|1937-1938,,
23.784618946504537,"groundnuts, with shell",tonnes,TWN-1895-1945,Formosa (Japanese Taiwan),mitchell,36500.0,35993.63707155193,16,0.04263545805358459,china taiwan province of|mitchell|1896-1944,,
23.77982432547421,"groundnuts, with shell",tonnes,MWI-1953-1964,Nyasaland within Federation of Rhodesia and Nyasaland,mitchell,120000.0,118359.10457997555,1,0.04263545805358459,malawi|mitchell|1953-1960,,
23.77631656741054,"rice, paddy",ha,JPN-1800-1895,Japan (to 1895),mitchell,2714000.0,371147.4432376307,7,0.3075521700544461,japan|mitchell|1851-1894,,
23.776218681240064,olives,1000 tonnes,LBN-1944-2025,Lebanon,fao1952,35.0,10199.46189186542,3,0.00014432713750806443,lebanon|fao1952|1949-1951,,
23.765656948110276,"groundnuts, with shell",ha,DOM-1800-2025,Dominican Republic,juan,18000.0,48332.9008946207,13,0.01567039051079133,dominican republic|juan|1900-1960,,
23.707773636269486,rice paddy,1000 hectares,MMR-1885-2025,Myanmar,fao1952,3823.5,675971.0487679241,4,0.0002385845005827523,burma|fao1952|1937-1951,,
23.68994027913049,butter,1000 tonnes,F78-1949-1990,West Germany,fao1952,271.0,247551.87229475778,3,4.621033422268359e-05,germany western|fao1952|1949-1951,,
23.686256191704,"cacao, beans",ha,GNQ-1886-1968,Equatorial Guinea (1886-1968),iia,36670.0,26904.193350700836,13,0.0575432666059208,equatorial guinea|iia|1910-1945,,
23.66761914681901,oranges,ha,PRI-1800-2025,Puerto Rico,juan,3000.0,8972.444342985882,7,0.014127194015379808,puerto rico|juan|1900-1960,,
23.66710369769229,total tractors agriculture,number,BEL-1831-2025,Belgium,fao1952,9695.0,30692.03925557064,1,0.013346793917923224,belgium|fao1952|1937-1951,,
23.65488178299851,"broad beans, horse beans, dry",ha,ITA-1919-2025,Italy,juan,556500.0,300310.4439810905,26,0.07833826534138293,italy|juan|1919-1960,,
23.613994893783374,grapes for wine,1000 tonnes,FRA-1919-2025,France,fao1952,8613.5,548057.8009401887,4,0.0006655548143222221,france|fao1952|1937-1951,,
23.567353676456246,milk,1000 tonnes,IRL-1921-2025,Ireland,fao1952,2302.0,69564.5876553353,5,0.0014041266581749038,ireland|fao1952|1937-1951,,
23.523686652131012,"butter, cow milk",tonnes,LUX-1839-2025,Luxembourg,iia,3300.0,2590.86862192315,1,0.05414559903477284,luxembourg|iia|1909-1945,,
23.51160309431471,"rubber, natural",tonnes,IDN-1945-1949,Indonesia (1945-1949),mitchell,230000.0,1876795.4490900706,4,0.005212290981469361,indonesia|mitchell|1945-1948,,
23.510075940938126,lemons and limes,ha,ITA-1919-2025,Italy,juan,30974.0,300310.4439810905,27,0.0043870524430124356,italy|juan|1919-1960,,
23.49833224293694,sugar raw centrifugal,tonnes,DOM-1800-2025,Dominican Republic,iia,349202.9,48332.9008946207,5,0.3074665960637625,dominican republic|iia|1910-1942,,
23.495501292670244,olives,ha,ITA-1919-2025,Italy,iia,1530000.0,300310.4439810905,3,0.2168384425805653,italy|iia|1919-1945,,
23.46134532654842,olives,tonnes,LBN-1920-1944,Lebanon (1920-1944),iia,28000.0,10199.46189186542,5,0.11701131491879327,lebanon|iia|1923-1943,,
23.448712564111368,olive oil,1000 tonnes,GRC-1947-2025,Greece (1947-2025),fao1952,160.0,129841.0864350498,3,5.2551950385437366e-05,greece|fao1952|1947-1951,,
23.444865004456954,sweet potatoes yams,1000 tonnes,SGP-1946-1963,Singapore (Crown Colony),fao1952,9.0,544.5782406954,3,0.0007049113258430571,singapore|fao1952|1948-1951,,
23.428719593404228,garlic,tonnes,ESP-1800-2025,Spain,juan,52599.52192500915,506132.2152565572,98,0.004435772471556992,spain|juan|1859-1960,,
23.428330540591475,"rice, paddy",ha,IND-1937-1947,India (1937-1947),mitchell,30429000.0,4223062.820170334,9,0.3075521700544461,india|mitchell|1937-1946,,
23.35905518977306,natural rubber,1000 tonnes,IDN-1800-1945,Dutch East Indies (1800-1945),fao1952,185.8,1876795.4490900706,3,4.238122399211664e-06,indonesia|fao1952|1937-1939,,
23.349885851630667,centrifugal sugar noncentrifugal cane sugar,1000 tonnes,F77-1949-1990,East Germany,fao1952,750.0,109271.16029246466,3,0.0002939482959867938,germany eastern|fao1952|1949-1951,,
23.324042656640792,pesticides ddt,tonnes,LUX-1839-2025,Luxembourg,fao1952,15.0,2590.86862192315,6,0.00024822301177225895,luxembourg|fao1952|1937-1951,,
23.309268217195864,potatoes,tonnes,FRA-1919-2025,France,juan,13293500.0,548057.8009401887,42,1.040601234644152,france|juan|1919-1960,,
23.292751769021788,centrifugal sugar noncentrifugal cane sugar,1000 tonnes,RYU-1945-1972,Ryukyu Islands (US Administration),fao1952,16.0,2336.8360149164137,3,0.0002939482959867938,ryukyu islands|fao1952|1949-1951,,
23.26716383478601,cotton lint,1000 hectares,UGA-1926-1962,Uganda (1926-1962),fao1952,608.5,242015.3658348687,4,0.00010806229678981088,uganda|fao1952|1937-1951,,
23.26669277286618,horses mules asses,1000 heads,MLT-1800-2025,Malta,fao1952,3.0,291.8686793911891,12,0.0004417729359427037,malta|fao1952|1939-1951,,
23.25185341645909,sheep,heads,GBR-1800-1921,United Kingdom (to 1921),juan,30450000.0,313550.3999074049,54,4.1765949739573465,united kingdom|juan|1867-1920,,
23.241929923306557,wheel tractors agriculture,number,NZL-1840-2025,New Zealand,fao1952,31048.5,268690.2547565733,2,0.004971832868108485,new zealand|fao1952|1937-1951,,
23.21681602302598,slaughter fats other than pig,1000 tonnes,HND-1800-2025,Honduras,fao1952,57.0,112280.36927334526,3,2.1865950643360243e-05,honduras|fao1952|1930-1951,,
23.199196681572438,"groundnuts, with shell",ha,BFA-1919-1932,Upper Volta (1919-1932),iia,99000.0,272321.8121533213,8,0.01567039051079133,burkina faso|iia|1922-1932,,
23.170233271220315,rye,1000 hectares,SBZ-1938-1949,Eastern Germany / Soviet Occupation Zone,fao1952,1209.0,109271.16029246466,1,0.00047751865216439054,germany eastern|fao1952|1938-1948,,
23.150708248339644,tobacco,1000 hectares,BNB-1881-1963,British North Borneo,fao1952,51.5,72556.85503353662,4,3.065945969502651e-05,british borneo north borneo|fao1952|1937-1951; british north borneo|fao1952|1949-1951,,
23.121627255697447,maize,ha,ROU-1859-1913,Romania (to 1913),juan,1842500.0,128450.72138905739,38,0.6203725216879182,romania|juan|1860-1912,,
23.109691126873113,sesame seed,tonnes,IND-1893-1914,India (1893-1914),iia,485243.7,4815027.6418610485,1,0.004360808143068674,india|iia|1909-1913,,
23.088324092568627,"tobacco, unmanufactured",tonnes,ZWE-1900-1953,Zimbabwe (1900-1953),iia,460200.0,389716.25013525167,5,0.051145295153688305,zimbabwe|iia|1911-1945,,
23.085743982441468,other meat,1000 tonnes,DNK-1920-2025,Denmark,fao1952,15.350000000000001,42638.10583746177,10,1.5594325731753717e-05,denmark|fao1952|1937-1951,,
23.074086508836082,wine,tonnes,FRA-1871-1919,"France (without Alsace-Lorraine, 1871-1919)",iia,4369311.65,532305.2096529249,11,0.35573597719855443,france|iia|1909-1918,,
23.055837681230567,lemons limes other citrus,1000 tonnes,ITA-1919-2025,Italy,fao1952,335.5,300310.4439810905,4,4.8455288370861826e-05,italy|fao1952|1937-1951; ltaly|fao1952|1949-1951,,
23.041178589052603,beer of barley,tonnes,PRI-1800-2025,Puerto Rico,mitchell,21520.0,8972.444342985882,18,0.10409426519973411,puerto rico|mitchell|1850-1960,,
23.026076753740206,pesticides sulphur dust,tonnes,TUN-1881-2025,Tunisia,fao1952,2147.0,155470.55738364244,3,0.000599741278161007,tunisia|fao1952|1937-1951,,
23.025461322837362,"rice, paddy",tonnes,KHM-1953-2025,Cambodia,mitchell,1526500.0,181798.14036256503,8,0.3646691560734893,cambodia|mitchell|1953-1960,,
23.013020682847205,rice paddy,1000 tonnes,FID-1887-1954,French Indochina,fao1952,6498.0,753049.4738884472,1,0.0003749579531697933,indochina viet nam|fao1952|1937-1951; indochina|fao1952|1937-1951,,
22.994954827600907,tractors all purposes,number,FRA-1919-2025,France,fao1952,138700.0,548057.8009401887,3,0.011005696608006713,france|fao1952|1937-1951,,
22.952098461043235,potatoes,ha,DEU-1919-1920,Germany (1919-1920),juan,2180700.0,474795.2015708754,1,0.200109268354486,germany|juan|1919-1919,,
22.918997389920488,cotton lint,ha,USA-1867-1959,United States (1867-1959),iia,13821156.0,8906416.741310216,5,0.06770889735806021,united states of america|iia|1909-1945,,
22.899872062775877,condensed evaporated milk,1000 tonnes,DNK-1920-2025,Denmark,fao1952,37.0,42638.10583746177,3,3.7894027396516215e-05,denmark|fao1952|1937-1951,,
22.88787493612339,bananas,1000 tonnes,JAM-1800-2025,Jamaica,fao1952,138.5,11001.039856468184,4,0.0005500606320865948,british west indies jamaica|fao1952|1938-1951; jamaica|fao1952|1949-1951; br west indies jamaica|fao1952|1949-1951,,
22.83062999217615,beer of barley,tonnes,FRA-1919-2025,France,mitchell,1302480.0,548057.8009401887,42,0.10409426519973411,france|mitchell|1919-1960,,
22.76624631121452,"rice, paddy",ha,KOR-1800-1945,Korea (to 1945),mitchell,1536000.0,219371.89647949164,35,0.3075521700544461,korea|mitchell|1909-1944; south korea|mitchell|1932-1944,,
22.75907736617157,poultry,1000 heads,PRI-1800-2025,Puerto Rico,fao1952,1000.0,8972.444342985882,3,0.004897050411867877,puerto rico|fao1952|1935-1951,,
22.757673659734003,pesticides ddt,tonnes,LIE-1800-2025,Liechtenstein,fao1952,1.0,177.0231619716852,1,0.00024822301177225895,liechtenstein|fao1952|1937-1951,,
22.73135464480458,pesticides sulphur dust,tonnes,CUB-1800-2025,Cuba,fao1952,1487.0,109074.11801961382,2,0.000599741278161007,cuba|fao1952|1937-1951,,
22.72939724678889,soybeans,ha,JPN-1895-1945,Japanese Empire,iia,334500.0,626507.2861088028,12,0.023489949172274996,japan|iia|1909-1944; palau|iia|1915-1918,,
22.727848227695933,use agricultural area arable land orchards,1000 hectares,CRI-1800-2025,Costa Rica,fao1952,16353.0,51141.45329885582,1,0.014069091393512485,costa rica|fao1952|1929-1951,,
22.69756589937723,milk,1000 tonnes,SBZ-1938-1949,Eastern Germany / Soviet Occupation Zone,fao1952,3482.5,109271.16029246466,2,0.0014041266581749038,germany eastern|fao1952|1938-1948,,
22.67087953746648,"chillies and peppers, green",tonnes,ESP-1800-2025,Spain,juan,201110.6110707515,506132.2152565572,98,0.01752680017772186,spain|juan|1859-1960,,
22.663614525046142,pigs,1000 heads,NLD-1830-2025,Netherlands,fao1952,1860.0,38295.46118907003,3,0.002143070535283847,netherlands|fao1952|1937-1951; necherlands|fao1952|1949-1951,,
22.641745617533456,"oil, olive, virgin",tonnes,ITA-1861-1866,Italy (1861-1866),juan,238800.0,247918.08540998364,5,0.04254183378069144,italy|juan|1861-1865,,
22.597139350892157,sweet potatoes yams,1000 tonnes,JPN-1945-1952,Japan (occupied),fao1952,5912.0,371147.4432376307,3,0.0007049113258430571,japan|fao1952|1947-1951,,
22.57844809764721,linseed,tonnes,LTU-1918-1940,Lithuania (interwar republic),iia,37355.0,55903.56442743159,1,0.029594782551316402,lithuania|iia|1930-1939,,
22.56039734131825,n,tonnes,KOR-1800-1945,Korea (to 1945),iia,220538.0,219371.89647949164,5,0.04456107893823611,south korea|iia|1909-1944,,
22.55669422079521,poultry,1000 heads,ASM-1900-2025,Territory of American Samoa,fao1952,22.5,203.69130519542574,2,0.004897050411867877,american samoa|fao1952|1937-1951,,
22.547323259998286,milk,1000 tonnes,DEU-1920-1938,Germany (1920-1938),fao1952,14906.0,470825.35311272315,3,0.0014041266581749038,germany|fao1952|1937-1937; germany western|fao1952|1937-1937; germany berlin|fao1952|1937-1937,,
22.533225962502616,oats,1000 tonnes,LUX-1839-2025,Luxembourg,fao1952,38.0,2590.86862192315,4,0.0006509008422604463,luxembourg|fao1952|1937-1951,,
22.514017258191124,sheep,1000 heads,BRB-1800-2025,Barbados,fao1952,33.0,434.58445270912586,1,0.003372770260970567,british west indies barbados|fao1952|1935-1951; br west indies barbados|fao1952|1950-1951,,
22.48646256447114,milk,1000 tonnes,F51-1918-1938,Czechoslovakia (1918-1938),fao1952,4430.0,140306.01867415186,1,0.0014041266581749038,czechoslovakia|fao1952|1937-1937,,
22.445788899712007,wine,ha,ITA-1919-2025,Italy,iia,961397.0,300310.4439810905,14,0.14262558949686102,italy|iia|1919-1945,,
22.434337224009738,"cheese, processed",tonnes,DEU-1938-1945,Germany (1938-1945),iia,313200.0,496629.26877206715,3,0.028110993750511352,germany|iia|1938-1944,,
22.4269284304027,potatoes,ha,POL-1919-1920,Poland (1919-1920),juan,1151700.0,256627.0109915525,1,0.200109268354486,poland|juan|1919-1919,,
22.38799223262686,olive oil,1000 tonnes,LBN-1944-2025,Lebanon,fao1952,12.0,10199.46189186542,3,5.2551950385437366e-05,lebanon|fao1952|1949-1951,,
22.376150640822697,sunflower seed,ha,ROU-1940-1947,Romania (1940-1947),juan,248000.0,193832.10595350157,7,0.05717953106849637,romania|juan|1940-1946,,
22.37092257505995,"tobacco, unmanufactured",tonnes,ESP-1800-2025,Spain,iia,579100.0,506132.2152565572,3,0.051145295153688305,spain|iia|1909-1945,,
22.36072396319068,figs,tonnes,ITA-1919-2025,Italy,juan,319100.0,300310.4439810905,40,0.04751935178269498,italy|juan|1919-1960,,
22.356991864439113,tobacco,1000 hectares,GRC-1919-1947,Greece (1919-1947),fao1952,89.0,129841.0864350498,1,3.065945969502651e-05,greece|fao1952|1937-1938,,
22.329567664521367,"rice, paddy",ha,KHM-1953-2025,Cambodia,mitchell,1248500.0,181798.14036256503,8,0.3075521700544461,cambodia|mitchell|1953-1960,,
22.32126821713571,sheep,heads,GBR-1921-2025,United Kingdom,juan,22744000.0,243963.92905649156,40,4.1765949739573465,united kingdom|juan|1921-1960,,
22.31767929949796,"cacao, beans",tonnes,GLP-1816-2025,Guadeloupe,iia,596.7,1650.2244307993958,33,0.016201827088642793,guadeloupe|iia|1909-1945,,
22.312926692470167,oats,1000 tonnes,SBZ-1938-1949,Eastern Germany / Soviet Occupation Zone,fao1952,1587.0,109271.16029246466,1,0.0006509008422604463,germany eastern|fao1952|1938-1948,,
22.284194108251665,hemp fiber,1000 tonnes,ITA-1919-2025,Italy,fao1952,89.6,300310.4439810905,1,1.338876876051239e-05,italy|fao1952|1937-1951; ltaly|fao1952|1949-1951,,
22.27704848218112,oranges tangerines clementines,1000 tonnes,LBN-1920-1944,Lebanon (1920-1944),fao1952,45.0,10199.46189186542,1,0.00019805125743761192,lebanon|fao1952|1937-1938,,
22.27596843525242,tobacco,1000 tonnes,DOM-1800-2025,Dominican Republic,fao1952,20.0,48332.9008946207,4,1.857592889369951e-05,dominican republic|fao1952|1937-1951; dominican rep|fao1952|1949-1951,,
22.24590238645013,"coffee, green",tonnes,GTM-1821-2025,Guatemala,mitchell,35000.0,109117.54457073574,13,0.014418611242477926,guatemala|mitchell|1884-1960,,
22.203165898684823,wine,ha,FRA-1871-1919,"France (without Alsace-Lorraine, 1871-1919)",iia,1685672.0,532305.2096529249,1,0.14262558949686102,france|iia|1909-1918,,
22.192621990901465,cotton seed,tonnes,IND-1893-1914,India (1893-1914),iia,1810410.0,4815027.6418610485,1,0.016942189667314478,india|iia|1909-1913,,
22.188461782474,bananas,tonnes,PRI-1800-2025,Puerto Rico,juan,117000.0,8972.444342985882,12,0.5876894479228758,puerto rico|juan|1900-1960,,
22.1883089458852,"rice, paddy",tonnes,KHM-1907-1953,Cambodia (1907-1953),mitchell,1471000.0,181798.14036256503,3,0.3646691560734893,cambodia|mitchell|1948-1952,,
22.18827241937611,"tobacco, unmanufactured",tonnes,THA-1909-2025,Thailand,iia,581200.0,512149.11556195066,5,0.051145295153688305,thailand|iia|1911-1944,,
22.175832923382707,crawler tractors agriculture,number,CUB-1800-2025,Cuba,fao1952,2441.0,109074.11801961382,3,0.001009174175679762,cuba|fao1952|1937-1951,,
22.16435696483939,centrifugal sugar noncentrifugal cane sugar,1000 tonnes,FJI-1800-2025,Fiji,fao1952,121.5,18648.7700973142,4,0.0002939482959867938,fiji|fao1952|1937-1951,,
22.14825538386043,"coffee, green",tonnes,JAM-1800-2025,Jamaica,iia,3513.15,11001.039856468184,32,0.014418611242477926,jamaica|iia|1909-1945,,
22.123032692123825,pesticides white refined other refined oil,hectoliters,MLT-1800-2025,Malta,fao1952,21.5,291.8686793911891,2,0.003329709197321678,malta|fao1952|1939-1951,,
22.10965859694145,cacao,1000 tonnes,LCA-1838-2025,Saint Lucia,fao1952,0.44999999999999996,613.7318536183993,4,3.316284742483804e-05,br west indies st lucia|fao1952|1949-1951; british west indies st lucia|fao1952|1939-1951; windward islands st lucia|fao1952|1950-1950,,
22.10154730222303,k,tonnes,FRA-1919-2025,France,iia,381000.0,548057.8009401887,5,0.03145400364042851,france|iia|1919-1945,,
22.079121329260136,poultry,1000 heads,HKG-1842-2025,Hong Kong,fao1952,122.0,1128.3490558475178,4,0.004897050411867877,hong kong|fao1952|1937-1951,,
22.039418363073167,maize,tonnes,F248-1920-1947,Yugoslavia (1920-1947),juan,3437335.0,255146.9119704287,24,0.6112676534626276,yugoslav sfr|juan|1920-1946,,
22.018290293338804,other sugar crops n.e.c.,tonnes,JPN-1895-1945,Japanese Empire,iia,23011.1,626507.2861088028,4,0.001668121425137556,japan|iia|1909-1944; palau|iia|1915-1918,,
22.013793286160027,cheese,1000 tonnes,F51-1918-1938,Czechoslovakia (1918-1938),fao1952,111.0,140306.01867415186,1,3.5937825325530566e-05,czechoslovakia|fao1952|1937-1937,,
21.99306948217433,"butter, cow milk",tonnes,DEU-1938-1945,Germany (1938-1945),iia,591400.0,496629.26877206715,3,0.05414559903477284,germany|iia|1938-1944,,
21.986356298013952,"rice, paddy",tonnes,VNM-1887-1954,Vietnam (French Indochina),mitchell,2598500.0,324093.5795658952,4,0.3646691560734893,viet nam|mitchell|1938-1953,,
21.95968552509294,cheese,1000 tonnes,ITA-1919-2025,Italy,fao1952,237.0,300310.4439810905,3,3.5937825325530566e-05,italy|fao1952|1937-1951; ltaly|fao1952|1949-1951,,
21.918745101896466,goats,heads,GRC-1881-1913,Greece (1881–1913),juan,3018500.0,63611.58790153088,2,2.164907062620966,greece|juan|1899-1913,,
21.875785156708087,sunflower seed,tonnes,HUN-1940-1944,Hungary (1940-1944),juan,66550.0,152441.3128142145,4,0.019956378396729715,hungary|juan|1940-1943,,
21.859226501405747,hops,1000 hectares,F51-1947-1993,Czechoslovakia (1947-1993),fao1952,7.9,127598.31888643919,1,2.8323528006671033e-06,czechoslovakia|fao1952|1947-1951,,
21.854127510138596,pesticides benzene hexachloride,tonnes,ISR-1948-1967,Israel (1948-1967),fao1952,88.0,20786.111689025718,1,0.0001937206613078392,israel|fao1952|1948-1951,,
21.83989482922378,soybeans,1000 hectares,JPN-1945-1952,Japan (occupied),fao1952,413.0,371147.4432376307,3,5.0951037971044265e-05,japan|fao1952|1947-1951,,
21.784521291845994,butter,1000 tonnes,SBZ-1938-1949,Eastern Germany / Soviet Occupation Zone,fao1952,110.0,109271.16029246466,1,4.621033422268359e-05,germany eastern|fao1952|1938-1948,,
21.7576354390411,strawberries,tonnes,BEL-1831-2025,Belgium,juan,15350.0,30692.03925557064,6,0.02298639890571927,belgium|juan|1856-1960,,
21.755474385004746,wool greasy basis,1000 tonnes,URY-1828-2025,Uruguay,fao1952,75.0,177866.3552194432,4,1.9382013869038335e-05,uruguay|fao1952|1937-1951,,
21.753239149747163,"tangerines, mandarins, clementines, satsumas",ha,CYP-1879-2025,Cyprus,iia,1000.0,9123.352706704041,1,0.0050387359559263475,cyprus|iia|1909-1945,,
21.750584961896145,asses,heads,HTI-1800-2025,Haiti,mitchell,163000.0,27092.572875431946,2,0.2766090676219527,haiti|mitchell|1918-1960,,
21.731981590367965,pesticides white refined other refined oil,tonnes,BEL-1831-2025,Belgium,fao1952,300.0,30692.03925557064,1,0.0004497759000081816,belgium|fao1952|1937-1951,,
21.714201990107824,yarn of true hemp,tonnes,ITA-1870-1919,Italy (1870-1919),iia,86800.0,284847.5059880116,11,0.014033417003161484,italy|iia|1909-1918,,
21.698188856561252,"coffee, green",tonnes,CRI-1800-2025,Costa Rica,mitchell,16000.0,51141.45329885582,8,0.014418611242477926,costa rica|mitchell|1884-1960,,
21.69469413555438,cheese,1000 tonnes,SAA-1947-1957,Saar Protectorate,fao1952,2.0,2565.2203150015116,3,3.5937825325530566e-05,france saar|fao1952|1948-1951; saar|fao1952|1949-1951,,
21.690345326242582,"rice, paddy",ha,F237-1954-1975,Vietnam (combined reporting: DRV and RVN),mitchell,2162000.0,324093.5795658952,1,0.3075521700544461,viet nam|mitchell|1954-1954,,
21.686998908002625,maize,tonnes,ROU-1859-1913,Romania (to 1913),juan,1702814.815,128450.72138905739,37,0.6112676534626276,romania|juan|1860-1912,,
21.682427146371683,meat,1000 tonnes,SBZ-1938-1949,Eastern Germany / Soviet Occupation Zone,fao1952,354.5,109271.16029246466,4,0.00014962452649997936,germany eastern|fao1952|1938-1948,,
21.66492439828721,"tobacco, unmanufactured",tonnes,IDN-1800-1945,Dutch East Indies (1800-1945),iia,2079600.0,1876795.4490900706,5,0.051145295153688305,indonesia|iia|1909-1944,,
21.66264031293665,sunflower seed,ha,ROU-1947-2025,Romania (1947-2025),juan,294000.0,237353.3426676344,3,0.05717953106849637,romania|juan|1947-1960,,
21.610348801746554,"rice, paddy",ha,FID-1887-1954,French Indochina,mitchell,5005000.0,753049.4738884472,39,0.3075521700544461,indochina|mitchell|1887-1948,,
21.60379118042888,sesame seed,tonnes,IND-1914-1937,India (1914-1937),iia,460662.25,4889738.947332932,14,0.004360808143068674,india|iia|1914-1936,,
21.580920331956072,Oast,Bushels,NZL-1840-2025,New Zealand,sa_colonial,9816190.0,268690.2547565733,30,1.6928601402590573,new zealand|sa_colonial|1854-1898,,
21.527706434888263,"eggs, hen, in shell",tonnes,LUX-1839-2025,Luxembourg,iia,2964.5,2590.86862192315,5,0.05315061583743646,luxembourg|iia|1909-1945,,
21.498935055096485,rice paddy,1000 hectares,IND-1914-1937,India (1914-1937),fao1952,25081.0,4889738.947332932,1,0.0002385845005827523,(no assertion),,
21.47485292563569,sweet potatoes yams,1000 hectares,MTQ-1816-2025,Martinique,fao1952,4.0,1126.8510732461853,2,0.0001652963525547975,martinique|fao1952|1935-1951; marcinique|fao1952|1949-1951,,
21.458825932653298,"tobacco, unmanufactured",ha,GRC-1919-1947,Greece (1919-1947),juan,73000.0,129841.0864350498,27,0.02620020940601075,greece|juan|1919-1946,,
21.446343169827358,sweet potatoes yams,1000 hectares,HKG-1842-2025,Hong Kong,fao1952,4.0,1128.3490558475178,3,0.0001652963525547975,hong kong|fao1952|1937-1951,,
21.421083514524966,cropa,1000 tonnes,ZNZ-1890-1963,Zanzibar Protectorate,fao1952,18.0,2586.788513501411,3,0.00032484048249375574,zanzibar and pemba|fao1952|1937-1951,,
21.41996400906751,sisal,ha,HTI-1800-2025,Haiti,juan,33000.0,27092.572875431946,2,0.056864988135506334,haiti|juan|1900-1960,,
21.416968480894603,cotton lint,tonnes,GRC-1947-2025,Greece (1947-2025),juan,34000.0,129841.0864350498,14,0.01222668655598026,greece|juan|1947-1960,,
21.40730166644744,"beans, dry",ha,HUN-1940-1944,Hungary (1940-1944),juan,396000.0,152441.3128142145,4,0.12134742824336048,hungary|juan|1940-1943,,
21.39573097550772,commercial potash fertilizers,1000 tonnes,FRA-1919-2025,France,fao1952,500.9,548057.8009401887,8,4.271668472078077e-05,france|fao1952|1937-1951,,
21.39224420850741,r_fao_population_1952_10_18,1000 people,KOR-1948-2025,South Korea,fao1952,24900.0,97096.9362708301,2,0.011987744350629912,korea south|fao1952|1948-1951; korea|fao1952|1949-1951,,
21.373269558164182,sweet potatoes yams,1000 tonnes,HKG-1842-2025,Hong Kong,fao1952,17.0,1128.3490558475178,3,0.0007049113258430571,hong kong|fao1952|1937-1951,,
21.3425996953908,groundnuts,1000 tonnes,IND-1914-1937,India (1914-1937),fao1952,3196.0,4889738.947332932,1,3.062483645856704e-05,(no assertion),,
21.335813490766835,soybeans,1000 tonnes,USA-1867-1959,United States (1867-1959),fao1952,6986.0,8906416.741310216,4,3.6763458669968475e-05,united states|fao1952|1931-1951; united states and dependent territories|fao1952|1949-1951,,
21.332661481341773,sheep,1000 heads,MLT-1800-2025,Malta,fao1952,21.0,291.8686793911891,3,0.003372770260970567,malta|fao1952|1939-1951,,
21.33154116599962,oranges,ha,ITA-1919-2025,Italy,iia,90500.0,300310.4439810905,4,0.014127194015379808,italy|iia|1919-1945,,
21.323999738928983,"rice, paddy",tonnes,IDN-1949-1963,Indonesia (1949-1963),mitchell,11403000.0,1466396.5284180925,11,0.3646691560734893,indonesia|mitchell|1949-1960,,
21.3211061583776,rye,1000 tonnes,NLD-1830-2025,Netherlands,fao1952,477.0,38295.46118907003,4,0.0005841997172546179,netherlands|fao1952|1937-1951; necherlands|fao1952|1949-1951,,
21.300816290458165,maize,ha,HUN-1947-2025,Hungary (1947-2025),juan,1229000.0,93004.31166177182,14,0.6203725216879182,hungary|juan|1947-1960,,
21.274527117970266,cropa,1000 tonnes,TTPI-1947-1994,Trust Territory of the Pacific Islands,fao1952,14.0,2025.8065605565075,3,0.00032484048249375574,pacific is us trust|fao1952|1949-1951; pacific is us tr|fao1952|1949-1951; pacific is u s|fao1952|1949-1951,,
21.25588464098302,total tractors agriculture,number,F77-1949-1990,East Germany,fao1952,31000.0,109271.16029246466,1,0.013346793917923224,germany eastern|fao1952|1949-1951,,
21.233637877584368,potatoes,tonnes,HUN-1947-2025,Hungary (1947-2025),juan,2055000.0,93004.31166177182,13,1.040601234644152,hungary|juan|1947-1960,,
21.230656450869056,soybeans,1000 hectares,IDN-BLB-1949-1951,"Bali and Lombok (within Indonesia, 1949-1951)",fao1952,11.0,10168.952683948575,3,5.0951037971044265e-05,indonesia bali and lombok|fao1952|1949-1951,,
21.200879927396755,rice paddy,1000 hectares,JPN-1895-1945,Japanese Empire,fao1952,3169.0,626507.2861088028,1,0.0002385845005827523,japan|fao1952|1936-1937,,
21.18675846092403,sheep,heads,NZL-1840-2025,New Zealand,mitchell,23776000.0,268690.2547565733,85,4.1765949739573465,new zealand|mitchell|1850-1960,,
21.186236871395305,p,tonnes,BEL-1831-2025,Belgium,iia,204180.0,30692.03925557064,18,0.3140028796474058,belgium|iia|1909-1945,,
21.177834073754948,sweet potatoes yams,1000 hectares,TWN-1895-1945,Formosa (Japanese Taiwan),fao1952,126.0,35993.63707155193,1,0.0001652963525547975,china taiwan|fao1952|1937-1937,,
21.131485548494357,"rice, paddy",tonnes,FID-1887-1954,French Indochina,mitchell,5803000.0,753049.4738884472,36,0.3646691560734893,indochina|mitchell|1887-1948,,
21.116643246116496,cottonseed,1000 hectares,UGA-1926-1962,Uganda (1926-1962),fao1952,608.5,242015.3658348687,4,0.00011906736948990218,uganda|fao1952|1937-1951,,
21.11580524058971,"rice, paddy",ha,IND-1914-1937,India (1914-1937),mitchell,31755000.0,4889738.947332932,23,0.3075521700544461,india|mitchell|1914-1936,,
21.107807087817502,rice paddy,1000 tonnes,MMR-1885-2025,Myanmar,fao1952,5350.0,675971.0487679241,4,0.0003749579531697933,burma|fao1952|1937-1951,,
21.044565607086856,beer of barley,tonnes,DNK-1864-1920,Denmark (to 1920),mitchell,84560.0,38600.96881216958,28,0.10409426519973411,denmark|mitchell|1891-1919,,
21.043536091420027,sorghum,tonnes,SLV-1821-2025,El Salvador,juan,103000.0,20558.112635569574,12,0.2380867706498152,el salvador|juan|1900-1960,,
21.03795931430539,grapes,tonnes,GRC-1947-2025,Greece (1947-2025),juan,1068000.0,129841.0864350498,12,0.3909808631507594,greece|juan|1947-1960,,
21.016722578282177,cotton lint,tonnes,MLT-1800-2025,Malta,juan,75.0,291.8686793911891,22,0.01222668655598026,malta|juan|1909-1959,,
21.002637271874466,sheep,1000 heads,LBN-1944-2025,Lebanon,fao1952,722.5,10199.46189186542,2,0.003372770260970567,lebanon|fao1952|1949-1951,,
20.97915630370622,rye,1000 tonnes,F78-1949-1990,West Germany,fao1952,3034.0,247551.87229475778,3,0.0005841997172546179,germany western|fao1952|1949-1951,,
20.975115058977842,sugar cane,tonnes,COL-1922-2025,Colombia,juan,7181000.0,1135198.558349538,8,0.3015843103313033,colombia|juan|1922-1960,,
20.903813684292295,"tobacco, unmanufactured",tonnes,IRQ-1932-2025,Iraq,iia,466350.0,436195.0833201114,2,0.051145295153688305,iraq|iia|1932-1945,,
20.864794339222755,edible pig fat,1000 tonnes,BEL-1831-2025,Belgium,fao1952,10.0,30692.03925557064,1,1.5615652886953084e-05,belgium|fao1952|1937-1951,,
20.79827779028611,"rice, paddy",tonnes,CHN-1950-2025,China (PRC),mitchell,71060000.0,9369119.896358289,10,0.3646691560734893,china mainland|mitchell|1950-1960; china manchuria province of|mitchell|1950-1952,,
20.772329270989985,goats,1000 heads,VCT-1833-2025,Saint Vincent and the Grenadines,fao1952,19.0,393.7157412058466,1,0.0023231947845977954,british west indies st vincent|fao1952|1939-1951; br west indies st vincent|fao1952|1949-1951; windward islands st vincent|fao1952|1950-1950,,
20.761405115753664,pesticides rotenone,tonnes,KOR-1948-2025,South Korea,fao1952,62.0,97096.9362708301,1,3.075596938414092e-05,korea south|fao1952|1948-1951; korea|fao1952|1949-1951,,
20.71861533735908,cotton seed,tonnes,HTI-1800-2025,Haiti,iia,9510.0,27092.572875431946,20,0.016942189667314478,haiti|iia|1909-1945,,
20.716359321961047,potatoes,ha,AUT-1918-1919,Austria (1918-1919),juan,878900.0,212011.21026222923,1,0.200109268354486,austria|juan|1918-1918,,
20.709136306581982,"coffee, green",ha,GTM-1821-2025,Guatemala,iia,109557.0,109117.54457073574,7,0.04848233858028317,guatemala|iia|1910-1945,,
20.67297459633873,grapes,ha,CYP-1879-2025,Cyprus,iia,44133.0,9123.352706704041,34,0.23399469656051022,cyprus|iia|1909-1945,,
20.669736713592105,other meat,1000 tonnes,ISR-1948-1967,Israel (1948-1967),fao1952,6.7,20786.111689025718,3,1.5594325731753717e-05,israel|fao1952|1948-1951,,
20.658131461686448,"beans, dry",ha,ROU-1947-2025,Romania (1947-2025),juan,595000.0,237353.3426676344,9,0.12134742824336048,romania|juan|1947-1960,,
20.65436293926495,olives,tonnes,LBN-1944-2025,Lebanon,iia,24650.0,10199.46189186542,2,0.11701131491879327,lebanon|iia|1944-1945,,
20.653047970194326,cotton lint,tonnes,SYR-1946-1967,Syrian Arab Republic (1946-1967),mitchell,47500.0,188105.14616733234,14,0.01222668655598026,syrian arab republic|mitchell|1946-1960,,
20.650734769095312,tractors all purposes,number,F51-1947-1993,Czechoslovakia (1947-1993),fao1952,29000.0,127598.31888643919,1,0.011005696608006713,czechoslovakia|fao1952|1947-1951,,
20.626938887778888,"cocoa, beans",tonnes,ECU-1942-2025,Ecuador,juan,23500.0,255241.24894356335,19,0.004463568657244536,ecuador|juan|1942-1960,,
20.61738368488977,pigs,1000 heads,ASM-1900-2025,Territory of American Samoa,fao1952,9.0,203.69130519542574,2,0.002143070535283847,american samoa|fao1952|1937-1951,,
20.59063530852043,sheep,heads,BGR-1919-1940,Bulgaria (1919-1940),juan,8880500.0,103263.13610091528,4,4.1765949739573465,bulgaria|juan|1919-1939,,
20.58839180067978,"milk, whole fresh cow",tonnes,BEL-1831-2025,Belgium,iia,2154000.0,30692.03925557064,7,3.4087686699863613,belgium|iia|1909-1945,,
20.579849194478406,wine,1000 tonnes,PRT-1800-2025,Portugal,fao1952,835.0,91804.90167728892,4,0.00044195537252680715,portugal|fao1952|1934-1951,,
20.538018907656934,"coffee, green",ha,GTM-1821-2025,Guatemala,juan,108651.742117851,109117.54457073574,34,0.04848233858028317,guatemala|juan|1900-1960,,
20.522567191919688,"rice, paddy",tonnes,PHL-1800-2025,Philippines,mitchell,2184000.0,291824.6113461748,49,0.3646691560734893,philippines|mitchell|1850-1960,,
20.454464476850664,sweet potatoes yams,1000 hectares,RWB-1922-1962,Ruanda-Urundi (1922-1962),fao1952,177.0,52350.62635979226,3,0.0001652963525547975,ruanda urundi|fao1952|1937-1951,,
20.446551722081665,crawler tractors agriculture,number,TUN-1881-2025,Tunisia,fao1952,3208.0,155470.55738364244,3,0.001009174175679762,tunisia|fao1952|1937-1951,,
20.43403861483433,rye,tonnes,POL-1945-2025,Poland (1945-2025),juan,6403000.0,311827.7984931281,16,1.0048806036169755,poland|juan|1945-1960,,
20.428675164828366,"rice, paddy",ha,PHL-1800-2025,Philippines,mitchell,1833500.0,291824.6113461748,48,0.3075521700544461,philippines|mitchell|1850-1960,,
20.42781070866375,linseed,1000 tonnes,URY-1828-2025,Uruguay,fao1952,89.5,177866.3552194432,4,2.463243836113793e-05,uruguay|fao1952|1937-1951,,
20.41040035959573,"oil, olive, virgin",tonnes,ITA-1866-1870,Italy (1866-1870),juan,236800.0,272718.1034096426,4,0.04254183378069144,italy|juan|1866-1869,,
20.40734394429869,potatoes,tonnes,EST-1940-1991,Estonian SSR,juan,1047000.0,49303.28546832109,1,1.040601234644152,estonia|juan|1940-1958,,
20.394557186629175,"rubber, natural",ha,BNB-1881-1963,British North Borneo,iia,94350.0,72556.85503353662,10,0.06376012712165309,malaysia|iia|1909-1944,,
20.376834622251394,natural rubber,1000 tonnes,KHM-1907-1953,Cambodia (1907-1953),fao1952,15.7,181798.14036256503,3,4.238122399211664e-06,indochina cambodia|fao1952|1937-1951; cambodia|fao1952|1949-1950,,
20.362951346449886,commercial phosphoric acid,1000 tonnes,DEU-1949-1990,"Germany (divided, 1949-1990)",fao1952,451.7,356835.2226635201,4,6.216438630535554e-05,germany|fao1952|1949-1951,,
20.340304913130815,potatoes,tonnes,FRA-1871-1919,"France (without Alsace-Lorraine, 1871-1919)",juan,11266850.0,532305.2096529249,48,1.040601234644152,france|juan|1871-1918,,
20.334727908650688,pesticides benzene hexachloride,tonnes,ITA-1919-2025,Italy,fao1952,1183.0,300310.4439810905,3,0.0001937206613078392,italy|fao1952|1937-1951; ltaly|fao1952|1949-1951,,
20.305973771554303,cotton seed,tonnes,KOR-1800-1945,Korea (to 1945),iia,75470.0,219371.89647949164,23,0.016942189667314478,south korea|iia|1909-1944,,
20.294108078969302,"cheese, processed",tonnes,DEU-1920-1938,Germany (1920-1938),iia,268600.0,470825.35311272315,1,0.028110993750511352,germany|iia|1920-1937,,
20.26037198906709,"groundnuts, with shell",ha,VCT-1833-2025,Saint Vincent and the Grenadines,iia,125.0,393.7157412058466,6,0.01567039051079133,saint vincent and the grenadines|iia|1909-1945,,
20.223722900112428,sorghum,ha,IND-1949-2025,India,mitchell,17413000.0,3151797.0640165973,12,0.2731833631647441,india|mitchell|1949-1960,,
20.222878265800237,cotton seed,tonnes,MLT-1800-2025,Malta,iia,100.0,291.8686793911891,11,0.016942189667314478,malta|iia|1909-1945,,
20.187733600676548,swine / pigs,heads,DEU-1949-1990,"Germany (divided, 1949-1990)",juan,22158500.0,356835.2226635201,12,3.0759911130450983,germany|juan|1949-1960,,
20.180678026758873,milk,1000 tonnes,ISR-1948-1967,Israel (1948-1967),fao1952,589.0,20786.111689025718,4,0.0014041266581749038,israel|fao1952|1948-1951,,
20.161620652017213,geese and guinea fowls,heads,F51-1918-1938,Czechoslovakia (1918-1938),juan,6551000.0,140306.01867415186,5,2.3158256459744067,czechoslovakia|juan|1919-1937,,
20.147400883265977,cotton lint,1000 tonnes,EGY-1925-1967,Egypt (1925-1967),fao1952,384.5,998328.4240959982,4,1.911630186555157e-05,egypt|fao1952|1937-1951,,
20.138640921306415,"rice, paddy",ha,KHM-1907-1953,Cambodia (1907-1953),mitchell,1126000.0,181798.14036256503,4,0.3075521700544461,cambodia|mitchell|1948-1952,,
20.122695673926884,horses mules asses,1000 heads,VCT-1833-2025,Saint Vincent and the Grenadines,fao1952,3.5,393.7157412058466,2,0.0004417729359427037,british west indies st vincent|fao1952|1939-1951; br west indies st vincent|fao1952|1949-1951; windward islands st vincent|fao1952|1950-1950,,
20.119687691193768,"rice, paddy",tonnes,IND-1893-1914,India (1893-1914),mitchell,35328000.0,4815027.6418610485,19,0.3646691560734893,india|mitchell|1893-1913,,
20.087588348772183,maize,ha,HUN-1944-1947,Hungary (1944-1947),juan,1159000.0,93004.31166177182,3,0.6203725216879182,hungary|juan|1944-1946,,
20.077391988345685,rye,tonnes,DEU-1800-1866,Prussia (to 1866),juan,5470500.0,271147.28531881707,16,1.0048806036169755,germany|juan|1850-1865,,
20.01776725046339,flax fibre and tow,tonnes,EST-1800-1918,Estonia (Governorate),iia,16917.1,49303.28546832109,1,0.017140931543133633,estonia|iia|None-None,,
19.964825896475126,seed cotton,ha,USA-1867-1959,United States (1867-1959),juan,12131800.0,8906416.741310216,59,0.06822706708404885,united states of america|juan|1900-1958,,
19.959810114189594,sugar cane,ha,JAM-1800-2025,Jamaica,mitchell,17000.0,11001.039856468184,75,0.07742100024431484,jamaica|mitchell|1850-1960,,
19.944444587347615,total tractors agriculture,number,KNA-1800-2025,Saint Kitts and Nevis,fao1952,70.0,262.96572046118183,3,0.013346793917923224,br west indies st kitts nevis anguilla|fao1952|1949-1951; leeward islands st kitts nevis|fao1952|1950-1950; british west indies st kitts nevis|fao1952|1951-1951,,
19.908282503283786,"fertilizer, mixed",tonnes,BEL-1831-2025,Belgium,iia,28342.0,30692.03925557064,5,0.04638429433240089,belgium|iia|1909-1945,,
19.898453574940383,rice paddy,1000 tonnes,CHN-1932-1945,China (1932-1945),fao1952,50065.0,6710151.482952717,1,0.0003749579531697933,china 22 provinces|fao1952|1937-1939; china|fao1952|1937-1937,,
19.8857165684003,linseed,tonnes,LTU-1940-1991,Lithuanian SSR,juan,32900.0,55903.56442743159,1,0.029594782551316402,lithuania|juan|1940-1940,,
19.87798788527869,"grain, mixed",ha,DNK-1920-2025,Denmark,juan,296800.0,42638.10583746177,41,0.3501818008097509,denmark|juan|1920-1960,,
19.87743660521228,"silk-worm cocoons, reelable",tonnes,KOR-1800-1945,Korea (to 1945),iia,7630.048,219371.89647949164,32,0.001749789891421794,south korea|iia|1909-1944,,
19.840751117416858,linseed,1000 tonnes,BEL-1831-2025,Belgium,fao1952,15.0,30692.03925557064,4,2.463243836113793e-05,belgium|fao1952|1937-1951,,
19.820251526455067,pesticides ddt,tonnes,BEL-1831-2025,Belgium,fao1952,151.0,30692.03925557064,3,0.00024822301177225895,belgium|fao1952|1937-1951,,
19.794809887739802,"cacao, beans",tonnes,GNQ-1886-1968,Equatorial Guinea (1886-1968),iia,8628.5,26904.193350700836,4,0.016201827088642793,equatorial guinea|iia|1910-1945,,
19.75421869915831,grapes,1000 hectares,HUN-1947-2025,Hungary (1947-2025),fao1952,406.0,93004.31166177182,2,0.00022098515139293542,hungary|fao1952|1947-1951,,
19.740876858633246,wheat,tonnes,HUN-1938-1940,Hungary (1938-1940),juan,2688450.0,108813.78983171615,2,1.2515597503806208,hungary|juan|1938-1939,,
19.721939500198058,potatoes,tonnes,HUN-1938-1940,Hungary (1938-1940),juan,2233150.0,108813.78983171615,2,1.040601234644152,hungary|juan|1938-1939,,
19.7132045869256,"cocoa, beans",tonnes,CRI-1800-2025,Costa Rica,juan,4500.0,51141.45329885582,50,0.004463568657244536,costa rica|juan|1900-1960,,
19.708155654997643,flax fibre and tow,ha,LVA-1800-1918,Latvia (Livonia and Courland),iia,69619.0,65977.77321237107,1,0.053540712138779645,latvia|iia|None-None,,
19.703263329962553,pears,tonnes,BEL-1831-2025,Belgium,juan,125000.0,30692.03925557064,13,0.2067026794639514,belgium|juan|1856-1960,,
19.664088521466724,jute allied fibres,1000 hectares,IND-1949-2025,India,fao1952,586.0,3151797.0640165973,3,9.455087423902522e-06,india|fao1952|1949-1951,,
19.62210415549689,"rice, paddy",tonnes,CHN-1932-1945,China (1932-1945),mitchell,48015000.0,6710151.482952717,13,0.3646691560734893,china mainland|mitchell|1932-1944,,
19.59573486071122,"tobacco, unmanufactured",ha,CUB-1800-2025,Cuba,juan,56000.0,109074.11801961382,31,0.02620020940601075,cuba|juan|1901-1960,,
19.59573486071122,"tobacco, unmanufactured",ha,CUB-1800-2025,Cuba,iia,56000.0,109074.11801961382,3,0.02620020940601075,cuba|iia|1909-1936,,
19.59301490342445,pesticides sulphur dust,tonnes,NLD-1830-2025,Netherlands,fao1952,450.0,38295.46118907003,3,0.000599741278161007,netherlands|fao1952|1937-1951; necherlands|fao1952|1949-1951,,
19.586812050443058,"peas, dry",tonnes,BEL-1831-2025,Belgium,juan,22500.0,30692.03925557064,10,0.03742768943305867,belgium|juan|1856-1960,,
19.573872311253883,potatoes,ha,NLD-1830-2025,Netherlands,juan,150000.0,38295.46118907003,109,0.200109268354486,netherlands|juan|1850-1960,,
19.564499758395534,flax fiber,1000 hectares,BEL-1831-2025,Belgium,fao1952,25.0,30692.03925557064,4,4.163374862410566e-05,belgium|fao1952|1937-1951,,
19.560667425625223,wine,ha,FRA-1919-2025,France,iia,1529000.0,548057.8009401887,23,0.14262558949686102,france|iia|1919-1945,,
19.557719188501785,grapes for wine,1000 tonnes,PRT-1800-2025,Portugal,fao1952,1195.0,91804.90167728892,4,0.0006655548143222221,portugal|fao1952|1934-1951,,
19.520736947963915,milk,1000 tonnes,MLT-1800-2025,Malta,fao1952,8.0,291.8686793911891,6,0.0014041266581749038,malta|fao1952|1939-1951,,
19.50573718946332,"cacao, beans",ha,DOM-1800-2025,Dominican Republic,iia,54250.0,48332.9008946207,4,0.0575432666059208,dominican republic|iia|1910-1942,,
19.500015535236525,"cacao, beans",tonnes,GNQ-1886-1968,Equatorial Guinea (1886-1968),mitchell,8500.0,26904.193350700836,60,0.016201827088642793,equatorial guinea|mitchell|1900-1959,,
19.45982727201018,sheep,heads,BGR-1878-1913,Bulgaria (to 1913),juan,7573000.0,93176.54746739783,4,4.1765949739573465,bulgaria|juan|1890-1912,,
19.45902032209206,oats,tonnes,DNK-1920-2025,Denmark,iia,1024000.0,42638.10583746177,1,1.2341873244512422,denmark|iia|1920-1945,,
19.450638113246058,wine,tonnes,ITA-1870-1919,Italy (1870-1919),iia,1970943.0,284847.5059880116,11,0.35573597719855443,italy|iia|1909-1918,,
19.432757722398147,horses mules asses,1000 heads,POL-1945-2025,Poland (1945-2025),fao1952,2677.0,311827.7984931281,3,0.0004417729359427037,poland|fao1952|1948-1951,,
19.395335481499608,r_fao_population_1952_10_18,1000 people,MTQ-1816-2025,Martinique,fao1952,262.0,1126.8510732461853,2,0.011987744350629912,martinique|fao1952|1935-1951; marcinique|fao1952|1949-1951,,
19.388819777230765,"groundnuts, with shell",tonnes,IND-1937-1947,India (1937-1947),mitchell,3491000.0,4223062.820170334,9,0.04263545805358459,india|mitchell|1937-1946,,
19.34333023305652,"rice, paddy",ha,IND-1893-1914,India (1893-1914),mitchell,28645000.0,4815027.6418610485,21,0.3075521700544461,india|mitchell|1893-1913,,
19.340516977286875,other meat,1000 tonnes,NLD-1830-2025,Netherlands,fao1952,11.55,38295.46118907003,12,1.5594325731753717e-05,netherlands|fao1952|1937-1951; necherlands|fao1952|1949-1951,,
19.338550354696956,"butter, cow milk",tonnes,DEU-1920-1938,Germany (1920-1938),iia,493000.0,470825.35311272315,1,0.05414559903477284,germany|iia|1920-1937,,
19.32956617745535,centrifugal sugar noncentrifugal cane sugar,1000 tonnes,F51-1947-1993,Czechoslovakia (1947-1993),fao1952,725.0,127598.31888643919,3,0.0002939482959867938,czechoslovakia|fao1952|1947-1951,,
19.32481780143431,bananas,1000 hectares,PRI-1800-2025,Puerto Rico,fao1952,17.0,8972.444342985882,3,9.804438808654699e-05,puerto rico|fao1952|1935-1951,,
19.317455782165013,horses,heads,POL-1815-1918,Congress Poland (1815-1918),juan,3496000.0,130179.77280074757,1,1.390202252681235,poland|juan|1913-1913,,
19.28698367508006,figs,tonnes,GRC-1947-2025,Greece (1947-2025),juan,119000.0,129841.0864350498,7,0.04751935178269498,greece|juan|1947-1960,,
19.283759414690078,"groundnuts, with shell",ha,NGA-1914-1960,Nigeria (1914-1960),iia,260631.0,862490.9493251519,4,0.01567039051079133,nigeria|iia|1922-1945,,
19.268953090680377,flax fibre and tow,ha,URY-1828-2025,Uruguay,mitchell,183500.0,177866.3552194432,64,0.053540712138779645,uruguay|mitchell|1860-1960,,
19.267357813704688,yarn of true hemp,tonnes,ITA-1919-2025,Italy,iia,81200.0,300310.4439810905,18,0.014033417003161484,italy|iia|1919-1945,,
19.259596191715822,"rice, paddy",ha,MMR-1885-2025,Myanmar,mitchell,4004000.0,675971.0487679241,69,0.3075521700544461,myanmar|mitchell|1885-1960,,
19.2544381404093,"beans, dry",ha,PRT-1800-2025,Portugal,juan,214500.0,91804.90167728892,40,0.12134742824336048,portugal|juan|1850-1960,,
19.2466003827805,sunflower seed,tonnes,F248-1947-1991,Yugoslavia (1947-1991),juan,98000.0,255146.9119704287,10,0.019956378396729715,yugoslav sfr|juan|1947-1960,,
19.23217115126368,pigs,1000 heads,BEL-1831-2025,Belgium,fao1952,1265.0,30692.03925557064,3,0.002143070535283847,belgium|fao1952|1937-1951,,
19.214764839510956,cassava,1000 hectares,RWB-1922-1962,Ruanda-Urundi (1922-1962),fao1952,144.0,52350.62635979226,3,0.00014315467526373506,ruanda urundi|fao1952|1937-1951,,
19.20924046465294,tractors all purposes,number,AUT-1919-2025,Austria,fao1952,17763.0,84021.14316677154,3,0.011005696608006713,austria|fao1952|1937-1951,,
19.191566829766554,potatoes,ha,IRL-1800-1921,Ireland (within United Kingdom),juan,324000.0,84365.98345404798,71,0.200109268354486,ireland|juan|1850-1920,,
19.184834244850062,cotton lint,ha,KOR-1945-1948,Korea (occupied),iia,285000.0,219402.24512864018,1,0.06770889735806021,south korea|iia|1945-1945,,
19.159189095542345,tea,tonnes,JPN-1952-2025,Japan,mitchell,72000.0,371147.4432376307,9,0.010125323310140025,japan|mitchell|1952-1960,,
19.129711247870862,rye,1000 tonnes,F51-1918-1938,Czechoslovakia (1918-1938),fao1952,1568.0,140306.01867415186,1,0.0005841997172546179,czechoslovakia|fao1952|1937-1937,,
19.120845279623214,grapes,tonnes,LBN-1944-2025,Lebanon,iia,76250.0,10199.46189186542,2,0.3909808631507594,lebanon|iia|1944-1945,,
19.100664706260893,potatoes,tonnes,HUN-1920-1938,Hungary (1920-1938),juan,1848570.0,93004.31166177182,18,1.040601234644152,hungary|juan|1920-1937,,
19.08557683054664,rice paddy,1000 tonnes,KHM-1907-1953,Cambodia (1907-1953),fao1952,1301.0,181798.14036256503,3,0.0003749579531697933,indochina cambodia|fao1952|1937-1951; cambodia|fao1952|1949-1950,,
19.075507993301592,"coffee, green",tonnes,CUB-1800-2025,Cuba,juan,30000.0,109074.11801961382,40,0.014418611242477926,cuba|juan|1901-1960,,
19.07185992837768,manila fibre (abaca),tonnes,PHL-1800-2025,Philippines,iia,185492.1,291824.6113461748,17,0.03332809217781196,philippines|iia|1909-1945,,
19.049648944216102,maize,tonnes,USA-1959-2025,United States of America,juan,110179000.0,9461945.33959317,2,0.6112676534626276,united states of america|juan|1959-1960,,
19.02670671194221,"rice, paddy",ha,VNM-1887-1954,Vietnam (French Indochina),mitchell,1896500.0,324093.5795658952,2,0.3075521700544461,viet nam|mitchell|1938-1953,,
19.020974944992048,olives,1000 tonnes,LBN-1920-1944,Lebanon (1920-1944),fao1952,28.0,10199.46189186542,1,0.00014432713750806443,lebanon|fao1952|1937-1938,,
18.99465841229263,tractors all purposes,number,NFK-1914-2025,Norfolk Island (Australian Territory),fao1952,8.5,40.660236586173234,2,0.011005696608006713,norfolk islands|fao1952|1949-1951,,
18.99302300778111,cotton seed,tonnes,KOR-1945-1948,Korea (occupied),iia,70600.0,219402.24512864018,1,0.016942189667314478,south korea|iia|1945-1945,,
18.980802029468865,"marine fish, other",tonnes,TWN-1945-2025,Taiwan,mitchell,131000.0,35993.63707155193,15,0.19174807067242947,china taiwan province of|mitchell|1945-1960,,
18.979810156081026,sugar raw centrifugal,tonnes,NLD-1830-2025,Netherlands,iia,223479.2,38295.46118907003,37,0.3074665960637625,netherlands|iia|1909-1945,,
18.97980625461283,olives,tonnes,ESP-1800-2025,Spain,juan,1124044.786427055,506132.2152565572,98,0.11701131491879327,spain|juan|1859-1960,,
18.9615197405231,total tractors agriculture,number,FRA-1919-2025,France,fao1952,138700.0,548057.8009401887,3,0.013346793917923224,france|fao1952|1937-1951,,
18.921251914018644,swine / pigs,heads,HUN-1947-2025,Hungary (1947-2025),juan,5413000.0,93004.31166177182,14,3.0759911130450983,hungary|juan|1947-1960,,
18.906321724070025,milk,1000 tonnes,POL-1921-1945,Poland (1921-1945),fao1952,10310.0,388369.69735582283,1,0.0014041266581749038,poland|fao1952|1937-1939,,
18.90247472618268,cotton lint,1000 hectares,IND-1914-1937,India (1914-1937),fao1952,9988.0,4889738.947332932,1,0.00010806229678981088,(no assertion),,
18.89528026712865,sweet potatoes,tonnes,JPN-1895-1945,Japanese Empire,mitchell,3583000.0,626507.2861088028,49,0.30266858335749697,japan|mitchell|1895-1944,,
18.871249267082348,use builton wasteland,1000 hectares,ANT-1816-1961,Dutch Caribbean (colonial),fao1952,394.0,794.5531766581097,1,0.026276807670378346,netherlands w indies|fao1952|1936-1951; neth west indies|fao1952|1949-1951; netherlands west indies|fao1952|1937-1951,,
18.84613867132949,"oil, olive, virgin",tonnes,GRC-1919-1947,Greece (1919-1947),iia,104100.0,129841.0864350498,3,0.04254183378069144,greece|iia|1919-1945,,
18.842362454192738,milk,1000 tonnes,FRA-1919-2025,France,fao1952,14500.0,548057.8009401887,5,0.0014041266581749038,france|fao1952|1937-1951,,
18.820457721570452,groundnuts,1000 hectares,TWN-1895-1945,Formosa (Japanese Taiwan),fao1952,30.0,35993.63707155193,1,4.4285886226149405e-05,china taiwan|fao1952|1937-1937,,
18.79987093875918,butter,1000 tonnes,DEU-1949-1990,"Germany (divided, 1949-1990)",fao1952,310.0,356835.2226635201,1,4.621033422268359e-05,germany|fao1952|1949-1951,,
18.77707479177658,"coffee, green",tonnes,CIV-1947-1960,Côte d'Ivoire (1947-1960),mitchell,87000.0,321342.2898046068,13,0.014418611242477926,ivory coast|mitchell|1947-1959,,
18.777003052011157,oranges,tonnes,ESP-1800-2025,Spain,juan,763468.6170212765,506132.2152565572,98,0.08033428485482855,spain|juan|1859-1960,,
18.764928708067835,berries nes,tonnes,ITA-1870-1919,Italy (1870-1919),juan,1062450.0,284847.5059880116,10,0.1987692324916725,italy|juan|1870-1918,,
18.755010261993927,tractors all purposes,number,BMU-1684-1968,British Crown Colony of Bermuda,fao1952,14.0,67.8255295223494,2,0.011005696608006713,bermuda|fao1952|1937-1951,,
18.75196131884361,pesticides copper sulphate,tonnes,AUT-1919-2025,Austria,fao1952,878.0,84021.14316677154,3,0.0005572617459487168,austria|fao1952|1937-1951,,
18.687876386453787,dry peas,1000 hectares,F77-1949-1990,East Germany,fao1952,76.0,109271.16029246466,1,3.721757608611355e-05,germany eastern|fao1952|1949-1951,,
18.685153556244657,hops,1000 tonnes,F78-1949-1990,West Germany,fao1952,10.0,247551.87229475778,3,2.161907525932986e-06,germany western|fao1952|1949-1951,,
18.670072451438173,rye,tonnes,DEU-1871-1919,German Empire (1871-1919),iia,10131807.5,540040.6645623595,1,1.0048806036169755,germany|iia|1909-1918,,
18.658375823623974,sweet potatoes,tonnes,HTI-1800-2025,Haiti,juan,153000.0,27092.572875431946,2,0.30266858335749697,haiti|juan|1900-1960,,
18.65533685365058,buckwheat,tonnes,FRA-1919-2025,France,juan,225000.0,548057.8009401887,42,0.02200660553990275,france|juan|1919-1960,,
18.64357638211466,rice paddy,1000 tonnes,IND-1914-1937,India (1914-1937),fao1952,34182.0,4889738.947332932,1,0.0003749579531697933,(no assertion),,
18.622197385069352,wheel tractors agriculture,number,ATG-1800-2025,Antigua and Barbuda,fao1952,40.0,432.0286466170874,1,0.004971832868108485,leeward islands antigua|fao1952|1950-1950; br west indies antigua|fao1952|1951-1951; british west indies antigua|fao1952|1949-1950,,
18.620735887590815,"rice, paddy",ha,THA-1909-2025,Thailand,mitchell,2933000.0,512149.11556195066,51,0.3075521700544461,thailand|mitchell|1909-1960,,
18.61770559007411,hemp fiber,1000 hectares,F248-1947-1991,Yugoslavia (1947-1991),fao1952,150.0,255146.9119704287,3,3.1577284812529226e-05,yugoslavia|fao1952|1947-1951,,
18.572325595016064,wine,ha,ESP-1800-2025,Spain,iia,1340688.0,506132.2152565572,21,0.14262558949686102,spain|iia|1909-1945,,
18.571920013051624,maize,ha,HUN-1920-1938,Hungary (1920-1938),juan,1071550.0,93004.31166177182,18,0.6203725216879182,hungary|juan|1920-1937,,
18.52909482157027,tractors all purposes,number,IRL-1921-2025,Ireland,fao1952,14186.0,69564.5876553353,2,0.011005696608006713,ireland|fao1952|1937-1951,,
18.525751149588732,linseed,tonnes,LTU-1918-1940,Lithuania (interwar republic),juan,30650.0,55903.56442743159,20,0.029594782551316402,lithuania|juan|1919-1939,,
18.489574268602563,"oil, olive, virgin",tonnes,GRC-1913-1919,Greece (1913-1919),juan,95660.0,121615.0320837618,3,0.04254183378069144,greece|juan|1914-1918,,
18.48911702981575,commercial phosphoric acid,1000 tonnes,DEU-1920-1938,Germany (1920-1938),fao1952,541.15,470825.35311272315,4,6.216438630535554e-05,germany|fao1952|1937-1937; germany western|fao1952|1937-1937; germany berlin|fao1952|1937-1937,,
18.48267894747833,dry beans,1000 hectares,HUN-1920-1938,Hungary (1920-1938),fao1952,200.5,93004.31166177182,2,0.00011663969475792196,hungary|fao1952|1937-1937,,
18.464569433655072,pigs,1000 heads,MSR-1800-2025,Montserrat,fao1952,4.0,101.08444734488369,1,0.002143070535283847,br west indies montserrat|fao1952|1949-1950; leeward islands montserrat|fao1952|1950-1950; british west indies montserrat|fao1952|1951-1951,,
18.44260211434737,sweet potatoes yams,1000 hectares,IDN-BLB-1949-1951,"Bali and Lombok (within Indonesia, 1949-1951)",fao1952,31.0,10168.952683948575,3,0.0001652963525547975,indonesia bali and lombok|fao1952|1949-1951,,
18.431903568900687,oranges,ha,MLT-1800-2025,Malta,iia,76.0,291.8686793911891,6,0.014127194015379808,malta|iia|1909-1945,,
18.43125072468961,berries nes,tonnes,ITA-1919-2025,Italy,juan,1100207.0,300310.4439810905,39,0.1987692324916725,italy|juan|1919-1960,,
18.42267169486344,horses mules asses,1000 heads,SHN-1834-1967,Saint Helena (Crown Colony),fao1952,1.0,122.87068538689704,2,0.0004417729359427037,st helena|fao1952|1931-1951,,
18.414524830287778,potatoes,ha,LTU-1940-1991,Lithuanian SSR,juan,206000.0,55903.56442743159,1,0.200109268354486,lithuania|juan|1940-1940,,
18.40497577787931,pigs,1000 heads,F77-1949-1990,East Germany,fao1952,4310.0,109271.16029246466,3,0.002143070535283847,germany eastern|fao1952|1949-1951,,
18.398182789719595,r_fao_population_1952_10_18,1000 people,SMR-1800-2025,San Marino,fao1952,13.5,61.20985722580343,2,0.011987744350629912,san marino|fao1952|1937-1951,,
18.383056683808032,flax fibre and tow,tonnes,POL-1815-1918,Congress Poland (1815-1918),iia,41020.0,130179.77280074757,1,0.017140931543133633,poland|iia|None-None,,
18.381204999079905,cropa,1000 tonnes,PYF-1800-2025,French Polynesia,fao1952,23.9,4002.7067671664913,4,0.00032484048249375574,french oceania|fao1952|1937-1951; makatea|fao1952|1949-1951,,
18.376319459886965,"groundnuts, with shell",tonnes,GNB-1886-1974,Guinea-Bissau (1886-1974),mitchell,26000.0,33185.157456664696,28,0.04263545805358459,guinea bissau|mitchell|1924-1960,,
18.34806544899808,horses mules asses,1000 heads,POL-1921-1945,Poland (1921-1945),fao1952,3148.0,388369.69735582283,1,0.0004417729359427037,poland|fao1952|1937-1939,,
18.341536805812254,wheat,tonnes,MLT-1800-2025,Malta,juan,6700.0,291.8686793911891,45,1.2515597503806208,malta|juan|1909-1959,,
18.325588551196365,pigs,1000 heads,DEU-1949-1990,"Germany (divided, 1949-1990)",fao1952,14014.0,356835.2226635201,3,0.002143070535283847,germany|fao1952|1949-1951,,
18.313893522092442,"cacao, beans",tonnes,WSM-1900-2025,Samoa,iia,841.25,2835.178451854064,30,0.016201827088642793,samoa|iia|1910-1945,,
18.29856585559908,"rice, paddy",ha,IND-1886-1893,British India (1886-1893),mitchell,26157500.0,4647938.6277757315,2,0.3075521700544461,india|mitchell|1886-1892,,
18.29456517375761,cotton lint,tonnes,IND-1949-2025,India,mitchell,705000.0,3151797.0640165973,11,0.01222668655598026,india|mitchell|1949-1960,,
18.28777629292936,commercial phosphoric acid,1000 tonnes,GBR-1921-2025,United Kingdom,fao1952,277.35,243963.92905649156,8,6.216438630535554e-05,united kingdom|fao1952|1937-1951; united kingdom great britain|fao1952|1937-1951,,
18.280139227221934,pigs,1000 heads,F78-1949-1990,West Germany,fao1952,9698.0,247551.87229475778,3,0.002143070535283847,germany western|fao1952|1949-1951,,
18.279827594117183,potatoes,ha,AUT-1800-1918,Austria (Cisleithania),juan,1098500.0,300303.7544040626,48,0.200109268354486,austria|juan|1851-1917,,
18.2679614490602,rice paddy,1000 hectares,SLE-1889-1961,Sierra Leone (1889-1961),fao1952,316.0,72502.79840686856,3,0.0002385845005827523,sierra leone|fao1952|1937-1951,,
18.262248689203876,linseed,ha,LVA-1800-1918,Latvia (Livonia and Courland),iia,69619.0,65977.77321237107,1,0.05777977874840182,latvia|iia|None-None,,
18.257736259922694,chick peas,1000 tonnes,IND-1914-1937,India (1914-1937),fao1952,3810.0,4889738.947332932,1,4.2676851602685406e-05,(no assertion),,
18.2503174693024,"beans, dry",ha,HTI-1800-2025,Haiti,iia,60000.0,27092.572875431946,1,0.12134742824336048,haiti|iia|1909-1945,,
18.24912476479915,cotton lint,tonnes,UGA-1926-1962,Uganda (1926-1962),mitchell,54000.0,242015.3658348687,33,0.01222668655598026,uganda|mitchell|1926-1960,,
18.242231342195655,dry peas,1000 hectares,NLD-1830-2025,Netherlands,fao1952,26.0,38295.46118907003,4,3.721757608611355e-05,netherlands|fao1952|1937-1951; necherlands|fao1952|1949-1951,,
18.209673841779903,p,tonnes,DNK-1920-2025,Denmark,iia,243800.0,42638.10583746177,6,0.3140028796474058,denmark|iia|1920-1945,,
18.208923029057896,wine,ha,MLT-1800-2025,Malta,iia,758.0,291.8686793911891,17,0.14262558949686102,malta|iia|1909-1945,,
18.189345626241625,commercial nitrogenous fertilizers,1000 tonnes,KOR-1800-1945,Korea (to 1945),fao1952,111.9,219371.89647949164,2,2.8043487484389995e-05,korea|fao1952|1937-1937,,
18.168424397832453,sugar raw centrifugal,tonnes,F51-1938-1945,Czechoslovakia (1938-1945),iia,562600.0,100712.76559040853,7,0.3074665960637625,czech republic|iia|1938-1944,,
18.14913321112663,"coffee, green",ha,CRI-1800-2025,Costa Rica,juan,45000.0,51141.45329885582,21,0.04848233858028317,costa rica|juan|1900-1960,,
18.067472463799113,edible pig fat,1000 tonnes,F51-1947-1993,Czechoslovakia (1947-1993),fao1952,36.0,127598.31888643919,2,1.5615652886953084e-05,czechoslovakia|fao1952|1947-1951,,
18.052427091136984,flax fibre and tow,ha,ARG-1902-2025,Argentina,iia,2688000.0,2781054.6380225588,3,0.053540712138779645,argentina|iia|1909-1945,,
18.044363989062912,mixed grain,1000 hectares,DNK-1920-2025,Denmark,fao1952,278.5,42638.10583746177,4,0.00036198095141102145,denmark|fao1952|1937-1951,,
18.02283870751669,edible pig fat,1000 tonnes,DNK-1920-2025,Denmark,fao1952,12.0,42638.10583746177,5,1.5615652886953084e-05,denmark|fao1952|1937-1951,,
18.019425360956646,seed cotton,tonnes,USA-1959-2025,United States of America,juan,5387500.0,9461945.33959317,2,0.03159845956120467,united states of america|juan|1959-1960,,
18.008359537224386,camels,heads,ITS-1908-1960,Italian Somaliland (1908-1960),mitchell,1178000.0,464285.7156939303,10,0.1408918317235133,somalia|mitchell|1920-1959,,
17.988212963381983,"oil, olive, virgin",tonnes,ITA-1870-1919,Italy (1870-1919),juan,217980.0,284847.5059880116,49,0.04254183378069144,italy|juan|1870-1918,,
17.986462118015357,sesame seed,tonnes,LBN-1944-2025,Lebanon,iia,800.0,10199.46189186542,2,0.004360808143068674,lebanon|iia|1944-1945,,
17.97973328165792,rye,tonnes,DEU-1866-1871,North German Confederation (1866-1871),juan,6247000.0,345759.2420559496,5,1.0048806036169755,germany|juan|1866-1870,,
17.97065608608169,oranges,ha,CPV-1886-1975,Cape Verde (Portuguese colony),iia,1000.0,3938.947183464104,1,0.014127194015379808,cabo verde|iia|1933-1944,,
17.94357814304579,horses mules asses,1000 heads,TON-1800-2025,Tonga,fao1952,6.0,756.9079967530139,3,0.0004417729359427037,tonga|fao1952|1937-1951,,
17.89228493047217,olives,ha,ITA-1919-2025,Italy,juan,1165125.0,300310.4439810905,42,0.2168384425805653,italy|juan|1919-1960,,
17.890788126191982,cassava,1000 tonnes,IDN-BLB-1949-1951,"Bali and Lombok (within Indonesia, 1949-1951)",fao1952,190.0,10168.952683948575,3,0.001044354402420143,indonesia bali and lombok|fao1952|1949-1951,,
17.88941008427877,pesticides copper sulphate,tonnes,JPN-1945-1952,Japan (occupied),fao1952,3700.0,371147.4432376307,3,0.0005572617459487168,japan|fao1952|1947-1951,,
17.887080943039226,wheat,tonnes,ITA-1919-2025,Italy,juan,6722975.0,300310.4439810905,42,1.2515597503806208,italy|juan|1919-1960,,
17.877668471772914,rye,tonnes,BEL-1831-2025,Belgium,iia,551380.1,30692.03925557064,4,1.0048806036169755,belgium|iia|1909-1945,,
17.873261724706243,r_fao_population_1952_10_18,1000 people,TWN-1945-2025,Taiwan,fao1952,7712.0,35993.63707155193,1,0.011987744350629912,china taiwan|fao1952|1948-1951; taiwan|fao1952|1949-1951,,
17.856119530731647,"cacao, beans",tonnes,MTQ-1816-2025,Martinique,iia,326.0,1126.8510732461853,33,0.016201827088642793,martinique|iia|1909-1945,,
17.834410236643038,flax fibre and tow,ha,LVA-1918-1940,Latvia (interwar republic),iia,63000.0,65977.77321237107,3,0.053540712138779645,latvia|iia|1923-1939,,
17.828949685910885,sesame seed,1000 hectares,PAL-1920-1948,Palestine (1920-1948),fao1952,21.0,27008.92924128763,1,4.361000819290303e-05,palestine|fao1952|1937-1937; israel|fao1952|1937-1937,,
17.8119421432312,cotton seed,ha,USA-1867-1959,United States (1867-1959),iia,12087400.0,8906416.741310216,24,0.07619361970864685,united states of america|iia|1909-1945,,
17.797120790674693,sorghum,ha,IND-1947-1949,India (1947-1949),mitchell,14789000.0,3041829.122826827,2,0.2731833631647441,india|mitchell|1947-1948,,
17.793609881420675,cotton lint,1000 tonnes,USA-1867-1959,United States (1867-1959),fao1952,3029.5,8906416.741310216,4,1.911630186555157e-05,united states|fao1952|1931-1951; united states and dependent territories|fao1952|1949-1951,,
17.780754485780694,cacao,1000 tonnes,DOM-1800-2025,Dominican Republic,fao1952,28.5,48332.9008946207,4,3.316284742483804e-05,dominican republic|fao1952|1937-1951; dominican rep|fao1952|1949-1951,,
17.777554349354823,pigs,1000 heads,VCT-1833-2025,Saint Vincent and the Grenadines,fao1952,15.0,393.7157412058466,1,0.002143070535283847,british west indies st vincent|fao1952|1939-1951; br west indies st vincent|fao1952|1949-1951; windward islands st vincent|fao1952|1950-1950,,
17.760201637452035,crawler tractors agriculture,number,LCA-1838-2025,Saint Lucia,fao1952,11.0,613.7318536183993,3,0.001009174175679762,br west indies st lucia|fao1952|1949-1951; british west indies st lucia|fao1952|1939-1951; windward islands st lucia|fao1952|1950-1950,,
17.752717467665796,"rice, paddy",tonnes,MYS-1957-1963,Malaysia (1957-1963),mitchell,851000.0,131451.54252076847,4,0.3646691560734893,malaysia|mitchell|1957-1960,,
17.7448992435046,grapes,1000 hectares,PRT-1800-2025,Portugal,fao1952,360.0,91804.90167728892,4,0.00022098515139293542,portugal|fao1952|1934-1951,,
17.74216496579938,sesame seed,tonnes,MMR-1885-2025,Myanmar,iia,52300.0,675971.0487679241,12,0.004360808143068674,myanmar|iia|1933-1945,,
17.725006645742287,goats,1000 heads,LBN-1944-2025,Lebanon,fao1952,420.0,10199.46189186542,2,0.0023231947845977954,lebanon|fao1952|1949-1951,,
17.70032967927995,rye,ha,DEU-1800-1866,Prussia (to 1866),juan,5522500.0,271147.28531881707,2,1.1506655434808784,germany|juan|1850-1865,,
17.698950296117545,edible pig fat,1000 tonnes,ITA-1919-2025,Italy,fao1952,83.0,300310.4439810905,7,1.5615652886953084e-05,italy|fao1952|1937-1951; ltaly|fao1952|1949-1951,,
17.690821960086073,rice paddy,1000 tonnes,LKA-1800-2025,Sri Lanka,fao1952,437.5,65954.96220180139,2,0.0003749579531697933,ceylon|fao1952|1937-1951,,
17.690331505086615,potatoes,tonnes,CHE-1800-2025,Switzerland,juan,763433.9,41471.63260807535,111,1.040601234644152,switzerland|juan|1850-1960,,
17.66609941505387,linseed,1000 hectares,MAN-1932-1945,Manchukuo (1932-1945),fao1952,716.0,791708.3482136662,1,5.1192592987458806e-05,china manchuria|fao1952|1937-1937,,
17.661227272034058,sesame seed,tonnes,GRC-1947-2025,Greece (1947-2025),juan,10000.0,129841.0864350498,12,0.004360808143068674,greece|juan|1947-1960,,
17.655608918380704,"cacao, beans",ha,VCT-1833-2025,Saint Vincent and the Grenadines,iia,400.0,393.7157412058466,21,0.0575432666059208,saint vincent and the grenadines|iia|1909-1945,,
17.646647234520263,grapes,ha,FRA-1800-1871,"France (with Alsace-Lorraine, to 1871)",juan,2205000.0,533998.9160465385,21,0.23399469656051022,france|juan|1850-1870,,
17.630310794895024,jute allied fibres,1000 hectares,TWN-1895-1945,Formosa (Japanese Taiwan),fao1952,6.0,35993.63707155193,1,9.455087423902522e-06,china taiwan|fao1952|1937-1937,,
17.588183259817797,"other citrus fruit, n.e.c.",tonnes,CYP-1879-2025,Cyprus,mitchell,28000.0,9123.352706704041,27,0.17449483815301534,cyprus|mitchell|1897-1960,,
17.57186951264887,pigs,1000 heads,RYU-1945-1972,Ryukyu Islands (US Administration),fao1952,88.0,2336.8360149164137,1,0.002143070535283847,ryukyu islands|fao1952|1949-1951,,
17.568561461808017,cereals nes,tonnes,CHE-1800-2025,Switzerland,juan,49636.0,41471.63260807535,111,0.06812545894956015,switzerland|juan|1850-1960,,
17.559091440078838,maize,Bushels,CAP-1800-1895,Cape Colony (to 1895),sa_colonial,5036794.0,600788.5783797338,1,0.47745283988043236,cape of good hope|sa_colonial|1854-1894,,
17.546555608847427,cotton lint,tonnes,IND-1937-1947,India (1937-1947),mitchell,906000.0,4223062.820170334,10,0.01222668655598026,india|mitchell|1937-1946,,
17.5224861346432,cassava,1000 tonnes,RWB-1922-1962,Ruanda-Urundi (1922-1962),fao1952,958.0,52350.62635979226,3,0.001044354402420143,ruanda urundi|fao1952|1937-1951,,
17.521290049462024,seed cotton,tonnes,USA-1867-1959,United States (1867-1959),juan,4931000.0,8906416.741310216,59,0.03159845956120467,united states of america|juan|1900-1958,,
17.51531488816356,phosphate rock,1000 tonnes,MUS-1800-2025,Mauritius,fao1952,9.5,2105.7089060802027,4,0.00025757714307060326,mauritius|fao1952|1948-1951,,
17.508255043008013,cotton lint,ha,MLT-1800-2025,Malta,iia,346.0,291.8686793911891,23,0.06770889735806021,malta|iia|1909-1945,,
17.50102025586689,wine,tonnes,PRT-1800-2025,Portugal,iia,571553.682,91804.90167728892,33,0.35573597719855443,portugal|iia|1910-1945,,
17.49822595028398,pears,tonnes,CHE-1800-2025,Switzerland,juan,150000.0,41471.63260807535,111,0.2067026794639514,switzerland|juan|1850-1960,,
17.496210277264762,tobacco,1000 tonnes,CUB-1800-2025,Cuba,fao1952,35.45,109074.11801961382,4,1.857592889369951e-05,cuba|fao1952|1937-1951,,
17.470479281469416,potatoes,tonnes,HUN-1944-1947,Hungary (1944-1947),juan,1690800.0,93004.31166177182,3,1.040601234644152,hungary|juan|1944-1946,,
17.454804021328037,"coffee, green",tonnes,COL-1922-2025,Colombia,juan,285700.0,1135198.558349538,39,0.014418611242477926,colombia|juan|1922-1960,,
17.44421074980483,sunflower seed,ha,BGR-1919-1940,Bulgaria (1919-1940),juan,103000.0,103263.13610091528,9,0.05717953106849637,bulgaria|juan|1919-1939,,
17.44069940007905,chick peas,1000 tonnes,PAK-1949-1971,Pakistan (1949-1971),fao1952,755.0,1014356.6530305491,3,4.2676851602685406e-05,pakistan|fao1952|1949-1951,,
17.439443930198575,maize,tonnes,HUN-1940-1944,Hungary (1940-1944),juan,1625050.0,152441.3128142145,4,0.6112676534626276,hungary|juan|1940-1943,,
17.434066019824353,oats,tonnes,DNK-1920-2025,Denmark,juan,917440.0,42638.10583746177,41,1.2341873244512422,denmark|juan|1920-1960,,
17.419177970694804,commercial nitrogenous fertilizers,1000 tonnes,ITA-1919-2025,Italy,fao1952,146.7,300310.4439810905,8,2.8043487484389995e-05,italy|fao1952|1937-1951; ltaly|fao1952|1949-1951,,
17.39128239976726,maize,ha,HUN-1938-1940,Hungary (1938-1940),juan,1174000.0,108813.78983171615,2,0.6203725216879182,hungary|juan|1938-1939,,
17.375768819075258,"oil, olive, virgin",tonnes,ESP-1800-2025,Spain,iia,374131.45,506132.2152565572,4,0.04254183378069144,spain|iia|1909-1945,,
17.354223102076134,funflower seed,1000 tonnes,URY-1828-2025,Uruguay,fao1952,66.0,177866.3552194432,4,2.138183399649612e-05,uruguay|fao1952|1937-1951,,
17.343701347160536,tobacco,1000 hectares,CUB-1800-2025,Cuba,fao1952,58.0,109074.11801961382,4,3.065945969502651e-05,cuba|fao1952|1937-1951,,
17.298758270849035,linseed,ha,LVA-1918-1940,Latvia (interwar republic),iia,65946.0,65977.77321237107,1,0.05777977874840182,latvia|iia|1923-1939,,
17.289776386516767,pigs,1000 heads,LUX-1839-2025,Luxembourg,fao1952,96.0,2590.86862192315,3,0.002143070535283847,luxembourg|fao1952|1937-1951,,
17.288931901759835,oats,tonnes,BEL-1831-2025,Belgium,iia,654900.0,30692.03925557064,1,1.2341873244512422,belgium|iia|1909-1945,,
17.265579882021385,sugar raw centrifugal,tonnes,JAM-1800-2025,Jamaica,iia,58400.0,11001.039856468184,5,0.3074665960637625,jamaica|iia|1909-1945,,
17.264963252205764,butter,1000 tonnes,IRL-1921-2025,Ireland,fao1952,55.5,69564.5876553353,4,4.621033422268359e-05,ireland|fao1952|1937-1951,,
17.25884306305672,"milk, whole fresh cow",tonnes,F51-1918-1938,Czechoslovakia (1918-1938),iia,8254400.0,140306.01867415186,1,3.4087686699863613,czech republic|iia|1919-1937,,
17.23028986648921,funflower seed,1000 tonnes,F248-1947-1991,Yugoslavia (1947-1991),fao1952,94.0,255146.9119704287,3,2.138183399649612e-05,yugoslavia|fao1952|1947-1951,,
17.22808942651778,tractors all purposes,number,ITA-1919-2025,Italy,fao1952,56941.0,300310.4439810905,3,0.011005696608006713,italy|fao1952|1937-1951; ltaly|fao1952|1949-1951,,
17.210787629755053,cotton lint,tonnes,BRB-1800-2025,Barbados,iia,91.44999999999999,434.58445270912586,20,0.01222668655598026,barbados|iia|1909-1943,,
17.19928331012168,pigs,1000 heads,BMU-1684-1968,British Crown Colony of Bermuda,fao1952,2.5,67.8255295223494,2,0.002143070535283847,bermuda|fao1952|1937-1951,,
17.189345576488577,crawler tractors agriculture,number,USA-1867-1959,United States (1867-1959),fao1952,154500.0,8906416.741310216,2,0.001009174175679762,united states|fao1952|1931-1951; united states and dependent territories|fao1952|1949-1951,,
17.18578955588849,tea,1000 hectares,TWN-1895-1945,Formosa (Japanese Taiwan),fao1952,45.0,35993.63707155193,1,7.274736898217831e-05,china taiwan|fao1952|1937-1937,,
17.182300544672323,"tangerines, mandarins, clementines, satsumas",ha,ITA-1919-2025,Italy,iia,26000.0,300310.4439810905,1,0.0050387359559263475,italy|iia|1919-1945,,
17.15416786847239,flax fibre and tow,tonnes,LVA-1918-1940,Latvia (interwar republic),iia,19400.0,65977.77321237107,3,0.017140931543133633,latvia|iia|1923-1939,,
17.14959719196322,cotton lint,tonnes,EGY-1899-1925,Egypt (1899-1925),iia,318112.4,1517112.8806190193,1,0.01222668655598026,egypt|iia|1909-1924,,
17.148885040999634,sugar raw centrifugal,tonnes,POL-1815-1918,Congress Poland (1815-1918),iia,686400.1,130179.77280074757,1,0.3074665960637625,poland|iia|None-None,,
17.138054556534,irrigation arable land orchards vineyards,1000 hectares,JPN-1945-1952,Japan (occupied),fao1952,2827.0,371147.4432376307,3,0.0004444447846753994,japan|fao1952|1947-1951,,
17.124003988051,millet,tonnes,NGA-1960-1961,Nigeria (1960-1961),mitchell,2605000.0,862490.9493251519,1,0.1763793999950651,nigeria|mitchell|1960-1960,,
17.088511498870606,"rice, paddy",tonnes,CHN-1947-1949,China (1947-1949),mitchell,47320500.0,7593570.998321915,2,0.3646691560734893,china mainland|mitchell|1947-1948,,
17.04846124495823,cotton seed,ha,KOR-1945-1948,Korea (occupied),iia,285000.0,219402.24512864018,1,0.07619361970864685,south korea|iia|1945-1945,,
17.028488114727924,total tractors agriculture,number,F51-1947-1993,Czechoslovakia (1947-1993),fao1952,29000.0,127598.31888643919,1,0.013346793917923224,czechoslovakia|fao1952|1947-1951,,
17.020314022147193,"broad beans, horse beans, dry",tonnes,ITA-1870-1919,Italy (1870-1919),juan,650000.0,284847.5059880116,49,0.13407054254723036,italy|juan|1870-1918,,
17.00997671135076,oats,1000 tonnes,NLD-1830-2025,Netherlands,fao1952,424.0,38295.46118907003,3,0.0006509008422604463,netherlands|fao1952|1937-1951; necherlands|fao1952|1949-1951,,
16.98087136253168,oats,1000 tonnes,GBR-1921-2025,United Kingdom,fao1952,2696.5,243963.92905649156,4,0.0006509008422604463,united kingdom|fao1952|1937-1951; united kingdom great britain|fao1952|1937-1951,,
16.96500355652117,"rice, paddy",tonnes,IND-1886-1893,British India (1886-1893),mitchell,28755000.0,4647938.6277757315,2,0.3646691560734893,india|mitchell|1886-1892,,
16.906464404230196,"marine fish, other",tonnes,JPN-1895-1945,Japanese Empire,mitchell,2031000.0,626507.2861088028,50,0.19174807067242947,japan|mitchell|1895-1944,,
16.904142246884977,groundnuts,1000 tonnes,NGA-1914-1960,Nigeria (1914-1960),fao1952,446.5,862490.9493251519,4,3.062483645856704e-05,nigeria|fao1952|1937-1951,,
16.88699094594869,coffee,1000 tonnes,GTM-1821-2025,Guatemala,fao1952,64.5,109117.54457073574,4,3.500361185590796e-05,guatemala|fao1952|1937-1951,,
16.885032214576203,"rubber, natural",tonnes,KHM-1907-1953,Cambodia (1907-1953),mitchell,16000.0,181798.14036256503,3,0.005212290981469361,cambodia|mitchell|1948-1952,,
16.854433387337213,other berries and fruits of the genus vaccinium n.e.c.,tonnes,ITA-1919-2025,Italy,iia,1111700.0,300310.4439810905,23,0.21963574049747447,italy|iia|1919-1945,,
16.853762155455044,olive oil,1000 tonnes,GRC-1919-1947,Greece (1919-1947),fao1952,115.0,129841.0864350498,1,5.2551950385437366e-05,greece|fao1952|1937-1938,,
16.83209658317621,sheep,heads,BGR-1940-2025,Bulgaria (1940-2025),juan,7802000.0,110980.16597322695,21,4.1765949739573465,bulgaria|juan|1940-1960,,
16.814711180933884,wheat,tonnes,HUN-1920-1938,Hungary (1920-1938),juan,1957240.0,93004.31166177182,18,1.2515597503806208,hungary|juan|1920-1937,,
16.81200346316693,cacao,1000 tonnes,GNQ-1886-1968,Equatorial Guinea (1886-1968),fao1952,15.0,26904.193350700836,4,3.316284742483804e-05,spanish guinea|fao1952|1937-1951,,
16.801893614254418,pears,tonnes,NLD-1830-2025,Netherlands,juan,133000.0,38295.46118907003,12,0.2067026794639514,netherlands|juan|1850-1960,,
16.799896927029632,flax fibre and tow,tonnes,LTU-1800-1918,Lithuania (Russian governorate),iia,24160.0,83898.82764949289,1,0.017140931543133633,lithuania|iia|None-None,,
16.78411222890999,maize,tonnes,SER-1878-1913,Kingdom of Serbia (1878-1913),juan,539025.0,52538.675334231506,16,0.6112676534626276,serbia|juan|1890-1912; yugoslav sfr|juan|1909-1911,,
16.76131356984524,"milk, whole fresh cow",tonnes,CHE-1800-2025,Switzerland,iia,2369500.0,41471.63260807535,8,3.4087686699863613,switzerland|iia|1909-1945,,
16.7431294960121,"cocoa, beans",ha,ECU-1942-2025,Ecuador,juan,165000.0,255241.24894356335,5,0.0386097017629915,ecuador|juan|1942-1960,,
16.737000557186512,rye,tonnes,DEU-1949-1990,"Germany (divided, 1949-1990)",juan,6001500.0,356835.2226635201,12,1.0048806036169755,germany|juan|1949-1960,,
16.727358828960547,poultry,1000 heads,SYC-1903-2025,Seychelles,fao1952,40.0,488.3127266024546,1,0.004897050411867877,seychelles|fao1952|1937-1951,,
16.724716359483082,lemons and limes,tonnes,ITA-1866-1870,Italy (1866-1870),juan,135100.0,272718.1034096426,4,0.02961983397613065,italy|juan|1866-1869,,
16.717570076547222,"tobacco, unmanufactured",tonnes,MWI-1891-1953,Nyasaland (1891-1953),iia,101200.0,118359.10457997555,5,0.051145295153688305,malawi|iia|1909-1945,,
16.712050139903514,flax fibre and tow,tonnes,LVA-1918-1940,Latvia (interwar republic),juan,18900.0,65977.77321237107,20,0.017140931543133633,latvia|juan|1920-1939,,
16.672010002285027,maize,ha,SER-1878-1913,Kingdom of Serbia (1878-1913),juan,543400.0,52538.675334231506,16,0.6203725216879182,serbia|juan|1890-1912; yugoslav sfr|juan|1909-1911,,
16.645442403461644,cottonseed,1000 tonnes,EGY-1925-1967,Egypt (1925-1967),fao1952,702.0,998328.4240959982,4,4.2244320939598584e-05,egypt|fao1952|1937-1951,,
16.628008432859687,rye,1000 tonnes,F51-1947-1993,Czechoslovakia (1947-1993),fao1952,1239.5,127598.31888643919,2,0.0005841997172546179,czechoslovakia|fao1952|1947-1951,,
16.626083528056405,sugar raw centrifugal,tonnes,F51-1918-1938,Czechoslovakia (1918-1938),iia,717239.5,140306.01867415186,17,0.3074665960637625,czech republic|iia|1919-1937,,
16.62241729241487,funflower seed,1000 hectares,HUN-1920-1938,Hungary (1920-1938),fao1952,80.0,93004.31166177182,2,5.174789919115008e-05,hungary|fao1952|1937-1937,,
16.588832378845748,flax fibre and tow,ha,LVA-1918-1940,Latvia (interwar republic),juan,58600.0,65977.77321237107,20,0.053540712138779645,latvia|juan|1920-1939,,
16.57331194763258,sesame seed,1000 hectares,IND-1949-2025,India,fao1952,2278.0,3151797.0640165973,3,4.361000819290303e-05,india|fao1952|1949-1951,,
16.539646973241084,cotton lint,1000 tonnes,SLV-1821-2025,El Salvador,fao1952,6.5,20558.112635569574,4,1.911630186555157e-05,ei salvador|fao1952|1937-1951; el salvador|fao1952|1937-1951,,
16.534775680907803,olives,ha,PRT-1800-2025,Portugal,juan,329155.0,91804.90167728892,11,0.2168384425805653,portugal|juan|1850-1960,,
16.534272173016017,tobacco,1000 hectares,MWI-1891-1953,Nyasaland (1891-1953),fao1952,60.0,118359.10457997555,3,3.065945969502651e-05,nyasaland|fao1952|1937-1951,,
16.52996797745479,"cacao, beans",tonnes,DMA-1800-2025,Dominica,iia,200.0,746.7822563482973,33,0.016201827088642793,dominica|iia|1909-1944,,
16.51130582222313,poultry,1000 heads,GUM-1950-2025,Guam (US Territory),fao1952,44.5,550.3563917847312,4,0.004897050411867877,guam|fao1952|1950-1951,,
16.495917998443637,rice paddy,1000 tonnes,ZNZ-1890-1963,Zanzibar Protectorate,fao1952,16.0,2586.788513501411,3,0.0003749579531697933,zanzibar and pemba|fao1952|1937-1951,,
16.468009362129475,"groundnuts, with shell",tonnes,GNB-1886-1974,Guinea-Bissau (1886-1974),iia,23300.0,33185.157456664696,4,0.04263545805358459,guinea bissau|iia|1932-1945,,
16.467565344630014,grapes,tonnes,ESP-1800-2025,Spain,juan,3258733.74200651,506132.2152565572,98,0.3909808631507594,spain|juan|1859-1960,,
16.467268912779332,horses mules asses,1000 heads,RYU-1945-1972,Ryukyu Islands (US Administration),fao1952,17.0,2336.8360149164137,3,0.0004417729359427037,ryukyu islands|fao1952|1949-1951,,
16.465524307499535,cotton lint,1000 hectares,IND-1949-2025,India,fao1952,5608.0,3151797.0640165973,3,0.00010806229678981088,india|fao1952|1949-1951,,
16.43149160995663,linseed,1000 tonnes,NLD-1830-2025,Netherlands,fao1952,15.5,38295.46118907003,4,2.463243836113793e-05,netherlands|fao1952|1937-1951; necherlands|fao1952|1949-1951,,
16.426728020072012,"broad beans, horse beans, dry",tonnes,ITA-1861-1866,Italy (1861-1866),juan,546000.0,247918.08540998364,5,0.13407054254723036,italy|juan|1861-1865,,
16.41875638817905,linseed,1000 hectares,URY-1828-2025,Uruguay,fao1952,149.5,177866.3552194432,4,5.1192592987458806e-05,uruguay|fao1952|1937-1951,,
16.40066693303776,pesticides copper sulphate,tonnes,NLD-1830-2025,Netherlands,fao1952,350.0,38295.46118907003,3,0.0005572617459487168,netherlands|fao1952|1937-1951; necherlands|fao1952|1949-1951,,
16.40005409518529,"rice, paddy",tonnes,CHN-1945-1947,China (1945-1947),mitchell,45048500.0,7532445.916794096,2,0.3646691560734893,china mainland|mitchell|1945-1946,,
16.396188557768472,n,tonnes,DEU-1920-1938,Germany (1920-1938),iia,344000.0,470825.35311272315,7,0.04456107893823611,germany|iia|1920-1937,,
16.375795828218955,"rice, paddy",ha,KOR-1945-1948,Korea (occupied),mitchell,1105000.0,219402.24512864018,4,0.3075521700544461,korea|mitchell|1945-1948; south korea|mitchell|1945-1947,,
16.373924297340903,olives,ha,ITA-1870-1919,Italy (1870-1919),juan,1011350.0,284847.5059880116,9,0.2168384425805653,italy|juan|1870-1918,,
16.370616483354162,olives,ha,ESP-1800-2025,Spain,iia,1796657.5,506132.2152565572,4,0.2168384425805653,spain|iia|1909-1945,,
16.368028846446702,grapes,1000 hectares,CYP-1879-2025,Cyprus,fao1952,33.0,9123.352706704041,3,0.00022098515139293542,cyprus|fao1952|1937-1951,,
16.367148423503107,sorghum,tonnes,RWB-1922-1962,Ruanda-Urundi (1922-1962),mitchell,204000.0,52350.62635979226,8,0.2380867706498152,rwanda and burundi|mitchell|1924-1960; rwanda|mitchell|1953-1960,,
16.366146093677006,apples,tonnes,NLD-1830-2025,Netherlands,juan,306000.0,38295.46118907003,12,0.4882336390671813,netherlands|juan|1850-1960,,
16.355579987320393,tobacco,1000 tonnes,KOR-1948-2025,South Korea,fao1952,29.5,97096.9362708301,2,1.857592889369951e-05,korea south|fao1952|1948-1951; korea|fao1952|1949-1951,,
16.35317753381473,castor beans seed,tonnes,HTI-1800-2025,Haiti,iia,1350.0,27092.572875431946,4,0.003047062530280163,haiti|iia|1909-1945,,
16.343246576386996,rye,tonnes,POL-1921-1945,Poland (1921-1945),iia,6378200.0,388369.69735582283,3,1.0048806036169755,poland|iia|1921-1944,,
16.32714247403042,total tractors agriculture,number,SAA-1947-1957,Saar Protectorate,fao1952,559.0,2565.2203150015116,3,0.013346793917923224,france saar|fao1952|1948-1951; saar|fao1952|1949-1951,,
16.31757556185802,"tobacco, unmanufactured",tonnes,IRN-1828-2025,Iran,iia,1353300.0,1621559.0192368494,3,0.051145295153688305,iran|iia|1922-1945,,
16.313124914195317,commercial nitrogenous fertilizers,1000 tonnes,REU-1946-2025,Réunion (French Overseas Department),fao1952,1.2,2623.08318152435,3,2.8043487484389995e-05,reunion|fao1952|1949-1951,,
16.31287272668569,hops,1000 tonnes,F51-1947-1993,Czechoslovakia (1947-1993),fao1952,4.5,127598.31888643919,3,2.161907525932986e-06,czechoslovakia|fao1952|1947-1951,,
16.284276109655842,"milk, whole fresh cow",tonnes,DEU-1920-1938,Germany (1920-1938),iia,26135200.0,470825.35311272315,1,3.4087686699863613,germany|iia|1920-1937,,
16.278072177801786,geese and guinea fowls,heads,HUN-1920-1938,Hungary (1920-1938),juan,3506000.0,93004.31166177182,2,2.3158256459744067,hungary|juan|1920-1937,,
16.272317457959815,other berries and fruits of the genus vaccinium n.e.c.,tonnes,ITA-1870-1919,Italy (1870-1919),iia,1018040.0,284847.5059880116,1,0.21963574049747447,italy|iia|1909-1918,,
16.26881548683675,apples,ha,ITA-1919-2025,Italy,juan,143460.5,300310.4439810905,26,0.029363374928558172,italy|juan|1919-1960,,
16.268602034565575,cotton lint,tonnes,PAK-1947-1949,Pakistan (1947-1949),mitchell,185500.0,932577.4281563342,2,0.01222668655598026,pakistan|mitchell|1947-1948,,
16.26517512416524,tobacco,1000 tonnes,BGR-1919-1940,Bulgaria (1919-1940),fao1952,31.2,103263.13610091528,1,1.857592889369951e-05,bulgaria|fao1952|1937-1939,,
16.244784434375923,milk,1000 tonnes,AUT-1919-2025,Austria,fao1952,1916.5,84021.14316677154,4,0.0014041266581749038,austria|fao1952|1937-1951,,
16.24145416014137,milk,1000 tonnes,SAA-1947-1957,Saar Protectorate,fao1952,58.5,2565.2203150015116,4,0.0014041266581749038,france saar|fao1952|1948-1951; saar|fao1952|1949-1951,,
16.236966470237927,grapes,1000 tonnes,LBN-1944-2025,Lebanon,fao1952,81.0,10199.46189186542,3,0.0004891058591250472,lebanon|fao1952|1949-1951,,
16.2338717114803,"oil, olive, virgin",tonnes,ITA-1919-2025,Italy,iia,207400.0,300310.4439810905,3,0.04254183378069144,italy|iia|1919-1945,,
16.217310742557764,pesticides pyrethrum,tonnes,JPN-1945-1952,Japan (occupied),fao1952,127.0,371147.4432376307,3,2.1099803435239825e-05,japan|fao1952|1947-1951,,
16.203316075995666,sorghum,ha,SLV-1821-2025,El Salvador,juan,91000.0,20558.112635569574,12,0.2731833631647441,el salvador|juan|1900-1960,,
16.203050891308354,sugar raw centrifugal,tonnes,FJI-1800-2025,Fiji,iia,92906.25,18648.7700973142,36,0.3074665960637625,fiji|iia|1909-1945,,
16.189362010520195,pesticides arsenicals,tonnes,ITA-1919-2025,Italy,fao1952,862.5,300310.4439810905,6,0.00017740217220788145,italy|fao1952|1937-1951; ltaly|fao1952|1949-1951,,
16.146452884255783,"rice, paddy",tonnes,CHN-1949-1950,China (1949-1950),mitchell,44500000.0,7557599.077736037,1,0.3646691560734893,china mainland|mitchell|1949-1949,,
16.146180927158827,grapes,ha,PRT-1800-2025,Portugal,iia,346850.0,91804.90167728892,3,0.23399469656051022,portugal|iia|1910-1945,,
16.135866760603708,oats,1000 tonnes,F78-1949-1990,West Germany,fao1952,2600.0,247551.87229475778,3,0.0006509008422604463,germany western|fao1952|1949-1951,,
16.132929578297183,wine,ha,HUN-1944-1947,Hungary (1944-1947),iia,214000.0,93004.31166177182,1,0.14262558949686102,hungary|iia|1944-1945,,
16.12676533257498,linseed,tonnes,ARG-1902-2025,Argentina,iia,1327308.7,2781054.6380225588,2,0.029594782551316402,argentina|iia|1909-1945,,
16.113261266847534,cotton lint,ha,USA-1867-1959,United States (1867-1959),mitchell,9717000.0,8906416.741310216,90,0.06770889735806021,united states of america|mitchell|1867-1958,,
16.099000399898834,use agricultural area arable land orchards,1000 hectares,BRA-1909-2025,Brazil,fao1952,1918835.0,8471740.990890808,1,0.014069091393512485,brazil|fao1952|1937-1951,,
16.087360699414653,garlic,ha,ITA-1919-2025,Italy,juan,7000.0,300310.4439810905,3,0.0014489146533284455,italy|juan|1919-1960,,
16.08735093475397,rye,tonnes,DEU-1920-1938,Germany (1920-1938),iia,7611300.0,470825.35311272315,3,1.0048806036169755,germany|iia|1920-1937,,
16.038231683069622,oranges tangerines clementines,1000 tonnes,PRI-1800-2025,Puerto Rico,fao1952,28.5,8972.444342985882,4,0.00019805125743761192,puerto rico|fao1952|1935-1951,,
16.01493678220097,rye,1000 tonnes,SAA-1947-1957,Saar Protectorate,fao1952,24.0,2565.2203150015116,3,0.0005841997172546179,france saar|fao1952|1948-1951; saar|fao1952|1949-1951,,
16.00394615446604,rye,1000 hectares,DEU-1949-1990,"Germany (divided, 1949-1990)",fao1952,2727.0,356835.2226635201,2,0.00047751865216439054,germany|fao1952|1949-1951,,
15.985404547755694,sweet potatoes yams,1000 hectares,TON-1800-2025,Tonga,fao1952,2.0,756.9079967530139,3,0.0001652963525547975,tonga|fao1952|1937-1951,,
15.952498145298529,irrigation arable land orchards vineyards,1000 hectares,HKG-1842-2025,Hong Kong,fao1952,8.0,1128.3490558475178,3,0.0004444447846753994,hong kong|fao1952|1937-1951,,
15.952175529754973,"marine fish, other",tonnes,KOR-1948-2025,South Korea,mitchell,297000.0,97096.9362708301,12,0.19174807067242947,south korea|mitchell|1948-1960; korea|mitchell|1949-1960,,
15.949340241857868,flax fibre and tow,ha,EST-1800-1918,Estonia (Governorate),iia,42102.0,49303.28546832109,1,0.053540712138779645,estonia|iia|None-None,,
15.946359000233217,coffee,1000 hectares,SLV-1821-2025,El Salvador,fao1952,104.5,20558.112635569574,2,0.00031876564721509986,ei salvador|fao1952|1937-1951; el salvador|fao1952|1937-1951,,
15.922469787167431,"rice, paddy",ha,JPN-1895-1945,Japanese Empire,mitchell,3068000.0,626507.2861088028,49,0.3075521700544461,japan|mitchell|1895-1944,,
15.91752900167832,"broad beans, horse beans, dry",tonnes,ITA-1866-1870,Italy (1866-1870),juan,582000.0,272718.1034096426,4,0.13407054254723036,italy|juan|1866-1869,,
15.911353915926137,linseed,1000 hectares,BEL-1831-2025,Belgium,fao1952,25.0,30692.03925557064,4,5.1192592987458806e-05,belgium|fao1952|1937-1951,,
15.90423585215036,potatoes,tonnes,LVA-1918-1940,Latvia (interwar republic),juan,1091930.0,65977.77321237107,20,1.040601234644152,latvia|juan|1920-1939,,
15.900903897679527,sugar cane,tonnes,ECU-1942-2025,Ecuador,juan,1224000.0,255241.24894356335,5,0.3015843103313033,ecuador|juan|1942-1960,,
15.893266405772376,goats,heads,GRC-1919-1947,Greece (1919-1947),juan,4467500.0,129841.0864350498,22,2.164907062620966,greece|juan|1919-1946,,
15.890576528544662,"cheese, processed",tonnes,GRC-1919-1947,Greece (1919-1947),iia,58000.0,129841.0864350498,1,0.028110993750511352,greece|iia|1919-1945,,
15.882153684293725,commercial nitrogenous fertilizers,1000 tonnes,FRA-1919-2025,France,fao1952,244.1,548057.8009401887,8,2.8043487484389995e-05,france|fao1952|1937-1951,,
15.847478573136408,goats,1000 heads,BRB-1800-2025,Barbados,fao1952,16.0,434.58445270912586,1,0.0023231947845977954,british west indies barbados|fao1952|1935-1951; br west indies barbados|fao1952|1950-1951,,
15.825355408396904,wine,1000 tonnes,DEU-1920-1938,Germany (1920-1938),fao1952,3293.0,470825.35311272315,1,0.00044195537252680715,germany|fao1952|1937-1937; germany western|fao1952|1937-1937; germany berlin|fao1952|1937-1937,,
15.820087453793736,irrigation arable land orchards vineyards,1000 hectares,THA-1909-2025,Thailand,fao1952,3601.0,512149.11556195066,1,0.0004444447846753994,thailand|fao1952|1937-1951,,
15.795142971613304,sesame seed,ha,GRC-1919-1947,Greece (1919-1947),juan,32300.0,129841.0864350498,18,0.01574950179384403,greece|juan|1919-1946,,
15.795055809074325,"eggs, hen, in shell",tonnes,IRL-1921-2025,Ireland,iia,58400.649999999994,69564.5876553353,16,0.05315061583743646,ireland|iia|1929-1945,,
15.793644977379913,"tobacco, unmanufactured",ha,DOM-1800-2025,Dominican Republic,juan,20000.0,48332.9008946207,16,0.02620020940601075,dominican republic|juan|1900-1960,,
15.786021027041144,wheat,tonnes,HUN-1947-2025,Hungary (1947-2025),juan,1837500.0,93004.31166177182,14,1.2515597503806208,hungary|juan|1947-1960,,
15.778179653186049,linseed,tonnes,DNK-1864-1920,Denmark (to 1920),juan,18024.79171,38600.96881216958,3,0.029594782551316402,denmark|juan|1866-1919,,
15.72864647016555,"tobacco, unmanufactured",tonnes,CHE-1800-2025,Switzerland,iia,33361.7,41471.63260807535,4,0.051145295153688305,switzerland|iia|1909-1945,,
15.725670230176291,"rubber, natural",ha,BRN-1888-2025,Brunei Darussalam,iia,5700.0,5684.817370937049,11,0.06376012712165309,brunei darussalam|iia|1932-1945,,
15.711384751400582,slaughter fats other than pig,1000 tonnes,NIC-1800-2025,Nicaragua,fao1952,44.0,128076.61738376657,4,2.1865950643360243e-05,nicaragua|fao1952|1930-1951,,
15.688795865336438,"onions, dry",tonnes,NLD-1830-2025,Netherlands,juan,155000.0,38295.46118907003,7,0.25798519385294594,netherlands|juan|1850-1960,,
15.684884235126992,"coffee, green",ha,CRI-1800-2025,Costa Rica,iia,38890.0,51141.45329885582,8,0.04848233858028317,costa rica|iia|1909-1944,,
15.663548373187545,coffee,1000 tonnes,DOM-1800-2025,Dominican Republic,fao1952,26.5,48332.9008946207,4,3.500361185590796e-05,dominican republic|fao1952|1937-1951; dominican rep|fao1952|1949-1951,,
15.662896193945542,total tractors agriculture,number,NFK-1914-2025,Norfolk Island (Australian Territory),fao1952,8.5,40.660236586173234,2,0.013346793917923224,norfolk islands|fao1952|1949-1951,,
15.647693298019739,poultry,1000 heads,TON-1800-2025,Tonga,fao1952,58.0,756.9079967530139,1,0.004897050411867877,tonga|fao1952|1937-1951,,
15.636195079032674,"groundnuts, with shell",ha,FTO-1920-1960,French Togoland (1920-1960),iia,14000.0,57136.96084372611,2,0.01567039051079133,togo|iia|1945-1945,,
15.604775189161414,horses mules asses,1000 heads,NLD-1830-2025,Netherlands,fao1952,264.0,38295.46118907003,4,0.0004417729359427037,netherlands|fao1952|1937-1951; necherlands|fao1952|1949-1951,,
15.595442569417175,"cocoa, beans",tonnes,ECU-1800-1942,Ecuador (to 1942),juan,23787.25,341715.21305162733,42,0.004463568657244536,ecuador|juan|1900-1941,,
15.594552719037644,grapes,ha,PRT-1800-2025,Portugal,juan,335000.0,91804.90167728892,25,0.23399469656051022,portugal|juan|1850-1960,,
15.585698825524304,maize,ha,F248-1947-1991,Yugoslavia (1947-1991),juan,2467000.0,255146.9119704287,13,0.6203725216879182,yugoslav sfr|juan|1947-1960,,
15.574948398007225,edible pig fat,1000 tonnes,SLV-1821-2025,El Salvador,fao1952,5.0,20558.112635569574,3,1.5615652886953084e-05,ei salvador|fao1952|1937-1951; el salvador|fao1952|1937-1951,,
15.565224936968526,lemons and limes,tonnes,ITA-1861-1866,Italy (1861-1866),juan,114300.0,247918.08540998364,5,0.02961983397613065,italy|juan|1861-1865,,
15.534587959165346,poultry,1000 heads,MYS-1946-1957,Malayan Union / Federation of Malaya (1946-1957),fao1952,10000.0,131451.54252076847,3,0.004897050411867877,malaya federation of|fao1952|1948-1951; malaya fed of|fao1952|1949-1951; federation of malaya|fao1952|1949-1951,,
15.522088502888705,rye,tonnes,POL-1921-1945,Poland (1921-1945),juan,6057730.6,388369.69735582283,24,1.0048806036169755,poland|juan|1921-1944,,
15.519529564023566,pesticides 2 4 d,tonnes,NLD-1830-2025,Netherlands,fao1952,120.0,38295.46118907003,3,0.0002019088659052706,netherlands|fao1952|1937-1951; necherlands|fao1952|1949-1951,,
15.517423791641598,oranges,ha,CYP-1879-2025,Cyprus,iia,2000.0,9123.352706704041,8,0.014127194015379808,cyprus|iia|1909-1945,,
15.507003604665199,groundnuts,1000 tonnes,MUS-1800-2025,Mauritius,fao1952,1.0,2105.7089060802027,3,3.062483645856704e-05,mauritius|fao1952|1948-1951,,
15.505482376122384,cotton lint,tonnes,IND-1914-1937,India (1914-1937),mitchell,927000.0,4889738.947332932,23,0.01222668655598026,india|mitchell|1914-1936,,
15.50472561242221,wine,1000 tonnes,MLT-1800-2025,Malta,fao1952,2.0,291.8686793911891,3,0.00044195537252680715,malta|fao1952|1939-1951,,
15.504201845172135,grapes,1000 hectares,MLT-1800-2025,Malta,fao1952,1.0,291.8686793911891,3,0.00022098515139293542,malta|fao1952|1939-1951,,
15.493935728667177,oats,1000 hectares,LUX-1839-2025,Luxembourg,fao1952,22.0,2590.86862192315,4,0.0005480441413084785,luxembourg|fao1952|1937-1951,,
15.490817236886258,rice paddy,1000 hectares,LAO-1893-1954,Laos (1893-1954),fao1952,850.0,229986.51314748867,2,0.0002385845005827523,indochina laos|fao1952|1936-1951; laos|fao1952|1949-1951,,
15.474306497639269,wine,ha,HUN-1920-1938,Hungary (1920-1938),iia,205263.5,93004.31166177182,14,0.14262558949686102,hungary|iia|1920-1937,,
15.472675760072644,goats,1000 heads,RYU-1945-1972,Ryukyu Islands (US Administration),fao1952,84.0,2336.8360149164137,3,0.0023231947845977954,ryukyu islands|fao1952|1949-1951,,
15.447521516729555,raisins,tonnes,LBN-1920-1944,Lebanon (1920-1944),iia,2000.0,10199.46189186542,1,0.012693866518375212,lebanon|iia|1923-1943,,
15.443649350524707,grapes for wine,1000 tonnes,MLT-1800-2025,Malta,fao1952,3.0,291.8686793911891,3,0.0006655548143222221,malta|fao1952|1939-1951,,
15.443492240365895,Wine,Gallons,VIC-1851-1900,Victoria (to 1900),sa_colonial,723560.0,238319.02370458806,29,0.1965940297196585,victoria|sa_colonial|1854-1898,,
15.433635961240842,pesticides 2 4 d,tonnes,MAR-1911-1958,Morocco (to 1958),fao1952,1091.5,350267.7063170169,2,0.0002019088659052706,french morocco|fao1952|1937-1951; morocco|fao1952|1950-1951,,
15.431557464271645,"peas, dry",ha,HUN-1947-2025,Hungary (1947-2025),juan,45000.0,93004.31166177182,7,0.03135448490525801,hungary|juan|1947-1960,,
15.427809846236457,grapes,tonnes,HUN-1947-2025,Hungary (1947-2025),juan,561000.0,93004.31166177182,9,0.3909808631507594,hungary|juan|1947-1960,,
15.418401787863283,cotton lint,tonnes,EGY-1899-1925,Egypt (1899-1925),mitchell,286000.0,1517112.8806190193,25,0.01222668655598026,egypt|mitchell|1900-1924,,
15.41782268424234,oranges,tonnes,CYP-1879-2025,Cyprus,iia,11300.0,9123.352706704041,17,0.08033428485482855,cyprus|iia|1909-1945,,
15.384539579577536,goats,heads,GRC-1947-2025,Greece (1947-2025),juan,4324500.0,129841.0864350498,14,2.164907062620966,greece|juan|1947-1960,,
15.371777434139348,linseed,ha,LVA-1918-1940,Latvia (interwar republic),juan,58600.0,65977.77321237107,20,0.05777977874840182,latvia|juan|1920-1939,,
15.368516982263174,milk,1000 tonnes,F77-1949-1990,East Germany,fao1952,2358.0,109271.16029246466,1,0.0014041266581749038,germany eastern|fao1952|1949-1951,,
15.348165085003155,centrifugal sugar noncentrifugal cane sugar,1000 tonnes,F51-1918-1938,Czechoslovakia (1918-1938),fao1952,633.0,140306.01867415186,1,0.0002939482959867938,czechoslovakia|fao1952|1937-1937,,
15.339946473566746,buckwheat,tonnes,CHE-1800-2025,Switzerland,juan,14000.0,41471.63260807535,50,0.02200660553990275,switzerland|juan|1850-1960,,
15.331185677387591,"milk, whole fresh cow",tonnes,LUX-1839-2025,Luxembourg,iia,135400.0,2590.86862192315,1,3.4087686699863613,luxembourg|iia|1909-1945,,
15.322309720179817,Potatoes,Tons,TAS-1825-1900,Van Diemen's Land (Tasmania) (to 1900),sa_colonial,72241.0,68131.82825496212,15,0.06920053774964346,tasmania|sa_colonial|1854-1898,,
15.314903952399838,soybeans,1000 hectares,CHN-1932-1945,China (1932-1945),fao1952,5236.0,6710151.482952717,1,5.0951037971044265e-05,china 22 provinces|fao1952|1937-1939; china|fao1952|1937-1937,,
15.312398151340318,"groundnuts, with shell",tonnes,UGA-1926-1962,Uganda (1926-1962),mitchell,158000.0,242015.3658348687,11,0.04263545805358459,uganda|mitchell|1926-1960,,
15.309766474939648,cropa,1000 tonnes,WSM-1900-2025,Samoa,fao1952,14.1,2835.178451854064,3,0.00032484048249375574,western samoa|fao1952|1937-1951,,
15.295838357722522,"cocoa, beans",ha,HTI-1800-2025,Haiti,juan,16000.0,27092.572875431946,6,0.0386097017629915,haiti|juan|1900-1960,,
15.278994886805123,total tractors agriculture,number,IRL-1921-2025,Ireland,fao1952,14186.0,69564.5876553353,2,0.013346793917923224,ireland|fao1952|1937-1951,,
15.268377253341932,sheep,heads,GRC-1881-1913,Greece (1881–1913),juan,4056500.0,63611.58790153088,2,4.1765949739573465,greece|juan|1899-1913,,
15.257364558470037,potatoes,tonnes,EST-1918-1940,Estonia (interwar republic),juan,782780.0,49303.28546832109,21,1.040601234644152,estonia|juan|1919-1939,,
15.244242719355222,turkeys,heads,MLT-1800-2025,Malta,juan,5000.0,291.8686793911891,7,1.1237679873831439,malta|juan|1909-1959,,
15.237171656806794,poultry,1000 heads,NLD-1830-2025,Netherlands,fao1952,2857.5,38295.46118907003,8,0.004897050411867877,netherlands|fao1952|1937-1951; necherlands|fao1952|1949-1951,,
15.230778745241318,"groundnuts, with shell",ha,IND-1914-1937,India (1914-1937),iia,1167045.0,4889738.947332932,14,0.01567039051079133,india|iia|1914-1936,,
15.205457098174607,chick peas,1000 hectares,IND-1914-1937,India (1914-1937),fao1952,6906.0,4889738.947332932,1,9.288410914530065e-05,(no assertion),,
15.20384941222206,sheep,1000 heads,ESP-1800-2025,Spain,fao1952,25954.0,506132.2152565572,1,0.003372770260970567,spain|fao1952|1937-1951,,
15.18426864369819,"tobacco, unmanufactured",ha,HUN-1944-1947,Hungary (1944-1947),juan,37000.0,93004.31166177182,2,0.02620020940601075,hungary|juan|1944-1946,,
15.184043807368026,beer of barley,tonnes,HUN-1947-2025,Hungary (1947-2025),mitchell,147000.0,93004.31166177182,14,0.10409426519973411,hungary|mitchell|1947-1960,,
15.18253938219245,goats,heads,HTI-1800-2025,Haiti,mitchell,890500.0,27092.572875431946,2,2.164907062620966,haiti|mitchell|1918-1960,,
15.172911488351748,sheep,1000 heads,LSO-1886-1966,Lesotho (1886-1966),fao1952,1561.0,30503.327588120435,2,0.003372770260970567,basutoland|fao1952|1937-1951,,
15.171126075720593,cotton lint,tonnes,USA-1848-1867,United States (1848-1867),mitchell,643500.0,3469141.0266383435,16,0.01222668655598026,united states of america|mitchell|1850-1866,,
15.165003609338978,sesame seed,1000 tonnes,SLV-1821-2025,El Salvador,fao1952,4.2,20558.112635569574,1,1.3471734996699686e-05,ei salvador|fao1952|1937-1951; el salvador|fao1952|1937-1951,,
15.16490971011862,flax fiber,1000 tonnes,POL-1945-2025,Poland (1945-2025),fao1952,45.5,311827.7984931281,3,9.621809167204295e-06,poland|fao1952|1948-1951,,
15.154607339871635,cotton lint,tonnes,HTI-1800-2025,Haiti,iia,5020.0,27092.572875431946,4,0.01222668655598026,haiti|iia|1909-1945,,
15.144875202060382,raisins,ha,GRC-1881-1913,Greece (1881–1913),iia,56287.0,63611.58790153088,1,0.05842600161647845,greece|iia|1911-1911,,
15.141891408796873,sheep,1000 heads,GRC-1947-2025,Greece (1947-2025),fao1952,6631.0,129841.0864350498,3,0.003372770260970567,greece|fao1952|1947-1951,,
15.130099573624165,grapefruit (inc. pomelos),ha,CYP-1879-2025,Cyprus,iia,1000.0,9123.352706704041,1,0.007244422135381938,cyprus|iia|1909-1945,,
15.121140300043459,flax fibre and tow,ha,URY-1828-2025,Uruguay,iia,144000.0,177866.3552194432,3,0.053540712138779645,uruguay|iia|1910-1945,,
15.119895546647069,flax fibre and tow,tonnes,NLD-1830-2025,Netherlands,juan,9925.0,38295.46118907003,56,0.017140931543133633,netherlands|juan|1850-1960,,
15.11627982559056,commercial phosphoric acid,1000 tonnes,ITA-1919-2025,Italy,fao1952,282.2,300310.4439810905,8,6.216438630535554e-05,italy|fao1952|1937-1951; ltaly|fao1952|1949-1951,,
15.115616856179596,rye,tonnes,DEU-1920-1938,Germany (1920-1938),juan,7151550.0,470825.35311272315,18,1.0048806036169755,germany|juan|1920-1937,,
15.115492429362968,seed cotton,ha,MLT-1800-2025,Malta,juan,301.0,291.8686793911891,23,0.06822706708404885,malta|juan|1909-1959,,
15.089898653533695,"tobacco, unmanufactured",tonnes,SWZ-1894-2025,Eswatini,iia,13200.0,17103.37897968958,17,0.051145295153688305,eswatini|iia|1922-1944,,
15.089787458813838,dry peas,1000 tonnes,TWN-1945-2025,Taiwan,fao1952,22.5,35993.63707155193,2,4.142606307360681e-05,china taiwan|fao1952|1948-1951; taiwan|fao1952|1949-1951,,
15.071305273720967,potatoes,ha,LTU-1918-1940,Lithuania (interwar republic),juan,168600.0,55903.56442743159,19,0.200109268354486,lithuania|juan|1919-1939,,
15.069651314708258,"coffee, green",tonnes,CUB-1800-2025,Cuba,iia,23700.0,109074.11801961382,3,0.014418611242477926,cuba|iia|1909-1936,,
15.052282103282032,rye,tonnes,BEL-1831-2025,Belgium,juan,464240.0,30692.03925557064,62,1.0048806036169755,belgium|juan|1856-1960,,
15.051364295397722,meat,1000 tonnes,F78-1949-1990,West Germany,fao1952,557.5,247551.87229475778,12,0.00014962452649997936,germany western|fao1952|1949-1951,,
15.045911039703514,grapes,tonnes,LBN-1920-1944,Lebanon (1920-1944),iia,60000.0,10199.46189186542,5,0.3909808631507594,lebanon|iia|1923-1943,,
15.044490673387061,rye,tonnes,DEU-1938-1945,Germany (1938-1945),juan,7508000.0,496629.26877206715,7,1.0048806036169755,germany|juan|1938-1944,,
15.007851403877785,goats,heads,ALB-1913-2025,Albania (1913-2025),juan,930000.0,28623.66037700785,14,2.164907062620966,albania|juan|1929-1960,,
14.989857415190652,groundnuts,1000 hectares,IND-1914-1937,India (1914-1937),fao1952,3246.0,4889738.947332932,1,4.4285886226149405e-05,(no assertion),,
14.988018231261963,r_fao_population_1952_10_18,1000 people,GLP-1816-2025,Guadeloupe,fao1952,296.5,1650.2244307993958,2,0.011987744350629912,guadeloupe|fao1952|1937-1951,,
14.985395031946094,cotton lint,tonnes,EGY-1885-1899,Egypt (1885-1899),mitchell,214000.0,1167983.7449811732,15,0.01222668655598026,egypt|mitchell|1885-1899,,
14.982676955683894,maize,ha,F248-1920-1947,Yugoslavia (1920-1947),juan,2371550.0,255146.9119704287,22,0.6203725216879182,yugoslav sfr|juan|1920-1946,,
14.966935114284842,potatoes,ha,HUN-1920-1938,Hungary (1920-1938),juan,278550.0,93004.31166177182,18,0.200109268354486,hungary|juan|1920-1937,,
14.95108897379199,"oil, olive, virgin",tonnes,GRC-1919-1947,Greece (1919-1947),juan,82585.0,129841.0864350498,28,0.04254183378069144,greece|juan|1919-1946,,
14.950585956397896,rye,tonnes,DEU-1871-1919,German Empire (1871-1919),juan,8113330.0,540040.6645623595,48,1.0048806036169755,germany|juan|1871-1918,,
14.943660737106976,cottonseed,1000 hectares,IND-1949-2025,India,fao1952,5608.0,3151797.0640165973,3,0.00011906736948990218,india|fao1952|1949-1951,,
14.935980842984826,sheep,1000 heads,FLK-1833-2025,Falkland Islands,fao1952,615.0,12208.283559223244,2,0.003372770260970567,falkland islands|fao1952|1937-1951,,
14.923743903004196,olive oil,1000 tonnes,PRT-1800-2025,Portugal,fao1952,72.0,91804.90167728892,4,5.2551950385437366e-05,portugal|fao1952|1934-1951,,
14.900870542228175,"beans, dry",ha,PRT-1800-2025,Portugal,iia,166000.0,91804.90167728892,2,0.12134742824336048,portugal|iia|1910-1945,,
14.880730071541919,"butter, cow milk",tonnes,IRL-1921-2025,Ireland,iia,56050.0,69564.5876553353,8,0.05414559903477284,ireland|iia|1929-1945,,
14.870507284444397,grapes,tonnes,ESP-1800-2025,Spain,iia,2942695.1,506132.2152565572,4,0.3909808631507594,spain|iia|1909-1945,,
14.861084810643527,rye,1000 hectares,HUN-1947-2025,Hungary (1947-2025),fao1952,660.0,93004.31166177182,2,0.00047751865216439054,hungary|fao1952|1947-1951,,
14.84907981244663,poultry,1000 heads,PAL-1920-1948,Palestine (1920-1948),fao1952,1964.0,27008.92924128763,2,0.004897050411867877,palestine|fao1952|1937-1937; israel|fao1952|1937-1937,,
14.845712575606868,"groundnuts, with shell",tonnes,NER-1947-1960,Niger (1947-1960),mitchell,748000.0,1181760.8998354536,13,0.04263545805358459,niger|mitchell|1947-1959,,
14.840989626641397,sesame seed,1000 tonnes,PAL-1920-1948,Palestine (1920-1948),fao1952,5.4,27008.92924128763,1,1.3471734996699686e-05,palestine|fao1952|1937-1937; israel|fao1952|1937-1937,,
14.821634242201418,swine / pigs,heads,DEU-1920-1938,Germany (1920-1938),juan,21465500.0,470825.35311272315,18,3.0759911130450983,germany|juan|1920-1937,,
14.819105416951759,apples,tonnes,FRA-1919-2025,France,juan,3965300.0,548057.8009401887,13,0.4882336390671813,france|juan|1919-1960,,
14.813022685892047,turkeys,heads,IRL-1921-2025,Ireland,juan,1158000.0,69564.5876553353,35,1.1237679873831439,ireland|juan|1921-1960,,
14.810795219156056,linseed,ha,EST-1800-1918,Estonia (Governorate),iia,42192.0,49303.28546832109,1,0.05777977874840182,estonia|iia|None-None,,
14.807794090688278,grapes,tonnes,LUX-1839-2025,Luxembourg,juan,15000.0,2590.86862192315,10,0.3909808631507594,luxembourg|juan|1861-1960,,
14.80738899967753,soybeans,ha,ROU-1920-1940,Romania (1920-1940),juan,103000.0,296126.08291605173,1,0.023489949172274996,romania|juan|1920-1939,,
14.805357093396244,"tobacco, unmanufactured",tonnes,COL-1922-2025,Colombia,iia,859600.0,1135198.558349538,3,0.051145295153688305,colombia|iia|1924-1945,,
14.794601663577508,funflower seed,1000 tonnes,ZAF-1910-2025,South Africa (Union and Republic),fao1952,386.0,1220222.6289415925,4,2.138183399649612e-05,union of south africa|fao1952|1937-1951; u of s africa|fao1952|1948-1951; union of s africa|fao1952|1949-1951,,
14.78719197664948,sheep,heads,GRC-1947-2025,Greece (1947-2025),juan,8019000.0,129841.0864350498,14,4.1765949739573465,greece|juan|1947-1960,,
14.765992738156681,sheep,heads,MLT-1800-2025,Malta,juan,18000.0,291.8686793911891,47,4.1765949739573465,malta|juan|1909-1959,,
14.71979570897486,dry peas,1000 tonnes,DNK-1920-2025,Denmark,fao1952,26.0,42638.10583746177,4,4.142606307360681e-05,denmark|fao1952|1937-1951,,
14.695861454065692,goats,heads,JAM-1800-2025,Jamaica,mitchell,350000.0,11001.039856468184,10,2.164907062620966,jamaica|mitchell|1850-1960,,
14.689019901488502,"cacao, beans",tonnes,VCT-1833-2025,Saint Vincent and the Grenadines,iia,93.7,393.7157412058466,21,0.016201827088642793,saint vincent and the grenadines|iia|1909-1945,,
14.668251852964683,oranges,tonnes,GRC-1947-2025,Greece (1947-2025),juan,153000.0,129841.0864350498,12,0.08033428485482855,greece|juan|1947-1960,,
14.64220532492278,grapes,ha,MLT-1800-2025,Malta,iia,1000.0,291.8686793911891,3,0.23399469656051022,malta|iia|1909-1945,,
14.64220532492278,grapes,ha,MLT-1800-2025,Malta,juan,1000.0,291.8686793911891,33,0.23399469656051022,malta|juan|1909-1959,,
14.615512103117192,"rice, paddy",ha,IDN-1949-1963,Indonesia (1949-1963),mitchell,6591500.0,1466396.5284180925,12,0.3075521700544461,indonesia|mitchell|1949-1960,,
14.609679152795698,crawler tractors agriculture,number,BMU-1684-1968,British Crown Colony of Bermuda,fao1952,1.0,67.8255295223494,2,0.001009174175679762,bermuda|fao1952|1937-1951,,
14.606274346833224,"cassava, fresh",ha,RWB-1922-1962,Ruanda-Urundi (1922-1962),mitchell,127500.0,52350.62635979226,14,0.16674347528528602,rwanda and burundi|mitchell|1924-1960; rwanda|mitchell|1953-1960,,
14.604993290390073,pesticides white refined other refined oil,tonnes,LBN-1944-2025,Lebanon,fao1952,67.0,10199.46189186542,1,0.0004497759000081816,lebanon|fao1952|1949-1951,,
14.598524328392246,goats,1000 heads,SAA-1947-1957,Saar Protectorate,fao1952,87.0,2565.2203150015116,3,0.0023231947845977954,france saar|fao1952|1948-1951; saar|fao1952|1949-1951,,
14.597289239411907,rye,1000 hectares,F51-1918-1938,Czechoslovakia (1918-1938),fao1952,978.0,140306.01867415186,1,0.00047751865216439054,czechoslovakia|fao1952|1937-1937,,
14.582747595508232,rice paddy,1000 hectares,ZNZ-1890-1963,Zanzibar Protectorate,fao1952,9.0,2586.788513501411,3,0.0002385845005827523,zanzibar and pemba|fao1952|1937-1951,,
14.57374964980014,"rice, paddy",ha,FCC-1862-1887,French Cochinchina,mitchell,296000.0,66039.17063847304,19,0.3075521700544461,indochina|mitchell|1866-1886,,
14.562802131754879,dry beans,1000 hectares,ROU-1920-1940,Romania (1920-1940),fao1952,503.0,296126.08291605173,2,0.00011663969475792196,romania|fao1952|1937-1939,,
14.525456448016037,rye,ha,DEU-1866-1871,North German Confederation (1866-1871),juan,5779000.0,345759.2420559496,1,1.1506655434808784,germany|juan|1866-1870,,
14.485371542888478,commercial nitrogenous fertilizers,1000 tonnes,JPN-1895-1945,Japanese Empire,fao1952,254.5,626507.2861088028,2,2.8043487484389995e-05,japan|fao1952|1936-1937,,
14.472444100065205,flax fibre and tow,tonnes,NLD-1830-2025,Netherlands,iia,9500.0,38295.46118907003,4,0.017140931543133633,netherlands|iia|1909-1945,,
14.42590457159729,sesame seed,ha,GRC-1947-2025,Greece (1947-2025),juan,29500.0,129841.0864350498,12,0.01574950179384403,greece|juan|1947-1960,,
14.418628129290003,sugar cane,tonnes,PAN-1903-1979,"Panama (1903-1979, before Canal Zone return)",juan,322000.0,74049.68009092197,3,0.3015843103313033,panama|juan|1912-1960,,
14.409025801751138,"walnuts, with shell",tonnes,ITA-1870-1919,Italy (1870-1919),juan,72500.0,284847.5059880116,9,0.017664077692963305,italy|juan|1870-1918,,
14.405639113259477,pigs,1000 heads,PRI-1800-2025,Puerto Rico,fao1952,277.0,8972.444342985882,1,0.002143070535283847,puerto rico|fao1952|1935-1951,,
14.368155288621562,cotton lint,ha,SLV-1821-2025,El Salvador,mitchell,20000.0,20558.112635569574,20,0.06770889735806021,el salvador|mitchell|1894-1960,,
14.367243460834317,sugar raw centrifugal,tonnes,TWN-1945-2025,Taiwan,iia,159000.0,35993.63707155193,1,0.3074665960637625,china taiwan province of|iia|1945-1945,,
14.367196277398529,dry peas,1000 hectares,CHN-1932-1945,China (1932-1945),fao1952,3588.0,6710151.482952717,1,3.721757608611355e-05,china 22 provinces|fao1952|1937-1939; china|fao1952|1937-1937,,
14.358033416705764,tobacco,1000 tonnes,TWN-1945-2025,Taiwan,fao1952,9.6,35993.63707155193,3,1.857592889369951e-05,china taiwan|fao1952|1948-1951; taiwan|fao1952|1949-1951,,
14.342988977379937,sesame seed,tonnes,CHN-1932-1945,China (1932-1945),iia,419700.0,6710151.482952717,10,0.004360808143068674,china mainland|iia|1932-1944,,
14.334492307248148,buckwheat,ha,FRA-1800-1871,"France (with Alsace-Lorraine, to 1871)",juan,689000.0,533998.9160465385,2,0.09001119563257808,france|juan|1850-1870,,
14.332901344742295,dry beans,1000 hectares,PRI-1800-2025,Puerto Rico,fao1952,15.0,8972.444342985882,3,0.00011663969475792196,puerto rico|fao1952|1935-1951,,
14.326158393862226,ducks,heads,F51-1938-1945,Czechoslovakia (1938-1945),juan,2992000.0,100712.76559040853,1,2.0737066421458916,czechoslovakia|juan|1938-1944,,
14.31745071214299,"eggs, hen, in shell",tonnes,LBN-1944-2025,Lebanon,iia,7761.6,10199.46189186542,1,0.05315061583743646,lebanon|iia|1944-1945,,
14.312983241689498,wheat,tonnes,DNK-1920-2025,Denmark,iia,763800.0,42638.10583746177,3,1.2515597503806208,denmark|iia|1920-1945,,
14.292603627355117,potatoes,ha,HUN-1944-1947,Hungary (1944-1947),juan,266000.0,93004.31166177182,3,0.200109268354486,hungary|juan|1944-1946,,
14.286835862966665,cotton lint,tonnes,ALB-1913-2025,Albania (1913-2025),juan,5000.0,28623.66037700785,5,0.01222668655598026,albania|juan|1929-1960,,
14.268234899105554,poultry,1000 heads,ALB-1913-2025,Albania (1913-2025),fao1952,2000.0,28623.66037700785,1,0.004897050411867877,albania|fao1952|1937-1951,,
14.262874752629497,rice paddy,1000 tonnes,MYS-1946-1957,Malayan Union / Federation of Malaya (1946-1957),fao1952,703.0,131451.54252076847,3,0.0003749579531697933,malaya federation of|fao1952|1948-1951; malaya fed of|fao1952|1949-1951; federation of malaya|fao1952|1949-1951,,
14.248289919237761,butter,1000 tonnes,DEU-1920-1938,Germany (1920-1938),fao1952,310.0,470825.35311272315,3,4.621033422268359e-05,germany|fao1952|1937-1937; germany western|fao1952|1937-1937; germany berlin|fao1952|1937-1937,,
14.218133787654967,cotton seed,tonnes,JAM-1800-2025,Jamaica,iia,2650.0,11001.039856468184,8,0.016942189667314478,jamaica|iia|1909-1945,,
14.208097750781917,rye,1000 hectares,HUN-1920-1938,Hungary (1920-1938),fao1952,631.0,93004.31166177182,1,0.00047751865216439054,hungary|fao1952|1937-1937,,
14.206192627972047,total tractors agriculture,number,ITA-1919-2025,Italy,fao1952,56941.0,300310.4439810905,3,0.013346793917923224,italy|fao1952|1937-1951; ltaly|fao1952|1949-1951,,
14.204421940860533,maize,tonnes,SLV-1821-2025,El Salvador,juan,178500.0,20558.112635569574,36,0.6112676534626276,el salvador|juan|1900-1960,,
14.199188692708173,bananas,1000 tonnes,DOM-1800-2025,Dominican Republic,fao1952,377.5,48332.9008946207,4,0.0005500606320865948,dominican republic|fao1952|1937-1951; dominican rep|fao1952|1949-1951,,
14.191376339145805,"milk, whole fresh cow",tonnes,DEU-1938-1945,Germany (1938-1945),iia,24024500.0,496629.26877206715,4,3.4087686699863613,germany|iia|1938-1944,,
14.188401410228394,pigs,1000 heads,SAA-1947-1957,Saar Protectorate,fao1952,78.0,2565.2203150015116,3,0.002143070535283847,france saar|fao1952|1948-1951; saar|fao1952|1949-1951,,
14.187235402045332,cotton lint,tonnes,UGA-1910-1926,Uganda (1910-1926),mitchell,49000.0,282481.18501915084,16,0.01222668655598026,uganda|mitchell|1910-1925,,
14.179336293925111,"eggs, hen, in shell",tonnes,ITA-1919-2025,Italy,iia,226326.1,300310.4439810905,7,0.05315061583743646,italy|iia|1919-1945,,
14.17292595899508,cottonseed,1000 tonnes,USA-1867-1959,United States (1867-1959),fao1952,5332.5,8906416.741310216,4,4.2244320939598584e-05,united states|fao1952|1931-1951; united states and dependent territories|fao1952|1949-1951,,
14.171841938118094,rye,1000 tonnes,HUN-1947-2025,Hungary (1947-2025),fao1952,770.0,93004.31166177182,2,0.0005841997172546179,hungary|fao1952|1947-1951,,
14.170473614798757,peaches and nectarines,tonnes,ITA-1919-2025,Italy,juan,275200.0,300310.4439810905,42,0.06466862511709465,italy|juan|1919-1960,,
14.167457954570562,"oil, olive, virgin",tonnes,ITA-1919-2025,Italy,juan,181000.0,300310.4439810905,42,0.04254183378069144,italy|juan|1919-1960,,
14.163842433955894,grapes,ha,FRA-1871-1919,"France (without Alsace-Lorraine, 1871-1919)",juan,1764200.0,532305.2096529249,48,0.23399469656051022,france|juan|1871-1918,,
14.151968410694094,"eggs, hen, in shell",tonnes,F51-1918-1938,Czechoslovakia (1918-1938),iia,105536.2,140306.01867415186,3,0.05315061583743646,czech republic|iia|1919-1937,,
14.137926382480291,maize,tonnes,ITA-1919-2025,Italy,juan,2595300.0,300310.4439810905,42,0.6112676534626276,italy|juan|1919-1960,,
14.124708517140052,"coffee, green",ha,JAM-1800-2025,Jamaica,iia,7533.5,11001.039856468184,24,0.04848233858028317,jamaica|iia|1909-1945,,
14.107711093460939,dry beans,1000 tonnes,SLV-1821-2025,El Salvador,fao1952,23.5,20558.112635569574,4,8.102668360798986e-05,ei salvador|fao1952|1937-1951; el salvador|fao1952|1937-1951,,
14.104643261476696,"beans, dry",ha,ITA-1919-2025,Italy,iia,514000.0,300310.4439810905,2,0.12134742824336048,italy|iia|1919-1945,,
14.09999079679598,sheep,heads,SER-1878-1913,Kingdom of Serbia (1878-1913),juan,3094000.0,52538.675334231506,5,4.1765949739573465,serbia|juan|1890-1912; yugoslav sfr|juan|1909-1911,,
14.095807110309599,seed cotton,tonnes,MLT-1800-2025,Malta,juan,130.0,291.8686793911891,13,0.03159845956120467,malta|juan|1909-1959,,
14.09496428907353,broad beans,1000 hectares,ECU-1800-1942,Ecuador (to 1942),fao1952,310.0,341715.21305162733,1,6.436257339408649e-05,ecuador|fao1952|1937-1939,,
14.086537366200137,horses mules asses,1000 heads,F77-1949-1990,East Germany,fao1952,680.0,109271.16029246466,4,0.0004417729359427037,germany eastern|fao1952|1949-1951,,
14.081922335021455,chick peas,tonnes,ESP-1800-2025,Spain,juan,83802.4786361661,506132.2152565572,101,0.011757931839471754,spain|juan|1859-1960,,
14.081083075781274,sheep,heads,FRA-1800-1871,"France (with Alsace-Lorraine, to 1871)",juan,31405000.0,533998.9160465385,2,4.1765949739573465,france|juan|1850-1870,,
14.079133568134866,pigs,1000 heads,MTQ-1816-2025,Martinique,fao1952,34.0,1126.8510732461853,3,0.002143070535283847,martinique|fao1952|1935-1951; marcinique|fao1952|1949-1951,,
14.071067146702203,"beans, green",ha,ITA-1919-2025,Italy,juan,39106.0,300310.4439810905,25,0.009254350083018534,italy|juan|1919-1960,,
14.057770591555347,"cocoa, beans",tonnes,HTI-1800-2025,Haiti,juan,1700.0,27092.572875431946,44,0.004463568657244536,haiti|juan|1900-1960,,
14.05105207621266,oats,tonnes,BEL-1831-2025,Belgium,juan,532250.0,30692.03925557064,60,1.2341873244512422,belgium|juan|1856-1960,,
14.041377402498782,"groundnuts, with shell",ha,CUB-1800-2025,Cuba,juan,24000.0,109074.11801961382,12,0.01567039051079133,cuba|juan|1901-1960,,
14.010821752260927,coffee,1000 hectares,HTI-1800-2025,Haiti,fao1952,121.0,27092.572875431946,2,0.00031876564721509986,haiti|fao1952|1937-1951,,
13.973604734871158,butter,1000 tonnes,NZL-1840-2025,New Zealand,fao1952,173.5,268690.2547565733,4,4.621033422268359e-05,new zealand|fao1952|1937-1951,,
13.959432951192182,grapes,1000 tonnes,HUN-1947-2025,Hungary (1947-2025),fao1952,635.0,93004.31166177182,3,0.0004891058591250472,hungary|fao1952|1947-1951,,
13.956747062609226,maize,ha,SLV-1821-2025,El Salvador,mitchell,178000.0,20558.112635569574,3,0.6203725216879182,el salvador|mitchell|1894-1960,,
13.954714947240268,commercial potash fertilizers,1000 tonnes,PAL-1920-1948,Palestine (1920-1948),fao1952,16.1,27008.92924128763,2,4.271668472078077e-05,palestine|fao1952|1937-1937; israel|fao1952|1937-1937,,
13.94951705946118,asses,heads,GRC-1947-2025,Greece (1947-2025),juan,501000.0,129841.0864350498,11,0.2766090676219527,greece|juan|1947-1960,,
13.947922665395959,tractors all purposes,number,SWE-1905-2025,Sweden,fao1952,68450.0,445909.1511104987,3,0.011005696608006713,sweden|fao1952|1937-1951,,
13.936783182606527,soybeans,1000 tonnes,JPN-1895-1945,Japanese Empire,fao1952,321.0,626507.2861088028,1,3.6763458669968475e-05,japan|fao1952|1936-1937,,
13.933032130907286,"peas, dry",tonnes,HUN-1947-2025,Hungary (1947-2025),juan,48500.0,93004.31166177182,6,0.03742768943305867,hungary|juan|1947-1960,,
13.929495663891968,olive oil,1000 tonnes,ESP-1800-2025,Spain,fao1952,370.5,506132.2152565572,4,5.2551950385437366e-05,spain|fao1952|1937-1951,,
13.92242946491838,rye,ha,POL-1945-2025,Poland (1945-2025),juan,4995500.0,311827.7984931281,16,1.1506655434808784,poland|juan|1945-1960,,
13.907250471892032,sunflower seed,tonnes,HUN-1938-1940,Hungary (1938-1940),juan,30200.0,108813.78983171615,1,0.019956378396729715,hungary|juan|1938-1939,,
13.895469705575291,sweet potatoes yams,1000 tonnes,IDN-JVM-1949-1951,"Java and Madura (within Indonesia, 1949-1951)",fao1952,1300.0,132719.7735856253,3,0.0007049113258430571,indonesia java and madura|fao1952|1949-1951,,
13.887122281578147,rye,1000 tonnes,BEL-1831-2025,Belgium,fao1952,249.0,30692.03925557064,4,0.0005841997172546179,belgium|fao1952|1937-1951,,
13.86006309853971,wool clean basis,1000 tonnes,GBR-1921-2025,United Kingdom,fao1952,26.5,243963.92905649156,4,7.837093848313055e-06,united kingdom|fao1952|1937-1951; united kingdom great britain|fao1952|1937-1951,,
13.848734111763033,horses mules asses,1000 heads,HUN-1947-2025,Hungary (1947-2025),fao1952,569.0,93004.31166177182,1,0.0004417729359427037,hungary|fao1952|1947-1951,,
13.848722617098796,wine,tonnes,GRC-1881-1913,Greece (1881–1913),iia,313381.78,63611.58790153088,2,0.35573597719855443,greece|iia|1911-1911,,
13.8445911046952,irrigation arable land orchards vineyards,1000 hectares,IND-1949-2025,India,fao1952,19393.5,3151797.0640165973,2,0.0004444447846753994,india|fao1952|1949-1951,,
13.837090647017277,crawler tractors agriculture,number,NZL-1840-2025,New Zealand,fao1952,3752.0,268690.2547565733,2,0.001009174175679762,new zealand|fao1952|1937-1951,,
13.825532466809234,cotton seed,tonnes,NIC-1800-2025,Nicaragua,mitchell,30000.0,128076.61738376657,18,0.016942189667314478,nicaragua|mitchell|1893-1960,,
13.813889217793118,flax fibre and tow,ha,BEL-1831-2025,Belgium,juan,22700.0,30692.03925557064,59,0.053540712138779645,belgium|juan|1856-1960,,
13.81224075594565,"marine fish, other",tonnes,KOR-1800-1945,Korea (to 1945),mitchell,581000.0,219371.89647949164,13,0.19174807067242947,korea|mitchell|1909-1944; south korea|mitchell|1932-1944,,
13.80871132462005,sweet potatoes,tonnes,PRI-1800-2025,Puerto Rico,juan,37500.0,8972.444342985882,12,0.30266858335749697,puerto rico|juan|1900-1960,,
13.80330819142834,rapeseed,tonnes,DEU-1949-1990,"Germany (divided, 1949-1990)",juan,182700.0,356835.2226635201,11,0.03709263160486512,germany|juan|1949-1960,,
13.793563246544585,dry beans,1000 hectares,F248-1947-1991,Yugoslavia (1947-1991),fao1952,410.5,255146.9119704287,6,0.00011663969475792196,yugoslavia|fao1952|1947-1951,,
13.778825279558774,meat,1000 tonnes,CHE-1800-2025,Switzerland,fao1952,85.5,41471.63260807535,16,0.00014962452649997936,switzerland|fao1952|1936-1951,,
13.774896103541346,oats,1000 tonnes,SAA-1947-1957,Saar Protectorate,fao1952,23.0,2565.2203150015116,3,0.0006509008422604463,france saar|fao1952|1948-1951; saar|fao1952|1949-1951,,
13.774456554055485,r_fao_population_1952_10_18,1000 people,PTIND-1816-1961,Portuguese India (Estado da India Portuguesa),fao1952,624.0,3778.9630323594706,2,0.011987744350629912,portuguese india|fao1952|1937-1951,,
13.763809136655848,dry peas,1000 tonnes,BEL-1831-2025,Belgium,fao1952,17.5,30692.03925557064,4,4.142606307360681e-05,belgium|fao1952|1937-1951,,
13.76120254886411,"groundnuts, with shell",ha,CHN-1932-1945,China (1932-1945),iia,1447000.0,6710151.482952717,8,0.01567039051079133,china mainland|iia|1932-1944,,
13.758213951278076,poultry,1000 heads,GRC-1947-2025,Greece (1947-2025),fao1952,8748.0,129841.0864350498,3,0.004897050411867877,greece|fao1952|1947-1951,,
13.75808226904992,potatoes,ha,FRA-1871-1919,"France (without Alsace-Lorraine, 1871-1919)",juan,1465500.0,532305.2096529249,48,0.200109268354486,france|juan|1871-1918,,
13.75780763871303,linseed,tonnes,BEL-1831-2025,Belgium,iia,12496.55,30692.03925557064,2,0.029594782551316402,belgium|iia|1909-1945,,
13.747187978119417,"oil, olive, virgin",tonnes,ESP-1800-2025,Spain,juan,296001.6,506132.2152565572,71,0.04254183378069144,spain|juan|1859-1960,,
13.74609942994024,dry beans,1000 hectares,ITA-1919-2025,Italy,fao1952,481.5,300310.4439810905,4,0.00011663969475792196,italy|fao1952|1937-1951; ltaly|fao1952|1949-1951,,
13.745831413282165,"grain, mixed",tonnes,DNK-1864-1920,Denmark (to 1920),juan,224470.5882,38600.96881216958,45,0.42304856537452196,denmark|juan|1866-1919,,
13.737488349149809,condensed evaporated milk,1000 tonnes,GBR-1921-2025,United Kingdom,fao1952,127.0,243963.92905649156,4,3.7894027396516215e-05,united kingdom|fao1952|1937-1951; united kingdom great britain|fao1952|1937-1951,,
13.729156360911686,sheep,heads,ROU-1913-1918,Romania (1913-1918),juan,7810000.0,136202.4190877079,1,4.1765949739573465,romania|juan|1913-1917,,
13.715687154424426,use forests woodlands,1000 hectares,PAK-1947-1949,Pakistan (1947-1949),fao1952,313200.0,932577.4281563342,1,0.02448608107243805,pakistan|fao1952|1948-1948,,
13.705681993250797,"rice, paddy",tonnes,MYS-1946-1957,Malayan Union / Federation of Malaya (1946-1957),mitchell,657000.0,131451.54252076847,10,0.3646691560734893,malaysia|mitchell|1946-1956,,
13.703705396020398,tea,1000 tonnes,MUS-1800-2025,Mauritius,fao1952,0.3,2105.7089060802027,3,1.039644612091253e-05,mauritius|fao1952|1948-1951,,
13.702707097532672,swine / pigs,heads,POL-1815-1918,Congress Poland (1815-1918),juan,5487000.0,130179.77280074757,1,3.0759911130450983,poland|juan|1913-1913,,
13.701054776220928,linseed,tonnes,BEL-1831-2025,Belgium,juan,12445.0,30692.03925557064,44,0.029594782551316402,belgium|juan|1856-1960,,
13.694578889438263,goats,1000 heads,JAM-1800-2025,Jamaica,fao1952,350.0,11001.039856468184,2,0.0023231947845977954,british west indies jamaica|fao1952|1938-1951; jamaica|fao1952|1949-1951; br west indies jamaica|fao1952|1949-1951,,
13.693029158515314,"beans, dry",ha,ITA-1919-2025,Italy,juan,499000.0,300310.4439810905,29,0.12134742824336048,italy|juan|1919-1960,,
13.66815368453427,"rubber, natural",tonnes,BRN-1888-2025,Brunei Darussalam,iia,405.0,5684.817370937049,4,0.005212290981469361,brunei darussalam|iia|1932-1945,,
13.662114350855283,cotton seed,tonnes,ATG-1800-2025,Antigua and Barbuda,iia,100.0,432.0286466170874,16,0.016942189667314478,antigua and barbuda|iia|1909-1945,,
13.643479354837186,swine / pigs,heads,HTI-1800-2025,Haiti,mitchell,1137000.0,27092.572875431946,2,3.0759911130450983,haiti|mitchell|1918-1960,,
13.619813227167313,seed cotton,ha,HTI-1800-2025,Haiti,juan,25175.5,27092.572875431946,20,0.06822706708404885,haiti|juan|1900-1960,,
13.614740405604987,cotton lint,1000 tonnes,PAK-1949-1971,Pakistan (1949-1971),fao1952,264.0,1014356.6530305491,3,1.911630186555157e-05,pakistan|fao1952|1949-1951,,
13.612001728591922,hemp fiber,1000 tonnes,F248-1920-1947,Yugoslavia (1920-1947),fao1952,46.5,255146.9119704287,1,1.338876876051239e-05,yugoslavia|fao1952|1937-1939,,
13.608829502271872,groundnuts,1000 hectares,GNB-1886-1974,Guinea-Bissau (1886-1974),fao1952,20.0,33185.157456664696,1,4.4285886226149405e-05,portuguese guinea|fao1952|1934-1951,,
13.607629120169586,milk,1000 tonnes,F51-1947-1993,Czechoslovakia (1947-1993),fao1952,2438.0,127598.31888643919,2,0.0014041266581749038,czechoslovakia|fao1952|1947-1951,,
13.603507247446812,sorghum,tonnes,BFA-1960-2025,Burkina Faso,mitchell,882000.0,272321.8121533213,1,0.2380867706498152,burkina faso|mitchell|1960-1960,,
13.595942758110466,r_fao_population_1952_10_18,1000 people,ANT-1816-1961,Dutch Caribbean (colonial),fao1952,129.5,794.5531766581097,2,0.011987744350629912,netherlands w indies|fao1952|1936-1951; neth west indies|fao1952|1949-1951; netherlands west indies|fao1952|1937-1951,,
13.581766987137206,cotton seed,tonnes,BRB-1800-2025,Barbados,iia,100.0,434.58445270912586,14,0.016942189667314478,barbados|iia|1909-1943,,
13.563746082826633,hops,1000 tonnes,BEL-1831-2025,Belgium,fao1952,0.9,30692.03925557064,4,2.161907525932986e-06,belgium|fao1952|1937-1951,,
13.545038043584643,cotton lint,tonnes,USA-1867-1959,United States (1867-1959),mitchell,1475000.0,8906416.741310216,33,0.01222668655598026,united states of america|mitchell|1867-1958,,
13.544843202733254,wheel tractors agriculture,number,URY-1828-2025,Uruguay,fao1952,11978.0,177866.3552194432,1,0.004971832868108485,uruguay|fao1952|1937-1951,,
13.542981180025711,poultry,1000 heads,GUM-1898-1950,Territory of Guam,fao1952,36.5,550.3563917847312,4,0.004897050411867877,guam|fao1952|1937-1949,,
13.542136918522775,horses mules asses,1000 heads,LUX-1839-2025,Luxembourg,fao1952,15.5,2590.86862192315,4,0.0004417729359427037,luxembourg|fao1952|1937-1951,,
13.535633839703586,maize,ha,HTI-1800-2025,Haiti,mitchell,227500.0,27092.572875431946,2,0.6203725216879182,haiti|mitchell|1918-1960,,
13.513368412236117,sheep,heads,GRC-1830-1881,Greece (1830–1881),juan,2540000.0,45003.64996202808,1,4.1765949739573465,greece|juan|1860-1860,,
13.50931090738342,cotton lint,1000 tonnes,UGA-1926-1962,Uganda (1926-1962),fao1952,62.5,242015.3658348687,4,1.911630186555157e-05,uganda|fao1952|1937-1951,,
13.5088268778552,sweet potatoes,tonnes,KOR-1948-2025,South Korea,mitchell,397000.0,97096.9362708301,11,0.30266858335749697,south korea|mitchell|1948-1960; korea|mitchell|1949-1960,,
13.501947759757764,cattle,heads,IND-1949-2025,India,mitchell,155295000.0,3151797.0640165973,5,3.649243163648669,india|mitchell|1949-1960,,
13.498558994283401,maize,tonnes,HUN-1800-1918,Kingdom of Hungary (Transleithania),juan,2685111.111,325419.39849591354,53,0.6112676534626276,hungary|juan|1851-1917,,
13.490908285135351,dry peas,1000 hectares,POL-1921-1945,Poland (1921-1945),fao1952,195.0,388369.69735582283,1,3.721757608611355e-05,poland|fao1952|1937-1939,,
13.489179326083683,tobacco,1000 tonnes,ITA-1919-2025,Italy,fao1952,75.25,300310.4439810905,4,1.857592889369951e-05,italy|fao1952|1937-1951; ltaly|fao1952|1949-1951,,
13.48444013759461,"cheese, processed",tonnes,NZL-1840-2025,New Zealand,iia,101850.0,268690.2547565733,8,0.028110993750511352,new zealand|iia|1909-1945,,
13.484267052951601,cotton lint,tonnes,IND-1947-1949,India (1947-1949),mitchell,501500.0,3041829.122826827,2,0.01222668655598026,india|mitchell|1947-1948,,
13.469615410374146,sunflower seed,tonnes,HUN-1920-1938,Hungary (1920-1938),juan,25000.0,93004.31166177182,8,0.019956378396729715,hungary|juan|1920-1937,,
13.466799136855274,"oil, olive, virgin",tonnes,ITA-1870-1919,Italy (1870-1919),iia,163189.8,284847.5059880116,1,0.04254183378069144,italy|iia|1909-1918,,
13.465221773169917,"cacao, beans",tonnes,JAM-1800-2025,Jamaica,iia,2400.0,11001.039856468184,33,0.016201827088642793,jamaica|iia|1909-1945,,
13.454796933143845,oranges,tonnes,ITA-1919-2025,Italy,iia,324600.0,300310.4439810905,3,0.08033428485482855,italy|iia|1919-1945,,
13.409192718225773,"rice, paddy",ha,LKA-1800-2025,Sri Lanka,mitchell,272000.0,65954.96220180139,99,0.3075521700544461,sri lanka|mitchell|1850-1960,,
13.376602548995814,tractors all purposes,number,MUS-1800-2025,Mauritius,fao1952,310.0,2105.7089060802027,3,0.011005696608006713,mauritius|fao1952|1948-1951,,
13.366789921517304,grapes,tonnes,BGR-1940-2025,Bulgaria (1940-2025),juan,580000.0,110980.16597322695,15,0.3909808631507594,bulgaria|juan|1940-1960,,
13.36672521013549,tea,1000 hectares,TWN-1945-2025,Taiwan,fao1952,35.0,35993.63707155193,3,7.274736898217831e-05,china taiwan|fao1952|1948-1951; taiwan|fao1952|1949-1951,,
13.357293711279794,groundnuts,1000 tonnes,UGA-1926-1962,Uganda (1926-1962),fao1952,99.0,242015.3658348687,2,3.062483645856704e-05,uganda|fao1952|1937-1951,,
13.356652533554723,barley,tonnes,MLT-1800-2025,Malta,juan,3980.0,291.8686793911891,47,1.02093466651402,malta|juan|1909-1959,,
13.354028937380198,"eggs, hen, in shell",tonnes,DEU-1920-1938,Germany (1920-1938),iia,334180.0,470825.35311272315,5,0.05315061583743646,germany|iia|1920-1937,,
13.353316513742277,bananas,1000 tonnes,SGP-1946-1963,Singapore (Crown Colony),fao1952,4.0,544.5782406954,3,0.0005500606320865948,singapore|fao1952|1948-1951,,
13.346781536047887,apples,tonnes,BEL-1831-2025,Belgium,juan,200000.0,30692.03925557064,13,0.4882336390671813,belgium|juan|1856-1960,,
13.346520298156996,"rubber, natural",tonnes,NGA-1960-1961,Nigeria (1960-1961),mitchell,60000.0,862490.9493251519,1,0.005212290981469361,nigeria|mitchell|1960-1960,,
13.344146898804555,tobacco,1000 tonnes,JPN-1945-1952,Japan (occupied),fao1952,92.0,371147.4432376307,3,1.857592889369951e-05,japan|fao1952|1947-1951,,
13.343345047876186,"groundnuts, with shell",ha,CHN-1945-1947,China (1945-1947),iia,1575000.0,7532445.916794096,1,0.01567039051079133,china mainland|iia|1945-1945,,
13.342279995390093,geese and guinea fowls,heads,POL-1921-1945,Poland (1921-1945),juan,12000000.0,388369.69735582283,1,2.3158256459744067,poland|juan|1921-1944,,
13.34164246187252,oranges tangerines clementines,1000 tonnes,TON-1800-2025,Tonga,fao1952,2.0,756.9079967530139,3,0.00019805125743761192,tonga|fao1952|1937-1951,,
13.339039798158904,cotton seed,tonnes,USA-1848-1867,United States (1848-1867),mitchell,784000.0,3469141.0266383435,1,0.016942189667314478,united states of america|mitchell|1850-1866,,
13.329772203733558,linseed,1000 tonnes,DNK-1920-2025,Denmark,fao1952,14.0,42638.10583746177,3,2.463243836113793e-05,denmark|fao1952|1937-1951,,
13.328642807437983,groundnuts,1000 tonnes,CHN-1932-1945,China (1932-1945),fao1952,2739.0,6710151.482952717,1,3.062483645856704e-05,china 22 provinces|fao1952|1937-1939; china|fao1952|1937-1937,,
13.319851970888799,grapes,ha,ITA-1919-2025,Italy,iia,936000.0,300310.4439810905,3,0.23399469656051022,italy|iia|1919-1945,,
13.307959201379422,sorghum,ha,IND-1937-1947,India (1937-1947),mitchell,15353000.0,4223062.820170334,9,0.2731833631647441,india|mitchell|1937-1946,,
13.303018733284866,flax fibre and tow,ha,BEL-1831-2025,Belgium,iia,21860.5,30692.03925557064,4,0.053540712138779645,belgium|iia|1909-1945,,
13.282777810307902,oranges,tonnes,ITA-1919-2025,Italy,juan,320450.0,300310.4439810905,42,0.08033428485482855,italy|juan|1919-1960,,
13.271239448063255,oats,1000 tonnes,F51-1918-1938,Czechoslovakia (1918-1938),fao1952,1212.0,140306.01867415186,1,0.0006509008422604463,czechoslovakia|fao1952|1937-1937,,
13.26843248794442,potatoes,tonnes,FRA-1800-1871,"France (with Alsace-Lorraine, to 1871)",juan,7373001.653846155,533998.9160465385,20,1.040601234644152,france|juan|1850-1870,,
13.258113564947221,sheep,heads,ALB-1913-2025,Albania (1913-2025),juan,1585000.0,28623.66037700785,14,4.1765949739573465,albania|juan|1929-1960,,
13.25213699336789,cassava,1000 tonnes,LBR-1847-2025,Liberia,fao1952,1328.5,95990.38646648961,2,0.001044354402420143,liberia|fao1952|1937-1951,,
13.242781092393601,cotton seed,ha,MLT-1800-2025,Malta,iia,294.5,291.8686793911891,10,0.07619361970864685,malta|iia|1909-1945,,
13.24104684736328,sunflower seed,tonnes,URY-1828-2025,Uruguay,juan,47000.0,177866.3552194432,20,0.019956378396729715,uruguay|juan|1898-1960,,
13.221924756756353,grapes,1000 tonnes,CYP-1879-2025,Cyprus,fao1952,59.0,9123.352706704041,4,0.0004891058591250472,cyprus|fao1952|1937-1951,,
13.206209262567787,goats,heads,GRC-1913-1919,Greece (1913-1919),juan,3477000.0,121615.0320837618,4,2.164907062620966,greece|juan|1914-1918,,
13.206085268935551,cotton lint,ha,USA-1848-1867,United States (1848-1867),mitchell,3102000.0,3469141.0266383435,1,0.06770889735806021,united states of america|mitchell|1850-1866,,
13.199507221855438,sheep,heads,ROU-1919-1920,Romania (1919-1920),juan,7790000.0,141304.95080324486,1,4.1765949739573465,romania|juan|1919-1919,,
13.198163717679074,cotton lint,tonnes,IND-1893-1914,India (1893-1914),iia,777000.1,4815027.6418610485,1,0.01222668655598026,india|iia|1909-1913,,
13.159059761620622,cotton lint,tonnes,KOR-1945-1948,Korea (occupied),iia,35300.0,219402.24512864018,1,0.01222668655598026,south korea|iia|1945-1945,,
13.120166699179576,irrigation arable land orchards vineyards,1000 hectares,CYP-1879-2025,Cyprus,fao1952,53.2,9123.352706704041,3,0.0004444447846753994,cyprus|fao1952|1937-1951,,
13.110574810522994,sweet potatoes,ha,PRI-1800-2025,Puerto Rico,juan,11000.0,8972.444342985882,12,0.0935104569254406,puerto rico|juan|1900-1960,,
13.086914049338167,cattle,heads,PRI-1800-2025,Puerto Rico,mitchell,428500.0,8972.444342985882,2,3.649243163648669,puerto rico|mitchell|1850-1960,,
13.075815997177472,grapes,1000 hectares,ESP-1800-2025,Spain,fao1952,1462.5,506132.2152565572,4,0.00022098515139293542,spain|fao1952|1937-1951,,
13.072292125624053,sesame seed,ha,CHN-1932-1945,China (1932-1945),iia,1381500.0,6710151.482952717,6,0.01574950179384403,china mainland|iia|1932-1944,,
13.056923106761566,cotton lint,1000 hectares,KOR-1948-2025,South Korea,fao1952,137.0,97096.9362708301,3,0.00010806229678981088,korea south|fao1952|1948-1951; korea|fao1952|1949-1951,,
13.043599561858771,bananas,tonnes,DOM-1800-2025,Dominican Republic,juan,370500.0,48332.9008946207,14,0.5876894479228758,dominican republic|juan|1900-1960,,
13.043137721216747,sesame seed,1000 hectares,MMR-1885-2025,Myanmar,fao1952,384.5,675971.0487679241,4,4.361000819290303e-05,burma|fao1952|1937-1951,,
13.042251965131728,sweet potatoes yams,1000 tonnes,UGA-1926-1962,Uganda (1926-1962),fao1952,2225.0,242015.3658348687,2,0.0007049113258430571,uganda|fao1952|1937-1951,,
13.04096057434268,oats,tonnes,LUX-1839-2025,Luxembourg,iia,41700.0,2590.86862192315,1,1.2341873244512422,luxembourg|iia|1909-1945,,
13.030128032371916,linseed,tonnes,LVA-1800-1918,Latvia (Livonia and Courland),iia,25442.6,65977.77321237107,1,0.029594782551316402,latvia|iia|None-None,,
13.02694395384558,meat,1000 tonnes,SAA-1947-1957,Saar Protectorate,fao1952,5.0,2565.2203150015116,9,0.00014962452649997936,france saar|fao1952|1948-1951; saar|fao1952|1949-1951,,
13.024754369967976,hops,1000 hectares,GBR-1921-2025,United Kingdom,fao1952,9.0,243963.92905649156,4,2.8323528006671033e-06,united kingdom|fao1952|1937-1951; united kingdom great britain|fao1952|1937-1951,,
13.022895364220007,"tobacco, unmanufactured",ha,ASM-1900-2025,Territory of American Samoa,iia,69.5,203.69130519542574,4,0.02620020940601075,american samoa|iia|1930-1934,,
13.019728341473847,potatoes,ha,HUN-1938-1940,Hungary (1938-1940),juan,283500.0,108813.78983171615,2,0.200109268354486,hungary|juan|1938-1939,,
13.005421520483518,"rice, paddy",ha,SLE-1889-1961,Sierra Leone (1889-1961),mitchell,290000.0,72502.79840686856,13,0.3075521700544461,sierra leone|mitchell|1914-1960,,
13.00145030648211,maize,tonnes,BGR-1940-2025,Bulgaria (1940-2025),juan,882000.0,110980.16597322695,15,0.6112676534626276,bulgaria|juan|1940-1960,,
12.998505605970832,pesticides arsenicals,tonnes,TWN-1945-2025,Taiwan,fao1952,83.0,35993.63707155193,2,0.00017740217220788145,china taiwan|fao1952|1948-1951; taiwan|fao1952|1949-1951,,
12.993645730112066,tractors all purposes,number,HUN-1947-2025,Hungary (1947-2025),fao1952,13300.0,93004.31166177182,1,0.011005696608006713,hungary|fao1952|1947-1951,,
12.988935863088704,wheat,tonnes,ROU-1913-1918,Romania (1913-1918),juan,2214165.0,136202.4190877079,4,1.2515597503806208,romania|juan|1913-1917,,
12.96825226780534,"tobacco, unmanufactured",ha,BGR-1918-1919,Bulgaria (1918-1919),juan,40500.0,119197.95666583428,1,0.02620020940601075,bulgaria|juan|1918-1918,,
12.952287368657249,linseed,ha,ARG-1902-2025,Argentina,iia,2081286.5,2781054.6380225588,2,0.05777977874840182,argentina|iia|1909-1945,,
12.949313812754072,potatoes,ha,HUN-1947-2025,Hungary (1947-2025),juan,241000.0,93004.31166177182,11,0.200109268354486,hungary|juan|1947-1960,,
12.905119804547043,use builton wasteland,1000 hectares,BMU-1684-1968,British Crown Colony of Bermuda,fao1952,23.0,67.8255295223494,1,0.026276807670378346,bermuda|fao1952|1937-1951,,
12.893547553617873,agaves,1000 tonnes,SLV-1821-2025,El Salvador,fao1952,2.95,20558.112635569574,4,1.1129261537479109e-05,ei salvador|fao1952|1937-1951; el salvador|fao1952|1937-1951,,
12.891750445274049,maize,tonnes,USA-1867-1959,United States (1867-1959),juan,70185325.3,8906416.741310216,59,0.6112676534626276,united states of america|juan|1900-1958,,
12.886471896440339,plums and sloes,tonnes,F248-1947-1991,Yugoslavia (1947-1991),juan,566000.0,255146.9119704287,8,0.17214407673987003,yugoslav sfr|juan|1947-1960,,
12.879080312018854,irrigation arable land orchards vineyards,1000 hectares,CHN-1949-1950,China (1949-1950),fao1952,43260.0,7557599.077736037,1,0.0004444447846753994,china 22 provinces|fao1952|1949-1949; china|fao1952|1949-1949; china manchuria|fao1952|1949-1949,,
12.866368491829167,commercial nitrogenous fertilizers,1000 tonnes,ISR-1948-1967,Israel (1948-1967),fao1952,7.5,20786.111689025718,3,2.8043487484389995e-05,israel|fao1952|1948-1951,,
12.862814941543153,broad beans,1000 hectares,EGY-1925-1967,Egypt (1925-1967),fao1952,826.5,998328.4240959982,4,6.436257339408649e-05,egypt|fao1952|1937-1951,,
12.85994732037639,millet,tonnes,IND-1949-2025,India,mitchell,7149000.0,3151797.0640165973,11,0.1763793999950651,india|mitchell|1949-1960,,
12.859090638774191,maize,tonnes,ITA-1870-1919,Italy (1870-1919),juan,2239000.0,284847.5059880116,49,0.6112676534626276,italy|juan|1870-1918,,
12.850276165565683,poultry,1000 heads,ANT-1816-1961,Dutch Caribbean (colonial),fao1952,50.0,794.5531766581097,3,0.004897050411867877,netherlands w indies|fao1952|1936-1951; neth west indies|fao1952|1949-1951; netherlands west indies|fao1952|1937-1951,,
12.849271475520606,tractors all purposes,number,HAWI-1898-1959,Territory of Hawaii,fao1952,2352.0,16631.877439866264,1,0.011005696608006713,hawaii|fao1952|1937-1951,,
12.828277702426378,rye,1000 tonnes,HUN-1920-1938,Hungary (1920-1938),fao1952,697.0,93004.31166177182,1,0.0005841997172546179,hungary|fao1952|1937-1937,,
12.828149976578745,castor oil seed,tonnes,HTI-1800-2025,Haiti,juan,1350.0,27092.572875431946,4,0.003884360145873163,haiti|juan|1900-1960,,
12.816278181746048,r_fao_population_1952_10_18,1000 people,TWN-1895-1945,Formosa (Japanese Taiwan),fao1952,5530.0,35993.63707155193,1,0.011987744350629912,china taiwan|fao1952|1937-1937,,
12.80379989890862,"cheese, processed",tonnes,F51-1918-1938,Czechoslovakia (1918-1938),iia,50500.0,140306.01867415186,1,0.028110993750511352,czech republic|iia|1919-1937,,
12.801874266480173,sugar cane,tonnes,FJI-1800-2025,Fiji,mitchell,72000.0,18648.7700973142,80,0.3015843103313033,fiji|mitchell|1879-1960,,
12.800420530293406,linseed,ha,BEL-1831-2025,Belgium,juan,22700.0,30692.03925557064,59,0.05777977874840182,belgium|juan|1856-1960,,
12.794780204392618,oranges,tonnes,MLT-1800-2025,Malta,iia,300.0,291.8686793911891,12,0.08033428485482855,malta|iia|1909-1945,,
12.788688992645142,"tobacco, unmanufactured",ha,BGR-1919-1940,Bulgaria (1919-1940),juan,34600.0,103263.13610091528,21,0.02620020940601075,bulgaria|juan|1919-1939,,
12.786125167244387,rye,tonnes,DEU-1919-1920,Germany (1919-1920),juan,6100420.0,474795.2015708754,1,1.0048806036169755,germany|juan|1919-1919,,
12.780395320453751,strawberries,ha,NLD-1830-2025,Netherlands,juan,5050.0,38295.46118907003,6,0.010318101280765345,netherlands|juan|1850-1960,,
12.772610780504708,"rice, paddy",ha,CHN-1914-1921,China (1914-1921),mitchell,35588000.0,9059518.330598813,1,0.3075521700544461,china mainland|mitchell|1914-1920,,
12.764106793075007,dry peas,1000 tonnes,GBR-1921-2025,United Kingdom,fao1952,129.0,243963.92905649156,4,4.142606307360681e-05,united kingdom|fao1952|1937-1951; united kingdom great britain|fao1952|1937-1951,,
12.732621273837305,rye,ha,POL-1921-1945,Poland (1921-1945),iia,5690000.0,388369.69735582283,3,1.1506655434808784,poland|iia|1921-1944,,
12.715928986986889,"beans, dry",tonnes,HTI-1800-2025,Haiti,iia,30000.0,27092.572875431946,1,0.0870809003333971,haiti|iia|1909-1945,,
12.715460063717957,cottonseed,1000 tonnes,UGA-1926-1962,Uganda (1926-1962),fao1952,130.0,242015.3658348687,4,4.2244320939598584e-05,uganda|fao1952|1937-1951,,
12.706266328739254,dried milk,1000 tonnes,DNK-1920-2025,Denmark,fao1952,5.0,42638.10583746177,5,9.228989395622084e-06,denmark|fao1952|1937-1951,,
12.69751963772016,wheat,tonnes,FRA-1871-1919,"France (without Alsace-Lorraine, 1871-1919)",juan,8459237.1,532305.2096529249,48,1.2515597503806208,france|juan|1871-1918,,
12.693111940507647,cotton lint,ha,EGY-1925-1967,Egypt (1925-1967),iia,858000.0,998328.4240959982,20,0.06770889735806021,egypt|iia|1925-1945,,
12.680603771398891,coffee,1000 tonnes,CRI-1800-2025,Costa Rica,fao1952,22.700000000000003,51141.45329885582,4,3.500361185590796e-05,costa rica|fao1952|1929-1951,,
12.675810944343125,linseed,ha,EST-1918-1940,Estonia (interwar republic),iia,36110.0,49303.28546832109,1,0.05777977874840182,estonia|iia|1929-1939,,
12.674630569801307,butter,1000 tonnes,F77-1949-1990,East Germany,fao1952,64.0,109271.16029246466,1,4.621033422268359e-05,germany eastern|fao1952|1949-1951,,
12.673682652857554,olives,ha,ESP-1800-2025,Spain,juan,1390923.0,506132.2152565572,98,0.2168384425805653,spain|juan|1859-1960,,
12.65996032260874,funflower seed,1000 hectares,ROU-1920-1940,Romania (1920-1940),fao1952,194.0,296126.08291605173,1,5.174789919115008e-05,romania|fao1952|1937-1939,,
12.645043317588378,agaves,1000 tonnes,CUB-1800-2025,Cuba,fao1952,15.35,109074.11801961382,4,1.1129261537479109e-05,cuba|fao1952|1937-1951,,
12.63491598190393,"tobacco, unmanufactured",ha,DOM-1800-2025,Dominican Republic,iia,16000.0,48332.9008946207,1,0.02620020940601075,dominican republic|iia|1910-1942,,
12.632305974388476,grapes,ha,FRA-1919-2025,France,iia,1620000.0,548057.8009401887,3,0.23399469656051022,france|iia|1919-1945,,
12.626006269569935,rye,ha,POL-1921-1945,Poland (1921-1945),juan,5642355.5,388369.69735582283,24,1.1506655434808784,poland|juan|1921-1944,,
12.618905449967519,maize,ha,ROU-1918-1919,Romania (1918-1919),juan,2318200.0,296126.08291605173,1,0.6203725216879182,romania|juan|1918-1918,,
12.610521866657558,oats,1000 tonnes,IRL-1921-2025,Ireland,fao1952,571.0,69564.5876553353,4,0.0006509008422604463,ireland|fao1952|1937-1951,,
12.608894485638913,sugar raw centrifugal,tonnes,DNK-1920-2025,Denmark,iia,165300.0,42638.10583746177,25,0.3074665960637625,denmark|iia|1920-1945,,
12.587825066674808,cereals nes,tonnes,BEL-1831-2025,Belgium,juan,26320.0,30692.03925557064,23,0.06812545894956015,belgium|juan|1856-1960,,
12.58169557946212,sorghum,ha,BFA-1960-2025,Burkina Faso,mitchell,936000.0,272321.8121533213,1,0.2731833631647441,burkina faso|mitchell|1960-1960,,
12.572708187776055,flax fibre and tow,ha,EST-1800-1918,Estonia (Governorate),juan,33188.5928881587,49303.28546832109,2,0.053540712138779645,estonia|juan|1908-1916,,
12.554527690745156,sesame seed,tonnes,GRC-1881-1913,Greece (1881–1913),iia,3482.6,63611.58790153088,1,0.004360808143068674,greece|iia|1911-1911,,
12.554023936929777,"fertilizer, mixed",tonnes,FLK-1833-2025,Falkland Islands,iia,7109.0,12208.283559223244,5,0.04638429433240089,falkland islands|iia|1914-1919,,
12.552276686302708,horses mules asses,1000 heads,SLV-1821-2025,El Salvador,fao1952,114.0,20558.112635569574,1,0.0004417729359427037,ei salvador|fao1952|1937-1951; el salvador|fao1952|1937-1951,,
12.549141134718422,groundnuts,1000 hectares,UGA-1926-1962,Uganda (1926-1962),fao1952,134.5,242015.3658348687,4,4.4285886226149405e-05,uganda|fao1952|1937-1951,,
12.543166714299444,sheep,heads,LSO-1886-1966,Lesotho (1886-1966),mitchell,1598000.0,30503.327588120435,31,4.1765949739573465,lesotho|mitchell|1904-1960,,
12.529658743337626,grapes,1000 hectares,FRA-1919-2025,France,fao1952,1517.5,548057.8009401887,4,0.00022098515139293542,france|fao1952|1937-1951,,
12.517350920248065,oats,1000 hectares,DNK-1920-2025,Denmark,fao1952,292.5,42638.10583746177,4,0.0005480441413084785,denmark|fao1952|1937-1951,,
12.505435409236553,beer of barley,tonnes,POL-1945-2025,Poland (1945-2025),mitchell,405920.0,311827.7984931281,14,0.10409426519973411,poland|mitchell|1947-1960,,
12.495241720572226,oats,tonnes,LUX-1839-2025,Luxembourg,juan,39955.0,2590.86862192315,54,1.2341873244512422,luxembourg|juan|1861-1960,,
12.49428220986282,funflower seed,1000 hectares,URY-1828-2025,Uruguay,fao1952,115.0,177866.3552194432,4,5.174789919115008e-05,uruguay|fao1952|1937-1951,,
12.48511689978752,swine / pigs,heads,LUX-1839-2025,Luxembourg,juan,99500.0,2590.86862192315,46,3.0759911130450983,luxembourg|juan|1861-1960,,
12.482654533877298,olive oil,1000 tonnes,ITA-1919-2025,Italy,fao1952,197.0,300310.4439810905,4,5.2551950385437366e-05,italy|fao1952|1937-1951; ltaly|fao1952|1949-1951,,
12.481904476505331,sesame seed,tonnes,CHN-1945-1947,China (1945-1947),iia,410000.0,7532445.916794096,1,0.004360808143068674,china mainland|iia|1945-1945,,
12.475694435018692,sugar raw centrifugal,tonnes,DEU-1938-1945,Germany (1938-1945),iia,1905000.0,496629.26877206715,7,0.3074665960637625,germany|iia|1938-1944,,
12.452325058653214,oranges tangerines clementines,1000 tonnes,CYP-1879-2025,Cyprus,fao1952,22.5,9123.352706704041,4,0.00019805125743761192,cyprus|fao1952|1937-1951,,
12.452051757965132,sorghum,tonnes,NGA-1960-1961,Nigeria (1960-1961),mitchell,2557000.0,862490.9493251519,1,0.2380867706498152,nigeria|mitchell|1960-1960,,
12.44841788737541,groundnuts,1000 tonnes,REU-1946-2025,Réunion (French Overseas Department),fao1952,1.0,2623.08318152435,2,3.062483645856704e-05,reunion|fao1952|1949-1951,,
12.443981226120767,beer of barley,tonnes,FRA-1871-1919,"France (without Alsace-Lorraine, 1871-1919)",mitchell,689520.0,532305.2096529249,47,0.10409426519973411,france|mitchell|1871-1918,,
12.437881012853113,total tractors agriculture,number,AUT-1919-2025,Austria,fao1952,13948.0,84021.14316677154,3,0.013346793917923224,austria|fao1952|1937-1951,,
12.437054467951748,hops,ha,F51-1918-1938,Czechoslovakia (1918-1938),iia,10783.5,140306.01867415186,18,0.006179678837819134,czech republic|iia|1919-1937,,
12.421309459690855,potatoes,tonnes,HUN-1940-1944,Hungary (1940-1944),juan,1970400.0,152441.3128142145,4,1.040601234644152,hungary|juan|1940-1943,,
12.413467794700278,"rice, paddy",tonnes,THA-1907-1909,Thailand (1907-1909),mitchell,2502000.0,552707.237465378,2,0.3646691560734893,thailand|mitchell|1907-1908,,
12.39111936166511,sugar raw centrifugal,tonnes,VCT-1833-2025,Saint Vincent and the Grenadines,iia,1500.0,393.7157412058466,17,0.3074665960637625,saint vincent and the grenadines|iia|1909-1945,,
12.390612973071086,commercial nitrogenous fertilizers,1000 tonnes,PRT-1800-2025,Portugal,fao1952,31.9,91804.90167728892,3,2.8043487484389995e-05,portugal|fao1952|1934-1951,,
12.388573235349762,maize,ha,SLV-1821-2025,El Salvador,juan,158000.0,20558.112635569574,34,0.6203725216879182,el salvador|juan|1900-1960,,
12.38720066132222,sheep,heads,GRC-1919-1947,Greece (1919-1947),juan,6717500.0,129841.0864350498,22,4.1765949739573465,greece|juan|1919-1946,,
12.378384678973605,grapes,ha,ESP-1800-2025,Spain,iia,1466000.0,506132.2152565572,5,0.23399469656051022,spain|iia|1909-1945,,
12.35709736498938,rice paddy,1000 hectares,LBR-1847-2025,Liberia,fao1952,283.0,95990.38646648961,1,0.0002385845005827523,liberia|fao1952|1937-1951,,
12.351434105989094,"tobacco, unmanufactured",ha,BGR-1919-1940,Bulgaria (1919-1940),iia,33417.0,103263.13610091528,3,0.02620020940601075,bulgaria|iia|1919-1939,,
12.34963394345972,rice paddy,1000 hectares,CHN-1932-1945,China (1932-1945),fao1952,19771.0,6710151.482952717,1,0.0002385845005827523,china 22 provinces|fao1952|1937-1939; china|fao1952|1937-1937,,
12.340232559458283,oats,1000 hectares,SBZ-1938-1949,Eastern Germany / Soviet Occupation Zone,fao1952,739.0,109271.16029246466,1,0.0005480441413084785,germany eastern|fao1952|1938-1948,,
12.33505401437218,"coffee, green",tonnes,COL-1922-2025,Colombia,iia,201900.0,1135198.558349538,3,0.014418611242477926,colombia|iia|1924-1945,,
12.327256806076319,maize,tonnes,ITA-1866-1870,Italy (1866-1870),juan,2055000.0,272718.1034096426,4,0.6112676534626276,italy|juan|1866-1869,,
12.327030528743567,linseed,ha,BEL-1831-2025,Belgium,iia,21860.5,30692.03925557064,2,0.05777977874840182,belgium|iia|1909-1945,,
12.32592789489121,oats,tonnes,DNK-1864-1920,Denmark (to 1920),juan,587217.3912999999,38600.96881216958,45,1.2341873244512422,denmark|juan|1866-1919,,
12.323568917830332,rice paddy,1000 hectares,KOR-1800-1945,Korea (to 1945),fao1952,645.0,219371.89647949164,1,0.0002385845005827523,korea|fao1952|1937-1937,,
12.302472427414447,dry beans,1000 hectares,SLV-1821-2025,El Salvador,fao1952,29.5,20558.112635569574,4,0.00011663969475792196,ei salvador|fao1952|1937-1951; el salvador|fao1952|1937-1951,,
12.289362901069788,seed cotton,ha,ALB-1913-2025,Albania (1913-2025),juan,24000.0,28623.66037700785,3,0.06822706708404885,albania|juan|1929-1960,,
12.284137788119065,grapes,ha,FRA-1919-2025,France,juan,1575350.0,548057.8009401887,42,0.23399469656051022,france|juan|1919-1960,,
12.28115837101682,flax fibre and tow,ha,LTU-1800-1918,Lithuania (Russian governorate),iia,55167.0,83898.82764949289,1,0.053540712138779645,lithuania|iia|None-None,,
12.281097812206463,dry beans,1000 hectares,ROU-1947-2025,Romania (1947-2025),fao1952,340.0,237353.3426676344,3,0.00011663969475792196,romania|fao1952|1947-1951,,
12.279509280749792,maize,tonnes,BGR-1919-1940,Bulgaria (1919-1940),juan,775100.0,103263.13610091528,21,0.6112676534626276,bulgaria|juan|1919-1939,,
12.272609801713314,meat,1000 tonnes,SGP-1946-1963,Singapore (Crown Colony),fao1952,1.0,544.5782406954,9,0.00014962452649997936,singapore|fao1952|1948-1951,,
12.270187395932675,sugar raw centrifugal,tonnes,DEU-1871-1919,German Empire (1871-1919),iia,2037396.7,540040.6645623595,11,0.3074665960637625,germany|iia|1909-1918,,
12.259001099551636,"cacao, beans",ha,WSM-1900-2025,Samoa,iia,2000.0,2835.178451854064,17,0.0575432666059208,samoa|iia|1910-1945,,
12.24295360073387,"rice, paddy",tonnes,THA-1904-1907,Thailand (1904-1907),mitchell,2614000.0,585491.1672647465,1,0.3646691560734893,thailand|mitchell|1906-1906,,
12.242559180546179,wine,ha,HUN-1938-1940,Hungary (1938-1940),iia,190000.0,108813.78983171615,1,0.14262558949686102,hungary|iia|1938-1939,,
12.23043183827474,flax fiber,1000 hectares,NLD-1830-2025,Netherlands,fao1952,19.5,38295.46118907003,4,4.163374862410566e-05,netherlands|fao1952|1937-1951; necherlands|fao1952|1949-1951,,
12.225342857285838,sesame seed,ha,GRC-1919-1947,Greece (1919-1947),iia,25000.0,129841.0864350498,3,0.01574950179384403,greece|iia|1919-1945,,
12.223727592730102,milk,1000 tonnes,PRI-1800-2025,Puerto Rico,fao1952,154.0,8972.444342985882,4,0.0014041266581749038,puerto rico|fao1952|1935-1951,,
12.215038272057324,goats,heads,BGR-1878-1913,Bulgaria (to 1913),juan,2464000.0,93176.54746739783,1,2.164907062620966,bulgaria|juan|1890-1912,,
12.208105879144648,grapes,tonnes,ROU-1920-1940,Romania (1920-1940),juan,1413450.0,296126.08291605173,8,0.3909808631507594,romania|juan|1920-1939,,
12.204401050407975,commercial phosphoric acid,1000 tonnes,FRA-1919-2025,France,fao1952,415.8,548057.8009401887,8,6.216438630535554e-05,france|fao1952|1937-1951,,
12.20325559897778,oranges,tonnes,PRT-1800-2025,Portugal,juan,90000.0,91804.90167728892,5,0.08033428485482855,portugal|juan|1850-1960,,
12.198260744694249,tractors all purposes,number,ATG-1800-2025,Antigua and Barbuda,fao1952,58.0,432.0286466170874,1,0.011005696608006713,leeward islands antigua|fao1952|1950-1950; br west indies antigua|fao1952|1951-1951; british west indies antigua|fao1952|1949-1950,,
12.188565532364656,natural rubber,1000 tonnes,FID-1887-1954,French Indochina,fao1952,38.9,753049.4738884472,1,4.238122399211664e-06,indochina viet nam|fao1952|1937-1951; indochina|fao1952|1937-1951,,
12.163514229078357,rye,tonnes,F51-1938-1945,Czechoslovakia (1938-1945),juan,1231000.0,100712.76559040853,7,1.0048806036169755,czechoslovakia|juan|1938-1944,,
12.155047565627127,sugar cane,tonnes,GTM-1821-2025,Guatemala,juan,400000.0,109117.54457073574,5,0.3015843103313033,guatemala|juan|1900-1960,,
12.133449086805726,swine / pigs,heads,BEL-1831-2025,Belgium,juan,1145500.0,30692.03925557064,60,3.0759911130450983,belgium|juan|1856-1960,,
12.117037764474478,cropa,1000 tonnes,COK-1800-2025,Cook Islands,fao1952,1.1,279.46413253945593,3,0.00032484048249375574,cook islands|fao1952|1949-1951,,
12.110082247275315,hops,ha,F51-1918-1938,Czechoslovakia (1918-1938),juan,10500.0,140306.01867415186,19,0.006179678837819134,czechoslovakia|juan|1919-1937,,
12.087319837443113,barley,tonnes,DNK-1864-1920,Denmark (to 1920),juan,476350.0,38600.96881216958,45,1.02093466651402,denmark|juan|1866-1919,,
12.084181243289885,potatoes,tonnes,DNK-1864-1920,Denmark (to 1920),juan,485400.0,38600.96881216958,45,1.040601234644152,denmark|juan|1866-1919,,
12.060986567508237,pesticides arsenicals,tonnes,RYU-1945-1972,Ryukyu Islands (US Administration),fao1952,5.0,2336.8360149164137,4,0.00017740217220788145,ryukyu islands|fao1952|1949-1951,,
12.050660083874511,hops,ha,F51-1938-1945,Czechoslovakia (1938-1945),iia,7500.0,100712.76559040853,7,0.006179678837819134,czech republic|iia|1938-1944,,
12.050660083874511,hops,ha,F51-1938-1945,Czechoslovakia (1938-1945),juan,7500.0,100712.76559040853,7,0.006179678837819134,czechoslovakia|juan|1938-1944,,
12.043757681735602,rye,1000 tonnes,DNK-1920-2025,Denmark,fao1952,300.0,42638.10583746177,4,0.0005841997172546179,denmark|fao1952|1937-1951,,
12.021156601944352,soybeans,1000 tonnes,CHN-1949-1950,China (1949-1950),fao1952,3340.0,7557599.077736037,2,3.6763458669968475e-05,china 22 provinces|fao1952|1949-1949; china|fao1952|1949-1949; china manchuria|fao1952|1949-1949,,
12.016405381164756,hops,ha,F51-1945-1947,Czechoslovakia (1945-1947),iia,8300.0,111773.18236346252,1,0.006179678837819134,czech republic|iia|1945-1945,,
12.016405381164756,hops,ha,F51-1945-1947,Czechoslovakia (1945-1947),juan,8300.0,111773.18236346252,1,0.006179678837819134,czechoslovakia|juan|1945-1946,,
12.015461300522448,agaves,1000 tonnes,TAN-1922-1964,Tanzania (1922-1964),fao1952,125.55,938879.6363242363,4,1.1129261537479109e-05,tanganyika|fao1952|1937-1951,,
12.008608200389572,"broad beans, horse beans, dry",tonnes,ITA-1919-2025,Italy,juan,483500.0,300310.4439810905,42,0.13407054254723036,italy|juan|1919-1960,,
12.006442083401444,grapes,ha,ESP-1800-2025,Spain,juan,1421950.0,506132.2152565572,98,0.23399469656051022,spain|juan|1859-1960,,
11.990495438615383,cotton seed,ha,KOR-1800-1945,Korea (to 1945),iia,200418.0,219371.89647949164,23,0.07619361970864685,south korea|iia|1909-1944,,
11.981326199003274,swine / pigs,heads,DEU-1938-1945,Germany (1938-1945),juan,18303000.0,496629.26877206715,7,3.0759911130450983,germany|juan|1938-1944,,
11.947564244555654,millet,tonnes,UGA-1926-1962,Uganda (1926-1962),mitchell,510000.0,242015.3658348687,1,0.1763793999950651,uganda|mitchell|1926-1960,,
11.939936102815095,"beans, dry",ha,PRI-1800-2025,Puerto Rico,juan,13000.0,8972.444342985882,12,0.12134742824336048,puerto rico|juan|1900-1960,,
11.937687661352339,sheep,1000 heads,F248-1947-1991,Yugoslavia (1947-1991),fao1952,10273.0,255146.9119704287,3,0.003372770260970567,yugoslavia|fao1952|1947-1951,,
11.911131470888035,edible pig fat,1000 tonnes,POL-1945-2025,Poland (1945-2025),fao1952,58.0,311827.7984931281,1,1.5615652886953084e-05,poland|fao1952|1948-1951,,
11.893649854459147,tractors all purposes,number,VIR-1917-2025,United States Virgin Islands,fao1952,48.0,366.69800904313075,3,0.011005696608006713,virgin islands us|fao1952|1937-1951; virgin is us|fao1952|1936-1951,,
11.881981911252462,pesticides benzene hexachloride,tonnes,CYP-1879-2025,Cyprus,fao1952,21.0,9123.352706704041,3,0.0001937206613078392,cyprus|fao1952|1937-1951,,
11.879406998329024,pesticides ddt,tonnes,BMU-1684-1968,British Crown Colony of Bermuda,fao1952,0.2,67.8255295223494,2,0.00024822301177225895,bermuda|fao1952|1937-1951,,
11.875585184540704,buckwheat,ha,FRA-1871-1919,"France (without Alsace-Lorraine, 1871-1919)",juan,569000.0,532305.2096529249,37,0.09001119563257808,france|juan|1871-1918,,
11.865887821351237,tobacco,1000 tonnes,HUN-1920-1938,Hungary (1920-1938),fao1952,20.5,93004.31166177182,1,1.857592889369951e-05,hungary|fao1952|1937-1937,,
11.863684831135476,sweet potatoes yams,1000 tonnes,JAM-1800-2025,Jamaica,fao1952,92.0,11001.039856468184,2,0.0007049113258430571,british west indies jamaica|fao1952|1938-1951; jamaica|fao1952|1949-1951; br west indies jamaica|fao1952|1949-1951,,
11.862150607974764,apples,tonnes,CHE-1800-2025,Switzerland,juan,240183.0,41471.63260807535,111,0.4882336390671813,switzerland|juan|1850-1960,,
11.859524614186975,artichokes,ha,ITA-1919-2025,Italy,juan,16224.95,300310.4439810905,26,0.004555600692285642,italy|juan|1919-1960,,
11.858628140609364,cheese,1000 tonnes,F78-1949-1990,West Germany,fao1952,105.5,247551.87229475778,6,3.5937825325530566e-05,germany western|fao1952|1949-1951,,
11.855819879892886,pigs,1000 heads,F51-1947-1993,Czechoslovakia (1947-1993),fao1952,3242.0,127598.31888643919,1,0.002143070535283847,czechoslovakia|fao1952|1947-1951,,
11.850107262546588,cottonseed,1000 hectares,KOR-1948-2025,South Korea,fao1952,137.0,97096.9362708301,3,0.00011906736948990218,korea south|fao1952|1948-1951; korea|fao1952|1949-1951,,
11.846685594008624,garlic,tonnes,FRA-1919-2025,France,juan,28800.0,548057.8009401887,19,0.004435772471556992,france|juan|1919-1960,,
11.831440039931072,sugar cane,tonnes,NIC-1800-2025,Nicaragua,juan,457000.0,128076.61738376657,11,0.3015843103313033,nicaragua|juan|1900-1960,,
11.82983172556271,tractors all purposes,number,MLT-1800-2025,Malta,fao1952,38.0,291.8686793911891,3,0.011005696608006713,malta|fao1952|1939-1951,,
11.823663007914202,tomatoes,ha,ITA-1919-2025,Italy,juan,70523.0,300310.4439810905,26,0.019861328720566368,italy|juan|1919-1960,,
11.815621245810757,pesticides rotenone,tonnes,GUM-1898-1950,Territory of Guam,fao1952,0.2,550.3563917847312,1,3.075596938414092e-05,guam|fao1952|1937-1949,,
11.812451867089763,"groundnuts, with shell",ha,BEN-1898-1960,Benin (1898-1960),iia,21500.0,116149.83272735905,18,0.01567039051079133,benin|iia|1930-1945,,
11.808096916186773,tractors all purposes,number,NZL-1840-2025,New Zealand,fao1952,34918.0,268690.2547565733,3,0.011005696608006713,new zealand|fao1952|1937-1951,,
11.795029267725301,"silk-worm cocoons, reelable",tonnes,BGR-1940-2025,Bulgaria (1940-2025),iia,2290.5,110980.16597322695,6,0.001749789891421794,bulgaria|iia|1940-1945,,
11.791418849824513,swine / pigs,heads,TWN-1895-1945,Formosa (Japanese Taiwan),mitchell,1305500.0,35993.63707155193,40,3.0759911130450983,china taiwan province of|mitchell|1896-1944,,
11.786877100592783,cheese,1000 tonnes,GRC-1919-1947,Greece (1919-1947),fao1952,55.0,129841.0864350498,1,3.5937825325530566e-05,greece|fao1952|1937-1938,,
11.77443152808025,sugar cane,ha,FJI-1800-2025,Fiji,mitchell,17000.0,18648.7700973142,79,0.07742100024431484,fiji|mitchell|1879-1960,,
11.77062283861677,chick peas,1000 hectares,PAK-1949-1971,Pakistan (1949-1971),fao1952,1109.0,1014356.6530305491,3,9.288410914530065e-05,pakistan|fao1952|1949-1951,,
11.762018227899903,milk,1000 tonnes,HUN-1920-1938,Hungary (1920-1938),fao1952,1536.0,93004.31166177182,1,0.0014041266581749038,hungary|fao1952|1937-1937,,
11.754417673193338,ducks,heads,HUN-1920-1938,Hungary (1920-1938),juan,2267000.0,93004.31166177182,2,2.0737066421458916,hungary|juan|1920-1937,,
11.75265060305313,sunflower seed,ha,ROU-1920-1940,Romania (1920-1940),iia,199000.0,296126.08291605173,1,0.05717953106849637,romania|iia|1920-1939,,
11.730408681285567,"beans, dry",tonnes,SLV-1821-2025,El Salvador,juan,21000.0,20558.112635569574,19,0.0870809003333971,el salvador|juan|1900-1960,,
11.718254318093424,rye,1000 hectares,F51-1947-1993,Czechoslovakia (1947-1993),fao1952,714.0,127598.31888643919,2,0.00047751865216439054,czechoslovakia|fao1952|1947-1951,,
11.713789306990558,linseed,tonnes,ARG-1902-2025,Argentina,juan,964100.0,2781054.6380225588,59,0.029594782551316402,argentina|juan|1902-1960,,
11.700570420128065,other meat,1000 tonnes,FRA-1919-2025,France,fao1952,100.0,548057.8009401887,12,1.5594325731753717e-05,france|fao1952|1937-1951,,
11.694991041811747,maize,ha,HUN-1940-1944,Hungary (1940-1944),juan,1106000.0,152441.3128142145,4,0.6203725216879182,hungary|juan|1940-1943,,
11.691611516758828,sugar raw centrifugal,tonnes,F51-1945-1947,Czechoslovakia (1945-1947),iia,401800.0,111773.18236346252,1,0.3074665960637625,czech republic|iia|1945-1945,,
11.677964714329546,cassava,1000 hectares,IDN-BLB-1949-1951,"Bali and Lombok (within Indonesia, 1949-1951)",fao1952,17.0,10168.952683948575,3,0.00014315467526373506,indonesia bali and lombok|fao1952|1949-1951,,
11.650299888093894,linseed,ha,EST-1800-1918,Estonia (Governorate),juan,33188.5928881587,49303.28546832109,2,0.05777977874840182,estonia|juan|1908-1916,,
11.643128693623579,cattle,1000 heads,DNK-1920-2025,Denmark,fao1952,3053.0,42638.10583746177,3,0.006149774667794115,denmark|fao1952|1937-1951,,
11.63364768049962,pesticides arsenicals,tonnes,LBN-1944-2025,Lebanon,fao1952,21.05,10199.46189186542,2,0.00017740217220788145,lebanon|fao1952|1949-1951,,
11.633628316296704,poultry,1000 heads,SHN-1834-1967,Saint Helena (Crown Colony),fao1952,7.0,122.87068538689704,1,0.004897050411867877,st helena|fao1952|1931-1951,,
11.631211443104382,wheat,tonnes,ITA-1866-1870,Italy (1866-1870),juan,3970000.0,272718.1034096426,4,1.2515597503806208,italy|juan|1866-1869,,
11.616338085190812,hemp tow waste,tonnes,ITA-1870-1919,Italy (1870-1919),juan,88400.0,284847.5059880116,10,0.02671594866826736,italy|juan|1870-1918,,
11.61168418053827,"oil, olive, virgin",tonnes,PRT-1800-2025,Portugal,iia,45350.0,91804.90167728892,4,0.04254183378069144,portugal|iia|1910-1945,,
11.602387388352543,"silk-worm cocoons, reelable",tonnes,GRC-1919-1947,Greece (1919-1947),iia,2636.0,129841.0864350498,14,0.001749789891421794,greece|iia|1919-1945,,
11.598962684946937,total tractors agriculture,number,BMU-1684-1968,British Crown Colony of Bermuda,fao1952,10.5,67.8255295223494,2,0.013346793917923224,bermuda|fao1952|1937-1951,,
11.587638843960619,"groundnuts, with shell",ha,GIN-1894-1958,Guinea (1894-1958),iia,44500.0,245067.22928306894,12,0.01567039051079133,guinea|iia|1922-1945,,
11.587559844119202,cotton lint,ha,KOR-1800-1945,Korea (to 1945),iia,172115.0,219371.89647949164,36,0.06770889735806021,south korea|iia|1909-1944,,
11.570265592017163,cattle,heads,URY-1828-2025,Uruguay,mitchell,7510000.0,177866.3552194432,8,3.649243163648669,uruguay|mitchell|1860-1960,,
11.562217482086513,cattle,1000 heads,NLD-1830-2025,Netherlands,fao1952,2723.0,38295.46118907003,3,0.006149774667794115,netherlands|fao1952|1937-1951; necherlands|fao1952|1949-1951,,
11.543137510465787,asses,heads,ITA-1870-1919,Italy (1870-1919),juan,909500.0,284847.5059880116,2,0.2766090676219527,italy|juan|1870-1918,,
11.541743099400442,flax fibre and tow,ha,POL-1815-1918,Congress Poland (1815-1918),iia,80445.0,130179.77280074757,1,0.053540712138779645,poland|iia|None-None,,
11.5349412710801,linseed,tonnes,POL-1815-1918,Congress Poland (1815-1918),iia,44440.0,130179.77280074757,1,0.029594782551316402,poland|iia|None-None,,
11.530265308781846,rye,1000 hectares,F78-1949-1990,West Germany,fao1952,1363.0,247551.87229475778,3,0.00047751865216439054,germany western|fao1952|1949-1951,,
11.514844768164117,commercial potash fertilizers,1000 tonnes,GBR-1921-2025,United Kingdom,fao1952,120.0,243963.92905649156,6,4.271668472078077e-05,united kingdom|fao1952|1937-1951; united kingdom great britain|fao1952|1937-1951,,
11.508310297409507,wheat,tonnes,F51-1938-1945,Czechoslovakia (1938-1945),juan,1450600.0,100712.76559040853,7,1.2515597503806208,czechoslovakia|juan|1938-1944,,
11.501384235891015,total tractors agriculture,number,SWE-1905-2025,Sweden,fao1952,68450.0,445909.1511104987,3,0.013346793917923224,sweden|fao1952|1937-1951,,
11.498720179175956,meat,1000 tonnes,F77-1949-1990,East Germany,fao1952,188.0,109271.16029246466,4,0.00014962452649997936,germany eastern|fao1952|1949-1951,,
11.487287230561769,bananas,tonnes,HND-1800-2025,Honduras,juan,758000.0,112280.36927334526,36,0.5876894479228758,honduras|juan|1900-1960,,
11.479750220937278,butter,1000 tonnes,CHE-1800-2025,Switzerland,fao1952,22.0,41471.63260807535,4,4.621033422268359e-05,switzerland|fao1952|1936-1951,,
11.475845598770157,dry peas,1000 tonnes,CHN-1932-1945,China (1932-1945),fao1952,3190.0,6710151.482952717,1,4.142606307360681e-05,china 22 provinces|fao1952|1937-1939; china|fao1952|1937-1937,,
11.472064032976691,tobacco,1000 hectares,DOM-1800-2025,Dominican Republic,fao1952,17.0,48332.9008946207,3,3.065945969502651e-05,dominican republic|fao1952|1937-1951; dominican rep|fao1952|1949-1951,,
11.471592002454585,swine / pigs,heads,F51-1947-1993,Czechoslovakia (1947-1993),juan,4502500.0,127598.31888643919,14,3.0759911130450983,czechoslovakia|juan|1947-1960,,
11.471430278854532,milk,1000 tonnes,BRB-1800-2025,Barbados,fao1952,7.0,434.58445270912586,3,0.0014041266581749038,british west indies barbados|fao1952|1935-1951; br west indies barbados|fao1952|1950-1951,,
11.46770255429636,sweet potatoes,ha,JPN-1945-1952,Japan (occupied),mitchell,398000.0,371147.4432376307,7,0.0935104569254406,japan|mitchell|1945-1951,,
11.460954163417252,pigs,1000 heads,POL-1945-2025,Poland (1945-2025),fao1952,7659.0,311827.7984931281,3,0.002143070535283847,poland|fao1952|1948-1951,,
11.452958619607498,cattle,heads,PRI-1800-2025,Puerto Rico,juan,375000.0,8972.444342985882,23,3.649243163648669,puerto rico|juan|1900-1960,,
11.447899536738662,oats,tonnes,DEU-1800-1866,Prussia (to 1866),juan,3831000.0,271147.28531881707,16,1.2341873244512422,germany|juan|1850-1865,,
11.43836153298189,oats,1000 tonnes,F51-1947-1993,Czechoslovakia (1947-1993),fao1952,950.0,127598.31888643919,3,0.0006509008422604463,czechoslovakia|fao1952|1947-1951,,
11.435481033466528,funflower seed,1000 tonnes,ARG-1902-2025,Argentina,fao1952,680.0,2781054.6380225588,4,2.138183399649612e-05,argentina|fao1952|1937-1951,,
11.435226580342793,"beans, dry",ha,BGR-1940-2025,Bulgaria (1940-2025),juan,154000.0,110980.16597322695,13,0.12134742824336048,bulgaria|juan|1940-1960,,
11.432534647518754,edible pig fat,1000 tonnes,AUT-1919-2025,Austria,fao1952,15.0,84021.14316677154,5,1.5615652886953084e-05,austria|fao1952|1937-1951,,
11.421812003612267,oats,1000 hectares,F77-1949-1990,East Germany,fao1952,684.0,109271.16029246466,2,0.0005480441413084785,germany eastern|fao1952|1949-1951,,
11.410158811963132,swine / pigs,heads,RVN-1954-1975,Republic of Vietnam (South Vietnam),mitchell,5914000.0,168501.8039144004,6,3.0759911130450983,viet nam|mitchell|1955-1960,,
11.409825456267283,use unused productive land,1000 hectares,MAR-1911-1958,Morocco (to 1958),fao1952,37510.0,350267.7063170169,1,0.009385728017133842,french morocco|fao1952|1937-1951; morocco|fao1952|1950-1951,,
11.40053020719642,"coffee, green",tonnes,BRA-1909-2025,Brazil,iia,1392583.2,8471740.990890808,4,0.014418611242477926,brazil|iia|1910-1945,,
11.392460325680055,rye,tonnes,DNK-1864-1920,Denmark (to 1920),iia,441906.3,38600.96881216958,1,1.0048806036169755,denmark|iia|1909-1919,,
11.391436228004064,chick peas,tonnes,ITA-1919-2025,Italy,juan,40223.5,300310.4439810905,42,0.011757931839471754,italy|juan|1919-1960,,
11.38013989178806,linseed,ha,LTU-1800-1918,Lithuania (Russian governorate),iia,55167.0,83898.82764949289,1,0.05777977874840182,lithuania|iia|None-None,,
11.369215492796611,"cocoa, beans",ha,ECU-1800-1942,Ecuador (to 1942),juan,150000.0,341715.21305162733,2,0.0386097017629915,ecuador|juan|1900-1941,,
11.36535379625149,r_fao_population_1952_10_18,1000 people,NRU-1888-2025,Nauru,fao1952,3.0,22.019163815489765,2,0.011987744350629912,nauru|fao1952|1937-1951,,
11.353660794582668,horses mules asses,1000 heads,F51-1947-1993,Czechoslovakia (1947-1993),fao1952,640.0,127598.31888643919,1,0.0004417729359427037,czechoslovakia|fao1952|1947-1951,,
11.310161917805337,"rice, paddy",ha,LAO-1893-1954,Laos (1893-1954),mitchell,800000.0,229986.51314748867,5,0.3075521700544461,lao|mitchell|1948-1953,,
11.30744838857174,irrigation arable land orchards vineyards,1000 hectares,ZNZ-1890-1963,Zanzibar Protectorate,fao1952,13.0,2586.788513501411,3,0.0004444447846753994,zanzibar and pemba|fao1952|1937-1951,,
11.288061098119694,goats,1000 heads,GRC-1947-2025,Greece (1947-2025),fao1952,3405.0,129841.0864350498,3,0.0023231947845977954,greece|fao1952|1947-1951,,
11.283542013547475,milk,1000 tonnes,NZL-1840-2025,New Zealand,fao1952,4257.0,268690.2547565733,5,0.0014041266581749038,new zealand|fao1952|1937-1951,,
11.279640169617343,cotton seed,ha,EGY-1925-1967,Egypt (1925-1967),iia,858000.0,998328.4240959982,20,0.07619361970864685,egypt|iia|1925-1945,,
11.269435511287961,sugar beet,tonnes,BEL-1831-2025,Belgium,juan,1682820.0,30692.03925557064,57,4.8653014863989785,belgium|juan|1856-1960,,
11.248286542156547,linseed,tonnes,EST-1800-1918,Estonia (Governorate),iia,16412.6,49303.28546832109,1,0.029594782551316402,estonia|iia|None-None,,
11.209649579628904,dry peas,1000 hectares,CHN-1949-1950,China (1949-1950),fao1952,3153.0,7557599.077736037,1,3.721757608611355e-05,china 22 provinces|fao1952|1949-1949; china|fao1952|1949-1949; china manchuria|fao1952|1949-1949,,
11.201353806145066,rye,1000 tonnes,DEU-1920-1938,Germany (1920-1938),fao1952,3081.0,470825.35311272315,3,0.0005841997172546179,germany|fao1952|1937-1937; germany western|fao1952|1937-1937; germany berlin|fao1952|1937-1937,,
11.19505587203714,oats,1000 tonnes,POL-1921-1945,Poland (1921-1945),fao1952,2830.0,388369.69735582283,1,0.0006509008422604463,poland|fao1952|1937-1939,,
11.180821006495556,lemons and limes,tonnes,GRC-1947-2025,Greece (1947-2025),juan,43000.0,129841.0864350498,12,0.02961983397613065,greece|juan|1947-1960,,
11.175484265430795,seed cotton,ha,GRC-1947-2025,Greece (1947-2025),juan,99000.0,129841.0864350498,14,0.06822706708404885,greece|juan|1947-1960,,
11.167783170812024,hemp tow waste,tonnes,ITA-1919-2025,Italy,iia,89600.0,300310.4439810905,1,0.02671594866826736,italy|iia|1919-1945,,
11.162380397218461,sweet potatoes yams,1000 tonnes,NGA-1914-1960,Nigeria (1914-1960),fao1952,6786.5,862490.9493251519,2,0.0007049113258430571,nigeria|fao1952|1937-1951,,
11.159895576718268,rice paddy,1000 hectares,MYS-1946-1957,Malayan Union / Federation of Malaya (1946-1957),fao1952,350.0,131451.54252076847,3,0.0002385845005827523,malaya federation of|fao1952|1948-1951; malaya fed of|fao1952|1949-1951; federation of malaya|fao1952|1949-1951,,
11.156835769417,sugar raw centrifugal,tonnes,DNK-1864-1920,Denmark (to 1920),iia,132415.0,38600.96881216958,12,0.3074665960637625,denmark|iia|1909-1919,,
11.155432012952899,pesticides arsenicals,tonnes,JPN-1945-1952,Japan (occupied),fao1952,734.5,371147.4432376307,6,0.00017740217220788145,japan|fao1952|1947-1951,,
11.148286987249307,"other citrus fruit, n.e.c.",tonnes,JPN-1952-2025,Japan,mitchell,722000.0,371147.4432376307,8,0.17449483815301534,japan|mitchell|1952-1960,,
11.147238783050698,groundnuts,1000 tonnes,DOM-1800-2025,Dominican Republic,fao1952,16.5,48332.9008946207,4,3.062483645856704e-05,dominican republic|fao1952|1937-1951; dominican rep|fao1952|1949-1951,,
11.145106095437212,sweet potatoes,tonnes,CHN-1945-1947,China (1945-1947),mitchell,25409000.0,7532445.916794096,1,0.30266858335749697,china mainland|mitchell|1945-1946,,
11.144891578325067,centrifugal sugar noncentrifugal cane sugar,1000 tonnes,DEU-1949-1990,"Germany (divided, 1949-1990)",fao1952,1169.0,356835.2226635201,3,0.0002939482959867938,germany|fao1952|1949-1951,,
11.141311886117167,"tobacco, unmanufactured",ha,GRC-1913-1919,Greece (1913-1919),juan,35500.0,121615.0320837618,5,0.02620020940601075,greece|juan|1914-1918,,
11.137644605703885,wheat,tonnes,BGR-1940-2025,Bulgaria (1940-2025),juan,1547000.0,110980.16597322695,14,1.2515597503806208,bulgaria|juan|1940-1960,,
11.12501706430562,other meat,1000 tonnes,ITA-1919-2025,Italy,fao1952,52.1,300310.4439810905,12,1.5594325731753717e-05,italy|fao1952|1937-1951; ltaly|fao1952|1949-1951,,
11.122888211002824,flax fibre and tow,tonnes,EST-1918-1940,Estonia (interwar republic),iia,9400.0,49303.28546832109,3,0.017140931543133633,estonia|iia|1929-1939,,
11.11379325728852,"silk-worm cocoons, reelable",tonnes,TUR-1800-1913,"Turkey (Anatolia, to 1913)",iia,15172.014,780180.368174527,4,0.001749789891421794,turkey|iia|1909-1911,,
11.112499308835766,barley,tonnes,F51-1938-1945,Czechoslovakia (1938-1945),juan,1142600.0,100712.76559040853,7,1.02093466651402,czechoslovakia|juan|1938-1944,,
11.11174873507169,cotton lint,1000 hectares,PAK-1949-1971,Pakistan (1949-1971),fao1952,1218.0,1014356.6530305491,3,0.00010806229678981088,pakistan|fao1952|1949-1951,,
11.10903781068982,sweet potatoes yams,1000 hectares,SGP-1946-1963,Singapore (Crown Colony),fao1952,1.0,544.5782406954,3,0.0001652963525547975,singapore|fao1952|1948-1951,,
11.104974672836933,yarn of true hemp,tonnes,HUN-1800-1918,Kingdom of Hungary (Transleithania),iia,50713.6,325419.39849591354,7,0.014033417003161484,hungary|iia|1909-1916,,
11.097751012672889,other sugar crops n.e.c.,tonnes,PAL-1920-1948,Palestine (1920-1948),iia,500.0,27008.92924128763,1,0.001668121425137556,israel|iia|1922-1945,,
11.085829573929901,figs,1000 tonnes,LBN-1944-2025,Lebanon,fao1952,4.0,10199.46189186542,3,3.537647315708841e-05,lebanon|fao1952|1949-1951,,
11.063455970473813,cropa,1000 tonnes,NIU-1800-2025,Niue,fao1952,0.95,264.3398544798213,2,0.00032484048249375574,niue|fao1952|1949-1950,,
11.05624077389878,wheat,tonnes,FRA-1919-2025,France,juan,7583775.0,548057.8009401887,42,1.2515597503806208,france|juan|1919-1960,,
11.05498701522025,tobacco,1000 hectares,BGR-1919-1940,Bulgaria (1919-1940),fao1952,35.0,103263.13610091528,1,3.065945969502651e-05,bulgaria|fao1952|1937-1939,,
11.049373741930882,maize,Bushels,NSW-1800-1900,New South Wales (to 1900),sa_colonial,4218276.5,799589.1621562592,14,0.47745283988043236,new south wales|sa_colonial|1854-1898,,
11.03849338643592,goats,1000 heads,MUS-1800-2025,Mauritius,fao1952,54.0,2105.7089060802027,2,0.0023231947845977954,mauritius|fao1952|1948-1951,,
11.033265332154564,"rice, paddy",ha,PRK-1948-2025,North Korea,mitchell,415000.0,122299.65688817603,2,0.3075521700544461,north korea|mitchell|1949-1960,,
11.032395943780573,horses mules asses,1000 heads,TLS-1800-2025,Timor-Leste,fao1952,73.0,14978.003017827481,1,0.0004417729359427037,portuguese timor|fao1952|1927-1951,,
11.017516423272252,commercial nitrogenous fertilizers,1000 tonnes,KOR-1948-2025,South Korea,fao1952,30.0,97096.9362708301,9,2.8043487484389995e-05,korea south|fao1952|1948-1951; korea|fao1952|1949-1951,,
11.013615804218968,sesame seed,ha,GRC-1881-1913,Greece (1881–1913),iia,11034.0,63611.58790153088,1,0.01574950179384403,greece|iia|1911-1911,,
11.009871148958323,dry beans,1000 hectares,IND-1949-2025,India,fao1952,4047.5,3151797.0640165973,2,0.00011663969475792196,india|fao1952|1949-1951,,
10.98726406279234,wheat,tonnes,ITA-1870-1919,Italy (1870-1919),juan,3917000.0,284847.5059880116,49,1.2515597503806208,italy|juan|1870-1918,,
10.984437308966852,oats,1000 tonnes,POL-1945-2025,Poland (1945-2025),fao1952,2229.5,311827.7984931281,2,0.0006509008422604463,poland|fao1952|1948-1951,,
10.981602524171269,cattle,heads,URY-1828-2025,Uruguay,juan,7127912.0,177866.3552194432,15,3.649243163648669,uruguay|juan|1898-1960,,
10.977185612972352,sheep,heads,ROU-1947-2025,Romania (1947-2025),juan,10882000.0,237353.3426676344,13,4.1765949739573465,romania|juan|1947-1960,,
10.959508644988217,ducks,heads,ROU-1920-1940,Romania (1920-1940),juan,6730000.0,296126.08291605173,3,2.0737066421458916,romania|juan|1920-1939,,
10.959210940496373,grapes,ha,HUN-1944-1947,Hungary (1944-1947),juan,238500.0,93004.31166177182,2,0.23399469656051022,hungary|juan|1944-1946,,
10.957228173817676,flax fibre and tow,tonnes,EST-1918-1940,Estonia (interwar republic),juan,9260.0,49303.28546832109,19,0.017140931543133633,estonia|juan|1919-1939,,
10.939530744132758,"tobacco, unmanufactured",tonnes,DZA-1919-1962,Algeria (1919-1962),iia,1297150.0,2318386.384660872,4,0.051145295153688305,algeria|iia|1919-1945,,
10.93029712755173,wine,tonnes,HUN-1920-1938,Hungary (1920-1938),iia,361628.6585,93004.31166177182,16,0.35573597719855443,hungary|iia|1920-1937,,
10.926093045968038,cattle,heads,CUB-1800-2025,Cuba,mitchell,4349000.0,109074.11801961382,17,3.649243163648669,cuba|mitchell|1850-1960,,
10.911856751046681,"butter, cow milk",tonnes,NZL-1840-2025,New Zealand,iia,158750.0,268690.2547565733,8,0.05414559903477284,new zealand|iia|1909-1945,,
10.907180890081175,commercial nitrogenous fertilizers,1000 tonnes,AUT-1919-2025,Austria,fao1952,25.7,84021.14316677154,8,2.8043487484389995e-05,austria|fao1952|1937-1951,,
10.905641737271973,soybeans,1000 hectares,TWN-1945-2025,Taiwan,fao1952,20.0,35993.63707155193,2,5.0951037971044265e-05,china taiwan|fao1952|1948-1951; taiwan|fao1952|1949-1951,,
10.89323575731421,wheat,tonnes,ITA-1861-1866,Italy (1861-1866),juan,3380000.0,247918.08540998364,5,1.2515597503806208,italy|juan|1861-1865,,
10.890276510320007,flax fibre and tow,tonnes,F51-1938-1945,Czechoslovakia (1938-1945),iia,18800.0,100712.76559040853,6,0.017140931543133633,czech republic|iia|1938-1944,,
10.884906492644086,hops,ha,AUT-1800-1918,Austria (Cisleithania),juan,20200.0,300303.7544040626,17,0.006179678837819134,austria|juan|1851-1917,,
10.884736250847295,tea,1000 tonnes,JPN-1945-1952,Japan (occupied),fao1952,42.0,371147.4432376307,3,1.039644612091253e-05,japan|fao1952|1947-1951,,
10.882460805647836,pears,tonnes,AUT-1919-2025,Austria,juan,189000.0,84021.14316677154,12,0.2067026794639514,austria|juan|1919-1960,,
10.86526466739203,pesticides sulphur dust,tonnes,BEL-1831-2025,Belgium,fao1952,200.0,30692.03925557064,1,0.000599741278161007,belgium|fao1952|1937-1951,,
10.836663257949525,"beans, dry",tonnes,SLV-1821-2025,El Salvador,iia,19400.0,20558.112635569574,1,0.0870809003333971,el salvador|iia|1910-1944,,
10.829772499915087,sugar raw centrifugal,tonnes,DEU-1920-1938,Germany (1920-1938),iia,1567751.1,470825.35311272315,17,0.3074665960637625,germany|iia|1920-1937,,
10.82808702717333,sugar raw centrifugal,tonnes,AUT-1800-1918,Austria (Cisleithania),iia,999793.8,300303.7544040626,10,0.3074665960637625,austria|iia|1909-1917,,
10.827571089209377,potatoes,tonnes,GBR-1800-1921,United Kingdom (to 1921),juan,3532830.0,313550.3999074049,37,1.040601234644152,united kingdom|juan|1867-1920,,
10.82029137137419,cotton lint,tonnes,CHN-1950-2025,China (PRC),mitchell,1239500.0,9369119.896358289,10,0.01222668655598026,china mainland|mitchell|1950-1960; china manchuria province of|mitchell|1950-1952,,
10.815092782189385,dry peas,1000 tonnes,POL-1921-1945,Poland (1921-1945),fao1952,174.0,388369.69735582283,1,4.142606307360681e-05,poland|fao1952|1937-1939,,
10.802163149045827,maize,tonnes,BGR-1913-1918,Bulgaria (1913-1918),juan,736110.0,111480.92679352257,5,0.6112676534626276,bulgaria|juan|1913-1917,,
10.79683251361933,"tobacco, unmanufactured",tonnes,BRA-1909-2025,Brazil,iia,4678156.25,8471740.990890808,4,0.051145295153688305,brazil|iia|1910-1945,,
10.783673744453656,pesticides benzene hexachloride,tonnes,NLD-1830-2025,Netherlands,fao1952,80.0,38295.46118907003,3,0.0001937206613078392,netherlands|fao1952|1937-1951; necherlands|fao1952|1949-1951,,
10.775082129662106,cotton lint,1000 tonnes,KOR-1948-2025,South Korea,fao1952,20.0,97096.9362708301,3,1.911630186555157e-05,korea south|fao1952|1948-1951; korea|fao1952|1949-1951,,
10.770345389280077,cheese,1000 tonnes,NZL-1840-2025,New Zealand,fao1952,104.0,268690.2547565733,4,3.5937825325530566e-05,new zealand|fao1952|1937-1951,,
10.770238859719413,sorghum,tonnes,IND-1949-2025,India,mitchell,8082000.0,3151797.0640165973,11,0.2380867706498152,india|mitchell|1949-1960,,
10.75837758940851,rapeseed,tonnes,ROU-1859-1913,Romania (to 1913),iia,51259.1,128450.72138905739,1,0.03709263160486512,romania|iia|1909-1912,,
10.756132663089367,"cacao, beans",tonnes,CIV-1947-1960,Côte d'Ivoire (1947-1960),mitchell,56000.0,321342.2898046068,13,0.016201827088642793,ivory coast|mitchell|1947-1959,,
10.753129357821253,sheep,heads,IRL-1800-1921,Ireland (within United Kingdom),juan,3789000.0,84365.98345404798,71,4.1765949739573465,ireland|juan|1850-1920,,
10.7427240832231,sesame seed,tonnes,NIC-1800-2025,Nicaragua,juan,6000.0,128076.61738376657,17,0.004360808143068674,nicaragua|juan|1900-1960,,
10.739963742924008,cheese,1000 tonnes,LUX-1839-2025,Luxembourg,fao1952,1.0,2590.86862192315,3,3.5937825325530566e-05,luxembourg|fao1952|1937-1951,,
10.733627394087325,maize,ha,BGR-1940-2025,Bulgaria (1940-2025),juan,739000.0,110980.16597322695,18,0.6203725216879182,bulgaria|juan|1940-1960,,
10.729680474773392,mules and hinnies,heads,HTI-1800-2025,Haiti,juan,60000.0,27092.572875431946,8,0.20640214727097855,haiti|juan|1900-1960,,
10.726592499328211,"silk-worm cocoons, reelable",tonnes,BGR-1878-1913,Bulgaria (to 1913),iia,1748.857,93176.54746739783,5,0.001749789891421794,bulgaria|iia|1909-1912,,
10.725022182839403,wheat,tonnes,FRA-1800-1871,"France (with Alsace-Lorraine, to 1871)",juan,7167870.7,533998.9160465385,21,1.2515597503806208,france|juan|1850-1870,,
10.723494318938757,groundnuts,1000 hectares,MUS-1800-2025,Mauritius,fao1952,1.0,2105.7089060802027,2,4.4285886226149405e-05,mauritius|fao1952|1948-1951,,
10.714492455412607,total tractors agriculture,number,HUN-1947-2025,Hungary (1947-2025),fao1952,13300.0,93004.31166177182,1,0.013346793917923224,hungary|fao1952|1947-1951,,
10.711583315375098,cottonseed,1000 tonnes,PAK-1949-1971,Pakistan (1949-1971),fao1952,459.0,1014356.6530305491,3,4.2244320939598584e-05,pakistan|fao1952|1949-1951,,
10.71100707561452,hempseed,tonnes,POL-1815-1918,Congress Poland (1815-1918),iia,17050.0,130179.77280074757,1,0.012227863101395568,poland|iia|None-None,,
10.707402274085482,rye,tonnes,DNK-1864-1920,Denmark (to 1920),juan,415333.3333,38600.96881216958,45,1.0048806036169755,denmark|juan|1866-1919,,
10.701795880202276,pigs,1000 heads,AUT-1919-2025,Austria,fao1952,1927.0,84021.14316677154,3,0.002143070535283847,austria|fao1952|1937-1951,,
10.694972501635581,linseed,ha,POL-1815-1918,Congress Poland (1815-1918),iia,80445.0,130179.77280074757,1,0.05777977874840182,poland|iia|None-None,,
10.694274207150354,seed cotton,ha,SLV-1821-2025,El Salvador,juan,15000.0,20558.112635569574,27,0.06822706708404885,el salvador|juan|1900-1960,,
10.68837466357897,"eggs, hen, in shell",tonnes,LBN-1920-1944,Lebanon (1920-1944),iia,5794.25,10199.46189186542,2,0.05315061583743646,lebanon|iia|1923-1943,,
10.685128717162966,grapes,1000 tonnes,BGR-1940-2025,Bulgaria (1940-2025),fao1952,580.0,110980.16597322695,3,0.0004891058591250472,bulgaria|fao1952|1947-1951,,
10.680278603211564,horses mules asses,1000 heads,F51-1918-1938,Czechoslovakia (1918-1938),fao1952,662.0,140306.01867415186,1,0.0004417729359427037,czechoslovakia|fao1952|1937-1937,,
10.670850936492998,plums and sloes,tonnes,ROU-1947-2025,Romania (1947-2025),juan,436000.0,237353.3426676344,8,0.17214407673987003,romania|juan|1947-1960,,
10.668228124497546,potatoes,ha,FRA-1919-2025,France,juan,1170000.0,548057.8009401887,42,0.200109268354486,france|juan|1919-1960,,
10.653333232939755,grapes,1000 tonnes,LUX-1839-2025,Luxembourg,fao1952,13.5,2590.86862192315,4,0.0004891058591250472,luxembourg|fao1952|1937-1951,,
10.646955860992023,wine,ha,GRC-1881-1913,Greece (1881–1913),iia,96596.0,63611.58790153088,1,0.14262558949686102,greece|iia|1911-1911,,
10.638237181462857,"tangerines, mandarins, clementines, satsumas",tonnes,ITA-1919-2025,Italy,juan,51400.0,300310.4439810905,42,0.016088776334604014,italy|juan|1919-1960,,
10.627967493223657,oranges,tonnes,ITA-1870-1919,Italy (1870-1919),juan,243200.0,284847.5059880116,49,0.08033428485482855,italy|juan|1870-1918,,
10.62102524846827,maize,ha,BGR-1919-1940,Bulgaria (1919-1940),juan,680400.0,103263.13610091528,21,0.6203725216879182,bulgaria|juan|1919-1939,,
10.616526062420194,potatoes,ha,AUT-1919-2025,Austria,juan,178500.0,84021.14316677154,42,0.200109268354486,austria|juan|1919-1960,,
10.60713331366729,flax fibre and tow,ha,EST-1918-1940,Estonia (interwar republic),juan,28000.0,49303.28546832109,21,0.053540712138779645,estonia|juan|1919-1939,,
10.59544219856351,total tractors agriculture,number,HAWI-1898-1959,Territory of Hawaii,fao1952,2352.0,16631.877439866264,1,0.013346793917923224,hawaii|fao1952|1937-1951,,
10.591903848035658,yarn of true hemp,tonnes,POL-1815-1918,Congress Poland (1815-1918),iia,19350.0,130179.77280074757,1,0.014033417003161484,poland|iia|None-None,,
10.591107173019056,dried milk,1000 tonnes,BEL-1831-2025,Belgium,fao1952,3.0,30692.03925557064,5,9.228989395622084e-06,belgium|fao1952|1937-1951,,
10.58967805286715,"coffee, green",ha,CUB-1800-2025,Cuba,iia,56000.0,109074.11801961382,4,0.04848233858028317,cuba|iia|1909-1936,,
10.589307320418968,figs,1000 tonnes,ITA-1919-2025,Italy,fao1952,112.5,300310.4439810905,4,3.537647315708841e-05,italy|fao1952|1937-1951; ltaly|fao1952|1949-1951,,
10.589061459873827,horses mules asses,1000 heads,SAA-1947-1957,Saar Protectorate,fao1952,12.0,2565.2203150015116,3,0.0004417729359427037,france saar|fao1952|1948-1951; saar|fao1952|1949-1951,,
10.580444799569985,grapes,tonnes,ROU-1920-1940,Romania (1920-1940),iia,1225000.0,296126.08291605173,3,0.3909808631507594,romania|iia|1920-1939,,
10.575628896318252,poultry,1000 heads,ISR-1948-1967,Israel (1948-1967),fao1952,1076.5,20786.111689025718,6,0.004897050411867877,israel|fao1952|1948-1951,,
10.574119433539387,buffaloes,1000 heads,LKA-1800-2025,Sri Lanka,fao1952,748.0,65954.96220180139,1,0.001072531140677459,ceylon|fao1952|1937-1951,,
10.569977653576574,sunflower seed,ha,URY-1828-2025,Uruguay,juan,107500.0,177866.3552194432,20,0.05717953106849637,uruguay|juan|1898-1960,,
10.552118694831341,poultry,1000 heads,BLI-1833-1960,British Leeward Islands Colony,fao1952,87.5,1693.2996184216022,2,0.004897050411867877,british west indies leeward islands|fao1952|1937-1951; leeward islands|fao1952|1950-1951; br west indies leeward is|fao1952|1949-1949,,
10.551063484941615,sesame seed,1000 tonnes,IND-1949-2025,India,fao1952,448.0,3151797.0640165973,3,1.3471734996699686e-05,india|fao1952|1949-1951,,
10.532622886619512,chick peas,ha,PRT-1800-2025,Portugal,juan,37000.0,91804.90167728892,40,0.038264788693938026,portugal|juan|1850-1960,,
10.52115138565931,rye,tonnes,NLD-1830-2025,Netherlands,iia,404878.80000000005,38295.46118907003,4,1.0048806036169755,netherlands|iia|1909-1945,,
10.519876834687828,pesticides ddt,tonnes,NLD-1830-2025,Netherlands,fao1952,100.0,38295.46118907003,3,0.00024822301177225895,netherlands|fao1952|1937-1951; necherlands|fao1952|1949-1951,,
10.516862895271789,sweet potatoes,ha,JPN-1952-2025,Japan,mitchell,365000.0,371147.4432376307,9,0.0935104569254406,japan|mitchell|1952-1960,,
10.510100676830847,linseed,tonnes,LVA-1918-1940,Latvia (interwar republic),iia,20522.0,65977.77321237107,1,0.029594782551316402,latvia|iia|1923-1939,,
10.491981115065638,maize,tonnes,ITA-1861-1866,Italy (1861-1866),juan,1590000.0,247918.08540998364,5,0.6112676534626276,italy|juan|1861-1865,,
10.488542189680064,sorghum,ha,RWB-1922-1962,Ruanda-Urundi (1922-1962),mitchell,150000.0,52350.62635979226,15,0.2731833631647441,rwanda and burundi|mitchell|1924-1960; rwanda|mitchell|1953-1960,,
10.480935230972285,wine,tonnes,ESP-1800-2025,Spain,iia,1887086.5,506132.2152565572,36,0.35573597719855443,spain|iia|1909-1945,,
10.476930702932195,sheep,heads,IRL-1921-2025,Ireland,juan,3044000.0,69564.5876553353,40,4.1765949739573465,ireland|juan|1921-1960,,
10.475079491838269,cotton lint,1000 tonnes,GRC-1947-2025,Greece (1947-2025),fao1952,26.0,129841.0864350498,3,1.911630186555157e-05,greece|fao1952|1947-1951,,
10.471737838325742,asses,heads,DOM-1800-2025,Dominican Republic,mitchell,140000.0,48332.9008946207,2,0.2766090676219527,dominican republic|mitchell|1901-1960,,
10.466995251891138,rye,tonnes,F51-1918-1938,Czechoslovakia (1918-1938),juan,1475750.0,140306.01867415186,19,1.0048806036169755,czechoslovakia|juan|1919-1937,,
10.463365193881494,oats,1000 hectares,BEL-1831-2025,Belgium,fao1952,176.0,30692.03925557064,4,0.0005480441413084785,belgium|fao1952|1937-1951,,
10.460977882559204,grapes,1000 hectares,HUN-1920-1938,Hungary (1920-1938),fao1952,215.0,93004.31166177182,1,0.00022098515139293542,hungary|fao1952|1937-1937,,
10.45855502389614,soybeans,1000 hectares,USA-1867-1959,United States (1867-1959),fao1952,4746.0,8906416.741310216,4,5.0951037971044265e-05,united states|fao1952|1931-1951; united states and dependent territories|fao1952|1949-1951,,
10.457737645001437,wool clean basis,1000 tonnes,LSO-1886-1966,Lesotho (1886-1966),fao1952,2.5,30503.327588120435,4,7.837093848313055e-06,basutoland|fao1952|1937-1951,,
10.451782043515841,wool clean basis,1000 tonnes,FLK-1833-2025,Falkland Islands,fao1952,1.0,12208.283559223244,4,7.837093848313055e-06,falkland islands|fao1952|1937-1951,,
10.450995353139046,sweet potatoes yams,1000 hectares,PRI-1800-2025,Puerto Rico,fao1952,15.5,8972.444342985882,4,0.0001652963525547975,puerto rico|fao1952|1935-1951,,
10.44999127745876,flax fibre and tow,ha,ARG-1902-2025,Argentina,mitchell,1556000.0,2781054.6380225588,58,0.053540712138779645,argentina|mitchell|1902-1960,,
10.449336388068692,swine / pigs,heads,HUN-1938-1940,Hungary (1938-1940),juan,3497500.0,108813.78983171615,2,3.0759911130450983,hungary|juan|1938-1939,,
10.444476763763094,swine / pigs,heads,HUN-1940-1944,Hungary (1940-1944),juan,4897500.0,152441.3128142145,4,3.0759911130450983,hungary|juan|1940-1943,,
10.417336762485268,horses mules asses,1000 heads,BRB-1800-2025,Barbados,fao1952,2.0,434.58445270912586,3,0.0004417729359427037,british west indies barbados|fao1952|1935-1951; br west indies barbados|fao1952|1950-1951,,
10.417277076132663,lemons limes other citrus,1000 tonnes,TTO-1800-2025,Trinidad and Tobago,fao1952,2.5,4952.729517430746,4,4.8455288370861826e-05,british west indies trinidad and tobago|fao1952|1937-1951; british west indies trinidad tobago|fao1952|1949-1951; leeward islands trinidad and tobago|fao1952|1951-1951,,
10.415364074176242,cattle,heads,IND-1937-1947,India (1937-1947),mitchell,160511000.0,4223062.820170334,1,3.649243163648669,india|mitchell|1937-1946,,
10.411132167315646,asses,heads,ETH-1952-1993,Ethiopia (1952-1993),mitchell,3595000.0,1248344.7011375874,5,0.2766090676219527,ethiopia|mitchell|1952-1960,,
10.409400427458804,wheel tractors agriculture,number,CUB-1800-2025,Cuba,fao1952,5645.0,109074.11801961382,3,0.004971832868108485,cuba|fao1952|1937-1951,,
10.405835356919557,sugar cane,tonnes,PER-1942-2025,Peru,juan,4051000.0,1290852.2886160365,7,0.3015843103313033,peru|juan|1942-1960,,
10.399359208325068,dry beans,1000 tonnes,ROU-1947-2025,Romania (1947-2025),fao1952,200.0,237353.3426676344,3,8.102668360798986e-05,romania|fao1952|1947-1951,,
10.369399676620992,groundnuts,1000 tonnes,CHN-1949-1950,China (1949-1950),fao1952,2400.0,7557599.077736037,1,3.062483645856704e-05,china 22 provinces|fao1952|1949-1949; china|fao1952|1949-1949; china manchuria|fao1952|1949-1949,,
10.364248795573578,centrifugal sugar noncentrifugal cane sugar,1000 tonnes,POL-1945-2025,Poland (1945-2025),fao1952,950.0,311827.7984931281,3,0.0002939482959867938,poland|fao1952|1948-1951,,
10.363724059266449,hemp tow waste,ha,ROU-1940-1947,Romania (1940-1947),juan,66000.0,193832.10595350157,7,0.03285506873631145,romania|juan|1940-1946,,
10.363129729883077,cottonseed,1000 tonnes,SLV-1821-2025,El Salvador,fao1952,9.0,20558.112635569574,4,4.2244320939598584e-05,ei salvador|fao1952|1937-1951; el salvador|fao1952|1937-1951,,
10.358832163569039,rye,tonnes,F51-1918-1938,Czechoslovakia (1918-1938),iia,1460500.0,140306.01867415186,18,1.0048806036169755,czech republic|iia|1919-1937,,
10.354179682815417,hops,tonnes,USA-1867-1959,United States (1867-1959),iia,646965.95,8906416.741310216,4,0.007015565997551479,united states of america|iia|1909-1945,,
10.351555279644597,swine / pigs,heads,POL-1945-2025,Poland (1945-2025),juan,9929000.0,311827.7984931281,16,3.0759911130450983,poland|juan|1945-1960,,
10.349352332568866,"peas, dry",tonnes,GBR-1921-2025,United Kingdom,juan,94500.0,243963.92905649156,10,0.03742768943305867,united kingdom|juan|1921-1960,,
10.339345831187016,grapes for wine,1000 tonnes,HUN-1947-2025,Hungary (1947-2025),fao1952,640.0,93004.31166177182,2,0.0006655548143222221,hungary|fao1952|1947-1951,,
10.327558499948205,cottonseed,1000 hectares,USA-1867-1959,United States (1867-1959),fao1952,10952.0,8906416.741310216,4,0.00011906736948990218,united states|fao1952|1931-1951; united states and dependent territories|fao1952|1949-1951,,
10.318966903050125,goats,1000 heads,RWB-1922-1962,Ruanda-Urundi (1922-1962),fao1952,1255.0,52350.62635979226,3,0.0023231947845977954,ruanda urundi|fao1952|1937-1951,,
10.316263503602778,dry beans,1000 tonnes,PRI-1800-2025,Puerto Rico,fao1952,7.5,8972.444342985882,2,8.102668360798986e-05,puerto rico|fao1952|1935-1951,,
10.311158345464921,sweet potatoes,tonnes,CHN-1947-1949,China (1947-1949),mitchell,23698500.0,7593570.998321915,2,0.30266858335749697,china mainland|mitchell|1947-1948,,
10.306088837775631,hempseed,ha,ROU-1940-1947,Romania (1940-1947),juan,66000.0,193832.10595350157,7,0.03303880567022692,romania|juan|1940-1946,,
10.303730115541342,n,tonnes,DEU-1919-1920,Germany (1919-1920),iia,218000.0,474795.2015708754,1,0.04456107893823611,germany|iia|1919-1919,,
10.300030894049664,wheat,tonnes,DEU-1949-1990,"Germany (divided, 1949-1990)",juan,4600000.0,356835.2226635201,12,1.2515597503806208,germany|juan|1949-1960,,
10.29119761355445,rapeseed,tonnes,ROU-1919-1920,Romania (1919-1920),juan,53940.0,141304.95080324486,1,0.03709263160486512,romania|juan|1919-1919,,
10.278138816875044,groundnuts,1000 hectares,DOM-1800-2025,Dominican Republic,fao1952,22.0,48332.9008946207,3,4.4285886226149405e-05,dominican republic|fao1952|1937-1951; dominican rep|fao1952|1949-1951,,
10.274079652076292,pesticides white refined other refined oil,tonnes,GRC-1947-2025,Greece (1947-2025),fao1952,600.0,129841.0864350498,1,0.0004497759000081816,greece|fao1952|1947-1951,,
10.266079994659835,sheep,heads,F248-1947-1991,Yugoslavia (1947-1991),juan,10940000.0,255146.9119704287,14,4.1765949739573465,yugoslav sfr|juan|1947-1960,,
10.263343423142858,wheat,tonnes,BEL-1831-2025,Belgium,juan,394245.0,30692.03925557064,62,1.2515597503806208,belgium|juan|1856-1960,,
10.263113325055823,p,tonnes,ITA-1870-1919,Italy (1870-1919),iia,917963.0,284847.5059880116,10,0.3140028796474058,italy|iia|1909-1918,,
10.263021062934007,"cacao, beans",ha,HTI-1800-2025,Haiti,iia,16000.0,27092.572875431946,8,0.0575432666059208,haiti|iia|1909-1945,,
10.259959638943482,rice paddy,1000 hectares,CHN-1949-1950,China (1949-1950),fao1952,18500.0,7557599.077736037,1,0.0002385845005827523,china 22 provinces|fao1952|1949-1949; china|fao1952|1949-1949; china manchuria|fao1952|1949-1949,,
10.2558662240657,edible pig fat,1000 tonnes,SBZ-1938-1949,Eastern Germany / Soviet Occupation Zone,fao1952,17.5,109271.16029246466,2,1.5615652886953084e-05,germany eastern|fao1952|1938-1948,,
10.251978497889173,goats,1000 heads,VGB-1800-2025,British Virgin Islands,fao1952,4.0,167.94484605932638,1,0.0023231947845977954,virgin islands|fao1952|1949-1951; british west indies virgin islands|fao1952|1950-1951,,
10.250577787559823,commercial phosphoric acid,1000 tonnes,PRT-1800-2025,Portugal,fao1952,58.5,91804.90167728892,6,6.216438630535554e-05,portugal|fao1952|1934-1951,,
10.244831306968578,broad beans,1000 tonnes,PRT-1800-2025,Portugal,fao1952,50.0,91804.90167728892,3,5.31617566225664e-05,portugal|fao1952|1934-1951,,
10.241783660770684,commercial phosphoric acid,1000 tonnes,JPN-1945-1952,Japan (occupied),fao1952,236.3,371147.4432376307,6,6.216438630535554e-05,japan|fao1952|1947-1951,,
10.22830712389346,flax fibre and tow,ha,EST-1918-1940,Estonia (interwar republic),iia,27000.0,49303.28546832109,3,0.053540712138779645,estonia|iia|1929-1939,,
10.219701757994326,oats,1000 hectares,POL-1945-2025,Poland (1945-2025),fao1952,1746.5,311827.7984931281,2,0.0005480441413084785,poland|fao1952|1948-1951,,
10.217340910996176,"walnuts, with shell",tonnes,ITA-1919-2025,Italy,juan,54200.0,300310.4439810905,42,0.017664077692963305,italy|juan|1919-1960,,
10.212649759488572,soybeans,1000 hectares,JPN-1895-1945,Japanese Empire,fao1952,326.0,626507.2861088028,1,5.0951037971044265e-05,japan|fao1952|1936-1937,,
10.209042756853792,hops,ha,F51-1947-1993,Czechoslovakia (1947-1993),juan,8050.0,127598.31888643919,6,0.006179678837819134,czechoslovakia|juan|1947-1960,,
10.202464684627937,sorghum,ha,BFA-1947-1960,Burkina Faso (1947-1960),mitchell,759000.0,272321.8121533213,7,0.2731833631647441,burkina faso|mitchell|1948-1959,,
10.194869930294557,buffaloes,1000 heads,THA-1909-2025,Thailand,fao1952,5600.0,512149.11556195066,2,0.001072531140677459,thailand|fao1952|1937-1951,,
10.190509004775098,chick peas,tonnes,PRT-1800-2025,Portugal,juan,11000.0,91804.90167728892,46,0.011757931839471754,portugal|juan|1850-1960,,
10.187524590563347,goats,1000 heads,TUR-1920-2025,Türkiye (1920-2025),fao1952,18465.0,780180.368174527,3,0.0023231947845977954,turkey|fao1952|1937-1951,,
10.183456450576337,rye,tonnes,LTU-1918-1940,Lithuania (interwar republic),juan,572070.0,55903.56442743159,19,1.0048806036169755,lithuania|juan|1919-1939,,
10.180186997456845,"oil, palm",tonnes,CRI-1800-2025,Costa Rica,juan,2050.0,51141.45329885582,8,0.0039375405581136315,costa rica|juan|1900-1960,,
10.165141028814164,sheep,1000 heads,IRL-1921-2025,Ireland,fao1952,2385.0,69564.5876553353,3,0.003372770260970567,ireland|fao1952|1937-1951,,
10.164105284883217,sheep,1000 heads,ITA-1919-2025,Italy,fao1952,10295.0,300310.4439810905,3,0.003372770260970567,italy|fao1952|1937-1951; ltaly|fao1952|1949-1951,,
10.159874788903746,wheat,tonnes,ROU-1919-1920,Romania (1919-1920),juan,1796790.0,141304.95080324486,1,1.2515597503806208,romania|juan|1919-1919,,
10.154047257591795,yarn of true hemp,tonnes,SER-1878-1913,Kingdom of Serbia (1878-1913),iia,7486.549999999999,52538.675334231506,4,0.014033417003161484,serbia|iia|1909-1911,,
10.15286517831148,chick peas,tonnes,GRC-1947-2025,Greece (1947-2025),juan,15500.0,129841.0864350498,12,0.011757931839471754,greece|juan|1947-1960,,
10.149895366045154,rye,tonnes,POL-1919-1920,Poland (1919-1920),juan,2617450.0,256627.0109915525,1,1.0048806036169755,poland|juan|1919-1919,,
10.13728800476838,grapes,1000 tonnes,BGR-1919-1940,Bulgaria (1919-1940),fao1952,512.0,103263.13610091528,1,0.0004891058591250472,bulgaria|fao1952|1937-1939,,
10.131345347217923,"tobacco, unmanufactured",tonnes,CRI-1800-2025,Costa Rica,iia,26500.0,51141.45329885582,3,0.051145295153688305,costa rica|iia|1909-1944,,
10.122910227101853,commercial phosphoric acid,1000 tonnes,ANT-1816-1961,Dutch Caribbean (colonial),fao1952,0.5,794.5531766581097,2,6.216438630535554e-05,netherlands w indies|fao1952|1936-1951; neth west indies|fao1952|1949-1951; netherlands west indies|fao1952|1937-1951,,
10.122661237189988,hops,tonnes,F51-1918-1938,Czechoslovakia (1918-1938),iia,9964.0,140306.01867415186,17,0.007015565997551479,czech republic|iia|1919-1937,,
10.12043061142335,cassava,1000 tonnes,TON-1800-2025,Tonga,fao1952,8.0,756.9079967530139,3,0.001044354402420143,tonga|fao1952|1937-1951,,
10.115686340139247,rice paddy,1000 tonnes,SLE-1889-1961,Sierra Leone (1889-1961),fao1952,275.0,72502.79840686856,3,0.0003749579531697933,sierra leone|fao1952|1937-1951,,
10.114366452202892,"rubber, natural",tonnes,THA-1909-2025,Thailand,mitchell,27000.0,512149.11556195066,44,0.005212290981469361,thailand|mitchell|1909-1960,,
10.104088702889422,cotton lint,tonnes,KOR-1800-1945,Korea (to 1945),iia,27101.1,219371.89647949164,35,0.01222668655598026,south korea|iia|1909-1944,,
10.101651798707715,sheep,heads,GRC-1913-1919,Greece (1913-1919),juan,5131000.0,121615.0320837618,4,4.1765949739573465,greece|juan|1914-1918,,
10.09504335453773,maize,ha,HUN-1800-1918,Kingdom of Hungary (Transleithania),juan,2038000.0,325419.39849591354,49,0.6203725216879182,hungary|juan|1851-1917,,
10.09207794007972,wheat,tonnes,BGR-1919-1940,Bulgaria (1919-1940),juan,1304300.0,103263.13610091528,21,1.2515597503806208,bulgaria|juan|1919-1939,,
10.091463489668365,sugar cane,ha,PHL-1800-2025,Philippines,mitchell,228000.0,291824.6113461748,29,0.07742100024431484,philippines|mitchell|1850-1960,,
10.089422860772986,potatoes,ha,IRL-1921-2025,Ireland,juan,140450.0,69564.5876553353,40,0.200109268354486,ireland|juan|1921-1960,,
10.084720060645635,cottonseed,1000 hectares,PAK-1949-1971,Pakistan (1949-1971),fao1952,1218.0,1014356.6530305491,3,0.00011906736948990218,pakistan|fao1952|1949-1951,,
10.07888985886742,rapeseed,ha,ROU-1919-1920,Romania (1919-1920),juan,84200.0,141304.95080324486,1,0.05912103303954976,romania|juan|1919-1919,,
10.076553861782752,"tobacco, unmanufactured",tonnes,SLV-1821-2025,El Salvador,iia,10595.0,20558.112635569574,2,0.051145295153688305,el salvador|iia|1910-1944,,
10.07602601565079,"rice, paddy",ha,CHN-1950-2025,China (PRC),mitchell,29034000.0,9369119.896358289,11,0.3075521700544461,china mainland|mitchell|1950-1960; china manchuria province of|mitchell|1950-1952,,
10.069531899495415,bananas,1000 hectares,TTPI-1947-1994,Trust Territory of the Pacific Islands,fao1952,2.0,2025.8065605565075,3,9.804438808654699e-05,pacific is us trust|fao1952|1949-1951; pacific is us tr|fao1952|1949-1951; pacific is u s|fao1952|1949-1951,,
10.064912325756127,wheat,ha,ITA-1870-1919,Italy (1870-1919),juan,4743600.0,284847.5059880116,27,1.6545718947173034,italy|juan|1870-1918,,
10.058622147539118,total tractors agriculture,number,ATG-1800-2025,Antigua and Barbuda,fao1952,58.0,432.0286466170874,1,0.013346793917923224,leeward islands antigua|fao1952|1950-1950; br west indies antigua|fao1952|1951-1951; british west indies antigua|fao1952|1949-1950,,
10.054342597864972,buffalo,heads,IND-1949-2025,India,mitchell,43400000.0,3151797.0640165973,5,1.369549719557504,india|mitchell|1949-1960,,
10.046663147275131,cattle,heads,CUB-1800-2025,Cuba,juan,3998953.5,109074.11801961382,36,3.649243163648669,cuba|juan|1901-1960,,
10.043946141368782,horses mules asses,1000 heads,MTQ-1816-2025,Martinique,fao1952,5.0,1126.8510732461853,8,0.0004417729359427037,martinique|fao1952|1935-1951; marcinique|fao1952|1949-1951,,
10.041470023722843,mules and hinnies,heads,ESP-1800-2025,Spain,juan,1049000.0,506132.2152565572,31,0.20640214727097855,spain|juan|1859-1960,,
10.036383703269872,pigs,1000 heads,CHE-1800-2025,Switzerland,fao1952,892.0,41471.63260807535,3,0.002143070535283847,switzerland|fao1952|1936-1951,,
10.032235313772377,olives,1000 tonnes,GRC-1947-2025,Greece (1947-2025),fao1952,188.0,129841.0864350498,3,0.00014432713750806443,greece|fao1952|1947-1951,,
10.028078739729725,cropa,1000 tonnes,LKA-1800-2025,Sri Lanka,fao1952,214.85,65954.96220180139,4,0.00032484048249375574,ceylon|fao1952|1937-1951,,
10.028070508961395,sweet potatoes,tonnes,JPN-1800-1895,Japan (to 1895),mitchell,1126500.0,371147.4432376307,10,0.30266858335749697,japan|mitchell|1851-1894,,
10.021349089810407,"beans, dry",ha,SLV-1821-2025,El Salvador,juan,25000.0,20558.112635569574,19,0.12134742824336048,el salvador|juan|1900-1960,,
10.016989752810149,sheep,heads,ROU-1920-1940,Romania (1920-1940),juan,12389000.0,296126.08291605173,18,4.1765949739573465,romania|juan|1920-1939,,
10.014748095033175,wheat,tonnes,ROU-1947-2025,Romania (1947-2025),juan,2975000.0,237353.3426676344,13,1.2515597503806208,romania|juan|1947-1960,,
10.014368443121834,mules and hinnies,heads,HTI-1800-2025,Haiti,mitchell,56000.0,27092.572875431946,2,0.20640214727097855,haiti|mitchell|1918-1960,,
10.010555318048077,poultry,1000 heads,LBN-1944-2025,Lebanon,fao1952,500.0,10199.46189186542,1,0.004897050411867877,lebanon|fao1952|1949-1951,,
10.001212149112249,"eggs, hen, in shell",tonnes,CHE-1800-2025,Switzerland,iia,22045.1,41471.63260807535,16,0.05315061583743646,switzerland|iia|1909-1945,,
9.997044079484752,swine / pigs,heads,F51-1938-1945,Czechoslovakia (1938-1945),juan,3097000.0,100712.76559040853,7,3.0759911130450983,czechoslovakia|juan|1938-1944,,
9.994545856401345,grapes,tonnes,ROU-1947-2025,Romania (1947-2025),juan,927500.0,237353.3426676344,6,0.3909808631507594,romania|juan|1947-1960,,
9.988048331181579,linseed,tonnes,LTU-1800-1918,Lithuania (Russian governorate),iia,24800.0,83898.82764949289,1,0.029594782551316402,lithuania|iia|None-None,,
9.983538018590455,hops,1000 hectares,F78-1949-1990,West Germany,fao1952,7.0,247551.87229475778,3,2.8323528006671033e-06,germany western|fao1952|1949-1951,,
9.971521689493066,"milk, whole fresh cow",tonnes,PAL-1920-1948,Palestine (1920-1948),iia,918050.0,27008.92924128763,2,3.4087686699863613,israel|iia|1922-1945,,
9.968203352388219,sesame seed,1000 tonnes,UGA-1926-1962,Uganda (1926-1962),fao1952,32.5,242015.3658348687,1,1.3471734996699686e-05,uganda|fao1952|1937-1951,,
9.963803469048814,cattle,heads,SLV-1821-2025,El Salvador,mitchell,747500.0,20558.112635569574,6,3.649243163648669,el salvador|mitchell|1894-1960,,
9.962048921111018,pesticides benzene hexachloride,tonnes,LUX-1839-2025,Luxembourg,fao1952,5.0,2590.86862192315,3,0.0001937206613078392,luxembourg|fao1952|1937-1951,,
9.960006994425331,cotton seed,tonnes,CHN-1932-1945,China (1932-1945),iia,1132300.0,6710151.482952717,13,0.016942189667314478,china mainland|iia|1932-1944,,
9.959830729030186,oats,tonnes,DEU-1920-1938,Germany (1920-1938),juan,5787525.0,470825.35311272315,18,1.2341873244512422,germany|juan|1920-1937,,
9.958360079007976,oats,1000 hectares,SAA-1947-1957,Saar Protectorate,fao1952,14.0,2565.2203150015116,3,0.0005480441413084785,france saar|fao1952|1948-1951; saar|fao1952|1949-1951,,
9.948642297283437,sweet potatoes,tonnes,CHN-1949-1950,China (1949-1950),mitchell,22757000.0,7557599.077736037,1,0.30266858335749697,china mainland|mitchell|1949-1949,,
9.946726567332364,linseed,1000 hectares,NLD-1830-2025,Netherlands,fao1952,19.5,38295.46118907003,4,5.1192592987458806e-05,netherlands|fao1952|1937-1951; necherlands|fao1952|1949-1951,,
9.943402492650097,use agricultural area arable land orchards,1000 hectares,GIB-1800-2025,Gibraltar,fao1952,1.0,7.148236781705717,1,0.014069091393512485,gibraltar|fao1952|1937-1951,,
9.933515012889616,"beans, dry",tonnes,BGR-1940-2025,Bulgaria (1940-2025),juan,96000.0,110980.16597322695,14,0.0870809003333971,bulgaria|juan|1940-1960,,
9.931438240486559,maize,ha,ITA-1870-1919,Italy (1870-1919),juan,1755000.0,284847.5059880116,27,0.6203725216879182,italy|juan|1870-1918,,
9.931237462076242,grapes,1000 tonnes,ESP-1800-2025,Spain,fao1952,2458.5,506132.2152565572,4,0.0004891058591250472,spain|fao1952|1937-1951,,
9.925323115921241,grapes,ha,HUN-1947-2025,Hungary (1947-2025),juan,216000.0,93004.31166177182,13,0.23399469656051022,hungary|juan|1947-1960,,
9.911265160841278,use builton wasteland,1000 hectares,SHN-1834-1967,Saint Helena (Crown Colony),fao1952,32.0,122.87068538689704,1,0.026276807670378346,st helena|fao1952|1931-1951,,
9.90368592144238,oats,tonnes,DEU-1920-1938,Germany (1920-1938),iia,5754900.0,470825.35311272315,1,1.2341873244512422,germany|iia|1920-1937,,
9.887984637663614,potatoes,ha,HUN-1800-1918,Kingdom of Hungary (Transleithania),juan,643900.0,325419.39849591354,15,0.200109268354486,hungary|juan|1851-1917,,
9.88497405402053,asses,heads,ETH-1941-1952,Ethiopia (1941-1952),mitchell,3083000.0,1127539.015022375,3,0.2766090676219527,ethiopia|mitchell|1942-1951,,
9.88335648333395,mustard seed,ha,NLD-1830-2025,Netherlands,juan,1549.1139537613,38295.46118907003,9,0.004092904408147481,netherlands|juan|1850-1960,,
9.874777488942014,grapes,ha,HUN-1920-1938,Hungary (1920-1938),juan,214900.0,93004.31166177182,18,0.23399469656051022,hungary|juan|1920-1937,,
9.871375046085735,sheep,heads,PRT-1800-2025,Portugal,juan,3785000.0,91804.90167728892,14,4.1765949739573465,portugal|juan|1850-1960,,
9.862081611399738,wheat,ha,HUN-1920-1938,Hungary (1920-1938),juan,1517600.0,93004.31166177182,18,1.6545718947173034,hungary|juan|1920-1937,,
9.859690192766221,irrigation arable land orchards vineyards,1000 hectares,PAK-1949-1971,Pakistan (1949-1971),fao1952,4445.0,1014356.6530305491,2,0.0004444447846753994,pakistan|fao1952|1949-1951,,
9.857302062939189,sweet potatoes yams,1000 hectares,LCA-1838-2025,Saint Lucia,fao1952,1.0,613.7318536183993,2,0.0001652963525547975,br west indies st lucia|fao1952|1949-1951; british west indies st lucia|fao1952|1939-1951; windward islands st lucia|fao1952|1950-1950,,
9.849832432560472,rapeseed,ha,ROU-1859-1913,Romania (to 1913),iia,74801.0,128450.72138905739,1,0.05912103303954976,romania|iia|1909-1912,,
9.842208633245821,cotton lint,1000 tonnes,IND-1949-2025,India,fao1952,593.0,3151797.0640165973,3,1.911630186555157e-05,india|fao1952|1949-1951,,
9.83331432675281,oats,ha,DEU-1800-1866,Prussia (to 1866),juan,3654500.0,271147.28531881707,2,1.3706380489911592,germany|juan|1850-1865,,
9.829618274053358,"milk, whole fresh cow",tonnes,EST-1918-1940,Estonia (interwar republic),iia,1652000.0,49303.28546832109,1,3.4087686699863613,estonia|iia|1929-1939,,
9.82893122242059,linseed,ha,EST-1918-1940,Estonia (interwar republic),juan,28000.0,49303.28546832109,21,0.05777977874840182,estonia|juan|1919-1939,,
9.819924065284,meat,tonnes,PRI-1800-2025,Puerto Rico,mitchell,19500.0,8972.444342985882,6,0.22131747605699448,puerto rico|mitchell|1850-1960,,
9.808664825289444,mustard seed,tonnes,ITA-1919-2025,Italy,juan,2107.3,300310.4439810905,1,0.0007153952244390988,italy|juan|1919-1960,,
9.805270571011004,yarn of true hemp,ha,SER-1878-1913,Kingdom of Serbia (1878-1913),iia,15395.0,52538.675334231506,1,0.029884155826031496,serbia|iia|1909-1911,,
9.80289689886972,oats,1000 tonnes,FRA-1919-2025,France,fao1952,3497.0,548057.8009401887,4,0.0006509008422604463,france|fao1952|1937-1951,,
9.801559086476159,linseed,ha,ARG-1902-2025,Argentina,juan,1575000.0,2781054.6380225588,59,0.05777977874840182,argentina|juan|1902-1960,,
9.796393813734753,rye,1000 hectares,SAA-1947-1957,Saar Protectorate,fao1952,12.0,2565.2203150015116,3,0.00047751865216439054,france saar|fao1952|1948-1951; saar|fao1952|1949-1951,,
9.793121045522017,"tobacco, unmanufactured",tonnes,NIC-1800-2025,Nicaragua,iia,64150.0,128076.61738376657,2,0.051145295153688305,nicaragua|iia|1910-1945,,
9.790195360835352,beer of barley,tonnes,FRA-1800-1871,"France (with Alsace-Lorraine, to 1871)",mitchell,544200.0,533998.9160465385,20,0.10409426519973411,france|mitchell|1850-1870,,
9.783415773979499,tomatoes,tonnes,ITA-1919-2025,Italy,juan,1023650.0,300310.4439810905,42,0.34840994599121466,italy|juan|1919-1960,,
9.776524447085613,oranges tangerines clementines,1000 tonnes,ESP-1800-2025,Spain,fao1952,980.0,506132.2152565572,4,0.00019805125743761192,spain|fao1952|1937-1951,,
9.772837553031142,oats,tonnes,DEU-1938-1945,Germany (1938-1945),juan,5990100.0,496629.26877206715,7,1.2341873244512422,germany|juan|1938-1944,,
9.765669428391261,edible pig fat,1000 tonnes,PRT-1800-2025,Portugal,fao1952,14.0,91804.90167728892,5,1.5615652886953084e-05,portugal|fao1952|1934-1951,,
9.765380139601884,sweet potatoes,ha,UGA-1926-1962,Uganda (1926-1962),mitchell,221000.0,242015.3658348687,15,0.0935104569254406,uganda|mitchell|1926-1960,,
9.761140777821689,rye,1000 hectares,NLD-1830-2025,Netherlands,fao1952,178.5,38295.46118907003,4,0.00047751865216439054,netherlands|fao1952|1937-1951; necherlands|fao1952|1949-1951,,
9.754817501188652,total tractors agriculture,number,MLT-1800-2025,Malta,fao1952,38.0,291.8686793911891,3,0.013346793917923224,malta|fao1952|1939-1951,,
9.751830212219213,cottonseed,1000 tonnes,KOR-1948-2025,South Korea,fao1952,40.0,97096.9362708301,3,4.2244320939598584e-05,korea south|fao1952|1948-1951; korea|fao1952|1949-1951,,
9.749993563640196,cotton lint,tonnes,IND-1893-1914,India (1893-1914),mitchell,574000.0,4815027.6418610485,21,0.01222668655598026,india|mitchell|1893-1913,,
9.736895090810892,total tractors agriculture,number,NZL-1840-2025,New Zealand,fao1952,34918.0,268690.2547565733,3,0.013346793917923224,new zealand|fao1952|1937-1951,,
9.73337570664135,cotton lint,1000 tonnes,SYR-1946-1967,Syrian Arab Republic (1946-1967),fao1952,35.0,188105.14616733234,3,1.911630186555157e-05,syria|fao1952|1949-1951,,
9.727763084762906,potatoes,ha,DNK-1920-2025,Denmark,juan,83000.0,42638.10583746177,41,0.200109268354486,denmark|juan|1920-1960,,
9.72769078490264,oats,1000 hectares,F51-1918-1938,Czechoslovakia (1918-1938),fao1952,748.0,140306.01867415186,1,0.0005480441413084785,czechoslovakia|fao1952|1937-1937,,
9.721841851737018,goats,heads,LSO-1886-1966,Lesotho (1886-1966),mitchell,642000.0,30503.327588120435,30,2.164907062620966,lesotho|mitchell|1904-1960,,
9.717265697599593,rapeseed,tonnes,CHN-1932-1945,China (1932-1945),iia,2418600.0,6710151.482952717,13,0.03709263160486512,china mainland|iia|1932-1944,,
9.714722395509021,other meat,1000 tonnes,GLP-1816-2025,Guadeloupe,fao1952,0.25,1650.2244307993958,2,1.5594325731753717e-05,guadeloupe|fao1952|1937-1951,,
9.712717959478216,"peas, dry",tonnes,DNK-1920-2025,Denmark,juan,15500.0,42638.10583746177,8,0.03742768943305867,denmark|juan|1920-1960,,
9.708085927191044,wheat,tonnes,HUN-1940-1944,Hungary (1940-1944),juan,1852200.0,152441.3128142145,4,1.2515597503806208,hungary|juan|1940-1943,,
9.706290954719016,sweet potatoes,ha,CUB-1800-2025,Cuba,juan,99000.0,109074.11801961382,3,0.0935104569254406,cuba|juan|1901-1960,,
9.682092896585235,wheat,tonnes,HUN-1944-1947,Hungary (1944-1947),juan,1127000.0,93004.31166177182,3,1.2515597503806208,hungary|juan|1944-1946,,
9.678919371744417,"milk, whole fresh cow",tonnes,GBR-1921-2025,United Kingdom,iia,8049150.0,243963.92905649156,8,3.4087686699863613,united kingdom|iia|1921-1945,,
9.67531167620529,pesticides copper sulphate,tonnes,DZA-1919-1962,Algeria (1919-1962),fao1952,12500.0,2318386.384660872,2,0.0005572617459487168,algeria|fao1952|1937-1951,,
9.650041925543281,oranges,ha,ESP-1800-2025,Spain,iia,69000.0,506132.2152565572,3,0.014127194015379808,spain|iia|1909-1945,,
9.646883870082638,cattle,1000 heads,IRL-1921-2025,Ireland,fao1952,4127.0,69564.5876553353,3,0.006149774667794115,ireland|fao1952|1937-1951,,
9.639147642783195,wheat,ha,ITA-1919-2025,Italy,juan,4789550.0,300310.4439810905,42,1.6545718947173034,italy|juan|1919-1960,,
9.620707826824729,tomatoes,tonnes,BGR-1940-2025,Bulgaria (1940-2025),juan,372000.0,110980.16597322695,5,0.34840994599121466,bulgaria|juan|1940-1960,,
9.619914881477865,tea,tonnes,IND-1949-2025,India,mitchell,307000.0,3151797.0640165973,12,0.010125323310140025,india|mitchell|1949-1960,,
9.619815598635947,potatoes,tonnes,ROU-1947-2025,Romania (1947-2025),juan,2376000.0,237353.3426676344,14,1.040601234644152,romania|juan|1947-1960,,
9.609653040099168,cotton lint,ha,USA-1959-2025,United States of America,mitchell,6156500.0,9461945.33959317,2,0.06770889735806021,united states of america|mitchell|1959-1960,,
9.601259051890757,soybeans,tonnes,USA-1867-1959,United States (1867-1959),juan,1838900.0,8906416.741310216,40,0.02150437935902786,united states of america|juan|1900-1958,,
9.58758179343701,rapeseed,ha,CHN-1932-1945,China (1932-1945),iia,3803500.0,6710151.482952717,6,0.05912103303954976,china mainland|iia|1932-1944,,
9.569878966699632,goats,heads,NGA-1960-1961,Nigeria (1960-1961),mitchell,17869000.0,862490.9493251519,1,2.164907062620966,nigeria|mitchell|1960-1960,,
9.567484410525664,sunflower seed,ha,ROU-1920-1940,Romania (1920-1940),juan,162000.0,296126.08291605173,12,0.05717953106849637,romania|juan|1920-1939,,
9.566293454541793,rye,tonnes,LTU-1918-1940,Lithuania (interwar republic),iia,537400.0,55903.56442743159,3,1.0048806036169755,lithuania|iia|1930-1939,,
9.561904031656137,olives,ha,PAL-1920-1948,Palestine (1920-1948),iia,56000.0,27008.92924128763,12,0.2168384425805653,israel|iia|1922-1945,,
9.561387933095494,sheep,heads,ROU-1940-1947,Romania (1940-1947),juan,7740500.0,193832.10595350157,6,4.1765949739573465,romania|juan|1940-1946,,
9.560861320202337,meat,1000 tonnes,GBR-1921-2025,United Kingdom,fao1952,349.0,243963.92905649156,16,0.00014962452649997936,united kingdom|fao1952|1937-1951; united kingdom great britain|fao1952|1937-1951,,
9.558160419666855,rye,ha,DEU-1871-1919,German Empire (1871-1919),juan,5939500.0,540040.6645623595,42,1.1506655434808784,germany|juan|1871-1918,,
9.558048361700473,pesticides 2 4 d,tonnes,LUX-1839-2025,Luxembourg,fao1952,5.0,2590.86862192315,3,0.0002019088659052706,luxembourg|fao1952|1937-1951,,
9.55587972701468,"groundnuts, with shell",ha,CIV-1932-1947,Côte d'Ivoire (1932-1947),iia,70000.0,467463.327028844,13,0.01567039051079133,ivory coast|iia|1932-1945,,
9.553759830414192,slaughter fats other than pig,1000 tonnes,NLD-1830-2025,Netherlands,fao1952,8.0,38295.46118907003,4,2.1865950643360243e-05,netherlands|fao1952|1937-1951; necherlands|fao1952|1949-1951,,
9.552243216447328,tomatoes,tonnes,ITA-1870-1919,Italy (1870-1919),juan,948000.0,284847.5059880116,9,0.34840994599121466,italy|juan|1870-1918,,
9.550268166457453,asses,heads,GRC-1919-1947,Greece (1919-1947),juan,343000.0,129841.0864350498,21,0.2766090676219527,greece|juan|1919-1946,,
9.544158496618802,cotton seed,ha,JAM-1800-2025,Jamaica,iia,8000.0,11001.039856468184,8,0.07619361970864685,jamaica|iia|1909-1945,,
9.539569782552118,"tobacco, unmanufactured",tonnes,GRC-1947-2025,Greece (1947-2025),juan,63350.0,129841.0864350498,14,0.051145295153688305,greece|juan|1947-1960,,
9.535251599685347,hempseed,tonnes,ROU-1940-1947,Romania (1940-1947),juan,22600.0,193832.10595350157,6,0.012227863101395568,romania|juan|1940-1946,,
9.534110130549763,hemp fiber,1000 hectares,HUN-1947-2025,Hungary (1947-2025),fao1952,28.0,93004.31166177182,1,3.1577284812529226e-05,hungary|fao1952|1947-1951,,
9.528865685921529,cacao,1000 hectares,FCM-1920-1960,French Cameroon (1920-1960),fao1952,136.0,422963.9422825594,3,3.374382869663275e-05,french cameroons|fao1952|1937-1951,,
9.528150092127332,seed cotton,ha,USA-1959-2025,United States of America,juan,6151000.0,9461945.33959317,2,0.06822706708404885,united states of america|juan|1959-1960,,
9.528110419967403,r_fao_population_1952_10_18,1000 people,IND-1949-2025,India,fao1952,360000.0,3151797.0640165973,1,0.011987744350629912,india|fao1952|1949-1951,,
9.519061962802951,sheep,heads,FRA-1871-1919,"France (without Alsace-Lorraine, 1871-1919)",juan,21163000.0,532305.2096529249,45,4.1765949739573465,france|juan|1871-1918,,
9.514143341315135,grapes,1000 tonnes,ROU-1920-1940,Romania (1920-1940),fao1952,1378.0,296126.08291605173,1,0.0004891058591250472,romania|fao1952|1937-1939,,
9.514037499607678,horses mules asses,1000 heads,BEL-1831-2025,Belgium,fao1952,129.0,30692.03925557064,8,0.0004417729359427037,belgium|fao1952|1937-1951,,
9.514024195985732,soybeans,ha,TWN-1895-1945,Formosa (Japanese Taiwan),iia,8044.0,35993.63707155193,11,0.023489949172274996,china taiwan province of|iia|1909-1944,,
9.511860007489028,meat,1000 tonnes,FRA-1919-2025,France,fao1952,780.0,548057.8009401887,16,0.00014962452649997936,france|fao1952|1937-1951,,
9.510411711314081,centrifugal sugar noncentrifugal cane sugar,1000 tonnes,HUN-1947-2025,Hungary (1947-2025),fao1952,260.0,93004.31166177182,3,0.0002939482959867938,hungary|fao1952|1947-1951,,
9.510302181733055,pigs,1000 heads,SLV-1821-2025,El Salvador,fao1952,419.0,20558.112635569574,1,0.002143070535283847,ei salvador|fao1952|1937-1951; el salvador|fao1952|1937-1951,,
9.50657333541656,beer of barley,tonnes,JPN-1952-2025,Japan,mitchell,367280.0,371147.4432376307,9,0.10409426519973411,japan|mitchell|1952-1960,,
9.506405459940046,"milk, whole fresh cow",tonnes,IRL-1921-2025,Ireland,iia,2254250.0,69564.5876553353,8,3.4087686699863613,ireland|iia|1929-1945,,
9.503987237806582,yarn of true hemp,ha,ITA-1870-1919,Italy (1870-1919),iia,80902.0,284847.5059880116,1,0.029884155826031496,italy|iia|1909-1918,,
9.480458350260548,wheat,tonnes,F51-1947-1993,Czechoslovakia (1947-1993),juan,1514000.0,127598.31888643919,14,1.2515597503806208,czechoslovakia|juan|1947-1960,,
9.472587586089036,castor beans seed,tonnes,HUN-1940-1944,Hungary (1940-1944),juan,4400.0,152441.3128142145,3,0.003047062530280163,hungary|juan|1940-1943,,
9.46516446343171,rice paddy,1000 hectares,GMB-1800-2025,Gambia,fao1952,24.0,10627.738270113981,3,0.0002385845005827523,gambia|fao1952|1937-1951,,
9.464721511047589,linseed,tonnes,URY-1828-2025,Uruguay,juan,49821.5,177866.3552194432,60,0.029594782551316402,uruguay|juan|1898-1960,,
9.44994685089576,dry peas,1000 hectares,IND-1949-2025,India,fao1952,1108.5,3151797.0640165973,2,3.721757608611355e-05,india|fao1952|1949-1951,,
9.449608871206703,"grain, mixed",tonnes,DEU-1949-1990,"Germany (divided, 1949-1990)",juan,1426500.0,356835.2226635201,12,0.42304856537452196,germany|juan|1949-1960,,
9.442775841667682,"tangerines, mandarins, clementines, satsumas",ha,JPN-1895-1945,Japanese Empire,iia,29809.0,626507.2861088028,10,0.0050387359559263475,japan|iia|1909-1944; palau|iia|1915-1918,,
9.433067726663188,potatoes,ha,FRA-1800-1871,"France (with Alsace-Lorraine, to 1871)",juan,1008000.0,533998.9160465385,20,0.200109268354486,france|juan|1850-1870,,
9.424076062933274,rye,tonnes,F51-1945-1947,Czechoslovakia (1945-1947),juan,1058500.0,111773.18236346252,2,1.0048806036169755,czechoslovakia|juan|1945-1946,,
9.421178782985262,r_fao_population_1952_10_18,1000 people,DEU-1949-1990,"Germany (divided, 1949-1990)",fao1952,40300.5,356835.2226635201,2,0.011987744350629912,germany|fao1952|1949-1951,,
9.419025340511666,pesticides sulphur dust,tonnes,LIE-1800-2025,Liechtenstein,fao1952,1.0,177.0231619716852,2,0.000599741278161007,liechtenstein|fao1952|1937-1951,,
9.413989386011284,sesame seed,1000 tonnes,CHN-1932-1945,China (1932-1945),fao1952,851.0,6710151.482952717,1,1.3471734996699686e-05,china 22 provinces|fao1952|1937-1939; china|fao1952|1937-1937,,
9.407327508024428,oranges,ha,ITA-1919-2025,Italy,juan,39911.0,300310.4439810905,27,0.014127194015379808,italy|juan|1919-1960,,
9.402880007473314,maize,tonnes,USA-1848-1867,United States (1848-1867),mitchell,19939500.0,3469141.0266383435,2,0.6112676534626276,united states of america|mitchell|1850-1866,,
9.397835618514934,seed cotton,tonnes,ALB-1913-2025,Albania (1913-2025),juan,8500.0,28623.66037700785,6,0.03159845956120467,albania|juan|1929-1960,,
9.38184784686187,grapes,tonnes,ROU-1940-1947,Romania (1940-1947),juan,711000.0,193832.10595350157,1,0.3909808631507594,romania|juan|1940-1946,,
9.379832513902157,lemons limes other citrus,1000 tonnes,JAM-1800-2025,Jamaica,fao1952,5.0,11001.039856468184,4,4.8455288370861826e-05,british west indies jamaica|fao1952|1938-1951; jamaica|fao1952|1949-1951; br west indies jamaica|fao1952|1949-1951,,
9.37512454837518,grapes,1000 hectares,GRC-1919-1947,Greece (1919-1947),fao1952,269.0,129841.0864350498,1,0.00022098515139293542,greece|fao1952|1937-1938,,
9.368545378169527,tomatoes,tonnes,NLD-1830-2025,Netherlands,juan,125000.0,38295.46118907003,7,0.34840994599121466,netherlands|juan|1850-1960,,
9.362065702758633,cotton lint,1000 hectares,USA-1867-1959,United States (1867-1959),fao1952,9010.5,8906416.741310216,4,0.00010806229678981088,united states|fao1952|1931-1951; united states and dependent territories|fao1952|1949-1951,,
9.357061987832175,groundnuts,1000 hectares,BTL-1920-1957,British Togoland (1920-1957),fao1952,11.0,26545.312271264902,1,4.4285886226149405e-05,british togoland|fao1952|1937-1951,,
9.354827787719477,sweet potatoes yams,1000 hectares,ZNZ-1890-1963,Zanzibar Protectorate,fao1952,4.0,2586.788513501411,3,0.0001652963525547975,zanzibar and pemba|fao1952|1937-1951,,
9.347959241161947,flax fibre and tow,tonnes,EST-1940-1991,Estonian SSR,juan,7900.0,49303.28546832109,1,0.017140931543133633,estonia|juan|1940-1958,,
9.34050886039362,dry beans,1000 hectares,KOR-1800-1945,Korea (to 1945),fao1952,239.0,219371.89647949164,1,0.00011663969475792196,korea|fao1952|1937-1937,,
9.340056568862124,hops,ha,BEL-1831-2025,Belgium,iia,1771.5,30692.03925557064,4,0.006179678837819134,belgium|iia|1909-1945,,
9.33785614649119,sesame seed,ha,LBN-1944-2025,Lebanon,iia,1500.0,10199.46189186542,2,0.01574950179384403,lebanon|iia|1944-1945,,
9.332888200899307,asses,heads,PRT-1800-2025,Portugal,juan,237000.0,91804.90167728892,7,0.2766090676219527,portugal|juan|1850-1960,,
9.326971977644934,sheep,1000 heads,CYP-1879-2025,Cyprus,fao1952,287.0,9123.352706704041,3,0.003372770260970567,cyprus|fao1952|1937-1951,,
9.325470975203018,oats,tonnes,IRL-1800-1921,Ireland (within United Kingdom),juan,971000.0,84365.98345404798,71,1.2341873244512422,ireland|juan|1850-1920,,
9.325447553730019,other meat,1000 tonnes,F78-1949-1990,West Germany,fao1952,36.0,247551.87229475778,12,1.5594325731753717e-05,germany western|fao1952|1949-1951,,
9.319221724401896,wheel tractors agriculture,number,GUM-1950-2025,Guam (US Territory),fao1952,25.5,550.3563917847312,2,0.004971832868108485,guam|fao1952|1950-1951,,
9.317061064236318,grapes,1000 hectares,LBN-1944-2025,Lebanon,fao1952,21.0,10199.46189186542,3,0.00022098515139293542,lebanon|fao1952|1949-1951,,
9.31631837737131,camels,heads,ETH-1941-1952,Ethiopia (1941-1952),mitchell,1480000.0,1127539.015022375,2,0.1408918317235133,ethiopia|mitchell|1942-1951,,
9.306139377798006,"cassava, fresh",ha,DOM-1800-2025,Dominican Republic,juan,75000.0,48332.9008946207,3,0.16674347528528602,dominican republic|juan|1900-1960,,
9.296596881875727,sheep,heads,ROU-1859-1913,Romania (to 1913),juan,4987500.0,128450.72138905739,8,4.1765949739573465,romania|juan|1860-1912,,
9.292020962046319,centrifugal sugar noncentrifugal cane sugar,1000 tonnes,DEU-1920-1938,Germany (1920-1938),fao1952,1286.0,470825.35311272315,1,0.0002939482959867938,germany|fao1952|1937-1937; germany western|fao1952|1937-1937; germany berlin|fao1952|1937-1937,,
9.290408685490302,soybeans,1000 tonnes,CHN-1950-2025,China (PRC),fao1952,3200.0,9369119.896358289,2,3.6763458669968475e-05,china 22 provinces|fao1952|1950-1951; china|fao1952|1950-1951; china and manchuria|fao1952|1950-1951,,
9.27976560482821,"tobacco, unmanufactured",ha,GRC-1881-1913,Greece (1881–1913),iia,15466.0,63611.58790153088,1,0.02620020940601075,greece|iia|1911-1911,,
9.279579673040086,hemp fiber,1000 tonnes,F248-1947-1991,Yugoslavia (1947-1991),fao1952,31.7,255146.9119704287,3,1.338876876051239e-05,yugoslavia|fao1952|1947-1951,,
9.27880293344437,"groundnuts, with shell",ha,FCM-1920-1960,French Cameroon (1920-1960),iia,61500.0,422963.9422825594,12,0.01567039051079133,cameroon|iia|1923-1945,,
9.278335528556942,dry peas,1000 tonnes,SBZ-1938-1949,Eastern Germany / Soviet Occupation Zone,fao1952,42.0,109271.16029246466,1,4.142606307360681e-05,germany eastern|fao1952|1938-1948,,
9.276885265771366,oats,1000 tonnes,DEU-1920-1938,Germany (1920-1938),fao1952,2843.0,470825.35311272315,3,0.0006509008422604463,germany|fao1952|1937-1937; germany western|fao1952|1937-1937; germany berlin|fao1952|1937-1937,,
9.272128947086092,"tobacco, unmanufactured",tonnes,IRQ-1921-1932,Iraq (British Mandate for Mesopotamia),iia,206854.95,436195.0833201114,2,0.051145295153688305,iraq|iia|1922-1931,,
9.271835482143102,"beans, dry",tonnes,ROU-1940-1947,Romania (1940-1947),juan,156500.0,193832.10595350157,7,0.0870809003333971,romania|juan|1940-1946,,
9.271109423749264,apples,tonnes,DNK-1920-2025,Denmark,juan,193000.0,42638.10583746177,12,0.4882336390671813,denmark|juan|1920-1960,,
9.265866396828963,other berries and fruits of the genus vaccinium n.e.c.,ha,KOR-1800-1945,Korea (to 1945),iia,76000.0,219371.89647949164,15,0.03738923407431606,south korea|iia|1909-1944,,
9.265549771633445,sesame seed,ha,SLV-1821-2025,El Salvador,juan,3000.0,20558.112635569574,5,0.01574950179384403,el salvador|juan|1900-1960,,
9.264883680428884,edible pig fat,1000 tonnes,CHE-1800-2025,Switzerland,fao1952,6.0,41471.63260807535,5,1.5615652886953084e-05,switzerland|fao1952|1936-1951,,
9.261241536840224,"silk-worm cocoons, reelable",tonnes,CYP-1879-2025,Cyprus,iia,147.846,9123.352706704041,27,0.001749789891421794,cyprus|iia|1909-1945,,
9.26108897489844,oats,tonnes,DEU-1866-1871,North German Confederation (1866-1871),juan,3952000.0,345759.2420559496,5,1.2341873244512422,germany|juan|1866-1870,,
9.244240055418246,flax fiber,1000 hectares,ISR-1948-1967,Israel (1948-1967),fao1952,8.0,20786.111689025718,1,4.163374862410566e-05,israel|fao1952|1948-1951,,
9.241834628393319,"groundnuts, with shell",tonnes,CHN-1932-1945,China (1932-1945),mitchell,2644000.0,6710151.482952717,5,0.04263545805358459,china mainland|mitchell|1932-1944,,
9.240164898121973,"tobacco, unmanufactured",ha,GRC-1881-1913,Greece (1881–1913),juan,15400.0,63611.58790153088,1,0.02620020940601075,greece|juan|1899-1913,,
9.234732171038388,sugar beet,tonnes,F51-1938-1945,Czechoslovakia (1938-1945),juan,4525000.0,100712.76559040853,7,4.8653014863989785,czechoslovakia|juan|1938-1944,,
9.232066860296921,hemp tow waste,ha,ITA-1870-1919,Italy (1870-1919),juan,86400.0,284847.5059880116,10,0.03285506873631145,italy|juan|1870-1918,,
9.228930389415867,cassava,1000 hectares,TON-1800-2025,Tonga,fao1952,1.0,756.9079967530139,3,0.00014315467526373506,tonga|fao1952|1937-1951,,
9.227454282280956,maize,tonnes,HUN-1918-1920,Hungary (1918-1920),juan,1835510.0,325419.39849591354,2,0.6112676534626276,hungary|juan|1918-1919,,
9.226685119938168,"onions, dry",ha,NLD-1830-2025,Netherlands,juan,6000.0,38295.46118907003,7,0.016980803901522522,netherlands|juan|1850-1960,,
9.225745822689001,pigs,1000 heads,LIE-1800-2025,Liechtenstein,fao1952,3.5,177.0231619716852,2,0.002143070535283847,liechtenstein|fao1952|1937-1951,,
9.219675722896307,groundnuts,1000 hectares,MMR-1885-2025,Myanmar,fao1952,276.0,675971.0487679241,4,4.4285886226149405e-05,burma|fao1952|1937-1951,,
9.207232748404778,rye,tonnes,DEU-1945-1949,Allied-occupied Germany,juan,3301500.0,356835.2226635201,4,1.0048806036169755,germany|juan|1945-1948,,
9.199992601163363,dry peas,1000 hectares,CHN-1950-2025,China (PRC),fao1952,3208.0,9369119.896358289,2,3.721757608611355e-05,china 22 provinces|fao1952|1950-1951; china|fao1952|1950-1951; china and manchuria|fao1952|1950-1951,,
9.197918764491394,wool clean basis,1000 tonnes,BGR-1940-2025,Bulgaria (1940-2025),fao1952,8.0,110980.16597322695,3,7.837093848313055e-06,bulgaria|fao1952|1947-1951,,
9.19239265246973,sorghum,tonnes,BFA-1947-1960,Burkina Faso (1947-1960),mitchell,596000.0,272321.8121533213,1,0.2380867706498152,burkina faso|mitchell|1948-1959,,
9.191331015605455,wine,tonnes,HUN-1944-1947,Hungary (1944-1947),iia,304095.0,93004.31166177182,1,0.35573597719855443,hungary|iia|1944-1945,,
9.184576680303286,maize,tonnes,BGR-1878-1913,Bulgaria (to 1913),juan,523115.0,93176.54746739783,12,0.6112676534626276,bulgaria|juan|1890-1912,,
9.180725063152536,hempseed,ha,ITA-1870-1919,Italy (1870-1919),juan,86400.0,284847.5059880116,10,0.03303880567022692,italy|juan|1870-1918,,
9.171047383323499,oats,1000 hectares,POL-1921-1945,Poland (1921-1945),fao1952,1952.0,388369.69735582283,1,0.0005480441413084785,poland|fao1952|1937-1939,,
9.170329838474885,chick peas,tonnes,GRC-1919-1947,Greece (1919-1947),juan,14000.0,129841.0864350498,1,0.011757931839471754,greece|juan|1919-1946,,
9.168742726635914,bananas,1000 hectares,TAN-1922-1964,Tanzania (1922-1964),fao1952,844.0,938879.6363242363,2,9.804438808654699e-05,tanganyika|fao1952|1937-1951,,
9.167722754680973,condensed evaporated milk,1000 tonnes,F78-1949-1990,West Germany,fao1952,86.0,247551.87229475778,3,3.7894027396516215e-05,germany western|fao1952|1949-1951,,
9.166429377081776,sheep,heads,ESP-1800-2025,Spain,juan,19377000.0,506132.2152565572,47,4.1765949739573465,spain|juan|1859-1960,,
9.16331399099028,hemp tow waste,ha,HUN-1947-2025,Hungary (1947-2025),juan,28000.0,93004.31166177182,8,0.03285506873631145,hungary|juan|1947-1960,,
9.16327859194087,Potatoes,Tons,VIC-1851-1900,Victoria (to 1900),sa_colonial,151119.0,238319.02370458806,15,0.06920053774964346,victoria|sa_colonial|1854-1898,,
9.159680405534923,"beans, dry",tonnes,ROU-1920-1940,Romania (1920-1940),juan,236200.0,296126.08291605173,7,0.0870809003333971,romania|juan|1920-1939,,
9.154228337797848,rice paddy,1000 tonnes,TTO-1800-2025,Trinidad and Tobago,fao1952,17.0,4952.729517430746,3,0.0003749579531697933,british west indies trinidad and tobago|fao1952|1937-1951; british west indies trinidad tobago|fao1952|1949-1951; leeward islands trinidad and tobago|fao1952|1951-1951,,
9.15277831666868,wine,ha,HUN-1940-1944,Hungary (1940-1944),iia,199000.0,152441.3128142145,4,0.14262558949686102,hungary|iia|1940-1943,,
9.145778472974902,use builton wasteland,1000 hectares,RWB-1922-1962,Ruanda-Urundi (1922-1962),fao1952,12581.0,52350.62635979226,1,0.026276807670378346,ruanda urundi|fao1952|1937-1951,,
9.141159868207817,cotton lint,tonnes,SLV-1821-2025,El Salvador,juan,2297.7,20558.112635569574,35,0.01222668655598026,el salvador|juan|1900-1960,,
9.138067509752284,sugar cane,tonnes,PER-1922-1942,Peru (1922-1942),juan,3319092.0,1204359.6155221104,14,0.3015843103313033,peru|juan|1922-1941,,
9.13273803150065,dry beans,1000 hectares,BGR-1919-1940,Bulgaria (1919-1940),fao1952,110.0,103263.13610091528,1,0.00011663969475792196,bulgaria|fao1952|1937-1939,,
9.128394390517133,chick peas,ha,ESP-1800-2025,Spain,juan,176790.0,506132.2152565572,101,0.038264788693938026,spain|juan|1859-1960,,
9.124439829028177,commercial nitrogenous fertilizers,1000 tonnes,F51-1947-1993,Czechoslovakia (1947-1993),fao1952,32.65,127598.31888643919,6,2.8043487484389995e-05,czechoslovakia|fao1952|1947-1951,,
9.117808118573436,grapes,tonnes,HUN-1944-1947,Hungary (1944-1947),juan,331550.0,93004.31166177182,2,0.3909808631507594,hungary|juan|1944-1946,,
9.117535051937454,sweet potatoes,tonnes,CUB-1800-2025,Cuba,juan,301000.0,109074.11801961382,6,0.30266858335749697,cuba|juan|1901-1960,,
9.116562066557622,sweet potatoes yams,1000 hectares,IDN-JVM-1949-1951,"Java and Madura (within Indonesia, 1949-1951)",fao1952,200.0,132719.7735856253,3,0.0001652963525547975,indonesia java and madura|fao1952|1949-1951,,
9.116522277367398,lentils,1000 tonnes,IRN-1828-2025,Iran,fao1952,512.0,1621559.0192368494,1,3.463442670580616e-05,iran|fao1952|1937-1951,,
9.11568963489705,cottonseed,1000 tonnes,GRC-1947-2025,Greece (1947-2025),fao1952,50.0,129841.0864350498,3,4.2244320939598584e-05,greece|fao1952|1947-1951,,
9.11235454548204,hempseed,ha,HUN-1947-2025,Hungary (1947-2025),juan,28000.0,93004.31166177182,8,0.03303880567022692,hungary|juan|1947-1960,,
9.111682275104092,cotton lint,1000 hectares,KOR-1800-1945,Korea (to 1945),fao1952,216.0,219371.89647949164,1,0.00010806229678981088,korea|fao1952|1937-1937,,
9.111349186647661,"groundnuts, with shell",tonnes,IND-1914-1937,India (1914-1937),mitchell,1899500.0,4889738.947332932,22,0.04263545805358459,india|mitchell|1914-1936,,
9.1045756219749,"groundnuts, with shell",tonnes,HKG-1842-2025,Hong Kong,iia,438.0,1128.3490558475178,1,0.04263545805358459,china hong kong sar|iia|1924-1924,,
9.100561645694809,millet,ha,IND-1949-2025,India,mitchell,18480500.0,3151797.0640165973,12,0.6442987290275457,india|mitchell|1949-1960,,
9.09431018868029,r_fao_population_1952_10_18,1000 people,GUM-1950-2025,Guam (US Territory),fao1952,60.0,550.3563917847312,1,0.011987744350629912,guam|fao1952|1950-1951,,
9.092007013980629,apples,tonnes,DEU-1949-1990,"Germany (divided, 1949-1990)",juan,1584000.0,356835.2226635201,11,0.4882336390671813,germany|juan|1949-1960,,
9.085228545317358,rapeseed,tonnes,F51-1947-1993,Czechoslovakia (1947-1993),juan,43000.0,127598.31888643919,7,0.03709263160486512,czechoslovakia|juan|1947-1960,,
9.080700421923476,dry peas,1000 tonnes,CHN-1949-1950,China (1949-1950),fao1952,2843.0,7557599.077736037,1,4.142606307360681e-05,china 22 provinces|fao1952|1949-1949; china|fao1952|1949-1949; china manchuria|fao1952|1949-1949,,
9.080075766689532,pesticides copper sulphate,tonnes,URY-1828-2025,Uruguay,fao1952,900.0,177866.3552194432,3,0.0005572617459487168,uruguay|fao1952|1937-1951,,
9.079298580654935,"groundnuts, with shell",tonnes,CHN-1932-1945,China (1932-1945),iia,2597500.0,6710151.482952717,3,0.04263545805358459,china mainland|iia|1932-1944,,
9.076864237307245,hemp fiber,1000 tonnes,KRS-1910-1945,Korea South (within Japanese Chosen),fao1952,11.8,97096.9362708301,1,1.338876876051239e-05,korea south|fao1952|1939-1939,,
9.076232021676116,p,tonnes,MAR-1911-1958,Morocco (to 1958),iia,998250.0,350267.7063170169,6,0.3140028796474058,morocco|iia|1911-1945,,
9.071653018237237,geese and guinea fowls,heads,HUN-1938-1940,Hungary (1938-1940),juan,2286000.0,108813.78983171615,1,2.3158256459744067,hungary|juan|1938-1939,,
9.068577109284682,soybeans,1000 tonnes,TWN-1945-2025,Taiwan,fao1952,12.0,35993.63707155193,3,3.6763458669968475e-05,china taiwan|fao1952|1948-1951; taiwan|fao1952|1949-1951,,
9.06754805370789,sorghum,tonnes,NGA-1914-1960,Nigeria (1914-1960),mitchell,1862000.0,862490.9493251519,1,0.2380867706498152,nigeria|mitchell|1914-1959,,
9.067378569752567,raisins,ha,GRC-1919-1947,Greece (1919-1947),iia,68786.0,129841.0864350498,7,0.05842600161647845,greece|iia|1919-1945,,
9.05649343357987,horses,heads,DNK-1864-1920,Denmark (to 1920),juan,486000.0,38600.96881216958,15,1.390202252681235,denmark|juan|1866-1919,,
9.056308825017407,wheat,ha,HUN-1938-1940,Hungary (1938-1940),juan,1630500.0,108813.78983171615,2,1.6545718947173034,hungary|juan|1938-1939,,
9.055321024152406,poultry,1000 heads,ETH-1941-1952,Ethiopia (1941-1952),fao1952,50000.0,1127539.015022375,1,0.004897050411867877,ethiopia|fao1952|1948-1951,,
9.054731366588442,cattle,heads,SLV-1821-2025,El Salvador,juan,679300.0,20558.112635569574,24,3.649243163648669,el salvador|juan|1900-1960,,
9.054292329375334,broad beans,1000 hectares,PRT-1800-2025,Portugal,fao1952,53.5,91804.90167728892,4,6.436257339408649e-05,portugal|fao1952|1934-1951,,
9.04684128928822,linseed,tonnes,NLD-1830-2025,Netherlands,iia,10253.2,38295.46118907003,2,0.029594782551316402,netherlands|iia|1909-1945,,
9.04108647229135,tomatoes,tonnes,GRC-1947-2025,Greece (1947-2025),juan,409000.0,129841.0864350498,7,0.34840994599121466,greece|juan|1947-1960,,
9.03737615126184,soybeans,1000 hectares,CHN-1949-1950,China (1949-1950),fao1952,3480.0,7557599.077736037,2,5.0951037971044265e-05,china 22 provinces|fao1952|1949-1949; china|fao1952|1949-1949; china manchuria|fao1952|1949-1949,,
9.034207740722207,"butter, cow milk",tonnes,AUT-1919-2025,Austria,iia,41100.0,84021.14316677154,8,0.05414559903477284,austria|iia|1919-1945,,
9.033602833284476,grapefruit (inc. pomelos),tonnes,JAM-1800-2025,Jamaica,iia,5800.0,11001.039856468184,17,0.05836241612061964,jamaica|iia|1909-1945,,
9.032367856721587,goats,1000 heads,MAR-1911-1958,Morocco (to 1958),fao1952,7350.0,350267.7063170169,3,0.0023231947845977954,french morocco|fao1952|1937-1951; morocco|fao1952|1950-1951,,
9.028349898428221,"rice, paddy",ha,MYS-1957-1963,Malaysia (1957-1963),mitchell,365000.0,131451.54252076847,3,0.3075521700544461,malaysia|mitchell|1957-1960,,
9.024811663967366,"tobacco, unmanufactured",ha,PHL-1800-2025,Philippines,iia,69002.5,291824.6113461748,30,0.02620020940601075,philippines|iia|1909-1945,,
9.023731568193924,oats,1000 hectares,GBR-1921-2025,United Kingdom,fao1952,1206.5,243963.92905649156,4,0.0005480441413084785,united kingdom|fao1952|1937-1951; united kingdom great britain|fao1952|1937-1951,,
9.022216120168208,"rice, paddy",tonnes,LKA-1800-2025,Sri Lanka,mitchell,217000.0,65954.96220180139,79,0.3646691560734893,sri lanka|mitchell|1850-1960,,
9.018010407604502,"butter, cow milk",tonnes,CHE-1800-2025,Switzerland,iia,20250.0,41471.63260807535,8,0.05414559903477284,switzerland|iia|1909-1945,,
9.014051518804544,linseed,1000 tonnes,ARG-1902-2025,Argentina,fao1952,617.5,2781054.6380225588,4,2.463243836113793e-05,argentina|fao1952|1937-1951,,
9.007225908737368,sesame seed,tonnes,GRC-1919-1947,Greece (1919-1947),iia,5100.0,129841.0864350498,3,0.004360808143068674,greece|iia|1919-1945,,
9.003738082519288,pesticides 2 4 d,tonnes,GLP-1816-2025,Guadeloupe,fao1952,3.0,1650.2244307993958,1,0.0002019088659052706,guadeloupe|fao1952|1937-1951,,
9.003549798705992,grapefruits,1000 tonnes,USA-1867-1959,United States (1867-1959),fao1952,1360.0,8906416.741310216,4,1.6959854612560134e-05,united states|fao1952|1931-1951; united states and dependent territories|fao1952|1949-1951,,
8.999131456200073,pesticides 2 4 d,tonnes,GUM-1898-1950,Territory of Guam,fao1952,1.0,550.3563917847312,1,0.0002019088659052706,guam|fao1952|1937-1949,,
8.994771878811523,oats,1000 hectares,F51-1947-1993,Czechoslovakia (1947-1993),fao1952,629.0,127598.31888643919,1,0.0005480441413084785,czechoslovakia|fao1952|1947-1951,,
8.987725483005367,other meat,1000 tonnes,IRL-1921-2025,Ireland,fao1952,9.75,69564.5876553353,12,1.5594325731753717e-05,ireland|fao1952|1937-1951,,
8.98543755785966,rye,ha,LTU-1940-1991,Lithuanian SSR,juan,578000.0,55903.56442743159,1,1.1506655434808784,lithuania|juan|1940-1940,,
8.98421778256843,maize,tonnes,MWI-1953-1964,Nyasaland within Federation of Rhodesia and Nyasaland,mitchell,650000.0,118359.10457997555,1,0.6112676534626276,malawi|mitchell|1953-1960,,
8.983644576356987,"chillies and peppers, green",ha,ITA-1919-2025,Italy,juan,13000.0,300310.4439810905,3,0.004818594214414129,italy|juan|1919-1960,,
8.975026532032988,horses,heads,DNK-1920-2025,Denmark,juan,532000.0,42638.10583746177,41,1.390202252681235,denmark|juan|1920-1960,,
8.968415208941263,rye,ha,POL-1919-1920,Poland (1919-1920),juan,2648300.0,256627.0109915525,1,1.1506655434808784,poland|juan|1919-1919,,
8.968393715705995,asses,heads,MAR-1958-1975,Morocco (1958-1975),mitchell,1000000.0,403105.68359629053,1,0.2766090676219527,morocco|mitchell|1958-1960,,
8.96602487413326,barley,tonnes,F51-1947-1993,Czechoslovakia (1947-1993),juan,1168000.0,127598.31888643919,14,1.02093466651402,czechoslovakia|juan|1947-1960,,
8.962418957437862,linseed,tonnes,LVA-1918-1940,Latvia (interwar republic),juan,17500.0,65977.77321237107,20,0.029594782551316402,latvia|juan|1920-1939,,
8.952810851631892,hemp tow waste,ha,SER-1878-1913,Kingdom of Serbia (1878-1913),iia,15454.0,52538.675334231506,3,0.03285506873631145,serbia|iia|1909-1911,,
8.942736653318578,wine,tonnes,ROU-1940-1947,Romania (1940-1947),iia,616629.0,193832.10595350157,5,0.35573597719855443,romania|iia|1940-1945,,
8.94040395333746,slaughter fats other than pig,1000 tonnes,BEL-1831-2025,Belgium,fao1952,6.0,30692.03925557064,2,2.1865950643360243e-05,belgium|fao1952|1937-1951,,
8.940387905970518,rye,ha,POL-1920-1921,Poland (1920-1921),juan,2928100.0,284629.8433655667,1,1.1506655434808784,poland|juan|1920-1920,,
8.940142436911097,hops,1000 tonnes,DEU-1920-1938,Germany (1920-1938),fao1952,9.1,470825.35311272315,1,2.161907525932986e-06,germany|fao1952|1937-1937; germany western|fao1952|1937-1937; germany berlin|fao1952|1937-1937,,
8.92933040596805,oats,tonnes,DEU-1871-1919,German Empire (1871-1919),juan,5951500.0,540040.6645623595,48,1.2341873244512422,germany|juan|1871-1918,,
8.923658989976882,butter,1000 tonnes,FRA-1919-2025,France,fao1952,226.0,548057.8009401887,4,4.621033422268359e-05,france|fao1952|1937-1951,,
8.923512490884672,sesame seed,ha,NIC-1800-2025,Nicaragua,juan,18000.0,128076.61738376657,11,0.01574950179384403,nicaragua|juan|1900-1960,,
8.921809392126562,"cassava, fresh",ha,TGO-1960-2025,Togo,mitchell,85000.0,57136.96084372611,1,0.16674347528528602,togo|mitchell|1960-1960,,
8.921527573128712,hemp tow waste,ha,SER-1878-1913,Kingdom of Serbia (1878-1913),juan,15400.0,52538.675334231506,3,0.03285506873631145,serbia|juan|1890-1912; yugoslav sfr|juan|1909-1911,,
8.919393461422437,sesame seed,tonnes,TWN-1895-1945,Formosa (Japanese Taiwan),iia,1400.0,35993.63707155193,15,0.004360808143068674,china taiwan province of|iia|1909-1944,,
8.918819934582693,tomatoes,ha,GRC-1947-2025,Greece (1947-2025),juan,23000.0,129841.0864350498,7,0.019861328720566368,greece|juan|1947-1960,,
8.897341789619702,r_fao_population_1952_10_18,1000 people,KOR-1800-1945,Korea (to 1945),fao1952,23398.0,219371.89647949164,1,0.011987744350629912,korea|fao1952|1937-1937,,
8.890665484351679,r_fao_population_1952_10_18,1000 people,HTI-1800-2025,Haiti,fao1952,2887.5,27092.572875431946,2,0.011987744350629912,haiti|fao1952|1937-1951,,
8.871912761428478,hempseed,ha,SER-1878-1913,Kingdom of Serbia (1878-1913),juan,15400.0,52538.675334231506,3,0.03303880567022692,serbia|juan|1890-1912; yugoslav sfr|juan|1909-1911,,
8.869941850987342,"groundnuts, with shell",ha,TAN-1922-1964,Tanzania (1922-1964),iia,130500.0,938879.6363242363,8,0.01567039051079133,tanzania|iia|1922-1945,,
8.862406561979832,linseed,tonnes,EST-1800-1918,Estonia (Governorate),juan,12931.314773499998,49303.28546832109,2,0.029594782551316402,estonia|juan|1908-1916,,
8.850278766608517,sweet potatoes,ha,DOM-1800-2025,Dominican Republic,juan,40000.0,48332.9008946207,6,0.0935104569254406,dominican republic|juan|1900-1960,,
8.841171608005629,wheat,ha,HUN-1947-2025,Hungary (1947-2025),juan,1360500.0,93004.31166177182,14,1.6545718947173034,hungary|juan|1947-1960,,
8.840468307639602,beer of barley,tonnes,USA-1959-2025,United States of America,mitchell,8707280.0,9461945.33959317,2,0.10409426519973411,united states of america|mitchell|1959-1960,,
8.823011686303012,cotton lint,1000 tonnes,KOR-1800-1945,Korea (to 1945),fao1952,37.0,219371.89647949164,1,1.911630186555157e-05,korea|fao1952|1937-1937,,
8.809665805625336,tractors all purposes,number,GLP-1816-2025,Guadeloupe,fao1952,160.0,1650.2244307993958,3,0.011005696608006713,guadeloupe|fao1952|1937-1951,,
8.805215882396631,swine / pigs,heads,HUN-1920-1938,Hungary (1920-1938),juan,2519000.0,93004.31166177182,17,3.0759911130450983,hungary|juan|1920-1937,,
8.798790435370893,sweet potatoes yams,1000 hectares,JAM-1800-2025,Jamaica,fao1952,16.0,11001.039856468184,1,0.0001652963525547975,british west indies jamaica|fao1952|1938-1951; jamaica|fao1952|1949-1951; br west indies jamaica|fao1952|1949-1951,,
8.796256821366553,rapeseed,ha,ROU-1859-1913,Romania (to 1913),juan,66800.0,128450.72138905739,4,0.05912103303954976,romania|juan|1860-1912,,
8.79134257684387,goats,1000 heads,LSO-1886-1966,Lesotho (1886-1966),fao1952,623.0,30503.327588120435,2,0.0023231947845977954,basutoland|fao1952|1937-1951,,
8.791313672079996,grapes,tonnes,F248-1947-1991,Yugoslavia (1947-1991),juan,877000.0,255146.9119704287,10,0.3909808631507594,yugoslav sfr|juan|1947-1960,,
8.784510801665844,edible pig fat,1000 tonnes,F248-1947-1991,Yugoslavia (1947-1991),fao1952,35.0,255146.9119704287,1,1.5615652886953084e-05,yugoslavia|fao1952|1947-1951,,
8.782158016634977,sheep,1000 heads,MAR-1911-1958,Morocco (to 1958),fao1952,10375.0,350267.7063170169,3,0.003372770260970567,french morocco|fao1952|1937-1951; morocco|fao1952|1950-1951,,
8.77269620237387,flax fibre and tow,tonnes,POL-1921-1945,Poland (1921-1945),iia,58400.0,388369.69735582283,3,0.017140931543133633,poland|iia|1921-1944,,
8.77223936933291,sheep,1000 heads,TUR-1920-2025,Türkiye (1920-2025),fao1952,23083.0,780180.368174527,3,0.003372770260970567,turkey|fao1952|1937-1951,,
8.758323860833322,wine,1000 tonnes,HUN-1947-2025,Hungary (1947-2025),fao1952,360.0,93004.31166177182,3,0.00044195537252680715,hungary|fao1952|1947-1951,,
8.757701340509142,"oil, olive, virgin",tonnes,LBN-1920-1944,Lebanon (1920-1944),iia,3800.0,10199.46189186542,5,0.04254183378069144,lebanon|iia|1923-1943,,
8.751780626580574,wine,tonnes,HUN-1938-1940,Hungary (1938-1940),iia,338772.5,108813.78983171615,2,0.35573597719855443,hungary|iia|1938-1939,,
8.746134046386382,cucumbers and gherkins,tonnes,ITA-1919-2025,Italy,juan,47200.0,300310.4439810905,3,0.017970304386256773,italy|juan|1919-1960,,
8.744457454708973,plums and sloes,tonnes,HUN-1947-2025,Hungary (1947-2025),juan,140000.0,93004.31166177182,5,0.17214407673987003,hungary|juan|1947-1960,,
8.74091663565505,meat,1000 tonnes,F51-1918-1938,Czechoslovakia (1918-1938),fao1952,183.5,140306.01867415186,4,0.00014962452649997936,czechoslovakia|fao1952|1937-1937,,
8.740489205713295,wheat,tonnes,ROU-1859-1913,Romania (to 1913),juan,1405153.846,128450.72138905739,37,1.2515597503806208,romania|juan|1860-1912,,
8.739577451159642,tobacco,1000 tonnes,PAK-1937-1947,"Pakistan (territory within British India, 1937–1947)",fao1952,151.4,932577.4281563342,1,1.857592889369951e-05,pakistan|fao1952|1937-1940,,
8.736295775221823,potatoes,ha,HUN-1940-1944,Hungary (1940-1944),juan,266500.0,152441.3128142145,4,0.200109268354486,hungary|juan|1940-1943,,
8.733341750908785,sesame seed,1000 tonnes,LBN-1944-2025,Lebanon,fao1952,1.2,10199.46189186542,3,1.3471734996699686e-05,lebanon|fao1952|1949-1951,,
8.732961927008537,cropa,1000 tonnes,TTO-1800-2025,Trinidad and Tobago,fao1952,14.05,4952.729517430746,4,0.00032484048249375574,british west indies trinidad and tobago|fao1952|1937-1951; british west indies trinidad tobago|fao1952|1949-1951; leeward islands trinidad and tobago|fao1952|1951-1951,,
8.726448476053543,wheat,tonnes,F51-1945-1947,Czechoslovakia (1945-1947),juan,1220750.0,111773.18236346252,2,1.2515597503806208,czechoslovakia|juan|1945-1946,,
8.725723783824504,"groundnuts, with shell",tonnes,CHN-1947-1949,China (1947-1949),mitchell,2825000.0,7593570.998321915,2,0.04263545805358459,china mainland|mitchell|1947-1948,,
8.725095210104742,pesticides nicotine sulphate,tonnes,ISR-1948-1967,Israel (1948-1967),fao1952,7.0,20786.111689025718,1,3.859709409957345e-05,israel|fao1952|1948-1951,,
8.723119696468547,swine / pigs,heads,DEU-1871-1919,German Empire (1871-1919),juan,14490500.0,540040.6645623595,14,3.0759911130450983,germany|juan|1871-1918,,
8.71518114834974,"beans, dry",ha,KOR-1800-1945,Korea (to 1945),iia,232000.0,219371.89647949164,5,0.12134742824336048,south korea|iia|1909-1944,,
8.71445944404054,"coffee, green",tonnes,BRA-1903-1909,Brazil (1903-1909),juan,1060105.9,8436947.876265718,6,0.014418611242477926,brazil|juan|1903-1908,,
8.70698504511279,sesame seed,tonnes,GRC-1919-1947,Greece (1919-1947),juan,4930.0,129841.0864350498,24,0.004360808143068674,greece|juan|1919-1946,,
8.704941796516733,coffee,1000 tonnes,COL-1922-2025,Colombia,fao1952,345.9,1135198.558349538,4,3.500361185590796e-05,colombia|fao1952|1937-1951,,
8.70362848539136,cassava,1000 tonnes,GLP-1816-2025,Guadeloupe,fao1952,15.0,1650.2244307993958,3,0.001044354402420143,guadeloupe|fao1952|1937-1951,,
8.7000644154853,maize,ha,BGR-1878-1913,Bulgaria (to 1913),juan,502900.0,93176.54746739783,12,0.6203725216879182,bulgaria|juan|1890-1912,,
8.695269883938378,horses,heads,HTI-1800-2025,Haiti,juan,327500.0,27092.572875431946,10,1.390202252681235,haiti|juan|1900-1960,,
8.682077812737724,other meat,1000 tonnes,USA-1867-1959,United States (1867-1959),fao1952,1205.85,8906416.741310216,8,1.5594325731753717e-05,united states|fao1952|1931-1951; united states and dependent territories|fao1952|1949-1951,,
8.66945876112862,sesame seed,1000 hectares,UGA-1926-1962,Uganda (1926-1962),fao1952,91.5,242015.3658348687,4,4.361000819290303e-05,uganda|fao1952|1937-1951,,
8.648927073094224,cotton lint,ha,ATG-1800-2025,Antigua and Barbuda,iia,253.0,432.0286466170874,23,0.06770889735806021,antigua and barbuda|iia|1909-1945,,
8.645872627757022,linseed,1000 hectares,IND-1949-2025,India,fao1952,1395.0,3151797.0640165973,3,5.1192592987458806e-05,india|fao1952|1949-1951,,
8.631703903877074,asses,heads,DOM-1800-2025,Dominican Republic,juan,115400.0,48332.9008946207,19,0.2766090676219527,dominican republic|juan|1900-1960,,
8.628748773630422,"oil, olive, virgin",tonnes,PRT-1800-2025,Portugal,juan,33700.0,91804.90167728892,79,0.04254183378069144,portugal|juan|1850-1960,,
8.624138683798634,pesticides benzene hexachloride,tonnes,MDG-1882-2025,Madagascar,fao1952,990.5,592874.5461428857,2,0.0001937206613078392,madagascar|fao1952|1939-1951,,
8.619940292114986,"rice, paddy",tonnes,GBM-1895-1946,British Malaya (1895-1946),mitchell,415000.0,132021.5438709664,21,0.3646691560734893,malaysia|mitchell|1898-1945,,
8.612654208740075,hemp tow waste,tonnes,ITA-1919-2025,Italy,juan,69100.0,300310.4439810905,42,0.02671594866826736,italy|juan|1919-1960,,
8.611396584792452,linseed,ha,URY-1828-2025,Uruguay,juan,88500.0,177866.3552194432,60,0.05777977874840182,uruguay|juan|1898-1960,,
8.610659646530411,groundnuts,1000 tonnes,BTL-1920-1957,British Togoland (1920-1957),fao1952,7.0,26545.312271264902,1,3.062483645856704e-05,british togoland|fao1952|1937-1951,,
8.608403138236577,groundnuts,1000 hectares,REU-1946-2025,Réunion (French Overseas Department),fao1952,1.0,2623.08318152435,3,4.4285886226149405e-05,reunion|fao1952|1949-1951,,
8.607854157181242,sugar cane,tonnes,VEN-1821-2025,Venezuela,juan,2364000.0,910633.930230538,7,0.3015843103313033,venezuela|juan|1900-1960,,
8.601103309231613,grapes,ha,HUN-1938-1940,Hungary (1938-1940),juan,219000.0,108813.78983171615,2,0.23399469656051022,hungary|juan|1938-1939,,
8.594483755482232,tobacco,1000 tonnes,BEL-1831-2025,Belgium,fao1952,4.9,30692.03925557064,4,1.857592889369951e-05,belgium|fao1952|1937-1951,,
8.592905862271097,hemp fiber,1000 tonnes,HUN-1920-1938,Hungary (1920-1938),fao1952,10.7,93004.31166177182,1,1.338876876051239e-05,hungary|fao1952|1937-1937,,
8.584792665462366,"groundnuts, with shell",tonnes,CHN-1945-1947,China (1945-1947),mitchell,2757000.0,7532445.916794096,1,0.04263545805358459,china mainland|mitchell|1945-1946,,
8.58267327099135,castor beans seed,ha,HUN-1944-1947,Hungary (1944-1947),juan,7000.0,93004.31166177182,1,0.00876945042414552,hungary|juan|1944-1946,,
8.581905623520555,use total,1000 hectares,NFK-1914-2025,Norfolk Island (Australian Territory),fao1952,35.0,40.660236586173234,1,0.10030311227615599,norfolk islands|fao1952|1949-1951,,
8.581585355134798,"rice, paddy",ha,LAO-1954-2025,Laos,mitchell,607000.0,229986.51314748867,7,0.3075521700544461,lao|mitchell|1954-1960,,
8.581505337838921,sugar cane,ha,HTI-1800-2025,Haiti,mitchell,18000.0,27092.572875431946,1,0.07742100024431484,haiti|mitchell|1918-1960,,
8.581328498099449,irrigation arable land orchards vineyards,1000 hectares,LBN-1944-2025,Lebanon,fao1952,38.9,10199.46189186542,2,0.0004444447846753994,lebanon|fao1952|1949-1951,,
8.57500933242041,lemons and limes,tonnes,VCT-1833-2025,Saint Vincent and the Grenadines,iia,100.0,393.7157412058466,13,0.02961983397613065,saint vincent and the grenadines|iia|1909-1945,,
8.573776770382231,"tobacco, unmanufactured",ha,HUN-1920-1938,Hungary (1920-1938),iia,20892.0,93004.31166177182,3,0.02620020940601075,hungary|iia|1920-1937,,
8.57374130065513,wheat,ha,ROU-1913-1918,Romania (1913-1918),juan,1932150.0,136202.4190877079,4,1.6545718947173034,romania|juan|1913-1917,,
8.573661242784592,sugar raw centrifugal,tonnes,JAM-1800-2025,Jamaica,mitchell,29000.0,11001.039856468184,108,0.3074665960637625,jamaica|mitchell|1850-1960,,
8.572995706526132,chick peas,ha,ITA-1919-2025,Italy,juan,98515.0,300310.4439810905,26,0.038264788693938026,italy|juan|1919-1960,,
8.572434120502313,poultry,1000 heads,TWN-1945-2025,Taiwan,fao1952,1511.0,35993.63707155193,12,0.004897050411867877,china taiwan|fao1952|1948-1951; taiwan|fao1952|1949-1951,,
8.566829274257461,rye,tonnes,F51-1938-1945,Czechoslovakia (1938-1945),iia,867000.0,100712.76559040853,7,1.0048806036169755,czech republic|iia|1938-1944,,
8.565061863628014,wool greasy basis,1000 tonnes,GBR-1921-2025,United Kingdom,fao1952,40.5,243963.92905649156,4,1.9382013869038335e-05,united kingdom|fao1952|1937-1951; united kingdom great britain|fao1952|1937-1951,,
8.54854951012697,cattle,1000 heads,TTPI-1947-1994,Trust Territory of the Pacific Islands,fao1952,106.5,2025.8065605565075,2,0.006149774667794115,pacific is us trust|fao1952|1949-1951; pacific is us tr|fao1952|1949-1951; pacific is u s|fao1952|1949-1951,,
8.544736585505593,peaches and nectarines,tonnes,ITA-1870-1919,Italy (1870-1919),juan,157400.0,284847.5059880116,9,0.06466862511709465,italy|juan|1870-1918,,
8.541404890495542,meat,1000 tonnes,TWN-1945-2025,Taiwan,fao1952,46.0,35993.63707155193,7,0.00014962452649997936,china taiwan|fao1952|1948-1951; taiwan|fao1952|1949-1951,,
8.535457507494687,oats,1000 hectares,F78-1949-1990,West Germany,fao1952,1158.0,247551.87229475778,3,0.0005480441413084785,germany western|fao1952|1949-1951,,
8.533645794404757,"rice, paddy",ha,MYS-1946-1957,Malayan Union / Federation of Malaya (1946-1957),mitchell,345000.0,131451.54252076847,8,0.3075521700544461,malaysia|mitchell|1946-1956,,
8.531757572191776,wheel tractors agriculture,number,GLP-1816-2025,Guadeloupe,fao1952,70.0,1650.2244307993958,3,0.004971832868108485,guadeloupe|fao1952|1937-1951,,
8.529041577868671,chickens,heads,NLD-1830-2025,Netherlands,juan,24945000.0,38295.46118907003,38,76.37231808129766,netherlands|juan|1850-1960,,
8.523435303566126,linseed,tonnes,NLD-1830-2025,Netherlands,juan,9660.0,38295.46118907003,59,0.029594782551316402,netherlands|juan|1850-1960,,
8.522303721394128,maize,ha,BGR-1913-1918,Bulgaria (1913-1918),juan,589400.0,111480.92679352257,5,0.6203725216879182,bulgaria|juan|1913-1917,,
8.518053229527752,use land,1000 hectares,GIB-1800-2025,Gibraltar,fao1952,6.0,7.148236781705717,1,0.09853986679488969,gibraltar|fao1952|1937-1951,,
8.517484428297394,maize,tonnes,MAN-1945-1950,"Manchuria (region, 1945-1950)",mitchell,4122000.0,791708.3482136662,1,0.6112676534626276,china manchuria province of|mitchell|1945-1948,,
8.512598449008765,flax fibre and tow,tonnes,POL-1945-2025,Poland (1945-2025),juan,45500.0,311827.7984931281,9,0.017140931543133633,poland|juan|1945-1960,,
8.508176276442375,r_fao_population_1952_10_18,1000 people,LKA-1800-2025,Sri Lanka,fao1952,6727.0,65954.96220180139,2,0.011987744350629912,ceylon|fao1952|1937-1951,,
8.505547014842028,p,tonnes,ITA-1919-2025,Italy,iia,802059.0,300310.4439810905,7,0.3140028796474058,italy|iia|1919-1945,,
8.50136599446998,asses,heads,CHN-1950-2025,China (PRC),mitchell,22032000.0,9369119.896358289,11,0.2766090676219527,china mainland|mitchell|1950-1960; china manchuria province of|mitchell|1950-1952,,
8.496811501738087,groundnuts,1000 hectares,FTO-1920-1960,French Togoland (1920-1960),fao1952,21.5,57136.96084372611,4,4.4285886226149405e-05,french togoland|fao1952|1937-1951,,
8.490304690984365,pesticides rotenone,tonnes,NLD-1830-2025,Netherlands,fao1952,10.0,38295.46118907003,3,3.075596938414092e-05,netherlands|fao1952|1937-1951; necherlands|fao1952|1949-1951,,
8.487373550856054,dry peas,1000 hectares,POL-1945-2025,Poland (1945-2025),fao1952,98.5,311827.7984931281,2,3.721757608611355e-05,poland|fao1952|1948-1951,,
8.48630589766958,flax fibre and tow,tonnes,F51-1938-1945,Czechoslovakia (1938-1945),juan,14650.0,100712.76559040853,6,0.017140931543133633,czechoslovakia|juan|1938-1944,,
8.48046432570181,rye,tonnes,NLD-1830-2025,Netherlands,juan,326348.33335,38295.46118907003,110,1.0048806036169755,netherlands|juan|1850-1960,,
8.472347030839304,rye,ha,DEU-1920-1938,Germany (1920-1938),iia,4590000.0,470825.35311272315,3,1.1506655434808784,germany|iia|1920-1937,,
8.469779400107948,swine / pigs,heads,AUT-1919-2025,Austria,juan,2189000.0,84021.14316677154,27,3.0759911130450983,austria|juan|1919-1960,,
8.464982878645106,hops,ha,DEU-1871-1919,German Empire (1871-1919),juan,28250.0,540040.6645623595,18,0.006179678837819134,germany|juan|1871-1918,,
8.463364428491705,rye,ha,DEU-1871-1919,German Empire (1871-1919),iia,5259187.0,540040.6645623595,1,1.1506655434808784,germany|iia|1909-1918,,
8.460335546451764,broad beans,1000 tonnes,CHN-1932-1945,China (1932-1945),fao1952,3018.0,6710151.482952717,1,5.31617566225664e-05,china 22 provinces|fao1952|1937-1939; china|fao1952|1937-1937,,
8.459953051926075,coffee,1000 tonnes,CUB-1800-2025,Cuba,fao1952,32.3,109074.11801961382,4,3.500361185590796e-05,cuba|fao1952|1937-1951,,
8.457147117806606,wool greasy basis,1000 tonnes,LSO-1886-1966,Lesotho (1886-1966),fao1952,5.0,30503.327588120435,4,1.9382013869038335e-05,basutoland|fao1952|1937-1951,,
8.456490750502242,"tobacco, unmanufactured",tonnes,BGR-1940-2025,Bulgaria (1940-2025),juan,48000.0,110980.16597322695,15,0.051145295153688305,bulgaria|juan|1940-1960,,
8.455633730475565,sesame seed,tonnes,TUR-1920-2025,Türkiye (1920-2025),iia,28767.9,780180.368174527,19,0.004360808143068674,turkey|iia|1924-1945,,
8.452330837302306,wool greasy basis,1000 tonnes,FLK-1833-2025,Falkland Islands,fao1952,2.0,12208.283559223244,4,1.9382013869038335e-05,falkland islands|fao1952|1937-1951,,
8.449772804409069,"coffee, green",tonnes,BRA-1909-2025,Brazil,juan,1032146.0,8471740.990890808,52,0.014418611242477926,brazil|juan|1909-1960,,
8.438666717462066,dried milk,1000 tonnes,GBR-1921-2025,United Kingdom,fao1952,19.0,243963.92905649156,7,9.228989395622084e-06,united kingdom|fao1952|1937-1951; united kingdom great britain|fao1952|1937-1951,,
8.43783850216299,centrifugal sugar noncentrifugal cane sugar,1000 tonnes,F78-1949-1990,West Germany,fao1952,614.0,247551.87229475778,3,0.0002939482959867938,germany western|fao1952|1949-1951,,
8.435993176085365,butter,1000 tonnes,SAA-1947-1957,Saar Protectorate,fao1952,1.0,2565.2203150015116,2,4.621033422268359e-05,france saar|fao1952|1948-1951; saar|fao1952|1949-1951,,
8.434339175653824,"rice, paddy",tonnes,SLE-1889-1961,Sierra Leone (1889-1961),mitchell,223000.0,72502.79840686856,42,0.3646691560734893,sierra leone|mitchell|1914-1960,,
8.431059398331104,sugar beet,tonnes,DNK-1920-2025,Denmark,juan,1749000.0,42638.10583746177,41,4.8653014863989785,denmark|juan|1920-1960,,
8.423001954497833,sugar beet,tonnes,NLD-1830-2025,Netherlands,juan,1569365.0,38295.46118907003,90,4.8653014863989785,netherlands|juan|1850-1960,,
8.420849175529934,horses mules asses,1000 heads,SBZ-1938-1949,Eastern Germany / Soviet Occupation Zone,fao1952,406.5,109271.16029246466,2,0.0004417729359427037,germany eastern|fao1952|1938-1948,,
8.417933235440742,"beans, dry",ha,SLV-1821-2025,El Salvador,iia,21000.0,20558.112635569574,1,0.12134742824336048,el salvador|iia|1910-1944,,
8.416501109316396,sugar beet,tonnes,F51-1947-1993,Czechoslovakia (1947-1993),juan,5225000.0,127598.31888643919,14,4.8653014863989785,czechoslovakia|juan|1947-1960,,
8.406949829976625,wheat,tonnes,BGR-1878-1913,Bulgaria (to 1913),juan,980385.0,93176.54746739783,12,1.2515597503806208,bulgaria|juan|1890-1912,,
8.400614112065107,sugar cane,tonnes,BRA-1909-2025,Brazil,juan,21463100.0,8471740.990890808,41,0.3015843103313033,brazil|juan|1909-1960,,
8.399951593486758,cotton seed,tonnes,CHN-1921-1932,China (1921-1932),iia,1066850.0,7496473.996208218,8,0.016942189667314478,china mainland|iia|1922-1931,,
8.398738613279136,sugar beet,ha,F51-1938-1945,Czechoslovakia (1938-1945),juan,196000.0,100712.76559040853,7,0.23171677964321036,czechoslovakia|juan|1938-1944,,
8.395878664791034,flax fiber,1000 hectares,POL-1945-2025,Poland (1945-2025),fao1952,109.0,311827.7984931281,1,4.163374862410566e-05,poland|fao1952|1948-1951,,
8.390628205634501,potatoes,tonnes,ITA-1919-2025,Italy,juan,2622100.0,300310.4439810905,42,1.040601234644152,italy|juan|1919-1960,,
8.38831083115309,"groundnuts, with shell",tonnes,CHN-1945-1947,China (1945-1947),iia,2693900.0,7532445.916794096,1,0.04263545805358459,china mainland|iia|1945-1945,,
8.38078339535265,potatoes,tonnes,HUN-1800-1918,Kingdom of Hungary (Transleithania),juan,2838000.0,325419.39849591354,53,1.040601234644152,hungary|juan|1851-1917,,
8.379741239072585,sweet potatoes yams,1000 tonnes,PRI-1800-2025,Puerto Rico,fao1952,53.0,8972.444342985882,4,0.0007049113258430571,puerto rico|fao1952|1935-1951,,
8.378260296910895,raisins,1000 tonnes,LBN-1920-1944,Lebanon (1920-1944),fao1952,2.0,10199.46189186542,1,2.3404474106085345e-05,lebanon|fao1952|1937-1938,,
8.37740637007757,pesticides ddt,tonnes,GRC-1947-2025,Greece (1947-2025),fao1952,270.0,129841.0864350498,1,0.00024822301177225895,greece|fao1952|1947-1951,,
8.377333152408115,cheese,1000 tonnes,FRA-1919-2025,France,fao1952,165.0,548057.8009401887,7,3.5937825325530566e-05,france|fao1952|1937-1951,,
8.370952098555351,rapeseed,ha,CHN-1921-1932,China (1921-1932),iia,3710000.0,7496473.996208218,1,0.05912103303954976,china mainland|iia|1922-1931,,
8.368312922120351,use total,1000 hectares,GIB-1800-2025,Gibraltar,fao1952,6.0,7.148236781705717,1,0.10030311227615599,gibraltar|fao1952|1937-1951,,
8.366251209261316,mules and hinnies,heads,SLV-1821-2025,El Salvador,mitchell,35500.0,20558.112635569574,2,0.20640214727097855,el salvador|mitchell|1894-1960,,
8.363849567122164,r_fao_population_1952_10_18,1000 people,REU-1946-2025,Réunion (French Overseas Department),fao1952,263.0,2623.08318152435,1,0.011987744350629912,reunion|fao1952|1949-1951,,
8.356647653924366,centrifugal sugar noncentrifugal cane sugar,1000 tonnes,POL-1921-1945,Poland (1921-1945),fao1952,954.0,388369.69735582283,1,0.0002939482959867938,poland|fao1952|1937-1939,,
8.35379784540463,wheat,tonnes,HUN-1800-1918,Kingdom of Hungary (Transleithania),juan,3402350.0,325419.39849591354,53,1.2515597503806208,hungary|juan|1851-1917,,
8.339314125184995,wool clean basis,1000 tonnes,PRT-1800-2025,Portugal,fao1952,6.0,91804.90167728892,4,7.837093848313055e-06,portugal|fao1952|1934-1951,,
8.33123999594226,funflower seed,1000 hectares,F248-1947-1991,Yugoslavia (1947-1991),fao1952,110.0,255146.9119704287,3,5.174789919115008e-05,yugoslavia|fao1952|1947-1951,,
8.326526678892396,rye,ha,DEU-1920-1938,Germany (1920-1938),juan,4511000.0,470825.35311272315,18,1.1506655434808784,germany|juan|1920-1937,,
8.315080572855315,cacao,1000 hectares,NGA-1914-1960,Nigeria (1914-1960),fao1952,242.0,862490.9493251519,1,3.374382869663275e-05,nigeria|fao1952|1937-1951,,
8.313129989370752,"peas, dry",ha,BEL-1831-2025,Belgium,juan,8000.0,30692.03925557064,10,0.03135448490525801,belgium|juan|1856-1960,,
8.312751144208223,hops,tonnes,AUT-1919-2025,Austria,iia,4900.0,84021.14316677154,3,0.007015565997551479,austria|iia|1919-1945,,
8.30617851099469,cattle,1000 heads,LBN-1944-2025,Lebanon,fao1952,521.0,10199.46189186542,2,0.006149774667794115,lebanon|fao1952|1949-1951,,
8.303837407114317,r_fao_population_1952_10_18,1000 people,ZNZ-1890-1963,Zanzibar Protectorate,fao1952,257.5,2586.788513501411,2,0.011987744350629912,zanzibar and pemba|fao1952|1937-1951,,
8.277344659974608,groundnuts,1000 tonnes,CHN-1950-2025,China (PRC),fao1952,2375.0,9369119.896358289,2,3.062483645856704e-05,china 22 provinces|fao1952|1950-1951; china|fao1952|1950-1951; china and manchuria|fao1952|1950-1951,,
8.276194814736838,rice paddy,1000 hectares,CHN-1950-2025,China (PRC),fao1952,18500.0,9369119.896358289,1,0.0002385845005827523,china 22 provinces|fao1952|1950-1951; china|fao1952|1950-1951; china and manchuria|fao1952|1950-1951,,
8.27084840010043,pigs,1000 heads,HKG-1842-2025,Hong Kong,fao1952,20.0,1128.3490558475178,3,0.002143070535283847,hong kong|fao1952|1937-1951,,
8.269514296696222,cottonseed,1000 hectares,KOR-1800-1945,Korea (to 1945),fao1952,216.0,219371.89647949164,1,0.00011906736948990218,korea|fao1952|1937-1937,,
8.26883633499827,"cassava, fresh",tonnes,TGO-1960-2025,Togo,mitchell,514000.0,57136.96084372611,1,1.0879315882565752,togo|mitchell|1960-1960,,
8.266442048640654,chick peas,1000 tonnes,PAK-1937-1947,"Pakistan (territory within British India, 1937–1947)",fao1952,329.0,932577.4281563342,1,4.2676851602685406e-05,pakistan|fao1952|1937-1940,,
8.246458428948982,barley,ha,DNK-1920-2025,Denmark,juan,396000.0,42638.10583746177,41,1.1262370457240938,denmark|juan|1920-1960,,
8.244749230034742,oats,tonnes,DEU-1949-1990,"Germany (divided, 1949-1990)",juan,3631000.0,356835.2226635201,12,1.2341873244512422,germany|juan|1949-1960,,
8.230652207049266,tea,tonnes,IND-1947-1949,India (1947-1949),mitchell,253500.0,3041829.122826827,2,0.010125323310140025,india|mitchell|1947-1948,,
8.230163980944878,"peas, dry",ha,HUN-1944-1947,Hungary (1944-1947),juan,24000.0,93004.31166177182,1,0.03135448490525801,hungary|juan|1944-1946,,
8.228904458859581,oats,tonnes,GBR-1921-2025,United Kingdom,juan,2477700.0,243963.92905649156,40,1.2341873244512422,united kingdom|juan|1921-1960,,
8.227667325882924,dry beans,1000 hectares,HTI-1800-2025,Haiti,fao1952,26.0,27092.572875431946,4,0.00011663969475792196,haiti|fao1952|1937-1951,,
8.226839553139019,sheep,heads,POL-1815-1918,Congress Poland (1815-1918),juan,4473000.0,130179.77280074757,1,4.1765949739573465,poland|juan|1913-1913,,
8.214652631725084,cattle,heads,IND-1914-1937,India (1914-1937),mitchell,146581000.0,4889738.947332932,23,3.649243163648669,india|mitchell|1914-1936,,
8.212032813046953,sugar beet,tonnes,DEU-1949-1990,"Germany (divided, 1949-1990)",juan,14257000.0,356835.2226635201,12,4.8653014863989785,germany|juan|1949-1960,,
8.210082587720262,asses,heads,ITA-1919-2025,Italy,juan,682000.0,300310.4439810905,27,0.2766090676219527,italy|juan|1919-1960,,
8.2077127803774,"tobacco, unmanufactured",ha,HUN-1947-2025,Hungary (1947-2025),juan,20000.0,93004.31166177182,8,0.02620020940601075,hungary|juan|1947-1960,,
8.205732865785931,dry peas,1000 tonnes,POL-1945-2025,Poland (1945-2025),fao1952,106.0,311827.7984931281,2,4.142606307360681e-05,poland|fao1952|1948-1951,,
8.201972638146875,linseed,1000 tonnes,POL-1945-2025,Poland (1945-2025),fao1952,63.0,311827.7984931281,3,2.463243836113793e-05,poland|fao1952|1948-1951,,
8.200101297490408,rapeseed,tonnes,ROU-1859-1913,Romania (to 1913),juan,39070.0,128450.72138905739,4,0.03709263160486512,romania|juan|1860-1912,,
8.18220287906779,"groundnuts, with shell",tonnes,BFA-1960-2025,Burkina Faso,mitchell,95000.0,272321.8121533213,1,0.04263545805358459,burkina faso|mitchell|1960-1960,,
8.179831285269207,cottonseed,1000 tonnes,SYR-1946-1967,Syrian Arab Republic (1946-1967),fao1952,65.0,188105.14616733234,3,4.2244320939598584e-05,syria|fao1952|1949-1951,,
8.177553708144494,"tobacco, unmanufactured",tonnes,VNM-1887-1954,Vietnam (French Indochina),iia,135550.0,324093.5795658952,16,0.051145295153688305,viet nam|iia|1930-1944,,
8.159480593795964,"rice, paddy",ha,THA-1907-1909,Thailand (1907-1909),mitchell,1387000.0,552707.237465378,2,0.3075521700544461,thailand|mitchell|1907-1908,,
8.151584260448416,asses,heads,CHN-1947-1949,China (1947-1949),mitchell,17122000.0,7593570.998321915,1,0.2766090676219527,china mainland|mitchell|1947-1948,,
8.131106621690103,rice paddy,1000 hectares,BSW-1841-1963,Sarawak (Brooke Raj / Crown Colony),fao1952,241.0,124229.62090094597,3,0.0002385845005827523,british borneo sarawak|fao1952|1937-1951; sarawak|fao1952|1951-1951,,
8.120445890697175,tomatoes,ha,HUN-1947-2025,Hungary (1947-2025),juan,15000.0,93004.31166177182,5,0.019861328720566368,hungary|juan|1947-1960,,
8.102425938612006,cotton lint,1000 hectares,SLV-1821-2025,El Salvador,fao1952,18.0,20558.112635569574,4,0.00010806229678981088,ei salvador|fao1952|1937-1951; el salvador|fao1952|1937-1951,,
8.101449571270823,wine,1000 tonnes,HUN-1920-1938,Hungary (1920-1938),fao1952,333.0,93004.31166177182,1,0.00044195537252680715,hungary|fao1952|1937-1937,,
8.099491699924702,tea,1000 tonnes,IND-1949-2025,India,fao1952,265.4,3151797.0640165973,3,1.039644612091253e-05,india|fao1952|1949-1951,,
8.08922403570287,dry peas,1000 hectares,HUN-1947-2025,Hungary (1947-2025),fao1952,28.0,93004.31166177182,3,3.721757608611355e-05,hungary|fao1952|1947-1951,,
8.08662074003767,barley,tonnes,DEU-1949-1990,"Germany (divided, 1949-1990)",juan,2946000.0,356835.2226635201,12,1.02093466651402,germany|juan|1949-1960,,
8.083164609291442,groundnuts,1000 tonnes,IDN-1949-1963,Indonesia (1949-1963),fao1952,363.0,1466396.5284180925,3,3.062483645856704e-05,indonesia|fao1952|1949-1951,,
8.076644541227155,"groundnuts, with shell",tonnes,NGA-1914-1960,Nigeria (1914-1960),mitchell,297000.0,862490.9493251519,37,0.04263545805358459,nigeria|mitchell|1914-1959,,
8.065363278837072,dried milk,1000 tonnes,NZL-1840-2025,New Zealand,fao1952,20.0,268690.2547565733,3,9.228989395622084e-06,new zealand|fao1952|1937-1951,,
8.059930044535884,centrifugal sugar noncentrifugal cane sugar,1000 tonnes,GBR-1921-2025,United Kingdom,fao1952,578.0,243963.92905649156,4,0.0002939482959867938,united kingdom|fao1952|1937-1951; united kingdom great britain|fao1952|1937-1951,,
8.059407578391799,rye,ha,DEU-1919-1920,Germany (1919-1920),juan,4403100.0,474795.2015708754,1,1.1506655434808784,germany|juan|1919-1919,,
8.056421962829058,yarn of true hemp,ha,POL-1815-1918,Congress Poland (1815-1918),iia,31342.0,130179.77280074757,1,0.029884155826031496,poland|iia|None-None,,
8.054584189887553,pigs,1000 heads,GUM-1950-2025,Guam (US Territory),fao1952,9.5,550.3563917847312,2,0.002143070535283847,guam|fao1952|1950-1951,,
8.052237858274266,"coffee, green",ha,NIC-1800-2025,Nicaragua,iia,50000.0,128076.61738376657,5,0.04848233858028317,nicaragua|iia|1910-1945,,
8.052237858274266,"coffee, green",ha,NIC-1800-2025,Nicaragua,juan,50000.0,128076.61738376657,10,0.04848233858028317,nicaragua|juan|1900-1960,,
8.050619261960598,soybeans,ha,ROU-1920-1940,Romania (1920-1940),iia,56000.0,296126.08291605173,5,0.023489949172274996,romania|iia|1920-1939,,
8.046917444402808,buffalo,heads,RVN-1954-1975,Republic of Vietnam (South Vietnam),mitchell,1857000.0,168501.8039144004,6,1.369549719557504,viet nam|mitchell|1955-1960,,
8.046091164219122,dry peas,1000 tonnes,HUN-1920-1938,Hungary (1920-1938),fao1952,31.0,93004.31166177182,1,4.142606307360681e-05,hungary|fao1952|1937-1937,,
8.04514548238899,oranges tangerines clementines,1000 tonnes,ITA-1919-2025,Italy,fao1952,478.5,300310.4439810905,4,0.00019805125743761192,italy|fao1952|1937-1951; ltaly|fao1952|1949-1951,,
8.038798960203515,flax fibre and tow,tonnes,IRL-1800-1921,Ireland (within United Kingdom),juan,11625.0,84365.98345404798,20,0.017140931543133633,ireland|juan|1850-1920,,
8.030679317298064,"melons, other (inc.cantaloupes)",ha,ESP-1800-2025,Spain,juan,22194.89697094305,506132.2152565572,98,0.005460556039629644,spain|juan|1859-1960,,
8.019988279457,commercial phosphoric acid,1000 tonnes,JPN-1895-1945,Japanese Empire,fao1952,312.35,626507.2861088028,2,6.216438630535554e-05,japan|fao1952|1936-1937,,
8.014780383301105,sugar beet,ha,BEL-1831-2025,Belgium,juan,57000.0,30692.03925557064,59,0.23171677964321036,belgium|juan|1856-1960,,
8.005048833505871,pigs,1000 heads,REU-1946-2025,Réunion (French Overseas Department),fao1952,45.0,2623.08318152435,2,0.002143070535283847,reunion|fao1952|1949-1951,,
