source,country,polity_code,item,unit,indicator,period,value,volume,volume_is_late,era_screened,implausible_tobacco_hops
iia,algeria,dza,cotton seed,tonnes,,1900-1913,0.692,iia_1925_26,no,no,
iia,antigua and barbuda,atg,cotton seed,tonnes,,1900-1913,124.0,iia_1925_26,no,no,
iia,argentina,arg,cotton seed,tonnes,,1900-1913,1485.0,iia_1925_26,no,no,
iia,australia,aus,cotton seed,tonnes,,1900-1913,38.0,iia_1925_26,no,no,
iia,barbados,brb,cotton seed,tonnes,,1900-1913,535.0,iia_1925_26,no,no,
iia,brazil,bra,cotton seed,tonnes,,1900-1913,181410.0,iia_1925_26,no,no,
iia,british virgin islands,rlam,cotton seed,tonnes,,1900-1913,41.0,iia_1925_26,no,no,
iia,bulgaria,bgr,cotton seed,tonnes,,1900-1913,252.0,iia_1925_26,no,no,
iia,"china, mainland",chn,cotton seed,tonnes,,1900-1913,1124260.0,iia_1925_26,no,no,
iia,colombia,col,cotton seed,tonnes,,1900-1913,2810.0,iia_1925_26,no,no,
iia,cyprus,cyp,cotton seed,tonnes,,1900-1913,1002.0,iia_1925_26,no,no,
iia,egypt,egy,cotton seed,tonnes,,1900-1913,617371.0,iia_1925_26,no,no,
iia,ghana,gha,cotton seed,tonnes,,1900-1913,1168.0,iia_1925_26,no,no,
iia,greece,grc,cotton seed,tonnes,,1900-1913,6372.0,iia_1925_26,no,no,
iia,grenada,grd,cotton seed,tonnes,,1900-1913,355.0,iia_1925_26,no,no,
iia,guatemala,gtm,cotton seed,tonnes,,1900-1913,73.0,iia_1925_26,no,no,
iia,haiti,hti,cotton seed,tonnes,,1900-1913,4682.0,iia_1925_26,no,no,
iia,india,ind,cotton seed,tonnes,,1900-1913,1810410.0,iia_1925_26,no,no,
iia,indonesia,idn,cotton seed,tonnes,,1900-1913,9297.0,iia_1925_26,no,no,
iia,iran,irn,cotton seed,tonnes,,1900-1913,55988.0,iia_1925_26,no,no,
iia,italy,ita,cotton seed,tonnes,,1900-1913,2623.0,iia_1925_26,no,no,
iia,japan,jpn,cotton seed,tonnes,,1900-1913,2495.0,iia_1925_26,no,no,
iia,kenya,ken,cotton seed,tonnes,,1900-1913,95.0,iia_1925_26,no,no,
iia,malawi,mwi,cotton seed,tonnes,,1900-1913,2547.0,iia_1925_26,no,no,
iia,malta,mlt,cotton seed,tonnes,,1900-1913,219.0,iia_1925_26,no,no,
iia,mexico,mex,cotton seed,tonnes,,1900-1913,101816.0,iia_1925_26,no,no,
iia,montserrat,rlam,cotton seed,tonnes,,1900-1913,332.0,iia_1925_26,no,no,
iia,nigeria,nga,cotton seed,tonnes,,1900-1913,4694.0,iia_1925_26,no,no,
iia,paraguay,pry,cotton seed,tonnes,,1900-1913,47.0,iia_1925_26,no,no,
iia,peru,per,cotton seed,tonnes,,1900-1913,60771.0,iia_1925_26,no,no,
iia,russian federation,rus,cotton seed,tonnes,,1900-1913,418586.0,iia_1925_26,no,no,
iia,saint kitts and nevis,kna,cotton seed,tonnes,,1900-1913,680.0,iia_1925_26,no,no,
iia,saint vincent and the grenadines,vct,cotton seed,tonnes,,1900-1913,518.0,iia_1925_26,no,no,
iia,south africa,zaf,cotton seed,tonnes,,1900-1913,38.0,iia_1925_26,no,no,
iia,south korea,kor,cotton seed,tonnes,,1900-1913,9781.0,iia_1925_26,no,no,
iia,tanzania,tza,cotton seed,tonnes,,1900-1913,4027.0,iia_1925_26,no,no,
iia,turkey,tur,cotton seed,tonnes,,1900-1913,51588.0,iia_1925_26,no,no,
iia,united states of america,usa,cotton seed,tonnes,,1900-1913,5269674.8,iia_1925_26,no,no,
iia,vanuatu,vut,cotton seed,tonnes,,1900-1913,277.0,iia_1925_26,no,no,
iia,algeria,dza,"silk-worm cocoons, reelable",tonnes,,1900-1913,4.9,iia_1925_26,no,no,
iia,bulgaria,bgr,"silk-worm cocoons, reelable",tonnes,,1900-1913,2050.0,iia_1925_26,no,no,
iia,"china, taiwan province of",twn,"silk-worm cocoons, reelable",tonnes,,1900-1913,17.227,iia_1925_26,no,no,
iia,france,fra,"silk-worm cocoons, reelable",tonnes,,1900-1913,5725.442,iia_1925_26,no,no,
iia,italy,ita,"silk-worm cocoons, reelable",tonnes,,1900-1913,40804.0,iia_1925_26,no,no,
iia,japan,jpn,"silk-worm cocoons, reelable",tonnes,,1900-1913,93393.39,iia_1925_26,no,no,
iia,mexico,mex,"silk-worm cocoons, reelable",tonnes,,1900-1913,2.51,iia_1925_26,no,no,
iia,morocco,mar,"silk-worm cocoons, reelable",tonnes,,1900-1913,0.92,iia_1925_26,no,no,
iia,romania,rou,"silk-worm cocoons, reelable",tonnes,,1900-1913,212.292,iia_1925_26,no,no,
iia,russian federation,rus,"silk-worm cocoons, reelable",tonnes,,1900-1913,10443.1,iia_1925_26,no,no,
iia,serbia,srb,"silk-worm cocoons, reelable",tonnes,,1900-1913,378.069,iia_1925_26,no,no,
iia,south korea,kor,"silk-worm cocoons, reelable",tonnes,,1900-1913,841.924,iia_1925_26,no,no,
iia,spain,esp,"silk-worm cocoons, reelable",tonnes,,1900-1913,1287.601,iia_1925_26,no,no,
iia,switzerland,che,"silk-worm cocoons, reelable",tonnes,,1900-1913,46.854,iia_1925_26,no,no,
iia,turkey,tur,"silk-worm cocoons, reelable",tonnes,,1900-1913,15023.775,iia_1925_26,no,no,
iia,austria,aut,wheat,tonnes,,1900-1913,247727.0,iia_1925_26,no,no,
iia,belgium,bel,wheat,tonnes,,1900-1913,18353.5,iia_1925_26,no,no,
iia,bulgaria,bgr,wheat,tonnes,,1900-1913,58565.0,iia_1925_26,no,no,
iia,canada,can,wheat,tonnes,,1900-1913,315767.5,iia_1925_26,no,no,
iia,denmark,dnk,wheat,tonnes,,1900-1913,65000.0,iia_1925_26,no,no,
iia,finland,fin,wheat,tonnes,,1900-1913,12469.4,iia_1925_26,no,no,
iia,france,fra,wheat,tonnes,,1900-1913,156457.6,iia_1925_26,no,no,
iia,greece,grc,wheat,tonnes,,1900-1913,21406.8,iia_1925_26,no,no,
iia,luxembourg,lux,wheat,tonnes,,1900-1913,22749.8,iia_1925_26,no,no,
iia,norway,nor,wheat,tonnes,,1900-1913,11148.3,iia_1925_26,no,no,
iia,spain,esp,wheat,tonnes,,1900-1913,29475.1,iia_1925_26,no,no,
iia,sweden,swe,wheat,tonnes,,1900-1913,319067.8,iia_1925_26,no,no,
iia,switzerland,che,wheat,tonnes,,1900-1913,10260.0,iia_1925_26,no,no,
iia,brazil,bra,"cacao, beans",tonnes,,1909-1913,31644.1,iia_1925_26,no,no,
iia,cameroon,cmr,"cacao, beans",tonnes,,1909-1913,3855.1,iia_1925_26,no,no,
iia,colombia,col,"cacao, beans",ha,,1909-1913,14701.0,iia_1925_26,no,no,
iia,colombia,col,"cacao, beans",tonnes,,1909-1913,3670.9,iia_1925_26,no,no,
iia,congo,cog,"cacao, beans",ha,,1909-1913,1230.0,iia_1925_26,no,no,
iia,congo,cog,"cacao, beans",tonnes,,1909-1913,106.9,iia_1925_26,no,no,
iia,costa rica,cri,"cacao, beans",ha,,1909-1913,4674.0,iia_1925_26,no,no,
iia,costa rica,cri,"cacao, beans",tonnes,,1909-1913,291.2,iia_1925_26,no,no,
iia,cuba,cub,"cacao, beans",tonnes,,1909-1913,1588.4,iia_1925_26,no,no,
iia,dominica,dma,"cacao, beans",tonnes,,1909-1913,544.7,iia_1925_26,no,no,
iia,dominican republic,dom,"cacao, beans",tonnes,,1909-1913,18274.5,iia_1925_26,no,no,
iia,dr congo,cod,"cacao, beans",ha,,1909-1913,3725.0,iia_1925_26,no,no,
iia,dr congo,cod,"cacao, beans",tonnes,,1909-1913,837.3,iia_1925_26,no,no,
iia,ecuador,ecu,"cacao, beans",tonnes,,1909-1913,37354.4,iia_1925_26,no,no,
iia,equatorial guinea,gnq,"cacao, beans",tonnes,,1909-1913,2595.6,iia_1925_26,no,no,
iia,french guiana,guf,"cacao, beans",tonnes,,1909-1913,18.4,iia_1925_26,no,no,
iia,ghana,gha,"cacao, beans",ha,,1909-1913,92700.0,iia_1925_26,no,no,
iia,ghana,gha,"cacao, beans",tonnes,,1909-1913,35151.7,iia_1925_26,no,no,
iia,grenada,grd,"cacao, beans",tonnes,,1909-1913,5616.1,iia_1925_26,no,no,
iia,guadeloupe,rlam,"cacao, beans",ha,,1909-1913,4750.0,iia_1925_26,no,no,
iia,guadeloupe,rlam,"cacao, beans",tonnes,,1909-1913,861.4,iia_1925_26,no,no,
iia,guatemala,gtm,"cacao, beans",tonnes,,1909-1913,149.0,iia_1925_26,no,no,
iia,guyana,guy,"cacao, beans",ha,,1909-1913,898.0,iia_1925_26,no,no,
iia,haiti,hti,"cacao, beans",tonnes,,1909-1913,2483.5,iia_1925_26,no,no,
iia,indonesia,idn,"cacao, beans",tonnes,,1909-1913,2345.0,iia_1925_26,no,no,
iia,ivory coast,civ,"cacao, beans",tonnes,,1909-1913,19.2,iia_1925_26,no,no,
iia,jamaica,jam,"cacao, beans",ha,,1909-1913,4714.0,iia_1925_26,no,no,
iia,jamaica,jam,"cacao, beans",tonnes,,1909-1913,2643.3,iia_1925_26,no,no,
iia,martinique,rlam,"cacao, beans",tonnes,,1909-1913,558.6,iia_1925_26,no,no,
iia,nicaragua,nic,"cacao, beans",ha,,1909-1913,4903.0,iia_1925_26,no,no,
iia,nicaragua,nic,"cacao, beans",tonnes,,1909-1913,260.3,iia_1925_26,no,no,
iia,nigeria,nga,"cacao, beans",tonnes,,1909-1913,3370.2,iia_1925_26,no,no,
iia,panama,pan,"cacao, beans",tonnes,,1909-1913,44.5,iia_1925_26,no,no,
iia,papua new guinea,png,"cacao, beans",ha,,1909-1913,384.0,iia_1925_26,no,no,
iia,philippines,phl,"cacao, beans",ha,,1909-1913,1138.0,iia_1925_26,no,no,
iia,philippines,phl,"cacao, beans",tonnes,,1909-1913,579.0,iia_1925_26,no,no,
iia,saint lucia,lca,"cacao, beans",ha,,1909-1913,2400.0,iia_1925_26,no,no,
iia,saint lucia,lca,"cacao, beans",tonnes,,1909-1913,855.5,iia_1925_26,no,no,
iia,saint vincent and the grenadines,vct,"cacao, beans",ha,,1909-1913,400.0,iia_1925_26,no,no,
iia,saint vincent and the grenadines,vct,"cacao, beans",tonnes,,1909-1913,108.9,iia_1925_26,no,no,
iia,samoa,wsm,"cacao, beans",ha,,1909-1913,2517.0,iia_1925_26,no,no,
iia,samoa,wsm,"cacao, beans",tonnes,,1909-1913,692.4,iia_1925_26,no,no,
iia,sao tome and principe,stp,"cacao, beans",tonnes,,1909-1913,35412.8,iia_1925_26,no,no,
iia,sierra leone,sle,"cacao, beans",ha,,1909-1913,180.0,iia_1925_26,no,no,
iia,sierra leone,sle,"cacao, beans",tonnes,,1909-1913,12.0,iia_1925_26,no,no,
iia,sri lanka,lka,"cacao, beans",ha,,1909-1913,13191.0,iia_1925_26,no,no,
iia,sri lanka,lka,"cacao, beans",tonnes,,1909-1913,3597.8,iia_1925_26,no,no,
iia,suriname,sur,"cacao, beans",ha,,1909-1913,9751.0,iia_1925_26,no,no,
iia,suriname,sur,"cacao, beans",tonnes,,1909-1913,1496.8,iia_1925_26,no,no,
iia,trinidad and tobago,tto,"cacao, beans",ha,,1909-1913,123000.0,iia_1925_26,no,no,
iia,trinidad and tobago,tto,"cacao, beans",tonnes,,1909-1913,18609.5,iia_1925_26,no,no,
iia,united states of america,usa,"cacao, beans",tonnes,,1909-1913,53.2,iia_1925_26,no,no,
iia,venezuela,ven,"cacao, beans",tonnes,,1909-1913,16052.0,iia_1925_26,no,no,
iia,angola,ago,"coffee, green",tonnes,,1909-1913,4744.5,iia_1925_26,no,no,
iia,argentina,arg,"coffee, green",ha,,1909-1913,653.0,iia_1925_26,no,no,
iia,australia,aus,"coffee, green",ha,,1909-1913,80.0,iia_1925_26,no,no,
iia,australia,aus,"coffee, green",tonnes,,1909-1913,48.2,iia_1925_26,no,no,
iia,brazil,bra,"coffee, green",ha,,1909-1913,1804731.0,iia_1925_26,no,no,
iia,brazil,bra,"coffee, green",tonnes,,1909-1913,705171.3,iia_1925_26,no,no,
iia,colombia,col,"coffee, green",ha,,1909-1913,46295.0,iia_1925_26,no,no,
iia,colombia,col,"coffee, green",tonnes,,1909-1913,68808.2,iia_1925_26,no,no,
iia,costa rica,cri,"coffee, green",ha,,1909-1913,28890.0,iia_1925_26,no,no,
iia,costa rica,cri,"coffee, green",tonnes,,1909-1913,14002.4,iia_1925_26,no,no,
iia,dominican republic,dom,"coffee, green",tonnes,,1909-1913,1756.4,iia_1925_26,no,no,
iia,dr congo,cod,"coffee, green",ha,,1909-1913,241.0,iia_1925_26,no,no,
iia,dr congo,cod,"coffee, green",tonnes,,1909-1913,66.2,iia_1925_26,no,no,
iia,ecuador,ecu,"coffee, green",tonnes,,1909-1913,3673.6,iia_1925_26,no,no,
iia,el salvador,slv,"coffee, green",tonnes,,1909-1913,30761.5,iia_1925_26,no,no,
iia,guadeloupe,rlam,"coffee, green",ha,,1909-1913,6508.0,iia_1925_26,no,no,
iia,guadeloupe,rlam,"coffee, green",tonnes,,1909-1913,859.2,iia_1925_26,no,no,
iia,guatemala,gtm,"coffee, green",ha,,1909-1913,134055.0,iia_1925_26,no,no,
iia,guatemala,gtm,"coffee, green",tonnes,,1909-1913,48203.8,iia_1925_26,no,no,
iia,guyana,guy,"coffee, green",ha,,1909-1913,1036.0,iia_1925_26,no,no,
iia,haiti,hti,"coffee, green",tonnes,,1909-1913,34831.9,iia_1925_26,no,no,
iia,honduras,hnd,"coffee, green",tonnes,,1909-1913,418.8,iia_1925_26,no,no,
iia,india,ind,"coffee, green",ha,,1909-1913,84062.0,iia_1925_26,no,no,
iia,india,ind,"coffee, green",tonnes,,1909-1913,14083.6,iia_1925_26,no,no,
iia,indonesia,idn,"coffee, green",ha,,1909-1913,186333.0,iia_1925_26,no,no,
iia,indonesia,idn,"coffee, green",tonnes,,1909-1913,35734.6,iia_1925_26,no,no,
iia,jamaica,jam,"coffee, green",ha,,1909-1913,8875.0,iia_1925_26,no,no,
iia,jamaica,jam,"coffee, green",tonnes,,1909-1913,3887.4,iia_1925_26,no,no,
iia,madagascar,mdg,"coffee, green",ha,,1909-1913,8579.0,iia_1925_26,no,no,
iia,madagascar,mdg,"coffee, green",tonnes,,1909-1913,1866.8,iia_1925_26,no,no,
iia,malawi,mwi,"coffee, green",ha,,1909-1913,1479.0,iia_1925_26,no,no,
iia,malawi,mwi,"coffee, green",tonnes,,1909-1913,202.1,iia_1925_26,no,no,
iia,mexico,mex,"coffee, green",tonnes,,1909-1913,34525.0,iia_1925_26,no,no,
iia,new caledonia,roce,"coffee, green",tonnes,,1909-1913,485.2,iia_1925_26,no,no,
iia,nicaragua,nic,"coffee, green",ha,,1909-1913,97000.0,iia_1925_26,no,no,
iia,nicaragua,nic,"coffee, green",tonnes,,1909-1913,8203.8,iia_1925_26,no,no,
iia,paraguay,pry,"coffee, green",ha,,1909-1913,190.0,iia_1925_26,no,no,
iia,paraguay,pry,"coffee, green",tonnes,,1909-1913,95.0,iia_1925_26,no,no,
iia,philippines,phl,"coffee, green",ha,,1909-1913,718.0,iia_1925_26,no,no,
iia,philippines,phl,"coffee, green",tonnes,,1909-1913,369.7,iia_1925_26,no,no,
iia,sierra leone,sle,"coffee, green",ha,,1909-1913,400.0,iia_1925_26,no,no,
iia,sierra leone,sle,"coffee, green",tonnes,,1909-1913,100.0,iia_1925_26,no,no,
iia,sri lanka,lka,"coffee, green",ha,,1909-1913,574.0,iia_1925_26,no,no,
iia,sri lanka,lka,"coffee, green",tonnes,,1909-1913,230.7,iia_1925_26,no,no,
iia,suriname,sur,"coffee, green",tonnes,,1909-1913,247.5,iia_1925_26,no,no,
iia,tanzania,tza,"coffee, green",ha,,1909-1913,3116.0,iia_1925_26,no,no,
iia,tanzania,tza,"coffee, green",tonnes,,1909-1913,1153.3,iia_1925_26,no,no,
iia,trinidad and tobago,tto,"coffee, green",ha,,1909-1913,1700.0,iia_1925_26,no,no,
iia,united states of america,usa,"coffee, green",ha,,1909-1913,64970.0,iia_1925_26,no,no,
iia,united states of america,usa,"coffee, green",tonnes,,1909-1913,24350.9,iia_1925_26,no,no,
iia,vanuatu,vut,"coffee, green",tonnes,,1909-1913,222.0,iia_1925_26,no,no,
iia,venezuela,ven,"coffee, green",tonnes,,1909-1913,52338.2,iia_1925_26,no,no,
iia,yemen,yem,"coffee, green",tonnes,,1909-1913,6998.1,iia_1925_26,no,no,
iia,algeria,dza,cotton lint,ha,,1909-1913,647.0,iia_1925_26,no,no,
iia,algeria,dza,cotton lint,tonnes,,1909-1913,297.1,iia_1925_26,no,no,
iia,antigua and barbuda,atg,cotton lint,ha,,1909-1913,305.0,iia_1925_26,no,no,
iia,antigua and barbuda,atg,cotton lint,tonnes,,1909-1913,53.3,iia_1925_26,no,no,
iia,argentina,arg,cotton lint,ha,,1909-1913,2091.0,iia_1925_26,no,no,
iia,argentina,arg,cotton lint,tonnes,,1909-1913,6375.0,iia_1925_26,no,no,
iia,australia,aus,cotton lint,ha,,1909-1913,150.0,iia_1925_26,no,no,
iia,australia,aus,cotton lint,tonnes,,1909-1913,16.3,iia_1925_26,no,no,
iia,barbados,brb,cotton lint,ha,,1909-1913,1658.0,iia_1925_26,no,no,
iia,barbados,brb,cotton lint,tonnes,,1909-1913,229.8,iia_1925_26,no,no,
iia,brazil,bra,cotton lint,ha,,1909-1913,359144.0,iia_1925_26,no,no,
iia,brazil,bra,cotton lint,tonnes,,1909-1913,90711.0,iia_1925_26,no,no,
iia,british virgin islands,rlam,cotton lint,tonnes,,1909-1913,17.6,iia_1925_26,no,no,
iia,bulgaria,bgr,cotton lint,ha,,1909-1913,1028.0,iia_1925_26,no,no,
iia,bulgaria,bgr,cotton lint,tonnes,,1909-1913,108.1,iia_1925_26,no,no,
iia,"china, mainland",chn,cotton lint,tonnes,,1909-1913,482515.0,iia_1925_26,no,no,
iia,colombia,col,cotton lint,ha,,1909-1913,4620.0,iia_1925_26,no,no,
iia,colombia,col,cotton lint,tonnes,,1909-1913,1205.8,iia_1925_26,no,no,
iia,cyprus,cyp,cotton lint,ha,,1909-1913,4210.0,iia_1925_26,no,no,
iia,cyprus,cyp,cotton lint,tonnes,,1909-1913,430.1,iia_1925_26,no,no,
iia,dominican republic,dom,cotton lint,tonnes,,1909-1913,252.1,iia_1925_26,no,no,
iia,egypt,egy,cotton lint,ha,,1909-1913,723086.0,iia_1925_26,no,no,
iia,egypt,egy,cotton lint,tonnes,,1909-1913,318112.4,iia_1925_26,no,no,
iia,ghana,gha,cotton lint,tonnes,,1909-1913,501.2,iia_1925_26,no,no,
iia,greece,grc,cotton lint,ha,,1909-1913,9042.0,iia_1925_26,no,no,
iia,greece,grc,cotton lint,tonnes,,1909-1913,27350.4,iia_1925_26,no,no,
iia,grenada,grd,cotton lint,ha,,1909-1913,1299.0,iia_1925_26,no,no,
iia,grenada,grd,cotton lint,tonnes,,1909-1913,152.3,iia_1925_26,no,no,
iia,guadeloupe,rlam,cotton lint,ha,,1909-1913,1207.0,iia_1925_26,no,no,
iia,guatemala,gtm,cotton lint,tonnes,,1909-1913,31.3,iia_1925_26,no,no,
iia,haiti,hti,cotton lint,tonnes,,1909-1913,2009.5,iia_1925_26,no,no,
iia,india,ind,cotton lint,ha,,1909-1913,9102104.0,iia_1925_26,no,no,
iia,india,ind,cotton lint,tonnes,,1909-1913,777000.1,iia_1925_26,no,no,
iia,indonesia,idn,cotton lint,ha,,1909-1913,145.0,iia_1925_26,no,no,
iia,indonesia,idn,cotton lint,tonnes,,1909-1913,3990.2,iia_1925_26,no,no,
iia,iran,irn,cotton lint,tonnes,,1909-1913,24029.1,iia_1925_26,no,no,
iia,italy,ita,cotton lint,ha,,1909-1913,3500.0,iia_1925_26,no,no,
iia,italy,ita,cotton lint,tonnes,,1909-1913,1130.0,iia_1925_26,no,no,
iia,jamaica,jam,cotton lint,ha,,1909-1913,51.0,iia_1925_26,no,no,
iia,jamaica,jam,cotton lint,tonnes,,1909-1913,14.4,iia_1925_26,no,no,
iia,japan,jpn,cotton lint,ha,,1909-1913,3071.0,iia_1925_26,no,no,
iia,japan,jpn,cotton lint,tonnes,,1909-1913,1071.0,iia_1925_26,no,no,
iia,kenya,ken,cotton lint,tonnes,,1909-1913,40.8,iia_1925_26,no,no,
iia,malawi,mwi,cotton lint,ha,,1909-1913,12431.0,iia_1925_26,no,no,
iia,malawi,mwi,cotton lint,tonnes,,1909-1913,1093.2,iia_1925_26,no,no,
iia,malta,mlt,cotton lint,ha,,1909-1913,403.0,iia_1925_26,no,no,
iia,malta,mlt,cotton lint,tonnes,,1909-1913,94.0,iia_1925_26,no,no,
iia,mexico,mex,cotton lint,ha,,1909-1913,99342.0,iia_1925_26,no,no,
iia,mexico,mex,cotton lint,tonnes,,1909-1913,43698.0,iia_1925_26,no,no,
iia,montserrat,rlam,cotton lint,ha,,1909-1913,859.0,iia_1925_26,no,no,
iia,montserrat,rlam,cotton lint,tonnes,,1909-1913,142.5,iia_1925_26,no,no,
iia,nicaragua,nic,cotton lint,tonnes,,1909-1913,64.0,iia_1925_26,no,no,
iia,nigeria,nga,cotton lint,tonnes,,1909-1913,2014.8,iia_1925_26,no,no,
iia,paraguay,pry,cotton lint,ha,,1909-1913,80.0,iia_1925_26,no,no,
iia,paraguay,pry,cotton lint,tonnes,,1909-1913,20.0,iia_1925_26,no,no,
iia,peru,per,cotton lint,ha,,1909-1913,66117.0,iia_1925_26,no,no,
iia,peru,per,cotton lint,tonnes,,1909-1913,26082.2,iia_1925_26,no,no,
iia,russian federation,rus,cotton lint,ha,,1909-1913,635656.0,iia_1925_26,no,no,
iia,russian federation,rus,cotton lint,tonnes,,1909-1913,196494.6,iia_1925_26,no,no,
iia,saint kitts and nevis,kna,cotton lint,ha,,1909-1913,1825.0,iia_1925_26,no,no,
iia,saint kitts and nevis,kna,cotton lint,tonnes,,1909-1913,292.0,iia_1925_26,no,no,
iia,saint vincent and the grenadines,vct,cotton lint,ha,,1909-1913,1562.0,iia_1925_26,no,no,
iia,saint vincent and the grenadines,vct,cotton lint,tonnes,,1909-1913,222.5,iia_1925_26,no,no,
iia,south africa,zaf,cotton lint,ha,,1909-1913,97.0,iia_1925_26,no,no,
iia,south africa,zaf,cotton lint,tonnes,,1909-1913,16.5,iia_1925_26,no,no,
iia,south korea,kor,cotton lint,ha,,1909-1913,59203.0,iia_1925_26,no,no,
iia,south korea,kor,cotton lint,tonnes,,1909-1913,4198.0,iia_1925_26,no,no,
iia,sri lanka,lka,cotton lint,ha,,1909-1913,91.0,iia_1925_26,no,no,
iia,tanzania,tza,cotton lint,ha,,1909-1913,12317.0,iia_1925_26,no,no,
iia,tanzania,tza,cotton lint,tonnes,,1909-1913,1728.4,iia_1925_26,no,no,
iia,thailand,tha,cotton lint,ha,,1909-1913,4790.0,iia_1925_26,no,no,
iia,turkey,tur,cotton lint,ha,,1909-1913,182467.0,iia_1925_26,no,no,
iia,turkey,tur,cotton lint,tonnes,,1909-1913,22140.7,iia_1925_26,no,no,
iia,united states of america,usa,cotton lint,ha,,1909-1913,13821156.0,iia_1925_26,no,no,
iia,united states of america,usa,cotton lint,tonnes,,1909-1913,2825905.2,iia_1925_26,no,no,
iia,vanuatu,vut,cotton lint,tonnes,,1909-1913,118.7,iia_1925_26,no,no,
iia,algeria,dza,cotton seed,ha,,1909-1913,647.0,iia_1925_26,no,no,
iia,antigua and barbuda,atg,cotton seed,ha,,1909-1913,305.0,iia_1925_26,no,no,
iia,argentina,arg,cotton seed,ha,,1909-1913,2091.0,iia_1925_26,no,no,
iia,australia,aus,cotton seed,ha,,1909-1913,150.0,iia_1925_26,no,no,
iia,barbados,brb,cotton seed,ha,,1909-1913,1658.0,iia_1925_26,no,no,
iia,brazil,bra,cotton seed,ha,,1909-1913,359144.0,iia_1925_26,no,no,
iia,bulgaria,bgr,cotton seed,ha,,1909-1913,1023.0,iia_1925_26,no,no,
iia,colombia,col,cotton seed,ha,,1909-1913,4620.0,iia_1925_26,no,no,
iia,cyprus,cyp,cotton seed,ha,,1909-1913,4210.0,iia_1925_26,no,no,
iia,egypt,egy,cotton seed,ha,,1909-1913,723086.0,iia_1925_26,no,no,
iia,greece,grc,cotton seed,ha,,1909-1913,9042.0,iia_1925_26,no,no,
iia,grenada,grd,cotton seed,ha,,1909-1913,1299.0,iia_1925_26,no,no,
iia,guadeloupe,rlam,cotton seed,ha,,1909-1913,1207.0,iia_1925_26,no,no,
iia,india,ind,cotton seed,ha,,1909-1913,9102104.0,iia_1925_26,no,no,
iia,indonesia,idn,cotton seed,ha,,1909-1913,145.0,iia_1925_26,no,no,
iia,italy,ita,cotton seed,ha,,1909-1913,3500.0,iia_1925_26,no,no,
iia,japan,jpn,cotton seed,ha,,1909-1913,3071.0,iia_1925_26,no,no,
iia,malawi,mwi,cotton seed,ha,,1909-1913,12431.0,iia_1925_26,no,no,
iia,malta,mlt,cotton seed,ha,,1909-1913,403.0,iia_1925_26,no,no,
iia,mexico,mex,cotton seed,ha,,1909-1913,99342.0,iia_1925_26,no,no,
iia,montserrat,rlam,cotton seed,ha,,1909-1913,859.0,iia_1925_26,no,no,
iia,paraguay,pry,cotton seed,ha,,1909-1913,80.0,iia_1925_26,no,no,
iia,peru,per,cotton seed,ha,,1909-1913,66117.0,iia_1925_26,no,no,
iia,russian federation,rus,cotton seed,ha,,1909-1913,635656.0,iia_1925_26,no,no,
iia,saint kitts and nevis,kna,cotton seed,ha,,1909-1913,1825.0,iia_1925_26,no,no,
iia,saint vincent and the grenadines,vct,cotton seed,ha,,1909-1913,1562.0,iia_1925_26,no,no,
iia,south africa,zaf,cotton seed,ha,,1909-1913,97.0,iia_1925_26,no,no,
iia,south korea,kor,cotton seed,ha,,1909-1913,59203.0,iia_1925_26,no,no,
iia,sri lanka,lka,cotton seed,ha,,1909-1913,91.0,iia_1925_26,no,no,
iia,tanzania,tza,cotton seed,ha,,1909-1913,12317.0,iia_1925_26,no,no,
iia,thailand,tha,cotton seed,ha,,1909-1913,4790.0,iia_1925_26,no,no,
iia,turkey,tur,cotton seed,ha,,1909-1913,182467.0,iia_1925_26,no,no,
iia,united states of america,usa,cotton seed,ha,,1909-1913,13821156.0,iia_1925_26,no,no,
iia,algeria,dza,flax fibre and tow,ha,,1909-1913,553.0,iia_1925_26,no,no,
iia,algeria,dza,flax fibre and tow,tonnes,,1909-1913,85.0,iia_1925_26,no,no,
iia,australia,aus,flax fibre and tow,ha,,1909-1913,427.0,iia_1925_26,no,no,
iia,australia,aus,flax fibre and tow,tonnes,,1909-1913,58.0,iia_1925_26,no,no,
iia,austria,aut,flax fibre and tow,ha,,1909-1913,5004.0,iia_1925_26,no,no,
iia,austria,aut,flax fibre and tow,tonnes,,1909-1913,3188.3,iia_1925_26,no,no,
iia,belgium,bel,flax fibre and tow,ha,,1909-1913,19802.0,iia_1925_26,no,no,
iia,belgium,bel,flax fibre and tow,tonnes,,1909-1913,23536.4,iia_1925_26,no,no,
iia,bulgaria,bgr,flax fibre and tow,ha,,1909-1913,154.0,iia_1925_26,no,no,
iia,bulgaria,bgr,flax fibre and tow,tonnes,,1909-1913,57.9,iia_1925_26,no,no,
iia,canada,can,flax fibre and tow,ha,,1909-1913,3763.0,iia_1925_26,no,no,
iia,canada,can,flax fibre and tow,tonnes,,1909-1913,1270.1,iia_1925_26,no,no,
iia,chile,chl,flax fibre and tow,tonnes,,1909-1913,57.6,iia_1925_26,no,no,
iia,egypt,egy,flax fibre and tow,ha,,1909-1913,1873.0,iia_1925_26,no,no,
iia,egypt,egy,flax fibre and tow,tonnes,,1909-1913,3295.5,iia_1925_26,no,no,
iia,estonia,est,flax fibre and tow,ha,,1909-1913,42102.0,iia_1925_26,no,no,
iia,estonia,est,flax fibre and tow,tonnes,,1909-1913,16917.1,iia_1925_26,no,no,
iia,finland,fin,flax fibre and tow,tonnes,,1909-1913,1924.9,iia_1925_26,no,no,
iia,france,fra,flax fibre and tow,ha,,1909-1913,24905.0,iia_1925_26,no,no,
iia,france,fra,flax fibre and tow,tonnes,,1909-1913,18426.4,iia_1925_26,no,no,
iia,germany,deu,flax fibre and tow,ha,,1909-1913,15887.0,iia_1925_26,no,no,
iia,hungary,hun,flax fibre and tow,ha,,1909-1913,2055.0,iia_1925_26,no,no,
iia,hungary,hun,flax fibre and tow,tonnes,,1909-1913,2942.5,iia_1925_26,no,no,
iia,ireland,irl,flax fibre and tow,ha,,1909-1913,4049.0,iia_1925_26,no,no,
iia,ireland,irl,flax fibre and tow,tonnes,,1909-1913,2064.9,iia_1925_26,no,no,
iia,italy,ita,flax fibre and tow,ha,,1909-1913,8880.0,iia_1925_26,no,no,
iia,italy,ita,flax fibre and tow,tonnes,,1909-1913,2860.0,iia_1925_26,no,no,
iia,japan,jpn,flax fibre and tow,ha,,1909-1913,4912.0,iia_1925_26,no,no,
iia,japan,jpn,flax fibre and tow,tonnes,,1909-1913,2332.2,iia_1925_26,no,no,
iia,latvia,lva,flax fibre and tow,ha,,1909-1913,69619.0,iia_1925_26,no,no,
iia,latvia,lva,flax fibre and tow,tonnes,,1909-1913,30229.5,iia_1925_26,no,no,
iia,lithuania,ltu,flax fibre and tow,ha,,1909-1913,55167.0,iia_1925_26,no,no,
iia,lithuania,ltu,flax fibre and tow,tonnes,,1909-1913,24160.0,iia_1925_26,no,no,
iia,netherlands,nld,flax fibre and tow,ha,,1909-1913,18377.0,iia_1925_26,no,no,
iia,netherlands,nld,flax fibre and tow,tonnes,,1909-1913,7836.3,iia_1925_26,no,no,
iia,poland,pol,flax fibre and tow,ha,,1909-1913,80445.0,iia_1925_26,no,no,
iia,poland,pol,flax fibre and tow,tonnes,,1909-1913,41020.0,iia_1925_26,no,no,
iia,romania,rou,flax fibre and tow,ha,,1909-1913,21152.0,iia_1925_26,no,no,
iia,romania,rou,flax fibre and tow,tonnes,,1909-1913,2206.2,iia_1925_26,no,no,
iia,russian federation,rus,flax fibre and tow,ha,,1909-1913,1235000.0,iia_1925_26,no,no,
iia,russian federation,rus,flax fibre and tow,tonnes,,1909-1913,490100.0,iia_1925_26,no,no,
iia,serbia,srb,flax fibre and tow,ha,,1909-1913,1580.0,iia_1925_26,no,no,
iia,serbia,srb,flax fibre and tow,tonnes,,1909-1913,685.4,iia_1925_26,no,no,
iia,spain,esp,flax fibre and tow,ha,,1909-1913,2074.0,iia_1925_26,no,no,
iia,spain,esp,flax fibre and tow,tonnes,,1909-1913,904.8,iia_1925_26,no,no,
iia,sweden,swe,flax fibre and tow,ha,,1909-1913,1555.0,iia_1925_26,no,no,
iia,sweden,swe,flax fibre and tow,tonnes,,1909-1913,611.7,iia_1925_26,no,no,
iia,united kingdom,gbr,flax fibre and tow,ha,,1909-1913,17601.0,iia_1925_26,no,no,
iia,united kingdom,gbr,flax fibre and tow,tonnes,,1909-1913,8685.5,iia_1925_26,no,no,
iia,argentina,arg,grapes,ha,,1909-1913,107201.0,iia_1925_26,no,no,
iia,argentina,arg,grapes,tonnes,,1909-1913,653236.0,iia_1925_26,no,no,
iia,australia,aus,grapes,ha,,1909-1913,24398.0,iia_1925_26,no,no,
iia,australia,aus,grapes,tonnes,,1909-1913,88521.7,iia_1925_26,no,no,
iia,bulgaria,bgr,grapes,ha,,1909-1913,54580.0,iia_1925_26,no,no,
iia,bulgaria,bgr,grapes,tonnes,,1909-1913,63297.0,iia_1925_26,no,no,
iia,cyprus,cyp,grapes,ha,,1909-1913,18502.0,iia_1925_26,no,no,
iia,cyprus,cyp,grapes,tonnes,,1909-1913,31263.0,iia_1925_26,no,no,
iia,egypt,egy,grapes,ha,,1909-1913,1736.0,iia_1925_26,no,no,
iia,egypt,egy,grapes,tonnes,,1909-1913,17274.3,iia_1925_26,no,no,
iia,france,fra,grapes,ha,,1909-1913,19065.0,iia_1925_26,no,no,
iia,france,fra,grapes,tonnes,,1909-1913,64737.3,iia_1925_26,no,no,
iia,greece,grc,grapes,ha,,1909-1913,4435.0,iia_1925_26,no,no,
iia,italy,ita,grapes,ha,,1909-1913,3472200.0,iia_1925_26,no,no,
iia,italy,ita,grapes,tonnes,,1909-1913,3604200.0,iia_1925_26,no,no,
iia,japan,jpn,grapes,tonnes,,1909-1913,13044.0,iia_1925_26,no,no,
iia,mexico,mex,grapes,ha,,1909-1913,4052.0,iia_1925_26,no,no,
iia,mexico,mex,grapes,tonnes,,1909-1913,2900.0,iia_1925_26,no,no,
iia,russian federation,rus,grapes,ha,,1909-1913,125302.0,iia_1925_26,no,no,
iia,russian federation,rus,grapes,tonnes,,1909-1913,570544.5,iia_1925_26,no,no,
iia,south korea,kor,grapes,tonnes,,1909-1913,483.1,iia_1925_26,no,no,
iia,spain,esp,grapes,ha,,1909-1913,1277913.0,iia_1925_26,no,no,
iia,spain,esp,grapes,tonnes,,1909-1913,2648790.2,iia_1925_26,no,no,
iia,united states of america,usa,grapes,tonnes,,1909-1913,1027515.1,iia_1925_26,no,no,
iia,uruguay,ury,grapes,ha,,1909-1913,6006.0,iia_1925_26,no,no,
iia,uruguay,ury,grapes,tonnes,,1909-1913,26572.5,iia_1925_26,no,no,
iia,algeria,dza,"groundnuts, with shell",ha,,1909-1913,151.0,iia_1925_26,no,no,
iia,algeria,dza,"groundnuts, with shell",tonnes,,1909-1913,230.1,iia_1925_26,no,no,
iia,argentina,arg,"groundnuts, with shell",ha,,1909-1913,15576.0,iia_1925_26,no,no,
iia,australia,aus,"groundnuts, with shell",ha,,1909-1913,51.0,iia_1925_26,no,no,
iia,australia,aus,"groundnuts, with shell",tonnes,,1909-1913,76.2,iia_1925_26,no,no,
iia,"china, mainland",chn,"groundnuts, with shell",ha,,1909-1913,2663.0,iia_1925_26,no,no,
iia,"china, mainland",chn,"groundnuts, with shell",tonnes,,1909-1913,2873.5,iia_1925_26,no,no,
iia,"china, taiwan province of",twn,"groundnuts, with shell",ha,,1909-1913,19117.0,iia_1925_26,no,no,
iia,"china, taiwan province of",twn,"groundnuts, with shell",tonnes,,1909-1913,13461.8,iia_1925_26,no,no,
iia,congo,cog,"groundnuts, with shell",ha,,1909-1913,44300.0,iia_1925_26,no,no,
iia,congo,cog,"groundnuts, with shell",tonnes,,1909-1913,56000.0,iia_1925_26,no,no,
iia,egypt,egy,"groundnuts, with shell",ha,,1909-1913,9149.0,iia_1925_26,no,no,
iia,egypt,egy,"groundnuts, with shell",tonnes,,1909-1913,9640.4,iia_1925_26,no,no,
iia,fiji,fji,"groundnuts, with shell",ha,,1909-1913,70.0,iia_1925_26,no,no,
iia,fiji,fji,"groundnuts, with shell",tonnes,,1909-1913,27.4,iia_1925_26,no,no,
iia,gabon,gab,"groundnuts, with shell",ha,,1909-1913,15.0,iia_1925_26,no,no,
iia,gabon,gab,"groundnuts, with shell",tonnes,,1909-1913,17.0,iia_1925_26,no,no,
iia,gambia,gmb,"groundnuts, with shell",tonnes,,1909-1913,59284.8,iia_1925_26,no,no,
iia,india,ind,"groundnuts, with shell",ha,,1909-1913,551930.0,iia_1925_26,no,no,
iia,india,ind,"groundnuts, with shell",tonnes,,1909-1913,606970.0,iia_1925_26,no,no,
iia,japan,jpn,"groundnuts, with shell",ha,,1909-1913,8084.0,iia_1925_26,no,no,
iia,japan,jpn,"groundnuts, with shell",tonnes,,1909-1913,19732.0,iia_1925_26,no,no,
iia,kenya,ken,"groundnuts, with shell",tonnes,,1909-1913,485.0,iia_1925_26,no,no,
iia,madagascar,mdg,"groundnuts, with shell",ha,,1909-1913,4820.0,iia_1925_26,no,no,
iia,malawi,mwi,"groundnuts, with shell",ha,,1909-1913,37.0,iia_1925_26,no,no,
iia,malawi,mwi,"groundnuts, with shell",tonnes,,1909-1913,39.9,iia_1925_26,no,no,
iia,mali,mli,"groundnuts, with shell",tonnes,,1909-1913,4671.8,iia_1925_26,no,no,
iia,mauritius,mus,"groundnuts, with shell",ha,,1909-1913,211.0,iia_1925_26,no,no,
iia,mozambique,moz,"groundnuts, with shell",tonnes,,1909-1913,8680.4,iia_1925_26,no,no,
iia,nigeria,nga,"groundnuts, with shell",tonnes,,1909-1913,5200.2,iia_1925_26,no,no,
iia,south africa,zaf,"groundnuts, with shell",tonnes,,1909-1913,1369.4,iia_1925_26,no,no,
iia,spain,esp,"groundnuts, with shell",ha,,1909-1913,7574.0,iia_1925_26,no,no,
iia,spain,esp,"groundnuts, with shell",tonnes,,1909-1913,15727.8,iia_1925_26,no,no,
iia,tanzania,tza,"groundnuts, with shell",tonnes,,1909-1913,4206.4,iia_1925_26,no,no,
iia,united states of america,usa,"groundnuts, with shell",ha,,1909-1913,352035.0,iia_1925_26,no,no,
iia,united states of america,usa,"groundnuts, with shell",tonnes,,1909-1913,193750.4,iia_1925_26,no,no,
iia,zimbabwe,zwe,"groundnuts, with shell",ha,,1909-1913,1231.0,iia_1925_26,no,no,
iia,zimbabwe,zwe,"groundnuts, with shell",tonnes,,1909-1913,813.4,iia_1925_26,no,no,
iia,austria,aut,hempseed,ha,,1909-1913,659.0,iia_1925_26,no,no,
iia,austria,aut,hempseed,tonnes,,1909-1913,408.8,iia_1925_26,no,no,
iia,belgium,bel,hempseed,ha,,1909-1913,279.0,iia_1925_26,no,no,
iia,bulgaria,bgr,hempseed,ha,,1909-1913,3288.0,iia_1925_26,no,no,
iia,bulgaria,bgr,hempseed,tonnes,,1909-1913,1431.8,iia_1925_26,no,no,
iia,chile,chl,hempseed,ha,,1909-1913,275.0,iia_1925_26,no,no,
iia,chile,chl,hempseed,tonnes,,1909-1913,1190.8,iia_1925_26,no,no,
iia,france,fra,hempseed,ha,,1909-1913,14168.0,iia_1925_26,no,no,
iia,france,fra,hempseed,tonnes,,1909-1913,7007.9,iia_1925_26,no,no,
iia,hungary,hun,hempseed,ha,,1909-1913,11001.0,iia_1925_26,no,no,
iia,hungary,hun,hempseed,tonnes,,1909-1913,4995.7,iia_1925_26,no,no,
iia,poland,pol,hempseed,ha,,1909-1913,31342.0,iia_1925_26,no,no,
iia,poland,pol,hempseed,tonnes,,1909-1913,17050.0,iia_1925_26,no,no,
iia,romania,rou,hempseed,ha,,1909-1913,5958.0,iia_1925_26,no,no,
iia,romania,rou,hempseed,tonnes,,1909-1913,1869.7,iia_1925_26,no,no,
iia,russian federation,rus,hempseed,ha,,1909-1913,679000.0,iia_1925_26,no,no,
iia,russian federation,rus,hempseed,tonnes,,1909-1913,389000.0,iia_1925_26,no,no,
iia,spain,esp,hempseed,ha,,1909-1913,8605.0,iia_1925_26,no,no,
iia,spain,esp,hempseed,tonnes,,1909-1913,3180.7,iia_1925_26,no,no,
iia,australia,aus,hops,ha,,1909-1913,507.0,iia_1925_26,no,no,
iia,australia,aus,hops,tonnes,,1909-1913,728.8,iia_1925_26,no,no,no
iia,austria,aut,hops,ha,,1909-1913,811.0,iia_1925_26,no,no,
iia,austria,aut,hops,tonnes,,1909-1913,327.5,iia_1925_26,no,no,no
iia,belgium,bel,hops,ha,,1909-1913,2150.0,iia_1925_26,no,no,
iia,belgium,bel,hops,tonnes,,1909-1913,3179.0,iia_1925_26,no,no,no
iia,canada,can,hops,ha,,1909-1913,359.0,iia_1925_26,no,no,
iia,canada,can,hops,tonnes,,1909-1913,509.5,iia_1925_26,no,no,no
iia,france,fra,hops,ha,,1909-1913,6909.0,iia_1925_26,no,no,
iia,france,fra,hops,tonnes,,1909-1913,6211.5,iia_1925_26,no,no,no
iia,germany,deu,hops,ha,,1909-1913,22203.0,iia_1925_26,no,no,
iia,germany,deu,hops,tonnes,,1909-1913,8741.5,iia_1925_26,no,no,no
iia,hungary,hun,hops,ha,,1909-1913,156.0,iia_1925_26,no,no,
iia,hungary,hun,hops,tonnes,,1909-1913,690.3,iia_1925_26,no,no,no
iia,new zealand,nzl,hops,ha,,1909-1913,267.0,iia_1925_26,no,no,
iia,new zealand,nzl,hops,tonnes,,1909-1913,325.5,iia_1925_26,no,no,no
iia,poland,pol,hops,ha,,1909-1913,4607.0,iia_1925_26,no,no,
iia,poland,pol,hops,tonnes,,1909-1913,2329.5,iia_1925_26,no,no,no
iia,russian federation,rus,hops,tonnes,,1909-1913,4409.6,iia_1925_26,no,no,no
iia,united kingdom,gbr,hops,ha,,1909-1913,13677.0,iia_1925_26,no,no,
iia,united kingdom,gbr,hops,tonnes,,1909-1913,14979.1,iia_1925_26,no,no,no
iia,united states of america,usa,hops,ha,,1909-1913,18087.0,iia_1925_26,no,no,
iia,united states of america,usa,hops,tonnes,,1909-1913,23431.9,iia_1925_26,no,no,no
iia,"china, taiwan province of",twn,jute,ha,,1909-1913,2174.0,iia_1925_26,no,no,
iia,"china, taiwan province of",twn,jute,tonnes,,1909-1913,2421.9,iia_1925_26,no,no,
iia,india,ind,jute,ha,,1909-1913,1198946.0,iia_1925_26,no,no,
iia,india,ind,jute,tonnes,,1909-1913,1528062.4,iia_1925_26,no,no,
iia,japan,jpn,jute,ha,,1909-1913,620.0,iia_1925_26,no,no,
iia,japan,jpn,jute,tonnes,,1909-1913,1075.2,iia_1925_26,no,no,
iia,nepal,npl,jute,tonnes,,1909-1913,13884.5,iia_1925_26,no,no,
iia,algeria,dza,linseed,ha,,1909-1913,553.0,iia_1925_26,no,no,
iia,algeria,dza,linseed,tonnes,,1909-1913,335.6,iia_1925_26,no,no,
iia,argentina,arg,linseed,ha,,1909-1913,1664684.0,iia_1925_26,no,no,
iia,argentina,arg,linseed,tonnes,,1909-1913,790406.2,iia_1925_26,no,no,
iia,australia,aus,linseed,ha,,1909-1913,427.0,iia_1925_26,no,no,
iia,australia,aus,linseed,tonnes,,1909-1913,223.7,iia_1925_26,no,no,
iia,austria,aut,linseed,ha,,1909-1913,5004.0,iia_1925_26,no,no,
iia,austria,aut,linseed,tonnes,,1909-1913,2786.3,iia_1925_26,no,no,
iia,belgium,bel,linseed,ha,,1909-1913,19802.0,iia_1925_26,no,no,
iia,belgium,bel,linseed,tonnes,,1909-1913,11987.8,iia_1925_26,no,no,
iia,bulgaria,bgr,linseed,ha,,1909-1913,154.0,iia_1925_26,no,no,
iia,bulgaria,bgr,linseed,tonnes,,1909-1913,56.5,iia_1925_26,no,no,
iia,canada,can,linseed,ha,,1909-1913,418793.0,iia_1925_26,no,no,
iia,canada,can,linseed,tonnes,,1909-1913,305838.5,iia_1925_26,no,no,
iia,chile,chl,linseed,tonnes,,1909-1913,477.2,iia_1925_26,no,no,
iia,egypt,egy,linseed,ha,,1909-1913,1873.0,iia_1925_26,no,no,
iia,egypt,egy,linseed,tonnes,,1909-1913,950.8,iia_1925_26,no,no,
iia,estonia,est,linseed,ha,,1909-1913,42192.0,iia_1925_26,no,no,
iia,estonia,est,linseed,tonnes,,1909-1913,16412.6,iia_1925_26,no,no,
iia,france,fra,linseed,ha,,1909-1913,24905.0,iia_1925_26,no,no,
iia,france,fra,linseed,tonnes,,1909-1913,13534.9,iia_1925_26,no,no,
iia,hungary,hun,linseed,ha,,1909-1913,2955.0,iia_1925_26,no,no,
iia,hungary,hun,linseed,tonnes,,1909-1913,1604.2,iia_1925_26,no,no,
iia,india,ind,linseed,ha,,1909-1913,256000.0,iia_1925_26,no,no,
iia,india,ind,linseed,tonnes,,1909-1913,123600.0,iia_1925_26,no,no,
iia,italy,ita,linseed,ha,,1909-1913,17080.0,iia_1925_26,no,no,
iia,italy,ita,linseed,tonnes,,1909-1913,8354.0,iia_1925_26,no,no,
iia,japan,jpn,linseed,ha,,1909-1913,4012.0,iia_1925_26,no,no,
iia,japan,jpn,linseed,tonnes,,1909-1913,2493.5,iia_1925_26,no,no,
iia,latvia,lva,linseed,ha,,1909-1913,69619.0,iia_1925_26,no,no,
iia,latvia,lva,linseed,tonnes,,1909-1913,25442.6,iia_1925_26,no,no,
iia,lithuania,ltu,linseed,ha,,1909-1913,55167.0,iia_1925_26,no,no,
iia,lithuania,ltu,linseed,tonnes,,1909-1913,24800.0,iia_1925_26,no,no,
iia,mexico,mex,linseed,tonnes,,1909-1913,6700.0,iia_1925_26,no,no,
iia,morocco,mar,linseed,ha,,1909-1913,7309.0,iia_1925_26,no,no,
iia,morocco,mar,linseed,tonnes,,1909-1913,6307.7,iia_1925_26,no,no,
iia,netherlands,nld,linseed,ha,,1909-1913,13377.0,iia_1925_26,no,no,
iia,netherlands,nld,linseed,tonnes,,1909-1913,9265.2,iia_1925_26,no,no,
iia,new zealand,nzl,linseed,ha,,1909-1913,1038.0,iia_1925_26,no,no,
iia,poland,pol,linseed,ha,,1909-1913,80445.0,iia_1925_26,no,no,
iia,poland,pol,linseed,tonnes,,1909-1913,44440.0,iia_1925_26,no,no,
iia,romania,rou,linseed,ha,,1909-1913,21152.0,iia_1925_26,no,no,
iia,romania,rou,linseed,tonnes,,1909-1913,11865.3,iia_1925_26,no,no,
iia,russian federation,rus,linseed,ha,,1909-1913,1235000.0,iia_1925_26,no,no,
iia,russian federation,rus,linseed,tonnes,,1909-1913,460600.0,iia_1925_26,no,no,
iia,spain,esp,linseed,ha,,1909-1913,2074.0,iia_1925_26,no,no,
iia,spain,esp,linseed,tonnes,,1909-1913,653.7,iia_1925_26,no,no,
iia,sweden,swe,linseed,ha,,1909-1913,1555.0,iia_1925_26,no,no,
iia,sweden,swe,linseed,tonnes,,1909-1913,350.2,iia_1925_26,no,no,
iia,tunisia,tun,linseed,ha,,1909-1913,2280.0,iia_1925_26,no,no,
iia,tunisia,tun,linseed,tonnes,,1909-1913,942.0,iia_1925_26,no,no,
iia,united kingdom,gbr,linseed,ha,,1909-1913,197.0,iia_1925_26,no,no,
iia,united states of america,usa,linseed,ha,,1909-1913,1007597.0,iia_1925_26,no,no,
iia,united states of america,usa,linseed,tonnes,,1909-1913,496401.6,iia_1925_26,no,no,
iia,uruguay,ury,linseed,ha,,1909-1913,51205.0,iia_1925_26,no,no,
iia,uruguay,ury,linseed,tonnes,,1909-1913,24154.1,iia_1925_26,no,no,
iia,philippines,phl,manila fibre (abaca),ha,,1909-1913,479332.0,iia_1925_26,no,no,
iia,philippines,phl,manila fibre (abaca),tonnes,,1909-1913,154480.3,iia_1925_26,no,no,
iia,algeria,dza,"oil, olive, virgin",tonnes,,1909-1913,28367.0,iia_1925_26,no,no,
iia,cyprus,cyp,"oil, olive, virgin",tonnes,,1909-1913,2804.4,iia_1925_26,no,no,
iia,france,fra,"oil, olive, virgin",tonnes,,1909-1913,9556.0,iia_1925_26,no,no,
iia,greece,grc,"oil, olive, virgin",tonnes,,1909-1913,82506.7,iia_1925_26,no,no,
iia,italy,ita,"oil, olive, virgin",tonnes,,1909-1913,163189.8,iia_1925_26,no,no,
iia,portugal,prt,"oil, olive, virgin",tonnes,,1909-1913,22742.0,iia_1925_26,no,no,
iia,spain,esp,"oil, olive, virgin",tonnes,,1909-1913,219697.4,iia_1925_26,no,no,
iia,tunisia,tun,"oil, olive, virgin",tonnes,,1909-1913,25482.8,iia_1925_26,no,no,
iia,algeria,dza,olives,ha,,1909-1913,67540.0,iia_1925_26,no,no,
iia,algeria,dza,olives,tonnes,,1909-1913,231701.6,iia_1925_26,no,no,
iia,chile,chl,olives,tonnes,,1909-1913,453.7,iia_1925_26,no,no,
iia,cyprus,cyp,olives,tonnes,,1909-1913,6728.0,iia_1925_26,no,no,
iia,france,fra,olives,tonnes,,1909-1913,57970.2,iia_1925_26,no,no,
iia,italy,ita,olives,ha,,1909-1913,1718400.0,iia_1925_26,no,no,
iia,italy,ita,olives,tonnes,,1909-1913,1076660.0,iia_1925_26,no,no,
iia,spain,esp,olives,ha,,1909-1913,1431027.0,iia_1925_26,no,no,
iia,spain,esp,olives,tonnes,,1909-1913,1216926.9,iia_1925_26,no,no,
iia,united states of america,usa,olives,tonnes,,1909-1913,7441.4,iia_1925_26,no,no,
iia,uruguay,ury,olives,ha,,1909-1913,740.0,iia_1925_26,no,no,
iia,uruguay,ury,olives,tonnes,,1909-1913,593.2,iia_1925_26,no,no,
iia,algeria,dza,other berries and fruits of the genus vaccinium n.e.c.,tonnes,,1909-1913,1250.0,iia_1925_26,no,no,
iia,bulgaria,bgr,other berries and fruits of the genus vaccinium n.e.c.,ha,,1909-1913,4105.0,iia_1925_26,no,no,
iia,bulgaria,bgr,other berries and fruits of the genus vaccinium n.e.c.,tonnes,,1909-1913,20464.9,iia_1925_26,no,no,
iia,france,fra,other berries and fruits of the genus vaccinium n.e.c.,tonnes,,1909-1913,150754.3,iia_1925_26,no,no,
iia,italy,ita,other berries and fruits of the genus vaccinium n.e.c.,tonnes,,1909-1913,1018040.0,iia_1925_26,no,no,
iia,japan,jpn,other berries and fruits of the genus vaccinium n.e.c.,ha,,1909-1913,442182.0,iia_1925_26,no,no,
iia,mexico,mex,other berries and fruits of the genus vaccinium n.e.c.,tonnes,,1909-1913,10000.0,iia_1925_26,no,no,
iia,spain,esp,other berries and fruits of the genus vaccinium n.e.c.,tonnes,,1909-1913,35927.6,iia_1925_26,no,no,
iia,chile,chl,raisins,tonnes,,1909-1913,711.9,iia_1925_26,no,no,
iia,cyprus,cyp,raisins,ha,,1909-1913,92.0,iia_1925_26,no,no,
iia,greece,grc,raisins,ha,,1909-1913,56287.0,iia_1925_26,no,no,
iia,greece,grc,raisins,tonnes,,1909-1913,145632.8,iia_1925_26,no,no,
iia,austria,aut,rapeseed,ha,,1909-1913,2293.0,iia_1925_26,no,no,
iia,austria,aut,rapeseed,tonnes,,1909-1913,3098.1,iia_1925_26,no,no,
iia,belgium,bel,rapeseed,ha,,1909-1913,623.0,iia_1925_26,no,no,
iia,belgium,bel,rapeseed,tonnes,,1909-1913,1879.3,iia_1925_26,no,no,
iia,bulgaria,bgr,rapeseed,ha,,1909-1913,6287.0,iia_1925_26,no,no,
iia,bulgaria,bgr,rapeseed,tonnes,,1909-1913,3009.7,iia_1925_26,no,no,
iia,"china, taiwan province of",twn,rapeseed,ha,,1909-1913,895.0,iia_1925_26,no,no,
iia,"china, taiwan province of",twn,rapeseed,tonnes,,1909-1913,235.2,iia_1925_26,no,no,
iia,france,fra,rapeseed,ha,,1909-1913,29053.0,iia_1925_26,no,no,
iia,france,fra,rapeseed,tonnes,,1909-1913,41130.8,iia_1925_26,no,no,
iia,germany,deu,rapeseed,ha,,1909-1913,28920.0,iia_1925_26,no,no,
iia,hungary,hun,rapeseed,ha,,1909-1913,12251.0,iia_1925_26,no,no,
iia,hungary,hun,rapeseed,tonnes,,1909-1913,10042.4,iia_1925_26,no,no,
iia,india,ind,rapeseed,ha,,1909-1913,974300.0,iia_1925_26,no,no,
iia,india,ind,rapeseed,tonnes,,1909-1913,530400.0,iia_1925_26,no,no,
iia,japan,jpn,rapeseed,ha,,1909-1913,135876.0,iia_1925_26,no,no,
iia,japan,jpn,rapeseed,tonnes,,1909-1913,121913.8,iia_1925_26,no,no,
iia,netherlands,nld,rapeseed,ha,,1909-1913,2075.0,iia_1925_26,no,no,
iia,netherlands,nld,rapeseed,tonnes,,1909-1913,3710.1,iia_1925_26,no,no,
iia,romania,rou,rapeseed,ha,,1909-1913,74801.0,iia_1925_26,no,no,
iia,romania,rou,rapeseed,tonnes,,1909-1913,51259.1,iia_1925_26,no,no,
iia,russian federation,rus,rapeseed,ha,,1909-1913,54482.0,iia_1925_26,no,no,
iia,russian federation,rus,rapeseed,tonnes,,1909-1913,57418.2,iia_1925_26,no,no,
iia,algeria,dza,rye,ha,,1909-1913,1132.0,iia_1925_26,no,no,
iia,algeria,dza,rye,tonnes,,1909-1913,995.0,iia_1925_26,no,no,
iia,argentina,arg,rye,ha,,1909-1913,34908.0,iia_1925_26,no,no,
iia,argentina,arg,rye,tonnes,,1909-1913,16261.2,iia_1925_26,no,no,
iia,australia,aus,rye,ha,,1909-1913,3579.0,iia_1925_26,no,no,
iia,australia,aus,rye,tonnes,,1909-1913,2886.6,iia_1925_26,no,no,
iia,austria,aut,rye,ha,,1909-1913,418644.0,iia_1925_26,no,no,
iia,austria,aut,rye,tonnes,,1909-1913,567867.2,iia_1925_26,no,no,
iia,belgium,bel,rye,ha,,1909-1913,262251.0,iia_1925_26,no,no,
iia,belgium,bel,rye,tonnes,,1909-1913,580838.1,iia_1925_26,no,no,
iia,bulgaria,bgr,rye,ha,,1909-1913,198192.0,iia_1925_26,no,no,
iia,bulgaria,bgr,rye,tonnes,,1909-1913,155238.2,iia_1925_26,no,no,
iia,canada,can,rye,ha,,1909-1913,47200.0,iia_1925_26,no,no,
iia,canada,can,rye,tonnes,,1909-1913,53198.0,iia_1925_26,no,no,
iia,chile,chl,rye,ha,,1909-1913,2050.0,iia_1925_26,no,no,
iia,chile,chl,rye,tonnes,,1909-1913,2931.3,iia_1925_26,no,no,
iia,denmark,dnk,rye,ha,,1909-1913,263919.0,iia_1925_26,no,no,
iia,denmark,dnk,rye,tonnes,,1909-1913,441906.3,iia_1925_26,no,no,
iia,estonia,est,rye,ha,,1909-1913,168541.0,iia_1925_26,no,no,
iia,estonia,est,rye,tonnes,,1909-1913,185168.0,iia_1925_26,no,no,
iia,finland,fin,rye,ha,,1909-1913,238393.0,iia_1925_26,no,no,
iia,finland,fin,rye,tonnes,,1909-1913,266155.1,iia_1925_26,no,no,
iia,france,fra,rye,ha,,1909-1913,1252730.0,iia_1925_26,no,no,
iia,france,fra,rye,tonnes,,1909-1913,1333593.0,iia_1925_26,no,no,
iia,germany,deu,rye,ha,,1909-1913,5259187.0,iia_1925_26,no,no,
iia,germany,deu,rye,tonnes,,1909-1913,10131807.5,iia_1925_26,no,no,
iia,greece,grc,rye,ha,,1909-1913,5276.0,iia_1925_26,no,no,
iia,greece,grc,rye,tonnes,,1909-1913,5556.5,iia_1925_26,no,no,
iia,hungary,hun,rye,ha,,1909-1913,680422.0,iia_1925_26,no,no,
iia,hungary,hun,rye,tonnes,,1909-1913,804213.9,iia_1925_26,no,no,
iia,ireland,irl,rye,ha,,1909-1913,2926.0,iia_1925_26,no,no,
iia,ireland,irl,rye,tonnes,,1909-1913,5554.7,iia_1925_26,no,no,
iia,italy,ita,rye,ha,,1909-1913,122684.0,iia_1925_26,no,no,
iia,italy,ita,rye,tonnes,,1909-1913,135354.0,iia_1925_26,no,no,
iia,latvia,lva,rye,ha,,1909-1913,350732.0,iia_1925_26,no,no,
iia,latvia,lva,rye,tonnes,,1909-1913,325436.1,iia_1925_26,no,no,
iia,lithuania,ltu,rye,ha,,1909-1913,552405.0,iia_1925_26,no,no,
iia,lithuania,ltu,rye,tonnes,,1909-1913,496656.0,iia_1925_26,no,no,
iia,luxembourg,lux,rye,ha,,1909-1913,10445.0,iia_1925_26,no,no,
iia,luxembourg,lux,rye,tonnes,,1909-1913,16537.8,iia_1925_26,no,no,
iia,netherlands,nld,rye,ha,,1909-1913,225519.0,iia_1925_26,no,no,
iia,netherlands,nld,rye,tonnes,,1909-1913,407600.2,iia_1925_26,no,no,
iia,new zealand,nzl,rye,ha,,1909-1913,1942.0,iia_1925_26,no,no,
iia,new zealand,nzl,rye,tonnes,,1909-1913,2446.6,iia_1925_26,no,no,
iia,norway,nor,rye,ha,,1909-1913,15055.0,iia_1925_26,no,no,
iia,norway,nor,rye,tonnes,,1909-1913,24718.6,iia_1925_26,no,no,
iia,poland,pol,rye,ha,,1909-1913,5087178.0,iia_1925_26,no,no,
iia,poland,pol,rye,tonnes,,1909-1913,5711155.2,iia_1925_26,no,no,
iia,portugal,prt,rye,ha,,1909-1913,298253.0,iia_1925_26,no,no,
iia,portugal,prt,rye,tonnes,,1909-1913,97908.9,iia_1925_26,no,no,
iia,romania,rou,rye,ha,,1909-1913,128010.0,iia_1925_26,no,no,
iia,romania,rou,rye,tonnes,,1909-1913,118844.1,iia_1925_26,no,no,
iia,russian federation,rus,rye,ha,,1909-1913,24769000.0,iia_1925_26,no,no,
iia,russian federation,rus,rye,tonnes,,1909-1913,18716400.0,iia_1925_26,no,no,
iia,serbia,srb,rye,ha,,1909-1913,50023.0,iia_1925_26,no,no,
iia,serbia,srb,rye,tonnes,,1909-1913,40975.3,iia_1925_26,no,no,
iia,south africa,zaf,rye,ha,,1909-1913,43826.0,iia_1925_26,no,no,
iia,south africa,zaf,rye,tonnes,,1909-1913,15446.6,iia_1925_26,no,no,
iia,spain,esp,rye,ha,,1909-1913,804350.0,iia_1925_26,no,no,
iia,spain,esp,rye,tonnes,,1909-1913,701982.1,iia_1925_26,no,no,
iia,sweden,swe,rye,ha,,1909-1913,395296.0,iia_1925_26,no,no,
iia,sweden,swe,rye,tonnes,,1909-1913,612177.6,iia_1925_26,no,no,
iia,switzerland,che,rye,ha,,1909-1913,24270.0,iia_1925_26,no,no,
iia,switzerland,che,rye,tonnes,,1909-1913,47120.0,iia_1925_26,no,no,
iia,turkey,tur,rye,ha,,1909-1913,149065.0,iia_1925_26,no,no,
iia,united kingdom,gbr,rye,ha,,1909-1913,21961.0,iia_1925_26,no,no,
iia,united states of america,usa,rye,ha,,1909-1913,905049.0,iia_1925_26,no,no,
iia,united states of america,usa,rye,tonnes,,1909-1913,916808.5,iia_1925_26,no,no,
iia,uruguay,ury,rye,ha,,1909-1913,82.0,iia_1925_26,no,no,
iia,uruguay,ury,rye,tonnes,,1909-1913,53.2,iia_1925_26,no,no,
iia,bulgaria,bgr,sesame seed,ha,,1909-1913,2984.0,iia_1925_26,no,no,
iia,bulgaria,bgr,sesame seed,tonnes,,1909-1913,159.4,iia_1925_26,no,no,
iia,"china, mainland",chn,sesame seed,tonnes,,1909-1913,132892.9,iia_1925_26,no,no,
iia,"china, taiwan province of",twn,sesame seed,ha,,1909-1913,11176.0,iia_1925_26,no,no,
iia,"china, taiwan province of",twn,sesame seed,tonnes,,1909-1913,3216.3,iia_1925_26,no,no,
iia,congo,cog,sesame seed,ha,,1909-1913,788.0,iia_1925_26,no,no,
iia,congo,cog,sesame seed,tonnes,,1909-1913,104.2,iia_1925_26,no,no,
iia,cyprus,cyp,sesame seed,tonnes,,1909-1913,352.6,iia_1925_26,no,no,
iia,egypt,egy,sesame seed,ha,,1909-1913,42497.0,iia_1925_26,no,no,
iia,gabon,gab,sesame seed,ha,,1909-1913,82.0,iia_1925_26,no,no,
iia,gabon,gab,sesame seed,tonnes,,1909-1913,12.0,iia_1925_26,no,no,
iia,greece,grc,sesame seed,ha,,1909-1913,11034.0,iia_1925_26,no,no,
iia,greece,grc,sesame seed,tonnes,,1909-1913,3482.6,iia_1925_26,no,no,
iia,guinea,gin,sesame seed,tonnes,,1909-1913,491.6,iia_1925_26,no,no,
iia,india,ind,sesame seed,ha,,1909-1913,2104150.0,iia_1925_26,no,no,
iia,india,ind,sesame seed,tonnes,,1909-1913,485243.7,iia_1925_26,no,no,
iia,indonesia,idn,sesame seed,tonnes,,1909-1913,2500.0,iia_1925_26,no,no,
iia,kenya,ken,sesame seed,tonnes,,1909-1913,2007.6,iia_1925_26,no,no,
iia,nigeria,nga,sesame seed,tonnes,,1909-1913,578.1,iia_1925_26,no,no,
iia,sierra leone,sle,sesame seed,tonnes,,1909-1913,75.2,iia_1925_26,no,no,
iia,tanzania,tza,sesame seed,tonnes,,1909-1913,1447.9,iia_1925_26,no,no,
iia,thailand,tha,sesame seed,ha,,1909-1913,1799.0,iia_1925_26,no,no,
iia,antigua and barbuda,atg,sugar raw centrifugal,tonnes,,1909-1913,12581.7,iia_1925_26,no,no,
iia,argentina,arg,sugar raw centrifugal,tonnes,,1909-1913,175862.4,iia_1925_26,no,no,
iia,australia,aus,sugar raw centrifugal,tonnes,,1909-1913,922.5,iia_1925_26,no,no,
iia,austria,aut,sugar raw centrifugal,tonnes,,1909-1913,1061198.2,iia_1925_26,no,no,
iia,barbados,brb,sugar raw centrifugal,tonnes,,1909-1913,19297.2,iia_1925_26,no,no,
iia,belgium,bel,sugar raw centrifugal,tonnes,,1909-1913,259477.5,iia_1925_26,no,no,
iia,brazil,bra,sugar raw centrifugal,tonnes,,1909-1913,279832.0,iia_1925_26,no,no,
iia,bulgaria,bgr,sugar raw centrifugal,tonnes,,1909-1913,3305.0,iia_1925_26,no,no,
iia,canada,can,sugar raw centrifugal,tonnes,,1909-1913,11515.6,iia_1925_26,no,no,
iia,"china, taiwan province of",twn,sugar raw centrifugal,tonnes,,1909-1913,174471.8,iia_1925_26,no,no,
iia,costa rica,cri,sugar raw centrifugal,tonnes,,1909-1913,2637.4,iia_1925_26,no,no,
iia,cuba,cub,sugar raw centrifugal,tonnes,,1909-1913,2101062.8,iia_1925_26,no,no,
iia,denmark,dnk,sugar raw centrifugal,tonnes,,1909-1913,115296.0,iia_1925_26,no,no,
iia,dominican republic,dom,sugar raw centrifugal,tonnes,,1909-1913,94950.0,iia_1925_26,no,no,
iia,ecuador,ecu,sugar raw centrifugal,tonnes,,1909-1913,5705.1,iia_1925_26,no,no,
iia,egypt,egy,sugar raw centrifugal,tonnes,,1909-1913,60897.8,iia_1925_26,no,no,
iia,el salvador,slv,sugar raw centrifugal,tonnes,,1909-1913,7873.9,iia_1925_26,no,no,
iia,fiji,fji,sugar raw centrifugal,tonnes,,1909-1913,76773.4,iia_1925_26,no,no,
iia,finland,fin,sugar raw centrifugal,tonnes,,1909-1913,0.0,iia_1925_26,no,no,
iia,france,fra,sugar raw centrifugal,tonnes,,1909-1913,732909.8,iia_1925_26,no,no,
iia,germany,deu,sugar raw centrifugal,tonnes,,1909-1913,2309437.1,iia_1925_26,no,no,
iia,guadeloupe,rlam,sugar raw centrifugal,tonnes,,1909-1913,38523.0,iia_1925_26,no,no,
iia,guatemala,gtm,sugar raw centrifugal,tonnes,,1909-1913,8720.2,iia_1925_26,no,no,
iia,guyana,guy,sugar raw centrifugal,tonnes,,1909-1913,101883.3,iia_1925_26,no,no,
iia,haiti,hti,sugar raw centrifugal,tonnes,,1909-1913,0.0,iia_1925_26,no,no,
iia,hungary,hun,sugar raw centrifugal,tonnes,,1909-1913,458531.4,iia_1925_26,no,no,
iia,india,ind,sugar raw centrifugal,tonnes,,1909-1913,2403560.0,iia_1925_26,no,no,
iia,indonesia,idn,sugar raw centrifugal,tonnes,,1909-1913,1347397.9,iia_1925_26,no,no,
iia,italy,ita,sugar raw centrifugal,tonnes,,1909-1913,210343.2,iia_1925_26,no,no,
iia,jamaica,jam,sugar raw centrifugal,tonnes,,1909-1913,22509.5,iia_1925_26,no,no,
iia,japan,jpn,sugar raw centrifugal,tonnes,,1909-1913,64128.1,iia_1925_26,no,no,
iia,martinique,rlam,sugar raw centrifugal,tonnes,,1909-1913,38811.4,iia_1925_26,no,no,
iia,mauritius,mus,sugar raw centrifugal,tonnes,,1909-1913,221427.2,iia_1925_26,no,no,
iia,mexico,mex,sugar raw centrifugal,tonnes,,1909-1913,148224.6,iia_1925_26,no,no,
iia,netherlands,nld,sugar raw centrifugal,tonnes,,1909-1913,223479.2,iia_1925_26,no,no,
iia,nicaragua,nic,sugar raw centrifugal,tonnes,,1909-1913,8394.9,iia_1925_26,no,no,
iia,paraguay,pry,sugar raw centrifugal,tonnes,,1909-1913,1236.4,iia_1925_26,no,no,
iia,peru,per,sugar raw centrifugal,tonnes,,1909-1913,183786.0,iia_1925_26,no,no,
iia,philippines,phl,sugar raw centrifugal,tonnes,,1909-1913,370442.7,iia_1925_26,no,no,
iia,poland,pol,sugar raw centrifugal,tonnes,,1909-1913,686400.1,iia_1925_26,no,no,
iia,reunion,rafr,sugar raw centrifugal,tonnes,,1909-1913,37791.9,iia_1925_26,no,no,
iia,romania,rou,sugar raw centrifugal,tonnes,,1909-1913,33994.1,iia_1925_26,no,no,
iia,russian federation,rus,sugar raw centrifugal,tonnes,,1909-1913,1436672.5,iia_1925_26,no,no,
iia,saint kitts and nevis,kna,sugar raw centrifugal,tonnes,,1909-1913,11348.6,iia_1925_26,no,no,
iia,saint lucia,lca,sugar raw centrifugal,tonnes,,1909-1913,4581.4,iia_1925_26,no,no,
iia,serbia,srb,sugar raw centrifugal,tonnes,,1909-1913,8810.7,iia_1925_26,no,no,
iia,south africa,zaf,sugar raw centrifugal,tonnes,,1909-1913,82736.3,iia_1925_26,no,no,
iia,spain,esp,sugar raw centrifugal,tonnes,,1909-1913,104986.6,iia_1925_26,no,no,
iia,suriname,sur,sugar raw centrifugal,tonnes,,1909-1913,12006.4,iia_1925_26,no,no,
iia,sweden,swe,sugar raw centrifugal,tonnes,,1909-1913,139327.7,iia_1925_26,no,no,
iia,switzerland,che,sugar raw centrifugal,tonnes,,1909-1913,2746.0,iia_1925_26,no,no,
iia,trinidad and tobago,tto,sugar raw centrifugal,tonnes,,1909-1913,48246.6,iia_1925_26,no,no,
iia,united states of america,usa,sugar raw centrifugal,tonnes,,1909-1913,265331.7,iia_1925_26,no,no,
iia,united states virgin islands,rlam,sugar raw centrifugal,tonnes,,1909-1913,8720.0,iia_1925_26,no,no,
iia,venezuela,ven,sugar raw centrifugal,tonnes,,1909-1913,2823.8,iia_1925_26,no,no,
iia,"china, taiwan province of",twn,tea,ha,,1909-1913,33489.0,iia_1925_26,no,no,
iia,"china, taiwan province of",twn,tea,tonnes,,1909-1913,13940.235,iia_1925_26,no,no,
iia,fiji,fji,tea,ha,,1909-1913,88.0,iia_1925_26,no,no,
iia,fiji,fji,tea,tonnes,,1909-1913,24.985,iia_1925_26,no,no,
iia,india,ind,tea,ha,,1909-1913,234340.0,iia_1925_26,no,no,
iia,india,ind,tea,tonnes,,1909-1913,253127.94,iia_1925_26,no,no,
iia,indonesia,idn,tea,tonnes,,1909-1913,26547.4,iia_1925_26,no,no,
iia,japan,jpn,tea,ha,,1909-1913,48690.0,iia_1925_26,no,no,
iia,japan,jpn,tea,tonnes,,1909-1913,64164.994,iia_1925_26,no,no,
iia,malawi,mwi,tea,ha,,1909-1913,808.0,iia_1925_26,no,no,
iia,malawi,mwi,tea,tonnes,,1909-1913,52.224,iia_1925_26,no,no,
iia,mauritius,mus,tea,ha,,1909-1913,147.0,iia_1925_26,no,no,
iia,mauritius,mus,tea,tonnes,,1909-1913,37.25,iia_1925_26,no,no,
iia,russian federation,rus,tea,ha,,1909-1913,754.0,iia_1925_26,no,no,
iia,russian federation,rus,tea,tonnes,,1909-1913,101.416,iia_1925_26,no,no,
iia,south africa,zaf,tea,ha,,1909-1913,1811.0,iia_1925_26,no,no,
iia,south africa,zaf,tea,tonnes,,1909-1913,787.312,iia_1925_26,no,no,
iia,sri lanka,lka,tea,ha,,1909-1913,162000.0,iia_1925_26,no,no,
iia,sri lanka,lka,tea,tonnes,,1909-1913,171471.48,iia_1925_26,no,no,
iia,algeria,dza,"tobacco, unmanufactured",ha,,1909-1913,10085.0,iia_1925_26,no,no,
iia,algeria,dza,"tobacco, unmanufactured",tonnes,,1909-1913,10283.0,iia_1925_26,no,no,no
iia,argentina,arg,"tobacco, unmanufactured",ha,,1909-1913,10729.0,iia_1925_26,no,no,
iia,argentina,arg,"tobacco, unmanufactured",tonnes,,1909-1913,5731.2,iia_1925_26,no,no,no
iia,australia,aus,"tobacco, unmanufactured",ha,,1909-1913,984.0,iia_1925_26,no,no,
iia,australia,aus,"tobacco, unmanufactured",tonnes,,1909-1913,968.5,iia_1925_26,no,no,no
iia,belgium,bel,"tobacco, unmanufactured",ha,,1909-1913,4136.0,iia_1925_26,no,no,
iia,belgium,bel,"tobacco, unmanufactured",tonnes,,1909-1913,9404.6,iia_1925_26,no,no,no
iia,bulgaria,bgr,"tobacco, unmanufactured",ha,,1909-1913,16842.0,iia_1925_26,no,no,
iia,bulgaria,bgr,"tobacco, unmanufactured",tonnes,,1909-1913,12084.8,iia_1925_26,no,no,no
iia,canada,can,"tobacco, unmanufactured",ha,,1909-1913,7521.0,iia_1925_26,no,no,
iia,canada,can,"tobacco, unmanufactured",tonnes,,1909-1913,6592.0,iia_1925_26,no,no,no
iia,chile,chl,"tobacco, unmanufactured",ha,,1909-1913,715.0,iia_1925_26,no,no,
iia,chile,chl,"tobacco, unmanufactured",tonnes,,1909-1913,2038.1,iia_1925_26,no,no,no
iia,"china, taiwan province of",twn,"tobacco, unmanufactured",ha,,1909-1913,419.0,iia_1925_26,no,no,
iia,"china, taiwan province of",twn,"tobacco, unmanufactured",tonnes,,1909-1913,508.2,iia_1925_26,no,no,no
iia,colombia,col,"tobacco, unmanufactured",ha,,1909-1913,6776.0,iia_1925_26,no,no,
iia,colombia,col,"tobacco, unmanufactured",tonnes,,1909-1913,6496.3,iia_1925_26,no,no,no
iia,costa rica,cri,"tobacco, unmanufactured",ha,,1909-1913,818.0,iia_1925_26,no,no,
iia,cuba,cub,"tobacco, unmanufactured",tonnes,,1909-1913,24776.5,iia_1925_26,no,no,no
iia,cyprus,cyp,"tobacco, unmanufactured",tonnes,,1909-1913,1.1,iia_1925_26,no,no,no
iia,denmark,dnk,"tobacco, unmanufactured",ha,,1909-1913,125.0,iia_1925_26,no,no,
iia,denmark,dnk,"tobacco, unmanufactured",tonnes,,1909-1913,117.0,iia_1925_26,no,no,no
iia,dominican republic,dom,"tobacco, unmanufactured",tonnes,,1909-1913,11529.0,iia_1925_26,no,no,no
iia,dr congo,cod,"tobacco, unmanufactured",ha,,1909-1913,5267.0,iia_1925_26,no,no,
iia,dr congo,cod,"tobacco, unmanufactured",tonnes,,1909-1913,1183.3,iia_1925_26,no,no,no
iia,el salvador,slv,"tobacco, unmanufactured",tonnes,,1909-1913,190.0,iia_1925_26,no,no,no
iia,fiji,fji,"tobacco, unmanufactured",ha,,1909-1913,44.0,iia_1925_26,no,no,
iia,fiji,fji,"tobacco, unmanufactured",tonnes,,1909-1913,19.1,iia_1925_26,no,no,no
iia,france,fra,"tobacco, unmanufactured",ha,,1909-1913,16411.0,iia_1925_26,no,no,
iia,france,fra,"tobacco, unmanufactured",tonnes,,1909-1913,24311.4,iia_1925_26,no,no,no
iia,germany,deu,"tobacco, unmanufactured",ha,,1909-1913,14162.0,iia_1925_26,no,no,
iia,germany,deu,"tobacco, unmanufactured",tonnes,,1909-1913,25833.9,iia_1925_26,no,no,no
iia,greece,grc,"tobacco, unmanufactured",ha,,1909-1913,15466.0,iia_1925_26,no,no,
iia,greece,grc,"tobacco, unmanufactured",tonnes,,1909-1913,25790.0,iia_1925_26,no,no,no
iia,guatemala,gtm,"tobacco, unmanufactured",tonnes,,1909-1913,116.2,iia_1925_26,no,no,no
iia,hungary,hun,"tobacco, unmanufactured",ha,,1909-1913,38130.0,iia_1925_26,no,no,
iia,hungary,hun,"tobacco, unmanufactured",tonnes,,1909-1913,46078.3,iia_1925_26,no,no,no
iia,india,ind,"tobacco, unmanufactured",ha,,1909-1913,423815.0,iia_1925_26,no,no,
iia,indonesia,idn,"tobacco, unmanufactured",ha,,1909-1913,115059.0,iia_1925_26,no,no,
iia,indonesia,idn,"tobacco, unmanufactured",tonnes,,1909-1913,63566.6,iia_1925_26,no,no,no
iia,italy,ita,"tobacco, unmanufactured",ha,,1909-1913,8072.0,iia_1925_26,no,no,
iia,italy,ita,"tobacco, unmanufactured",tonnes,,1909-1913,10069.9,iia_1925_26,no,no,no
iia,jamaica,jam,"tobacco, unmanufactured",ha,,1909-1913,377.0,iia_1925_26,no,no,
iia,jamaica,jam,"tobacco, unmanufactured",tonnes,,1909-1913,222.2,iia_1925_26,no,no,no
iia,japan,jpn,"tobacco, unmanufactured",ha,,1909-1913,29301.0,iia_1925_26,no,no,
iia,japan,jpn,"tobacco, unmanufactured",tonnes,,1909-1913,42509.5,iia_1925_26,no,no,no
iia,madagascar,mdg,"tobacco, unmanufactured",ha,,1909-1913,3742.0,iia_1925_26,no,no,
iia,madagascar,mdg,"tobacco, unmanufactured",tonnes,,1909-1913,1906.6,iia_1925_26,no,no,no
iia,malawi,mwi,"tobacco, unmanufactured",ha,,1909-1913,2851.0,iia_1925_26,no,no,
iia,malawi,mwi,"tobacco, unmanufactured",tonnes,,1909-1913,1368.4,iia_1925_26,no,no,no
iia,malaysia,mys,"tobacco, unmanufactured",ha,,1909-1913,770.0,iia_1925_26,no,no,
iia,malaysia,mys,"tobacco, unmanufactured",tonnes,,1909-1913,835.8,iia_1925_26,no,no,no
iia,mexico,mex,"tobacco, unmanufactured",tonnes,,1909-1913,12000.0,iia_1925_26,no,no,no
iia,netherlands,nld,"tobacco, unmanufactured",ha,,1909-1913,410.0,iia_1925_26,no,no,
iia,paraguay,pry,"tobacco, unmanufactured",ha,,1909-1913,6950.0,iia_1925_26,no,no,
iia,paraguay,pry,"tobacco, unmanufactured",tonnes,,1909-1913,8098.6,iia_1925_26,no,no,no
iia,philippines,phl,"tobacco, unmanufactured",ha,,1909-1913,62167.0,iia_1925_26,no,no,
iia,philippines,phl,"tobacco, unmanufactured",tonnes,,1909-1913,29485.7,iia_1925_26,no,no,no
iia,romania,rou,"tobacco, unmanufactured",ha,,1909-1913,9606.0,iia_1925_26,no,no,
iia,romania,rou,"tobacco, unmanufactured",tonnes,,1909-1913,7450.6,iia_1925_26,no,no,no
iia,russian federation,rus,"tobacco, unmanufactured",ha,,1909-1913,67000.0,iia_1925_26,no,no,
iia,russian federation,rus,"tobacco, unmanufactured",tonnes,,1909-1913,104500.0,iia_1925_26,no,no,no
iia,serbia,srb,"tobacco, unmanufactured",ha,,1909-1913,2411.0,iia_1925_26,no,no,
iia,serbia,srb,"tobacco, unmanufactured",tonnes,,1909-1913,1696.0,iia_1925_26,no,no,no
iia,south africa,zaf,"tobacco, unmanufactured",ha,,1909-1913,7834.0,iia_1925_26,no,no,
iia,south africa,zaf,"tobacco, unmanufactured",tonnes,,1909-1913,6786.3,iia_1925_26,no,no,no
iia,south korea,kor,"tobacco, unmanufactured",ha,,1909-1913,20551.0,iia_1925_26,no,no,
iia,south korea,kor,"tobacco, unmanufactured",tonnes,,1909-1913,11571.2,iia_1925_26,no,no,no
iia,sri lanka,lka,"tobacco, unmanufactured",ha,,1909-1913,5743.0,iia_1925_26,no,no,
iia,sweden,swe,"tobacco, unmanufactured",ha,,1909-1913,450.0,iia_1925_26,no,no,
iia,sweden,swe,"tobacco, unmanufactured",tonnes,,1909-1913,751.0,iia_1925_26,no,no,no
iia,switzerland,che,"tobacco, unmanufactured",ha,,1909-1913,330.0,iia_1925_26,no,no,
iia,switzerland,che,"tobacco, unmanufactured",tonnes,,1909-1913,623.4,iia_1925_26,no,no,no
iia,thailand,tha,"tobacco, unmanufactured",ha,,1909-1913,10627.0,iia_1925_26,no,no,
iia,thailand,tha,"tobacco, unmanufactured",tonnes,,1909-1913,3808.0,iia_1925_26,no,no,no
iia,tunisia,tun,"tobacco, unmanufactured",ha,,1909-1913,89.0,iia_1925_26,no,no,
iia,tunisia,tun,"tobacco, unmanufactured",tonnes,,1909-1913,120.4,iia_1925_26,no,no,no
iia,united states of america,usa,"tobacco, unmanufactured",ha,,1909-1913,503978.0,iia_1925_26,no,no,
iia,united states of america,usa,"tobacco, unmanufactured",tonnes,,1909-1913,466709.4,iia_1925_26,no,no,no
iia,uruguay,ury,"tobacco, unmanufactured",ha,,1909-1913,1154.0,iia_1925_26,no,no,
iia,uruguay,ury,"tobacco, unmanufactured",tonnes,,1909-1913,927.6,iia_1925_26,no,no,no
iia,zimbabwe,zwe,"tobacco, unmanufactured",ha,,1909-1913,1790.0,iia_1925_26,no,no,
iia,zimbabwe,zwe,"tobacco, unmanufactured",tonnes,,1909-1913,903.6,iia_1925_26,no,no,no
iia,austria,aut,wheat,ha,,1909-1913,8519.0,iia_1925_26,no,no,
iia,belgium,bel,wheat,ha,,1909-1913,17268.0,iia_1925_26,no,no,
iia,belgium,bel,wheat,tonnes,,1909-1913,36242.2,iia_1925_26,no,no,
iia,bulgaria,bgr,wheat,ha,,1909-1913,8773.0,iia_1925_26,no,no,
iia,bulgaria,bgr,wheat,tonnes,,1909-1913,5663.8,iia_1925_26,no,no,
iia,canada,can,wheat,ha,,1909-1913,194876.0,iia_1925_26,no,no,
iia,denmark,dnk,wheat,ha,,1909-1913,180353.0,iia_1925_26,no,no,
iia,finland,fin,wheat,ha,,1909-1913,15507.0,iia_1925_26,no,no,
iia,france,fra,wheat,ha,,1909-1913,131280.0,iia_1925_26,no,no,
iia,germany,deu,wheat,ha,,1909-1913,272083.0,iia_1925_26,no,no,
iia,germany,deu,wheat,tonnes,,1909-1913,437787.0,iia_1925_26,no,no,
iia,greece,grc,wheat,ha,,1909-1913,28848.0,iia_1925_26,no,no,
iia,luxembourg,lux,wheat,ha,,1909-1913,14483.0,iia_1925_26,no,no,
iia,netherlands,nld,wheat,ha,,1909-1913,285.0,iia_1925_26,no,no,
iia,netherlands,nld,wheat,tonnes,,1909-1913,1103.4,iia_1925_26,no,no,
iia,norway,nor,wheat,ha,,1909-1913,6129.0,iia_1925_26,no,no,
iia,russian federation,rus,wheat,ha,,1909-1913,284000.0,iia_1925_26,no,no,
iia,russian federation,rus,wheat,tonnes,,1909-1913,178100.0,iia_1925_26,no,no,
iia,serbia,srb,wheat,ha,,1909-1913,5925.0,iia_1925_26,no,no,
iia,serbia,srb,wheat,tonnes,,1909-1913,3399.5,iia_1925_26,no,no,
iia,spain,esp,wheat,ha,,1909-1913,45417.0,iia_1925_26,no,no,
iia,sweden,swe,wheat,ha,,1909-1913,163764.0,iia_1925_26,no,no,
iia,switzerland,che,wheat,ha,,1909-1913,23706.0,iia_1925_26,no,no,
iia,switzerland,che,wheat,tonnes,,1909-1913,47660.0,iia_1925_26,no,no,
iia,turkey,tur,wheat,ha,,1909-1913,95736.0,iia_1925_26,no,no,
iia,algeria,dza,wine,ha,,1909-1913,161495.0,iia_1925_26,no,no,
iia,algeria,dza,wine,tonnes,,1909-1913,766642.992,iia_1925_26,no,no,
iia,argentina,arg,wine,ha,,1909-1913,107201.0,iia_1925_26,no,no,
iia,argentina,arg,wine,tonnes,,1909-1913,428053.046,iia_1925_26,no,no,
iia,australia,aus,wine,ha,,1909-1913,24898.0,iia_1925_26,no,no,
iia,australia,aus,wine,tonnes,,1909-1913,23156.907,iia_1925_26,no,no,
iia,austria,aut,wine,ha,,1909-1913,42831.0,iia_1925_26,no,no,
iia,austria,aut,wine,tonnes,,1909-1913,689235.731,iia_1925_26,no,no,
iia,bulgaria,bgr,wine,ha,,1909-1913,54580.0,iia_1925_26,no,no,
iia,bulgaria,bgr,wine,tonnes,,1909-1913,31167.555,iia_1925_26,no,no,
iia,canada,can,wine,ha,,1909-1913,4635.0,iia_1925_26,no,no,
iia,canada,can,wine,tonnes,,1909-1913,4409.62,iia_1925_26,no,no,
iia,chile,chl,wine,ha,,1909-1913,60548.0,iia_1925_26,no,no,
iia,chile,chl,wine,tonnes,,1909-1913,208322.826,iia_1925_26,no,no,
iia,cyprus,cyp,wine,ha,,1909-1913,18502.0,iia_1925_26,no,no,
iia,cyprus,cyp,wine,tonnes,,1909-1913,18409.048,iia_1925_26,no,no,
iia,egypt,egy,wine,ha,,1909-1913,1736.0,iia_1925_26,no,no,
iia,france,fra,wine,ha,,1909-1913,1685672.0,iia_1925_26,no,no,
iia,france,fra,wine,tonnes,,1909-1913,4871924.716,iia_1925_26,no,no,
iia,germany,deu,wine,ha,,1909-1913,78982.0,iia_1925_26,no,no,
iia,germany,deu,wine,tonnes,,1909-1913,80006.376,iia_1925_26,no,no,
iia,greece,grc,wine,ha,,1909-1913,96596.0,iia_1925_26,no,no,
iia,greece,grc,wine,tonnes,,1909-1913,313381.78,iia_1925_26,no,no,
iia,hungary,hun,wine,ha,,1909-1913,218667.0,iia_1925_26,no,no,
iia,hungary,hun,wine,tonnes,,1909-1913,185039.334,iia_1925_26,no,no,
iia,italy,ita,wine,ha,,1909-1913,3472200.0,iia_1925_26,no,no,
iia,italy,ita,wine,tonnes,,1909-1913,2268577.8,iia_1925_26,no,no,
iia,japan,jpn,wine,tonnes,,1909-1913,422.435,iia_1925_26,no,no,
iia,luxembourg,lux,wine,ha,,1909-1913,1490.0,iia_1925_26,no,no,
iia,luxembourg,lux,wine,tonnes,,1909-1913,4710.514,iia_1925_26,no,no,
iia,mexico,mex,wine,ha,,1909-1913,4052.0,iia_1925_26,no,no,
iia,mexico,mex,wine,tonnes,,1909-1913,662.801,iia_1925_26,no,no,
iia,new zealand,nzl,wine,ha,,1909-1913,316.0,iia_1925_26,no,no,
iia,new zealand,nzl,wine,tonnes,,1909-1913,287.314,iia_1925_26,no,no,
iia,portugal,prt,wine,tonnes,,1909-1913,7393.34,iia_1925_26,no,no,
iia,romania,rou,wine,ha,,1909-1913,87507.0,iia_1925_26,no,no,
iia,romania,rou,wine,tonnes,,1909-1913,137461.319,iia_1925_26,no,no,
iia,russian federation,rus,wine,ha,,1909-1913,144245.0,iia_1925_26,no,no,
iia,russian federation,rus,wine,tonnes,,1909-1913,136536.133,iia_1925_26,no,no,
iia,serbia,srb,wine,ha,,1909-1913,32811.0,iia_1925_26,no,no,
iia,serbia,srb,wine,tonnes,,1909-1913,27044.861,iia_1925_26,no,no,
iia,south africa,zaf,wine,ha,,1909-1913,13966.0,iia_1925_26,no,no,
iia,south africa,zaf,wine,tonnes,,1909-1913,33076.321,iia_1925_26,no,no,
iia,spain,esp,wine,ha,,1909-1913,1277913.0,iia_1925_26,no,no,
iia,spain,esp,wine,tonnes,,1909-1913,1441748.733,iia_1925_26,no,no,
iia,switzerland,che,wine,ha,,1909-1913,23705.0,iia_1925_26,no,no,
iia,switzerland,che,wine,tonnes,,1909-1913,43482.093,iia_1925_26,no,no,
iia,tunisia,tun,wine,ha,,1909-1913,16621.0,iia_1925_26,no,no,
iia,tunisia,tun,wine,tonnes,,1909-1913,33562.0,iia_1925_26,no,no,
iia,uruguay,ury,wine,ha,,1909-1913,6006.0,iia_1925_26,no,no,
iia,uruguay,ury,wine,tonnes,,1909-1913,15165.271,iia_1925_26,no,no,
iia,austria,aut,yarn of true hemp,ha,,1909-1913,659.0,iia_1925_26,no,no,
iia,austria,aut,yarn of true hemp,tonnes,,1909-1913,422.4,iia_1925_26,no,no,
iia,belgium,bel,yarn of true hemp,ha,,1909-1913,279.0,iia_1925_26,no,no,
iia,bulgaria,bgr,yarn of true hemp,ha,,1909-1913,3288.0,iia_1925_26,no,no,
iia,bulgaria,bgr,yarn of true hemp,tonnes,,1909-1913,1158.1,iia_1925_26,no,no,
iia,chile,chl,yarn of true hemp,ha,,1909-1913,275.0,iia_1925_26,no,no,
iia,chile,chl,yarn of true hemp,tonnes,,1909-1913,548.1,iia_1925_26,no,no,
iia,france,fra,yarn of true hemp,ha,,1909-1913,14168.0,iia_1925_26,no,no,
iia,france,fra,yarn of true hemp,tonnes,,1909-1913,18309.2,iia_1925_26,no,no,
iia,hungary,hun,yarn of true hemp,ha,,1909-1913,11001.0,iia_1925_26,no,no,
iia,hungary,hun,yarn of true hemp,tonnes,,1909-1913,10988.6,iia_1925_26,no,no,
iia,italy,ita,yarn of true hemp,ha,,1909-1913,80902.0,iia_1925_26,no,no,
iia,italy,ita,yarn of true hemp,tonnes,,1909-1913,83500.0,iia_1925_26,no,no,
iia,japan,jpn,yarn of true hemp,ha,,1909-1913,12112.0,iia_1925_26,no,no,
iia,japan,jpn,yarn of true hemp,tonnes,,1909-1913,9380.6,iia_1925_26,no,no,
iia,poland,pol,yarn of true hemp,ha,,1909-1913,31342.0,iia_1925_26,no,no,
iia,poland,pol,yarn of true hemp,tonnes,,1909-1913,19350.0,iia_1925_26,no,no,
iia,romania,rou,yarn of true hemp,ha,,1909-1913,5958.0,iia_1925_26,no,no,
iia,romania,rou,yarn of true hemp,tonnes,,1909-1913,1997.1,iia_1925_26,no,no,
iia,russian federation,rus,yarn of true hemp,ha,,1909-1913,679.0,iia_1925_26,no,no,
iia,russian federation,rus,yarn of true hemp,tonnes,,1909-1913,324400.0,iia_1925_26,no,no,
iia,serbia,srb,yarn of true hemp,ha,,1909-1913,15395.0,iia_1925_26,no,no,
iia,serbia,srb,yarn of true hemp,tonnes,,1909-1913,7393.4,iia_1925_26,no,no,
iia,south korea,kor,yarn of true hemp,ha,,1909-1913,18686.0,iia_1925_26,no,no,
iia,south korea,kor,yarn of true hemp,tonnes,,1909-1913,7510.1,iia_1925_26,no,no,
iia,spain,esp,yarn of true hemp,ha,,1909-1913,8605.0,iia_1925_26,no,no,
iia,spain,esp,yarn of true hemp,tonnes,,1909-1913,11204.3,iia_1925_26,no,no,
iia,united states of america,usa,yarn of true hemp,ha,,1909-1913,3095.0,iia_1925_26,no,no,
iia,united states of america,usa,yarn of true hemp,tonnes,,1909-1913,3304.3,iia_1925_26,no,no,
iia,benin,ben,"cacao, beans",ha,,1925-1929,183.0,iia_1933_34,no,no,
iia,benin,ben,"cacao, beans",tonnes,,1925-1929,26.0,iia_1933_34,no,no,
iia,bolivia,bol,"cacao, beans",ha,,1925-1929,4600.0,iia_1933_34,no,no,
iia,bolivia,bol,"cacao, beans",tonnes,,1925-1929,2300.0,iia_1933_34,no,no,
iia,brazil,bra,"cacao, beans",tonnes,,1925-1929,69908.9,iia_1933_34,no,no,
iia,cameroon,cmr,"cacao, beans",ha,,1925-1929,26800.0,iia_1933_34,no,no,
iia,cameroon,cmr,"cacao, beans",tonnes,,1925-1929,11518.0,iia_1933_34,no,no,
iia,central african republic,caf,"cacao, beans",ha,,1925-1929,3500.0,iia_1933_34,no,no,
iia,central african republic,caf,"cacao, beans",tonnes,,1925-1929,256.0,iia_1933_34,no,no,
iia,colombia,col,"cacao, beans",ha,,1925-1929,18150.0,iia_1933_34,no,no,
iia,colombia,col,"cacao, beans",tonnes,,1925-1929,5220.0,iia_1933_34,no,no,
iia,congo,cog,"cacao, beans",ha,,1925-1929,1150.0,iia_1933_34,no,no,
iia,congo,cog,"cacao, beans",tonnes,,1925-1929,77.3,iia_1933_34,no,no,
iia,costa rica,cri,"cacao, beans",ha,,1925-1929,31563.0,iia_1933_34,no,no,
iia,costa rica,cri,"cacao, beans",tonnes,,1925-1929,5566.8,iia_1933_34,no,no,
iia,cuba,cub,"cacao, beans",ha,,1925-1929,7708.0,iia_1933_34,no,no,
iia,cuba,cub,"cacao, beans",tonnes,,1925-1929,2749.7,iia_1933_34,no,no,
iia,dominica,dma,"cacao, beans",ha,,1925-1929,305.0,iia_1933_34,no,no,
iia,dominica,dma,"cacao, beans",tonnes,,1925-1929,242.1,iia_1933_34,no,no,
iia,dominican republic,dom,"cacao, beans",tonnes,,1925-1929,21569.6,iia_1933_34,no,no,
iia,dr congo,cod,"cacao, beans",ha,,1925-1929,3400.0,iia_1933_34,no,no,
iia,dr congo,cod,"cacao, beans",tonnes,,1925-1929,886.4,iia_1933_34,no,no,
iia,ecuador,ecu,"cacao, beans",tonnes,,1925-1929,21319.1,iia_1933_34,no,no,
iia,equatorial guinea,gnq,"cacao, beans",ha,,1925-1929,22838.0,iia_1933_34,no,no,
iia,equatorial guinea,gnq,"cacao, beans",tonnes,,1925-1929,8057.0,iia_1933_34,no,no,
iia,french guiana,guf,"cacao, beans",tonnes,,1925-1929,17.8,iia_1933_34,no,no,
iia,french polynesia,pyf,"cacao, beans",tonnes,,1925-1929,240.0,iia_1933_34,no,no,
iia,gabon,gab,"cacao, beans",ha,,1925-1929,9600.0,iia_1933_34,no,no,
iia,gabon,gab,"cacao, beans",tonnes,,1925-1929,114.3,iia_1933_34,no,no,
iia,ghana,gha,"cacao, beans",ha,,1925-1929,368650.0,iia_1933_34,no,no,
iia,ghana,gha,"cacao, beans",tonnes,,1925-1929,238870.8,iia_1933_34,no,no,
iia,grenada,grd,"cacao, beans",ha,,1925-1929,8000.0,iia_1933_34,no,no,
iia,grenada,grd,"cacao, beans",tonnes,,1925-1929,4517.9,iia_1933_34,no,no,
iia,guadeloupe,rlam,"cacao, beans",ha,,1925-1929,3800.0,iia_1933_34,no,no,
iia,guadeloupe,rlam,"cacao, beans",tonnes,,1925-1929,495.0,iia_1933_34,no,no,
iia,guatemala,gtm,"cacao, beans",ha,,1925-1929,369.0,iia_1933_34,no,no,
iia,guatemala,gtm,"cacao, beans",tonnes,,1925-1929,59.8,iia_1933_34,no,no,
iia,guyana,guy,"cacao, beans",ha,,1925-1929,613.0,iia_1933_34,no,no,
iia,haiti,hti,"cacao, beans",tonnes,,1925-1929,1970.5,iia_1933_34,no,no,
iia,indonesia,idn,"cacao, beans",ha,,1925-1929,5075.0,iia_1933_34,no,no,
iia,indonesia,idn,"cacao, beans",tonnes,,1925-1929,2141.0,iia_1933_34,no,no,
iia,ivory coast,civ,"cacao, beans",ha,,1925-1929,43000.0,iia_1933_34,no,no,
iia,ivory coast,civ,"cacao, beans",tonnes,,1925-1929,13560.7,iia_1933_34,no,no,
iia,jamaica,jam,"cacao, beans",ha,,1925-1929,1727.0,iia_1933_34,no,no,
iia,jamaica,jam,"cacao, beans",tonnes,,1925-1929,2876.3,iia_1933_34,no,no,
iia,madagascar,mdg,"cacao, beans",ha,,1925-1929,1050.0,iia_1933_34,no,no,
iia,madagascar,mdg,"cacao, beans",tonnes,,1925-1929,145.0,iia_1933_34,no,no,
iia,martinique,rlam,"cacao, beans",tonnes,,1925-1929,443.6,iia_1933_34,no,no,
iia,mexico,mex,"cacao, beans",ha,,1925-1929,8001.0,iia_1933_34,no,no,
iia,mexico,mex,"cacao, beans",tonnes,,1925-1929,1294.2,iia_1933_34,no,no,
iia,nicaragua,nic,"cacao, beans",tonnes,,1925-1929,222.2,iia_1933_34,no,no,
iia,nigeria,nga,"cacao, beans",tonnes,,1925-1929,45400.0,iia_1933_34,no,no,
iia,panama,pan,"cacao, beans",tonnes,,1925-1929,2974.9,iia_1933_34,no,no,
iia,papua new guinea,png,"cacao, beans",ha,,1925-1929,289.0,iia_1933_34,no,no,
iia,papua new guinea,png,"cacao, beans",tonnes,,1925-1929,99.8,iia_1933_34,no,no,
iia,peru,per,"cacao, beans",ha,,1925-1929,11115.0,iia_1933_34,no,no,
iia,peru,per,"cacao, beans",tonnes,,1925-1929,1874.0,iia_1933_34,no,no,
iia,philippines,phl,"cacao, beans",ha,,1925-1929,1522.0,iia_1933_34,no,no,
iia,philippines,phl,"cacao, beans",tonnes,,1925-1929,1155.6,iia_1933_34,no,no,
iia,saint lucia,lca,"cacao, beans",ha,,1925-1929,2400.0,iia_1933_34,no,no,
iia,saint lucia,lca,"cacao, beans",tonnes,,1925-1929,534.2,iia_1933_34,no,no,
iia,saint vincent and the grenadines,vct,"cacao, beans",ha,,1925-1929,702.0,iia_1933_34,no,no,
iia,saint vincent and the grenadines,vct,"cacao, beans",tonnes,,1925-1929,75.0,iia_1933_34,no,no,
iia,samoa,wsm,"cacao, beans",ha,,1925-1929,1800.0,iia_1933_34,no,no,
iia,samoa,wsm,"cacao, beans",tonnes,,1925-1929,769.4,iia_1933_34,no,no,
iia,sao tome and principe,stp,"cacao, beans",tonnes,,1925-1929,14410.1,iia_1933_34,no,no,
iia,sierra leone,sle,"cacao, beans",ha,,1925-1929,2500.0,iia_1933_34,no,no,
iia,sierra leone,sle,"cacao, beans",tonnes,,1925-1929,92.0,iia_1933_34,no,no,
iia,sri lanka,lka,"cacao, beans",ha,,1925-1929,14000.0,iia_1933_34,no,no,
iia,sri lanka,lka,"cacao, beans",tonnes,,1925-1929,3851.4,iia_1933_34,no,no,
iia,suriname,sur,"cacao, beans",tonnes,,1925-1929,217.9,iia_1933_34,no,no,
iia,trinidad and tobago,tto,"cacao, beans",ha,,1925-1929,79200.0,iia_1933_34,no,no,
iia,trinidad and tobago,tto,"cacao, beans",tonnes,,1925-1929,25013.2,iia_1933_34,no,no,
iia,united states of america,usa,"cacao, beans",tonnes,,1925-1929,42.2,iia_1933_34,no,no,
iia,vanuatu,vut,"cacao, beans",tonnes,,1925-1929,2037.6,iia_1933_34,no,no,
iia,venezuela,ven,"cacao, beans",tonnes,,1925-1929,17839.5,iia_1933_34,no,no,
iia,angola,ago,"coffee, green",ha,,1925-1929,32543.0,iia_1933_34,no,no,
iia,angola,ago,"coffee, green",tonnes,,1925-1929,14644.4,iia_1933_34,no,no,
iia,australia,aus,"coffee, green",ha,,1925-1929,5.0,iia_1933_34,no,no,
iia,australia,aus,"coffee, green",tonnes,,1925-1929,3.2,iia_1933_34,no,no,
iia,bolivia,bol,"coffee, green",ha,,1925-1929,24460.0,iia_1933_34,no,no,
iia,bolivia,bol,"coffee, green",tonnes,,1925-1929,15128.0,iia_1933_34,no,no,
iia,brazil,bra,"coffee, green",ha,,1925-1929,3170013.0,iia_1933_34,no,no,
iia,brazil,bra,"coffee, green",tonnes,,1925-1929,1388466.4,iia_1933_34,no,no,
iia,colombia,col,"coffee, green",ha,,1925-1929,257747.0,iia_1933_34,no,no,
iia,colombia,col,"coffee, green",tonnes,,1925-1929,183885.0,iia_1933_34,no,no,
iia,congo,cog,"coffee, green",ha,,1925-1929,12000.0,iia_1933_34,no,no,
iia,congo,cog,"coffee, green",tonnes,,1925-1929,56.0,iia_1933_34,no,no,
iia,costa rica,cri,"coffee, green",ha,,1925-1929,53296.0,iia_1933_34,no,no,
iia,costa rica,cri,"coffee, green",tonnes,,1925-1929,19291.5,iia_1933_34,no,no,
iia,cuba,cub,"coffee, green",ha,,1925-1929,27861.0,iia_1933_34,no,no,
iia,cuba,cub,"coffee, green",tonnes,,1925-1929,19490.2,iia_1933_34,no,no,
iia,djibouti,dji,"coffee, green",tonnes,,1925-1929,12536.0,iia_1933_34,no,no,
iia,dominican republic,dom,"coffee, green",tonnes,,1925-1929,4581.9,iia_1933_34,no,no,
iia,dr congo,cod,"coffee, green",ha,,1925-1929,17184.0,iia_1933_34,no,no,
iia,dr congo,cod,"coffee, green",tonnes,,1925-1929,2672.2,iia_1933_34,no,no,
iia,ecuador,ecu,"coffee, green",tonnes,,1925-1929,7571.0,iia_1933_34,no,no,
iia,el salvador,slv,"coffee, green",ha,,1925-1929,93545.0,iia_1933_34,no,no,
iia,el salvador,slv,"coffee, green",tonnes,,1925-1929,53924.0,iia_1933_34,no,no,
iia,eritrea,eri,"coffee, green",ha,,1925-1929,102.0,iia_1933_34,no,no,
iia,eritrea,eri,"coffee, green",tonnes,,1925-1929,19.9,iia_1933_34,no,no,
iia,guadeloupe,rlam,"coffee, green",ha,,1925-1929,6250.0,iia_1933_34,no,no,
iia,guadeloupe,rlam,"coffee, green",tonnes,,1925-1929,601.5,iia_1933_34,no,no,
iia,guatemala,gtm,"coffee, green",ha,,1925-1929,90282.0,iia_1933_34,no,no,
iia,guatemala,gtm,"coffee, green",tonnes,,1925-1929,50496.9,iia_1933_34,no,no,
iia,guyana,guy,"coffee, green",ha,,1925-1929,2430.0,iia_1933_34,no,no,
iia,guyana,guy,"coffee, green",tonnes,,1925-1929,308.2,iia_1933_34,no,no,
iia,haiti,hti,"coffee, green",ha,,1925-1929,128771.0,iia_1933_34,no,no,
iia,haiti,hti,"coffee, green",tonnes,,1925-1929,33680.0,iia_1933_34,no,no,
iia,honduras,hnd,"coffee, green",ha,,1925-1929,31436.0,iia_1933_34,no,no,
iia,honduras,hnd,"coffee, green",tonnes,,1925-1929,1587.6,iia_1933_34,no,no,
iia,india,ind,"coffee, green",ha,,1925-1929,63198.0,iia_1933_34,no,no,
iia,india,ind,"coffee, green",tonnes,,1925-1929,14437.1,iia_1933_34,no,no,
iia,indonesia,idn,"coffee, green",ha,,1925-1929,213549.0,iia_1933_34,no,no,
iia,indonesia,idn,"coffee, green",tonnes,,1925-1929,55024.4,iia_1933_34,no,no,
iia,ivory coast,civ,"coffee, green",ha,,1925-1929,7333.0,iia_1933_34,no,no,
iia,ivory coast,civ,"coffee, green",tonnes,,1925-1929,223.1,iia_1933_34,no,no,
iia,jamaica,jam,"coffee, green",ha,,1925-1929,6631.0,iia_1933_34,no,no,
iia,jamaica,jam,"coffee, green",tonnes,,1925-1929,3526.3,iia_1933_34,no,no,
iia,kenya,ken,"coffee, green",ha,,1925-1929,33494.0,iia_1933_34,no,no,
iia,kenya,ken,"coffee, green",tonnes,,1925-1929,9357.7,iia_1933_34,no,no,
iia,madagascar,mdg,"coffee, green",ha,,1925-1929,52000.0,iia_1933_34,no,no,
iia,madagascar,mdg,"coffee, green",tonnes,,1925-1929,4200.0,iia_1933_34,no,no,
iia,malawi,mwi,"coffee, green",ha,,1925-1929,489.0,iia_1933_34,no,no,
iia,malawi,mwi,"coffee, green",tonnes,,1925-1929,37.4,iia_1933_34,no,no,
iia,malaysia,mys,"coffee, green",ha,,1925-1929,3743.0,iia_1933_34,no,no,
iia,mexico,mex,"coffee, green",ha,,1925-1929,87814.0,iia_1933_34,no,no,
iia,mexico,mex,"coffee, green",tonnes,,1925-1929,40798.4,iia_1933_34,no,no,
iia,mozambique,moz,"coffee, green",ha,,1925-1929,2041.0,iia_1933_34,no,no,
iia,mozambique,moz,"coffee, green",tonnes,,1925-1929,70.2,iia_1933_34,no,no,
iia,new caledonia,roce,"coffee, green",ha,,1925-1929,3166.0,iia_1933_34,no,no,
iia,new caledonia,roce,"coffee, green",tonnes,,1925-1929,804.7,iia_1933_34,no,no,
iia,nicaragua,nic,"coffee, green",ha,,1925-1929,42000.0,iia_1933_34,no,no,
iia,nicaragua,nic,"coffee, green",tonnes,,1925-1929,15087.2,iia_1933_34,no,no,
iia,panama,pan,"coffee, green",tonnes,,1925-1929,32.3,iia_1933_34,no,no,
iia,paraguay,pry,"coffee, green",ha,,1925-1929,187.0,iia_1933_34,no,no,
iia,paraguay,pry,"coffee, green",tonnes,,1925-1929,103.7,iia_1933_34,no,no,
iia,peru,per,"coffee, green",ha,,1925-1929,6820.0,iia_1933_34,no,no,
iia,peru,per,"coffee, green",tonnes,,1925-1929,633.0,iia_1933_34,no,no,
iia,philippines,phl,"coffee, green",ha,,1925-1929,1112.0,iia_1933_34,no,no,
iia,philippines,phl,"coffee, green",tonnes,,1925-1929,1264.4,iia_1933_34,no,no,
iia,sao tome and principe,stp,"coffee, green",tonnes,,1925-1929,300.1,iia_1933_34,no,no,
iia,sierra leone,sle,"coffee, green",ha,,1925-1929,476.0,iia_1933_34,no,no,
iia,sierra leone,sle,"coffee, green",tonnes,,1925-1929,77.0,iia_1933_34,no,no,
iia,sri lanka,lka,"coffee, green",ha,,1925-1929,197.0,iia_1933_34,no,no,
iia,sri lanka,lka,"coffee, green",tonnes,,1925-1929,40.0,iia_1933_34,no,no,
iia,suriname,sur,"coffee, green",ha,,1925-1929,5959.0,iia_1933_34,no,no,
iia,suriname,sur,"coffee, green",tonnes,,1925-1929,2635.9,iia_1933_34,no,no,
iia,tanzania,tza,"coffee, green",tonnes,,1925-1929,7809.7,iia_1933_34,no,no,
iia,timor-leste,tls,"coffee, green",tonnes,,1925-1929,1652.1,iia_1933_34,no,no,
iia,trinidad and tobago,tto,"coffee, green",ha,,1925-1929,868.0,iia_1933_34,no,no,
iia,trinidad and tobago,tto,"coffee, green",tonnes,,1925-1929,212.5,iia_1933_34,no,no,
iia,united states of america,usa,"coffee, green",ha,,1925-1929,69144.0,iia_1933_34,no,no,
iia,united states of america,usa,"coffee, green",tonnes,,1925-1929,11999.6,iia_1933_34,no,no,
iia,vanuatu,vut,"coffee, green",ha,,1925-1929,700.0,iia_1933_34,no,no,
iia,vanuatu,vut,"coffee, green",tonnes,,1925-1929,178.8,iia_1933_34,no,no,
iia,venezuela,ven,"coffee, green",ha,,1925-1929,100000.0,iia_1933_34,no,no,
iia,venezuela,ven,"coffee, green",tonnes,,1925-1929,64325.0,iia_1933_34,no,no,
iia,viet nam,vnm,"coffee, green",ha,,1925-1929,3520.0,iia_1933_34,no,no,
iia,viet nam,vnm,"coffee, green",tonnes,,1925-1929,719.4,iia_1933_34,no,no,
iia,yemen,yem,"coffee, green",tonnes,,1925-1929,5096.1,iia_1933_34,no,no,
iia,algeria,dza,cotton lint,ha,,1925-1929,6130.0,iia_1933_34,no,no,
iia,algeria,dza,cotton lint,tonnes,,1925-1929,1263.0,iia_1933_34,no,no,
iia,angola,ago,cotton lint,ha,,1925-1929,4240.0,iia_1933_34,no,no,
iia,angola,ago,cotton lint,tonnes,,1925-1929,577.0,iia_1933_34,no,no,
iia,antigua and barbuda,atg,cotton lint,ha,,1925-1929,273.0,iia_1933_34,no,no,
iia,antigua and barbuda,atg,cotton lint,tonnes,,1925-1929,36.0,iia_1933_34,no,no,
iia,argentina,arg,cotton lint,ha,,1925-1929,97561.0,iia_1933_34,no,no,
iia,argentina,arg,cotton lint,tonnes,,1925-1929,25019.0,iia_1933_34,no,no,
iia,australia,aus,cotton lint,ha,,1925-1929,7419.0,iia_1933_34,no,no,
iia,australia,aus,cotton lint,tonnes,,1925-1929,1616.6,iia_1933_34,no,no,
iia,barbados,brb,cotton lint,ha,,1925-1929,639.0,iia_1933_34,no,no,
iia,barbados,brb,cotton lint,tonnes,,1925-1929,47.5,iia_1933_34,no,no,
iia,benin,ben,cotton lint,ha,,1925-1929,69000.0,iia_1933_34,no,no,
iia,benin,ben,cotton lint,tonnes,,1925-1929,1000.0,iia_1933_34,no,no,
iia,bolivia,bol,cotton lint,ha,,1925-1929,2418.0,iia_1933_34,no,no,
iia,bolivia,bol,cotton lint,tonnes,,1925-1929,464.0,iia_1933_34,no,no,
iia,brazil,bra,cotton lint,ha,,1925-1929,520129.0,iia_1933_34,no,no,
iia,brazil,bra,cotton lint,tonnes,,1925-1929,113480.0,iia_1933_34,no,no,
iia,bulgaria,bgr,cotton lint,ha,,1925-1929,4398.0,iia_1933_34,no,no,
iia,bulgaria,bgr,cotton lint,tonnes,,1925-1929,660.0,iia_1933_34,no,no,
iia,burkina faso,bfa,cotton lint,ha,,1925-1929,55000.0,iia_1933_34,no,no,
iia,burkina faso,bfa,cotton lint,tonnes,,1925-1929,930.0,iia_1933_34,no,no,
iia,burundi,bdi,cotton lint,ha,,1925-1929,400.0,iia_1933_34,no,no,
iia,burundi,bdi,cotton lint,tonnes,,1925-1929,64.0,iia_1933_34,no,no,
iia,"china, mainland",chn,cotton lint,ha,,1925-1929,1828700.0,iia_1933_34,no,no,
iia,"china, mainland",chn,cotton lint,tonnes,,1925-1929,446460.0,iia_1933_34,no,no,
iia,colombia,col,cotton lint,ha,,1925-1929,21425.0,iia_1933_34,no,no,
iia,colombia,col,cotton lint,tonnes,,1925-1929,3335.0,iia_1933_34,no,no,
iia,congo,cog,cotton lint,ha,,1925-1929,7800.0,iia_1933_34,no,no,
iia,congo,cog,cotton lint,tonnes,,1925-1929,460.0,iia_1933_34,no,no,
iia,cyprus,cyp,cotton lint,ha,,1925-1929,4590.0,iia_1933_34,no,no,
iia,cyprus,cyp,cotton lint,tonnes,,1925-1929,549.0,iia_1933_34,no,no,
iia,dominican republic,dom,cotton lint,tonnes,,1925-1929,68.0,iia_1933_34,no,no,
iia,dr congo,cod,cotton lint,ha,,1925-1929,102400.0,iia_1933_34,no,no,
iia,dr congo,cod,cotton lint,tonnes,,1925-1929,5681.0,iia_1933_34,no,no,
iia,egypt,egy,cotton lint,ha,,1925-1929,845090.0,iia_1933_34,no,no,
iia,egypt,egy,cotton lint,tonnes,,1925-1929,371350.0,iia_1933_34,no,no,
iia,el salvador,slv,cotton lint,tonnes,,1925-1929,140.0,iia_1933_34,no,no,
iia,eritrea,eri,cotton lint,ha,,1925-1929,2800.0,iia_1933_34,no,no,
iia,eritrea,eri,cotton lint,tonnes,,1925-1929,300.0,iia_1933_34,no,no,
iia,fiji,fji,cotton lint,ha,,1925-1929,480.0,iia_1933_34,no,no,
iia,fiji,fji,cotton lint,tonnes,,1925-1929,61.0,iia_1933_34,no,no,
iia,greece,grc,cotton lint,ha,,1925-1929,16114.0,iia_1933_34,no,no,
iia,greece,grc,cotton lint,tonnes,,1925-1929,3256.0,iia_1933_34,no,no,
iia,grenada,grd,cotton lint,ha,,1925-1929,1600.0,iia_1933_34,no,no,
iia,grenada,grd,cotton lint,tonnes,,1925-1929,160.0,iia_1933_34,no,no,
iia,guadeloupe,rlam,cotton lint,ha,,1925-1929,600.0,iia_1933_34,no,no,
iia,guadeloupe,rlam,cotton lint,tonnes,,1925-1929,28.0,iia_1933_34,no,no,
iia,guatemala,gtm,cotton lint,ha,,1925-1929,308.0,iia_1933_34,no,no,
iia,guatemala,gtm,cotton lint,tonnes,,1925-1929,95.0,iia_1933_34,no,no,
iia,guinea,gin,cotton lint,ha,,1925-1929,14000.0,iia_1933_34,no,no,
iia,guinea,gin,cotton lint,tonnes,,1925-1929,400.0,iia_1933_34,no,no,
iia,haiti,hti,cotton lint,ha,,1925-1929,55944.0,iia_1933_34,no,no,
iia,haiti,hti,cotton lint,tonnes,,1925-1929,4840.0,iia_1933_34,no,no,
iia,india,ind,cotton lint,ha,,1925-1929,10600142.0,iia_1933_34,no,no,
iia,india,ind,cotton lint,tonnes,,1925-1929,1024331.0,iia_1933_34,no,no,
iia,indonesia,idn,cotton lint,ha,,1925-1929,8785.0,iia_1933_34,no,no,
iia,indonesia,idn,cotton lint,tonnes,,1925-1929,1029.0,iia_1933_34,no,no,
iia,iran,irn,cotton lint,tonnes,,1925-1929,17459.0,iia_1933_34,no,no,
iia,iraq,irq,cotton lint,tonnes,,1925-1929,646.0,iia_1933_34,no,no,
iia,italy,ita,cotton lint,ha,,1925-1929,3199.0,iia_1933_34,no,no,
iia,italy,ita,cotton lint,tonnes,,1925-1929,715.5,iia_1933_34,no,no,
iia,ivory coast,civ,cotton lint,ha,,1925-1929,56000.0,iia_1933_34,no,no,
iia,ivory coast,civ,cotton lint,tonnes,,1925-1929,1640.0,iia_1933_34,no,no,
iia,japan,jpn,cotton lint,ha,,1925-1929,1160.0,iia_1933_34,no,no,
iia,japan,jpn,cotton lint,tonnes,,1925-1929,236.0,iia_1933_34,no,no,
iia,kenya,ken,cotton lint,tonnes,,1925-1929,282.0,iia_1933_34,no,no,
iia,madagascar,mdg,cotton lint,ha,,1925-1929,400.0,iia_1933_34,no,no,
iia,madagascar,mdg,cotton lint,tonnes,,1925-1929,40.0,iia_1933_34,no,no,
iia,malawi,mwi,cotton lint,ha,,1925-1929,2890.0,iia_1933_34,no,no,
iia,malawi,mwi,cotton lint,tonnes,,1925-1929,184.0,iia_1933_34,no,no,
iia,mali,mli,cotton lint,ha,,1925-1929,60000.0,iia_1933_34,no,no,
iia,mali,mli,cotton lint,tonnes,,1925-1929,1600.0,iia_1933_34,no,no,
iia,malta,mlt,cotton lint,ha,,1925-1929,402.0,iia_1933_34,no,no,
iia,malta,mlt,cotton lint,tonnes,,1925-1929,93.0,iia_1933_34,no,no,
iia,mauritania,mrt,cotton lint,ha,,1925-1929,700.0,iia_1933_34,no,no,
iia,mauritania,mrt,cotton lint,tonnes,,1925-1929,20.0,iia_1933_34,no,no,
iia,mexico,mex,cotton lint,ha,,1925-1929,190867.0,iia_1933_34,no,no,
iia,mexico,mex,cotton lint,tonnes,,1925-1929,54813.0,iia_1933_34,no,no,
iia,montserrat,rlam,cotton lint,ha,,1925-1929,1198.0,iia_1933_34,no,no,
iia,montserrat,rlam,cotton lint,tonnes,,1925-1929,231.0,iia_1933_34,no,no,
iia,morocco,mar,cotton lint,ha,,1925-1929,600.0,iia_1933_34,no,no,
iia,morocco,mar,cotton lint,tonnes,,1925-1929,97.0,iia_1933_34,no,no,
iia,mozambique,moz,cotton lint,ha,,1925-1929,22540.0,iia_1933_34,no,no,
iia,mozambique,moz,cotton lint,tonnes,,1925-1929,2449.0,iia_1933_34,no,no,
iia,new caledonia,roce,cotton lint,tonnes,,1925-1929,107.0,iia_1933_34,no,no,
iia,nicaragua,nic,cotton lint,tonnes,,1925-1929,41.0,iia_1933_34,no,no,
iia,niger,ner,cotton lint,ha,,1925-1929,7440.0,iia_1933_34,no,no,
iia,niger,ner,cotton lint,tonnes,,1925-1929,233.0,iia_1933_34,no,no,
iia,nigeria,nga,cotton lint,tonnes,,1925-1929,6254.0,iia_1933_34,no,no,
iia,paraguay,pry,cotton lint,ha,,1925-1929,11421.0,iia_1933_34,no,no,
iia,paraguay,pry,cotton lint,tonnes,,1925-1929,2452.0,iia_1933_34,no,no,
iia,peru,per,cotton lint,ha,,1925-1929,123148.0,iia_1933_34,no,no,
iia,peru,per,cotton lint,tonnes,,1925-1929,53274.0,iia_1933_34,no,no,
iia,philippines,phl,cotton lint,ha,,1925-1929,355.0,iia_1933_34,no,no,
iia,philippines,phl,cotton lint,tonnes,,1925-1929,65.2,iia_1933_34,no,no,
iia,romania,rou,cotton lint,ha,,1925-1929,40.0,iia_1933_34,no,no,
iia,romania,rou,cotton lint,tonnes,,1925-1929,6.0,iia_1933_34,no,no,
iia,russian federation,rus,cotton lint,ha,,1925-1929,814720.0,iia_1933_34,no,no,
iia,russian federation,rus,cotton lint,tonnes,,1925-1929,215760.0,iia_1933_34,no,no,
iia,saint kitts and nevis,kna,cotton lint,ha,,1925-1929,1122.0,iia_1933_34,no,no,
iia,saint kitts and nevis,kna,cotton lint,tonnes,,1925-1929,194.0,iia_1933_34,no,no,
iia,saint vincent and the grenadines,vct,cotton lint,ha,,1925-1929,1590.0,iia_1933_34,no,no,
iia,saint vincent and the grenadines,vct,cotton lint,tonnes,,1925-1929,177.0,iia_1933_34,no,no,
iia,senegal,sen,cotton lint,ha,,1925-1929,14600.0,iia_1933_34,no,no,
iia,senegal,sen,cotton lint,tonnes,,1925-1929,280.0,iia_1933_34,no,no,
iia,serbia,srb,cotton lint,ha,,1925-1929,713.0,iia_1933_34,no,no,
iia,serbia,srb,cotton lint,tonnes,,1925-1929,90.0,iia_1933_34,no,no,
iia,somalia,som,cotton lint,ha,,1925-1929,5820.0,iia_1933_34,no,no,
iia,somalia,som,cotton lint,tonnes,,1925-1929,928.0,iia_1933_34,no,no,
iia,south africa,zaf,cotton lint,ha,,1925-1929,25120.0,iia_1933_34,no,no,
iia,south africa,zaf,cotton lint,tonnes,,1925-1929,2454.0,iia_1933_34,no,no,
iia,south korea,kor,cotton lint,ha,,1925-1929,200418.0,iia_1933_34,no,no,
iia,south korea,kor,cotton lint,tonnes,,1925-1929,29833.0,iia_1933_34,no,no,
iia,spain,esp,cotton lint,ha,,1925-1929,5530.0,iia_1933_34,no,no,
iia,spain,esp,cotton lint,tonnes,,1925-1929,671.0,iia_1933_34,no,no,
iia,sri lanka,lka,cotton lint,ha,,1925-1929,780.0,iia_1933_34,no,no,
iia,sri lanka,lka,cotton lint,tonnes,,1925-1929,50.0,iia_1933_34,no,no,
iia,syrian arab republic,syr,cotton lint,ha,,1925-1929,23530.0,iia_1933_34,no,no,
iia,syrian arab republic,syr,cotton lint,tonnes,,1925-1929,2151.0,iia_1933_34,no,no,
iia,tanzania,tza,cotton lint,ha,,1925-1929,50670.0,iia_1933_34,no,no,
iia,tanzania,tza,cotton lint,tonnes,,1925-1929,4453.0,iia_1933_34,no,no,
iia,thailand,tha,cotton lint,ha,,1925-1929,3620.0,iia_1933_34,no,no,
iia,thailand,tha,cotton lint,tonnes,,1925-1929,703.0,iia_1933_34,no,no,
iia,turkey,tur,cotton lint,ha,,1925-1929,149070.0,iia_1933_34,no,no,
iia,turkey,tur,cotton lint,tonnes,,1925-1929,21297.0,iia_1933_34,no,no,
iia,united states of america,usa,cotton lint,ha,,1925-1929,17246155.0,iia_1933_34,no,no,
iia,united states of america,usa,cotton lint,tonnes,,1925-1929,3310790.0,iia_1933_34,no,no,
iia,vanuatu,vut,cotton lint,tonnes,,1925-1929,543.0,iia_1933_34,no,no,
iia,venezuela,ven,cotton lint,tonnes,,1925-1929,7222.0,iia_1933_34,no,no,
iia,viet nam,vnm,cotton lint,ha,,1925-1929,1747.0,iia_1933_34,no,no,
iia,viet nam,vnm,cotton lint,tonnes,,1925-1929,200.0,iia_1933_34,no,no,
iia,zambia,zmb,cotton lint,ha,,1925-1929,1070.0,iia_1933_34,no,no,
iia,zambia,zmb,cotton lint,tonnes,,1925-1929,28.0,iia_1933_34,no,no,
iia,zimbabwe,zwe,cotton lint,ha,,1925-1929,6760.0,iia_1933_34,no,no,
iia,zimbabwe,zwe,cotton lint,tonnes,,1925-1929,307.0,iia_1933_34,no,no,
iia,algeria,dza,cotton seed,ha,,1925-1929,6130.0,iia_1933_34,no,no,
iia,algeria,dza,cotton seed,tonnes,,1925-1929,3160.0,iia_1933_34,no,no,
iia,angola,ago,cotton seed,ha,,1925-1929,4240.0,iia_1933_34,no,no,
iia,angola,ago,cotton seed,tonnes,,1925-1929,1414.0,iia_1933_34,no,no,
iia,antigua and barbuda,atg,cotton seed,ha,,1925-1929,273.0,iia_1933_34,no,no,
iia,antigua and barbuda,atg,cotton seed,tonnes,,1925-1929,110.0,iia_1933_34,no,no,
iia,argentina,arg,cotton seed,ha,,1925-1929,97561.0,iia_1933_34,no,no,
iia,argentina,arg,cotton seed,tonnes,,1925-1929,60400.0,iia_1933_34,no,no,
iia,australia,aus,cotton seed,ha,,1925-1929,7419.0,iia_1933_34,no,no,
iia,australia,aus,cotton seed,tonnes,,1925-1929,3230.0,iia_1933_34,no,no,
iia,barbados,brb,cotton seed,ha,,1925-1929,639.0,iia_1933_34,no,no,
iia,barbados,brb,cotton seed,tonnes,,1925-1929,140.0,iia_1933_34,no,no,
iia,benin,ben,cotton seed,ha,,1925-1929,69000.0,iia_1933_34,no,no,
iia,benin,ben,cotton seed,tonnes,,1925-1929,2400.0,iia_1933_34,no,no,
iia,bolivia,bol,cotton seed,ha,,1925-1929,2418.0,iia_1933_34,no,no,
iia,bolivia,bol,cotton seed,tonnes,,1925-1929,1080.0,iia_1933_34,no,no,
iia,brazil,bra,cotton seed,ha,,1925-1929,520129.0,iia_1933_34,no,no,
iia,brazil,bra,cotton seed,tonnes,,1925-1929,264800.0,iia_1933_34,no,no,
iia,bulgaria,bgr,cotton seed,ha,,1925-1929,4398.0,iia_1933_34,no,no,
iia,bulgaria,bgr,cotton seed,tonnes,,1925-1929,1620.0,iia_1933_34,no,no,
iia,burkina faso,bfa,cotton seed,ha,,1925-1929,55000.0,iia_1933_34,no,no,
iia,burkina faso,bfa,cotton seed,tonnes,,1925-1929,2830.0,iia_1933_34,no,no,
iia,burundi,bdi,cotton seed,ha,,1925-1929,400.0,iia_1933_34,no,no,
iia,burundi,bdi,cotton seed,tonnes,,1925-1929,150.0,iia_1933_34,no,no,
iia,"china, mainland",chn,cotton seed,ha,,1925-1929,1828700.0,iia_1933_34,no,no,
iia,"china, mainland",chn,cotton seed,tonnes,,1925-1929,1040300.0,iia_1933_34,no,no,
iia,colombia,col,cotton seed,ha,,1925-1929,21425.0,iia_1933_34,no,no,
iia,colombia,col,cotton seed,tonnes,,1925-1929,7780.0,iia_1933_34,no,no,
iia,congo,cog,cotton seed,ha,,1925-1929,7800.0,iia_1933_34,no,no,
iia,congo,cog,cotton seed,tonnes,,1925-1929,950.0,iia_1933_34,no,no,
iia,cyprus,cyp,cotton seed,ha,,1925-1929,4590.0,iia_1933_34,no,no,
iia,cyprus,cyp,cotton seed,tonnes,,1925-1929,1280.0,iia_1933_34,no,no,
iia,dominican republic,dom,cotton seed,tonnes,,1925-1929,160.0,iia_1933_34,no,no,
iia,dr congo,cod,cotton seed,ha,,1925-1929,102400.0,iia_1933_34,no,no,
iia,dr congo,cod,cotton seed,tonnes,,1925-1929,12224.0,iia_1933_34,no,no,
iia,egypt,egy,cotton seed,ha,,1925-1929,845090.0,iia_1933_34,no,no,
iia,egypt,egy,cotton seed,tonnes,,1925-1929,769402.0,iia_1933_34,no,no,
iia,el salvador,slv,cotton seed,tonnes,,1925-1929,330.0,iia_1933_34,no,no,
iia,eritrea,eri,cotton seed,ha,,1925-1929,2800.0,iia_1933_34,no,no,
iia,eritrea,eri,cotton seed,tonnes,,1925-1929,1026.0,iia_1933_34,no,no,
iia,fiji,fji,cotton seed,ha,,1925-1929,480.0,iia_1933_34,no,no,
iia,fiji,fji,cotton seed,tonnes,,1925-1929,184.0,iia_1933_34,no,no,
iia,greece,grc,cotton seed,ha,,1925-1929,16114.0,iia_1933_34,no,no,
iia,greece,grc,cotton seed,tonnes,,1925-1929,7600.0,iia_1933_34,no,no,
iia,grenada,grd,cotton seed,ha,,1925-1929,1600.0,iia_1933_34,no,no,
iia,grenada,grd,cotton seed,tonnes,,1925-1929,370.0,iia_1933_34,no,no,
iia,guadeloupe,rlam,cotton seed,ha,,1925-1929,600.0,iia_1933_34,no,no,
iia,guadeloupe,rlam,cotton seed,tonnes,,1925-1929,80.0,iia_1933_34,no,no,
iia,guatemala,gtm,cotton seed,ha,,1925-1929,308.0,iia_1933_34,no,no,
iia,guatemala,gtm,cotton seed,tonnes,,1925-1929,280.0,iia_1933_34,no,no,
iia,guinea,gin,cotton seed,ha,,1925-1929,14000.0,iia_1933_34,no,no,
iia,guinea,gin,cotton seed,tonnes,,1925-1929,1100.0,iia_1933_34,no,no,
iia,haiti,hti,cotton seed,ha,,1925-1929,55944.0,iia_1933_34,no,no,
iia,haiti,hti,cotton seed,tonnes,,1925-1929,11280.0,iia_1933_34,no,no,
iia,india,ind,cotton seed,ha,,1925-1929,10600142.0,iia_1933_34,no,no,
iia,india,ind,cotton seed,tonnes,,1925-1929,2386750.0,iia_1933_34,no,no,
iia,indonesia,idn,cotton seed,ha,,1925-1929,8785.0,iia_1933_34,no,no,
iia,indonesia,idn,cotton seed,tonnes,,1925-1929,2400.0,iia_1933_34,no,no,
iia,iran,irn,cotton seed,tonnes,,1925-1929,40680.0,iia_1933_34,no,no,
iia,iraq,irq,cotton seed,tonnes,,1925-1929,1500.0,iia_1933_34,no,no,
iia,italy,ita,cotton seed,ha,,1925-1929,3199.0,iia_1933_34,no,no,
iia,italy,ita,cotton seed,tonnes,,1925-1929,1380.0,iia_1933_34,no,no,
iia,ivory coast,civ,cotton seed,ha,,1925-1929,56000.0,iia_1933_34,no,no,
iia,ivory coast,civ,cotton seed,tonnes,,1925-1929,3500.0,iia_1933_34,no,no,
iia,japan,jpn,cotton seed,ha,,1925-1929,1160.0,iia_1933_34,no,no,
iia,japan,jpn,cotton seed,tonnes,,1925-1929,710.0,iia_1933_34,no,no,
iia,kenya,ken,cotton seed,tonnes,,1925-1929,654.0,iia_1933_34,no,no,
iia,madagascar,mdg,cotton seed,ha,,1925-1929,400.0,iia_1933_34,no,no,
iia,madagascar,mdg,cotton seed,tonnes,,1925-1929,80.0,iia_1933_34,no,no,
iia,malawi,mwi,cotton seed,ha,,1925-1929,2890.0,iia_1933_34,no,no,
iia,malawi,mwi,cotton seed,tonnes,,1925-1929,430.0,iia_1933_34,no,no,
iia,mali,mli,cotton seed,ha,,1925-1929,60000.0,iia_1933_34,no,no,
iia,mali,mli,cotton seed,tonnes,,1925-1929,5400.0,iia_1933_34,no,no,
iia,malta,mlt,cotton seed,ha,,1925-1929,402.0,iia_1933_34,no,no,
iia,malta,mlt,cotton seed,tonnes,,1925-1929,190.0,iia_1933_34,no,no,
iia,mauritania,mrt,cotton seed,ha,,1925-1929,700.0,iia_1933_34,no,no,
iia,mauritania,mrt,cotton seed,tonnes,,1925-1929,50.0,iia_1933_34,no,no,
iia,mexico,mex,cotton seed,ha,,1925-1929,190867.0,iia_1933_34,no,no,
iia,mexico,mex,cotton seed,tonnes,,1925-1929,124310.0,iia_1933_34,no,no,
iia,montserrat,rlam,cotton seed,ha,,1925-1929,1198.0,iia_1933_34,no,no,
iia,montserrat,rlam,cotton seed,tonnes,,1925-1929,540.0,iia_1933_34,no,no,
iia,morocco,mar,cotton seed,ha,,1925-1929,600.0,iia_1933_34,no,no,
iia,morocco,mar,cotton seed,tonnes,,1925-1929,210.0,iia_1933_34,no,no,
iia,mozambique,moz,cotton seed,ha,,1925-1929,22540.0,iia_1933_34,no,no,
iia,mozambique,moz,cotton seed,tonnes,,1925-1929,5705.0,iia_1933_34,no,no,
iia,new caledonia,roce,cotton seed,tonnes,,1925-1929,322.0,iia_1933_34,no,no,
iia,nicaragua,nic,cotton seed,tonnes,,1925-1929,100.0,iia_1933_34,no,no,
iia,niger,ner,cotton seed,ha,,1925-1929,7440.0,iia_1933_34,no,no,
iia,niger,ner,cotton seed,tonnes,,1925-1929,550.0,iia_1933_34,no,no,
iia,nigeria,nga,cotton seed,tonnes,,1925-1929,14570.0,iia_1933_34,no,no,
iia,paraguay,pry,cotton seed,ha,,1925-1929,11421.0,iia_1933_34,no,no,
iia,paraguay,pry,cotton seed,tonnes,,1925-1929,5440.0,iia_1933_34,no,no,
iia,peru,per,cotton seed,ha,,1925-1929,123148.0,iia_1933_34,no,no,
iia,peru,per,cotton seed,tonnes,,1925-1929,87830.0,iia_1933_34,no,no,
iia,philippines,phl,cotton seed,ha,,1925-1929,355.0,iia_1933_34,no,no,
iia,philippines,phl,cotton seed,tonnes,,1925-1929,150.0,iia_1933_34,no,no,
iia,romania,rou,cotton seed,ha,,1925-1929,40.0,iia_1933_34,no,no,
iia,romania,rou,cotton seed,tonnes,,1925-1929,14.0,iia_1933_34,no,no,
iia,russian federation,rus,cotton seed,ha,,1925-1929,814720.0,iia_1933_34,no,no,
iia,russian federation,rus,cotton seed,tonnes,,1925-1929,459360.0,iia_1933_34,no,no,
iia,saint kitts and nevis,kna,cotton seed,ha,,1925-1929,1122.0,iia_1933_34,no,no,
iia,saint kitts and nevis,kna,cotton seed,tonnes,,1925-1929,550.0,iia_1933_34,no,no,
iia,saint vincent and the grenadines,vct,cotton seed,ha,,1925-1929,1590.0,iia_1933_34,no,no,
iia,saint vincent and the grenadines,vct,cotton seed,tonnes,,1925-1929,530.0,iia_1933_34,no,no,
iia,senegal,sen,cotton seed,ha,,1925-1929,14600.0,iia_1933_34,no,no,
iia,senegal,sen,cotton seed,tonnes,,1925-1929,1120.0,iia_1933_34,no,no,
iia,serbia,srb,cotton seed,ha,,1925-1929,713.0,iia_1933_34,no,no,
iia,serbia,srb,cotton seed,tonnes,,1925-1929,190.0,iia_1933_34,no,no,
iia,somalia,som,cotton seed,ha,,1925-1929,5820.0,iia_1933_34,no,no,
iia,somalia,som,cotton seed,tonnes,,1925-1929,2147.0,iia_1933_34,no,no,
iia,south africa,zaf,cotton seed,ha,,1925-1929,25120.0,iia_1933_34,no,no,
iia,south africa,zaf,cotton seed,tonnes,,1925-1929,5210.0,iia_1933_34,no,no,
iia,south korea,kor,cotton seed,ha,,1925-1929,200418.0,iia_1933_34,no,no,
iia,south korea,kor,cotton seed,tonnes,,1925-1929,67380.0,iia_1933_34,no,no,
iia,spain,esp,cotton seed,ha,,1925-1929,5530.0,iia_1933_34,no,no,
iia,spain,esp,cotton seed,tonnes,,1925-1929,1250.0,iia_1933_34,no,no,
iia,sri lanka,lka,cotton seed,ha,,1925-1929,780.0,iia_1933_34,no,no,
iia,sri lanka,lka,cotton seed,tonnes,,1925-1929,120.0,iia_1933_34,no,no,
iia,syrian arab republic,syr,cotton seed,ha,,1925-1929,23530.0,iia_1933_34,no,no,
iia,syrian arab republic,syr,cotton seed,tonnes,,1925-1929,4516.0,iia_1933_34,no,no,
iia,tanzania,tza,cotton seed,ha,,1925-1929,50670.0,iia_1933_34,no,no,
iia,tanzania,tza,cotton seed,tonnes,,1925-1929,10390.0,iia_1933_34,no,no,
iia,thailand,tha,cotton seed,ha,,1925-1929,3620.0,iia_1933_34,no,no,
iia,thailand,tha,cotton seed,tonnes,,1925-1929,1640.0,iia_1933_34,no,no,
iia,turkey,tur,cotton seed,ha,,1925-1929,149070.0,iia_1933_34,no,no,
iia,turkey,tur,cotton seed,tonnes,,1925-1929,47580.0,iia_1933_34,no,no,
iia,united states of america,usa,cotton seed,ha,,1925-1929,17246155.0,iia_1933_34,no,no,
iia,united states of america,usa,cotton seed,tonnes,,1925-1929,6155920.0,iia_1933_34,no,no,
iia,vanuatu,vut,cotton seed,tonnes,,1925-1929,1265.0,iia_1933_34,no,no,
iia,venezuela,ven,cotton seed,tonnes,,1925-1929,16500.0,iia_1933_34,no,no,
iia,viet nam,vnm,cotton seed,ha,,1925-1929,1747.0,iia_1933_34,no,no,
iia,viet nam,vnm,cotton seed,tonnes,,1925-1929,560.0,iia_1933_34,no,no,
iia,zambia,zmb,cotton seed,ha,,1925-1929,1070.0,iia_1933_34,no,no,
iia,zambia,zmb,cotton seed,tonnes,,1925-1929,64.0,iia_1933_34,no,no,
iia,zimbabwe,zwe,cotton seed,ha,,1925-1929,6760.0,iia_1933_34,no,no,
iia,zimbabwe,zwe,cotton seed,tonnes,,1925-1929,712.0,iia_1933_34,no,no,
iia,austria,aut,"fertilizer, mixed",tonnes,,1925-1929,1130.0,iia_1933_34,no,no,
iia,belgium,bel,"fertilizer, mixed",tonnes,,1925-1929,9175.0,iia_1933_34,no,no,
iia,chile,chl,"fertilizer, mixed",tonnes,,1925-1929,13898.0,iia_1933_34,no,no,
iia,"china, taiwan province of",twn,"fertilizer, mixed",tonnes,,1925-1929,1581.0,iia_1933_34,no,no,
iia,france,fra,"fertilizer, mixed",tonnes,,1925-1929,36700.0,iia_1933_34,no,no,
iia,germany,deu,"fertilizer, mixed",tonnes,,1925-1929,13863.0,iia_1933_34,no,no,
iia,greece,grc,"fertilizer, mixed",tonnes,,1925-1929,640.0,iia_1933_34,no,no,
iia,hungary,hun,"fertilizer, mixed",tonnes,,1925-1929,10486.0,iia_1933_34,no,no,
iia,india,ind,"fertilizer, mixed",tonnes,,1925-1929,9685.0,iia_1933_34,no,no,
iia,indonesia,idn,"fertilizer, mixed",tonnes,,1925-1929,965.0,iia_1933_34,no,no,
iia,italy,ita,"fertilizer, mixed",tonnes,,1925-1929,319683.0,iia_1933_34,no,no,
iia,japan,jpn,"fertilizer, mixed",tonnes,,1925-1929,58472.0,iia_1933_34,no,no,
iia,peru,per,"fertilizer, mixed",tonnes,,1925-1929,114432.0,iia_1933_34,no,no,
iia,portugal,prt,"fertilizer, mixed",tonnes,,1925-1929,5433.0,iia_1933_34,no,no,
iia,romania,rou,"fertilizer, mixed",tonnes,,1925-1929,1927.0,iia_1933_34,no,no,
iia,seychelles,rafr,"fertilizer, mixed",tonnes,,1925-1929,12070.0,iia_1933_34,no,no,
iia,south africa,zaf,"fertilizer, mixed",tonnes,,1925-1929,8483.0,iia_1933_34,no,no,
iia,spain,esp,"fertilizer, mixed",tonnes,,1925-1929,13431.0,iia_1933_34,no,no,
iia,sweden,swe,"fertilizer, mixed",tonnes,,1925-1929,319.0,iia_1933_34,no,no,
iia,switzerland,che,"fertilizer, mixed",tonnes,,1925-1929,2400.0,iia_1933_34,no,no,
iia,united kingdom,gbr,"fertilizer, mixed",tonnes,,1925-1929,42808.0,iia_1933_34,no,no,
iia,united states of america,usa,"fertilizer, mixed",tonnes,,1925-1929,1982342.0,iia_1933_34,no,no,
iia,austria,aut,flax fibre and tow,ha,,1925-1929,4163.0,iia_1933_34,no,no,
iia,austria,aut,flax fibre and tow,tonnes,,1925-1929,6905.8,iia_1933_34,no,no,
iia,belgium,bel,flax fibre and tow,ha,,1925-1929,23919.0,iia_1933_34,no,no,
iia,belgium,bel,flax fibre and tow,tonnes,,1925-1929,26285.8,iia_1933_34,no,no,
iia,bulgaria,bgr,flax fibre and tow,ha,,1925-1929,238.0,iia_1933_34,no,no,
iia,bulgaria,bgr,flax fibre and tow,tonnes,,1925-1929,66.7,iia_1933_34,no,no,
iia,canada,can,flax fibre and tow,ha,,1925-1929,2237.0,iia_1933_34,no,no,
iia,canada,can,flax fibre and tow,tonnes,,1925-1929,653.2,iia_1933_34,no,no,
iia,cyprus,cyp,flax fibre and tow,ha,,1925-1929,632.0,iia_1933_34,no,no,
iia,cyprus,cyp,flax fibre and tow,tonnes,,1925-1929,147.7,iia_1933_34,no,no,
iia,czech republic,cze,flax fibre and tow,ha,,1925-1929,20799.0,iia_1933_34,no,no,
iia,czech republic,cze,flax fibre and tow,tonnes,,1925-1929,10779.4,iia_1933_34,no,no,
iia,egypt,egy,flax fibre and tow,ha,,1925-1929,1267.0,iia_1933_34,no,no,
iia,egypt,egy,flax fibre and tow,tonnes,,1925-1929,992.6,iia_1933_34,no,no,
iia,estonia,est,flax fibre and tow,ha,,1925-1929,36110.0,iia_1933_34,no,no,
iia,estonia,est,flax fibre and tow,tonnes,,1925-1929,10017.2,iia_1933_34,no,no,
iia,finland,fin,flax fibre and tow,ha,,1925-1929,4884.0,iia_1933_34,no,no,
iia,finland,fin,flax fibre and tow,tonnes,,1925-1929,1405.2,iia_1933_34,no,no,
iia,france,fra,flax fibre and tow,ha,,1925-1929,30688.0,iia_1933_34,no,no,
iia,france,fra,flax fibre and tow,tonnes,,1925-1929,26679.3,iia_1933_34,no,no,
iia,germany,deu,flax fibre and tow,ha,,1925-1929,19799.0,iia_1933_34,no,no,
iia,hungary,hun,flax fibre and tow,ha,,1925-1929,2978.0,iia_1933_34,no,no,
iia,hungary,hun,flax fibre and tow,tonnes,,1925-1929,2108.2,iia_1933_34,no,no,
iia,italy,ita,flax fibre and tow,ha,,1925-1929,7146.0,iia_1933_34,no,no,
iia,italy,ita,flax fibre and tow,tonnes,,1925-1929,2557.6,iia_1933_34,no,no,
iia,japan,jpn,flax fibre and tow,ha,,1925-1929,12564.0,iia_1933_34,no,no,
iia,japan,jpn,flax fibre and tow,tonnes,,1925-1929,3613.8,iia_1933_34,no,no,
iia,latvia,lva,flax fibre and tow,ha,,1925-1929,65946.0,iia_1933_34,no,no,
iia,latvia,lva,flax fibre and tow,tonnes,,1925-1929,22096.4,iia_1933_34,no,no,
iia,lithuania,ltu,flax fibre and tow,ha,,1925-1929,85480.0,iia_1933_34,no,no,
iia,lithuania,ltu,flax fibre and tow,tonnes,,1925-1929,36377.4,iia_1933_34,no,no,
iia,netherlands,nld,flax fibre and tow,ha,,1925-1929,14974.0,iia_1933_34,no,no,
iia,netherlands,nld,flax fibre and tow,tonnes,,1925-1929,11496.8,iia_1933_34,no,no,
iia,poland,pol,flax fibre and tow,ha,,1925-1929,113147.0,iia_1933_34,no,no,
iia,poland,pol,flax fibre and tow,tonnes,,1925-1929,56401.8,iia_1933_34,no,no,
iia,romania,rou,flax fibre and tow,ha,,1925-1929,20413.0,iia_1933_34,no,no,
iia,romania,rou,flax fibre and tow,tonnes,,1925-1929,2499.7,iia_1933_34,no,no,
iia,russian federation,rus,flax fibre and tow,ha,,1925-1929,1347867.0,iia_1933_34,no,no,
iia,russian federation,rus,flax fibre and tow,tonnes,,1925-1929,298274.7,iia_1933_34,no,no,
iia,serbia,srb,flax fibre and tow,ha,,1925-1929,12747.0,iia_1933_34,no,no,
iia,serbia,srb,flax fibre and tow,tonnes,,1925-1929,8200.5,iia_1933_34,no,no,
iia,spain,esp,flax fibre and tow,ha,,1925-1929,1049.0,iia_1933_34,no,no,
iia,spain,esp,flax fibre and tow,tonnes,,1925-1929,580.1,iia_1933_34,no,no,
iia,sweden,swe,flax fibre and tow,ha,,1925-1929,1141.0,iia_1933_34,no,no,
iia,sweden,swe,flax fibre and tow,tonnes,,1925-1929,166.7,iia_1933_34,no,no,
iia,united kingdom,gbr,flax fibre and tow,ha,,1925-1929,14220.0,iia_1933_34,no,no,
iia,united kingdom,gbr,flax fibre and tow,tonnes,,1925-1929,6021.9,iia_1933_34,no,no,
iia,jamaica,jam,grapefruit (inc. pomelos),ha,,1925-1929,34.0,iia_1933_34,no,no,
iia,jamaica,jam,grapefruit (inc. pomelos),tonnes,,1925-1929,4629.9,iia_1933_34,no,no,
iia,mexico,mex,grapefruit (inc. pomelos),tonnes,,1925-1929,1543.4,iia_1933_34,no,no,
iia,philippines,phl,grapefruit (inc. pomelos),ha,,1925-1929,1422.0,iia_1933_34,no,no,
iia,philippines,phl,grapefruit (inc. pomelos),tonnes,,1925-1929,7505.1,iia_1933_34,no,no,
iia,united states of america,usa,grapefruit (inc. pomelos),ha,,1925-1929,34297.0,iia_1933_34,no,no,
iia,united states of america,usa,grapefruit (inc. pomelos),tonnes,,1925-1929,365551.0,iia_1933_34,no,no,
iia,algeria,dza,grapes,tonnes,,1925-1929,0.1,iia_1933_34,no,no,
iia,argentina,arg,grapes,ha,,1925-1929,131015.0,iia_1933_34,no,no,
iia,argentina,arg,grapes,tonnes,,1925-1929,849738.5,iia_1933_34,no,no,
iia,australia,aus,grapes,ha,,1925-1929,2920.0,iia_1933_34,no,no,
iia,australia,aus,grapes,tonnes,,1925-1929,13124.7,iia_1933_34,no,no,
iia,austria,aut,grapes,tonnes,,1925-1929,98.4,iia_1933_34,no,no,
iia,belgium,bel,grapes,tonnes,,1925-1929,7000.0,iia_1933_34,no,no,
iia,brazil,bra,grapes,ha,,1925-1929,23700.0,iia_1933_34,no,no,
iia,brazil,bra,grapes,tonnes,,1925-1929,114813.4,iia_1933_34,no,no,
iia,bulgaria,bgr,grapes,ha,,1925-1929,63205.0,iia_1933_34,no,no,
iia,bulgaria,bgr,grapes,tonnes,,1925-1929,275634.3,iia_1933_34,no,no,
iia,canada,can,grapes,tonnes,,1925-1929,18334.7,iia_1933_34,no,no,
iia,chile,chl,grapes,tonnes,,1925-1929,4965.1,iia_1933_34,no,no,
iia,cyprus,cyp,grapes,ha,,1925-1929,36086.0,iia_1933_34,no,no,
iia,cyprus,cyp,grapes,tonnes,,1925-1929,46987.3,iia_1933_34,no,no,
iia,czech republic,cze,grapes,ha,,1925-1929,13.0,iia_1933_34,no,no,
iia,czech republic,cze,grapes,tonnes,,1925-1929,34175.7,iia_1933_34,no,no,
iia,egypt,egy,grapes,ha,,1925-1929,2380.0,iia_1933_34,no,no,
iia,egypt,egy,grapes,tonnes,,1925-1929,21019.2,iia_1933_34,no,no,
iia,france,fra,grapes,ha,,1925-1929,22890.0,iia_1933_34,no,no,
iia,france,fra,grapes,tonnes,,1925-1929,109193.8,iia_1933_34,no,no,
iia,greece,grc,grapes,ha,,1925-1929,10294.0,iia_1933_34,no,no,
iia,greece,grc,grapes,tonnes,,1925-1929,30237.8,iia_1933_34,no,no,
iia,hungary,hun,grapes,tonnes,,1925-1929,13578.6,iia_1933_34,no,no,
iia,israel,isr,grapes,ha,,1925-1929,3981.0,iia_1933_34,no,no,
iia,israel,isr,grapes,tonnes,,1925-1929,6141.8,iia_1933_34,no,no,
iia,italy,ita,grapes,ha,,1925-1929,840805.0,iia_1933_34,no,no,
iia,italy,ita,grapes,tonnes,,1925-1929,2841615.6,iia_1933_34,no,no,
iia,japan,jpn,grapes,tonnes,,1925-1929,42605.6,iia_1933_34,no,no,
iia,libya,lby,grapes,ha,,1925-1929,1493.0,iia_1933_34,no,no,
iia,libya,lby,grapes,tonnes,,1925-1929,1758.4,iia_1933_34,no,no,
iia,madagascar,mdg,grapes,ha,,1925-1929,432.0,iia_1933_34,no,no,
iia,madagascar,mdg,grapes,tonnes,,1925-1929,1145.2,iia_1933_34,no,no,
iia,malta,mlt,grapes,ha,,1925-1929,722.0,iia_1933_34,no,no,
iia,malta,mlt,grapes,tonnes,,1925-1929,6638.9,iia_1933_34,no,no,
iia,mexico,mex,grapes,tonnes,,1925-1929,7304.2,iia_1933_34,no,no,
iia,morocco,mar,grapes,ha,,1925-1929,5400.0,iia_1933_34,no,no,
iia,morocco,mar,grapes,tonnes,,1925-1929,40000.0,iia_1933_34,no,no,
iia,netherlands,nld,grapes,ha,,1925-1929,391.0,iia_1933_34,no,no,
iia,peru,per,grapes,ha,,1925-1929,6997.0,iia_1933_34,no,no,
iia,peru,per,grapes,tonnes,,1925-1929,32817.0,iia_1933_34,no,no,
iia,portugal,prt,grapes,ha,,1925-1929,346850.0,iia_1933_34,no,no,
iia,portugal,prt,grapes,tonnes,,1925-1929,1073186.6,iia_1933_34,no,no,
iia,romania,rou,grapes,ha,,1925-1929,234864.0,iia_1933_34,no,no,
iia,romania,rou,grapes,tonnes,,1925-1929,1053460.0,iia_1933_34,no,no,
iia,russian federation,rus,grapes,ha,,1925-1929,186062.0,iia_1933_34,no,no,
iia,russian federation,rus,grapes,tonnes,,1925-1929,961300.0,iia_1933_34,no,no,
iia,south africa,zaf,grapes,tonnes,,1925-1929,14921.4,iia_1933_34,no,no,
iia,south korea,kor,grapes,tonnes,,1925-1929,643.0,iia_1933_34,no,no,
iia,spain,esp,grapes,ha,,1925-1929,76456.0,iia_1933_34,no,no,
iia,spain,esp,grapes,tonnes,,1925-1929,225450.7,iia_1933_34,no,no,
iia,syrian arab republic,syr,grapes,ha,,1925-1929,38659.0,iia_1933_34,no,no,
iia,syrian arab republic,syr,grapes,tonnes,,1925-1929,138114.7,iia_1933_34,no,no,
iia,tunisia,tun,grapes,ha,,1925-1929,4000.0,iia_1933_34,no,no,
iia,tunisia,tun,grapes,tonnes,,1925-1929,5520.0,iia_1933_34,no,no,
iia,turkey,tur,grapes,ha,,1925-1929,17870.0,iia_1933_34,no,no,
iia,united states of america,usa,grapes,ha,,1925-1929,53686.0,iia_1933_34,no,no,
iia,united states of america,usa,grapes,tonnes,,1925-1929,664966.6,iia_1933_34,no,no,
iia,uruguay,ury,grapes,ha,,1925-1929,11086.0,iia_1933_34,no,no,
iia,uruguay,ury,grapes,tonnes,,1925-1929,57226.9,iia_1933_34,no,no,
iia,angola,ago,"groundnuts, with shell",ha,,1925-1929,4476.0,iia_1933_34,no,no,
iia,angola,ago,"groundnuts, with shell",tonnes,,1925-1929,3133.2,iia_1933_34,no,no,
iia,argentina,arg,"groundnuts, with shell",ha,,1925-1929,53036.0,iia_1933_34,no,no,
iia,argentina,arg,"groundnuts, with shell",tonnes,,1925-1929,61028.8,iia_1933_34,no,no,
iia,australia,aus,"groundnuts, with shell",ha,,1925-1929,2096.0,iia_1933_34,no,no,
iia,australia,aus,"groundnuts, with shell",tonnes,,1925-1929,2070.8,iia_1933_34,no,no,
iia,benin,ben,"groundnuts, with shell",ha,,1925-1929,32710.0,iia_1933_34,no,no,
iia,benin,ben,"groundnuts, with shell",tonnes,,1925-1929,29860.0,iia_1933_34,no,no,
iia,bulgaria,bgr,"groundnuts, with shell",ha,,1925-1929,42.0,iia_1933_34,no,no,
iia,bulgaria,bgr,"groundnuts, with shell",tonnes,,1925-1929,28.6,iia_1933_34,no,no,
iia,burkina faso,bfa,"groundnuts, with shell",ha,,1925-1929,111700.0,iia_1933_34,no,no,
iia,burkina faso,bfa,"groundnuts, with shell",tonnes,,1925-1929,48070.0,iia_1933_34,no,no,
iia,burundi,bdi,"groundnuts, with shell",ha,,1925-1929,2292.0,iia_1933_34,no,no,
iia,burundi,bdi,"groundnuts, with shell",tonnes,,1925-1929,2304.0,iia_1933_34,no,no,
iia,cameroon,cmr,"groundnuts, with shell",ha,,1925-1929,49200.0,iia_1933_34,no,no,
iia,cameroon,cmr,"groundnuts, with shell",tonnes,,1925-1929,17670.0,iia_1933_34,no,no,
iia,"china, mainland",chn,"groundnuts, with shell",ha,,1925-1929,29348.0,iia_1933_34,no,no,
iia,"china, mainland",chn,"groundnuts, with shell",tonnes,,1925-1929,254353.1,iia_1933_34,no,no,
iia,"china, taiwan province of",twn,"groundnuts, with shell",ha,,1925-1929,25966.0,iia_1933_34,no,no,
iia,"china, taiwan province of",twn,"groundnuts, with shell",tonnes,,1925-1929,40677.9,iia_1933_34,no,no,
iia,congo,cog,"groundnuts, with shell",ha,,1925-1929,14000.0,iia_1933_34,no,no,
iia,congo,cog,"groundnuts, with shell",tonnes,,1925-1929,10015.0,iia_1933_34,no,no,
iia,cyprus,cyp,"groundnuts, with shell",ha,,1925-1929,12.0,iia_1933_34,no,no,
iia,cyprus,cyp,"groundnuts, with shell",tonnes,,1925-1929,16.9,iia_1933_34,no,no,
iia,dr congo,cod,"groundnuts, with shell",ha,,1925-1929,108021.0,iia_1933_34,no,no,
iia,dr congo,cod,"groundnuts, with shell",tonnes,,1925-1929,73051.9,iia_1933_34,no,no,
iia,egypt,egy,"groundnuts, with shell",ha,,1925-1929,26671.0,iia_1933_34,no,no,
iia,egypt,egy,"groundnuts, with shell",tonnes,,1925-1929,26247.2,iia_1933_34,no,no,
iia,gambia,gmb,"groundnuts, with shell",tonnes,,1925-1929,60928.5,iia_1933_34,no,no,
iia,ghana,gha,"groundnuts, with shell",ha,,1925-1929,160.0,iia_1933_34,no,no,
iia,ghana,gha,"groundnuts, with shell",tonnes,,1925-1929,87.6,iia_1933_34,no,no,
iia,guatemala,gtm,"groundnuts, with shell",ha,,1925-1929,17.0,iia_1933_34,no,no,
iia,guatemala,gtm,"groundnuts, with shell",tonnes,,1925-1929,13.6,iia_1933_34,no,no,
iia,guinea,gin,"groundnuts, with shell",ha,,1925-1929,26000.0,iia_1933_34,no,no,
iia,guinea,gin,"groundnuts, with shell",tonnes,,1925-1929,22000.0,iia_1933_34,no,no,
iia,guinea-bissau,gnb,"groundnuts, with shell",ha,,1925-1929,27374.0,iia_1933_34,no,no,
iia,guinea-bissau,gnb,"groundnuts, with shell",tonnes,,1925-1929,20634.9,iia_1933_34,no,no,
iia,india,ind,"groundnuts, with shell",ha,,1925-1929,2104850.0,iia_1933_34,no,no,
iia,india,ind,"groundnuts, with shell",tonnes,,1925-1929,2278968.0,iia_1933_34,no,no,
iia,indonesia,idn,"groundnuts, with shell",ha,,1925-1929,206777.0,iia_1933_34,no,no,
iia,indonesia,idn,"groundnuts, with shell",tonnes,,1925-1929,214128.2,iia_1933_34,no,no,
iia,ivory coast,civ,"groundnuts, with shell",ha,,1925-1929,23200.0,iia_1933_34,no,no,
iia,ivory coast,civ,"groundnuts, with shell",tonnes,,1925-1929,13520.0,iia_1933_34,no,no,
iia,japan,jpn,"groundnuts, with shell",ha,,1925-1929,6529.0,iia_1933_34,no,no,
iia,japan,jpn,"groundnuts, with shell",tonnes,,1925-1929,11853.8,iia_1933_34,no,no,
iia,kenya,ken,"groundnuts, with shell",tonnes,,1925-1929,1413.5,iia_1933_34,no,no,
iia,madagascar,mdg,"groundnuts, with shell",ha,,1925-1929,12500.0,iia_1933_34,no,no,
iia,madagascar,mdg,"groundnuts, with shell",tonnes,,1925-1929,11000.0,iia_1933_34,no,no,
iia,malawi,mwi,"groundnuts, with shell",ha,,1925-1929,29.0,iia_1933_34,no,no,
iia,malawi,mwi,"groundnuts, with shell",tonnes,,1925-1929,18.5,iia_1933_34,no,no,
iia,mali,mli,"groundnuts, with shell",ha,,1925-1929,72000.0,iia_1933_34,no,no,
iia,mali,mli,"groundnuts, with shell",tonnes,,1925-1929,62100.0,iia_1933_34,no,no,
iia,mauritania,mrt,"groundnuts, with shell",ha,,1925-1929,2250.0,iia_1933_34,no,no,
iia,mauritania,mrt,"groundnuts, with shell",tonnes,,1925-1929,14.1,iia_1933_34,no,no,
iia,mauritius,mus,"groundnuts, with shell",ha,,1925-1929,176.0,iia_1933_34,no,no,
iia,mauritius,mus,"groundnuts, with shell",tonnes,,1925-1929,440.0,iia_1933_34,no,no,
iia,mexico,mex,"groundnuts, with shell",ha,,1925-1929,12430.0,iia_1933_34,no,no,
iia,mexico,mex,"groundnuts, with shell",tonnes,,1925-1929,7583.1,iia_1933_34,no,no,
iia,niger,ner,"groundnuts, with shell",ha,,1925-1929,32900.0,iia_1933_34,no,no,
iia,niger,ner,"groundnuts, with shell",tonnes,,1925-1929,16200.0,iia_1933_34,no,no,
iia,nigeria,nga,"groundnuts, with shell",ha,,1925-1929,192628.0,iia_1933_34,no,no,
iia,nigeria,nga,"groundnuts, with shell",tonnes,,1925-1929,172818.4,iia_1933_34,no,no,
iia,paraguay,pry,"groundnuts, with shell",ha,,1925-1929,4276.0,iia_1933_34,no,no,
iia,paraguay,pry,"groundnuts, with shell",tonnes,,1925-1929,8709.0,iia_1933_34,no,no,
iia,philippines,phl,"groundnuts, with shell",ha,,1925-1929,6559.0,iia_1933_34,no,no,
iia,philippines,phl,"groundnuts, with shell",tonnes,,1925-1929,5346.0,iia_1933_34,no,no,
iia,saint vincent and the grenadines,vct,"groundnuts, with shell",ha,,1925-1929,130.0,iia_1933_34,no,no,
iia,saint vincent and the grenadines,vct,"groundnuts, with shell",tonnes,,1925-1929,128.8,iia_1933_34,no,no,
iia,senegal,sen,"groundnuts, with shell",ha,,1925-1929,552950.0,iia_1933_34,no,no,
iia,senegal,sen,"groundnuts, with shell",tonnes,,1925-1929,473030.0,iia_1933_34,no,no,
iia,sierra leone,sle,"groundnuts, with shell",ha,,1925-1929,2100.0,iia_1933_34,no,no,
iia,sierra leone,sle,"groundnuts, with shell",tonnes,,1925-1929,2050.0,iia_1933_34,no,no,
iia,south africa,zaf,"groundnuts, with shell",ha,,1925-1929,12445.0,iia_1933_34,no,no,
iia,south africa,zaf,"groundnuts, with shell",tonnes,,1925-1929,5598.1,iia_1933_34,no,no,
iia,south korea,kor,"groundnuts, with shell",ha,,1925-1929,885.0,iia_1933_34,no,no,
iia,south korea,kor,"groundnuts, with shell",tonnes,,1925-1929,1581.2,iia_1933_34,no,no,
iia,spain,esp,"groundnuts, with shell",ha,,1925-1929,8280.0,iia_1933_34,no,no,
iia,spain,esp,"groundnuts, with shell",tonnes,,1925-1929,24004.5,iia_1933_34,no,no,
iia,tanzania,tza,"groundnuts, with shell",tonnes,,1925-1929,16671.4,iia_1933_34,no,no,
iia,united states of america,usa,"groundnuts, with shell",ha,,1925-1929,446292.0,iia_1933_34,no,no,
iia,united states of america,usa,"groundnuts, with shell",tonnes,,1925-1929,363452.0,iia_1933_34,no,no,
iia,uruguay,ury,"groundnuts, with shell",ha,,1925-1929,813.0,iia_1933_34,no,no,
iia,uruguay,ury,"groundnuts, with shell",tonnes,,1925-1929,360.8,iia_1933_34,no,no,
iia,viet nam,vnm,"groundnuts, with shell",ha,,1925-1929,2515.0,iia_1933_34,no,no,
iia,viet nam,vnm,"groundnuts, with shell",tonnes,,1925-1929,2506.4,iia_1933_34,no,no,
iia,zambia,zmb,"groundnuts, with shell",ha,,1925-1929,421.0,iia_1933_34,no,no,
iia,zambia,zmb,"groundnuts, with shell",tonnes,,1925-1929,271.0,iia_1933_34,no,no,
iia,zimbabwe,zwe,"groundnuts, with shell",ha,,1925-1929,3075.0,iia_1933_34,no,no,
iia,zimbabwe,zwe,"groundnuts, with shell",tonnes,,1925-1929,2123.4,iia_1933_34,no,no,
iia,austria,aut,hempseed,ha,,1925-1929,244.0,iia_1933_34,no,no,
iia,austria,aut,hempseed,tonnes,,1925-1929,120.5,iia_1933_34,no,no,
iia,belgium,bel,hempseed,ha,,1925-1929,29.0,iia_1933_34,no,no,
iia,belgium,bel,hempseed,tonnes,,1925-1929,18.2,iia_1933_34,no,no,
iia,bulgaria,bgr,hempseed,ha,,1925-1929,3951.0,iia_1933_34,no,no,
iia,bulgaria,bgr,hempseed,tonnes,,1925-1929,1145.5,iia_1933_34,no,no,
iia,chile,chl,hempseed,ha,,1925-1929,1761.0,iia_1933_34,no,no,
iia,chile,chl,hempseed,tonnes,,1925-1929,2936.3,iia_1933_34,no,no,
iia,cyprus,cyp,hempseed,ha,,1925-1929,179.0,iia_1933_34,no,no,
iia,cyprus,cyp,hempseed,tonnes,,1925-1929,35.1,iia_1933_34,no,no,
iia,czech republic,cze,hempseed,ha,,1925-1929,10617.0,iia_1933_34,no,no,
iia,czech republic,cze,hempseed,tonnes,,1925-1929,5341.3,iia_1933_34,no,no,
iia,france,fra,hempseed,ha,,1925-1929,4923.0,iia_1933_34,no,no,
iia,france,fra,hempseed,tonnes,,1925-1929,1773.5,iia_1933_34,no,no,
iia,hungary,hun,hempseed,ha,,1925-1929,9728.0,iia_1933_34,no,no,
iia,hungary,hun,hempseed,tonnes,,1925-1929,4588.6,iia_1933_34,no,no,
iia,italy,ita,hempseed,tonnes,,1925-1929,6152.0,iia_1933_34,no,no,
iia,morocco,mar,hempseed,ha,,1925-1929,629.0,iia_1933_34,no,no,
iia,morocco,mar,hempseed,tonnes,,1925-1929,100.0,iia_1933_34,no,no,
iia,poland,pol,hempseed,ha,,1925-1929,30064.0,iia_1933_34,no,no,
iia,poland,pol,hempseed,tonnes,,1925-1929,20039.1,iia_1933_34,no,no,
iia,romania,rou,hempseed,ha,,1925-1929,40986.0,iia_1933_34,no,no,
iia,romania,rou,hempseed,tonnes,,1925-1929,8873.9,iia_1933_34,no,no,
iia,russian federation,rus,hempseed,ha,,1925-1929,906540.0,iia_1933_34,no,no,
iia,russian federation,rus,hempseed,tonnes,,1925-1929,514000.0,iia_1933_34,no,no,
iia,serbia,srb,hempseed,tonnes,,1925-1929,1137.7,iia_1933_34,no,no,
iia,spain,esp,hempseed,ha,,1925-1929,6231.0,iia_1933_34,no,no,
iia,spain,esp,hempseed,tonnes,,1925-1929,2161.4,iia_1933_34,no,no,
iia,syrian arab republic,syr,hempseed,ha,,1925-1929,2540.0,iia_1933_34,no,no,
iia,syrian arab republic,syr,hempseed,tonnes,,1925-1929,643.2,iia_1933_34,no,no,
iia,australia,aus,hops,ha,,1925-1929,630.0,iia_1933_34,no,no,
iia,australia,aus,hops,tonnes,,1925-1929,1092.4,iia_1933_34,no,no,no
iia,austria,aut,hops,ha,,1925-1929,227.0,iia_1933_34,no,no,
iia,austria,aut,hops,tonnes,,1925-1929,85.1,iia_1933_34,no,no,no
iia,belgium,bel,hops,ha,,1925-1929,1393.0,iia_1933_34,no,no,
iia,belgium,bel,hops,tonnes,,1925-1929,2321.4,iia_1933_34,no,no,no
iia,canada,can,hops,ha,,1925-1929,352.0,iia_1933_34,no,no,
iia,canada,can,hops,tonnes,,1925-1929,512.8,iia_1933_34,no,no,no
iia,czech republic,cze,hops,ha,,1925-1929,12978.0,iia_1933_34,no,no,
iia,czech republic,cze,hops,tonnes,,1925-1929,9761.2,iia_1933_34,no,no,no
iia,france,fra,hops,ha,,1925-1929,4461.0,iia_1933_34,no,no,
iia,france,fra,hops,tonnes,,1925-1929,4898.1,iia_1933_34,no,no,no
iia,germany,deu,hops,ha,,1925-1929,14529.0,iia_1933_34,no,no,
iia,germany,deu,hops,tonnes,,1925-1929,7307.9,iia_1933_34,no,no,no
iia,hungary,hun,hops,ha,,1925-1929,141.0,iia_1933_34,no,no,
iia,hungary,hun,hops,tonnes,,1925-1929,77.2,iia_1933_34,no,no,no
iia,new zealand,nzl,hops,ha,,1925-1929,25.0,iia_1933_34,no,no,
iia,new zealand,nzl,hops,tonnes,,1925-1929,365.0,iia_1933_34,no,no,no
iia,poland,pol,hops,ha,,1925-1929,2459.0,iia_1933_34,no,no,
iia,poland,pol,hops,tonnes,,1925-1929,1543.5,iia_1933_34,no,no,no
iia,romania,rou,hops,ha,,1925-1929,83.0,iia_1933_34,no,no,
iia,romania,rou,hops,tonnes,,1925-1929,40.6,iia_1933_34,no,no,no
iia,serbia,srb,hops,ha,,1925-1929,5809.0,iia_1933_34,no,no,
iia,serbia,srb,hops,tonnes,,1925-1929,3279.2,iia_1933_34,no,no,no
iia,united kingdom,gbr,hops,ha,,1925-1929,9927.0,iia_1933_34,no,no,
iia,united kingdom,gbr,hops,tonnes,,1925-1929,15677.5,iia_1933_34,no,no,no
iia,united states of america,usa,hops,ha,,1925-1929,9417.0,iia_1933_34,no,no,
iia,united states of america,usa,hops,tonnes,,1925-1929,14232.9,iia_1933_34,no,no,no
iia,"china, taiwan province of",twn,jute,ha,,1925-1929,2437.0,iia_1933_34,no,no,
iia,"china, taiwan province of",twn,jute,tonnes,,1925-1929,3844.1,iia_1933_34,no,no,
iia,india,ind,jute,ha,,1925-1929,1367414.0,iia_1933_34,no,no,
iia,india,ind,jute,tonnes,,1925-1929,1868837.4,iia_1933_34,no,no,
iia,japan,jpn,jute,ha,,1925-1929,596.0,iia_1933_34,no,no,
iia,japan,jpn,jute,tonnes,,1925-1929,1007.0,iia_1933_34,no,no,
iia,nepal,npl,jute,tonnes,,1925-1929,11283.8,iia_1933_34,no,no,
iia,viet nam,vnm,jute,ha,,1925-1929,158.0,iia_1933_34,no,no,
iia,viet nam,vnm,jute,tonnes,,1925-1929,120.0,iia_1933_34,no,no,
iia,france,fra,k,tonnes,,1925-1929,424280.0,iia_1933_34,no,no,
iia,germany,deu,k,tonnes,,1925-1929,1566860.0,iia_1933_34,no,no,
iia,india,ind,k,tonnes,,1925-1929,5386.0,iia_1933_34,no,no,
iia,japan,jpn,k,tonnes,,1925-1929,1166.0,iia_1933_34,no,no,
iia,poland,pol,k,tonnes,,1925-1929,48340.0,iia_1933_34,no,no,
iia,spain,esp,k,tonnes,,1925-1929,15357.0,iia_1933_34,no,no,
iia,united states of america,usa,k,tonnes,,1925-1929,38796.0,iia_1933_34,no,no,
iia,australia,aus,lemons and limes,ha,,1925-1929,1994.0,iia_1933_34,no,no,
iia,australia,aus,lemons and limes,tonnes,,1925-1929,10844.2,iia_1933_34,no,no,
iia,costa rica,cri,lemons and limes,tonnes,,1925-1929,5.7,iia_1933_34,no,no,
iia,dominica,dma,lemons and limes,ha,,1925-1929,1800.0,iia_1933_34,no,no,
iia,dominica,dma,lemons and limes,tonnes,,1925-1929,14398.0,iia_1933_34,no,no,
iia,ecuador,ecu,lemons and limes,tonnes,,1925-1929,171.3,iia_1933_34,no,no,
iia,france,fra,lemons and limes,tonnes,,1925-1929,212.0,iia_1933_34,no,no,
iia,greece,grc,lemons and limes,tonnes,,1925-1929,5462.6,iia_1933_34,no,no,
iia,grenada,grd,lemons and limes,ha,,1925-1929,200.0,iia_1933_34,no,no,
iia,guyana,guy,lemons and limes,ha,,1925-1929,262.0,iia_1933_34,no,no,
iia,israel,isr,lemons and limes,tonnes,,1925-1929,307.5,iia_1933_34,no,no,
iia,italy,ita,lemons and limes,tonnes,,1925-1929,409782.6,iia_1933_34,no,no,
iia,mexico,mex,lemons and limes,tonnes,,1925-1929,31540.1,iia_1933_34,no,no,
iia,montserrat,rlam,lemons and limes,ha,,1925-1929,76.0,iia_1933_34,no,no,
iia,montserrat,rlam,lemons and limes,tonnes,,1925-1929,290.0,iia_1933_34,no,no,
iia,new zealand,nzl,lemons and limes,ha,,1925-1929,97.0,iia_1933_34,no,no,
iia,new zealand,nzl,lemons and limes,tonnes,,1925-1929,544.0,iia_1933_34,no,no,
iia,paraguay,pry,lemons and limes,tonnes,,1925-1929,23.1,iia_1933_34,no,no,
iia,portugal,prt,lemons and limes,tonnes,,1925-1929,3.1,iia_1933_34,no,no,
iia,saint lucia,lca,lemons and limes,ha,,1925-1929,1082.0,iia_1933_34,no,no,
iia,saint lucia,lca,lemons and limes,tonnes,,1925-1929,7136.1,iia_1933_34,no,no,
iia,south africa,zaf,lemons and limes,ha,,1925-1929,584.0,iia_1933_34,no,no,
iia,south africa,zaf,lemons and limes,tonnes,,1925-1929,65.8,iia_1933_34,no,no,
iia,spain,esp,lemons and limes,ha,,1925-1929,2999.0,iia_1933_34,no,no,
iia,spain,esp,lemons and limes,tonnes,,1925-1929,51308.1,iia_1933_34,no,no,
iia,tunisia,tun,lemons and limes,ha,,1925-1929,310.0,iia_1933_34,no,no,
iia,tunisia,tun,lemons and limes,tonnes,,1925-1929,830.0,iia_1933_34,no,no,
iia,united states of america,usa,lemons and limes,ha,,1925-1929,17604.0,iia_1933_34,no,no,
iia,united states of america,usa,lemons and limes,tonnes,,1925-1929,234213.7,iia_1933_34,no,no,
iia,algeria,dza,linseed,ha,,1925-1929,183.0,iia_1933_34,no,no,
iia,algeria,dza,linseed,tonnes,,1925-1929,63.6,iia_1933_34,no,no,
iia,argentina,arg,linseed,ha,,1925-1929,2497889.0,iia_1933_34,no,no,
iia,argentina,arg,linseed,tonnes,,1925-1929,1864211.2,iia_1933_34,no,no,
iia,australia,aus,linseed,ha,,1925-1929,295.0,iia_1933_34,no,no,
iia,australia,aus,linseed,tonnes,,1925-1929,776.4,iia_1933_34,no,no,
iia,austria,aut,linseed,ha,,1925-1929,3061.0,iia_1933_34,no,no,
iia,austria,aut,linseed,tonnes,,1925-1929,1246.0,iia_1933_34,no,no,
iia,belgium,bel,linseed,ha,,1925-1929,23919.0,iia_1933_34,no,no,
iia,belgium,bel,linseed,tonnes,,1925-1929,13005.3,iia_1933_34,no,no,
iia,bolivia,bol,linseed,ha,,1925-1929,540.0,iia_1933_34,no,no,
iia,bolivia,bol,linseed,tonnes,,1925-1929,540.0,iia_1933_34,no,no,
iia,bulgaria,bgr,linseed,ha,,1925-1929,238.0,iia_1933_34,no,no,
iia,bulgaria,bgr,linseed,tonnes,,1925-1929,81.8,iia_1933_34,no,no,
iia,canada,can,linseed,ha,,1925-1929,228008.0,iia_1933_34,no,no,
iia,canada,can,linseed,tonnes,,1925-1929,115783.9,iia_1933_34,no,no,
iia,chile,chl,linseed,ha,,1925-1929,411.0,iia_1933_34,no,no,
iia,chile,chl,linseed,tonnes,,1925-1929,549.9,iia_1933_34,no,no,
iia,cyprus,cyp,linseed,ha,,1925-1929,632.0,iia_1933_34,no,no,
iia,cyprus,cyp,linseed,tonnes,,1925-1929,422.6,iia_1933_34,no,no,
iia,czech republic,cze,linseed,ha,,1925-1929,20769.0,iia_1933_34,no,no,
iia,czech republic,cze,linseed,tonnes,,1925-1929,8590.8,iia_1933_34,no,no,
iia,egypt,egy,linseed,ha,,1925-1929,1267.0,iia_1933_34,no,no,
iia,egypt,egy,linseed,tonnes,,1925-1929,1080.6,iia_1933_34,no,no,
iia,eritrea,eri,linseed,ha,,1925-1929,1400.0,iia_1933_34,no,no,
iia,eritrea,eri,linseed,tonnes,,1925-1929,1733.3,iia_1933_34,no,no,
iia,estonia,est,linseed,ha,,1925-1929,36110.0,iia_1933_34,no,no,
iia,estonia,est,linseed,tonnes,,1925-1929,10062.7,iia_1933_34,no,no,
iia,france,fra,linseed,ha,,1925-1929,30688.0,iia_1933_34,no,no,
iia,france,fra,linseed,tonnes,,1925-1929,17602.9,iia_1933_34,no,no,
iia,hungary,hun,linseed,ha,,1925-1929,2978.0,iia_1933_34,no,no,
iia,hungary,hun,linseed,tonnes,,1925-1929,1406.3,iia_1933_34,no,no,
iia,india,ind,linseed,ha,,1925-1929,1118536.0,iia_1933_34,no,no,
iia,india,ind,linseed,tonnes,,1925-1929,299327.5,iia_1933_34,no,no,
iia,italy,ita,linseed,ha,,1925-1929,17833.0,iia_1933_34,no,no,
iia,italy,ita,linseed,tonnes,,1925-1929,9351.6,iia_1933_34,no,no,
iia,japan,jpn,linseed,ha,,1925-1929,12564.0,iia_1933_34,no,no,
iia,japan,jpn,linseed,tonnes,,1925-1929,4204.4,iia_1933_34,no,no,
iia,kenya,ken,linseed,ha,,1925-1929,140.0,iia_1933_34,no,no,
iia,kenya,ken,linseed,tonnes,,1925-1929,42.0,iia_1933_34,no,no,
iia,latvia,lva,linseed,ha,,1925-1929,65946.0,iia_1933_34,no,no,
iia,latvia,lva,linseed,tonnes,,1925-1929,20522.0,iia_1933_34,no,no,
iia,lithuania,ltu,linseed,ha,,1925-1929,85480.0,iia_1933_34,no,no,
iia,lithuania,ltu,linseed,tonnes,,1925-1929,37355.0,iia_1933_34,no,no,
iia,mexico,mex,linseed,ha,,1925-1929,2636.0,iia_1933_34,no,no,
iia,mexico,mex,linseed,tonnes,,1925-1929,1091.3,iia_1933_34,no,no,
iia,morocco,mar,linseed,ha,,1925-1929,19433.0,iia_1933_34,no,no,
iia,morocco,mar,linseed,tonnes,,1925-1929,10368.0,iia_1933_34,no,no,
iia,netherlands,nld,linseed,ha,,1925-1929,14974.0,iia_1933_34,no,no,
iia,netherlands,nld,linseed,tonnes,,1925-1929,11241.2,iia_1933_34,no,no,
iia,new zealand,nzl,linseed,ha,,1925-1929,2335.0,iia_1933_34,no,no,
iia,new zealand,nzl,linseed,tonnes,,1925-1929,2140.5,iia_1933_34,no,no,
iia,poland,pol,linseed,ha,,1925-1929,113147.0,iia_1933_34,no,no,
iia,poland,pol,linseed,tonnes,,1925-1929,66544.4,iia_1933_34,no,no,
iia,romania,rou,linseed,ha,,1925-1929,20413.0,iia_1933_34,no,no,
iia,romania,rou,linseed,tonnes,,1925-1929,6780.9,iia_1933_34,no,no,
iia,russian federation,rus,linseed,ha,,1925-1929,1702400.0,iia_1933_34,no,no,
iia,russian federation,rus,linseed,tonnes,,1925-1929,570000.0,iia_1933_34,no,no,
iia,serbia,srb,linseed,tonnes,,1925-1929,964.8,iia_1933_34,no,no,
iia,spain,esp,linseed,ha,,1925-1929,1049.0,iia_1933_34,no,no,
iia,spain,esp,linseed,tonnes,,1925-1929,296.8,iia_1933_34,no,no,
iia,sweden,swe,linseed,ha,,1925-1929,1141.0,iia_1933_34,no,no,
iia,sweden,swe,linseed,tonnes,,1925-1929,69.5,iia_1933_34,no,no,
iia,tunisia,tun,linseed,ha,,1925-1929,2591.0,iia_1933_34,no,no,
iia,tunisia,tun,linseed,tonnes,,1925-1929,1040.0,iia_1933_34,no,no,
iia,turkey,tur,linseed,ha,,1925-1929,5169.0,iia_1933_34,no,no,
iia,turkey,tur,linseed,tonnes,,1925-1929,4263.6,iia_1933_34,no,no,
iia,united kingdom,gbr,linseed,ha,,1925-1929,1205.0,iia_1933_34,no,no,
iia,united kingdom,gbr,linseed,tonnes,,1925-1929,1640.9,iia_1933_34,no,no,
iia,united states of america,usa,linseed,ha,,1925-1929,1147620.0,iia_1933_34,no,no,
iia,united states of america,usa,linseed,tonnes,,1925-1929,513643.8,iia_1933_34,no,no,
iia,uruguay,ury,linseed,ha,,1925-1929,82445.0,iia_1933_34,no,no,
iia,uruguay,ury,linseed,tonnes,,1925-1929,56893.0,iia_1933_34,no,no,
iia,philippines,phl,manila fibre (abaca),ha,,1925-1929,482980.0,iia_1933_34,no,no,
iia,philippines,phl,manila fibre (abaca),tonnes,,1925-1929,185492.1,iia_1933_34,no,no,
iia,algeria,dza,n,tonnes,,1925-1929,395.0,iia_1933_34,no,no,
iia,australia,aus,n,tonnes,,1925-1929,16589.0,iia_1933_34,no,no,
iia,austria,aut,n,tonnes,,1925-1929,4985.0,iia_1933_34,no,no,
iia,belgium,bel,n,tonnes,,1925-1929,115352.0,iia_1933_34,no,no,
iia,canada,can,n,tonnes,,1925-1929,122639.0,iia_1933_34,no,no,
iia,chile,chl,n,tonnes,,1925-1929,2510893.0,iia_1933_34,no,no,
iia,czech republic,cze,n,tonnes,,1925-1929,19397.0,iia_1933_34,no,no,
iia,egypt,egy,n,tonnes,,1925-1929,725.0,iia_1933_34,no,no,
iia,france,fra,n,tonnes,,1925-1929,55400.0,iia_1933_34,no,no,
iia,germany,deu,n,tonnes,,1925-1929,414097.0,iia_1933_34,no,no,
iia,hungary,hun,n,tonnes,,1925-1929,1073.0,iia_1933_34,no,no,
iia,india,ind,n,tonnes,,1925-1929,16625.0,iia_1933_34,no,no,
iia,ireland,irl,n,tonnes,,1925-1929,5588.0,iia_1933_34,no,no,
iia,italy,ita,n,tonnes,,1925-1929,49006.0,iia_1933_34,no,no,
iia,japan,jpn,n,tonnes,,1925-1929,63466.0,iia_1933_34,no,no,
iia,netherlands,nld,n,tonnes,,1925-1929,43280.0,iia_1933_34,no,no,
iia,norway,nor,n,tonnes,,1925-1929,168829.0,iia_1933_34,no,no,
iia,poland,pol,n,tonnes,,1925-1929,133081.0,iia_1933_34,no,no,
iia,portugal,prt,n,tonnes,,1925-1929,74.0,iia_1933_34,no,no,
iia,romania,rou,n,tonnes,,1925-1929,15880.0,iia_1933_34,no,no,
iia,russian federation,rus,n,tonnes,,1925-1929,12500.0,iia_1933_34,no,no,
iia,serbia,srb,n,tonnes,,1925-1929,53211.0,iia_1933_34,no,no,
iia,south africa,zaf,n,tonnes,,1925-1929,887.0,iia_1933_34,no,no,
iia,south korea,kor,n,tonnes,,1925-1929,1729.0,iia_1933_34,no,no,
iia,spain,esp,n,tonnes,,1925-1929,18071.0,iia_1933_34,no,no,
iia,sweden,swe,n,tonnes,,1925-1929,25535.0,iia_1933_34,no,no,
iia,switzerland,che,n,tonnes,,1925-1929,22200.0,iia_1933_34,no,no,
iia,united kingdom,gbr,n,tonnes,,1925-1929,509243.0,iia_1933_34,no,no,
iia,united states of america,usa,n,tonnes,,1925-1929,102320.0,iia_1933_34,no,no,
iia,algeria,dza,"oil, olive, virgin",tonnes,,1925-1929,21369.8,iia_1933_34,no,no,
iia,argentina,arg,"oil, olive, virgin",tonnes,,1925-1929,17.8,iia_1933_34,no,no,
iia,cyprus,cyp,"oil, olive, virgin",tonnes,,1925-1929,1218.5,iia_1933_34,no,no,
iia,france,fra,"oil, olive, virgin",tonnes,,1925-1929,7190.0,iia_1933_34,no,no,
iia,greece,grc,"oil, olive, virgin",tonnes,,1925-1929,76539.3,iia_1933_34,no,no,
iia,italy,ita,"oil, olive, virgin",tonnes,,1925-1929,193062.4,iia_1933_34,no,no,
iia,libya,lby,"oil, olive, virgin",tonnes,,1925-1929,3542.7,iia_1933_34,no,no,
iia,morocco,mar,"oil, olive, virgin",tonnes,,1925-1929,7515.0,iia_1933_34,no,no,
iia,portugal,prt,"oil, olive, virgin",tonnes,,1925-1929,48879.2,iia_1933_34,no,no,
iia,serbia,srb,"oil, olive, virgin",tonnes,,1925-1929,4921.4,iia_1933_34,no,no,
iia,spain,esp,"oil, olive, virgin",tonnes,,1925-1929,414962.9,iia_1933_34,no,no,
iia,syrian arab republic,syr,"oil, olive, virgin",tonnes,,1925-1929,10554.4,iia_1933_34,no,no,
iia,tunisia,tun,"oil, olive, virgin",tonnes,,1925-1929,40000.0,iia_1933_34,no,no,
iia,turkey,tur,"oil, olive, virgin",tonnes,,1925-1929,14951.6,iia_1933_34,no,no,
iia,united states of america,usa,"oil, olive, virgin",tonnes,,1925-1929,473.0,iia_1933_34,no,no,
iia,albania,alb,olives,ha,,1925-1929,5069.0,iia_1933_34,no,no,
iia,algeria,dza,olives,tonnes,,1925-1929,157841.7,iia_1933_34,no,no,
iia,australia,aus,olives,ha,,1925-1929,290.0,iia_1933_34,no,no,
iia,australia,aus,olives,tonnes,,1925-1929,439.7,iia_1933_34,no,no,
iia,chile,chl,olives,ha,,1925-1929,1273.0,iia_1933_34,no,no,
iia,chile,chl,olives,tonnes,,1925-1929,615.1,iia_1933_34,no,no,
iia,cyprus,cyp,olives,tonnes,,1925-1929,8529.1,iia_1933_34,no,no,
iia,france,fra,olives,ha,,1925-1929,118840.0,iia_1933_34,no,no,
iia,france,fra,olives,tonnes,,1925-1929,39935.8,iia_1933_34,no,no,
iia,greece,grc,olives,tonnes,,1925-1929,31435.1,iia_1933_34,no,no,
iia,israel,isr,olives,tonnes,,1925-1929,15750.8,iia_1933_34,no,no,
iia,italy,ita,olives,ha,,1925-1929,1715147.0,iia_1933_34,no,no,
iia,italy,ita,olives,tonnes,,1925-1929,1254528.4,iia_1933_34,no,no,
iia,libya,lby,olives,ha,,1925-1929,88.0,iia_1933_34,no,no,
iia,libya,lby,olives,tonnes,,1925-1929,18437.6,iia_1933_34,no,no,
iia,mexico,mex,olives,tonnes,,1925-1929,116.4,iia_1933_34,no,no,
iia,morocco,mar,olives,tonnes,,1925-1929,52627.1,iia_1933_34,no,no,
iia,peru,per,olives,ha,,1925-1929,455.0,iia_1933_34,no,no,
iia,peru,per,olives,tonnes,,1925-1929,1987.0,iia_1933_34,no,no,
iia,portugal,prt,olives,ha,,1925-1929,324526.0,iia_1933_34,no,no,
iia,portugal,prt,olives,tonnes,,1925-1929,298000.0,iia_1933_34,no,no,
iia,spain,esp,olives,ha,,1925-1929,1738315.0,iia_1933_34,no,no,
iia,spain,esp,olives,tonnes,,1925-1929,2197449.3,iia_1933_34,no,no,
iia,syrian arab republic,syr,olives,ha,,1925-1929,68862.0,iia_1933_34,no,no,
iia,syrian arab republic,syr,olives,tonnes,,1925-1929,57458.7,iia_1933_34,no,no,
iia,tunisia,tun,olives,tonnes,,1925-1929,200000.0,iia_1933_34,no,no,
iia,turkey,tur,olives,tonnes,,1925-1929,4380.0,iia_1933_34,no,no,
iia,united states of america,usa,olives,ha,,1925-1929,11418.0,iia_1933_34,no,no,
iia,united states of america,usa,olives,tonnes,,1925-1929,16764.8,iia_1933_34,no,no,
iia,uruguay,ury,olives,ha,,1925-1929,850.0,iia_1933_34,no,no,
iia,uruguay,ury,olives,tonnes,,1925-1929,690.0,iia_1933_34,no,no,
iia,algeria,dza,oranges,ha,,1925-1929,4313.0,iia_1933_34,no,no,
iia,algeria,dza,oranges,tonnes,,1925-1929,30321.3,iia_1933_34,no,no,
iia,australia,aus,oranges,ha,,1925-1929,14531.0,iia_1933_34,no,no,
iia,australia,aus,oranges,tonnes,,1925-1929,65969.7,iia_1933_34,no,no,
iia,brazil,bra,oranges,tonnes,,1925-1929,18675.3,iia_1933_34,no,no,
iia,costa rica,cri,oranges,tonnes,,1925-1929,320.9,iia_1933_34,no,no,
iia,ecuador,ecu,oranges,tonnes,,1925-1929,3270.1,iia_1933_34,no,no,
iia,egypt,egy,oranges,ha,,1925-1929,3639.0,iia_1933_34,no,no,
iia,france,fra,oranges,tonnes,,1925-1929,481.8,iia_1933_34,no,no,
iia,greece,grc,oranges,tonnes,,1925-1929,6741.0,iia_1933_34,no,no,
iia,israel,isr,oranges,tonnes,,1925-1929,79291.7,iia_1933_34,no,no,
iia,italy,ita,oranges,tonnes,,1925-1929,245223.6,iia_1933_34,no,no,
iia,jamaica,jam,oranges,ha,,1925-1929,312.0,iia_1933_34,no,no,
iia,jamaica,jam,oranges,tonnes,,1925-1929,1570.0,iia_1933_34,no,no,
iia,japan,jpn,oranges,ha,,1925-1929,7023.0,iia_1933_34,no,no,
iia,japan,jpn,oranges,tonnes,,1925-1929,76055.7,iia_1933_34,no,no,
iia,malta,mlt,oranges,ha,,1925-1929,74.0,iia_1933_34,no,no,
iia,malta,mlt,oranges,tonnes,,1925-1929,246.9,iia_1933_34,no,no,
iia,mexico,mex,oranges,tonnes,,1925-1929,103246.8,iia_1933_34,no,no,
iia,morocco,mar,oranges,ha,,1925-1929,380.0,iia_1933_34,no,no,
iia,morocco,mar,oranges,tonnes,,1925-1929,7050.0,iia_1933_34,no,no,
iia,new zealand,nzl,oranges,ha,,1925-1929,25.0,iia_1933_34,no,no,
iia,new zealand,nzl,oranges,tonnes,,1925-1929,121.5,iia_1933_34,no,no,
iia,paraguay,pry,oranges,tonnes,,1925-1929,15322.1,iia_1933_34,no,no,
iia,philippines,phl,oranges,ha,,1925-1929,1468.0,iia_1933_34,no,no,
iia,philippines,phl,oranges,tonnes,,1925-1929,2139.8,iia_1933_34,no,no,
iia,portugal,prt,oranges,tonnes,,1925-1929,87.3,iia_1933_34,no,no,
iia,spain,esp,oranges,ha,,1925-1929,58819.0,iia_1933_34,no,no,
iia,spain,esp,oranges,tonnes,,1925-1929,1181224.3,iia_1933_34,no,no,
iia,suriname,sur,oranges,tonnes,,1925-1929,305.0,iia_1933_34,no,no,
iia,syrian arab republic,syr,oranges,ha,,1925-1929,2500.0,iia_1933_34,no,no,
iia,syrian arab republic,syr,oranges,tonnes,,1925-1929,40000.0,iia_1933_34,no,no,
iia,tunisia,tun,oranges,ha,,1925-1929,250.0,iia_1933_34,no,no,
iia,tunisia,tun,oranges,tonnes,,1925-1929,1434.0,iia_1933_34,no,no,
iia,united states of america,usa,oranges,ha,,1925-1929,122864.0,iia_1933_34,no,no,
iia,united states of america,usa,oranges,tonnes,,1925-1929,1319614.1,iia_1933_34,no,no,
iia,uruguay,ury,oranges,ha,,1925-1929,5804.0,iia_1933_34,no,no,
iia,uruguay,ury,oranges,tonnes,,1925-1929,46257.7,iia_1933_34,no,no,
iia,zambia,zmb,oranges,ha,,1925-1929,30.0,iia_1933_34,no,no,
iia,zambia,zmb,oranges,tonnes,,1925-1929,39.1,iia_1933_34,no,no,
iia,zimbabwe,zwe,oranges,tonnes,,1925-1929,6071.9,iia_1933_34,no,no,
iia,bulgaria,bgr,other berries and fruits of the genus vaccinium n.e.c.,ha,,1925-1929,3122.0,iia_1933_34,no,no,
iia,bulgaria,bgr,other berries and fruits of the genus vaccinium n.e.c.,tonnes,,1925-1929,16331.4,iia_1933_34,no,no,
iia,"china, taiwan province of",twn,other berries and fruits of the genus vaccinium n.e.c.,ha,,1925-1929,374.0,iia_1933_34,no,no,
iia,france,fra,other berries and fruits of the genus vaccinium n.e.c.,tonnes,,1925-1929,93100.2,iia_1933_34,no,no,
iia,italy,ita,other berries and fruits of the genus vaccinium n.e.c.,tonnes,,1925-1929,1391727.8,iia_1933_34,no,no,
iia,japan,jpn,other berries and fruits of the genus vaccinium n.e.c.,ha,,1925-1929,585220.0,iia_1933_34,no,no,
iia,libya,lby,other berries and fruits of the genus vaccinium n.e.c.,ha,,1925-1929,60.0,iia_1933_34,no,no,
iia,libya,lby,other berries and fruits of the genus vaccinium n.e.c.,tonnes,,1925-1929,8.0,iia_1933_34,no,no,
iia,south korea,kor,other berries and fruits of the genus vaccinium n.e.c.,ha,,1925-1929,57233.0,iia_1933_34,no,no,
iia,spain,esp,other berries and fruits of the genus vaccinium n.e.c.,tonnes,,1925-1929,30236.5,iia_1933_34,no,no,
iia,syrian arab republic,syr,other berries and fruits of the genus vaccinium n.e.c.,ha,,1925-1929,24000.0,iia_1933_34,no,no,
iia,syrian arab republic,syr,other berries and fruits of the genus vaccinium n.e.c.,tonnes,,1925-1929,200000.0,iia_1933_34,no,no,
iia,viet nam,vnm,other berries and fruits of the genus vaccinium n.e.c.,ha,,1925-1929,5021.0,iia_1933_34,no,no,
iia,viet nam,vnm,other berries and fruits of the genus vaccinium n.e.c.,tonnes,,1925-1929,38578.7,iia_1933_34,no,no,
iia,"china, taiwan province of",twn,"other citrus fruit, n.e.c.",tonnes,,1925-1929,1979.4,iia_1933_34,no,no,
iia,cuba,cub,"other citrus fruit, n.e.c.",tonnes,,1925-1929,8034.7,iia_1933_34,no,no,
iia,france,fra,"other citrus fruit, n.e.c.",tonnes,,1925-1929,1440.0,iia_1933_34,no,no,
iia,greece,grc,"other citrus fruit, n.e.c.",tonnes,,1925-1929,610.8,iia_1933_34,no,no,
iia,italy,ita,"other citrus fruit, n.e.c.",tonnes,,1925-1929,44450.8,iia_1933_34,no,no,
iia,mexico,mex,"other citrus fruit, n.e.c.",tonnes,,1925-1929,826.8,iia_1933_34,no,no,
iia,south africa,zaf,"other citrus fruit, n.e.c.",ha,,1925-1929,700.0,iia_1933_34,no,no,
iia,south africa,zaf,"other citrus fruit, n.e.c.",tonnes,,1925-1929,1619.7,iia_1933_34,no,no,
iia,algeria,dza,other sugar crops n.e.c.,ha,,1925-1929,696.0,iia_1933_34,no,no,
iia,algeria,dza,other sugar crops n.e.c.,tonnes,,1925-1929,4075.4,iia_1933_34,no,no,
iia,australia,aus,other sugar crops n.e.c.,ha,,1925-1929,106.0,iia_1933_34,no,no,
iia,australia,aus,other sugar crops n.e.c.,tonnes,,1925-1929,1048.6,iia_1933_34,no,no,
iia,japan,jpn,other sugar crops n.e.c.,ha,,1925-1929,3436.0,iia_1933_34,no,no,
iia,japan,jpn,other sugar crops n.e.c.,tonnes,,1925-1929,23249.5,iia_1933_34,no,no,
iia,zambia,zmb,other sugar crops n.e.c.,ha,,1925-1929,14.0,iia_1933_34,no,no,
iia,zambia,zmb,other sugar crops n.e.c.,tonnes,,1925-1929,9.6,iia_1933_34,no,no,
iia,algeria,dza,p,tonnes,,1925-1929,857200.0,iia_1933_34,no,no,
iia,australia,aus,p,tonnes,,1925-1929,118971.0,iia_1933_34,no,no,
iia,austria,aut,p,tonnes,,1925-1929,38512.0,iia_1933_34,no,no,
iia,belgium,bel,p,tonnes,,1925-1929,827200.0,iia_1933_34,no,no,
iia,canada,can,p,tonnes,,1925-1929,369.0,iia_1933_34,no,no,
iia,"china, taiwan province of",twn,p,tonnes,,1925-1929,15200.0,iia_1933_34,no,no,
iia,curaã§ao,rlam,p,tonnes,,1925-1929,100988.0,iia_1933_34,no,no,
iia,czech republic,cze,p,tonnes,,1925-1929,4248.0,iia_1933_34,no,no,
iia,denmark,dnk,p,tonnes,,1925-1929,257600.0,iia_1933_34,no,no,
iia,egypt,egy,p,tonnes,,1925-1929,206936.0,iia_1933_34,no,no,
iia,estonia,est,p,tonnes,,1925-1929,4977.0,iia_1933_34,no,no,
iia,finland,fin,p,tonnes,,1925-1929,30327.0,iia_1933_34,no,no,
iia,france,fra,p,tonnes,,1925-1929,1402300.0,iia_1933_34,no,no,
iia,french polynesia,pyf,p,tonnes,,1925-1929,153400.0,iia_1933_34,no,no,
iia,germany,deu,p,tonnes,,1925-1929,1896963.0,iia_1933_34,no,no,
iia,greece,grc,p,tonnes,,1925-1929,42758.0,iia_1933_34,no,no,
iia,hungary,hun,p,tonnes,,1925-1929,121261.0,iia_1933_34,no,no,
iia,india,ind,p,tonnes,,1925-1929,737.0,iia_1933_34,no,no,
iia,ireland,irl,p,tonnes,,1925-1929,115830.0,iia_1933_34,no,no,
iia,italy,ita,p,tonnes,,1925-1929,1343772.0,iia_1933_34,no,no,
iia,japan,jpn,p,tonnes,,1925-1929,58197.0,iia_1933_34,no,no,
iia,kiribati,kir,p,tonnes,,1925-1929,221245.0,iia_1933_34,no,no,
iia,latvia,lva,p,tonnes,,1925-1929,41528.0,iia_1933_34,no,no,
iia,lithuania,ltu,p,tonnes,,1925-1929,34300.0,iia_1933_34,no,no,
iia,luxembourg,lux,p,tonnes,,1925-1929,558466.0,iia_1933_34,no,no,
iia,madagascar,mdg,p,tonnes,,1925-1929,6990.0,iia_1933_34,no,no,
iia,morocco,mar,p,tonnes,,1925-1929,1187100.0,iia_1933_34,no,no,
iia,nauru,roce,p,tonnes,,1925-1929,297951.0,iia_1933_34,no,no,
iia,netherlands,nld,p,tonnes,,1925-1929,614840.0,iia_1933_34,no,no,
iia,new caledonia,roce,p,tonnes,,1925-1929,9552.0,iia_1933_34,no,no,
iia,new zealand,nzl,p,tonnes,,1925-1929,250058.0,iia_1933_34,no,no,
iia,norway,nor,p,tonnes,,1925-1929,15307.0,iia_1933_34,no,no,
iia,palau,roce,p,tonnes,,1925-1929,62765.0,iia_1933_34,no,no,
iia,poland,pol,p,tonnes,,1925-1929,8886.0,iia_1933_34,no,no,
iia,portugal,prt,p,tonnes,,1925-1929,158800.0,iia_1933_34,no,no,
iia,romania,rou,p,tonnes,,1925-1929,1800.0,iia_1933_34,no,no,
iia,russian federation,rus,p,tonnes,,1925-1929,100481.0,iia_1933_34,no,no,
iia,serbia,srb,p,tonnes,,1925-1929,67400.0,iia_1933_34,no,no,
iia,spain,esp,p,tonnes,,1925-1929,6139.0,iia_1933_34,no,no,
iia,sweden,swe,p,tonnes,,1925-1929,10465.0,iia_1933_34,no,no,
iia,switzerland,che,p,tonnes,,1925-1929,26620.0,iia_1933_34,no,no,
iia,tunisia,tun,p,tonnes,,1925-1929,2726800.0,iia_1933_34,no,no,
iia,united kingdom,gbr,p,tonnes,,1925-1929,241413.0,iia_1933_34,no,no,
iia,united states of america,usa,p,tonnes,,1925-1929,3498435.0,iia_1933_34,no,no,
iia,australia,aus,raisins,ha,,1925-1929,20326.0,iia_1933_34,no,no,
iia,australia,aus,raisins,tonnes,,1925-1929,208251.7,iia_1933_34,no,no,
iia,chile,chl,raisins,tonnes,,1925-1929,1724.5,iia_1933_34,no,no,
iia,cyprus,cyp,raisins,ha,,1925-1929,36086.0,iia_1933_34,no,no,
iia,cyprus,cyp,raisins,tonnes,,1925-1929,3339.7,iia_1933_34,no,no,
iia,greece,grc,raisins,ha,,1925-1929,66459.0,iia_1933_34,no,no,
iia,greece,grc,raisins,tonnes,,1925-1929,166376.3,iia_1933_34,no,no,
iia,italy,ita,raisins,tonnes,,1925-1929,5298.2,iia_1933_34,no,no,
iia,south africa,zaf,raisins,tonnes,,1925-1929,4751.4,iia_1933_34,no,no,
iia,spain,esp,raisins,tonnes,,1925-1929,69306.4,iia_1933_34,no,no,
iia,united states of america,usa,raisins,ha,,1925-1929,132726.0,iia_1933_34,no,no,
iia,united states of america,usa,raisins,tonnes,,1925-1929,1168821.3,iia_1933_34,no,no,
iia,austria,aut,rapeseed,ha,,1925-1929,1672.0,iia_1933_34,no,no,
iia,austria,aut,rapeseed,tonnes,,1925-1929,1924.7,iia_1933_34,no,no,
iia,belgium,bel,rapeseed,ha,,1925-1929,233.0,iia_1933_34,no,no,
iia,belgium,bel,rapeseed,tonnes,,1925-1929,391.0,iia_1933_34,no,no,
iia,bulgaria,bgr,rapeseed,ha,,1925-1929,12276.0,iia_1933_34,no,no,
iia,bulgaria,bgr,rapeseed,tonnes,,1925-1929,10422.9,iia_1933_34,no,no,
iia,"china, mainland",chn,rapeseed,tonnes,,1925-1929,58743.6,iia_1933_34,no,no,
iia,"china, taiwan province of",twn,rapeseed,ha,,1925-1929,264.0,iia_1933_34,no,no,
iia,"china, taiwan province of",twn,rapeseed,tonnes,,1925-1929,92.3,iia_1933_34,no,no,
iia,czech republic,cze,rapeseed,ha,,1925-1929,2083.0,iia_1933_34,no,no,
iia,czech republic,cze,rapeseed,tonnes,,1925-1929,2516.7,iia_1933_34,no,no,
iia,france,fra,rapeseed,ha,,1925-1929,17768.0,iia_1933_34,no,no,
iia,france,fra,rapeseed,tonnes,,1925-1929,22551.6,iia_1933_34,no,no,
iia,germany,deu,rapeseed,ha,,1925-1929,20088.0,iia_1933_34,no,no,
iia,germany,deu,rapeseed,tonnes,,1925-1929,27639.0,iia_1933_34,no,no,
iia,hungary,hun,rapeseed,ha,,1925-1929,12077.0,iia_1933_34,no,no,
iia,hungary,hun,rapeseed,tonnes,,1925-1929,10777.8,iia_1933_34,no,no,
iia,india,ind,rapeseed,ha,,1925-1929,1462000.0,iia_1933_34,no,no,
iia,india,ind,rapeseed,tonnes,,1925-1929,602900.0,iia_1933_34,no,no,
iia,japan,jpn,rapeseed,ha,,1925-1929,71919.0,iia_1933_34,no,no,
iia,japan,jpn,rapeseed,tonnes,,1925-1929,75548.9,iia_1933_34,no,no,
iia,netherlands,nld,rapeseed,ha,,1925-1929,2383.0,iia_1933_34,no,no,
iia,netherlands,nld,rapeseed,tonnes,,1925-1929,5647.2,iia_1933_34,no,no,
iia,poland,pol,rapeseed,ha,,1925-1929,24994.0,iia_1933_34,no,no,
iia,poland,pol,rapeseed,tonnes,,1925-1929,24577.3,iia_1933_34,no,no,
iia,romania,rou,rapeseed,ha,,1925-1929,54513.0,iia_1933_34,no,no,
iia,romania,rou,rapeseed,tonnes,,1925-1929,26867.6,iia_1933_34,no,no,
iia,serbia,srb,rapeseed,ha,,1925-1929,5679.0,iia_1933_34,no,no,
iia,serbia,srb,rapeseed,tonnes,,1925-1929,3962.6,iia_1933_34,no,no,
iia,albania,alb,rye,ha,,1925-1929,2020.0,iia_1933_34,no,no,
iia,albania,alb,rye,tonnes,,1925-1929,2108.2,iia_1933_34,no,no,
iia,algeria,dza,rye,ha,,1925-1929,1305.0,iia_1933_34,no,no,
iia,algeria,dza,rye,tonnes,,1925-1929,1043.1,iia_1933_34,no,no,
iia,argentina,arg,rye,ha,,1925-1929,220217.0,iia_1933_34,no,no,
iia,argentina,arg,rye,tonnes,,1925-1929,163369.0,iia_1933_34,no,no,
iia,australia,aus,rye,ha,,1925-1929,1668.0,iia_1933_34,no,no,
iia,australia,aus,rye,tonnes,,1925-1929,1518.3,iia_1933_34,no,no,
iia,austria,aut,rye,ha,,1925-1929,382937.0,iia_1933_34,no,no,
iia,austria,aut,rye,tonnes,,1925-1929,510623.1,iia_1933_34,no,no,
iia,belgium,bel,rye,ha,,1925-1929,230005.0,iia_1933_34,no,no,
iia,belgium,bel,rye,tonnes,,1925-1929,553660.2,iia_1933_34,no,no,
iia,brazil,bra,rye,ha,,1925-1929,161.0,iia_1933_34,no,no,
iia,brazil,bra,rye,tonnes,,1925-1929,16075.2,iia_1933_34,no,no,
iia,bulgaria,bgr,rye,ha,,1925-1929,194478.0,iia_1933_34,no,no,
iia,bulgaria,bgr,rye,tonnes,,1925-1929,186156.1,iia_1933_34,no,no,
iia,canada,can,rye,ha,,1925-1929,321444.0,iia_1933_34,no,no,
iia,canada,can,rye,tonnes,,1925-1929,328618.8,iia_1933_34,no,no,
iia,chile,chl,rye,ha,,1925-1929,2941.0,iia_1933_34,no,no,
iia,chile,chl,rye,tonnes,,1925-1929,3004.3,iia_1933_34,no,no,
iia,czech republic,cze,rye,ha,,1925-1929,1021382.0,iia_1933_34,no,no,
iia,czech republic,cze,rye,tonnes,,1925-1929,1667743.0,iia_1933_34,no,no,
iia,denmark,dnk,rye,ha,,1925-1929,181144.0,iia_1933_34,no,no,
iia,denmark,dnk,rye,tonnes,,1925-1929,287967.4,iia_1933_34,no,no,
iia,estonia,est,rye,ha,,1925-1929,143411.0,iia_1933_34,no,no,
iia,estonia,est,rye,tonnes,,1925-1929,150809.5,iia_1933_34,no,no,
iia,finland,fin,rye,ha,,1925-1929,223737.0,iia_1933_34,no,no,
iia,finland,fin,rye,tonnes,,1925-1929,304443.8,iia_1933_34,no,no,
iia,france,fra,rye,ha,,1925-1929,790212.0,iia_1933_34,no,no,
iia,france,fra,rye,tonnes,,1925-1929,905487.6,iia_1933_34,no,no,
iia,germany,deu,rye,ha,,1925-1929,4700087.0,iia_1933_34,no,no,
iia,germany,deu,rye,tonnes,,1925-1929,7595915.8,iia_1933_34,no,no,
iia,greece,grc,rye,ha,,1925-1929,49009.0,iia_1933_34,no,no,
iia,greece,grc,rye,tonnes,,1925-1929,39356.6,iia_1933_34,no,no,
iia,hungary,hun,rye,ha,,1925-1929,667135.0,iia_1933_34,no,no,
iia,hungary,hun,rye,tonnes,,1925-1929,763644.3,iia_1933_34,no,no,
iia,ireland,irl,rye,ha,,1925-1929,2373.0,iia_1933_34,no,no,
iia,ireland,irl,rye,tonnes,,1925-1929,4356.8,iia_1933_34,no,no,
iia,italy,ita,rye,ha,,1925-1929,124080.0,iia_1933_34,no,no,
iia,italy,ita,rye,tonnes,,1925-1929,165517.2,iia_1933_34,no,no,
iia,latvia,lva,rye,ha,,1925-1929,253885.0,iia_1933_34,no,no,
iia,latvia,lva,rye,tonnes,,1925-1929,237117.5,iia_1933_34,no,no,
iia,lithuania,ltu,rye,ha,,1925-1929,482180.0,iia_1933_34,no,no,
iia,lithuania,ltu,rye,tonnes,,1925-1929,517483.5,iia_1933_34,no,no,
iia,luxembourg,lux,rye,ha,,1925-1929,6725.0,iia_1933_34,no,no,
iia,luxembourg,lux,rye,tonnes,,1925-1929,9325.3,iia_1933_34,no,no,
iia,morocco,mar,rye,ha,,1925-1929,747.0,iia_1933_34,no,no,
iia,morocco,mar,rye,tonnes,,1925-1929,420.1,iia_1933_34,no,no,
iia,netherlands,nld,rye,ha,,1925-1929,197746.0,iia_1933_34,no,no,
iia,netherlands,nld,rye,tonnes,,1925-1929,402157.4,iia_1933_34,no,no,
iia,new zealand,nzl,rye,ha,,1925-1929,239.0,iia_1933_34,no,no,
iia,new zealand,nzl,rye,tonnes,,1925-1929,397.7,iia_1933_34,no,no,
iia,norway,nor,rye,ha,,1925-1929,8515.0,iia_1933_34,no,no,
iia,norway,nor,rye,tonnes,,1925-1929,14739.3,iia_1933_34,no,no,
iia,poland,pol,rye,ha,,1925-1929,5672154.0,iia_1933_34,no,no,
iia,poland,pol,rye,tonnes,,1925-1929,6186000.6,iia_1933_34,no,no,
iia,portugal,prt,rye,ha,,1925-1929,166537.0,iia_1933_34,no,no,
iia,portugal,prt,rye,tonnes,,1925-1929,111781.3,iia_1933_34,no,no,
iia,romania,rou,rye,ha,,1925-1929,291180.0,iia_1933_34,no,no,
iia,romania,rou,rye,tonnes,,1925-1929,270837.7,iia_1933_34,no,no,
iia,russian federation,rus,rye,ha,,1925-1929,26820000.0,iia_1933_34,no,no,
iia,russian federation,rus,rye,tonnes,,1925-1929,22048000.0,iia_1933_34,no,no,
iia,serbia,srb,rye,ha,,1925-1929,209586.0,iia_1933_34,no,no,
iia,serbia,srb,rye,tonnes,,1925-1929,188152.0,iia_1933_34,no,no,
iia,spain,esp,rye,ha,,1925-1929,694843.0,iia_1933_34,no,no,
iia,spain,esp,rye,tonnes,,1925-1929,605732.7,iia_1933_34,no,no,
iia,sweden,swe,rye,ha,,1925-1929,299977.0,iia_1933_34,no,no,
iia,sweden,swe,rye,tonnes,,1925-1929,498097.0,iia_1933_34,no,no,
iia,switzerland,che,rye,ha,,1925-1929,19578.0,iia_1933_34,no,no,
iia,switzerland,che,rye,tonnes,,1925-1929,41152.0,iia_1933_34,no,no,
iia,turkey,tur,rye,ha,,1925-1929,207759.0,iia_1933_34,no,no,
iia,turkey,tur,rye,tonnes,,1925-1929,164044.5,iia_1933_34,no,no,
iia,united kingdom,gbr,rye,ha,,1925-1929,11465.0,iia_1933_34,no,no,
iia,united kingdom,gbr,rye,tonnes,,1925-1929,19873.9,iia_1933_34,no,no,
iia,united states of america,usa,rye,ha,,1925-1929,1383797.0,iia_1933_34,no,no,
iia,united states of america,usa,rye,tonnes,,1925-1929,1038006.8,iia_1933_34,no,no,
iia,uruguay,ury,rye,ha,,1925-1929,119.0,iia_1933_34,no,no,
iia,uruguay,ury,rye,tonnes,,1925-1929,45.4,iia_1933_34,no,no,
iia,angola,ago,sesame seed,ha,,1925-1929,816.0,iia_1933_34,no,no,
iia,angola,ago,sesame seed,tonnes,,1925-1929,367.6,iia_1933_34,no,no,
iia,bulgaria,bgr,sesame seed,ha,,1925-1929,5574.0,iia_1933_34,no,no,
iia,bulgaria,bgr,sesame seed,tonnes,,1925-1929,1299.5,iia_1933_34,no,no,
iia,burkina faso,bfa,sesame seed,ha,,1925-1929,3092.0,iia_1933_34,no,no,
iia,burkina faso,bfa,sesame seed,tonnes,,1925-1929,406.6,iia_1933_34,no,no,
iia,cameroon,cmr,sesame seed,ha,,1925-1929,9960.0,iia_1933_34,no,no,
iia,cameroon,cmr,sesame seed,tonnes,,1925-1929,2989.6,iia_1933_34,no,no,
iia,"china, mainland",chn,sesame seed,ha,,1925-1929,39.0,iia_1933_34,no,no,
iia,"china, mainland",chn,sesame seed,tonnes,,1925-1929,53452.4,iia_1933_34,no,no,
iia,"china, taiwan province of",twn,sesame seed,ha,,1925-1929,3546.0,iia_1933_34,no,no,
iia,"china, taiwan province of",twn,sesame seed,tonnes,,1925-1929,1074.6,iia_1933_34,no,no,
iia,congo,cog,sesame seed,ha,,1925-1929,8100.0,iia_1933_34,no,no,
iia,congo,cog,sesame seed,tonnes,,1925-1929,951.0,iia_1933_34,no,no,
iia,cyprus,cyp,sesame seed,ha,,1925-1929,1170.0,iia_1933_34,no,no,
iia,cyprus,cyp,sesame seed,tonnes,,1925-1929,225.3,iia_1933_34,no,no,
iia,dr congo,cod,sesame seed,ha,,1925-1929,13441.0,iia_1933_34,no,no,
iia,dr congo,cod,sesame seed,tonnes,,1925-1929,10718.3,iia_1933_34,no,no,
iia,egypt,egy,sesame seed,ha,,1925-1929,55447.0,iia_1933_34,no,no,
iia,egypt,egy,sesame seed,tonnes,,1925-1929,21878.8,iia_1933_34,no,no,
iia,eritrea,eri,sesame seed,tonnes,,1925-1929,63.6,iia_1933_34,no,no,
iia,greece,grc,sesame seed,ha,,1925-1929,16511.0,iia_1933_34,no,no,
iia,greece,grc,sesame seed,tonnes,,1925-1929,3856.9,iia_1933_34,no,no,
iia,guinea,gin,sesame seed,ha,,1925-1929,8567.0,iia_1933_34,no,no,
iia,guinea,gin,sesame seed,tonnes,,1925-1929,3525.0,iia_1933_34,no,no,
iia,india,ind,sesame seed,ha,,1925-1929,2126716.0,iia_1933_34,no,no,
iia,india,ind,sesame seed,tonnes,,1925-1929,473247.8,iia_1933_34,no,no,
iia,indonesia,idn,sesame seed,ha,,1925-1929,13802.0,iia_1933_34,no,no,
iia,indonesia,idn,sesame seed,tonnes,,1925-1929,4588.9,iia_1933_34,no,no,
iia,israel,isr,sesame seed,tonnes,,1925-1929,3277.8,iia_1933_34,no,no,
iia,japan,jpn,sesame seed,ha,,1925-1929,4942.0,iia_1933_34,no,no,
iia,japan,jpn,sesame seed,tonnes,,1925-1929,3391.9,iia_1933_34,no,no,
iia,kenya,ken,sesame seed,tonnes,,1925-1929,2495.5,iia_1933_34,no,no,
iia,mexico,mex,sesame seed,ha,,1925-1929,23786.0,iia_1933_34,no,no,
iia,mexico,mex,sesame seed,tonnes,,1925-1929,11792.8,iia_1933_34,no,no,
iia,nigeria,nga,sesame seed,tonnes,,1925-1929,4240.4,iia_1933_34,no,no,
iia,russian federation,rus,sesame seed,ha,,1925-1929,23000.0,iia_1933_34,no,no,
iia,russian federation,rus,sesame seed,tonnes,,1925-1929,7320.0,iia_1933_34,no,no,
iia,serbia,srb,sesame seed,ha,,1925-1929,310.0,iia_1933_34,no,no,
iia,serbia,srb,sesame seed,tonnes,,1925-1929,110.8,iia_1933_34,no,no,
iia,sierra leone,sle,sesame seed,ha,,1925-1929,80.0,iia_1933_34,no,no,
iia,sierra leone,sle,sesame seed,tonnes,,1925-1929,105.1,iia_1933_34,no,no,
iia,somalia,som,sesame seed,ha,,1925-1929,6610.0,iia_1933_34,no,no,
iia,somalia,som,sesame seed,tonnes,,1925-1929,1868.0,iia_1933_34,no,no,
iia,south korea,kor,sesame seed,ha,,1925-1929,9376.0,iia_1933_34,no,no,
iia,south korea,kor,sesame seed,tonnes,,1925-1929,4107.7,iia_1933_34,no,no,
iia,syrian arab republic,syr,sesame seed,ha,,1925-1929,8012.0,iia_1933_34,no,no,
iia,syrian arab republic,syr,sesame seed,tonnes,,1925-1929,4017.7,iia_1933_34,no,no,
iia,tanzania,tza,sesame seed,tonnes,,1925-1929,3690.9,iia_1933_34,no,no,
iia,thailand,tha,sesame seed,ha,,1925-1929,1626.0,iia_1933_34,no,no,
iia,thailand,tha,sesame seed,tonnes,,1925-1929,1257.9,iia_1933_34,no,no,
iia,turkey,tur,sesame seed,ha,,1925-1929,48451.0,iia_1933_34,no,no,
iia,turkey,tur,sesame seed,tonnes,,1925-1929,27065.6,iia_1933_34,no,no,
iia,viet nam,vnm,sesame seed,ha,,1925-1929,526.0,iia_1933_34,no,no,
iia,viet nam,vnm,sesame seed,tonnes,,1925-1929,160.4,iia_1933_34,no,no,
iia,algeria,dza,"silk-worm cocoons, reelable",tonnes,,1925-1929,7.477,iia_1933_34,no,no,
iia,brazil,bra,"silk-worm cocoons, reelable",tonnes,,1925-1929,160.987,iia_1933_34,no,no,
iia,bulgaria,bgr,"silk-worm cocoons, reelable",tonnes,,1925-1929,1969.576,iia_1933_34,no,no,
iia,cambodia,khm,"silk-worm cocoons, reelable",tonnes,,1925-1929,252.1,iia_1933_34,no,no,
iia,"china, mainland",chn,"silk-worm cocoons, reelable",tonnes,,1925-1929,108185.0,iia_1933_34,no,no,
iia,"china, taiwan province of",twn,"silk-worm cocoons, reelable",tonnes,,1925-1929,80.28,iia_1933_34,no,no,
iia,cyprus,cyp,"silk-worm cocoons, reelable",tonnes,,1925-1929,246.325,iia_1933_34,no,no,
iia,czech republic,cze,"silk-worm cocoons, reelable",tonnes,,1925-1929,24.262,iia_1933_34,no,no,
iia,france,fra,"silk-worm cocoons, reelable",tonnes,,1925-1929,3073.883,iia_1933_34,no,no,
iia,greece,grc,"silk-worm cocoons, reelable",tonnes,,1925-1929,2839.94,iia_1933_34,no,no,
iia,hungary,hun,"silk-worm cocoons, reelable",tonnes,,1925-1929,437.651,iia_1933_34,no,no,
iia,iraq,irq,"silk-worm cocoons, reelable",tonnes,,1925-1929,9.323,iia_1933_34,no,no,
iia,italy,ita,"silk-worm cocoons, reelable",tonnes,,1925-1929,49576.022,iia_1933_34,no,no,
iia,japan,jpn,"silk-worm cocoons, reelable",tonnes,,1925-1929,175100.952,iia_1933_34,no,no,
iia,libya,lby,"silk-worm cocoons, reelable",tonnes,,1925-1929,2.583,iia_1933_34,no,no,
iia,madagascar,mdg,"silk-worm cocoons, reelable",tonnes,,1925-1929,4.0,iia_1933_34,no,no,
iia,portugal,prt,"silk-worm cocoons, reelable",tonnes,,1925-1929,14.014,iia_1933_34,no,no,
iia,romania,rou,"silk-worm cocoons, reelable",tonnes,,1925-1929,395.8,iia_1933_34,no,no,
iia,russian federation,rus,"silk-worm cocoons, reelable",tonnes,,1925-1929,11575.37,iia_1933_34,no,no,
iia,serbia,srb,"silk-worm cocoons, reelable",tonnes,,1925-1929,1058.143,iia_1933_34,no,no,
iia,south korea,kor,"silk-worm cocoons, reelable",tonnes,,1925-1929,11655.597,iia_1933_34,no,no,
iia,spain,esp,"silk-worm cocoons, reelable",tonnes,,1925-1929,971.291,iia_1933_34,no,no,
iia,switzerland,che,"silk-worm cocoons, reelable",tonnes,,1925-1929,17.541,iia_1933_34,no,no,
iia,syrian arab republic,syr,"silk-worm cocoons, reelable",tonnes,,1925-1929,3104.664,iia_1933_34,no,no,
iia,turkey,tur,"silk-worm cocoons, reelable",tonnes,,1925-1929,958.0,iia_1933_34,no,no,
iia,viet nam,vnm,"silk-worm cocoons, reelable",tonnes,,1925-1929,16543.194,iia_1933_34,no,no,
iia,austria,aut,soybeans,ha,,1925-1929,38.0,iia_1933_34,no,no,
iia,austria,aut,soybeans,tonnes,,1925-1929,44.2,iia_1933_34,no,no,
iia,"china, mainland",chn,soybeans,ha,,1925-1929,3487532.0,iia_1933_34,no,no,
iia,"china, mainland",chn,soybeans,tonnes,,1925-1929,4710969.9,iia_1933_34,no,no,
iia,"china, taiwan province of",twn,soybeans,ha,,1925-1929,10145.0,iia_1933_34,no,no,
iia,"china, taiwan province of",twn,soybeans,tonnes,,1925-1929,5530.1,iia_1933_34,no,no,
iia,indonesia,idn,soybeans,ha,,1925-1929,187073.0,iia_1933_34,no,no,
iia,indonesia,idn,soybeans,tonnes,,1925-1929,107920.0,iia_1933_34,no,no,
iia,japan,jpn,soybeans,ha,,1925-1929,374878.0,iia_1933_34,no,no,
iia,japan,jpn,soybeans,tonnes,,1925-1929,399966.9,iia_1933_34,no,no,
iia,russian federation,rus,soybeans,ha,,1925-1929,49453.0,iia_1933_34,no,no,
iia,russian federation,rus,soybeans,tonnes,,1925-1929,41622.7,iia_1933_34,no,no,
iia,south korea,kor,soybeans,ha,,1925-1929,790008.0,iia_1933_34,no,no,
iia,south korea,kor,soybeans,tonnes,,1925-1929,550657.1,iia_1933_34,no,no,
iia,united states of america,usa,soybeans,ha,,1925-1929,254500.0,iia_1933_34,no,no,
iia,united states of america,usa,soybeans,tonnes,,1925-1929,197470.0,iia_1933_34,no,no,
iia,angola,ago,sugar raw centrifugal,tonnes,,1925-1929,11499.0,iia_1933_34,no,no,
iia,antigua and barbuda,atg,sugar raw centrifugal,tonnes,,1925-1929,17102.9,iia_1933_34,no,no,
iia,argentina,arg,sugar raw centrifugal,tonnes,,1925-1929,398986.2,iia_1933_34,no,no,
iia,australia,aus,sugar raw centrifugal,tonnes,,1925-1929,511802.8,iia_1933_34,no,no,
iia,austria,aut,sugar raw centrifugal,tonnes,,1925-1929,99109.6,iia_1933_34,no,no,
iia,barbados,brb,sugar raw centrifugal,tonnes,,1925-1929,61981.3,iia_1933_34,no,no,
iia,belgium,bel,sugar raw centrifugal,tonnes,,1925-1929,269844.4,iia_1933_34,no,no,
iia,brazil,bra,sugar raw centrifugal,tonnes,,1925-1929,957997.9,iia_1933_34,no,no,
iia,bulgaria,bgr,sugar raw centrifugal,tonnes,,1925-1929,27297.1,iia_1933_34,no,no,
iia,canada,can,sugar raw centrifugal,tonnes,,1925-1929,34870.0,iia_1933_34,no,no,
iia,chile,chl,sugar raw centrifugal,tonnes,,1925-1929,7780.1,iia_1933_34,no,no,
iia,"china, taiwan province of",twn,sugar raw centrifugal,tonnes,,1925-1929,618186.2,iia_1933_34,no,no,
iia,colombia,col,sugar raw centrifugal,tonnes,,1925-1929,32864.0,iia_1933_34,no,no,
iia,cuba,cub,sugar raw centrifugal,tonnes,,1925-1929,4736770.9,iia_1933_34,no,no,
iia,czech republic,cze,sugar raw centrifugal,tonnes,,1925-1929,1180044.4,iia_1933_34,no,no,
iia,denmark,dnk,sugar raw centrifugal,tonnes,,1925-1929,149820.0,iia_1933_34,no,no,
iia,dominican republic,dom,sugar raw centrifugal,tonnes,,1925-1929,349202.9,iia_1933_34,no,no,
iia,dr congo,cod,sugar raw centrifugal,tonnes,,1925-1929,600.0,iia_1933_34,no,no,
iia,ecuador,ecu,sugar raw centrifugal,tonnes,,1925-1929,19570.7,iia_1933_34,no,no,
iia,egypt,egy,sugar raw centrifugal,tonnes,,1925-1929,95030.4,iia_1933_34,no,no,
iia,el salvador,slv,sugar raw centrifugal,tonnes,,1925-1929,23019.1,iia_1933_34,no,no,
iia,fiji,fji,sugar raw centrifugal,tonnes,,1925-1929,90794.4,iia_1933_34,no,no,
iia,finland,fin,sugar raw centrifugal,tonnes,,1925-1929,3121.8,iia_1933_34,no,no,
iia,france,fra,sugar raw centrifugal,tonnes,,1925-1929,832678.7,iia_1933_34,no,no,
iia,french polynesia,pyf,sugar raw centrifugal,tonnes,,1925-1929,229.5,iia_1933_34,no,no,
iia,germany,deu,sugar raw centrifugal,tonnes,,1925-1929,1757287.8,iia_1933_34,no,no,
iia,guadeloupe,rlam,sugar raw centrifugal,tonnes,,1925-1929,24578.6,iia_1933_34,no,no,
iia,guatemala,gtm,sugar raw centrifugal,tonnes,,1925-1929,48743.4,iia_1933_34,no,no,
iia,guyana,guy,sugar raw centrifugal,tonnes,,1925-1929,116578.0,iia_1933_34,no,no,
iia,haiti,hti,sugar raw centrifugal,tonnes,,1925-1929,13681.5,iia_1933_34,no,no,
iia,honduras,hnd,sugar raw centrifugal,tonnes,,1925-1929,17570.9,iia_1933_34,no,no,
iia,hungary,hun,sugar raw centrifugal,tonnes,,1925-1929,198995.9,iia_1933_34,no,no,
iia,india,ind,sugar raw centrifugal,tonnes,,1925-1929,3031300.0,iia_1933_34,no,no,
iia,indonesia,idn,sugar raw centrifugal,tonnes,,1925-1929,2600638.1,iia_1933_34,no,no,
iia,ireland,irl,sugar raw centrifugal,tonnes,,1925-1929,19789.0,iia_1933_34,no,no,
iia,italy,ita,sugar raw centrifugal,tonnes,,1925-1929,319292.9,iia_1933_34,no,no,
iia,jamaica,jam,sugar raw centrifugal,tonnes,,1925-1929,60411.1,iia_1933_34,no,no,
iia,japan,jpn,sugar raw centrifugal,tonnes,,1925-1929,82590.6,iia_1933_34,no,no,
iia,kenya,ken,sugar raw centrifugal,tonnes,,1925-1929,6607.1,iia_1933_34,no,no,
iia,latvia,lva,sugar raw centrifugal,tonnes,,1925-1929,2100.2,iia_1933_34,no,no,
iia,madagascar,mdg,sugar raw centrifugal,tonnes,,1925-1929,4200.0,iia_1933_34,no,no,
iia,martinique,rlam,sugar raw centrifugal,tonnes,,1925-1929,41327.0,iia_1933_34,no,no,
iia,mauritius,mus,sugar raw centrifugal,tonnes,,1925-1929,228652.3,iia_1933_34,no,no,
iia,mexico,mex,sugar raw centrifugal,tonnes,,1925-1929,192440.0,iia_1933_34,no,no,
iia,montserrat,rlam,sugar raw centrifugal,tonnes,,1925-1929,80.0,iia_1933_34,no,no,
iia,mozambique,moz,sugar raw centrifugal,tonnes,,1925-1929,74452.6,iia_1933_34,no,no,
iia,netherlands,nld,sugar raw centrifugal,tonnes,,1925-1929,281751.4,iia_1933_34,no,no,
iia,nicaragua,nic,sugar raw centrifugal,tonnes,,1925-1929,13460.0,iia_1933_34,no,no,
iia,paraguay,pry,sugar raw centrifugal,tonnes,,1925-1929,4296.9,iia_1933_34,no,no,
iia,peru,per,sugar raw centrifugal,tonnes,,1925-1929,363293.4,iia_1933_34,no,no,
iia,philippines,phl,sugar raw centrifugal,tonnes,,1925-1929,707407.8,iia_1933_34,no,no,
iia,poland,pol,sugar raw centrifugal,tonnes,,1925-1929,676168.1,iia_1933_34,no,no,
iia,reunion,rafr,sugar raw centrifugal,tonnes,,1925-1929,50598.9,iia_1933_34,no,no,
iia,romania,rou,sugar raw centrifugal,tonnes,,1925-1929,146861.0,iia_1933_34,no,no,
iia,russian federation,rus,sugar raw centrifugal,tonnes,,1925-1929,925900.0,iia_1933_34,no,no,
iia,saint kitts and nevis,kna,sugar raw centrifugal,tonnes,,1925-1929,17517.5,iia_1933_34,no,no,
iia,saint lucia,lca,sugar raw centrifugal,tonnes,,1925-1929,5197.5,iia_1933_34,no,no,
iia,saint vincent and the grenadines,vct,sugar raw centrifugal,tonnes,,1925-1929,1427.0,iia_1933_34,no,no,
iia,serbia,srb,sugar raw centrifugal,tonnes,,1925-1929,96853.8,iia_1933_34,no,no,
iia,somalia,som,sugar raw centrifugal,tonnes,,1925-1929,1812.4,iia_1933_34,no,no,
iia,south africa,zaf,sugar raw centrifugal,tonnes,,1925-1929,240287.0,iia_1933_34,no,no,
iia,south korea,kor,sugar raw centrifugal,tonnes,,1925-1929,584.6,iia_1933_34,no,no,
iia,spain,esp,sugar raw centrifugal,tonnes,,1925-1929,9963.2,iia_1933_34,no,no,
iia,suriname,sur,sugar raw centrifugal,tonnes,,1925-1929,16330.1,iia_1933_34,no,no,
iia,sweden,swe,sugar raw centrifugal,tonnes,,1925-1929,130723.1,iia_1933_34,no,no,
iia,switzerland,che,sugar raw centrifugal,tonnes,,1925-1929,6895.0,iia_1933_34,no,no,
iia,trinidad and tobago,tto,sugar raw centrifugal,tonnes,,1925-1929,76583.1,iia_1933_34,no,no,
iia,turkey,tur,sugar raw centrifugal,tonnes,,1925-1929,4614.6,iia_1933_34,no,no,
iia,united kingdom,gbr,sugar raw centrifugal,tonnes,,1925-1929,187009.0,iia_1933_34,no,no,
iia,united states of america,usa,sugar raw centrifugal,tonnes,,1925-1929,1510951.0,iia_1933_34,no,no,
iia,united states virgin islands,rlam,sugar raw centrifugal,tonnes,,1925-1929,6260.0,iia_1933_34,no,no,
iia,venezuela,ven,sugar raw centrifugal,tonnes,,1925-1929,21040.0,iia_1933_34,no,no,
iia,algeria,dza,"tangerines, mandarins, clementines, satsumas",ha,,1925-1929,3344.0,iia_1933_34,no,no,
iia,algeria,dza,"tangerines, mandarins, clementines, satsumas",tonnes,,1925-1929,32978.0,iia_1933_34,no,no,
iia,france,fra,"tangerines, mandarins, clementines, satsumas",tonnes,,1925-1929,251.4,iia_1933_34,no,no,
iia,greece,grc,"tangerines, mandarins, clementines, satsumas",tonnes,,1925-1929,7989.0,iia_1933_34,no,no,
iia,italy,ita,"tangerines, mandarins, clementines, satsumas",tonnes,,1925-1929,23785.8,iia_1933_34,no,no,
iia,japan,jpn,"tangerines, mandarins, clementines, satsumas",ha,,1925-1929,26853.0,iia_1933_34,no,no,
iia,japan,jpn,"tangerines, mandarins, clementines, satsumas",tonnes,,1925-1929,248563.3,iia_1933_34,no,no,
iia,morocco,mar,"tangerines, mandarins, clementines, satsumas",ha,,1925-1929,132.0,iia_1933_34,no,no,
iia,morocco,mar,"tangerines, mandarins, clementines, satsumas",tonnes,,1925-1929,205.0,iia_1933_34,no,no,
iia,paraguay,pry,"tangerines, mandarins, clementines, satsumas",tonnes,,1925-1929,1273.4,iia_1933_34,no,no,
iia,philippines,phl,"tangerines, mandarins, clementines, satsumas",ha,,1925-1929,1833.0,iia_1933_34,no,no,
iia,philippines,phl,"tangerines, mandarins, clementines, satsumas",tonnes,,1925-1929,2221.5,iia_1933_34,no,no,
iia,south africa,zaf,"tangerines, mandarins, clementines, satsumas",ha,,1925-1929,10845.0,iia_1933_34,no,no,
iia,south africa,zaf,"tangerines, mandarins, clementines, satsumas",tonnes,,1925-1929,31936.1,iia_1933_34,no,no,
iia,azerbaijan,aze,tea,ha,,1925-1929,3219.0,iia_1933_34,no,no,
iia,azerbaijan,aze,tea,tonnes,,1925-1929,237.25,iia_1933_34,no,no,
iia,"china, mainland",chn,tea,tonnes,,1925-1929,53419.4,iia_1933_34,no,no,
iia,"china, taiwan province of",twn,tea,ha,,1925-1929,45686.0,iia_1933_34,no,no,
iia,"china, taiwan province of",twn,tea,tonnes,,1925-1929,11518.652,iia_1933_34,no,no,
iia,india,ind,tea,ha,,1925-1929,306526.0,iia_1933_34,no,no,
iia,india,ind,tea,tonnes,,1925-1929,17077.0,iia_1933_34,no,no,
iia,indonesia,idn,tea,ha,,1925-1929,109143.0,iia_1933_34,no,no,
iia,indonesia,idn,tea,tonnes,,1925-1929,56675.62,iia_1933_34,no,no,
iia,japan,jpn,tea,ha,,1925-1929,43206.0,iia_1933_34,no,no,
iia,japan,jpn,tea,tonnes,,1925-1929,15.11,iia_1933_34,no,no,
iia,kenya,ken,tea,ha,,1925-1929,1908.0,iia_1933_34,no,no,
iia,kenya,ken,tea,tonnes,,1925-1929,70.392,iia_1933_34,no,no,
iia,malawi,mwi,tea,ha,,1925-1929,2813.0,iia_1933_34,no,no,
iia,malawi,mwi,tea,tonnes,,1925-1929,618.413,iia_1933_34,no,no,
iia,malaysia,mys,tea,ha,,1925-1929,376.0,iia_1933_34,no,no,
iia,mauritius,mus,tea,ha,,1925-1929,50.0,iia_1933_34,no,no,
iia,mauritius,mus,tea,tonnes,,1925-1929,16.3,iia_1933_34,no,no,
iia,mozambique,moz,tea,ha,,1925-1929,262.0,iia_1933_34,no,no,
iia,mozambique,moz,tea,tonnes,,1925-1929,69.7,iia_1933_34,no,no,
iia,south africa,zaf,tea,ha,,1925-1929,1320.0,iia_1933_34,no,no,
iia,south africa,zaf,tea,tonnes,,1925-1929,381.477,iia_1933_34,no,no,
iia,sri lanka,lka,tea,ha,,1925-1929,181400.0,iia_1933_34,no,no,
iia,sri lanka,lka,tea,tonnes,,1925-1929,102933.32,iia_1933_34,no,no,
iia,viet nam,vnm,tea,ha,,1925-1929,4628.0,iia_1933_34,no,no,
iia,albania,alb,"tobacco, unmanufactured",ha,,1925-1929,808.0,iia_1933_34,no,no,
iia,albania,alb,"tobacco, unmanufactured",tonnes,,1925-1929,705.1,iia_1933_34,no,no,no
iia,algeria,dza,"tobacco, unmanufactured",ha,,1925-1929,26422.0,iia_1933_34,no,no,
iia,algeria,dza,"tobacco, unmanufactured",tonnes,,1925-1929,24599.7,iia_1933_34,no,no,no
iia,angola,ago,"tobacco, unmanufactured",ha,,1925-1929,1413.0,iia_1933_34,no,no,
iia,angola,ago,"tobacco, unmanufactured",tonnes,,1925-1929,847.6,iia_1933_34,no,no,no
iia,argentina,arg,"tobacco, unmanufactured",ha,,1925-1929,9244.0,iia_1933_34,no,no,
iia,argentina,arg,"tobacco, unmanufactured",tonnes,,1925-1929,11599.2,iia_1933_34,no,no,no
iia,australia,aus,"tobacco, unmanufactured",ha,,1925-1929,955.0,iia_1933_34,no,no,
iia,australia,aus,"tobacco, unmanufactured",tonnes,,1925-1929,800.1,iia_1933_34,no,no,no
iia,belgium,bel,"tobacco, unmanufactured",ha,,1925-1929,3033.0,iia_1933_34,no,no,
iia,belgium,bel,"tobacco, unmanufactured",tonnes,,1925-1929,6955.4,iia_1933_34,no,no,no
iia,benin,ben,"tobacco, unmanufactured",ha,,1925-1929,23.0,iia_1933_34,no,no,
iia,benin,ben,"tobacco, unmanufactured",tonnes,,1925-1929,24.0,iia_1933_34,no,no,no
iia,bolivia,bol,"tobacco, unmanufactured",ha,,1925-1929,5480.0,iia_1933_34,no,no,
iia,bolivia,bol,"tobacco, unmanufactured",tonnes,,1925-1929,4504.0,iia_1933_34,no,no,no
iia,brazil,bra,"tobacco, unmanufactured",ha,,1925-1929,82300.0,iia_1933_34,no,no,
iia,brazil,bra,"tobacco, unmanufactured",tonnes,,1925-1929,90512.5,iia_1933_34,no,no,no
iia,bulgaria,bgr,"tobacco, unmanufactured",ha,,1925-1929,33417.0,iia_1933_34,no,no,
iia,bulgaria,bgr,"tobacco, unmanufactured",tonnes,,1925-1929,27478.6,iia_1933_34,no,no,no
iia,burkina faso,bfa,"tobacco, unmanufactured",ha,,1925-1929,2385.0,iia_1933_34,no,no,
iia,burkina faso,bfa,"tobacco, unmanufactured",tonnes,,1925-1929,841.0,iia_1933_34,no,no,no
iia,burundi,bdi,"tobacco, unmanufactured",ha,,1925-1929,492.0,iia_1933_34,no,no,
iia,burundi,bdi,"tobacco, unmanufactured",tonnes,,1925-1929,604.9,iia_1933_34,no,no,no
iia,canada,can,"tobacco, unmanufactured",ha,,1925-1929,15057.0,iia_1933_34,no,no,
iia,canada,can,"tobacco, unmanufactured",tonnes,,1925-1929,15772.5,iia_1933_34,no,no,no
iia,chile,chl,"tobacco, unmanufactured",ha,,1925-1929,2703.0,iia_1933_34,no,no,
iia,chile,chl,"tobacco, unmanufactured",tonnes,,1925-1929,5539.4,iia_1933_34,no,no,no
iia,"china, taiwan province of",twn,"tobacco, unmanufactured",ha,,1925-1929,812.0,iia_1933_34,no,no,
iia,"china, taiwan province of",twn,"tobacco, unmanufactured",tonnes,,1925-1929,1249.8,iia_1933_34,no,no,no
iia,colombia,col,"tobacco, unmanufactured",ha,,1925-1929,13077.0,iia_1933_34,no,no,
iia,colombia,col,"tobacco, unmanufactured",tonnes,,1925-1929,11072.2,iia_1933_34,no,no,no
iia,congo,cog,"tobacco, unmanufactured",ha,,1925-1929,9090.0,iia_1933_34,no,no,
iia,congo,cog,"tobacco, unmanufactured",tonnes,,1925-1929,783.3,iia_1933_34,no,no,no
iia,costa rica,cri,"tobacco, unmanufactured",ha,,1925-1929,1228.0,iia_1933_34,no,no,
iia,costa rica,cri,"tobacco, unmanufactured",tonnes,,1925-1929,1239.1,iia_1933_34,no,no,no
iia,cuba,cub,"tobacco, unmanufactured",ha,,1925-1929,60822.0,iia_1933_34,no,no,
iia,cuba,cub,"tobacco, unmanufactured",tonnes,,1925-1929,28117.0,iia_1933_34,no,no,no
iia,cyprus,cyp,"tobacco, unmanufactured",ha,,1925-1929,354.0,iia_1933_34,no,no,
iia,cyprus,cyp,"tobacco, unmanufactured",tonnes,,1925-1929,170.7,iia_1933_34,no,no,no
iia,czech republic,cze,"tobacco, unmanufactured",ha,,1925-1929,5760.0,iia_1933_34,no,no,
iia,czech republic,cze,"tobacco, unmanufactured",tonnes,,1925-1929,7412.6,iia_1933_34,no,no,no
iia,dominican republic,dom,"tobacco, unmanufactured",ha,,1925-1929,16000.0,iia_1933_34,no,no,
iia,dominican republic,dom,"tobacco, unmanufactured",tonnes,,1925-1929,16102.4,iia_1933_34,no,no,no
iia,dr congo,cod,"tobacco, unmanufactured",tonnes,,1925-1929,3287.2,iia_1933_34,no,no,no
iia,ecuador,ecu,"tobacco, unmanufactured",tonnes,,1925-1929,202.1,iia_1933_34,no,no,no
iia,eritrea,eri,"tobacco, unmanufactured",ha,,1925-1929,12.0,iia_1933_34,no,no,
iia,eritrea,eri,"tobacco, unmanufactured",tonnes,,1925-1929,6.1,iia_1933_34,no,no,no
iia,eswatini,swz,"tobacco, unmanufactured",ha,,1925-1929,255.0,iia_1933_34,no,no,
iia,eswatini,swz,"tobacco, unmanufactured",tonnes,,1925-1929,392.0,iia_1933_34,no,no,no
iia,fiji,fji,"tobacco, unmanufactured",ha,,1925-1929,58.0,iia_1933_34,no,no,
iia,fiji,fji,"tobacco, unmanufactured",tonnes,,1925-1929,23.5,iia_1933_34,no,no,no
iia,france,fra,"tobacco, unmanufactured",ha,,1925-1929,15604.0,iia_1933_34,no,no,
iia,france,fra,"tobacco, unmanufactured",tonnes,,1925-1929,27523.0,iia_1933_34,no,no,no
iia,french polynesia,pyf,"tobacco, unmanufactured",ha,,1925-1929,16.0,iia_1933_34,no,no,
iia,french polynesia,pyf,"tobacco, unmanufactured",tonnes,,1925-1929,8.0,iia_1933_34,no,no,no
iia,germany,deu,"tobacco, unmanufactured",ha,,1925-1929,8682.0,iia_1933_34,no,no,
iia,germany,deu,"tobacco, unmanufactured",tonnes,,1925-1929,20008.8,iia_1933_34,no,no,no
iia,greece,grc,"tobacco, unmanufactured",ha,,1925-1929,89612.0,iia_1933_34,no,no,
iia,greece,grc,"tobacco, unmanufactured",tonnes,,1925-1929,63154.9,iia_1933_34,no,no,no
iia,guatemala,gtm,"tobacco, unmanufactured",ha,,1925-1929,180.0,iia_1933_34,no,no,
iia,guatemala,gtm,"tobacco, unmanufactured",tonnes,,1925-1929,113.9,iia_1933_34,no,no,no
iia,guinea,gin,"tobacco, unmanufactured",ha,,1925-1929,620.0,iia_1933_34,no,no,
iia,guinea,gin,"tobacco, unmanufactured",tonnes,,1925-1929,578.0,iia_1933_34,no,no,no
iia,hungary,hun,"tobacco, unmanufactured",ha,,1925-1929,20892.0,iia_1933_34,no,no,
iia,hungary,hun,"tobacco, unmanufactured",tonnes,,1925-1929,26111.9,iia_1933_34,no,no,no
iia,india,ind,"tobacco, unmanufactured",ha,,1925-1929,513936.0,iia_1933_34,no,no,
iia,india,ind,"tobacco, unmanufactured",tonnes,,1925-1929,612500.0,iia_1933_34,no,no,yes
iia,indonesia,idn,"tobacco, unmanufactured",ha,,1925-1929,47835.0,iia_1933_34,no,no,
iia,indonesia,idn,"tobacco, unmanufactured",tonnes,,1925-1929,48068.9,iia_1933_34,no,no,no
iia,iraq,irq,"tobacco, unmanufactured",ha,,1925-1929,5119.0,iia_1933_34,no,no,
iia,iraq,irq,"tobacco, unmanufactured",tonnes,,1925-1929,6009.9,iia_1933_34,no,no,no
iia,israel,isr,"tobacco, unmanufactured",ha,,1925-1929,1194.0,iia_1933_34,no,no,
iia,israel,isr,"tobacco, unmanufactured",tonnes,,1925-1929,662.5,iia_1933_34,no,no,no
iia,italy,ita,"tobacco, unmanufactured",ha,,1925-1929,38732.0,iia_1933_34,no,no,
iia,italy,ita,"tobacco, unmanufactured",tonnes,,1925-1929,41318.9,iia_1933_34,no,no,no
iia,japan,jpn,"tobacco, unmanufactured",ha,,1925-1929,36700.0,iia_1933_34,no,no,
iia,japan,jpn,"tobacco, unmanufactured",tonnes,,1925-1929,64313.3,iia_1933_34,no,no,no
iia,jordan,jor,"tobacco, unmanufactured",tonnes,,1925-1929,77.0,iia_1933_34,no,no,no
iia,libya,lby,"tobacco, unmanufactured",ha,,1925-1929,93.0,iia_1933_34,no,no,
iia,libya,lby,"tobacco, unmanufactured",tonnes,,1925-1929,165.7,iia_1933_34,no,no,no
iia,madagascar,mdg,"tobacco, unmanufactured",ha,,1925-1929,5600.0,iia_1933_34,no,no,
iia,madagascar,mdg,"tobacco, unmanufactured",tonnes,,1925-1929,6.7,iia_1933_34,no,no,no
iia,malawi,mwi,"tobacco, unmanufactured",ha,,1925-1929,9070.0,iia_1933_34,no,no,
iia,malawi,mwi,"tobacco, unmanufactured",tonnes,,1925-1929,3314.5,iia_1933_34,no,no,no
iia,malaysia,mys,"tobacco, unmanufactured",ha,,1925-1929,580.0,iia_1933_34,no,no,
iia,malaysia,mys,"tobacco, unmanufactured",tonnes,,1925-1929,475.3,iia_1933_34,no,no,no
iia,mali,mli,"tobacco, unmanufactured",ha,,1925-1929,1773.0,iia_1933_34,no,no,
iia,mali,mli,"tobacco, unmanufactured",tonnes,,1925-1929,1222.0,iia_1933_34,no,no,no
iia,mauritania,mrt,"tobacco, unmanufactured",ha,,1925-1929,23.0,iia_1933_34,no,no,
iia,mauritania,mrt,"tobacco, unmanufactured",tonnes,,1925-1929,2.9,iia_1933_34,no,no,no
iia,mauritius,mus,"tobacco, unmanufactured",ha,,1925-1929,813.0,iia_1933_34,no,no,
iia,mauritius,mus,"tobacco, unmanufactured",tonnes,,1925-1929,341.7,iia_1933_34,no,no,no
iia,mexico,mex,"tobacco, unmanufactured",ha,,1925-1929,16609.0,iia_1933_34,no,no,
iia,mexico,mex,"tobacco, unmanufactured",tonnes,,1925-1929,10789.7,iia_1933_34,no,no,no
iia,morocco,mar,"tobacco, unmanufactured",ha,,1925-1929,78.0,iia_1933_34,no,no,
iia,morocco,mar,"tobacco, unmanufactured",tonnes,,1925-1929,110.0,iia_1933_34,no,no,no
iia,mozambique,moz,"tobacco, unmanufactured",ha,,1925-1929,1428.0,iia_1933_34,no,no,
iia,mozambique,moz,"tobacco, unmanufactured",tonnes,,1925-1929,629.8,iia_1933_34,no,no,no
iia,namibia,nam,"tobacco, unmanufactured",tonnes,,1925-1929,1.5,iia_1933_34,no,no,no
iia,netherlands,nld,"tobacco, unmanufactured",ha,,1925-1929,112.0,iia_1933_34,no,no,
iia,new zealand,nzl,"tobacco, unmanufactured",ha,,1925-1929,254.0,iia_1933_34,no,no,
iia,new zealand,nzl,"tobacco, unmanufactured",tonnes,,1925-1929,303.0,iia_1933_34,no,no,no
iia,niger,ner,"tobacco, unmanufactured",ha,,1925-1929,316.0,iia_1933_34,no,no,
iia,niger,ner,"tobacco, unmanufactured",tonnes,,1925-1929,170.7,iia_1933_34,no,no,no
iia,paraguay,pry,"tobacco, unmanufactured",ha,,1925-1929,8737.0,iia_1933_34,no,no,
iia,paraguay,pry,"tobacco, unmanufactured",tonnes,,1925-1929,10670.3,iia_1933_34,no,no,no
iia,philippines,phl,"tobacco, unmanufactured",ha,,1925-1929,78698.0,iia_1933_34,no,no,
iia,philippines,phl,"tobacco, unmanufactured",tonnes,,1925-1929,46232.4,iia_1933_34,no,no,no
iia,poland,pol,"tobacco, unmanufactured",ha,,1925-1929,3149.0,iia_1933_34,no,no,
iia,poland,pol,"tobacco, unmanufactured",tonnes,,1925-1929,4672.0,iia_1933_34,no,no,no
iia,reunion,rafr,"tobacco, unmanufactured",ha,,1925-1929,230.0,iia_1933_34,no,no,
iia,reunion,rafr,"tobacco, unmanufactured",tonnes,,1925-1929,670.8,iia_1933_34,no,no,no
iia,romania,rou,"tobacco, unmanufactured",ha,,1925-1929,31228.0,iia_1933_34,no,no,
iia,romania,rou,"tobacco, unmanufactured",tonnes,,1925-1929,19252.5,iia_1933_34,no,no,no
iia,russian federation,rus,"tobacco, unmanufactured",ha,,1925-1929,88100.0,iia_1933_34,no,no,
iia,russian federation,rus,"tobacco, unmanufactured",tonnes,,1925-1929,143064.0,iia_1933_34,no,no,no
iia,serbia,srb,"tobacco, unmanufactured",ha,,1925-1929,13422.0,iia_1933_34,no,no,
iia,serbia,srb,"tobacco, unmanufactured",tonnes,,1925-1929,10566.5,iia_1933_34,no,no,no
iia,south africa,zaf,"tobacco, unmanufactured",ha,,1925-1929,12346.0,iia_1933_34,no,no,
iia,south africa,zaf,"tobacco, unmanufactured",tonnes,,1925-1929,7542.5,iia_1933_34,no,no,no
iia,south korea,kor,"tobacco, unmanufactured",ha,,1925-1929,18586.0,iia_1933_34,no,no,
iia,south korea,kor,"tobacco, unmanufactured",tonnes,,1925-1929,18865.6,iia_1933_34,no,no,no
iia,spain,esp,"tobacco, unmanufactured",ha,,1925-1929,2126.0,iia_1933_34,no,no,
iia,spain,esp,"tobacco, unmanufactured",tonnes,,1925-1929,2135.4,iia_1933_34,no,no,no
iia,sri lanka,lka,"tobacco, unmanufactured",ha,,1925-1929,5356.0,iia_1933_34,no,no,
iia,sri lanka,lka,"tobacco, unmanufactured",tonnes,,1925-1929,4000.0,iia_1933_34,no,no,no
iia,sweden,swe,"tobacco, unmanufactured",ha,,1925-1929,315.0,iia_1933_34,no,no,
iia,sweden,swe,"tobacco, unmanufactured",tonnes,,1925-1929,645.5,iia_1933_34,no,no,no
iia,switzerland,che,"tobacco, unmanufactured",ha,,1925-1929,211.0,iia_1933_34,no,no,
iia,switzerland,che,"tobacco, unmanufactured",tonnes,,1925-1929,424.0,iia_1933_34,no,no,no
iia,syrian arab republic,syr,"tobacco, unmanufactured",ha,,1925-1929,3017.0,iia_1933_34,no,no,
iia,syrian arab republic,syr,"tobacco, unmanufactured",tonnes,,1925-1929,2249.5,iia_1933_34,no,no,no
iia,thailand,tha,"tobacco, unmanufactured",ha,,1925-1929,9390.0,iia_1933_34,no,no,
iia,thailand,tha,"tobacco, unmanufactured",tonnes,,1925-1929,5430.8,iia_1933_34,no,no,no
iia,tunisia,tun,"tobacco, unmanufactured",ha,,1925-1929,460.0,iia_1933_34,no,no,
iia,tunisia,tun,"tobacco, unmanufactured",tonnes,,1925-1929,522.7,iia_1933_34,no,no,no
iia,turkey,tur,"tobacco, unmanufactured",ha,,1925-1929,63217.0,iia_1933_34,no,no,
iia,turkey,tur,"tobacco, unmanufactured",tonnes,,1925-1929,51951.0,iia_1933_34,no,no,no
iia,united states of america,usa,"tobacco, unmanufactured",ha,,1925-1929,732829.0,iia_1933_34,no,no,
iia,united states of america,usa,"tobacco, unmanufactured",tonnes,,1925-1929,630805.5,iia_1933_34,no,no,yes
iia,uruguay,ury,"tobacco, unmanufactured",ha,,1925-1929,238.0,iia_1933_34,no,no,
iia,uruguay,ury,"tobacco, unmanufactured",tonnes,,1925-1929,228.3,iia_1933_34,no,no,no
iia,viet nam,vnm,"tobacco, unmanufactured",ha,,1925-1929,1590.0,iia_1933_34,no,no,
iia,viet nam,vnm,"tobacco, unmanufactured",tonnes,,1925-1929,1191.5,iia_1933_34,no,no,no
iia,zambia,zmb,"tobacco, unmanufactured",ha,,1925-1929,2081.0,iia_1933_34,no,no,
iia,zambia,zmb,"tobacco, unmanufactured",tonnes,,1925-1929,1006.2,iia_1933_34,no,no,no
iia,zimbabwe,zwe,"tobacco, unmanufactured",ha,,1925-1929,9628.0,iia_1933_34,no,no,
iia,zimbabwe,zwe,"tobacco, unmanufactured",tonnes,,1925-1929,5692.9,iia_1933_34,no,no,no
iia,austria,aut,wheat,ha,,1925-1929,34.0,iia_1933_34,no,no,
iia,austria,aut,wheat,tonnes,,1925-1929,60.4,iia_1933_34,no,no,
iia,belgium,bel,wheat,ha,,1925-1929,16097.0,iia_1933_34,no,no,
iia,belgium,bel,wheat,tonnes,,1925-1929,33361.1,iia_1933_34,no,no,
iia,bulgaria,bgr,wheat,ha,,1925-1929,9085.0,iia_1933_34,no,no,
iia,bulgaria,bgr,wheat,tonnes,,1925-1929,7678.2,iia_1933_34,no,no,
iia,canada,can,wheat,ha,,1925-1929,408415.0,iia_1933_34,no,no,
iia,canada,can,wheat,tonnes,,1925-1929,732734.5,iia_1933_34,no,no,
iia,czech republic,cze,wheat,ha,,1925-1929,294.0,iia_1933_34,no,no,
iia,czech republic,cze,wheat,tonnes,,1925-1929,316.1,iia_1933_34,no,no,
iia,denmark,dnk,wheat,ha,,1925-1929,264986.0,iia_1933_34,no,no,
iia,denmark,dnk,wheat,tonnes,,1925-1929,617378.4,iia_1933_34,no,no,
iia,estonia,est,wheat,ha,,1925-1929,66216.0,iia_1933_34,no,no,
iia,estonia,est,wheat,tonnes,,1925-1929,64818.0,iia_1933_34,no,no,
iia,finland,fin,wheat,ha,,1925-1929,10140.0,iia_1933_34,no,no,
iia,finland,fin,wheat,tonnes,,1925-1929,14081.4,iia_1933_34,no,no,
iia,france,fra,wheat,ha,,1925-1929,83054.0,iia_1933_34,no,no,
iia,france,fra,wheat,tonnes,,1925-1929,104189.4,iia_1933_34,no,no,
iia,germany,deu,wheat,ha,,1925-1929,125224.0,iia_1933_34,no,no,
iia,germany,deu,wheat,tonnes,,1925-1929,148669.2,iia_1933_34,no,no,
iia,greece,grc,wheat,ha,,1925-1929,45197.0,iia_1933_34,no,no,
iia,greece,grc,wheat,tonnes,,1925-1929,24006.6,iia_1933_34,no,no,
iia,latvia,lva,wheat,ha,,1925-1929,62296.0,iia_1933_34,no,no,
iia,latvia,lva,wheat,tonnes,,1925-1929,59848.3,iia_1933_34,no,no,
iia,lithuania,ltu,wheat,ha,,1925-1929,96940.0,iia_1933_34,no,no,
iia,lithuania,ltu,wheat,tonnes,,1925-1929,101920.4,iia_1933_34,no,no,
iia,luxembourg,lux,wheat,ha,,1925-1929,4310.0,iia_1933_34,no,no,
iia,luxembourg,lux,wheat,tonnes,,1925-1929,5497.8,iia_1933_34,no,no,
iia,norway,nor,wheat,ha,,1925-1929,6810.0,iia_1933_34,no,no,
iia,norway,nor,wheat,tonnes,,1925-1929,13456.5,iia_1933_34,no,no,
iia,poland,pol,wheat,ha,,1925-1929,147032.0,iia_1933_34,no,no,
iia,poland,pol,wheat,tonnes,,1925-1929,225115.9,iia_1933_34,no,no,
iia,russian federation,rus,wheat,ha,,1925-1929,320267.0,iia_1933_34,no,no,
iia,serbia,srb,wheat,ha,,1925-1929,18058.0,iia_1933_34,no,no,
iia,serbia,srb,wheat,tonnes,,1925-1929,12767.3,iia_1933_34,no,no,
iia,spain,esp,wheat,ha,,1925-1929,33569.0,iia_1933_34,no,no,
iia,spain,esp,wheat,tonnes,,1925-1929,28077.9,iia_1933_34,no,no,
iia,sweden,swe,wheat,ha,,1925-1929,244418.0,iia_1933_34,no,no,
iia,sweden,swe,wheat,tonnes,,1925-1929,489550.4,iia_1933_34,no,no,
iia,switzerland,che,wheat,ha,,1925-1929,13964.0,iia_1933_34,no,no,
iia,switzerland,che,wheat,tonnes,,1925-1929,32520.0,iia_1933_34,no,no,
iia,turkey,tur,wheat,ha,,1925-1929,81318.0,iia_1933_34,no,no,
iia,turkey,tur,wheat,tonnes,,1925-1929,70178.2,iia_1933_34,no,no,
iia,united kingdom,gbr,wheat,ha,,1925-1929,48727.0,iia_1933_34,no,no,
iia,united kingdom,gbr,wheat,tonnes,,1925-1929,96524.5,iia_1933_34,no,no,
iia,algeria,dza,wine,ha,,1925-1929,214166.0,iia_1933_34,no,no,
iia,algeria,dza,wine,tonnes,,1925-1929,1048193.058,iia_1933_34,no,no,
iia,argentina,arg,wine,ha,,1925-1929,131015.0,iia_1933_34,no,no,
iia,argentina,arg,wine,tonnes,,1925-1929,589410.994,iia_1933_34,no,no,
iia,australia,aus,wine,ha,,1925-1929,18704.0,iia_1933_34,no,no,
iia,australia,aus,wine,tonnes,,1925-1929,78190.245,iia_1933_34,no,no,
iia,austria,aut,wine,ha,,1925-1929,32464.0,iia_1933_34,no,no,
iia,austria,aut,wine,tonnes,,1925-1929,56167.559,iia_1933_34,no,no,
iia,brazil,bra,wine,ha,,1925-1929,23700.0,iia_1933_34,no,no,
iia,brazil,bra,wine,tonnes,,1925-1929,68893.086,iia_1933_34,no,no,
iia,bulgaria,bgr,wine,ha,,1925-1929,63205.0,iia_1933_34,no,no,
iia,bulgaria,bgr,wine,tonnes,,1925-1929,146551.189,iia_1933_34,no,no,
iia,canada,can,wine,tonnes,,1925-1929,17628.004,iia_1933_34,no,no,
iia,chile,chl,wine,ha,,1925-1929,78032.0,iia_1933_34,no,no,
iia,chile,chl,wine,tonnes,,1925-1929,290664.768,iia_1933_34,no,no,
iia,cyprus,cyp,wine,ha,,1925-1929,36086.0,iia_1933_34,no,no,
iia,cyprus,cyp,wine,tonnes,,1925-1929,20945.598,iia_1933_34,no,no,
iia,czech republic,cze,wine,ha,,1925-1929,13898.0,iia_1933_34,no,no,
iia,czech republic,cze,wine,tonnes,,1925-1929,21447.767,iia_1933_34,no,no,
iia,france,fra,wine,ha,,1925-1929,1519918.0,iia_1933_34,no,no,
iia,france,fra,wine,tonnes,,1925-1929,5513936.87,iia_1933_34,no,no,
iia,germany,deu,wine,ha,,1925-1929,72681.0,iia_1933_34,no,no,
iia,germany,deu,wine,tonnes,,1925-1929,156754.619,iia_1933_34,no,no,
iia,greece,grc,wine,ha,,1925-1929,113464.0,iia_1933_34,no,no,
iia,greece,grc,wine,tonnes,,1925-1929,251159.578,iia_1933_34,no,no,
iia,hungary,hun,wine,ha,,1925-1929,210676.0,iia_1933_34,no,no,
iia,hungary,hun,wine,tonnes,,1925-1929,235381.752,iia_1933_34,no,no,
iia,israel,isr,wine,tonnes,,1925-1929,1846.007,iia_1933_34,no,no,
iia,italy,ita,wine,ha,,1925-1929,840805.0,iia_1933_34,no,no,
iia,italy,ita,wine,tonnes,,1925-1929,1732972.9,iia_1933_34,no,no,
iia,japan,jpn,wine,tonnes,,1925-1929,640.006,iia_1933_34,no,no,
iia,lebanon,lbn,wine,ha,,1925-1929,2500.0,iia_1933_34,no,no,
iia,lebanon,lbn,wine,tonnes,,1925-1929,1773.16,iia_1933_34,no,no,
iia,libya,lby,wine,ha,,1925-1929,1493.0,iia_1933_34,no,no,
iia,libya,lby,wine,tonnes,,1925-1929,979.894,iia_1933_34,no,no,
iia,luxembourg,lux,wine,ha,,1925-1929,1484.0,iia_1933_34,no,no,
iia,luxembourg,lux,wine,tonnes,,1925-1929,4687.428,iia_1933_34,no,no,
iia,madagascar,mdg,wine,tonnes,,1925-1929,64.02,iia_1933_34,no,no,
iia,malta,mlt,wine,ha,,1925-1929,722.0,iia_1933_34,no,no,
iia,malta,mlt,wine,tonnes,,1925-1929,3993.393,iia_1933_34,no,no,
iia,morocco,mar,wine,ha,,1925-1929,6200.0,iia_1933_34,no,no,
iia,morocco,mar,wine,tonnes,,1925-1929,15423.0,iia_1933_34,no,no,
iia,new zealand,nzl,wine,ha,,1925-1929,120.0,iia_1933_34,no,no,
iia,new zealand,nzl,wine,tonnes,,1925-1929,299.827,iia_1933_34,no,no,
iia,peru,per,wine,ha,,1925-1929,6997.0,iia_1933_34,no,no,
iia,peru,per,wine,tonnes,,1925-1929,11815.764,iia_1933_34,no,no,
iia,portugal,prt,wine,ha,,1925-1929,346850.0,iia_1933_34,no,no,
iia,portugal,prt,wine,tonnes,,1925-1929,584025.651,iia_1933_34,no,no,
iia,romania,rou,wine,ha,,1925-1929,234864.0,iia_1933_34,no,no,
iia,romania,rou,wine,tonnes,,1925-1929,619323.466,iia_1933_34,no,no,
iia,russian federation,rus,wine,ha,,1925-1929,186062.0,iia_1933_34,no,no,
iia,russian federation,rus,wine,tonnes,,1925-1929,290956.35,iia_1933_34,no,no,
iia,serbia,srb,wine,ha,,1925-1929,177786.0,iia_1933_34,no,no,
iia,serbia,srb,wine,tonnes,,1925-1929,331592.851,iia_1933_34,no,no,
iia,south africa,zaf,wine,ha,,1925-1929,27212.0,iia_1933_34,no,no,
iia,south africa,zaf,wine,tonnes,,1925-1929,62775.102,iia_1933_34,no,no,
iia,spain,esp,wine,ha,,1925-1929,1315282.0,iia_1933_34,no,no,
iia,spain,esp,wine,tonnes,,1925-1929,2286456.743,iia_1933_34,no,no,
iia,switzerland,che,wine,ha,,1925-1929,14238.0,iia_1933_34,no,no,
iia,switzerland,che,wine,tonnes,,1925-1929,53110.41,iia_1933_34,no,no,
iia,tunisia,tun,wine,ha,,1925-1929,27606.0,iia_1933_34,no,no,
iia,tunisia,tun,wine,tonnes,,1925-1929,83330.372,iia_1933_34,no,no,
iia,turkey,tur,wine,ha,,1925-1929,17870.0,iia_1933_34,no,no,
iia,uruguay,ury,wine,ha,,1925-1929,11086.0,iia_1933_34,no,no,
iia,uruguay,ury,wine,tonnes,,1925-1929,37932.917,iia_1933_34,no,no,
iia,austria,aut,yarn of true hemp,ha,,1925-1929,353.0,iia_1933_34,no,no,
iia,austria,aut,yarn of true hemp,tonnes,,1925-1929,802.8,iia_1933_34,no,no,
iia,belgium,bel,yarn of true hemp,ha,,1925-1929,29.0,iia_1933_34,no,no,
iia,belgium,bel,yarn of true hemp,tonnes,,1925-1929,27.1,iia_1933_34,no,no,
iia,bulgaria,bgr,yarn of true hemp,ha,,1925-1929,3951.0,iia_1933_34,no,no,
iia,bulgaria,bgr,yarn of true hemp,tonnes,,1925-1929,1373.6,iia_1933_34,no,no,
iia,chile,chl,yarn of true hemp,ha,,1925-1929,1761.0,iia_1933_34,no,no,
iia,chile,chl,yarn of true hemp,tonnes,,1925-1929,2334.7,iia_1933_34,no,no,
iia,cyprus,cyp,yarn of true hemp,ha,,1925-1929,179.0,iia_1933_34,no,no,
iia,cyprus,cyp,yarn of true hemp,tonnes,,1925-1929,73.9,iia_1933_34,no,no,
iia,czech republic,cze,yarn of true hemp,ha,,1925-1929,10628.0,iia_1933_34,no,no,
iia,czech republic,cze,yarn of true hemp,tonnes,,1925-1929,7455.1,iia_1933_34,no,no,
iia,france,fra,yarn of true hemp,ha,,1925-1929,4923.0,iia_1933_34,no,no,
iia,france,fra,yarn of true hemp,tonnes,,1925-1929,4909.0,iia_1933_34,no,no,
iia,germany,deu,yarn of true hemp,ha,,1925-1929,1558.0,iia_1933_34,no,no,
iia,hungary,hun,yarn of true hemp,ha,,1925-1929,9728.0,iia_1933_34,no,no,
iia,hungary,hun,yarn of true hemp,tonnes,,1925-1929,8231.4,iia_1933_34,no,no,
iia,italy,ita,yarn of true hemp,ha,,1925-1929,95303.0,iia_1933_34,no,no,
iia,italy,ita,yarn of true hemp,tonnes,,1925-1929,100712.0,iia_1933_34,no,no,
iia,japan,jpn,yarn of true hemp,ha,,1925-1929,7782.0,iia_1933_34,no,no,
iia,japan,jpn,yarn of true hemp,tonnes,,1925-1929,8541.5,iia_1933_34,no,no,
iia,morocco,mar,yarn of true hemp,ha,,1925-1929,629.0,iia_1933_34,no,no,
iia,morocco,mar,yarn of true hemp,tonnes,,1925-1929,500.0,iia_1933_34,no,no,
iia,poland,pol,yarn of true hemp,ha,,1925-1929,30064.0,iia_1933_34,no,no,
iia,poland,pol,yarn of true hemp,tonnes,,1925-1929,19349.0,iia_1933_34,no,no,
iia,romania,rou,yarn of true hemp,ha,,1925-1929,40986.0,iia_1933_34,no,no,
iia,romania,rou,yarn of true hemp,tonnes,,1925-1929,16665.2,iia_1933_34,no,no,
iia,russian federation,rus,yarn of true hemp,ha,,1925-1929,906540.0,iia_1933_34,no,no,
iia,russian federation,rus,yarn of true hemp,tonnes,,1925-1929,318920.0,iia_1933_34,no,no,
iia,serbia,srb,yarn of true hemp,ha,,1925-1929,31396.0,iia_1933_34,no,no,
iia,serbia,srb,yarn of true hemp,tonnes,,1925-1929,28810.4,iia_1933_34,no,no,
iia,south korea,kor,yarn of true hemp,ha,,1925-1929,29362.0,iia_1933_34,no,no,
iia,south korea,kor,yarn of true hemp,tonnes,,1925-1929,20825.3,iia_1933_34,no,no,
iia,spain,esp,yarn of true hemp,ha,,1925-1929,6231.0,iia_1933_34,no,no,
iia,spain,esp,yarn of true hemp,tonnes,,1925-1929,7177.2,iia_1933_34,no,no,
iia,syrian arab republic,syr,yarn of true hemp,ha,,1925-1929,2540.0,iia_1933_34,no,no,
iia,syrian arab republic,syr,yarn of true hemp,tonnes,,1925-1929,1705.9,iia_1933_34,no,no,
iia,algeria,dza,"beans, dry",ha,,1928-1932,1000.0,iia_1938_39,yes,no,
iia,algeria,dza,"beans, dry",tonnes,,1928-1932,600.0,iia_1938_39,yes,no,
iia,angola,ago,"beans, dry",ha,,1928-1932,67000.0,iia_1938_39,yes,no,
iia,angola,ago,"beans, dry",tonnes,,1928-1932,33700.0,iia_1938_39,yes,no,
iia,argentina,arg,"beans, dry",ha,,1928-1932,27000.0,iia_1938_39,yes,no,
iia,argentina,arg,"beans, dry",tonnes,,1928-1932,23200.0,iia_1938_39,yes,no,
iia,austria,aut,"beans, dry",ha,,1928-1932,3000.0,iia_1938_39,yes,no,
iia,austria,aut,"beans, dry",tonnes,,1928-1932,4800.0,iia_1938_39,yes,no,
iia,brazil,bra,"beans, dry",ha,,1928-1932,718000.0,iia_1938_39,yes,no,
iia,brazil,bra,"beans, dry",tonnes,,1928-1932,717100.0,iia_1938_39,yes,no,
iia,bulgaria,bgr,"beans, dry",ha,,1928-1932,71000.0,iia_1938_39,yes,no,
iia,bulgaria,bgr,"beans, dry",tonnes,,1928-1932,47600.0,iia_1938_39,yes,no,
iia,canada,can,"beans, dry",ha,,1928-1932,33000.0,iia_1938_39,yes,no,
iia,canada,can,"beans, dry",tonnes,,1928-1932,35600.0,iia_1938_39,yes,no,
iia,chile,chl,"beans, dry",ha,,1928-1932,74000.0,iia_1938_39,yes,no,
iia,chile,chl,"beans, dry",tonnes,,1928-1932,75600.0,iia_1938_39,yes,no,
iia,colombia,col,"beans, dry",tonnes,,1928-1932,27800.0,iia_1938_39,yes,no,
iia,cyprus,cyp,"beans, dry",ha,,1928-1932,1000.0,iia_1938_39,yes,no,
iia,cyprus,cyp,"beans, dry",tonnes,,1928-1932,200.0,iia_1938_39,yes,no,
iia,czech republic,cze,"beans, dry",ha,,1928-1932,8000.0,iia_1938_39,yes,no,
iia,czech republic,cze,"beans, dry",tonnes,,1928-1932,9800.0,iia_1938_39,yes,no,
iia,france,fra,"beans, dry",ha,,1928-1932,144000.0,iia_1938_39,yes,no,
iia,france,fra,"beans, dry",tonnes,,1928-1932,120100.0,iia_1938_39,yes,no,
iia,germany,deu,"beans, dry",ha,,1928-1932,7000.0,iia_1938_39,yes,no,
iia,germany,deu,"beans, dry",tonnes,,1928-1932,11400.0,iia_1938_39,yes,no,
iia,greece,grc,"beans, dry",ha,,1928-1932,10000.0,iia_1938_39,yes,no,
iia,greece,grc,"beans, dry",tonnes,,1928-1932,5200.0,iia_1938_39,yes,no,
iia,guatemala,gtm,"beans, dry",ha,,1928-1932,12000.0,iia_1938_39,yes,no,
iia,guatemala,gtm,"beans, dry",tonnes,,1928-1932,6300.0,iia_1938_39,yes,no,
iia,hungary,hun,"beans, dry",ha,,1928-1932,5000.0,iia_1938_39,yes,no,
iia,hungary,hun,"beans, dry",tonnes,,1928-1932,4000.0,iia_1938_39,yes,no,
iia,italy,ita,"beans, dry",ha,,1928-1932,517000.0,iia_1938_39,yes,no,
iia,italy,ita,"beans, dry",tonnes,,1928-1932,145000.0,iia_1938_39,yes,no,
iia,japan,jpn,"beans, dry",ha,,1928-1932,196000.0,iia_1938_39,yes,no,
iia,japan,jpn,"beans, dry",tonnes,,1928-1932,179400.0,iia_1938_39,yes,no,
iia,kenya,ken,"beans, dry",ha,,1928-1932,1000.0,iia_1938_39,yes,no,
iia,madagascar,mdg,"beans, dry",ha,,1928-1932,37000.0,iia_1938_39,yes,no,
iia,madagascar,mdg,"beans, dry",tonnes,,1928-1932,34900.0,iia_1938_39,yes,no,
iia,mexico,mex,"beans, dry",ha,,1928-1932,739000.0,iia_1938_39,yes,no,
iia,mexico,mex,"beans, dry",tonnes,,1928-1932,125100.0,iia_1938_39,yes,no,
iia,morocco,mar,"beans, dry",ha,,1928-1932,1000.0,iia_1938_39,yes,no,
iia,morocco,mar,"beans, dry",tonnes,,1928-1932,200.0,iia_1938_39,yes,no,
iia,mozambique,moz,"beans, dry",ha,,1928-1932,15000.0,iia_1938_39,yes,no,
iia,mozambique,moz,"beans, dry",tonnes,,1928-1932,3100.0,iia_1938_39,yes,no,
iia,myanmar,mmr,"beans, dry",ha,,1928-1932,372000.0,iia_1938_39,yes,no,
iia,netherlands,nld,"beans, dry",ha,,1928-1932,8000.0,iia_1938_39,yes,no,
iia,netherlands,nld,"beans, dry",tonnes,,1928-1932,15800.0,iia_1938_39,yes,no,
iia,peru,per,"beans, dry",ha,,1928-1932,23000.0,iia_1938_39,yes,no,
iia,peru,per,"beans, dry",tonnes,,1928-1932,53500.0,iia_1938_39,yes,no,
iia,portugal,prt,"beans, dry",ha,,1928-1932,160000.0,iia_1938_39,yes,no,
iia,portugal,prt,"beans, dry",tonnes,,1928-1932,35000.0,iia_1938_39,yes,no,
iia,romania,rou,"beans, dry",ha,,1928-1932,96000.0,iia_1938_39,yes,no,
iia,romania,rou,"beans, dry",tonnes,,1928-1932,79000.0,iia_1938_39,yes,no,
iia,serbia,srb,"beans, dry",ha,,1928-1932,31000.0,iia_1938_39,yes,no,
iia,serbia,srb,"beans, dry",tonnes,,1928-1932,27000.0,iia_1938_39,yes,no,
iia,south korea,kor,"beans, dry",ha,,1928-1932,239000.0,iia_1938_39,yes,no,
iia,south korea,kor,"beans, dry",tonnes,,1928-1932,121300.0,iia_1938_39,yes,no,
iia,spain,esp,"beans, dry",ha,,1928-1932,79000.0,iia_1938_39,yes,no,
iia,spain,esp,"beans, dry",tonnes,,1928-1932,91100.0,iia_1938_39,yes,no,
iia,syrian arab republic,syr,"beans, dry",ha,,1928-1932,0.0,iia_1938_39,yes,no,
iia,syrian arab republic,syr,"beans, dry",tonnes,,1928-1932,600.0,iia_1938_39,yes,no,
iia,turkey,tur,"beans, dry",ha,,1928-1932,74000.0,iia_1938_39,yes,no,
iia,turkey,tur,"beans, dry",tonnes,,1928-1932,67800.0,iia_1938_39,yes,no,
iia,united states of america,usa,"beans, dry",ha,,1928-1932,731000.0,iia_1938_39,yes,no,
iia,united states of america,usa,"beans, dry",tonnes,,1928-1932,552500.0,iia_1938_39,yes,no,
iia,uruguay,ury,"beans, dry",ha,,1928-1932,7000.0,iia_1938_39,yes,no,
iia,uruguay,ury,"beans, dry",tonnes,,1928-1932,3000.0,iia_1938_39,yes,no,
iia,zimbabwe,zwe,"beans, dry",ha,,1928-1932,1000.0,iia_1938_39,yes,no,
iia,zimbabwe,zwe,"beans, dry",tonnes,,1928-1932,600.0,iia_1938_39,yes,no,
iia,benin,ben,"cacao, beans",ha,,1928-1932,2000.0,iia_1938_39,yes,no,
iia,benin,ben,"cacao, beans",tonnes,,1928-1932,400.0,iia_1938_39,yes,no,
iia,bolivia,bol,"cacao, beans",ha,,1928-1932,5000.0,iia_1938_39,yes,no,
iia,bolivia,bol,"cacao, beans",tonnes,,1928-1932,2500.0,iia_1938_39,yes,no,
iia,brazil,bra,"cacao, beans",ha,,1928-1932,179000.0,iia_1938_39,yes,no,
iia,brazil,bra,"cacao, beans",tonnes,,1928-1932,82800.0,iia_1938_39,yes,no,
iia,cameroon,cmr,"cacao, beans",ha,,1928-1932,35000.0,iia_1938_39,yes,no,
iia,cameroon,cmr,"cacao, beans",tonnes,,1928-1932,15800.0,iia_1938_39,yes,no,
iia,colombia,col,"cacao, beans",ha,,1928-1932,20000.0,iia_1938_39,yes,no,
iia,colombia,col,"cacao, beans",tonnes,,1928-1932,7400.0,iia_1938_39,yes,no,
iia,congo,cog,"cacao, beans",ha,,1928-1932,19000.0,iia_1938_39,yes,no,
iia,congo,cog,"cacao, beans",tonnes,,1928-1932,200.0,iia_1938_39,yes,no,
iia,costa rica,cri,"cacao, beans",ha,,1928-1932,56000.0,iia_1938_39,yes,no,
iia,costa rica,cri,"cacao, beans",tonnes,,1928-1932,6800.0,iia_1938_39,yes,no,
iia,cuba,cub,"cacao, beans",ha,,1928-1932,5000.0,iia_1938_39,yes,no,
iia,cuba,cub,"cacao, beans",tonnes,,1928-1932,2800.0,iia_1938_39,yes,no,
iia,dominica,dma,"cacao, beans",ha,,1928-1932,3000.0,iia_1938_39,yes,no,
iia,dominica,dma,"cacao, beans",tonnes,,1928-1932,100.0,iia_1938_39,yes,no,
iia,dominican republic,dom,"cacao, beans",tonnes,,1928-1932,21000.0,iia_1938_39,yes,no,
iia,dr congo,cod,"cacao, beans",ha,,1928-1932,4000.0,iia_1938_39,yes,no,
iia,dr congo,cod,"cacao, beans",tonnes,,1928-1932,1100.0,iia_1938_39,yes,no,
iia,ecuador,ecu,"cacao, beans",tonnes,,1928-1932,15800.0,iia_1938_39,yes,no,
iia,equatorial guinea,gnq,"cacao, beans",ha,,1928-1932,35000.0,iia_1938_39,yes,no,
iia,equatorial guinea,gnq,"cacao, beans",tonnes,,1928-1932,9200.0,iia_1938_39,yes,no,
iia,french guiana,guf,"cacao, beans",ha,,1928-1932,0.0,iia_1938_39,yes,no,
iia,french guiana,guf,"cacao, beans",tonnes,,1928-1932,0.0,iia_1938_39,yes,no,
iia,ghana,gha,"cacao, beans",ha,,1928-1932,366000.0,iia_1938_39,yes,no,
iia,ghana,gha,"cacao, beans",tonnes,,1928-1932,249300.0,iia_1938_39,yes,no,
iia,grenada,grd,"cacao, beans",ha,,1928-1932,8000.0,iia_1938_39,yes,no,
iia,grenada,grd,"cacao, beans",tonnes,,1928-1932,4300.0,iia_1938_39,yes,no,
iia,guadeloupe,rlam,"cacao, beans",ha,,1928-1932,3000.0,iia_1938_39,yes,no,
iia,guatemala,gtm,"cacao, beans",ha,,1928-1932,1000.0,iia_1938_39,yes,no,
iia,guyana,guy,"cacao, beans",ha,,1928-1932,5000.0,iia_1938_39,yes,no,
iia,haiti,hti,"cacao, beans",ha,,1928-1932,16000.0,iia_1938_39,yes,no,
iia,haiti,hti,"cacao, beans",tonnes,,1928-1932,1300.0,iia_1938_39,yes,no,
iia,indonesia,idn,"cacao, beans",ha,,1928-1932,5000.0,iia_1938_39,yes,no,
iia,indonesia,idn,"cacao, beans",tonnes,,1928-1932,1400.0,iia_1938_39,yes,no,
iia,ivory coast,civ,"cacao, beans",ha,,1928-1932,55000.0,iia_1938_39,yes,no,
iia,ivory coast,civ,"cacao, beans",tonnes,,1928-1932,22600.0,iia_1938_39,yes,no,
iia,jamaica,jam,"cacao, beans",ha,,1928-1932,800.0,iia_1938_39,yes,no,
iia,jamaica,jam,"cacao, beans",tonnes,,1928-1932,2500.0,iia_1938_39,yes,no,
iia,madagascar,mdg,"cacao, beans",tonnes,,1928-1932,300.0,iia_1938_39,yes,no,
iia,martinique,rlam,"cacao, beans",ha,,1928-1932,5000.0,iia_1938_39,yes,no,
iia,martinique,rlam,"cacao, beans",tonnes,,1928-1932,400.0,iia_1938_39,yes,no,
iia,mexico,mex,"cacao, beans",ha,,1928-1932,7000.0,iia_1938_39,yes,no,
iia,mexico,mex,"cacao, beans",tonnes,,1928-1932,900.0,iia_1938_39,yes,no,
iia,nicaragua,nic,"cacao, beans",tonnes,,1928-1932,200.0,iia_1938_39,yes,no,
iia,nigeria,nga,"cacao, beans",tonnes,,1928-1932,55500.0,iia_1938_39,yes,no,
iia,panama,pan,"cacao, beans",tonnes,,1928-1932,3200.0,iia_1938_39,yes,no,
iia,papua new guinea,png,"cacao, beans",ha,,1928-1932,7000.0,iia_1938_39,yes,no,
iia,papua new guinea,png,"cacao, beans",tonnes,,1928-1932,900.0,iia_1938_39,yes,no,
iia,peru,per,"cacao, beans",ha,,1928-1932,11000.0,iia_1938_39,yes,no,
iia,peru,per,"cacao, beans",tonnes,,1928-1932,1900.0,iia_1938_39,yes,no,
iia,philippines,phl,"cacao, beans",ha,,1928-1932,2000.0,iia_1938_39,yes,no,
iia,philippines,phl,"cacao, beans",tonnes,,1928-1932,1100.0,iia_1938_39,yes,no,
iia,saint lucia,lca,"cacao, beans",ha,,1928-1932,2000.0,iia_1938_39,yes,no,
iia,saint lucia,lca,"cacao, beans",tonnes,,1928-1932,400.0,iia_1938_39,yes,no,
iia,saint vincent and the grenadines,vct,"cacao, beans",ha,,1928-1932,4000.0,iia_1938_39,yes,no,
iia,samoa,wsm,"cacao, beans",ha,,1928-1932,2000.0,iia_1938_39,yes,no,
iia,samoa,wsm,"cacao, beans",tonnes,,1928-1932,800.0,iia_1938_39,yes,no,
iia,sao tome and principe,stp,"cacao, beans",tonnes,,1928-1932,12800.0,iia_1938_39,yes,no,
iia,sri lanka,lka,"cacao, beans",ha,,1928-1932,14000.0,iia_1938_39,yes,no,
iia,sri lanka,lka,"cacao, beans",tonnes,,1928-1932,3900.0,iia_1938_39,yes,no,
iia,suriname,sur,"cacao, beans",ha,,1928-1932,1000.0,iia_1938_39,yes,no,
iia,suriname,sur,"cacao, beans",tonnes,,1928-1932,200.0,iia_1938_39,yes,no,
iia,trinidad and tobago,tto,"cacao, beans",ha,,1928-1932,86000.0,iia_1938_39,yes,no,
iia,trinidad and tobago,tto,"cacao, beans",tonnes,,1928-1932,24100.0,iia_1938_39,yes,no,
iia,united states of america,usa,"cacao, beans",tonnes,,1928-1932,100.0,iia_1938_39,yes,no,
iia,vanuatu,vut,"cacao, beans",ha,,1928-1932,3000.0,iia_1938_39,yes,no,
iia,vanuatu,vut,"cacao, beans",tonnes,,1928-1932,1900.0,iia_1938_39,yes,no,
iia,venezuela,ven,"cacao, beans",tonnes,,1928-1932,18100.0,iia_1938_39,yes,no,
iia,angola,ago,"coffee, green",ha,,1928-1932,25000.0,iia_1938_39,yes,no,
iia,angola,ago,"coffee, green",tonnes,,1928-1932,11000.0,iia_1938_39,yes,no,
iia,australia,aus,"coffee, green",ha,,1928-1932,0.0,iia_1938_39,yes,no,
iia,australia,aus,"coffee, green",tonnes,,1928-1932,0.0,iia_1938_39,yes,no,
iia,bolivia,bol,"coffee, green",ha,,1928-1932,22000.0,iia_1938_39,yes,no,
iia,bolivia,bol,"coffee, green",tonnes,,1928-1932,23200.0,iia_1938_39,yes,no,
iia,brazil,bra,"coffee, green",ha,,1928-1932,3526000.0,iia_1938_39,yes,no,
iia,brazil,bra,"coffee, green",tonnes,,1928-1932,1543800.0,iia_1938_39,yes,no,
iia,colombia,col,"coffee, green",ha,,1928-1932,329000.0,iia_1938_39,yes,no,
iia,colombia,col,"coffee, green",tonnes,,1928-1932,201900.0,iia_1938_39,yes,no,
iia,congo,cog,"coffee, green",ha,,1928-1932,13000.0,iia_1938_39,yes,no,
iia,congo,cog,"coffee, green",tonnes,,1928-1932,100.0,iia_1938_39,yes,no,
iia,costa rica,cri,"coffee, green",ha,,1928-1932,52000.0,iia_1938_39,yes,no,
iia,costa rica,cri,"coffee, green",tonnes,,1928-1932,22500.0,iia_1938_39,yes,no,
iia,cuba,cub,"coffee, green",ha,,1928-1932,50000.0,iia_1938_39,yes,no,
iia,cuba,cub,"coffee, green",tonnes,,1928-1932,23700.0,iia_1938_39,yes,no,
iia,dominican republic,dom,"coffee, green",tonnes,,1928-1932,15900.0,iia_1938_39,yes,no,
iia,dr congo,cod,"coffee, green",ha,,1928-1932,26000.0,iia_1938_39,yes,no,
iia,dr congo,cod,"coffee, green",tonnes,,1928-1932,5200.0,iia_1938_39,yes,no,
iia,ecuador,ecu,"coffee, green",tonnes,,1928-1932,8500.0,iia_1938_39,yes,no,
iia,el salvador,slv,"coffee, green",ha,,1928-1932,97000.0,iia_1938_39,yes,no,
iia,el salvador,slv,"coffee, green",tonnes,,1928-1932,62600.0,iia_1938_39,yes,no,
iia,ethiopia,eth,"coffee, green",tonnes,,1928-1932,19800.0,iia_1938_39,yes,no,
iia,ethiopia pdr,eth,"coffee, green",tonnes,,1928-1932,19800.0,iia_1938_39,yes,no,
iia,guadeloupe,rlam,"coffee, green",ha,,1928-1932,7000.0,iia_1938_39,yes,no,
iia,guadeloupe,rlam,"coffee, green",tonnes,,1928-1932,300.0,iia_1938_39,yes,no,
iia,guatemala,gtm,"coffee, green",ha,,1928-1932,103000.0,iia_1938_39,yes,no,
iia,guatemala,gtm,"coffee, green",tonnes,,1928-1932,46000.0,iia_1938_39,yes,no,
iia,guyana,guy,"coffee, green",ha,,1928-1932,2000.0,iia_1938_39,yes,no,
iia,guyana,guy,"coffee, green",tonnes,,1928-1932,400.0,iia_1938_39,yes,no,
iia,haiti,hti,"coffee, green",ha,,1928-1932,142000.0,iia_1938_39,yes,no,
iia,haiti,hti,"coffee, green",tonnes,,1928-1932,30800.0,iia_1938_39,yes,no,
iia,honduras,hnd,"coffee, green",ha,,1928-1932,31000.0,iia_1938_39,yes,no,
iia,honduras,hnd,"coffee, green",tonnes,,1928-1932,1500.0,iia_1938_39,yes,no,
iia,indonesia,idn,"coffee, green",ha,,1928-1932,227000.0,iia_1938_39,yes,no,
iia,indonesia,idn,"coffee, green",tonnes,,1928-1932,52500.0,iia_1938_39,yes,no,
iia,ivory coast,civ,"coffee, green",ha,,1928-1932,12000.0,iia_1938_39,yes,no,
iia,ivory coast,civ,"coffee, green",tonnes,,1928-1932,600.0,iia_1938_39,yes,no,
iia,jamaica,jam,"coffee, green",ha,,1928-1932,2000.0,iia_1938_39,yes,no,
iia,jamaica,jam,"coffee, green",tonnes,,1928-1932,3700.0,iia_1938_39,yes,no,
iia,kenya,ken,"coffee, green",ha,,1928-1932,39000.0,iia_1938_39,yes,no,
iia,kenya,ken,"coffee, green",tonnes,,1928-1932,11600.0,iia_1938_39,yes,no,
iia,madagascar,mdg,"coffee, green",ha,,1928-1932,66000.0,iia_1938_39,yes,no,
iia,madagascar,mdg,"coffee, green",tonnes,,1928-1932,11200.0,iia_1938_39,yes,no,
iia,malawi,mwi,"coffee, green",ha,,1928-1932,1000.0,iia_1938_39,yes,no,
iia,malawi,mwi,"coffee, green",tonnes,,1928-1932,100.0,iia_1938_39,yes,no,
iia,malaysia,mys,"coffee, green",ha,,1928-1932,5000.0,iia_1938_39,yes,no,
iia,mexico,mex,"coffee, green",ha,,1928-1932,87000.0,iia_1938_39,yes,no,
iia,mexico,mex,"coffee, green",tonnes,,1928-1932,39100.0,iia_1938_39,yes,no,
iia,mozambique,moz,"coffee, green",ha,,1928-1932,2000.0,iia_1938_39,yes,no,
iia,mozambique,moz,"coffee, green",tonnes,,1928-1932,100.0,iia_1938_39,yes,no,
iia,new caledonia,roce,"coffee, green",ha,,1928-1932,3000.0,iia_1938_39,yes,no,
iia,new caledonia,roce,"coffee, green",tonnes,,1928-1932,1000.0,iia_1938_39,yes,no,
iia,nicaragua,nic,"coffee, green",ha,,1928-1932,47000.0,iia_1938_39,yes,no,
iia,nicaragua,nic,"coffee, green",tonnes,,1928-1932,13200.0,iia_1938_39,yes,no,
iia,panama,pan,"coffee, green",tonnes,,1928-1932,700.0,iia_1938_39,yes,no,
iia,paraguay,pry,"coffee, green",ha,,1928-1932,0.0,iia_1938_39,yes,no,
iia,paraguay,pry,"coffee, green",tonnes,,1928-1932,100.0,iia_1938_39,yes,no,
iia,peru,per,"coffee, green",ha,,1928-1932,7000.0,iia_1938_39,yes,no,
iia,peru,per,"coffee, green",tonnes,,1928-1932,1400.0,iia_1938_39,yes,no,
iia,philippines,phl,"coffee, green",ha,,1928-1932,1000.0,iia_1938_39,yes,no,
iia,philippines,phl,"coffee, green",tonnes,,1928-1932,1200.0,iia_1938_39,yes,no,
iia,sao tome and principe,stp,"coffee, green",tonnes,,1928-1932,500.0,iia_1938_39,yes,no,
iia,sierra leone,sle,"coffee, green",tonnes,,1928-1932,100.0,iia_1938_39,yes,no,
iia,sri lanka,lka,"coffee, green",ha,,1928-1932,0.0,iia_1938_39,yes,no,
iia,sri lanka,lka,"coffee, green",tonnes,,1928-1932,0.0,iia_1938_39,yes,no,
iia,suriname,sur,"coffee, green",ha,,1928-1932,9000.0,iia_1938_39,yes,no,
iia,suriname,sur,"coffee, green",tonnes,,1928-1932,3200.0,iia_1938_39,yes,no,
iia,tanzania,tza,"coffee, green",tonnes,,1928-1932,10500.0,iia_1938_39,yes,no,
iia,timor-leste,tls,"coffee, green",tonnes,,1928-1932,1700.0,iia_1938_39,yes,no,
iia,trinidad and tobago,tto,"coffee, green",ha,,1928-1932,0.0,iia_1938_39,yes,no,
iia,trinidad and tobago,tto,"coffee, green",tonnes,,1928-1932,300.0,iia_1938_39,yes,no,
iia,united states of america,usa,"coffee, green",ha,,1928-1932,79000.0,iia_1938_39,yes,no,
iia,united states of america,usa,"coffee, green",tonnes,,1928-1932,8700.0,iia_1938_39,yes,no,
iia,vanuatu,vut,"coffee, green",ha,,1928-1932,1000.0,iia_1938_39,yes,no,
iia,vanuatu,vut,"coffee, green",tonnes,,1928-1932,100.0,iia_1938_39,yes,no,
iia,venezuela,ven,"coffee, green",ha,,1928-1932,100000.0,iia_1938_39,yes,no,
iia,venezuela,ven,"coffee, green",tonnes,,1928-1932,60200.0,iia_1938_39,yes,no,
iia,viet nam,vnm,"coffee, green",ha,,1928-1932,4000.0,iia_1938_39,yes,no,
iia,viet nam,vnm,"coffee, green",tonnes,,1928-1932,600.0,iia_1938_39,yes,no,
iia,yemen,yem,"coffee, green",tonnes,,1928-1932,4400.0,iia_1938_39,yes,no,
iia,algeria,dza,cotton lint,ha,,1928-1932,3000.0,iia_1938_39,yes,no,
iia,algeria,dza,cotton lint,tonnes,,1928-1932,900.0,iia_1938_39,yes,no,
iia,angola,ago,cotton lint,ha,,1928-1932,4000.0,iia_1938_39,yes,no,
iia,angola,ago,cotton lint,tonnes,,1928-1932,600.0,iia_1938_39,yes,no,
iia,antigua and barbuda,atg,cotton lint,ha,,1928-1932,0.0,iia_1938_39,yes,no,
iia,antigua and barbuda,atg,cotton lint,tonnes,,1928-1932,0.0,iia_1938_39,yes,no,
iia,argentina,arg,cotton lint,ha,,1928-1932,125000.0,iia_1938_39,yes,no,
iia,argentina,arg,cotton lint,tonnes,,1928-1932,31500.0,iia_1938_39,yes,no,
iia,australia,aus,cotton lint,ha,,1928-1932,13000.0,iia_1938_39,yes,no,
iia,australia,aus,cotton lint,tonnes,,1928-1932,1900.0,iia_1938_39,yes,no,
iia,barbados,brb,cotton lint,ha,,1928-1932,0.0,iia_1938_39,yes,no,
iia,barbados,brb,cotton lint,tonnes,,1928-1932,0.0,iia_1938_39,yes,no,
iia,bolivia,bol,cotton lint,ha,,1928-1932,3000.0,iia_1938_39,yes,no,
iia,bolivia,bol,cotton lint,tonnes,,1928-1932,500.0,iia_1938_39,yes,no,
iia,brazil,bra,cotton lint,ha,,1928-1932,689000.0,iia_1938_39,yes,no,
iia,brazil,bra,cotton lint,tonnes,,1928-1932,109300.0,iia_1938_39,yes,no,
iia,bulgaria,bgr,cotton lint,ha,,1928-1932,6000.0,iia_1938_39,yes,no,
iia,bulgaria,bgr,cotton lint,tonnes,,1928-1932,900.0,iia_1938_39,yes,no,
iia,burundi,bdi,cotton lint,ha,,1928-1932,1000.0,iia_1938_39,yes,no,
iia,burundi,bdi,cotton lint,tonnes,,1928-1932,200.0,iia_1938_39,yes,no,
iia,cameroon,cmr,cotton lint,ha,,1928-1932,1000.0,iia_1938_39,yes,no,
iia,cameroon,cmr,cotton lint,tonnes,,1928-1932,100.0,iia_1938_39,yes,no,
iia,"china, mainland",chn,cotton lint,ha,,1928-1932,2114000.0,iia_1938_39,yes,no,
iia,"china, mainland",chn,cotton lint,tonnes,,1928-1932,474400.0,iia_1938_39,yes,no,
iia,colombia,col,cotton lint,ha,,1928-1932,14000.0,iia_1938_39,yes,no,
iia,colombia,col,cotton lint,tonnes,,1928-1932,2800.0,iia_1938_39,yes,no,
iia,congo,cog,cotton lint,ha,,1928-1932,26000.0,iia_1938_39,yes,no,
iia,congo,cog,cotton lint,tonnes,,1928-1932,1300.0,iia_1938_39,yes,no,
iia,cyprus,cyp,cotton lint,ha,,1928-1932,5000.0,iia_1938_39,yes,no,
iia,cyprus,cyp,cotton lint,tonnes,,1928-1932,500.0,iia_1938_39,yes,no,
iia,dominican republic,dom,cotton lint,tonnes,,1928-1932,0.0,iia_1938_39,yes,no,
iia,dr congo,cod,cotton lint,ha,,1928-1932,142000.0,iia_1938_39,yes,no,
iia,dr congo,cod,cotton lint,tonnes,,1928-1932,10200.0,iia_1938_39,yes,no,
iia,egypt,egy,cotton lint,ha,,1928-1932,856000.0,iia_1938_39,yes,no,
iia,egypt,egy,cotton lint,tonnes,,1928-1932,355100.0,iia_1938_39,yes,no,
iia,el salvador,slv,cotton lint,tonnes,,1928-1932,0.0,iia_1938_39,yes,no,
iia,eritrea,eri,cotton lint,ha,,1928-1932,3000.0,iia_1938_39,yes,no,
iia,eritrea,eri,cotton lint,tonnes,,1928-1932,300.0,iia_1938_39,yes,no,
iia,fiji,fji,cotton lint,ha,,1928-1932,0.0,iia_1938_39,yes,no,
iia,fiji,fji,cotton lint,tonnes,,1928-1932,0.0,iia_1938_39,yes,no,
iia,greece,grc,cotton lint,ha,,1928-1932,19000.0,iia_1938_39,yes,no,
iia,greece,grc,cotton lint,tonnes,,1928-1932,3600.0,iia_1938_39,yes,no,
iia,grenada,grd,cotton lint,ha,,1928-1932,2000.0,iia_1938_39,yes,no,
iia,grenada,grd,cotton lint,tonnes,,1928-1932,200.0,iia_1938_39,yes,no,
iia,guadeloupe,rlam,cotton lint,ha,,1928-1932,1000.0,iia_1938_39,yes,no,
iia,guadeloupe,rlam,cotton lint,tonnes,,1928-1932,0.0,iia_1938_39,yes,no,
iia,guatemala,gtm,cotton lint,ha,,1928-1932,0.0,iia_1938_39,yes,no,
iia,guatemala,gtm,cotton lint,tonnes,,1928-1932,0.0,iia_1938_39,yes,no,
iia,haiti,hti,cotton lint,ha,,1928-1932,85000.0,iia_1938_39,yes,no,
iia,haiti,hti,cotton lint,tonnes,,1928-1932,5200.0,iia_1938_39,yes,no,
iia,india,ind,cotton lint,ha,,1928-1932,0.0,iia_1938_39,yes,no,
iia,india,ind,cotton lint,tonnes,,1928-1932,100.0,iia_1938_39,yes,no,
iia,indonesia,idn,cotton lint,ha,,1928-1932,9000.0,iia_1938_39,yes,no,
iia,indonesia,idn,cotton lint,tonnes,,1928-1932,900.0,iia_1938_39,yes,no,
iia,iran,irn,cotton lint,ha,,1928-1932,57000.0,iia_1938_39,yes,no,
iia,iran,irn,cotton lint,tonnes,,1928-1932,19200.0,iia_1938_39,yes,no,
iia,iraq,irq,cotton lint,tonnes,,1928-1932,500.0,iia_1938_39,yes,no,
iia,italy,ita,cotton lint,ha,,1928-1932,3000.0,iia_1938_39,yes,no,
iia,italy,ita,cotton lint,tonnes,,1928-1932,600.0,iia_1938_39,yes,no,
iia,japan,jpn,cotton lint,ha,,1928-1932,1000.0,iia_1938_39,yes,no,
iia,japan,jpn,cotton lint,tonnes,,1928-1932,200.0,iia_1938_39,yes,no,
iia,kenya,ken,cotton lint,tonnes,,1928-1932,300.0,iia_1938_39,yes,no,
iia,madagascar,mdg,cotton lint,ha,,1928-1932,0.0,iia_1938_39,yes,no,
iia,madagascar,mdg,cotton lint,tonnes,,1928-1932,0.0,iia_1938_39,yes,no,
iia,malawi,mwi,cotton lint,ha,,1928-1932,0.0,iia_1938_39,yes,no,
iia,malawi,mwi,cotton lint,tonnes,,1928-1932,0.0,iia_1938_39,yes,no,
iia,malta,mlt,cotton lint,ha,,1928-1932,0.0,iia_1938_39,yes,no,
iia,malta,mlt,cotton lint,tonnes,,1928-1932,100.0,iia_1938_39,yes,no,
iia,mexico,mex,cotton lint,ha,,1928-1932,153000.0,iia_1938_39,yes,no,
iia,mexico,mex,cotton lint,tonnes,,1928-1932,44000.0,iia_1938_39,yes,no,
iia,montserrat,rlam,cotton lint,ha,,1928-1932,1000.0,iia_1938_39,yes,no,
iia,montserrat,rlam,cotton lint,tonnes,,1928-1932,200.0,iia_1938_39,yes,no,
iia,morocco,mar,cotton lint,ha,,1928-1932,0.0,iia_1938_39,yes,no,
iia,morocco,mar,cotton lint,tonnes,,1928-1932,100.0,iia_1938_39,yes,no,
iia,mozambique,moz,cotton lint,ha,,1928-1932,22000.0,iia_1938_39,yes,no,
iia,mozambique,moz,cotton lint,tonnes,,1928-1932,2300.0,iia_1938_39,yes,no,
iia,myanmar,mmr,cotton lint,ha,,1928-1932,128000.0,iia_1938_39,yes,no,
iia,myanmar,mmr,cotton lint,tonnes,,1928-1932,11200.0,iia_1938_39,yes,no,
iia,new caledonia,roce,cotton lint,ha,,1928-1932,0.0,iia_1938_39,yes,no,
iia,new caledonia,roce,cotton lint,tonnes,,1928-1932,100.0,iia_1938_39,yes,no,
iia,nicaragua,nic,cotton lint,tonnes,,1928-1932,100.0,iia_1938_39,yes,no,
iia,niger,ner,cotton lint,tonnes,,1928-1932,2500.0,iia_1938_39,yes,no,
iia,nigeria,nga,cotton lint,tonnes,,1928-1932,4500.0,iia_1938_39,yes,no,
iia,paraguay,pry,cotton lint,ha,,1928-1932,12000.0,iia_1938_39,yes,no,
iia,paraguay,pry,cotton lint,tonnes,,1928-1932,3400.0,iia_1938_39,yes,no,
iia,peru,per,cotton lint,ha,,1928-1932,125000.0,iia_1938_39,yes,no,
iia,peru,per,cotton lint,tonnes,,1928-1932,55200.0,iia_1938_39,yes,no,
iia,philippines,phl,cotton lint,ha,,1928-1932,1000.0,iia_1938_39,yes,no,
iia,philippines,phl,cotton lint,tonnes,,1928-1932,100.0,iia_1938_39,yes,no,
iia,romania,rou,cotton lint,ha,,1928-1932,0.0,iia_1938_39,yes,no,
iia,romania,rou,cotton lint,tonnes,,1928-1932,0.0,iia_1938_39,yes,no,
iia,russian federation,rus,cotton lint,ha,,1928-1932,1584000.0,iia_1938_39,yes,no,
iia,russian federation,rus,cotton lint,tonnes,,1928-1932,334100.0,iia_1938_39,yes,no,
iia,saint kitts and nevis,kna,cotton lint,ha,,1928-1932,1000.0,iia_1938_39,yes,no,
iia,saint kitts and nevis,kna,cotton lint,tonnes,,1928-1932,100.0,iia_1938_39,yes,no,
iia,saint vincent and the grenadines,vct,cotton lint,ha,,1928-1932,1000.0,iia_1938_39,yes,no,
iia,saint vincent and the grenadines,vct,cotton lint,tonnes,,1928-1932,100.0,iia_1938_39,yes,no,
iia,serbia,srb,cotton lint,ha,,1928-1932,1000.0,iia_1938_39,yes,no,
iia,serbia,srb,cotton lint,tonnes,,1928-1932,100.0,iia_1938_39,yes,no,
iia,somalia,som,cotton lint,ha,,1928-1932,7000.0,iia_1938_39,yes,no,
iia,somalia,som,cotton lint,tonnes,,1928-1932,1100.0,iia_1938_39,yes,no,
iia,south africa,zaf,cotton lint,ha,,1928-1932,14000.0,iia_1938_39,yes,no,
iia,south africa,zaf,cotton lint,tonnes,,1928-1932,1600.0,iia_1938_39,yes,no,
iia,south korea,kor,cotton lint,ha,,1928-1932,186000.0,iia_1938_39,yes,no,
iia,south korea,kor,cotton lint,tonnes,,1928-1932,28900.0,iia_1938_39,yes,no,
iia,spain,esp,cotton lint,ha,,1928-1932,10000.0,iia_1938_39,yes,no,
iia,spain,esp,cotton lint,tonnes,,1928-1932,1000.0,iia_1938_39,yes,no,
iia,sri lanka,lka,cotton lint,ha,,1928-1932,1000.0,iia_1938_39,yes,no,
iia,sri lanka,lka,cotton lint,tonnes,,1928-1932,0.0,iia_1938_39,yes,no,
iia,syrian arab republic,syr,cotton lint,ha,,1928-1932,19000.0,iia_1938_39,yes,no,
iia,syrian arab republic,syr,cotton lint,tonnes,,1928-1932,2300.0,iia_1938_39,yes,no,
iia,tanzania,tza,cotton lint,tonnes,,1928-1932,4100.0,iia_1938_39,yes,no,
iia,thailand,tha,cotton lint,ha,,1928-1932,3000.0,iia_1938_39,yes,no,
iia,thailand,tha,cotton lint,tonnes,,1928-1932,600.0,iia_1938_39,yes,no,
iia,turkey,tur,cotton lint,ha,,1928-1932,155000.0,iia_1938_39,yes,no,
iia,turkey,tur,cotton lint,tonnes,,1928-1932,20500.0,iia_1938_39,yes,no,
iia,united states of america,usa,cotton lint,ha,,1928-1932,16412000.0,iia_1938_39,yes,no,
iia,united states of america,usa,cotton lint,tonnes,,1928-1932,3180500.0,iia_1938_39,yes,no,
iia,vanuatu,vut,cotton lint,tonnes,,1928-1932,300.0,iia_1938_39,yes,no,
iia,venezuela,ven,cotton lint,tonnes,,1928-1932,7900.0,iia_1938_39,yes,no,
iia,viet nam,vnm,cotton lint,ha,,1928-1932,1000.0,iia_1938_39,yes,no,
iia,viet nam,vnm,cotton lint,tonnes,,1928-1932,100.0,iia_1938_39,yes,no,
iia,zambia,zmb,cotton lint,ha,,1928-1932,0.0,iia_1938_39,yes,no,
iia,zambia,zmb,cotton lint,tonnes,,1928-1932,0.0,iia_1938_39,yes,no,
iia,zimbabwe,zwe,cotton lint,ha,,1928-1932,2000.0,iia_1938_39,yes,no,
iia,zimbabwe,zwe,cotton lint,tonnes,,1928-1932,200.0,iia_1938_39,yes,no,
iia,algeria,dza,cotton seed,ha,,1928-1932,3000.0,iia_1938_39,yes,no,
iia,algeria,dza,cotton seed,tonnes,,1928-1932,1800.0,iia_1938_39,yes,no,
iia,angola,ago,cotton seed,ha,,1928-1932,4000.0,iia_1938_39,yes,no,
iia,angola,ago,cotton seed,tonnes,,1928-1932,1300.0,iia_1938_39,yes,no,
iia,antigua and barbuda,atg,cotton seed,ha,,1928-1932,0.0,iia_1938_39,yes,no,
iia,antigua and barbuda,atg,cotton seed,tonnes,,1928-1932,100.0,iia_1938_39,yes,no,
iia,argentina,arg,cotton seed,ha,,1928-1932,125000.0,iia_1938_39,yes,no,
iia,argentina,arg,cotton seed,tonnes,,1928-1932,76200.0,iia_1938_39,yes,no,
iia,australia,aus,cotton seed,ha,,1928-1932,13000.0,iia_1938_39,yes,no,
iia,australia,aus,cotton seed,tonnes,,1928-1932,3700.0,iia_1938_39,yes,no,
iia,barbados,brb,cotton seed,ha,,1928-1932,0.0,iia_1938_39,yes,no,
iia,barbados,brb,cotton seed,tonnes,,1928-1932,100.0,iia_1938_39,yes,no,
iia,bolivia,bol,cotton seed,ha,,1928-1932,3000.0,iia_1938_39,yes,no,
iia,bolivia,bol,cotton seed,tonnes,,1928-1932,1200.0,iia_1938_39,yes,no,
iia,brazil,bra,cotton seed,ha,,1928-1932,689000.0,iia_1938_39,yes,no,
iia,brazil,bra,cotton seed,tonnes,,1928-1932,254700.0,iia_1938_39,yes,no,
iia,bulgaria,bgr,cotton seed,ha,,1928-1932,6000.0,iia_1938_39,yes,no,
iia,bulgaria,bgr,cotton seed,tonnes,,1928-1932,2300.0,iia_1938_39,yes,no,
iia,burundi,bdi,cotton seed,ha,,1928-1932,1000.0,iia_1938_39,yes,no,
iia,burundi,bdi,cotton seed,tonnes,,1928-1932,400.0,iia_1938_39,yes,no,
iia,cameroon,cmr,cotton seed,ha,,1928-1932,1000.0,iia_1938_39,yes,no,
iia,cameroon,cmr,cotton seed,tonnes,,1928-1932,100.0,iia_1938_39,yes,no,
iia,"china, mainland",chn,cotton seed,ha,,1928-1932,2114000.0,iia_1938_39,yes,no,
iia,"china, mainland",chn,cotton seed,tonnes,,1928-1932,1105300.0,iia_1938_39,yes,no,
iia,colombia,col,cotton seed,ha,,1928-1932,14000.0,iia_1938_39,yes,no,
iia,colombia,col,cotton seed,tonnes,,1928-1932,5200.0,iia_1938_39,yes,no,
iia,congo,cog,cotton seed,ha,,1928-1932,26000.0,iia_1938_39,yes,no,
iia,congo,cog,cotton seed,tonnes,,1928-1932,1900.0,iia_1938_39,yes,no,
iia,cyprus,cyp,cotton seed,ha,,1928-1932,5000.0,iia_1938_39,yes,no,
iia,cyprus,cyp,cotton seed,tonnes,,1928-1932,1200.0,iia_1938_39,yes,no,
iia,dominican republic,dom,cotton seed,tonnes,,1928-1932,0.0,iia_1938_39,yes,no,
iia,dr congo,cod,cotton seed,ha,,1928-1932,142000.0,iia_1938_39,yes,no,
iia,dr congo,cod,cotton seed,tonnes,,1928-1932,22400.0,iia_1938_39,yes,no,
iia,egypt,egy,cotton seed,ha,,1928-1932,856000.0,iia_1938_39,yes,no,
iia,egypt,egy,cotton seed,tonnes,,1928-1932,733800.0,iia_1938_39,yes,no,
iia,el salvador,slv,cotton seed,tonnes,,1928-1932,100.0,iia_1938_39,yes,no,
iia,eritrea,eri,cotton seed,ha,,1928-1932,3000.0,iia_1938_39,yes,no,
iia,eritrea,eri,cotton seed,tonnes,,1928-1932,500.0,iia_1938_39,yes,no,
iia,fiji,fji,cotton seed,ha,,1928-1932,0.0,iia_1938_39,yes,no,
iia,fiji,fji,cotton seed,tonnes,,1928-1932,100.0,iia_1938_39,yes,no,
iia,greece,grc,cotton seed,ha,,1928-1932,19000.0,iia_1938_39,yes,no,
iia,greece,grc,cotton seed,tonnes,,1928-1932,8300.0,iia_1938_39,yes,no,
iia,grenada,grd,cotton seed,ha,,1928-1932,2000.0,iia_1938_39,yes,no,
iia,grenada,grd,cotton seed,tonnes,,1928-1932,400.0,iia_1938_39,yes,no,
iia,guadeloupe,rlam,cotton seed,ha,,1928-1932,1000.0,iia_1938_39,yes,no,
iia,guadeloupe,rlam,cotton seed,tonnes,,1928-1932,200.0,iia_1938_39,yes,no,
iia,guatemala,gtm,cotton seed,ha,,1928-1932,0.0,iia_1938_39,yes,no,
iia,guatemala,gtm,cotton seed,tonnes,,1928-1932,100.0,iia_1938_39,yes,no,
iia,haiti,hti,cotton seed,ha,,1928-1932,85000.0,iia_1938_39,yes,no,
iia,haiti,hti,cotton seed,tonnes,,1928-1932,12200.0,iia_1938_39,yes,no,
iia,india,ind,cotton seed,ha,,1928-1932,7000.0,iia_1938_39,yes,no,
iia,india,ind,cotton seed,tonnes,,1928-1932,2700.0,iia_1938_39,yes,no,
iia,indonesia,idn,cotton seed,ha,,1928-1932,9000.0,iia_1938_39,yes,no,
iia,indonesia,idn,cotton seed,tonnes,,1928-1932,2100.0,iia_1938_39,yes,no,
iia,iran,irn,cotton seed,ha,,1928-1932,57000.0,iia_1938_39,yes,no,
iia,iran,irn,cotton seed,tonnes,,1928-1932,44700.0,iia_1938_39,yes,no,
iia,iraq,irq,cotton seed,tonnes,,1928-1932,1200.0,iia_1938_39,yes,no,
iia,italy,ita,cotton seed,ha,,1928-1932,3000.0,iia_1938_39,yes,no,
iia,italy,ita,cotton seed,tonnes,,1928-1932,1000.0,iia_1938_39,yes,no,
iia,japan,jpn,cotton seed,ha,,1928-1932,1000.0,iia_1938_39,yes,no,
iia,japan,jpn,cotton seed,tonnes,,1928-1932,500.0,iia_1938_39,yes,no,
iia,kenya,ken,cotton seed,tonnes,,1928-1932,800.0,iia_1938_39,yes,no,
iia,madagascar,mdg,cotton seed,ha,,1928-1932,0.0,iia_1938_39,yes,no,
iia,madagascar,mdg,cotton seed,tonnes,,1928-1932,100.0,iia_1938_39,yes,no,
iia,malawi,mwi,cotton seed,ha,,1928-1932,0.0,iia_1938_39,yes,no,
iia,malawi,mwi,cotton seed,tonnes,,1928-1932,100.0,iia_1938_39,yes,no,
iia,malta,mlt,cotton seed,ha,,1928-1932,0.0,iia_1938_39,yes,no,
iia,malta,mlt,cotton seed,tonnes,,1928-1932,100.0,iia_1938_39,yes,no,
iia,mexico,mex,cotton seed,ha,,1928-1932,153000.0,iia_1938_39,yes,no,
iia,mexico,mex,cotton seed,tonnes,,1928-1932,90100.0,iia_1938_39,yes,no,
iia,montserrat,rlam,cotton seed,ha,,1928-1932,1000.0,iia_1938_39,yes,no,
iia,montserrat,rlam,cotton seed,tonnes,,1928-1932,600.0,iia_1938_39,yes,no,
iia,morocco,mar,cotton seed,ha,,1928-1932,0.0,iia_1938_39,yes,no,
iia,morocco,mar,cotton seed,tonnes,,1928-1932,200.0,iia_1938_39,yes,no,
iia,mozambique,moz,cotton seed,ha,,1928-1932,15000.0,iia_1938_39,yes,no,
iia,mozambique,moz,cotton seed,tonnes,,1928-1932,4100.0,iia_1938_39,yes,no,
iia,myanmar,mmr,cotton seed,ha,,1928-1932,128000.0,iia_1938_39,yes,no,
iia,myanmar,mmr,cotton seed,tonnes,,1928-1932,26000.0,iia_1938_39,yes,no,
iia,new caledonia,roce,cotton seed,ha,,1928-1932,0.0,iia_1938_39,yes,no,
iia,new caledonia,roce,cotton seed,tonnes,,1928-1932,300.0,iia_1938_39,yes,no,
iia,nicaragua,nic,cotton seed,tonnes,,1928-1932,100.0,iia_1938_39,yes,no,
iia,niger,ner,cotton seed,tonnes,,1928-1932,7000.0,iia_1938_39,yes,no,
iia,nigeria,nga,cotton seed,tonnes,,1928-1932,10500.0,iia_1938_39,yes,no,
iia,paraguay,pry,cotton seed,ha,,1928-1932,12000.0,iia_1938_39,yes,no,
iia,paraguay,pry,cotton seed,tonnes,,1928-1932,8100.0,iia_1938_39,yes,no,
iia,peru,per,cotton seed,ha,,1928-1932,125000.0,iia_1938_39,yes,no,
iia,peru,per,cotton seed,tonnes,,1928-1932,92400.0,iia_1938_39,yes,no,
iia,philippines,phl,cotton seed,ha,,1928-1932,1000.0,iia_1938_39,yes,no,
iia,philippines,phl,cotton seed,tonnes,,1928-1932,300.0,iia_1938_39,yes,no,
iia,romania,rou,cotton seed,ha,,1928-1932,0.0,iia_1938_39,yes,no,
iia,romania,rou,cotton seed,tonnes,,1928-1932,0.0,iia_1938_39,yes,no,
iia,russian federation,rus,cotton seed,ha,,1928-1932,1584000.0,iia_1938_39,yes,no,
iia,russian federation,rus,cotton seed,tonnes,,1928-1932,707500.0,iia_1938_39,yes,no,
iia,saint kitts and nevis,kna,cotton seed,ha,,1928-1932,1000.0,iia_1938_39,yes,no,
iia,saint kitts and nevis,kna,cotton seed,tonnes,,1928-1932,400.0,iia_1938_39,yes,no,
iia,saint vincent and the grenadines,vct,cotton seed,ha,,1928-1932,1000.0,iia_1938_39,yes,no,
iia,saint vincent and the grenadines,vct,cotton seed,tonnes,,1928-1932,400.0,iia_1938_39,yes,no,
iia,serbia,srb,cotton seed,ha,,1928-1932,1000.0,iia_1938_39,yes,no,
iia,serbia,srb,cotton seed,tonnes,,1928-1932,200.0,iia_1938_39,yes,no,
iia,south africa,zaf,cotton seed,ha,,1928-1932,14000.0,iia_1938_39,yes,no,
iia,south africa,zaf,cotton seed,tonnes,,1928-1932,3500.0,iia_1938_39,yes,no,
iia,south korea,kor,cotton seed,ha,,1928-1932,186000.0,iia_1938_39,yes,no,
iia,south korea,kor,cotton seed,tonnes,,1928-1932,59900.0,iia_1938_39,yes,no,
iia,spain,esp,cotton seed,ha,,1928-1932,10000.0,iia_1938_39,yes,no,
iia,spain,esp,cotton seed,tonnes,,1928-1932,2000.0,iia_1938_39,yes,no,
iia,syrian arab republic,syr,cotton seed,ha,,1928-1932,19000.0,iia_1938_39,yes,no,
iia,syrian arab republic,syr,cotton seed,tonnes,,1928-1932,4900.0,iia_1938_39,yes,no,
iia,tanzania,tza,cotton seed,tonnes,,1928-1932,9600.0,iia_1938_39,yes,no,
iia,thailand,tha,cotton seed,ha,,1928-1932,3000.0,iia_1938_39,yes,no,
iia,thailand,tha,cotton seed,tonnes,,1928-1932,1500.0,iia_1938_39,yes,no,
iia,turkey,tur,cotton seed,ha,,1928-1932,155000.0,iia_1938_39,yes,no,
iia,turkey,tur,cotton seed,tonnes,,1928-1932,47700.0,iia_1938_39,yes,no,
iia,united states of america,usa,cotton seed,ha,,1928-1932,16412000.0,iia_1938_39,yes,no,
iia,united states of america,usa,cotton seed,tonnes,,1928-1932,5916300.0,iia_1938_39,yes,no,
iia,vanuatu,vut,cotton seed,tonnes,,1928-1932,700.0,iia_1938_39,yes,no,
iia,venezuela,ven,cotton seed,tonnes,,1928-1932,18000.0,iia_1938_39,yes,no,
iia,viet nam,vnm,cotton seed,ha,,1928-1932,1000.0,iia_1938_39,yes,no,
iia,viet nam,vnm,cotton seed,tonnes,,1928-1932,400.0,iia_1938_39,yes,no,
iia,zambia,zmb,cotton seed,ha,,1928-1932,0.0,iia_1938_39,yes,no,
iia,zambia,zmb,cotton seed,tonnes,,1928-1932,0.0,iia_1938_39,yes,no,
iia,zimbabwe,zwe,cotton seed,ha,,1928-1932,2000.0,iia_1938_39,yes,no,
iia,zimbabwe,zwe,cotton seed,tonnes,,1928-1932,400.0,iia_1938_39,yes,no,
iia,algeria,dza,flax fibre and tow,ha,,1928-1932,0.0,iia_1938_39,yes,no,
iia,algeria,dza,flax fibre and tow,tonnes,,1928-1932,100.0,iia_1938_39,yes,no,
iia,argentina,arg,flax fibre and tow,ha,,1928-1932,2688000.0,iia_1938_39,yes,no,
iia,argentina,arg,flax fibre and tow,tonnes,,1928-1932,1817700.0,iia_1938_39,yes,no,
iia,australia,aus,flax fibre and tow,tonnes,,1928-1932,500.0,iia_1938_39,yes,no,
iia,austria,aut,flax fibre and tow,ha,,1928-1932,2000.0,iia_1938_39,yes,no,
iia,austria,aut,flax fibre and tow,tonnes,,1928-1932,900.0,iia_1938_39,yes,no,
iia,belgium,bel,flax fibre and tow,ha,,1928-1932,19000.0,iia_1938_39,yes,no,
iia,belgium,bel,flax fibre and tow,tonnes,,1928-1932,10400.0,iia_1938_39,yes,no,
iia,bolivia,bol,flax fibre and tow,ha,,1928-1932,1000.0,iia_1938_39,yes,no,
iia,bulgaria,bgr,flax fibre and tow,ha,,1928-1932,0.0,iia_1938_39,yes,no,
iia,bulgaria,bgr,flax fibre and tow,tonnes,,1928-1932,200.0,iia_1938_39,yes,no,
iia,canada,can,flax fibre and tow,ha,,1928-1932,198000.0,iia_1938_39,yes,no,
iia,canada,can,flax fibre and tow,tonnes,,1928-1932,80900.0,iia_1938_39,yes,no,
iia,cyprus,cyp,flax fibre and tow,ha,,1928-1932,1000.0,iia_1938_39,yes,no,
iia,cyprus,cyp,flax fibre and tow,tonnes,,1928-1932,400.0,iia_1938_39,yes,no,
iia,czech republic,cze,flax fibre and tow,ha,,1928-1932,13000.0,iia_1938_39,yes,no,
iia,czech republic,cze,flax fibre and tow,tonnes,,1928-1932,5100.0,iia_1938_39,yes,no,
iia,egypt,egy,flax fibre and tow,ha,,1928-1932,1000.0,iia_1938_39,yes,no,
iia,egypt,egy,flax fibre and tow,tonnes,,1928-1932,900.0,iia_1938_39,yes,no,
iia,eritrea,eri,flax fibre and tow,ha,,1928-1932,1000.0,iia_1938_39,yes,no,
iia,eritrea,eri,flax fibre and tow,tonnes,,1928-1932,1100.0,iia_1938_39,yes,no,
iia,estonia,est,flax fibre and tow,ha,,1928-1932,26000.0,iia_1938_39,yes,no,
iia,estonia,est,flax fibre and tow,tonnes,,1928-1932,7900.0,iia_1938_39,yes,no,
iia,finland,fin,flax fibre and tow,ha,,1928-1932,4000.0,iia_1938_39,yes,no,
iia,finland,fin,flax fibre and tow,tonnes,,1928-1932,1200.0,iia_1938_39,yes,no,
iia,france,fra,flax fibre and tow,ha,,1928-1932,26000.0,iia_1938_39,yes,no,
iia,france,fra,flax fibre and tow,tonnes,,1928-1932,15500.0,iia_1938_39,yes,no,
iia,germany,deu,flax fibre and tow,ha,,1928-1932,10000.0,iia_1938_39,yes,no,
iia,hungary,hun,flax fibre and tow,ha,,1928-1932,9000.0,iia_1938_39,yes,no,
iia,hungary,hun,flax fibre and tow,tonnes,,1928-1932,4100.0,iia_1938_39,yes,no,
iia,ireland,irl,flax fibre and tow,ha,,1928-1932,2000.0,iia_1938_39,yes,no,
iia,ireland,irl,flax fibre and tow,tonnes,,1928-1932,700.0,iia_1938_39,yes,no,
iia,italy,ita,flax fibre and tow,ha,,1928-1932,10000.0,iia_1938_39,yes,no,
iia,italy,ita,flax fibre and tow,tonnes,,1928-1932,5600.0,iia_1938_39,yes,no,
iia,japan,jpn,flax fibre and tow,ha,,1928-1932,9000.0,iia_1938_39,yes,no,
iia,japan,jpn,flax fibre and tow,tonnes,,1928-1932,2800.0,iia_1938_39,yes,no,
iia,kenya,ken,flax fibre and tow,ha,,1928-1932,0.0,iia_1938_39,yes,no,
iia,kenya,ken,flax fibre and tow,tonnes,,1928-1932,0.0,iia_1938_39,yes,no,
iia,latvia,lva,flax fibre and tow,ha,,1928-1932,50000.0,iia_1938_39,yes,no,
iia,latvia,lva,flax fibre and tow,tonnes,,1928-1932,14700.0,iia_1938_39,yes,no,
iia,lithuania,ltu,flax fibre and tow,ha,,1928-1932,72000.0,iia_1938_39,yes,no,
iia,lithuania,ltu,flax fibre and tow,tonnes,,1928-1932,29900.0,iia_1938_39,yes,no,
iia,mexico,mex,flax fibre and tow,ha,,1928-1932,3000.0,iia_1938_39,yes,no,
iia,mexico,mex,flax fibre and tow,tonnes,,1928-1932,1700.0,iia_1938_39,yes,no,
iia,morocco,mar,flax fibre and tow,ha,,1928-1932,23000.0,iia_1938_39,yes,no,
iia,morocco,mar,flax fibre and tow,tonnes,,1928-1932,12900.0,iia_1938_39,yes,no,
iia,netherlands,nld,flax fibre and tow,ha,,1928-1932,12000.0,iia_1938_39,yes,no,
iia,netherlands,nld,flax fibre and tow,tonnes,,1928-1932,8700.0,iia_1938_39,yes,no,
iia,new zealand,nzl,flax fibre and tow,tonnes,,1928-1932,2000.0,iia_1938_39,yes,no,
iia,poland,pol,flax fibre and tow,ha,,1928-1932,110000.0,iia_1938_39,yes,no,
iia,poland,pol,flax fibre and tow,tonnes,,1928-1932,58400.0,iia_1938_39,yes,no,
iia,romania,rou,flax fibre and tow,ha,,1928-1932,21000.0,iia_1938_39,yes,no,
iia,romania,rou,flax fibre and tow,tonnes,,1928-1932,9200.0,iia_1938_39,yes,no,
iia,russian federation,rus,flax fibre and tow,ha,,1928-1932,2466000.0,iia_1938_39,yes,no,
iia,russian federation,rus,flax fibre and tow,tonnes,,1928-1932,733700.0,iia_1938_39,yes,no,
iia,serbia,srb,flax fibre and tow,ha,,1928-1932,12000.0,iia_1938_39,yes,no,
iia,serbia,srb,flax fibre and tow,tonnes,,1928-1932,1100.0,iia_1938_39,yes,no,
iia,spain,esp,flax fibre and tow,ha,,1928-1932,1000.0,iia_1938_39,yes,no,
iia,spain,esp,flax fibre and tow,tonnes,,1928-1932,300.0,iia_1938_39,yes,no,
iia,sweden,swe,flax fibre and tow,ha,,1928-1932,0.0,iia_1938_39,yes,no,
iia,sweden,swe,flax fibre and tow,tonnes,,1928-1932,0.0,iia_1938_39,yes,no,
iia,tunisia,tun,flax fibre and tow,ha,,1928-1932,3000.0,iia_1938_39,yes,no,
iia,tunisia,tun,flax fibre and tow,tonnes,,1928-1932,1200.0,iia_1938_39,yes,no,
iia,turkey,tur,flax fibre and tow,ha,,1928-1932,12000.0,iia_1938_39,yes,no,
iia,turkey,tur,flax fibre and tow,tonnes,,1928-1932,4500.0,iia_1938_39,yes,no,
iia,united kingdom,gbr,flax fibre and tow,ha,,1928-1932,1000.0,iia_1938_39,yes,no,
iia,united kingdom,gbr,flax fibre and tow,tonnes,,1928-1932,1600.0,iia_1938_39,yes,no,
iia,united states of america,usa,flax fibre and tow,ha,,1928-1932,1122000.0,iia_1938_39,yes,no,
iia,united states of america,usa,flax fibre and tow,tonnes,,1928-1932,406300.0,iia_1938_39,yes,no,
iia,uruguay,ury,flax fibre and tow,ha,,1928-1932,144000.0,iia_1938_39,yes,no,
iia,uruguay,ury,flax fibre and tow,tonnes,,1928-1932,84500.0,iia_1938_39,yes,no,
iia,belize,blz,grapefruit (inc. pomelos),ha,,1928-1932,0.0,iia_1938_39,yes,no,
iia,belize,blz,grapefruit (inc. pomelos),tonnes,,1928-1932,100.0,iia_1938_39,yes,no,
iia,dominica,dma,grapefruit (inc. pomelos),ha,,1928-1932,0.0,iia_1938_39,yes,no,
iia,dominica,dma,grapefruit (inc. pomelos),tonnes,,1928-1932,0.0,iia_1938_39,yes,no,
iia,israel,isr,grapefruit (inc. pomelos),tonnes,,1928-1932,2700.0,iia_1938_39,yes,no,
iia,jamaica,jam,grapefruit (inc. pomelos),tonnes,,1928-1932,6000.0,iia_1938_39,yes,no,
iia,mexico,mex,grapefruit (inc. pomelos),tonnes,,1928-1932,600.0,iia_1938_39,yes,no,
iia,philippines,phl,grapefruit (inc. pomelos),ha,,1928-1932,2000.0,iia_1938_39,yes,no,
iia,philippines,phl,grapefruit (inc. pomelos),tonnes,,1928-1932,7600.0,iia_1938_39,yes,no,
iia,saint vincent and the grenadines,vct,grapefruit (inc. pomelos),tonnes,,1928-1932,0.0,iia_1938_39,yes,no,
iia,south africa,zaf,grapefruit (inc. pomelos),ha,,1928-1932,1000.0,iia_1938_39,yes,no,
iia,south africa,zaf,grapefruit (inc. pomelos),tonnes,,1928-1932,2300.0,iia_1938_39,yes,no,
iia,trinidad and tobago,tto,grapefruit (inc. pomelos),ha,,1928-1932,1000.0,iia_1938_39,yes,no,
iia,trinidad and tobago,tto,grapefruit (inc. pomelos),tonnes,,1928-1932,100.0,iia_1938_39,yes,no,
iia,united states of america,usa,grapefruit (inc. pomelos),ha,,1928-1932,13000.0,iia_1938_39,yes,no,
iia,united states of america,usa,grapefruit (inc. pomelos),tonnes,,1928-1932,519800.0,iia_1938_39,yes,no,
iia,algeria,dza,grapes,ha,,1928-1932,345000.0,iia_1938_39,yes,no,
iia,argentina,arg,grapes,ha,,1928-1932,147000.0,iia_1938_39,yes,no,
iia,argentina,arg,grapes,tonnes,,1928-1932,205000.0,iia_1938_39,yes,no,
iia,australia,aus,grapes,ha,,1928-1932,46000.0,iia_1938_39,yes,no,
iia,australia,aus,grapes,tonnes,,1928-1932,13900.0,iia_1938_39,yes,no,
iia,austria,aut,grapes,ha,,1928-1932,34000.0,iia_1938_39,yes,no,
iia,austria,aut,grapes,tonnes,,1928-1932,600.0,iia_1938_39,yes,no,
iia,belgium,bel,grapes,ha,,1928-1932,0.0,iia_1938_39,yes,no,
iia,belgium,bel,grapes,tonnes,,1928-1932,7500.0,iia_1938_39,yes,no,
iia,brazil,bra,grapes,ha,,1928-1932,37000.0,iia_1938_39,yes,no,
iia,brazil,bra,grapes,tonnes,,1928-1932,214700.0,iia_1938_39,yes,no,
iia,bulgaria,bgr,grapes,ha,,1928-1932,87000.0,iia_1938_39,yes,no,
iia,bulgaria,bgr,grapes,tonnes,,1928-1932,111000.0,iia_1938_39,yes,no,
iia,canada,can,grapes,tonnes,,1928-1932,23900.0,iia_1938_39,yes,no,
iia,chile,chl,grapes,ha,,1928-1932,85000.0,iia_1938_39,yes,no,
iia,cyprus,cyp,grapes,ha,,1928-1932,43000.0,iia_1938_39,yes,no,
iia,cyprus,cyp,grapes,tonnes,,1928-1932,17300.0,iia_1938_39,yes,no,
iia,czech republic,cze,grapes,ha,,1928-1932,18000.0,iia_1938_39,yes,no,
iia,czech republic,cze,grapes,tonnes,,1928-1932,6700.0,iia_1938_39,yes,no,
iia,egypt,egy,grapes,ha,,1928-1932,2000.0,iia_1938_39,yes,no,
iia,egypt,egy,grapes,tonnes,,1928-1932,21000.0,iia_1938_39,yes,no,
iia,france,fra,grapes,ha,,1928-1932,1623000.0,iia_1938_39,yes,no,
iia,france,fra,grapes,tonnes,,1928-1932,114200.0,iia_1938_39,yes,no,
iia,germany,deu,grapes,ha,,1928-1932,82000.0,iia_1938_39,yes,no,
iia,greece,grc,grapes,ha,,1928-1932,229000.0,iia_1938_39,yes,no,
iia,greece,grc,grapes,tonnes,,1928-1932,3600.0,iia_1938_39,yes,no,
iia,hungary,hun,grapes,ha,,1928-1932,215000.0,iia_1938_39,yes,no,
iia,hungary,hun,grapes,tonnes,,1928-1932,28400.0,iia_1938_39,yes,no,
iia,iran,irn,grapes,tonnes,,1928-1932,270000.0,iia_1938_39,yes,no,
iia,israel,isr,grapes,tonnes,,1928-1932,7000.0,iia_1938_39,yes,no,
iia,italy,ita,grapes,ha,,1928-1932,936000.0,iia_1938_39,yes,no,
iia,italy,ita,grapes,tonnes,,1928-1932,3457600.0,iia_1938_39,yes,no,
iia,japan,jpn,grapes,tonnes,,1928-1932,53100.0,iia_1938_39,yes,no,
iia,libya,lby,grapes,ha,,1928-1932,4000.0,iia_1938_39,yes,no,
iia,libya,lby,grapes,tonnes,,1928-1932,800.0,iia_1938_39,yes,no,
iia,madagascar,mdg,grapes,ha,,1928-1932,0.0,iia_1938_39,yes,no,
iia,madagascar,mdg,grapes,tonnes,,1928-1932,600.0,iia_1938_39,yes,no,
iia,malta,mlt,grapes,ha,,1928-1932,1000.0,iia_1938_39,yes,no,
iia,malta,mlt,grapes,tonnes,,1928-1932,6400.0,iia_1938_39,yes,no,
iia,mexico,mex,grapes,ha,,1928-1932,4000.0,iia_1938_39,yes,no,
iia,mexico,mex,grapes,tonnes,,1928-1932,8900.0,iia_1938_39,yes,no,
iia,morocco,mar,grapes,ha,,1928-1932,11000.0,iia_1938_39,yes,no,
iia,morocco,mar,grapes,tonnes,,1928-1932,30300.0,iia_1938_39,yes,no,
iia,netherlands,nld,grapes,ha,,1928-1932,0.0,iia_1938_39,yes,no,
iia,netherlands,nld,grapes,tonnes,,1928-1932,12800.0,iia_1938_39,yes,no,
iia,new zealand,nzl,grapes,ha,,1928-1932,0.0,iia_1938_39,yes,no,
iia,peru,per,grapes,ha,,1928-1932,7000.0,iia_1938_39,yes,no,
iia,peru,per,grapes,tonnes,,1928-1932,32800.0,iia_1938_39,yes,no,
iia,portugal,prt,grapes,ha,,1928-1932,35000.0,iia_1938_39,yes,no,
iia,portugal,prt,grapes,tonnes,,1928-1932,1086800.0,iia_1938_39,yes,no,
iia,romania,rou,grapes,ha,,1928-1932,300000.0,iia_1938_39,yes,no,
iia,romania,rou,grapes,tonnes,,1928-1932,1225000.0,iia_1938_39,yes,no,
iia,russian federation,rus,grapes,ha,,1928-1932,239000.0,iia_1938_39,yes,no,
iia,russian federation,rus,grapes,tonnes,,1928-1932,971500.0,iia_1938_39,yes,no,
iia,serbia,srb,grapes,ha,,1928-1932,186000.0,iia_1938_39,yes,no,
iia,south africa,zaf,grapes,ha,,1928-1932,30000.0,iia_1938_39,yes,no,
iia,south africa,zaf,grapes,tonnes,,1928-1932,3600.0,iia_1938_39,yes,no,
iia,south korea,kor,grapes,tonnes,,1928-1932,1000.0,iia_1938_39,yes,no,
iia,spain,esp,grapes,ha,,1928-1932,1522000.0,iia_1938_39,yes,no,
iia,spain,esp,grapes,tonnes,,1928-1932,3490700.0,iia_1938_39,yes,no,
iia,switzerland,che,grapes,ha,,1928-1932,13000.0,iia_1938_39,yes,no,
iia,syrian arab republic,syr,grapes,ha,,1928-1932,42000.0,iia_1938_39,yes,no,
iia,syrian arab republic,syr,grapes,tonnes,,1928-1932,134000.0,iia_1938_39,yes,no,
iia,tunisia,tun,grapes,ha,,1928-1932,43000.0,iia_1938_39,yes,no,
iia,tunisia,tun,grapes,tonnes,,1928-1932,6000.0,iia_1938_39,yes,no,
iia,turkey,tur,grapes,ha,,1928-1932,326000.0,iia_1938_39,yes,no,
iia,turkey,tur,grapes,tonnes,,1928-1932,314600.0,iia_1938_39,yes,no,
iia,united states of america,usa,grapes,ha,,1928-1932,347000.0,iia_1938_39,yes,no,
iia,united states of america,usa,grapes,tonnes,,1928-1932,312700.0,iia_1938_39,yes,no,
iia,uruguay,ury,grapes,ha,,1928-1932,15000.0,iia_1938_39,yes,no,
iia,uruguay,ury,grapes,tonnes,,1928-1932,66400.0,iia_1938_39,yes,no,
iia,angola,ago,"groundnuts, with shell",ha,,1928-1932,14000.0,iia_1938_39,yes,no,
iia,angola,ago,"groundnuts, with shell",tonnes,,1928-1932,9800.0,iia_1938_39,yes,no,
iia,argentina,arg,"groundnuts, with shell",ha,,1928-1932,55000.0,iia_1938_39,yes,no,
iia,argentina,arg,"groundnuts, with shell",tonnes,,1928-1932,63300.0,iia_1938_39,yes,no,
iia,australia,aus,"groundnuts, with shell",ha,,1928-1932,2000.0,iia_1938_39,yes,no,
iia,australia,aus,"groundnuts, with shell",tonnes,,1928-1932,2600.0,iia_1938_39,yes,no,
iia,benin,ben,"groundnuts, with shell",ha,,1928-1932,3000.0,iia_1938_39,yes,no,
iia,benin,ben,"groundnuts, with shell",tonnes,,1928-1932,500.0,iia_1938_39,yes,no,
iia,bulgaria,bgr,"groundnuts, with shell",ha,,1928-1932,0.0,iia_1938_39,yes,no,
iia,bulgaria,bgr,"groundnuts, with shell",tonnes,,1928-1932,0.0,iia_1938_39,yes,no,
iia,burkina faso,bfa,"groundnuts, with shell",ha,,1928-1932,86000.0,iia_1938_39,yes,no,
iia,burkina faso,bfa,"groundnuts, with shell",tonnes,,1928-1932,40300.0,iia_1938_39,yes,no,
iia,burundi,bdi,"groundnuts, with shell",ha,,1928-1932,3000.0,iia_1938_39,yes,no,
iia,burundi,bdi,"groundnuts, with shell",tonnes,,1928-1932,2500.0,iia_1938_39,yes,no,
iia,cameroon,cmr,"groundnuts, with shell",ha,,1928-1932,58000.0,iia_1938_39,yes,no,
iia,cameroon,cmr,"groundnuts, with shell",tonnes,,1928-1932,20800.0,iia_1938_39,yes,no,
iia,"china, mainland",chn,"groundnuts, with shell",ha,,1928-1932,34000.0,iia_1938_39,yes,no,
iia,"china, mainland",chn,"groundnuts, with shell",tonnes,,1928-1932,65200.0,iia_1938_39,yes,no,
iia,"china, taiwan province of",twn,"groundnuts, with shell",ha,,1928-1932,27000.0,iia_1938_39,yes,no,
iia,"china, taiwan province of",twn,"groundnuts, with shell",tonnes,,1928-1932,43200.0,iia_1938_39,yes,no,
iia,congo,cog,"groundnuts, with shell",ha,,1928-1932,13000.0,iia_1938_39,yes,no,
iia,congo,cog,"groundnuts, with shell",tonnes,,1928-1932,10800.0,iia_1938_39,yes,no,
iia,cyprus,cyp,"groundnuts, with shell",ha,,1928-1932,0.0,iia_1938_39,yes,no,
iia,cyprus,cyp,"groundnuts, with shell",tonnes,,1928-1932,0.0,iia_1938_39,yes,no,
iia,dr congo,cod,"groundnuts, with shell",ha,,1928-1932,108000.0,iia_1938_39,yes,no,
iia,dr congo,cod,"groundnuts, with shell",tonnes,,1928-1932,90800.0,iia_1938_39,yes,no,
iia,egypt,egy,"groundnuts, with shell",ha,,1928-1932,26000.0,iia_1938_39,yes,no,
iia,egypt,egy,"groundnuts, with shell",tonnes,,1928-1932,27100.0,iia_1938_39,yes,no,
iia,gambia,gmb,"groundnuts, with shell",tonnes,,1928-1932,63800.0,iia_1938_39,yes,no,
iia,ghana,gha,"groundnuts, with shell",tonnes,,1928-1932,100.0,iia_1938_39,yes,no,
iia,guatemala,gtm,"groundnuts, with shell",ha,,1928-1932,0.0,iia_1938_39,yes,no,
iia,guatemala,gtm,"groundnuts, with shell",tonnes,,1928-1932,0.0,iia_1938_39,yes,no,
iia,guinea,gin,"groundnuts, with shell",tonnes,,1928-1932,10000.0,iia_1938_39,yes,no,
iia,guinea-bissau,gnb,"groundnuts, with shell",ha,,1928-1932,24000.0,iia_1938_39,yes,no,
iia,guinea-bissau,gnb,"groundnuts, with shell",tonnes,,1928-1932,22200.0,iia_1938_39,yes,no,
iia,india,ind,"groundnuts, with shell",ha,,1928-1932,8000.0,iia_1938_39,yes,no,
iia,india,ind,"groundnuts, with shell",tonnes,,1928-1932,6600.0,iia_1938_39,yes,no,
iia,indonesia,idn,"groundnuts, with shell",ha,,1928-1932,214000.0,iia_1938_39,yes,no,
iia,indonesia,idn,"groundnuts, with shell",tonnes,,1928-1932,225300.0,iia_1938_39,yes,no,
iia,ivory coast,civ,"groundnuts, with shell",ha,,1928-1932,24000.0,iia_1938_39,yes,no,
iia,ivory coast,civ,"groundnuts, with shell",tonnes,,1928-1932,10900.0,iia_1938_39,yes,no,
iia,japan,jpn,"groundnuts, with shell",ha,,1928-1932,6000.0,iia_1938_39,yes,no,
iia,japan,jpn,"groundnuts, with shell",tonnes,,1928-1932,10900.0,iia_1938_39,yes,no,
iia,kenya,ken,"groundnuts, with shell",tonnes,,1928-1932,1100.0,iia_1938_39,yes,no,
iia,madagascar,mdg,"groundnuts, with shell",ha,,1928-1932,9000.0,iia_1938_39,yes,no,
iia,madagascar,mdg,"groundnuts, with shell",tonnes,,1928-1932,7800.0,iia_1938_39,yes,no,
iia,malawi,mwi,"groundnuts, with shell",ha,,1928-1932,0.0,iia_1938_39,yes,no,
iia,malawi,mwi,"groundnuts, with shell",tonnes,,1928-1932,0.0,iia_1938_39,yes,no,
iia,mali,mli,"groundnuts, with shell",ha,,1928-1932,115000.0,iia_1938_39,yes,no,
iia,mali,mli,"groundnuts, with shell",tonnes,,1928-1932,95200.0,iia_1938_39,yes,no,
iia,mauritania,mrt,"groundnuts, with shell",ha,,1928-1932,5000.0,iia_1938_39,yes,no,
iia,mauritania,mrt,"groundnuts, with shell",tonnes,,1928-1932,3900.0,iia_1938_39,yes,no,
iia,mauritius,mus,"groundnuts, with shell",ha,,1928-1932,0.0,iia_1938_39,yes,no,
iia,mauritius,mus,"groundnuts, with shell",tonnes,,1928-1932,200.0,iia_1938_39,yes,no,
iia,mexico,mex,"groundnuts, with shell",ha,,1928-1932,8000.0,iia_1938_39,yes,no,
iia,mexico,mex,"groundnuts, with shell",tonnes,,1928-1932,5500.0,iia_1938_39,yes,no,
iia,myanmar,mmr,"groundnuts, with shell",ha,,1928-1932,216000.0,iia_1938_39,yes,no,
iia,myanmar,mmr,"groundnuts, with shell",tonnes,,1928-1932,159900.0,iia_1938_39,yes,no,
iia,niger,ner,"groundnuts, with shell",ha,,1928-1932,31000.0,iia_1938_39,yes,no,
iia,niger,ner,"groundnuts, with shell",tonnes,,1928-1932,20600.0,iia_1938_39,yes,no,
iia,nigeria,nga,"groundnuts, with shell",ha,,1928-1932,256000.0,iia_1938_39,yes,no,
iia,nigeria,nga,"groundnuts, with shell",tonnes,,1928-1932,216200.0,iia_1938_39,yes,no,
iia,paraguay,pry,"groundnuts, with shell",ha,,1928-1932,4000.0,iia_1938_39,yes,no,
iia,paraguay,pry,"groundnuts, with shell",tonnes,,1928-1932,8500.0,iia_1938_39,yes,no,
iia,philippines,phl,"groundnuts, with shell",ha,,1928-1932,8000.0,iia_1938_39,yes,no,
iia,philippines,phl,"groundnuts, with shell",tonnes,,1928-1932,6100.0,iia_1938_39,yes,no,
iia,russian federation,rus,"groundnuts, with shell",ha,,1928-1932,5000.0,iia_1938_39,yes,no,
iia,saint vincent and the grenadines,vct,"groundnuts, with shell",ha,,1928-1932,0.0,iia_1938_39,yes,no,
iia,saint vincent and the grenadines,vct,"groundnuts, with shell",tonnes,,1928-1932,100.0,iia_1938_39,yes,no,
iia,senegal,sen,"groundnuts, with shell",ha,,1928-1932,612000.0,iia_1938_39,yes,no,
iia,senegal,sen,"groundnuts, with shell",tonnes,,1928-1932,443600.0,iia_1938_39,yes,no,
iia,sierra leone,sle,"groundnuts, with shell",ha,,1928-1932,2000.0,iia_1938_39,yes,no,
iia,sierra leone,sle,"groundnuts, with shell",tonnes,,1928-1932,2000.0,iia_1938_39,yes,no,
iia,somalia,som,"groundnuts, with shell",ha,,1928-1932,0.0,iia_1938_39,yes,no,
iia,somalia,som,"groundnuts, with shell",tonnes,,1928-1932,400.0,iia_1938_39,yes,no,
iia,south africa,zaf,"groundnuts, with shell",ha,,1928-1932,14000.0,iia_1938_39,yes,no,
iia,south africa,zaf,"groundnuts, with shell",tonnes,,1928-1932,6000.0,iia_1938_39,yes,no,
iia,south korea,kor,"groundnuts, with shell",ha,,1928-1932,1000.0,iia_1938_39,yes,no,
iia,south korea,kor,"groundnuts, with shell",tonnes,,1928-1932,2000.0,iia_1938_39,yes,no,
iia,spain,esp,"groundnuts, with shell",ha,,1928-1932,8000.0,iia_1938_39,yes,no,
iia,spain,esp,"groundnuts, with shell",tonnes,,1928-1932,23900.0,iia_1938_39,yes,no,
iia,tanzania,tza,"groundnuts, with shell",tonnes,,1928-1932,15900.0,iia_1938_39,yes,no,
iia,united states of america,usa,"groundnuts, with shell",ha,,1928-1932,574000.0,iia_1938_39,yes,no,
iia,united states of america,usa,"groundnuts, with shell",tonnes,,1928-1932,429200.0,iia_1938_39,yes,no,
iia,uruguay,ury,"groundnuts, with shell",ha,,1928-1932,1000.0,iia_1938_39,yes,no,
iia,uruguay,ury,"groundnuts, with shell",tonnes,,1928-1932,400.0,iia_1938_39,yes,no,
iia,viet nam,vnm,"groundnuts, with shell",ha,,1928-1932,2000.0,iia_1938_39,yes,no,
iia,viet nam,vnm,"groundnuts, with shell",tonnes,,1928-1932,1600.0,iia_1938_39,yes,no,
iia,zambia,zmb,"groundnuts, with shell",ha,,1928-1932,0.0,iia_1938_39,yes,no,
iia,zambia,zmb,"groundnuts, with shell",tonnes,,1928-1932,300.0,iia_1938_39,yes,no,
iia,zimbabwe,zwe,"groundnuts, with shell",ha,,1928-1932,3000.0,iia_1938_39,yes,no,
iia,zimbabwe,zwe,"groundnuts, with shell",tonnes,,1928-1932,2000.0,iia_1938_39,yes,no,
iia,austria,aut,hempseed,ha,,1928-1932,0.0,iia_1938_39,yes,no,
iia,austria,aut,hempseed,tonnes,,1928-1932,100.0,iia_1938_39,yes,no,
iia,belgium,bel,hempseed,ha,,1928-1932,0.0,iia_1938_39,yes,no,
iia,belgium,bel,hempseed,tonnes,,1928-1932,0.0,iia_1938_39,yes,no,
iia,bulgaria,bgr,hempseed,ha,,1928-1932,4000.0,iia_1938_39,yes,no,
iia,bulgaria,bgr,hempseed,tonnes,,1928-1932,1100.0,iia_1938_39,yes,no,
iia,cyprus,cyp,hempseed,ha,,1928-1932,0.0,iia_1938_39,yes,no,
iia,cyprus,cyp,hempseed,tonnes,,1928-1932,0.0,iia_1938_39,yes,no,
iia,czech republic,cze,hempseed,ha,,1928-1932,9000.0,iia_1938_39,yes,no,
iia,czech republic,cze,hempseed,tonnes,,1928-1932,4000.0,iia_1938_39,yes,no,
iia,france,fra,hempseed,ha,,1928-1932,4000.0,iia_1938_39,yes,no,
iia,france,fra,hempseed,tonnes,,1928-1932,1300.0,iia_1938_39,yes,no,
iia,germany,deu,hempseed,ha,,1928-1932,0.0,iia_1938_39,yes,no,
iia,hungary,hun,hempseed,ha,,1928-1932,8000.0,iia_1938_39,yes,no,
iia,hungary,hun,hempseed,tonnes,,1928-1932,3300.0,iia_1938_39,yes,no,
iia,italy,ita,hempseed,tonnes,,1928-1932,3800.0,iia_1938_39,yes,no,
iia,poland,pol,hempseed,ha,,1928-1932,32000.0,iia_1938_39,yes,no,
iia,poland,pol,hempseed,tonnes,,1928-1932,20000.0,iia_1938_39,yes,no,
iia,romania,rou,hempseed,ha,,1928-1932,41000.0,iia_1938_39,yes,no,
iia,romania,rou,hempseed,tonnes,,1928-1932,13300.0,iia_1938_39,yes,no,
iia,russian federation,rus,hempseed,ha,,1928-1932,880000.0,iia_1938_39,yes,no,
iia,russian federation,rus,hempseed,tonnes,,1928-1932,388000.0,iia_1938_39,yes,no,
iia,serbia,srb,hempseed,tonnes,,1928-1932,1300.0,iia_1938_39,yes,no,
iia,spain,esp,hempseed,ha,,1928-1932,5000.0,iia_1938_39,yes,no,
iia,spain,esp,hempseed,tonnes,,1928-1932,1800.0,iia_1938_39,yes,no,
iia,syrian arab republic,syr,hempseed,ha,,1928-1932,3000.0,iia_1938_39,yes,no,
iia,syrian arab republic,syr,hempseed,tonnes,,1928-1932,400.0,iia_1938_39,yes,no,
iia,australia,aus,hops,ha,,1928-1932,5000.0,iia_1938_39,yes,no,
iia,australia,aus,hops,tonnes,,1928-1932,91900.0,iia_1938_39,yes,no,no
iia,austria,aut,hops,ha,,1928-1932,2000.0,iia_1938_39,yes,no,
iia,austria,aut,hops,tonnes,,1928-1932,6000.0,iia_1938_39,yes,no,no
iia,belgium,bel,hops,ha,,1928-1932,10000.0,iia_1938_39,yes,no,
iia,belgium,bel,hops,tonnes,,1928-1932,135000.0,iia_1938_39,yes,no,no
iia,canada,can,hops,ha,,1928-1932,4000.0,iia_1938_39,yes,no,
iia,canada,can,hops,tonnes,,1928-1932,50800.0,iia_1938_39,yes,no,no
iia,czech republic,cze,hops,ha,,1928-1932,140000.0,iia_1938_39,yes,no,
iia,czech republic,cze,hops,tonnes,,1928-1932,1116500.0,iia_1938_39,yes,no,yes
iia,france,fra,hops,ha,,1928-1932,33000.0,iia_1938_39,yes,no,
iia,france,fra,hops,tonnes,,1928-1932,292600.0,iia_1938_39,yes,no,no
iia,germany,deu,hops,ha,,1928-1932,124000.0,iia_1938_39,yes,no,
iia,germany,deu,hops,tonnes,,1928-1932,884700.0,iia_1938_39,yes,no,yes
iia,hungary,hun,hops,ha,,1928-1932,2000.0,iia_1938_39,yes,no,
iia,hungary,hun,hops,tonnes,,1928-1932,12300.0,iia_1938_39,yes,no,no
iia,new zealand,nzl,hops,ha,,1928-1932,2000.0,iia_1938_39,yes,no,
iia,new zealand,nzl,hops,tonnes,,1928-1932,35900.0,iia_1938_39,yes,no,no
iia,poland,pol,hops,ha,,1928-1932,2700.0,iia_1938_39,yes,no,
iia,poland,pol,hops,tonnes,,1928-1932,167500.0,iia_1938_39,yes,no,no
iia,romania,rou,hops,ha,,1928-1932,1000.0,iia_1938_39,yes,no,
iia,romania,rou,hops,tonnes,,1928-1932,3500.0,iia_1938_39,yes,no,no
iia,serbia,srb,hops,ha,,1928-1932,41000.0,iia_1938_39,yes,no,
iia,serbia,srb,hops,tonnes,,1928-1932,279400.0,iia_1938_39,yes,no,no
iia,united kingdom,gbr,hops,ha,,1928-1932,84000.0,iia_1938_39,yes,no,
iia,united kingdom,gbr,hops,tonnes,,1928-1932,1230400.0,iia_1938_39,yes,no,yes
iia,united states of america,usa,hops,ha,,1928-1932,92000.0,iia_1938_39,yes,no,
iia,united states of america,usa,hops,tonnes,,1928-1932,1270500.0,iia_1938_39,yes,no,yes
iia,"china, taiwan province of",twn,jute,ha,,1928-1932,3000.0,iia_1938_39,yes,no,
iia,"china, taiwan province of",twn,jute,tonnes,,1928-1932,4100.0,iia_1938_39,yes,no,
iia,iran,irn,jute,tonnes,,1928-1932,1700.0,iia_1938_39,yes,no,
iia,japan,jpn,jute,ha,,1928-1932,1000.0,iia_1938_39,yes,no,
iia,japan,jpn,jute,tonnes,,1928-1932,1000.0,iia_1938_39,yes,no,
iia,nepal,npl,jute,tonnes,,1928-1932,12600.0,iia_1938_39,yes,no,
iia,viet nam,vnm,jute,ha,,1928-1932,0.0,iia_1938_39,yes,no,
iia,viet nam,vnm,jute,tonnes,,1928-1932,100.0,iia_1938_39,yes,no,
iia,algeria,dza,lemons and limes,ha,,1928-1932,1000.0,iia_1938_39,yes,no,
iia,algeria,dza,lemons and limes,tonnes,,1928-1932,3800.0,iia_1938_39,yes,no,
iia,australia,aus,lemons and limes,ha,,1928-1932,2000.0,iia_1938_39,yes,no,
iia,australia,aus,lemons and limes,tonnes,,1928-1932,11100.0,iia_1938_39,yes,no,
iia,costa rica,cri,lemons and limes,tonnes,,1928-1932,0.0,iia_1938_39,yes,no,
iia,cyprus,cyp,lemons and limes,ha,,1928-1932,0.0,iia_1938_39,yes,no,
iia,cyprus,cyp,lemons and limes,tonnes,,1928-1932,1200.0,iia_1938_39,yes,no,
iia,dominica,dma,lemons and limes,ha,,1928-1932,1000.0,iia_1938_39,yes,no,
iia,dominica,dma,lemons and limes,tonnes,,1928-1932,8300.0,iia_1938_39,yes,no,
iia,ecuador,ecu,lemons and limes,tonnes,,1928-1932,200.0,iia_1938_39,yes,no,
iia,france,fra,lemons and limes,tonnes,,1928-1932,200.0,iia_1938_39,yes,no,
iia,greece,grc,lemons and limes,tonnes,,1928-1932,6200.0,iia_1938_39,yes,no,
iia,grenada,grd,lemons and limes,ha,,1928-1932,0.0,iia_1938_39,yes,no,
iia,guyana,guy,lemons and limes,ha,,1928-1932,0.0,iia_1938_39,yes,no,
iia,israel,isr,lemons and limes,tonnes,,1928-1932,300.0,iia_1938_39,yes,no,
iia,italy,ita,lemons and limes,ha,,1928-1932,101000.0,iia_1938_39,yes,no,
iia,italy,ita,lemons and limes,tonnes,,1928-1932,506000.0,iia_1938_39,yes,no,
iia,japan,jpn,lemons and limes,ha,,1928-1932,3000.0,iia_1938_39,yes,no,
iia,japan,jpn,lemons and limes,tonnes,,1928-1932,22400.0,iia_1938_39,yes,no,
iia,mexico,mex,lemons and limes,tonnes,,1928-1932,35200.0,iia_1938_39,yes,no,
iia,montserrat,rlam,lemons and limes,ha,,1928-1932,0.0,iia_1938_39,yes,no,
iia,montserrat,rlam,lemons and limes,tonnes,,1928-1932,200.0,iia_1938_39,yes,no,
iia,morocco,mar,lemons and limes,tonnes,,1928-1932,2500.0,iia_1938_39,yes,no,
iia,new zealand,nzl,lemons and limes,ha,,1928-1932,0.0,iia_1938_39,yes,no,
iia,new zealand,nzl,lemons and limes,tonnes,,1928-1932,600.0,iia_1938_39,yes,no,
iia,paraguay,pry,lemons and limes,ha,,1928-1932,2000.0,iia_1938_39,yes,no,
iia,paraguay,pry,lemons and limes,tonnes,,1928-1932,0.0,iia_1938_39,yes,no,
iia,portugal,prt,lemons and limes,tonnes,,1928-1932,0.0,iia_1938_39,yes,no,
iia,saint lucia,lca,lemons and limes,ha,,1928-1932,1000.0,iia_1938_39,yes,no,
iia,saint lucia,lca,lemons and limes,tonnes,,1928-1932,6900.0,iia_1938_39,yes,no,
iia,saint vincent and the grenadines,vct,lemons and limes,tonnes,,1928-1932,200.0,iia_1938_39,yes,no,
iia,south africa,zaf,lemons and limes,ha,,1928-1932,1000.0,iia_1938_39,yes,no,
iia,south africa,zaf,lemons and limes,tonnes,,1928-1932,600.0,iia_1938_39,yes,no,
iia,spain,esp,lemons and limes,ha,,1928-1932,3000.0,iia_1938_39,yes,no,
iia,spain,esp,lemons and limes,tonnes,,1928-1932,55600.0,iia_1938_39,yes,no,
iia,tunisia,tun,lemons and limes,ha,,1928-1932,0.0,iia_1938_39,yes,no,
iia,tunisia,tun,lemons and limes,tonnes,,1928-1932,700.0,iia_1938_39,yes,no,
iia,united states of america,usa,lemons and limes,ha,,1928-1932,17000.0,iia_1938_39,yes,no,
iia,united states of america,usa,lemons and limes,tonnes,,1928-1932,250300.0,iia_1938_39,yes,no,
iia,zambia,zmb,lemons and limes,ha,,1928-1932,0.0,iia_1938_39,yes,no,
iia,zambia,zmb,lemons and limes,tonnes,,1928-1932,0.0,iia_1938_39,yes,no,
iia,philippines,phl,manila fibre (abaca),ha,,1928-1932,483000.0,iia_1938_39,yes,no,
iia,philippines,phl,manila fibre (abaca),tonnes,,1928-1932,176000.0,iia_1938_39,yes,no,
iia,algeria,dza,"oil, olive, virgin",tonnes,,1928-1932,20000.0,iia_1938_39,yes,no,
iia,argentina,arg,"oil, olive, virgin",tonnes,,1928-1932,0.0,iia_1938_39,yes,no,
iia,cyprus,cyp,"oil, olive, virgin",tonnes,,1928-1932,1100.0,iia_1938_39,yes,no,
iia,france,fra,"oil, olive, virgin",tonnes,,1928-1932,4700.0,iia_1938_39,yes,no,
iia,greece,grc,"oil, olive, virgin",tonnes,,1928-1932,104100.0,iia_1938_39,yes,no,
iia,israel,isr,"oil, olive, virgin",tonnes,,1928-1932,2500.0,iia_1938_39,yes,no,
iia,italy,ita,"oil, olive, virgin",tonnes,,1928-1932,214700.0,iia_1938_39,yes,no,
iia,libya,lby,"oil, olive, virgin",tonnes,,1928-1932,2900.0,iia_1938_39,yes,no,
iia,morocco,mar,"oil, olive, virgin",tonnes,,1928-1932,11000.0,iia_1938_39,yes,no,
iia,portugal,prt,"oil, olive, virgin",tonnes,,1928-1932,44500.0,iia_1938_39,yes,no,
iia,serbia,srb,"oil, olive, virgin",tonnes,,1928-1932,4900.0,iia_1938_39,yes,no,
iia,spain,esp,"oil, olive, virgin",tonnes,,1928-1932,333300.0,iia_1938_39,yes,no,
iia,syrian arab republic,syr,"oil, olive, virgin",tonnes,,1928-1932,10800.0,iia_1938_39,yes,no,
iia,tunisia,tun,"oil, olive, virgin",tonnes,,1928-1932,43300.0,iia_1938_39,yes,no,
iia,turkey,tur,"oil, olive, virgin",tonnes,,1928-1932,36500.0,iia_1938_39,yes,no,
iia,united states of america,usa,"oil, olive, virgin",tonnes,,1928-1932,600.0,iia_1938_39,yes,no,
iia,albania,alb,olives,ha,,1928-1932,5000.0,iia_1938_39,yes,no,
iia,albania,alb,olives,tonnes,,1928-1932,32500.0,iia_1938_39,yes,no,
iia,algeria,dza,olives,ha,,1928-1932,81000.0,iia_1938_39,yes,no,
iia,algeria,dza,olives,tonnes,,1928-1932,155100.0,iia_1938_39,yes,no,
iia,australia,aus,olives,ha,,1928-1932,0.0,iia_1938_39,yes,no,
iia,australia,aus,olives,tonnes,,1928-1932,500.0,iia_1938_39,yes,no,
iia,chile,chl,olives,ha,,1928-1932,1000.0,iia_1938_39,yes,no,
iia,chile,chl,olives,tonnes,,1928-1932,600.0,iia_1938_39,yes,no,
iia,cyprus,cyp,olives,tonnes,,1928-1932,6300.0,iia_1938_39,yes,no,
iia,egypt,egy,olives,ha,,1928-1932,1000.0,iia_1938_39,yes,no,
iia,france,fra,olives,ha,,1928-1932,119000.0,iia_1938_39,yes,no,
iia,france,fra,olives,tonnes,,1928-1932,39800.0,iia_1938_39,yes,no,
iia,greece,grc,olives,tonnes,,1928-1932,40600.0,iia_1938_39,yes,no,
iia,israel,isr,olives,tonnes,,1928-1932,12300.0,iia_1938_39,yes,no,
iia,italy,ita,olives,ha,,1928-1932,1530000.0,iia_1938_39,yes,no,
iia,italy,ita,olives,tonnes,,1928-1932,1325100.0,iia_1938_39,yes,no,
iia,libya,lby,olives,ha,,1928-1932,53000.0,iia_1938_39,yes,no,
iia,libya,lby,olives,tonnes,,1928-1932,19300.0,iia_1938_39,yes,no,
iia,mexico,mex,olives,tonnes,,1928-1932,100.0,iia_1938_39,yes,no,
iia,morocco,mar,olives,tonnes,,1928-1932,63400.0,iia_1938_39,yes,no,
iia,peru,per,olives,ha,,1928-1932,0.0,iia_1938_39,yes,no,
iia,peru,per,olives,tonnes,,1928-1932,2000.0,iia_1938_39,yes,no,
iia,portugal,prt,olives,tonnes,,1928-1932,299700.0,iia_1938_39,yes,no,
iia,spain,esp,olives,ha,,1928-1932,1855000.0,iia_1938_39,yes,no,
iia,spain,esp,olives,tonnes,,1928-1932,1714600.0,iia_1938_39,yes,no,
iia,syrian arab republic,syr,olives,ha,,1928-1932,76000.0,iia_1938_39,yes,no,
iia,syrian arab republic,syr,olives,tonnes,,1928-1932,51800.0,iia_1938_39,yes,no,
iia,tunisia,tun,olives,tonnes,,1928-1932,206000.0,iia_1938_39,yes,no,
iia,turkey,tur,olives,tonnes,,1928-1932,182500.0,iia_1938_39,yes,no,
iia,united states of america,usa,olives,ha,,1928-1932,12000.0,iia_1938_39,yes,no,
iia,united states of america,usa,olives,tonnes,,1928-1932,18700.0,iia_1938_39,yes,no,
iia,uruguay,ury,olives,ha,,1928-1932,1000.0,iia_1938_39,yes,no,
iia,uruguay,ury,olives,tonnes,,1928-1932,700.0,iia_1938_39,yes,no,
iia,algeria,dza,oranges,ha,,1928-1932,5000.0,iia_1938_39,yes,no,
iia,algeria,dza,oranges,tonnes,,1928-1932,31600.0,iia_1938_39,yes,no,
iia,australia,aus,oranges,ha,,1928-1932,15000.0,iia_1938_39,yes,no,
iia,australia,aus,oranges,tonnes,,1928-1932,77900.0,iia_1938_39,yes,no,
iia,"china, taiwan province of",twn,oranges,tonnes,,1928-1932,2900.0,iia_1938_39,yes,no,
iia,costa rica,cri,oranges,tonnes,,1928-1932,300.0,iia_1938_39,yes,no,
iia,cyprus,cyp,oranges,tonnes,,1928-1932,6100.0,iia_1938_39,yes,no,
iia,dominica,dma,oranges,ha,,1928-1932,0.0,iia_1938_39,yes,no,
iia,dominica,dma,oranges,tonnes,,1928-1932,200.0,iia_1938_39,yes,no,
iia,ecuador,ecu,oranges,tonnes,,1928-1932,2900.0,iia_1938_39,yes,no,
iia,egypt,egy,oranges,ha,,1928-1932,5000.0,iia_1938_39,yes,no,
iia,france,fra,oranges,tonnes,,1928-1932,900.0,iia_1938_39,yes,no,
iia,greece,grc,oranges,tonnes,,1928-1932,8300.0,iia_1938_39,yes,no,
iia,iran,irn,oranges,tonnes,,1928-1932,65200.0,iia_1938_39,yes,no,
iia,israel,isr,oranges,ha,,1928-1932,11000.0,iia_1938_39,yes,no,
iia,israel,isr,oranges,tonnes,,1928-1932,97900.0,iia_1938_39,yes,no,
iia,italy,ita,oranges,ha,,1928-1932,101000.0,iia_1938_39,yes,no,
iia,italy,ita,oranges,tonnes,,1928-1932,338700.0,iia_1938_39,yes,no,
iia,jamaica,jam,oranges,ha,,1928-1932,0.0,iia_1938_39,yes,no,
iia,jamaica,jam,oranges,tonnes,,1928-1932,1300.0,iia_1938_39,yes,no,
iia,japan,jpn,oranges,ha,,1928-1932,7000.0,iia_1938_39,yes,no,
iia,japan,jpn,oranges,tonnes,,1928-1932,76700.0,iia_1938_39,yes,no,
iia,mexico,mex,oranges,tonnes,,1928-1932,108400.0,iia_1938_39,yes,no,
iia,morocco,mar,oranges,ha,,1928-1932,0.0,iia_1938_39,yes,no,
iia,morocco,mar,oranges,tonnes,,1928-1932,8100.0,iia_1938_39,yes,no,
iia,new zealand,nzl,oranges,ha,,1928-1932,0.0,iia_1938_39,yes,no,
iia,new zealand,nzl,oranges,tonnes,,1928-1932,100.0,iia_1938_39,yes,no,
iia,paraguay,pry,oranges,ha,,1928-1932,2000.0,iia_1938_39,yes,no,
iia,paraguay,pry,oranges,tonnes,,1928-1932,9000.0,iia_1938_39,yes,no,
iia,philippines,phl,oranges,ha,,1928-1932,2000.0,iia_1938_39,yes,no,
iia,philippines,phl,oranges,tonnes,,1928-1932,2200.0,iia_1938_39,yes,no,
iia,russian federation,rus,oranges,ha,,1928-1932,2000.0,iia_1938_39,yes,no,
iia,russian federation,rus,oranges,tonnes,,1928-1932,3300.0,iia_1938_39,yes,no,
iia,saint vincent and the grenadines,vct,oranges,tonnes,,1928-1932,0.0,iia_1938_39,yes,no,
iia,south africa,zaf,oranges,ha,,1928-1932,14000.0,iia_1938_39,yes,no,
iia,south africa,zaf,oranges,tonnes,,1928-1932,37400.0,iia_1938_39,yes,no,
iia,spain,esp,oranges,ha,,1928-1932,69000.0,iia_1938_39,yes,no,
iia,spain,esp,oranges,tonnes,,1928-1932,1225400.0,iia_1938_39,yes,no,
iia,suriname,sur,oranges,ha,,1928-1932,0.0,iia_1938_39,yes,no,
iia,suriname,sur,oranges,tonnes,,1928-1932,600.0,iia_1938_39,yes,no,
iia,syrian arab republic,syr,oranges,ha,,1928-1932,3000.0,iia_1938_39,yes,no,
iia,syrian arab republic,syr,oranges,tonnes,,1928-1932,39800.0,iia_1938_39,yes,no,
iia,tunisia,tun,oranges,ha,,1928-1932,0.0,iia_1938_39,yes,no,
iia,tunisia,tun,oranges,tonnes,,1928-1932,2500.0,iia_1938_39,yes,no,
iia,united states of america,usa,oranges,ha,,1928-1932,94000.0,iia_1938_39,yes,no,
iia,united states of america,usa,oranges,tonnes,,1928-1932,1692000.0,iia_1938_39,yes,no,
iia,uruguay,ury,oranges,ha,,1928-1932,8000.0,iia_1938_39,yes,no,
iia,uruguay,ury,oranges,tonnes,,1928-1932,48500.0,iia_1938_39,yes,no,
iia,zambia,zmb,oranges,ha,,1928-1932,0.0,iia_1938_39,yes,no,
iia,zambia,zmb,oranges,tonnes,,1928-1932,100.0,iia_1938_39,yes,no,
iia,zimbabwe,zwe,oranges,tonnes,,1928-1932,5800.0,iia_1938_39,yes,no,
iia,bulgaria,bgr,other berries and fruits of the genus vaccinium n.e.c.,ha,,1928-1932,4000.0,iia_1938_39,yes,no,
iia,bulgaria,bgr,other berries and fruits of the genus vaccinium n.e.c.,tonnes,,1928-1932,20800.0,iia_1938_39,yes,no,
iia,"china, taiwan province of",twn,other berries and fruits of the genus vaccinium n.e.c.,ha,,1928-1932,1000.0,iia_1938_39,yes,no,
iia,france,fra,other berries and fruits of the genus vaccinium n.e.c.,tonnes,,1928-1932,79000.0,iia_1938_39,yes,no,
iia,italy,ita,other berries and fruits of the genus vaccinium n.e.c.,ha,,1928-1932,2627000.0,iia_1938_39,yes,no,
iia,italy,ita,other berries and fruits of the genus vaccinium n.e.c.,tonnes,,1928-1932,1388900.0,iia_1938_39,yes,no,
iia,japan,jpn,other berries and fruits of the genus vaccinium n.e.c.,ha,,1928-1932,651000.0,iia_1938_39,yes,no,
iia,south korea,kor,other berries and fruits of the genus vaccinium n.e.c.,ha,,1928-1932,74000.0,iia_1938_39,yes,no,
iia,spain,esp,other berries and fruits of the genus vaccinium n.e.c.,tonnes,,1928-1932,27400.0,iia_1938_39,yes,no,
iia,syrian arab republic,syr,other berries and fruits of the genus vaccinium n.e.c.,ha,,1928-1932,25000.0,iia_1938_39,yes,no,
iia,syrian arab republic,syr,other berries and fruits of the genus vaccinium n.e.c.,tonnes,,1928-1932,203800.0,iia_1938_39,yes,no,
iia,viet nam,vnm,other berries and fruits of the genus vaccinium n.e.c.,ha,,1928-1932,3000.0,iia_1938_39,yes,no,
iia,viet nam,vnm,other berries and fruits of the genus vaccinium n.e.c.,tonnes,,1928-1932,18100.0,iia_1938_39,yes,no,
iia,france,fra,"other citrus fruit, n.e.c.",tonnes,,1928-1932,1000.0,iia_1938_39,yes,no,
iia,greece,grc,"other citrus fruit, n.e.c.",tonnes,,1928-1932,600.0,iia_1938_39,yes,no,
iia,mexico,mex,"other citrus fruit, n.e.c.",tonnes,,1928-1932,700.0,iia_1938_39,yes,no,
iia,senegal,sen,"other citrus fruit, n.e.c.",ha,,1928-1932,0.0,iia_1938_39,yes,no,
iia,australia,aus,other sugar crops n.e.c.,ha,,1928-1932,0.0,iia_1938_39,yes,no,
iia,australia,aus,other sugar crops n.e.c.,tonnes,,1928-1932,1500.0,iia_1938_39,yes,no,
iia,argentina,arg,raisins,tonnes,,1928-1932,3000.0,iia_1938_39,yes,no,
iia,australia,aus,raisins,tonnes,,1928-1932,67800.0,iia_1938_39,yes,no,
iia,chile,chl,raisins,tonnes,,1928-1932,1700.0,iia_1938_39,yes,no,
iia,cyprus,cyp,raisins,tonnes,,1928-1932,4200.0,iia_1938_39,yes,no,
iia,greece,grc,raisins,tonnes,,1928-1932,160000.0,iia_1938_39,yes,no,
iia,iran,irn,raisins,tonnes,,1928-1932,32000.0,iia_1938_39,yes,no,
iia,israel,isr,raisins,tonnes,,1928-1932,1000.0,iia_1938_39,yes,no,
iia,italy,ita,raisins,tonnes,,1928-1932,4200.0,iia_1938_39,yes,no,
iia,morocco,mar,raisins,tonnes,,1928-1932,3300.0,iia_1938_39,yes,no,
iia,russian federation,rus,raisins,tonnes,,1928-1932,22700.0,iia_1938_39,yes,no,
iia,south africa,zaf,raisins,tonnes,,1928-1932,5000.0,iia_1938_39,yes,no,
iia,spain,esp,raisins,tonnes,,1928-1932,15800.0,iia_1938_39,yes,no,
iia,syrian arab republic,syr,raisins,tonnes,,1928-1932,10000.0,iia_1938_39,yes,no,
iia,turkey,tur,raisins,tonnes,,1928-1932,55500.0,iia_1938_39,yes,no,
iia,united states of america,usa,raisins,tonnes,,1928-1932,199400.0,iia_1938_39,yes,no,
iia,austria,aut,rapeseed,ha,,1928-1932,2000.0,iia_1938_39,yes,no,
iia,austria,aut,rapeseed,tonnes,,1928-1932,2500.0,iia_1938_39,yes,no,
iia,belgium,bel,rapeseed,ha,,1928-1932,0.0,iia_1938_39,yes,no,
iia,belgium,bel,rapeseed,tonnes,,1928-1932,200.0,iia_1938_39,yes,no,
iia,bulgaria,bgr,rapeseed,ha,,1928-1932,15000.0,iia_1938_39,yes,no,
iia,bulgaria,bgr,rapeseed,tonnes,,1928-1932,13000.0,iia_1938_39,yes,no,
iia,"china, mainland",chn,rapeseed,ha,,1928-1932,3710000.0,iia_1938_39,yes,no,
iia,"china, mainland",chn,rapeseed,tonnes,,1928-1932,2259300.0,iia_1938_39,yes,no,
iia,"china, taiwan province of",twn,rapeseed,ha,,1928-1932,0.0,iia_1938_39,yes,no,
iia,"china, taiwan province of",twn,rapeseed,tonnes,,1928-1932,100.0,iia_1938_39,yes,no,
iia,czech republic,cze,rapeseed,ha,,1928-1932,2000.0,iia_1938_39,yes,no,
iia,czech republic,cze,rapeseed,tonnes,,1928-1932,1700.0,iia_1938_39,yes,no,
iia,france,fra,rapeseed,ha,,1928-1932,19000.0,iia_1938_39,yes,no,
iia,france,fra,rapeseed,tonnes,,1928-1932,23900.0,iia_1938_39,yes,no,
iia,germany,deu,rapeseed,ha,,1928-1932,12000.0,iia_1938_39,yes,no,
iia,germany,deu,rapeseed,tonnes,,1928-1932,16600.0,iia_1938_39,yes,no,
iia,hungary,hun,rapeseed,ha,,1928-1932,10000.0,iia_1938_39,yes,no,
iia,hungary,hun,rapeseed,tonnes,,1928-1932,8700.0,iia_1938_39,yes,no,
iia,japan,jpn,rapeseed,ha,,1928-1932,74000.0,iia_1938_39,yes,no,
iia,japan,jpn,rapeseed,tonnes,,1928-1932,78500.0,iia_1938_39,yes,no,
iia,netherlands,nld,rapeseed,ha,,1928-1932,2000.0,iia_1938_39,yes,no,
iia,netherlands,nld,rapeseed,tonnes,,1928-1932,3900.0,iia_1938_39,yes,no,
iia,poland,pol,rapeseed,ha,,1928-1932,30000.0,iia_1938_39,yes,no,
iia,poland,pol,rapeseed,tonnes,,1928-1932,27700.0,iia_1938_39,yes,no,
iia,romania,rou,rapeseed,ha,,1928-1932,62000.0,iia_1938_39,yes,no,
iia,romania,rou,rapeseed,tonnes,,1928-1932,32700.0,iia_1938_39,yes,no,
iia,russian federation,rus,rapeseed,ha,,1928-1932,21000.0,iia_1938_39,yes,no,
iia,serbia,srb,rapeseed,ha,,1928-1932,8000.0,iia_1938_39,yes,no,
iia,serbia,srb,rapeseed,tonnes,,1928-1932,5200.0,iia_1938_39,yes,no,
iia,brunei darussalam,brn,"rubber, natural",ha,,1928-1932,3600.0,iia_1938_39,yes,no,
iia,cameroon,cmr,"rubber, natural",ha,,1928-1932,5900.0,iia_1938_39,yes,no,
iia,dr congo,cod,"rubber, natural",ha,,1928-1932,6300.0,iia_1938_39,yes,no,
iia,indonesia,idn,"rubber, natural",ha,,1928-1932,562100.0,iia_1938_39,yes,no,
iia,malawi,mwi,"rubber, natural",ha,,1928-1932,600.0,iia_1938_39,yes,no,
iia,malaysia,mys,"rubber, natural",ha,,1928-1932,105500.0,iia_1938_39,yes,no,
iia,nigeria,nga,"rubber, natural",ha,,1928-1932,1900.0,iia_1938_39,yes,no,
iia,philippines,phl,"rubber, natural",ha,,1928-1932,3200.0,iia_1938_39,yes,no,
iia,sierra leone,sle,"rubber, natural",ha,,1928-1932,0.0,iia_1938_39,yes,no,
iia,sri lanka,lka,"rubber, natural",ha,,1928-1932,237100.0,iia_1938_39,yes,no,
iia,trinidad and tobago,tto,"rubber, natural",ha,,1928-1932,300.0,iia_1938_39,yes,no,
iia,albania,alb,rye,ha,,1928-1932,2000.0,iia_1938_39,yes,no,
iia,albania,alb,rye,tonnes,,1928-1932,2500.0,iia_1938_39,yes,no,
iia,algeria,dza,rye,ha,,1928-1932,1000.0,iia_1938_39,yes,no,
iia,algeria,dza,rye,tonnes,,1928-1932,1200.0,iia_1938_39,yes,no,
iia,argentina,arg,rye,ha,,1928-1932,328000.0,iia_1938_39,yes,no,
iia,argentina,arg,rye,tonnes,,1928-1932,202400.0,iia_1938_39,yes,no,
iia,australia,aus,rye,ha,,1928-1932,2000.0,iia_1938_39,yes,no,
iia,australia,aus,rye,tonnes,,1928-1932,1900.0,iia_1938_39,yes,no,
iia,austria,aut,rye,ha,,1928-1932,379000.0,iia_1938_39,yes,no,
iia,austria,aut,rye,tonnes,,1928-1932,527400.0,iia_1938_39,yes,no,
iia,belgium,bel,rye,ha,,1928-1932,229000.0,iia_1938_39,yes,no,
iia,belgium,bel,rye,tonnes,,1928-1932,549100.0,iia_1938_39,yes,no,
iia,brazil,bra,rye,ha,,1928-1932,17000.0,iia_1938_39,yes,no,
iia,brazil,bra,rye,tonnes,,1928-1932,16600.0,iia_1938_39,yes,no,
iia,bulgaria,bgr,rye,ha,,1928-1932,228000.0,iia_1938_39,yes,no,
iia,bulgaria,bgr,rye,tonnes,,1928-1932,242400.0,iia_1938_39,yes,no,
iia,canada,can,rye,ha,,1928-1932,393000.0,iia_1938_39,yes,no,
iia,canada,can,rye,tonnes,,1928-1932,323000.0,iia_1938_39,yes,no,
iia,chile,chl,rye,ha,,1928-1932,3000.0,iia_1938_39,yes,no,
iia,chile,chl,rye,tonnes,,1928-1932,3000.0,iia_1938_39,yes,no,
iia,czech republic,cze,rye,ha,,1928-1932,1035000.0,iia_1938_39,yes,no,
iia,czech republic,cze,rye,tonnes,,1928-1932,1792800.0,iia_1938_39,yes,no,
iia,denmark,dnk,rye,ha,,1928-1932,141000.0,iia_1938_39,yes,no,
iia,denmark,dnk,rye,tonnes,,1928-1932,240100.0,iia_1938_39,yes,no,
iia,estonia,est,rye,ha,,1928-1932,143000.0,iia_1938_39,yes,no,
iia,estonia,est,rye,tonnes,,1928-1932,168100.0,iia_1938_39,yes,no,
iia,finland,fin,rye,ha,,1928-1932,213000.0,iia_1938_39,yes,no,
iia,finland,fin,rye,tonnes,,1928-1932,305100.0,iia_1938_39,yes,no,
iia,france,fra,rye,ha,,1928-1932,734000.0,iia_1938_39,yes,no,
iia,france,fra,rye,tonnes,,1928-1932,824700.0,iia_1938_39,yes,no,
iia,germany,deu,rye,ha,,1928-1932,4590000.0,iia_1938_39,yes,no,
iia,germany,deu,rye,tonnes,,1928-1932,7910000.0,iia_1938_39,yes,no,
iia,greece,grc,rye,ha,,1928-1932,62000.0,iia_1938_39,yes,no,
iia,greece,grc,rye,tonnes,,1928-1932,44700.0,iia_1938_39,yes,no,
iia,hungary,hun,rye,ha,,1928-1932,638000.0,iia_1938_39,yes,no,
iia,hungary,hun,rye,tonnes,,1928-1932,733500.0,iia_1938_39,yes,no,
iia,ireland,irl,rye,ha,,1928-1932,2000.0,iia_1938_39,yes,no,
iia,ireland,irl,rye,tonnes,,1928-1932,3000.0,iia_1938_39,yes,no,
iia,italy,ita,rye,ha,,1928-1932,122000.0,iia_1938_39,yes,no,
iia,italy,ita,rye,tonnes,,1928-1932,164600.0,iia_1938_39,yes,no,
iia,latvia,lva,rye,ha,,1928-1932,247000.0,iia_1938_39,yes,no,
iia,latvia,lva,rye,tonnes,,1928-1932,252700.0,iia_1938_39,yes,no,
iia,lithuania,ltu,rye,ha,,1928-1932,484000.0,iia_1938_39,yes,no,
iia,lithuania,ltu,rye,tonnes,,1928-1932,537400.0,iia_1938_39,yes,no,
iia,luxembourg,lux,rye,ha,,1928-1932,7000.0,iia_1938_39,yes,no,
iia,luxembourg,lux,rye,tonnes,,1928-1932,10600.0,iia_1938_39,yes,no,
iia,morocco,mar,rye,ha,,1928-1932,1000.0,iia_1938_39,yes,no,
iia,morocco,mar,rye,tonnes,,1928-1932,600.0,iia_1938_39,yes,no,
iia,netherlands,nld,rye,ha,,1928-1932,186000.0,iia_1938_39,yes,no,
iia,netherlands,nld,rye,tonnes,,1928-1932,399100.0,iia_1938_39,yes,no,
iia,new zealand,nzl,rye,ha,,1928-1932,0.0,iia_1938_39,yes,no,
iia,new zealand,nzl,rye,tonnes,,1928-1932,200.0,iia_1938_39,yes,no,
iia,norway,nor,rye,ha,,1928-1932,7000.0,iia_1938_39,yes,no,
iia,norway,nor,rye,tonnes,,1928-1932,12700.0,iia_1938_39,yes,no,
iia,poland,pol,rye,ha,,1928-1932,5690000.0,iia_1938_39,yes,no,
iia,poland,pol,rye,tonnes,,1928-1932,6378200.0,iia_1938_39,yes,no,
iia,portugal,prt,rye,ha,,1928-1932,162000.0,iia_1938_39,yes,no,
iia,portugal,prt,rye,tonnes,,1928-1932,118500.0,iia_1938_39,yes,no,
iia,romania,rou,rye,ha,,1928-1932,351000.0,iia_1938_39,yes,no,
iia,romania,rou,rye,tonnes,,1928-1932,343000.0,iia_1938_39,yes,no,
iia,russian federation,rus,rye,ha,,1928-1932,26455000.0,iia_1938_39,yes,no,
iia,russian federation,rus,rye,tonnes,,1928-1932,21452700.0,iia_1938_39,yes,no,
iia,serbia,srb,rye,ha,,1928-1932,235000.0,iia_1938_39,yes,no,
iia,serbia,srb,rye,tonnes,,1928-1932,201000.0,iia_1938_39,yes,no,
iia,south africa,zaf,rye,ha,,1928-1932,52000.0,iia_1938_39,yes,no,
iia,south africa,zaf,rye,tonnes,,1928-1932,27100.0,iia_1938_39,yes,no,
iia,spain,esp,rye,ha,,1928-1932,618000.0,iia_1938_39,yes,no,
iia,spain,esp,rye,tonnes,,1928-1932,548100.0,iia_1938_39,yes,no,
iia,sweden,swe,rye,ha,,1928-1932,238000.0,iia_1938_39,yes,no,
iia,sweden,swe,rye,tonnes,,1928-1932,398900.0,iia_1938_39,yes,no,
iia,switzerland,che,rye,ha,,1928-1932,19000.0,iia_1938_39,yes,no,
iia,switzerland,che,rye,tonnes,,1928-1932,38700.0,iia_1938_39,yes,no,
iia,turkey,tur,rye,ha,,1928-1932,264000.0,iia_1938_39,yes,no,
iia,turkey,tur,rye,tonnes,,1928-1932,269100.0,iia_1938_39,yes,no,
iia,united kingdom,gbr,rye,ha,,1928-1932,10000.0,iia_1938_39,yes,no,
iia,united kingdom,gbr,rye,tonnes,,1928-1932,16300.0,iia_1938_39,yes,no,
iia,united states of america,usa,rye,ha,,1928-1932,1341000.0,iia_1938_39,yes,no,
iia,united states of america,usa,rye,tonnes,,1928-1932,970600.0,iia_1938_39,yes,no,
iia,uruguay,ury,rye,ha,,1928-1932,0.0,iia_1938_39,yes,no,
iia,uruguay,ury,rye,tonnes,,1928-1932,0.0,iia_1938_39,yes,no,
iia,angola,ago,sesame seed,ha,,1928-1932,2000.0,iia_1938_39,yes,no,
iia,angola,ago,sesame seed,tonnes,,1928-1932,700.0,iia_1938_39,yes,no,
iia,bulgaria,bgr,sesame seed,ha,,1928-1932,8000.0,iia_1938_39,yes,no,
iia,bulgaria,bgr,sesame seed,tonnes,,1928-1932,2500.0,iia_1938_39,yes,no,
iia,burkina faso,bfa,sesame seed,ha,,1928-1932,3000.0,iia_1938_39,yes,no,
iia,burkina faso,bfa,sesame seed,tonnes,,1928-1932,200.0,iia_1938_39,yes,no,
iia,cameroon,cmr,sesame seed,ha,,1928-1932,10000.0,iia_1938_39,yes,no,
iia,cameroon,cmr,sesame seed,tonnes,,1928-1932,3100.0,iia_1938_39,yes,no,
iia,"china, mainland",chn,sesame seed,ha,,1928-1932,0.0,iia_1938_39,yes,no,
iia,"china, mainland",chn,sesame seed,tonnes,,1928-1932,0.0,iia_1938_39,yes,no,
iia,"china, taiwan province of",twn,sesame seed,ha,,1928-1932,3000.0,iia_1938_39,yes,no,
iia,"china, taiwan province of",twn,sesame seed,tonnes,,1928-1932,1100.0,iia_1938_39,yes,no,
iia,congo,cog,sesame seed,ha,,1928-1932,8000.0,iia_1938_39,yes,no,
iia,congo,cog,sesame seed,tonnes,,1928-1932,1000.0,iia_1938_39,yes,no,
iia,cyprus,cyp,sesame seed,ha,,1928-1932,2000.0,iia_1938_39,yes,no,
iia,cyprus,cyp,sesame seed,tonnes,,1928-1932,300.0,iia_1938_39,yes,no,
iia,dr congo,cod,sesame seed,ha,,1928-1932,13000.0,iia_1938_39,yes,no,
iia,dr congo,cod,sesame seed,tonnes,,1928-1932,7400.0,iia_1938_39,yes,no,
iia,egypt,egy,sesame seed,ha,,1928-1932,75000.0,iia_1938_39,yes,no,
iia,egypt,egy,sesame seed,tonnes,,1928-1932,28200.0,iia_1938_39,yes,no,
iia,eritrea,eri,sesame seed,ha,,1928-1932,0.0,iia_1938_39,yes,no,
iia,eritrea,eri,sesame seed,tonnes,,1928-1932,0.0,iia_1938_39,yes,no,
iia,greece,grc,sesame seed,ha,,1928-1932,25000.0,iia_1938_39,yes,no,
iia,greece,grc,sesame seed,tonnes,,1928-1932,5100.0,iia_1938_39,yes,no,
iia,guinea,gin,sesame seed,ha,,1928-1932,5000.0,iia_1938_39,yes,no,
iia,guinea,gin,sesame seed,tonnes,,1928-1932,1800.0,iia_1938_39,yes,no,
iia,india,ind,sesame seed,ha,,1928-1932,1000.0,iia_1938_39,yes,no,
iia,india,ind,sesame seed,tonnes,,1928-1932,300.0,iia_1938_39,yes,no,
iia,indonesia,idn,sesame seed,ha,,1928-1932,16000.0,iia_1938_39,yes,no,
iia,indonesia,idn,sesame seed,tonnes,,1928-1932,5400.0,iia_1938_39,yes,no,
iia,iran,irn,sesame seed,tonnes,,1928-1932,3300.0,iia_1938_39,yes,no,
iia,israel,isr,sesame seed,tonnes,,1928-1932,2200.0,iia_1938_39,yes,no,
iia,italy,ita,sesame seed,tonnes,,1928-1932,100.0,iia_1938_39,yes,no,
iia,japan,jpn,sesame seed,ha,,1928-1932,5000.0,iia_1938_39,yes,no,
iia,japan,jpn,sesame seed,tonnes,,1928-1932,3500.0,iia_1938_39,yes,no,
iia,jordan,jor,sesame seed,tonnes,,1928-1932,200.0,iia_1938_39,yes,no,
iia,kenya,ken,sesame seed,tonnes,,1928-1932,1300.0,iia_1938_39,yes,no,
iia,mexico,mex,sesame seed,ha,,1928-1932,28000.0,iia_1938_39,yes,no,
iia,mexico,mex,sesame seed,tonnes,,1928-1932,12800.0,iia_1938_39,yes,no,
iia,myanmar,mmr,sesame seed,ha,,1928-1932,529000.0,iia_1938_39,yes,no,
iia,myanmar,mmr,sesame seed,tonnes,,1928-1932,52800.0,iia_1938_39,yes,no,
iia,nigeria,nga,sesame seed,ha,,1928-1932,6000.0,iia_1938_39,yes,no,
iia,nigeria,nga,sesame seed,tonnes,,1928-1932,7600.0,iia_1938_39,yes,no,
iia,russian federation,rus,sesame seed,ha,,1928-1932,51000.0,iia_1938_39,yes,no,
iia,russian federation,rus,sesame seed,tonnes,,1928-1932,15800.0,iia_1938_39,yes,no,
iia,serbia,srb,sesame seed,ha,,1928-1932,0.0,iia_1938_39,yes,no,
iia,sierra leone,sle,sesame seed,ha,,1928-1932,0.0,iia_1938_39,yes,no,
iia,sierra leone,sle,sesame seed,tonnes,,1928-1932,100.0,iia_1938_39,yes,no,
iia,somalia,som,sesame seed,ha,,1928-1932,3000.0,iia_1938_39,yes,no,
iia,somalia,som,sesame seed,tonnes,,1928-1932,1100.0,iia_1938_39,yes,no,
iia,south korea,kor,sesame seed,ha,,1928-1932,10000.0,iia_1938_39,yes,no,
iia,south korea,kor,sesame seed,tonnes,,1928-1932,4400.0,iia_1938_39,yes,no,
iia,syrian arab republic,syr,sesame seed,ha,,1928-1932,4000.0,iia_1938_39,yes,no,
iia,syrian arab republic,syr,sesame seed,tonnes,,1928-1932,2400.0,iia_1938_39,yes,no,
iia,tanzania,tza,sesame seed,tonnes,,1928-1932,3900.0,iia_1938_39,yes,no,
iia,thailand,tha,sesame seed,ha,,1928-1932,1000.0,iia_1938_39,yes,no,
iia,thailand,tha,sesame seed,tonnes,,1928-1932,900.0,iia_1938_39,yes,no,
iia,turkey,tur,sesame seed,ha,,1928-1932,50000.0,iia_1938_39,yes,no,
iia,turkey,tur,sesame seed,tonnes,,1928-1932,30200.0,iia_1938_39,yes,no,
iia,viet nam,vnm,sesame seed,tonnes,,1928-1932,400.0,iia_1938_39,yes,no,
iia,algeria,dza,"silk-worm cocoons, reelable",tonnes,,1928-1932,4.0,iia_1938_39,yes,no,
iia,brazil,bra,"silk-worm cocoons, reelable",tonnes,,1928-1932,300.0,iia_1938_39,yes,no,
iia,bulgaria,bgr,"silk-worm cocoons, reelable",tonnes,,1928-1932,1805.0,iia_1938_39,yes,no,
iia,"china, taiwan province of",twn,"silk-worm cocoons, reelable",tonnes,,1928-1932,74.0,iia_1938_39,yes,no,
iia,cyprus,cyp,"silk-worm cocoons, reelable",tonnes,,1928-1932,216.0,iia_1938_39,yes,no,
iia,czech republic,cze,"silk-worm cocoons, reelable",tonnes,,1928-1932,19.0,iia_1938_39,yes,no,
iia,egypt,egy,"silk-worm cocoons, reelable",tonnes,,1928-1932,36.0,iia_1938_39,yes,no,
iia,france,fra,"silk-worm cocoons, reelable",tonnes,,1928-1932,1807.0,iia_1938_39,yes,no,
iia,greece,grc,"silk-worm cocoons, reelable",tonnes,,1928-1932,2132.0,iia_1938_39,yes,no,
iia,hungary,hun,"silk-worm cocoons, reelable",tonnes,,1928-1932,568.0,iia_1938_39,yes,no,
iia,iran,irn,"silk-worm cocoons, reelable",tonnes,,1928-1932,1538.0,iia_1938_39,yes,no,
iia,iraq,irq,"silk-worm cocoons, reelable",tonnes,,1928-1932,14.0,iia_1938_39,yes,no,
iia,italy,ita,"silk-worm cocoons, reelable",tonnes,,1928-1932,46255.0,iia_1938_39,yes,no,
iia,japan,jpn,"silk-worm cocoons, reelable",tonnes,,1928-1932,191489.0,iia_1938_39,yes,no,
iia,libya,lby,"silk-worm cocoons, reelable",tonnes,,1928-1932,2.0,iia_1938_39,yes,no,
iia,madagascar,mdg,"silk-worm cocoons, reelable",tonnes,,1928-1932,4.0,iia_1938_39,yes,no,
iia,portugal,prt,"silk-worm cocoons, reelable",tonnes,,1928-1932,13.0,iia_1938_39,yes,no,
iia,romania,rou,"silk-worm cocoons, reelable",tonnes,,1928-1932,386.0,iia_1938_39,yes,no,
iia,russian federation,rus,"silk-worm cocoons, reelable",tonnes,,1928-1932,15586.0,iia_1938_39,yes,no,
iia,serbia,srb,"silk-worm cocoons, reelable",tonnes,,1928-1932,984.0,iia_1938_39,yes,no,
iia,south korea,kor,"silk-worm cocoons, reelable",tonnes,,1928-1932,16559.0,iia_1938_39,yes,no,
iia,spain,esp,"silk-worm cocoons, reelable",tonnes,,1928-1932,708.0,iia_1938_39,yes,no,
iia,switzerland,che,"silk-worm cocoons, reelable",tonnes,,1928-1932,13.0,iia_1938_39,yes,no,
iia,syrian arab republic,syr,"silk-worm cocoons, reelable",tonnes,,1928-1932,3004.0,iia_1938_39,yes,no,
iia,turkey,tur,"silk-worm cocoons, reelable",tonnes,,1928-1932,1275.0,iia_1938_39,yes,no,
iia,viet nam,vnm,"silk-worm cocoons, reelable",tonnes,,1928-1932,3632.0,iia_1938_39,yes,no,
iia,austria,aut,soybeans,ha,,1928-1932,0.0,iia_1938_39,yes,no,
iia,austria,aut,soybeans,tonnes,,1928-1932,100.0,iia_1938_39,yes,no,
iia,"china, mainland",chn,soybeans,ha,,1928-1932,5357000.0,iia_1938_39,yes,no,
iia,"china, mainland",chn,soybeans,tonnes,,1928-1932,6153400.0,iia_1938_39,yes,no,
iia,"china, taiwan province of",twn,soybeans,ha,,1928-1932,9000.0,iia_1938_39,yes,no,
iia,"china, taiwan province of",twn,soybeans,tonnes,,1928-1932,4900.0,iia_1938_39,yes,no,
iia,indonesia,idn,soybeans,ha,,1928-1932,206000.0,iia_1938_39,yes,no,
iia,indonesia,idn,soybeans,tonnes,,1928-1932,125800.0,iia_1938_39,yes,no,
iia,japan,jpn,soybeans,ha,,1928-1932,351000.0,iia_1938_39,yes,no,
iia,japan,jpn,soybeans,tonnes,,1928-1932,349900.0,iia_1938_39,yes,no,
iia,poland,pol,soybeans,ha,,1928-1932,1000.0,iia_1938_39,yes,no,
iia,poland,pol,soybeans,tonnes,,1928-1932,1300.0,iia_1938_39,yes,no,
iia,russian federation,rus,soybeans,ha,,1928-1932,244000.0,iia_1938_39,yes,no,
iia,russian federation,rus,soybeans,tonnes,,1928-1932,118900.0,iia_1938_39,yes,no,
iia,south korea,kor,soybeans,ha,,1928-1932,791000.0,iia_1938_39,yes,no,
iia,south korea,kor,soybeans,tonnes,,1928-1932,533300.0,iia_1938_39,yes,no,
iia,united states of america,usa,soybeans,ha,,1928-1932,354000.0,iia_1938_39,yes,no,
iia,united states of america,usa,soybeans,tonnes,,1928-1932,340000.0,iia_1938_39,yes,no,
iia,angola,ago,sugar raw centrifugal,tonnes,,1928-1932,15400.0,iia_1938_39,yes,no,
iia,antigua and barbuda,atg,sugar raw centrifugal,tonnes,,1928-1932,15700.0,iia_1938_39,yes,no,
iia,argentina,arg,sugar raw centrifugal,tonnes,,1928-1932,356500.0,iia_1938_39,yes,no,
iia,australia,aus,sugar raw centrifugal,tonnes,,1928-1932,524800.0,iia_1938_39,yes,no,
iia,austria,aut,sugar raw centrifugal,tonnes,,1928-1932,124200.0,iia_1938_39,yes,no,
iia,barbados,brb,sugar raw centrifugal,tonnes,,1928-1932,70800.0,iia_1938_39,yes,no,
iia,belgium,bel,sugar raw centrifugal,tonnes,,1928-1932,229000.0,iia_1938_39,yes,no,
iia,brazil,bra,sugar raw centrifugal,tonnes,,1928-1932,1041900.0,iia_1938_39,yes,no,
iia,bulgaria,bgr,sugar raw centrifugal,tonnes,,1928-1932,33500.0,iia_1938_39,yes,no,
iia,cabo verde,cpv,sugar raw centrifugal,tonnes,,1928-1932,300.0,iia_1938_39,yes,no,
iia,canada,can,sugar raw centrifugal,tonnes,,1928-1932,42400.0,iia_1938_39,yes,no,
iia,"china, taiwan province of",twn,sugar raw centrifugal,tonnes,,1928-1932,804000.0,iia_1938_39,yes,no,
iia,colombia,col,sugar raw centrifugal,tonnes,,1928-1932,27100.0,iia_1938_39,yes,no,
iia,cuba,cub,sugar raw centrifugal,tonnes,,1928-1932,3348000.0,iia_1938_39,yes,no,
iia,czech republic,cze,sugar raw centrifugal,tonnes,,1928-1932,822800.0,iia_1938_39,yes,no,
iia,denmark,dnk,sugar raw centrifugal,tonnes,,1928-1932,141200.0,iia_1938_39,yes,no,
iia,dominican republic,dom,sugar raw centrifugal,tonnes,,1928-1932,350800.0,iia_1938_39,yes,no,
iia,dr congo,cod,sugar raw centrifugal,tonnes,,1928-1932,2900.0,iia_1938_39,yes,no,
iia,ecuador,ecu,sugar raw centrifugal,tonnes,,1928-1932,20500.0,iia_1938_39,yes,no,
iia,egypt,egy,sugar raw centrifugal,tonnes,,1928-1932,131200.0,iia_1938_39,yes,no,
iia,el salvador,slv,sugar raw centrifugal,tonnes,,1928-1932,20700.0,iia_1938_39,yes,no,
iia,fiji,fji,sugar raw centrifugal,tonnes,,1928-1932,94200.0,iia_1938_39,yes,no,
iia,finland,fin,sugar raw centrifugal,tonnes,,1928-1932,3400.0,iia_1938_39,yes,no,
iia,france,fra,sugar raw centrifugal,tonnes,,1928-1932,886500.0,iia_1938_39,yes,no,
iia,french polynesia,pyf,sugar raw centrifugal,tonnes,,1928-1932,200.0,iia_1938_39,yes,no,
iia,germany,deu,sugar raw centrifugal,tonnes,,1928-1932,1634900.0,iia_1938_39,yes,no,
iia,guadeloupe,rlam,sugar raw centrifugal,tonnes,,1928-1932,27200.0,iia_1938_39,yes,no,
iia,guatemala,gtm,sugar raw centrifugal,tonnes,,1928-1932,44200.0,iia_1938_39,yes,no,
iia,guyana,guy,sugar raw centrifugal,tonnes,,1928-1932,134500.0,iia_1938_39,yes,no,
iia,haiti,hti,sugar raw centrifugal,tonnes,,1928-1932,19400.0,iia_1938_39,yes,no,
iia,honduras,hnd,sugar raw centrifugal,tonnes,,1928-1932,8000.0,iia_1938_39,yes,no,
iia,hungary,hun,sugar raw centrifugal,tonnes,,1928-1932,167300.0,iia_1938_39,yes,no,
iia,indonesia,idn,sugar raw centrifugal,tonnes,,1928-1932,2498400.0,iia_1938_39,yes,no,
iia,iran,irn,sugar raw centrifugal,tonnes,,1928-1932,2300.0,iia_1938_39,yes,no,
iia,ireland,irl,sugar raw centrifugal,tonnes,,1928-1932,18600.0,iia_1938_39,yes,no,
iia,italy,ita,sugar raw centrifugal,tonnes,,1928-1932,356500.0,iia_1938_39,yes,no,
iia,jamaica,jam,sugar raw centrifugal,tonnes,,1928-1932,58400.0,iia_1938_39,yes,no,
iia,japan,jpn,sugar raw centrifugal,tonnes,,1928-1932,78200.0,iia_1938_39,yes,no,
iia,kenya,ken,sugar raw centrifugal,tonnes,,1928-1932,6600.0,iia_1938_39,yes,no,
iia,latvia,lva,sugar raw centrifugal,tonnes,,1928-1932,9000.0,iia_1938_39,yes,no,
iia,lithuania,ltu,sugar raw centrifugal,tonnes,,1928-1932,11500.0,iia_1938_39,yes,no,
iia,madagascar,mdg,sugar raw centrifugal,tonnes,,1928-1932,6000.0,iia_1938_39,yes,no,
iia,martinique,rlam,sugar raw centrifugal,tonnes,,1928-1932,41800.0,iia_1938_39,yes,no,
iia,mauritius,mus,sugar raw centrifugal,tonnes,,1928-1932,224700.0,iia_1938_39,yes,no,
iia,mexico,mex,sugar raw centrifugal,tonnes,,1928-1932,214200.0,iia_1938_39,yes,no,
iia,micronesia (federated states of),roce,sugar raw centrifugal,tonnes,,1928-1932,30900.0,iia_1938_39,yes,no,
iia,montserrat,rlam,sugar raw centrifugal,tonnes,,1928-1932,100.0,iia_1938_39,yes,no,
iia,mozambique,moz,sugar raw centrifugal,tonnes,,1928-1932,81900.0,iia_1938_39,yes,no,
iia,netherlands,nld,sugar raw centrifugal,tonnes,,1928-1932,232800.0,iia_1938_39,yes,no,
iia,nicaragua,nic,sugar raw centrifugal,tonnes,,1928-1932,11800.0,iia_1938_39,yes,no,
iia,paraguay,pry,sugar raw centrifugal,tonnes,,1928-1932,6700.0,iia_1938_39,yes,no,
iia,peru,per,sugar raw centrifugal,tonnes,,1928-1932,407700.0,iia_1938_39,yes,no,
iia,philippines,phl,sugar raw centrifugal,tonnes,,1928-1932,946000.0,iia_1938_39,yes,no,
iia,poland,pol,sugar raw centrifugal,tonnes,,1928-1932,602500.0,iia_1938_39,yes,no,
iia,reunion,rafr,sugar raw centrifugal,tonnes,,1928-1932,47300.0,iia_1938_39,yes,no,
iia,romania,rou,sugar raw centrifugal,tonnes,,1928-1932,94600.0,iia_1938_39,yes,no,
iia,russian federation,rus,sugar raw centrifugal,tonnes,,1928-1932,1199800.0,iia_1938_39,yes,no,
iia,saint kitts and nevis,kna,sugar raw centrifugal,tonnes,,1928-1932,18000.0,iia_1938_39,yes,no,
iia,saint lucia,lca,sugar raw centrifugal,tonnes,,1928-1932,5200.0,iia_1938_39,yes,no,
iia,saint vincent and the grenadines,vct,sugar raw centrifugal,tonnes,,1928-1932,1900.0,iia_1938_39,yes,no,
iia,serbia,srb,sugar raw centrifugal,tonnes,,1928-1932,96500.0,iia_1938_39,yes,no,
iia,somalia,som,sugar raw centrifugal,tonnes,,1928-1932,3000.0,iia_1938_39,yes,no,
iia,south africa,zaf,sugar raw centrifugal,tonnes,,1928-1932,303500.0,iia_1938_39,yes,no,
iia,south korea,kor,sugar raw centrifugal,tonnes,,1928-1932,900.0,iia_1938_39,yes,no,
iia,spain,esp,sugar raw centrifugal,tonnes,,1928-1932,15400.0,iia_1938_39,yes,no,
iia,suriname,sur,sugar raw centrifugal,tonnes,,1928-1932,20200.0,iia_1938_39,yes,no,
iia,sweden,swe,sugar raw centrifugal,tonnes,,1928-1932,152700.0,iia_1938_39,yes,no,
iia,switzerland,che,sugar raw centrifugal,tonnes,,1928-1932,5700.0,iia_1938_39,yes,no,
iia,trinidad and tobago,tto,sugar raw centrifugal,tonnes,,1928-1932,98900.0,iia_1938_39,yes,no,
iia,turkey,tur,sugar raw centrifugal,tonnes,,1928-1932,15200.0,iia_1938_39,yes,no,
iia,united kingdom,gbr,sugar raw centrifugal,tonnes,,1928-1932,298900.0,iia_1938_39,yes,no,
iia,united states of america,usa,sugar raw centrifugal,tonnes,,1928-1932,1699200.0,iia_1938_39,yes,no,
iia,united states virgin islands,rlam,sugar raw centrifugal,tonnes,,1928-1932,3900.0,iia_1938_39,yes,no,
iia,venezuela,ven,sugar raw centrifugal,tonnes,,1928-1932,21400.0,iia_1938_39,yes,no,
iia,algeria,dza,"tangerines, mandarins, clementines, satsumas",ha,,1928-1932,3000.0,iia_1938_39,yes,no,
iia,algeria,dza,"tangerines, mandarins, clementines, satsumas",tonnes,,1928-1932,27600.0,iia_1938_39,yes,no,
iia,france,fra,"tangerines, mandarins, clementines, satsumas",tonnes,,1928-1932,200.0,iia_1938_39,yes,no,
iia,greece,grc,"tangerines, mandarins, clementines, satsumas",tonnes,,1928-1932,4100.0,iia_1938_39,yes,no,
iia,japan,jpn,"tangerines, mandarins, clementines, satsumas",ha,,1928-1932,29000.0,iia_1938_39,yes,no,
iia,japan,jpn,"tangerines, mandarins, clementines, satsumas",tonnes,,1928-1932,310100.0,iia_1938_39,yes,no,
iia,paraguay,pry,"tangerines, mandarins, clementines, satsumas",tonnes,,1928-1932,1200.0,iia_1938_39,yes,no,
iia,philippines,phl,"tangerines, mandarins, clementines, satsumas",ha,,1928-1932,2000.0,iia_1938_39,yes,no,
iia,philippines,phl,"tangerines, mandarins, clementines, satsumas",tonnes,,1928-1932,2300.0,iia_1938_39,yes,no,
iia,south africa,zaf,"tangerines, mandarins, clementines, satsumas",ha,,1928-1932,1000.0,iia_1938_39,yes,no,
iia,south africa,zaf,"tangerines, mandarins, clementines, satsumas",tonnes,,1928-1932,900.0,iia_1938_39,yes,no,
iia,azerbaijan,aze,tea,ha,,1928-1932,15000.0,iia_1938_39,yes,no,
iia,azerbaijan,aze,tea,tonnes,,1928-1932,320.0,iia_1938_39,yes,no,
iia,"china, mainland",chn,tea,tonnes,,1928-1932,47453.0,iia_1938_39,yes,no,
iia,"china, taiwan province of",twn,tea,ha,,1928-1932,45000.0,iia_1938_39,yes,no,
iia,"china, taiwan province of",twn,tea,tonnes,,1928-1932,10180.0,iia_1938_39,yes,no,
iia,indonesia,idn,tea,ha,,1928-1932,126000.0,iia_1938_39,yes,no,
iia,indonesia,idn,tea,tonnes,,1928-1932,65219.0,iia_1938_39,yes,no,
iia,iran,irn,tea,ha,,1928-1932,1000.0,iia_1938_39,yes,no,
iia,iran,irn,tea,tonnes,,1928-1932,155.0,iia_1938_39,yes,no,
iia,japan,jpn,tea,ha,,1928-1932,40000.0,iia_1938_39,yes,no,
iia,japan,jpn,tea,tonnes,,1928-1932,16.0,iia_1938_39,yes,no,
iia,kenya,ken,tea,ha,,1928-1932,4000.0,iia_1938_39,yes,no,
iia,kenya,ken,tea,tonnes,,1928-1932,506.0,iia_1938_39,yes,no,
iia,malawi,mwi,tea,ha,,1928-1932,4000.0,iia_1938_39,yes,no,
iia,malawi,mwi,tea,tonnes,,1928-1932,902.0,iia_1938_39,yes,no,
iia,malaysia,mys,tea,ha,,1928-1932,1000.0,iia_1938_39,yes,no,
iia,mauritius,mus,tea,ha,,1928-1932,0.0,iia_1938_39,yes,no,
iia,mauritius,mus,tea,tonnes,,1928-1932,17.0,iia_1938_39,yes,no,
iia,mozambique,moz,tea,ha,,1928-1932,0.0,iia_1938_39,yes,no,
iia,mozambique,moz,tea,tonnes,,1928-1932,87.0,iia_1938_39,yes,no,
iia,myanmar,mmr,tea,ha,,1928-1932,22000.0,iia_1938_39,yes,no,
iia,south africa,zaf,tea,ha,,1928-1932,1000.0,iia_1938_39,yes,no,
iia,south africa,zaf,tea,tonnes,,1928-1932,288.0,iia_1938_39,yes,no,
iia,sri lanka,lka,tea,ha,,1928-1932,185000.0,iia_1938_39,yes,no,
iia,sri lanka,lka,tea,tonnes,,1928-1932,110776.0,iia_1938_39,yes,no,
iia,viet nam,vnm,tea,ha,,1928-1932,5000.0,iia_1938_39,yes,no,
iia,viet nam,vnm,tea,tonnes,,1928-1932,1800.0,iia_1938_39,yes,no,
iia,albania,alb,"tobacco, unmanufactured",ha,,1928-1932,1000.0,iia_1938_39,yes,no,
iia,albania,alb,"tobacco, unmanufactured",tonnes,,1928-1932,97300.0,iia_1938_39,yes,no,no
iia,algeria,dza,"tobacco, unmanufactured",ha,,1928-1932,24000.0,iia_1938_39,yes,no,
iia,algeria,dza,"tobacco, unmanufactured",tonnes,,1928-1932,2030000.0,iia_1938_39,yes,no,yes
iia,american samoa,roce,"tobacco, unmanufactured",ha,,1928-1932,0.0,iia_1938_39,yes,no,
iia,american samoa,roce,"tobacco, unmanufactured",tonnes,,1928-1932,4600.0,iia_1938_39,yes,no,no
iia,angola,ago,"tobacco, unmanufactured",ha,,1928-1932,2000.0,iia_1938_39,yes,no,
iia,angola,ago,"tobacco, unmanufactured",tonnes,,1928-1932,96200.0,iia_1938_39,yes,no,no
iia,argentina,arg,"tobacco, unmanufactured",ha,,1928-1932,13000.0,iia_1938_39,yes,no,
iia,argentina,arg,"tobacco, unmanufactured",tonnes,,1928-1932,1254700.0,iia_1938_39,yes,no,yes
iia,australia,aus,"tobacco, unmanufactured",ha,,1928-1932,4000.0,iia_1938_39,yes,no,
iia,australia,aus,"tobacco, unmanufactured",tonnes,,1928-1932,227000.0,iia_1938_39,yes,no,no
iia,belgium,bel,"tobacco, unmanufactured",ha,,1928-1932,3000.0,iia_1938_39,yes,no,
iia,belgium,bel,"tobacco, unmanufactured",tonnes,,1928-1932,672200.0,iia_1938_39,yes,no,yes
iia,benin,ben,"tobacco, unmanufactured",ha,,1928-1932,0.0,iia_1938_39,yes,no,
iia,benin,ben,"tobacco, unmanufactured",tonnes,,1928-1932,2900.0,iia_1938_39,yes,no,no
iia,bolivia,bol,"tobacco, unmanufactured",ha,,1928-1932,6000.0,iia_1938_39,yes,no,
iia,bolivia,bol,"tobacco, unmanufactured",tonnes,,1928-1932,480000.0,iia_1938_39,yes,no,no
iia,brazil,bra,"tobacco, unmanufactured",ha,,1928-1932,94000.0,iia_1938_39,yes,no,
iia,brazil,bra,"tobacco, unmanufactured",tonnes,,1928-1932,9643700.0,iia_1938_39,yes,no,yes
iia,bulgaria,bgr,"tobacco, unmanufactured",ha,,1928-1932,29000.0,iia_1938_39,yes,no,
iia,bulgaria,bgr,"tobacco, unmanufactured",tonnes,,1928-1932,2486100.0,iia_1938_39,yes,no,yes
iia,burkina faso,bfa,"tobacco, unmanufactured",ha,,1928-1932,2000.0,iia_1938_39,yes,no,
iia,burkina faso,bfa,"tobacco, unmanufactured",tonnes,,1928-1932,60200.0,iia_1938_39,yes,no,no
iia,burundi,bdi,"tobacco, unmanufactured",ha,,1928-1932,1000.0,iia_1938_39,yes,no,
iia,burundi,bdi,"tobacco, unmanufactured",tonnes,,1928-1932,60500.0,iia_1938_39,yes,no,no
iia,cameroon,cmr,"tobacco, unmanufactured",ha,,1928-1932,0.0,iia_1938_39,yes,no,
iia,cameroon,cmr,"tobacco, unmanufactured",tonnes,,1928-1932,7700.0,iia_1938_39,yes,no,no
iia,canada,can,"tobacco, unmanufactured",ha,,1928-1932,19000.0,iia_1938_39,yes,no,
iia,canada,can,"tobacco, unmanufactured",tonnes,,1928-1932,1941100.0,iia_1938_39,yes,no,yes
iia,chile,chl,"tobacco, unmanufactured",ha,,1928-1932,3000.0,iia_1938_39,yes,no,
iia,chile,chl,"tobacco, unmanufactured",tonnes,,1928-1932,604500.0,iia_1938_39,yes,no,yes
iia,"china, taiwan province of",twn,"tobacco, unmanufactured",ha,,1928-1932,1000.0,iia_1938_39,yes,no,
iia,"china, taiwan province of",twn,"tobacco, unmanufactured",tonnes,,1928-1932,141200.0,iia_1938_39,yes,no,no
iia,colombia,col,"tobacco, unmanufactured",ha,,1928-1932,7000.0,iia_1938_39,yes,no,
iia,colombia,col,"tobacco, unmanufactured",tonnes,,1928-1932,859600.0,iia_1938_39,yes,no,yes
iia,congo,cog,"tobacco, unmanufactured",ha,,1928-1932,11000.0,iia_1938_39,yes,no,
iia,congo,cog,"tobacco, unmanufactured",tonnes,,1928-1932,95200.0,iia_1938_39,yes,no,no
iia,costa rica,cri,"tobacco, unmanufactured",ha,,1928-1932,2000.0,iia_1938_39,yes,no,
iia,costa rica,cri,"tobacco, unmanufactured",tonnes,,1928-1932,123900.0,iia_1938_39,yes,no,no
iia,cuba,cub,"tobacco, unmanufactured",ha,,1928-1932,56000.0,iia_1938_39,yes,no,
iia,cuba,cub,"tobacco, unmanufactured",tonnes,,1928-1932,3055700.0,iia_1938_39,yes,no,yes
iia,cyprus,cyp,"tobacco, unmanufactured",ha,,1928-1932,0.0,iia_1938_39,yes,no,
iia,cyprus,cyp,"tobacco, unmanufactured",tonnes,,1928-1932,17600.0,iia_1938_39,yes,no,no
iia,czech republic,cze,"tobacco, unmanufactured",ha,,1928-1932,8000.0,iia_1938_39,yes,no,
iia,czech republic,cze,"tobacco, unmanufactured",tonnes,,1928-1932,1137900.0,iia_1938_39,yes,no,yes
iia,dominican republic,dom,"tobacco, unmanufactured",tonnes,,1928-1932,1094900.0,iia_1938_39,yes,no,yes
iia,dr congo,cod,"tobacco, unmanufactured",ha,,1928-1932,5000.0,iia_1938_39,yes,no,
iia,dr congo,cod,"tobacco, unmanufactured",tonnes,,1928-1932,366700.0,iia_1938_39,yes,no,no
iia,ecuador,ecu,"tobacco, unmanufactured",tonnes,,1928-1932,25300.0,iia_1938_39,yes,no,no
iia,eritrea,eri,"tobacco, unmanufactured",ha,,1928-1932,0.0,iia_1938_39,yes,no,
iia,eritrea,eri,"tobacco, unmanufactured",tonnes,,1928-1932,2100.0,iia_1938_39,yes,no,no
iia,eswatini,swz,"tobacco, unmanufactured",ha,,1928-1932,0.0,iia_1938_39,yes,no,
iia,eswatini,swz,"tobacco, unmanufactured",tonnes,,1928-1932,28900.0,iia_1938_39,yes,no,no
iia,fiji,fji,"tobacco, unmanufactured",ha,,1928-1932,0.0,iia_1938_39,yes,no,
iia,fiji,fji,"tobacco, unmanufactured",tonnes,,1928-1932,3800.0,iia_1938_39,yes,no,no
iia,france,fra,"tobacco, unmanufactured",ha,,1928-1932,16000.0,iia_1938_39,yes,no,
iia,france,fra,"tobacco, unmanufactured",tonnes,,1928-1932,2897600.0,iia_1938_39,yes,no,yes
iia,french polynesia,pyf,"tobacco, unmanufactured",ha,,1928-1932,0.0,iia_1938_39,yes,no,
iia,french polynesia,pyf,"tobacco, unmanufactured",tonnes,,1928-1932,600.0,iia_1938_39,yes,no,no
iia,germany,deu,"tobacco, unmanufactured",ha,,1928-1932,10000.0,iia_1938_39,yes,no,
iia,germany,deu,"tobacco, unmanufactured",tonnes,,1928-1932,2382400.0,iia_1938_39,yes,no,yes
iia,greece,grc,"tobacco, unmanufactured",ha,,1928-1932,88000.0,iia_1938_39,yes,no,
iia,greece,grc,"tobacco, unmanufactured",tonnes,,1928-1932,5359600.0,iia_1938_39,yes,no,yes
iia,guatemala,gtm,"tobacco, unmanufactured",ha,,1928-1932,0.0,iia_1938_39,yes,no,
iia,guatemala,gtm,"tobacco, unmanufactured",tonnes,,1928-1932,4400.0,iia_1938_39,yes,no,no
iia,guinea,gin,"tobacco, unmanufactured",ha,,1928-1932,1000.0,iia_1938_39,yes,no,
iia,guinea,gin,"tobacco, unmanufactured",tonnes,,1928-1932,53600.0,iia_1938_39,yes,no,no
iia,honduras,hnd,"tobacco, unmanufactured",ha,,1928-1932,6000.0,iia_1938_39,yes,no,
iia,honduras,hnd,"tobacco, unmanufactured",tonnes,,1928-1932,337300.0,iia_1938_39,yes,no,no
iia,hungary,hun,"tobacco, unmanufactured",ha,,1928-1932,24000.0,iia_1938_39,yes,no,
iia,hungary,hun,"tobacco, unmanufactured",tonnes,,1928-1932,3326100.0,iia_1938_39,yes,no,yes
iia,indonesia,idn,"tobacco, unmanufactured",ha,,1928-1932,50000.0,iia_1938_39,yes,no,
iia,indonesia,idn,"tobacco, unmanufactured",tonnes,,1928-1932,4846900.0,iia_1938_39,yes,no,yes
iia,iran,irn,"tobacco, unmanufactured",ha,,1928-1932,11000.0,iia_1938_39,yes,no,
iia,iran,irn,"tobacco, unmanufactured",tonnes,,1928-1932,1353300.0,iia_1938_39,yes,no,yes
iia,iraq,irq,"tobacco, unmanufactured",ha,,1928-1932,4000.0,iia_1938_39,yes,no,
iia,iraq,irq,"tobacco, unmanufactured",tonnes,,1928-1932,407700.0,iia_1938_39,yes,no,no
iia,israel,isr,"tobacco, unmanufactured",ha,,1928-1932,2000.0,iia_1938_39,yes,no,
iia,israel,isr,"tobacco, unmanufactured",tonnes,,1928-1932,71400.0,iia_1938_39,yes,no,no
iia,italy,ita,"tobacco, unmanufactured",ha,,1928-1932,40000.0,iia_1938_39,yes,no,
iia,italy,ita,"tobacco, unmanufactured",tonnes,,1928-1932,4716400.0,iia_1938_39,yes,no,yes
iia,ivory coast,civ,"tobacco, unmanufactured",ha,,1928-1932,9000.0,iia_1938_39,yes,no,
iia,ivory coast,civ,"tobacco, unmanufactured",tonnes,,1928-1932,2200.0,iia_1938_39,yes,no,no
iia,japan,jpn,"tobacco, unmanufactured",ha,,1928-1932,36000.0,iia_1938_39,yes,no,
iia,japan,jpn,"tobacco, unmanufactured",tonnes,,1928-1932,6452000.0,iia_1938_39,yes,no,yes
iia,jordan,jor,"tobacco, unmanufactured",tonnes,,1928-1932,1100.0,iia_1938_39,yes,no,no
iia,libya,lby,"tobacco, unmanufactured",ha,,1928-1932,0.0,iia_1938_39,yes,no,
iia,libya,lby,"tobacco, unmanufactured",tonnes,,1928-1932,38000.0,iia_1938_39,yes,no,no
iia,madagascar,mdg,"tobacco, unmanufactured",ha,,1928-1932,10000.0,iia_1938_39,yes,no,
iia,madagascar,mdg,"tobacco, unmanufactured",tonnes,,1928-1932,886700.0,iia_1938_39,yes,no,yes
iia,malawi,mwi,"tobacco, unmanufactured",ha,,1928-1932,7000.0,iia_1938_39,yes,no,
iia,malawi,mwi,"tobacco, unmanufactured",tonnes,,1928-1932,282800.0,iia_1938_39,yes,no,no
iia,malaysia,mys,"tobacco, unmanufactured",ha,,1928-1932,0.0,iia_1938_39,yes,no,
iia,malaysia,mys,"tobacco, unmanufactured",tonnes,,1928-1932,33700.0,iia_1938_39,yes,no,no
iia,mali,mli,"tobacco, unmanufactured",ha,,1928-1932,2000.0,iia_1938_39,yes,no,
iia,mali,mli,"tobacco, unmanufactured",tonnes,,1928-1932,138400.0,iia_1938_39,yes,no,no
iia,mauritania,mrt,"tobacco, unmanufactured",ha,,1928-1932,0.0,iia_1938_39,yes,no,
iia,mauritania,mrt,"tobacco, unmanufactured",tonnes,,1928-1932,300.0,iia_1938_39,yes,no,no
iia,mauritius,mus,"tobacco, unmanufactured",ha,,1928-1932,1000.0,iia_1938_39,yes,no,
iia,mauritius,mus,"tobacco, unmanufactured",tonnes,,1928-1932,39300.0,iia_1938_39,yes,no,no
iia,mexico,mex,"tobacco, unmanufactured",ha,,1928-1932,15000.0,iia_1938_39,yes,no,
iia,mexico,mex,"tobacco, unmanufactured",tonnes,,1928-1932,1171900.0,iia_1938_39,yes,no,yes
iia,micronesia (federated states of),roce,"tobacco, unmanufactured",ha,,1928-1932,0.0,iia_1938_39,yes,no,
iia,micronesia (federated states of),roce,"tobacco, unmanufactured",tonnes,,1928-1932,1400.0,iia_1938_39,yes,no,no
iia,morocco,mar,"tobacco, unmanufactured",ha,,1928-1932,0.0,iia_1938_39,yes,no,
iia,morocco,mar,"tobacco, unmanufactured",tonnes,,1928-1932,18400.0,iia_1938_39,yes,no,no
iia,mozambique,moz,"tobacco, unmanufactured",ha,,1928-1932,1000.0,iia_1938_39,yes,no,
iia,mozambique,moz,"tobacco, unmanufactured",tonnes,,1928-1932,39000.0,iia_1938_39,yes,no,no
iia,myanmar,mmr,"tobacco, unmanufactured",ha,,1928-1932,44000.0,iia_1938_39,yes,no,
iia,myanmar,mmr,"tobacco, unmanufactured",tonnes,,1928-1932,4938000.0,iia_1938_39,yes,no,yes
iia,namibia,nam,"tobacco, unmanufactured",tonnes,,1928-1932,500.0,iia_1938_39,yes,no,no
iia,netherlands,nld,"tobacco, unmanufactured",ha,,1928-1932,0.0,iia_1938_39,yes,no,
iia,new zealand,nzl,"tobacco, unmanufactured",ha,,1928-1932,1000.0,iia_1938_39,yes,no,
iia,new zealand,nzl,"tobacco, unmanufactured",tonnes,,1928-1932,50300.0,iia_1938_39,yes,no,no
iia,nicaragua,nic,"tobacco, unmanufactured",tonnes,,1928-1932,73300.0,iia_1938_39,yes,no,no
iia,niger,ner,"tobacco, unmanufactured",ha,,1928-1932,0.0,iia_1938_39,yes,no,
iia,niger,ner,"tobacco, unmanufactured",tonnes,,1928-1932,11000.0,iia_1938_39,yes,no,no
iia,paraguay,pry,"tobacco, unmanufactured",ha,,1928-1932,9000.0,iia_1938_39,yes,no,
iia,paraguay,pry,"tobacco, unmanufactured",tonnes,,1928-1932,1259800.0,iia_1938_39,yes,no,yes
iia,philippines,phl,"tobacco, unmanufactured",ha,,1928-1932,79000.0,iia_1938_39,yes,no,
iia,philippines,phl,"tobacco, unmanufactured",tonnes,,1928-1932,4567300.0,iia_1938_39,yes,no,yes
iia,poland,pol,"tobacco, unmanufactured",ha,,1928-1932,5000.0,iia_1938_39,yes,no,
iia,poland,pol,"tobacco, unmanufactured",tonnes,,1928-1932,761000.0,iia_1938_39,yes,no,yes
iia,reunion,rafr,"tobacco, unmanufactured",ha,,1928-1932,0.0,iia_1938_39,yes,no,
iia,reunion,rafr,"tobacco, unmanufactured",tonnes,,1928-1932,58700.0,iia_1938_39,yes,no,no
iia,romania,rou,"tobacco, unmanufactured",ha,,1928-1932,24000.0,iia_1938_39,yes,no,
iia,romania,rou,"tobacco, unmanufactured",tonnes,,1928-1932,1677800.0,iia_1938_39,yes,no,yes
iia,russian federation,rus,"tobacco, unmanufactured",ha,,1928-1932,143000.0,iia_1938_39,yes,no,
iia,russian federation,rus,"tobacco, unmanufactured",tonnes,,1928-1932,13728800.0,iia_1938_39,yes,no,yes
iia,serbia,srb,"tobacco, unmanufactured",ha,,1928-1932,16000.0,iia_1938_39,yes,no,
iia,serbia,srb,"tobacco, unmanufactured",tonnes,,1928-1932,1283000.0,iia_1938_39,yes,no,yes
iia,south africa,zaf,"tobacco, unmanufactured",ha,,1928-1932,9000.0,iia_1938_39,yes,no,
iia,south africa,zaf,"tobacco, unmanufactured",tonnes,,1928-1932,656800.0,iia_1938_39,yes,no,yes
iia,south korea,kor,"tobacco, unmanufactured",ha,,1928-1932,17000.0,iia_1938_39,yes,no,
iia,south korea,kor,"tobacco, unmanufactured",tonnes,,1928-1932,2000000.0,iia_1938_39,yes,no,yes
iia,spain,esp,"tobacco, unmanufactured",ha,,1928-1932,3000.0,iia_1938_39,yes,no,
iia,spain,esp,"tobacco, unmanufactured",tonnes,,1928-1932,579100.0,iia_1938_39,yes,no,yes
iia,sri lanka,lka,"tobacco, unmanufactured",ha,,1928-1932,6000.0,iia_1938_39,yes,no,
iia,sri lanka,lka,"tobacco, unmanufactured",tonnes,,1928-1932,400000.0,iia_1938_39,yes,no,no
iia,sweden,swe,"tobacco, unmanufactured",ha,,1928-1932,0.0,iia_1938_39,yes,no,
iia,sweden,swe,"tobacco, unmanufactured",tonnes,,1928-1932,55500.0,iia_1938_39,yes,no,no
iia,switzerland,che,"tobacco, unmanufactured",ha,,1928-1932,0.0,iia_1938_39,yes,no,
iia,switzerland,che,"tobacco, unmanufactured",tonnes,,1928-1932,66100.0,iia_1938_39,yes,no,no
iia,syrian arab republic,syr,"tobacco, unmanufactured",ha,,1928-1932,5000.0,iia_1938_39,yes,no,
iia,syrian arab republic,syr,"tobacco, unmanufactured",tonnes,,1928-1932,309800.0,iia_1938_39,yes,no,no
iia,thailand,tha,"tobacco, unmanufactured",ha,,1928-1932,9000.0,iia_1938_39,yes,no,
iia,thailand,tha,"tobacco, unmanufactured",tonnes,,1928-1932,581200.0,iia_1938_39,yes,no,yes
iia,tunisia,tun,"tobacco, unmanufactured",ha,,1928-1932,1000.0,iia_1938_39,yes,no,
iia,tunisia,tun,"tobacco, unmanufactured",tonnes,,1928-1932,58200.0,iia_1938_39,yes,no,no
iia,turkey,tur,"tobacco, unmanufactured",ha,,1928-1932,54000.0,iia_1938_39,yes,no,
iia,turkey,tur,"tobacco, unmanufactured",tonnes,,1928-1932,3918000.0,iia_1938_39,yes,no,yes
iia,united states of america,usa,"tobacco, unmanufactured",ha,,1928-1932,773000.0,iia_1938_39,yes,no,
iia,united states of america,usa,"tobacco, unmanufactured",tonnes,,1928-1932,65919800.0,iia_1938_39,yes,no,yes
iia,uruguay,ury,"tobacco, unmanufactured",ha,,1928-1932,0.0,iia_1938_39,yes,no,
iia,uruguay,ury,"tobacco, unmanufactured",tonnes,,1928-1932,47400.0,iia_1938_39,yes,no,no
iia,viet nam,vnm,"tobacco, unmanufactured",ha,,1928-1932,2000.0,iia_1938_39,yes,no,
iia,viet nam,vnm,"tobacco, unmanufactured",tonnes,,1928-1932,131000.0,iia_1938_39,yes,no,no
iia,zambia,zmb,"tobacco, unmanufactured",ha,,1928-1932,1000.0,iia_1938_39,yes,no,
iia,zambia,zmb,"tobacco, unmanufactured",tonnes,,1928-1932,56400.0,iia_1938_39,yes,no,no
iia,zimbabwe,zwe,"tobacco, unmanufactured",ha,,1928-1932,8000.0,iia_1938_39,yes,no,
iia,zimbabwe,zwe,"tobacco, unmanufactured",tonnes,,1928-1932,460200.0,iia_1938_39,yes,no,no
iia,austria,aut,wheat,ha,,1928-1932,10000.0,iia_1938_39,yes,no,
iia,austria,aut,wheat,tonnes,,1928-1932,13000.0,iia_1938_39,yes,no,
iia,belgium,bel,wheat,ha,,1928-1932,4000.0,iia_1938_39,yes,no,
iia,belgium,bel,wheat,tonnes,,1928-1932,6300.0,iia_1938_39,yes,no,
iia,bulgaria,bgr,wheat,ha,,1928-1932,98000.0,iia_1938_39,yes,no,
iia,bulgaria,bgr,wheat,tonnes,,1928-1932,115300.0,iia_1938_39,yes,no,
iia,canada,can,wheat,ha,,1928-1932,470000.0,iia_1938_39,yes,no,
iia,canada,can,wheat,tonnes,,1928-1932,806800.0,iia_1938_39,yes,no,
iia,czech republic,cze,wheat,ha,,1928-1932,9000.0,iia_1938_39,yes,no,
iia,czech republic,cze,wheat,tonnes,,1928-1932,13600.0,iia_1938_39,yes,no,
iia,denmark,dnk,wheat,ha,,1928-1932,309000.0,iia_1938_39,yes,no,
iia,denmark,dnk,wheat,tonnes,,1928-1932,763800.0,iia_1938_39,yes,no,
iia,estonia,est,wheat,ha,,1928-1932,70000.0,iia_1938_39,yes,no,
iia,estonia,est,wheat,tonnes,,1928-1932,75500.0,iia_1938_39,yes,no,
iia,finland,fin,wheat,ha,,1928-1932,11000.0,iia_1938_39,yes,no,
iia,finland,fin,wheat,tonnes,,1928-1932,17700.0,iia_1938_39,yes,no,
iia,france,fra,wheat,ha,,1928-1932,80000.0,iia_1938_39,yes,no,
iia,france,fra,wheat,tonnes,,1928-1932,98100.0,iia_1938_39,yes,no,
iia,germany,deu,wheat,ha,,1928-1932,362000.0,iia_1938_39,yes,no,
iia,germany,deu,wheat,tonnes,,1928-1932,627800.0,iia_1938_39,yes,no,
iia,greece,grc,wheat,ha,,1928-1932,47000.0,iia_1938_39,yes,no,
iia,greece,grc,wheat,tonnes,,1928-1932,25000.0,iia_1938_39,yes,no,
iia,latvia,lva,wheat,ha,,1928-1932,63000.0,iia_1938_39,yes,no,
iia,latvia,lva,wheat,tonnes,,1928-1932,72000.0,iia_1938_39,yes,no,
iia,lithuania,ltu,wheat,ha,,1928-1932,92000.0,iia_1938_39,yes,no,
iia,lithuania,ltu,wheat,tonnes,,1928-1932,106800.0,iia_1938_39,yes,no,
iia,luxembourg,lux,wheat,ha,,1928-1932,4000.0,iia_1938_39,yes,no,
iia,luxembourg,lux,wheat,tonnes,,1928-1932,5400.0,iia_1938_39,yes,no,
iia,norway,nor,wheat,ha,,1928-1932,6000.0,iia_1938_39,yes,no,
iia,norway,nor,wheat,tonnes,,1928-1932,11100.0,iia_1938_39,yes,no,
iia,poland,pol,wheat,ha,,1928-1932,141000.0,iia_1938_39,yes,no,
iia,poland,pol,wheat,tonnes,,1928-1932,217500.0,iia_1938_39,yes,no,
iia,russian federation,rus,wheat,ha,,1928-1932,283000.0,iia_1938_39,yes,no,
iia,serbia,srb,wheat,ha,,1928-1932,50000.0,iia_1938_39,yes,no,
iia,serbia,srb,wheat,tonnes,,1928-1932,44600.0,iia_1938_39,yes,no,
iia,spain,esp,wheat,ha,,1928-1932,43000.0,iia_1938_39,yes,no,
iia,spain,esp,wheat,tonnes,,1928-1932,23500.0,iia_1938_39,yes,no,
iia,sweden,swe,wheat,ha,,1928-1932,246000.0,iia_1938_39,yes,no,
iia,sweden,swe,wheat,tonnes,,1928-1932,505000.0,iia_1938_39,yes,no,
iia,switzerland,che,wheat,ha,,1928-1932,5000.0,iia_1938_39,yes,no,
iia,switzerland,che,wheat,tonnes,,1928-1932,11700.0,iia_1938_39,yes,no,
iia,turkey,tur,wheat,ha,,1928-1932,73000.0,iia_1938_39,yes,no,
iia,turkey,tur,wheat,tonnes,,1928-1932,77500.0,iia_1938_39,yes,no,
iia,united kingdom,gbr,wheat,ha,,1928-1932,50000.0,iia_1938_39,yes,no,
iia,united kingdom,gbr,wheat,tonnes,,1928-1932,99000.0,iia_1938_39,yes,no,
iia,algeria,dza,wine,ha,,1928-1932,277000.0,iia_1938_39,yes,no,
iia,algeria,dza,wine,tonnes,,1928-1932,1440062.0,iia_1938_39,yes,no,
iia,argentina,arg,wine,ha,,1928-1932,138000.0,iia_1938_39,yes,no,
iia,argentina,arg,wine,tonnes,,1928-1932,560951.0,iia_1938_39,yes,no,
iia,australia,aus,wine,ha,,1928-1932,19000.0,iia_1938_39,yes,no,
iia,australia,aus,wine,tonnes,,1928-1932,69064.0,iia_1938_39,yes,no,
iia,austria,aut,wine,ha,,1928-1932,30000.0,iia_1938_39,yes,no,
iia,austria,aut,wine,tonnes,,1928-1932,97291.0,iia_1938_39,yes,no,
iia,brazil,bra,wine,tonnes,,1928-1932,71683.0,iia_1938_39,yes,no,
iia,bulgaria,bgr,wine,ha,,1928-1932,76000.0,iia_1938_39,yes,no,
iia,bulgaria,bgr,wine,tonnes,,1928-1932,119407.0,iia_1938_39,yes,no,
iia,canada,can,wine,tonnes,,1928-1932,12804.0,iia_1938_39,yes,no,
iia,chile,chl,wine,ha,,1928-1932,82000.0,iia_1938_39,yes,no,
iia,chile,chl,wine,tonnes,,1928-1932,280815.0,iia_1938_39,yes,no,
iia,cyprus,cyp,wine,tonnes,,1928-1932,11446.0,iia_1938_39,yes,no,
iia,czech republic,cze,wine,ha,,1928-1932,15000.0,iia_1938_39,yes,no,
iia,czech republic,cze,wine,tonnes,,1928-1932,37054.0,iia_1938_39,yes,no,
iia,france,fra,wine,ha,,1928-1932,1529000.0,iia_1938_39,yes,no,
iia,france,fra,wine,tonnes,,1928-1932,5429575.0,iia_1938_39,yes,no,
iia,germany,deu,wine,ha,,1928-1932,72000.0,iia_1938_39,yes,no,
iia,germany,deu,wine,tonnes,,1928-1932,206610.0,iia_1938_39,yes,no,
iia,greece,grc,wine,ha,,1928-1932,135000.0,iia_1938_39,yes,no,
iia,greece,grc,wine,tonnes,,1928-1932,37830.0,iia_1938_39,yes,no,
iia,hungary,hun,wine,ha,,1928-1932,201000.0,iia_1938_39,yes,no,
iia,hungary,hun,wine,tonnes,,1928-1932,311370.0,iia_1938_39,yes,no,
iia,israel,isr,wine,tonnes,,1928-1932,2813.0,iia_1938_39,yes,no,
iia,italy,ita,wine,ha,,1928-1932,936000.0,iia_1938_39,yes,no,
iia,italy,ita,wine,tonnes,,1928-1932,3995430.0,iia_1938_39,yes,no,
iia,japan,jpn,wine,tonnes,,1928-1932,582.0,iia_1938_39,yes,no,
iia,libya,lby,wine,ha,,1928-1932,1000.0,iia_1938_39,yes,no,
iia,libya,lby,wine,tonnes,,1928-1932,679.0,iia_1938_39,yes,no,
iia,luxembourg,lux,wine,ha,,1928-1932,1000.0,iia_1938_39,yes,no,
iia,luxembourg,lux,wine,tonnes,,1928-1932,5529.0,iia_1938_39,yes,no,
iia,madagascar,mdg,wine,ha,,1928-1932,0.0,iia_1938_39,yes,no,
iia,madagascar,mdg,wine,tonnes,,1928-1932,194.0,iia_1938_39,yes,no,
iia,malta,mlt,wine,tonnes,,1928-1932,4074.0,iia_1938_39,yes,no,
iia,morocco,mar,wine,ha,,1928-1932,6000.0,iia_1938_39,yes,no,
iia,morocco,mar,wine,tonnes,,1928-1932,22601.0,iia_1938_39,yes,no,
iia,new zealand,nzl,wine,ha,,1928-1932,0.0,iia_1938_39,yes,no,
iia,new zealand,nzl,wine,tonnes,,1928-1932,291.0,iia_1938_39,yes,no,
iia,peru,per,wine,ha,,1928-1932,7000.0,iia_1938_39,yes,no,
iia,peru,per,wine,tonnes,,1928-1932,8439.0,iia_1938_39,yes,no,
iia,portugal,prt,wine,ha,,1928-1932,351000.0,iia_1938_39,yes,no,
iia,portugal,prt,wine,tonnes,,1928-1932,599169.0,iia_1938_39,yes,no,
iia,romania,rou,wine,ha,,1928-1932,210000.0,iia_1938_39,yes,no,
iia,romania,rou,wine,tonnes,,1928-1932,720128.0,iia_1938_39,yes,no,
iia,russian federation,rus,wine,ha,,1928-1932,220000.0,iia_1938_39,yes,no,
iia,russian federation,rus,wine,tonnes,,1928-1932,437373.0,iia_1938_39,yes,no,
iia,serbia,srb,wine,ha,,1928-1932,186000.0,iia_1938_39,yes,no,
iia,serbia,srb,wine,tonnes,,1928-1932,390425.0,iia_1938_39,yes,no,
iia,south africa,zaf,wine,tonnes,,1928-1932,94187.0,iia_1938_39,yes,no,
iia,spain,esp,wine,ha,,1928-1932,1341000.0,iia_1938_39,yes,no,
iia,spain,esp,wine,tonnes,,1928-1932,1996939.0,iia_1938_39,yes,no,
iia,switzerland,che,wine,ha,,1928-1932,13000.0,iia_1938_39,yes,no,
iia,switzerland,che,wine,tonnes,,1928-1932,56066.0,iia_1938_39,yes,no,
iia,syrian arab republic,syr,wine,tonnes,,1928-1932,1940.0,iia_1938_39,yes,no,
iia,tunisia,tun,wine,ha,,1928-1932,36000.0,iia_1938_39,yes,no,
iia,tunisia,tun,wine,tonnes,,1928-1932,105439.0,iia_1938_39,yes,no,
iia,turkey,tur,wine,ha,,1928-1932,18000.0,iia_1938_39,yes,no,
iia,turkey,tur,wine,tonnes,,1928-1932,3298.0,iia_1938_39,yes,no,
iia,united states of america,usa,wine,ha,,1928-1932,75000.0,iia_1938_39,yes,no,
iia,united states of america,usa,wine,tonnes,,1928-1932,186240.0,iia_1938_39,yes,no,
iia,uruguay,ury,wine,ha,,1928-1932,13000.0,iia_1938_39,yes,no,
iia,uruguay,ury,wine,tonnes,,1928-1932,44426.0,iia_1938_39,yes,no,
iia,austria,aut,yarn of true hemp,ha,,1928-1932,0.0,iia_1938_39,yes,no,
iia,austria,aut,yarn of true hemp,tonnes,,1928-1932,200.0,iia_1938_39,yes,no,
iia,belgium,bel,yarn of true hemp,ha,,1928-1932,0.0,iia_1938_39,yes,no,
iia,belgium,bel,yarn of true hemp,tonnes,,1928-1932,0.0,iia_1938_39,yes,no,
iia,bulgaria,bgr,yarn of true hemp,ha,,1928-1932,4000.0,iia_1938_39,yes,no,
iia,bulgaria,bgr,yarn of true hemp,tonnes,,1928-1932,1400.0,iia_1938_39,yes,no,
iia,cyprus,cyp,yarn of true hemp,ha,,1928-1932,0.0,iia_1938_39,yes,no,
iia,cyprus,cyp,yarn of true hemp,tonnes,,1928-1932,100.0,iia_1938_39,yes,no,
iia,czech republic,cze,yarn of true hemp,ha,,1928-1932,9000.0,iia_1938_39,yes,no,
iia,czech republic,cze,yarn of true hemp,tonnes,,1928-1932,5500.0,iia_1938_39,yes,no,
iia,france,fra,yarn of true hemp,ha,,1928-1932,4000.0,iia_1938_39,yes,no,
iia,france,fra,yarn of true hemp,tonnes,,1928-1932,4100.0,iia_1938_39,yes,no,
iia,germany,deu,yarn of true hemp,ha,,1928-1932,0.0,iia_1938_39,yes,no,
iia,hungary,hun,yarn of true hemp,ha,,1928-1932,8000.0,iia_1938_39,yes,no,
iia,hungary,hun,yarn of true hemp,tonnes,,1928-1932,5500.0,iia_1938_39,yes,no,
iia,italy,ita,yarn of true hemp,ha,,1928-1932,75000.0,iia_1938_39,yes,no,
iia,italy,ita,yarn of true hemp,tonnes,,1928-1932,75100.0,iia_1938_39,yes,no,
iia,japan,jpn,yarn of true hemp,ha,,1928-1932,7000.0,iia_1938_39,yes,no,
iia,japan,jpn,yarn of true hemp,tonnes,,1928-1932,8200.0,iia_1938_39,yes,no,
iia,poland,pol,yarn of true hemp,ha,,1928-1932,32000.0,iia_1938_39,yes,no,
iia,poland,pol,yarn of true hemp,tonnes,,1928-1932,17600.0,iia_1938_39,yes,no,
iia,romania,rou,yarn of true hemp,ha,,1928-1932,41000.0,iia_1938_39,yes,no,
iia,romania,rou,yarn of true hemp,tonnes,,1928-1932,21100.0,iia_1938_39,yes,no,
iia,russian federation,rus,yarn of true hemp,ha,,1928-1932,880000.0,iia_1938_39,yes,no,
iia,russian federation,rus,yarn of true hemp,tonnes,,1928-1932,268800.0,iia_1938_39,yes,no,
iia,serbia,srb,yarn of true hemp,ha,,1928-1932,30000.0,iia_1938_39,yes,no,
iia,serbia,srb,yarn of true hemp,tonnes,,1928-1932,24100.0,iia_1938_39,yes,no,
iia,south korea,kor,yarn of true hemp,ha,,1928-1932,28000.0,iia_1938_39,yes,no,
iia,south korea,kor,yarn of true hemp,tonnes,,1928-1932,20200.0,iia_1938_39,yes,no,
iia,spain,esp,yarn of true hemp,ha,,1928-1932,5000.0,iia_1938_39,yes,no,
iia,spain,esp,yarn of true hemp,tonnes,,1928-1932,5700.0,iia_1938_39,yes,no,
iia,syrian arab republic,syr,yarn of true hemp,ha,,1928-1932,3000.0,iia_1938_39,yes,no,
iia,syrian arab republic,syr,yarn of true hemp,tonnes,,1928-1932,1700.0,iia_1938_39,yes,no,
iia,albania,alb,"beans, dry",ha,,1934-1938,1000.0,iia_1939_45,yes,no,
iia,albania,alb,"beans, dry",tonnes,,1934-1938,4100.0,iia_1939_45,yes,no,
iia,algeria,dza,"beans, dry",tonnes,,1934-1938,300.0,iia_1939_45,yes,no,
iia,angola,ago,"beans, dry",ha,,1934-1938,56000.0,iia_1939_45,yes,no,
iia,angola,ago,"beans, dry",tonnes,,1934-1938,28000.0,iia_1939_45,yes,no,
iia,argentina,arg,"beans, dry",ha,,1934-1938,19000.0,iia_1939_45,yes,no,
iia,argentina,arg,"beans, dry",tonnes,,1934-1938,25300.0,iia_1939_45,yes,no,
iia,austria,aut,"beans, dry",ha,,1934-1938,3000.0,iia_1939_45,yes,no,
iia,austria,aut,"beans, dry",tonnes,,1934-1938,3300.0,iia_1939_45,yes,no,
iia,benin,ben,"beans, dry",ha,,1934-1938,33000.0,iia_1939_45,yes,no,
iia,benin,ben,"beans, dry",tonnes,,1934-1938,4200.0,iia_1939_45,yes,no,
iia,brazil,bra,"beans, dry",ha,,1934-1938,953000.0,iia_1939_45,yes,no,
iia,brazil,bra,"beans, dry",tonnes,,1934-1938,829700.0,iia_1939_45,yes,no,
iia,bulgaria,bgr,"beans, dry",ha,,1934-1938,80000.0,iia_1939_45,yes,no,
iia,bulgaria,bgr,"beans, dry",tonnes,,1934-1938,44016400.0,iia_1939_45,yes,no,
iia,cambodia,khm,"beans, dry",ha,,1934-1938,4000.0,iia_1939_45,yes,no,
iia,cambodia,khm,"beans, dry",tonnes,,1934-1938,2200.0,iia_1939_45,yes,no,
iia,canada,can,"beans, dry",ha,,1934-1938,26000.0,iia_1939_45,yes,no,
iia,canada,can,"beans, dry",tonnes,,1934-1938,31000.0,iia_1939_45,yes,no,
iia,chile,chl,"beans, dry",ha,,1934-1938,87000.0,iia_1939_45,yes,no,
iia,chile,chl,"beans, dry",tonnes,,1934-1938,77900.0,iia_1939_45,yes,no,
iia,"china, mainland",chn,"beans, dry",ha,,1934-1938,3738000.0,iia_1939_45,yes,no,
iia,"china, mainland",chn,"beans, dry",tonnes,,1934-1938,2875700.0,iia_1939_45,yes,no,
iia,colombia,col,"beans, dry",tonnes,,1934-1938,33000.0,iia_1939_45,yes,no,
iia,costa rica,cri,"beans, dry",ha,,1934-1938,18000.0,iia_1939_45,yes,no,
iia,costa rica,cri,"beans, dry",tonnes,,1934-1938,9900.0,iia_1939_45,yes,no,
iia,cyprus,cyp,"beans, dry",ha,,1934-1938,1000.0,iia_1939_45,yes,no,
iia,cyprus,cyp,"beans, dry",tonnes,,1934-1938,500.0,iia_1939_45,yes,no,
iia,czech republic,cze,"beans, dry",ha,,1934-1938,6000.0,iia_1939_45,yes,no,
iia,czech republic,cze,"beans, dry",tonnes,,1934-1938,6500.0,iia_1939_45,yes,no,
iia,dominican republic,dom,"beans, dry",tonnes,,1934-1938,28400.0,iia_1939_45,yes,no,
iia,egypt,egy,"beans, dry",tonnes,,1934-1938,9600.0,iia_1939_45,yes,no,
iia,el salvador,slv,"beans, dry",ha,,1934-1938,21000.0,iia_1939_45,yes,no,
iia,el salvador,slv,"beans, dry",tonnes,,1934-1938,19400.0,iia_1939_45,yes,no,
iia,france,fra,"beans, dry",ha,,1934-1938,169000.0,iia_1939_45,yes,no,
iia,france,fra,"beans, dry",tonnes,,1934-1938,134500.0,iia_1939_45,yes,no,
iia,germany,deu,"beans, dry",ha,,1934-1938,5000.0,iia_1939_45,yes,no,
iia,germany,deu,"beans, dry",tonnes,,1934-1938,6800.0,iia_1939_45,yes,no,
iia,greece,grc,"beans, dry",ha,,1934-1938,12000.0,iia_1939_45,yes,no,
iia,greece,grc,"beans, dry",tonnes,,1934-1938,8100.0,iia_1939_45,yes,no,
iia,guatemala,gtm,"beans, dry",ha,,1934-1938,36000.0,iia_1939_45,yes,no,
iia,guatemala,gtm,"beans, dry",tonnes,,1934-1938,26600.0,iia_1939_45,yes,no,
iia,haiti,hti,"beans, dry",ha,,1934-1938,60000.0,iia_1939_45,yes,no,
iia,haiti,hti,"beans, dry",tonnes,,1934-1938,30000.0,iia_1939_45,yes,no,
iia,hungary,hun,"beans, dry",ha,,1934-1938,4000.0,iia_1939_45,yes,no,
iia,hungary,hun,"beans, dry",tonnes,,1934-1938,3700.0,iia_1939_45,yes,no,
iia,iraq,irq,"beans, dry",ha,,1934-1938,23000.0,iia_1939_45,yes,no,
iia,iraq,irq,"beans, dry",tonnes,,1934-1938,17000.0,iia_1939_45,yes,no,
iia,italy,ita,"beans, dry",ha,,1934-1938,511000.0,iia_1939_45,yes,no,
iia,italy,ita,"beans, dry",tonnes,,1934-1938,170300.0,iia_1939_45,yes,no,
iia,ivory coast,civ,"beans, dry",ha,,1934-1938,68000.0,iia_1939_45,yes,no,
iia,ivory coast,civ,"beans, dry",tonnes,,1934-1938,21200.0,iia_1939_45,yes,no,
iia,japan,jpn,"beans, dry",ha,,1934-1938,193000.0,iia_1939_45,yes,no,
iia,japan,jpn,"beans, dry",tonnes,,1934-1938,175300.0,iia_1939_45,yes,no,
iia,kenya,ken,"beans, dry",ha,,1934-1938,1000.0,iia_1939_45,yes,no,
iia,kenya,ken,"beans, dry",tonnes,,1934-1938,9300.0,iia_1939_45,yes,no,
iia,madagascar,mdg,"beans, dry",ha,,1934-1938,33000.0,iia_1939_45,yes,no,
iia,madagascar,mdg,"beans, dry",tonnes,,1934-1938,23300.0,iia_1939_45,yes,no,
iia,mali,mli,"beans, dry",ha,,1934-1938,67000.0,iia_1939_45,yes,no,
iia,mali,mli,"beans, dry",tonnes,,1934-1938,34000.0,iia_1939_45,yes,no,
iia,mauritania,mrt,"beans, dry",ha,,1934-1938,10000.0,iia_1939_45,yes,no,
iia,mauritania,mrt,"beans, dry",tonnes,,1934-1938,4800.0,iia_1939_45,yes,no,
iia,mexico,mex,"beans, dry",ha,,1934-1938,567000.0,iia_1939_45,yes,no,
iia,mexico,mex,"beans, dry",tonnes,,1934-1938,112100.0,iia_1939_45,yes,no,
iia,morocco,mar,"beans, dry",ha,,1934-1938,1000.0,iia_1939_45,yes,no,
iia,morocco,mar,"beans, dry",tonnes,,1934-1938,300.0,iia_1939_45,yes,no,
iia,netherlands,nld,"beans, dry",ha,,1934-1938,8000.0,iia_1939_45,yes,no,
iia,netherlands,nld,"beans, dry",tonnes,,1934-1938,15300.0,iia_1939_45,yes,no,
iia,peru,per,"beans, dry",ha,,1934-1938,23000.0,iia_1939_45,yes,no,
iia,peru,per,"beans, dry",tonnes,,1934-1938,53500.0,iia_1939_45,yes,no,
iia,portugal,prt,"beans, dry",ha,,1934-1938,172000.0,iia_1939_45,yes,no,
iia,portugal,prt,"beans, dry",tonnes,,1934-1938,36200.0,iia_1939_45,yes,no,
iia,romania,rou,"beans, dry",ha,,1934-1938,100000.0,iia_1939_45,yes,no,
iia,romania,rou,"beans, dry",tonnes,,1934-1938,58500.0,iia_1939_45,yes,no,
iia,russian federation,rus,"beans, dry",ha,,1934-1938,232000.0,iia_1939_45,yes,no,
iia,senegal,sen,"beans, dry",ha,,1934-1938,46000.0,iia_1939_45,yes,no,
iia,senegal,sen,"beans, dry",tonnes,,1934-1938,23500.0,iia_1939_45,yes,no,
iia,serbia,srb,"beans, dry",ha,,1934-1938,32000.0,iia_1939_45,yes,no,
iia,serbia,srb,"beans, dry",tonnes,,1934-1938,31200.0,iia_1939_45,yes,no,
iia,south korea,kor,"beans, dry",ha,,1934-1938,232000.0,iia_1939_45,yes,no,
iia,south korea,kor,"beans, dry",tonnes,,1934-1938,123200.0,iia_1939_45,yes,no,
iia,spain,esp,"beans, dry",ha,,1934-1938,3000.0,iia_1939_45,yes,no,
iia,spain,esp,"beans, dry",tonnes,,1934-1938,4600.0,iia_1939_45,yes,no,
iia,turkey,tur,"beans, dry",ha,,1934-1938,75000.0,iia_1939_45,yes,no,
iia,turkey,tur,"beans, dry",tonnes,,1934-1938,63600.0,iia_1939_45,yes,no,
iia,united states of america,usa,"beans, dry",ha,,1934-1938,671000.0,iia_1939_45,yes,no,
iia,united states of america,usa,"beans, dry",tonnes,,1934-1938,626700.0,iia_1939_45,yes,no,
iia,uruguay,ury,"beans, dry",ha,,1934-1938,9000.0,iia_1939_45,yes,no,
iia,uruguay,ury,"beans, dry",tonnes,,1934-1938,3800.0,iia_1939_45,yes,no,
iia,venezuela,ven,"beans, dry",tonnes,,1934-1938,5400.0,iia_1939_45,yes,no,
iia,viet nam,vnm,"beans, dry",ha,,1934-1938,44000.0,iia_1939_45,yes,no,
iia,viet nam,vnm,"beans, dry",tonnes,,1934-1938,17500.0,iia_1939_45,yes,no,
iia,zimbabwe,zwe,"beans, dry",ha,,1934-1938,1000.0,iia_1939_45,yes,no,
iia,zimbabwe,zwe,"beans, dry",tonnes,,1934-1938,500.0,iia_1939_45,yes,no,
iia,albania,alb,"butter, cow milk",tonnes,,1934-1938,1300.0,iia_1939_45,yes,no,
iia,algeria,dza,"butter, cow milk",tonnes,,1934-1938,2100.0,iia_1939_45,yes,no,
iia,argentina,arg,"butter, cow milk",tonnes,,1934-1938,49700.0,iia_1939_45,yes,no,
iia,australia,aus,"butter, cow milk",tonnes,,1934-1938,197900.0,iia_1939_45,yes,no,
iia,austria,aut,"butter, cow milk",tonnes,,1934-1938,23600.0,iia_1939_45,yes,no,
iia,belgium,bel,"butter, cow milk",tonnes,,1934-1938,64300.0,iia_1939_45,yes,no,
iia,bulgaria,bgr,"butter, cow milk",tonnes,,1934-1938,600.0,iia_1939_45,yes,no,
iia,canada,can,"butter, cow milk",tonnes,,1934-1938,155800.0,iia_1939_45,yes,no,
iia,chile,chl,"butter, cow milk",tonnes,,1934-1938,4000.0,iia_1939_45,yes,no,
iia,czech republic,cze,"butter, cow milk",tonnes,,1934-1938,24500.0,iia_1939_45,yes,no,
iia,denmark,dnk,"butter, cow milk",tonnes,,1934-1938,181700.0,iia_1939_45,yes,no,
iia,estonia,est,"butter, cow milk",tonnes,,1934-1938,14000.0,iia_1939_45,yes,no,
iia,finland,fin,"butter, cow milk",tonnes,,1934-1938,27800.0,iia_1939_45,yes,no,
iia,france,fra,"butter, cow milk",tonnes,,1934-1938,201800.0,iia_1939_45,yes,no,
iia,germany,deu,"butter, cow milk",tonnes,,1934-1938,493000.0,iia_1939_45,yes,no,
iia,greece,grc,"butter, cow milk",tonnes,,1934-1938,5600.0,iia_1939_45,yes,no,
iia,guatemala,gtm,"butter, cow milk",tonnes,,1934-1938,500.0,iia_1939_45,yes,no,
iia,hungary,hun,"butter, cow milk",tonnes,,1934-1938,9800.0,iia_1939_45,yes,no,
iia,ireland,irl,"butter, cow milk",tonnes,,1934-1938,67700.0,iia_1939_45,yes,no,
iia,italy,ita,"butter, cow milk",tonnes,,1934-1938,44700.0,iia_1939_45,yes,no,
iia,japan,jpn,"butter, cow milk",tonnes,,1934-1938,2700.0,iia_1939_45,yes,no,
iia,latvia,lva,"butter, cow milk",tonnes,,1934-1938,20300.0,iia_1939_45,yes,no,
iia,lebanon,lbn,"butter, cow milk",tonnes,,1934-1938,100.0,iia_1939_45,yes,no,
iia,lithuania,ltu,"butter, cow milk",tonnes,,1934-1938,19600.0,iia_1939_45,yes,no,
iia,luxembourg,lux,"butter, cow milk",tonnes,,1934-1938,3300.0,iia_1939_45,yes,no,
iia,netherlands,nld,"butter, cow milk",tonnes,,1934-1938,97900.0,iia_1939_45,yes,no,
iia,new zealand,nzl,"butter, cow milk",tonnes,,1934-1938,171400.0,iia_1939_45,yes,no,
iia,norway,nor,"butter, cow milk",tonnes,,1934-1938,11300.0,iia_1939_45,yes,no,
iia,peru,per,"butter, cow milk",tonnes,,1934-1938,1000.0,iia_1939_45,yes,no,
iia,russian federation,rus,"butter, cow milk",tonnes,,1934-1938,163900.0,iia_1939_45,yes,no,
iia,south africa,zaf,"butter, cow milk",tonnes,,1934-1938,18700.0,iia_1939_45,yes,no,
iia,spain,esp,"butter, cow milk",tonnes,,1934-1938,7100.0,iia_1939_45,yes,no,
iia,sweden,swe,"butter, cow milk",tonnes,,1934-1938,84100.0,iia_1939_45,yes,no,
iia,switzerland,che,"butter, cow milk",tonnes,,1934-1938,26200.0,iia_1939_45,yes,no,
iia,syrian arab republic,syr,"butter, cow milk",tonnes,,1934-1938,6200.0,iia_1939_45,yes,no,
iia,united kingdom,gbr,"butter, cow milk",tonnes,,1934-1938,43700.0,iia_1939_45,yes,no,
iia,united states of america,usa,"butter, cow milk",tonnes,,1934-1938,988100.0,iia_1939_45,yes,no,
iia,uruguay,ury,"butter, cow milk",tonnes,,1934-1938,200.0,iia_1939_45,yes,no,
iia,zimbabwe,zwe,"butter, cow milk",tonnes,,1934-1938,700.0,iia_1939_45,yes,no,
iia,bolivia,bol,"cacao, beans",ha,,1934-1938,5000.0,iia_1939_45,yes,no,
iia,bolivia,bol,"cacao, beans",tonnes,,1934-1938,2500.0,iia_1939_45,yes,no,
iia,brazil,bra,"cacao, beans",ha,,1934-1938,185000.0,iia_1939_45,yes,no,
iia,brazil,bra,"cacao, beans",tonnes,,1934-1938,129900.0,iia_1939_45,yes,no,
iia,cameroon,cmr,"cacao, beans",ha,,1934-1938,55000.0,iia_1939_45,yes,no,
iia,cameroon,cmr,"cacao, beans",tonnes,,1934-1938,30600.0,iia_1939_45,yes,no,
iia,colombia,col,"cacao, beans",ha,,1934-1938,33000.0,iia_1939_45,yes,no,
iia,colombia,col,"cacao, beans",tonnes,,1934-1938,10500.0,iia_1939_45,yes,no,
iia,congo,cog,"cacao, beans",ha,,1934-1938,18000.0,iia_1939_45,yes,no,
iia,congo,cog,"cacao, beans",tonnes,,1934-1938,800.0,iia_1939_45,yes,no,
iia,costa rica,cri,"cacao, beans",ha,,1934-1938,7000.0,iia_1939_45,yes,no,
iia,costa rica,cri,"cacao, beans",tonnes,,1934-1938,6800.0,iia_1939_45,yes,no,
iia,cuba,cub,"cacao, beans",ha,,1934-1938,7000.0,iia_1939_45,yes,no,
iia,cuba,cub,"cacao, beans",tonnes,,1934-1938,3200.0,iia_1939_45,yes,no,
iia,dominica,dma,"cacao, beans",tonnes,,1934-1938,100.0,iia_1939_45,yes,no,
iia,dominican republic,dom,"cacao, beans",tonnes,,1934-1938,28700.0,iia_1939_45,yes,no,
iia,dr congo,cod,"cacao, beans",ha,,1934-1938,6000.0,iia_1939_45,yes,no,
iia,dr congo,cod,"cacao, beans",tonnes,,1934-1938,1300.0,iia_1939_45,yes,no,
iia,ecuador,ecu,"cacao, beans",tonnes,,1934-1938,19200.0,iia_1939_45,yes,no,
iia,equatorial guinea,gnq,"cacao, beans",ha,,1934-1938,38000.0,iia_1939_45,yes,no,
iia,equatorial guinea,gnq,"cacao, beans",tonnes,,1934-1938,12900.0,iia_1939_45,yes,no,
iia,ghana,gha,"cacao, beans",ha,,1934-1938,388000.0,iia_1939_45,yes,no,
iia,ghana,gha,"cacao, beans",tonnes,,1934-1938,265100.0,iia_1939_45,yes,no,
iia,grenada,grd,"cacao, beans",ha,,1934-1938,8000.0,iia_1939_45,yes,no,
iia,grenada,grd,"cacao, beans",tonnes,,1934-1938,3700.0,iia_1939_45,yes,no,
iia,guadeloupe,rlam,"cacao, beans",ha,,1934-1938,3000.0,iia_1939_45,yes,no,
iia,guadeloupe,rlam,"cacao, beans",tonnes,,1934-1938,100.0,iia_1939_45,yes,no,
iia,guatemala,gtm,"cacao, beans",ha,,1934-1938,1000.0,iia_1939_45,yes,no,
iia,guatemala,gtm,"cacao, beans",tonnes,,1934-1938,400.0,iia_1939_45,yes,no,
iia,guyana,guy,"cacao, beans",tonnes,,1934-1938,0.0,iia_1939_45,yes,no,
iia,haiti,hti,"cacao, beans",ha,,1934-1938,16000.0,iia_1939_45,yes,no,
iia,haiti,hti,"cacao, beans",tonnes,,1934-1938,1500.0,iia_1939_45,yes,no,
iia,indonesia,idn,"cacao, beans",ha,,1934-1938,5000.0,iia_1939_45,yes,no,
iia,indonesia,idn,"cacao, beans",tonnes,,1934-1938,1600.0,iia_1939_45,yes,no,
iia,ivory coast,civ,"cacao, beans",ha,,1934-1938,114000.0,iia_1939_45,yes,no,
iia,ivory coast,civ,"cacao, beans",tonnes,,1934-1938,49900.0,iia_1939_45,yes,no,
iia,jamaica,jam,"cacao, beans",ha,,1934-1938,1000.0,iia_1939_45,yes,no,
iia,jamaica,jam,"cacao, beans",tonnes,,1934-1938,2200.0,iia_1939_45,yes,no,
iia,madagascar,mdg,"cacao, beans",ha,,1934-1938,1000.0,iia_1939_45,yes,no,
iia,madagascar,mdg,"cacao, beans",tonnes,,1934-1938,300.0,iia_1939_45,yes,no,
iia,martinique,rlam,"cacao, beans",ha,,1934-1938,1000.0,iia_1939_45,yes,no,
iia,martinique,rlam,"cacao, beans",tonnes,,1934-1938,200.0,iia_1939_45,yes,no,
iia,mexico,mex,"cacao, beans",ha,,1934-1938,8000.0,iia_1939_45,yes,no,
iia,mexico,mex,"cacao, beans",tonnes,,1934-1938,1100.0,iia_1939_45,yes,no,
iia,nicaragua,nic,"cacao, beans",tonnes,,1934-1938,400.0,iia_1939_45,yes,no,
iia,nigeria,nga,"cacao, beans",tonnes,,1934-1938,89600.0,iia_1939_45,yes,no,
iia,panama,pan,"cacao, beans",tonnes,,1934-1938,4800.0,iia_1939_45,yes,no,
iia,papua new guinea,png,"cacao, beans",ha,,1934-1938,1000.0,iia_1939_45,yes,no,
iia,papua new guinea,png,"cacao, beans",tonnes,,1934-1938,100.0,iia_1939_45,yes,no,
iia,peru,per,"cacao, beans",ha,,1934-1938,11000.0,iia_1939_45,yes,no,
iia,peru,per,"cacao, beans",tonnes,,1934-1938,1900.0,iia_1939_45,yes,no,
iia,philippines,phl,"cacao, beans",ha,,1934-1938,2000.0,iia_1939_45,yes,no,
iia,philippines,phl,"cacao, beans",tonnes,,1934-1938,800.0,iia_1939_45,yes,no,
iia,saint lucia,lca,"cacao, beans",ha,,1934-1938,2000.0,iia_1939_45,yes,no,
iia,saint lucia,lca,"cacao, beans",tonnes,,1934-1938,300.0,iia_1939_45,yes,no,
iia,samoa,wsm,"cacao, beans",ha,,1934-1938,2000.0,iia_1939_45,yes,no,
iia,samoa,wsm,"cacao, beans",tonnes,,1934-1938,1100.0,iia_1939_45,yes,no,
iia,sao tome and principe,stp,"cacao, beans",tonnes,,1934-1938,10500.0,iia_1939_45,yes,no,
iia,sierra leone,sle,"cacao, beans",tonnes,,1934-1938,300.0,iia_1939_45,yes,no,
iia,sri lanka,lka,"cacao, beans",ha,,1934-1938,14000.0,iia_1939_45,yes,no,
iia,sri lanka,lka,"cacao, beans",tonnes,,1934-1938,3600.0,iia_1939_45,yes,no,
iia,suriname,sur,"cacao, beans",ha,,1934-1938,1000.0,iia_1939_45,yes,no,
iia,suriname,sur,"cacao, beans",tonnes,,1934-1938,100.0,iia_1939_45,yes,no,
iia,togo,tgo,"cacao, beans",ha,,1934-1938,4000.0,iia_1939_45,yes,no,
iia,togo,tgo,"cacao, beans",tonnes,,1934-1938,1082200.0,iia_1939_45,yes,no,
iia,trinidad and tobago,tto,"cacao, beans",ha,,1934-1938,87000.0,iia_1939_45,yes,no,
iia,trinidad and tobago,tto,"cacao, beans",tonnes,,1934-1938,14300.0,iia_1939_45,yes,no,
iia,united states of america,usa,"cacao, beans",tonnes,,1934-1938,100.0,iia_1939_45,yes,no,
iia,vanuatu,vut,"cacao, beans",ha,,1934-1938,4000.0,iia_1939_45,yes,no,
iia,vanuatu,vut,"cacao, beans",tonnes,,1934-1938,1800.0,iia_1939_45,yes,no,
iia,venezuela,ven,"cacao, beans",tonnes,,1934-1938,16800.0,iia_1939_45,yes,no,
iia,angola,ago,castor beans seed,tonnes,,1934-1938,3400.0,iia_1939_45,yes,no,
iia,argentina,arg,castor beans seed,ha,,1934-1938,14000.0,iia_1939_45,yes,no,
iia,argentina,arg,castor beans seed,tonnes,,1934-1938,7400.0,iia_1939_45,yes,no,
iia,benin,ben,castor beans seed,ha,,1934-1938,8000.0,iia_1939_45,yes,no,
iia,benin,ben,castor beans seed,tonnes,,1934-1938,1000.0,iia_1939_45,yes,no,
iia,brazil,bra,castor beans seed,tonnes,,1934-1938,134700.0,iia_1939_45,yes,no,
iia,bulgaria,bgr,castor beans seed,tonnes,,1934-1938,200.0,iia_1939_45,yes,no,
iia,"china, mainland",chn,castor beans seed,tonnes,,1934-1938,23800.0,iia_1939_45,yes,no,
iia,congo,cog,castor beans seed,ha,,1934-1938,1000.0,iia_1939_45,yes,no,
iia,indonesia,idn,castor beans seed,ha,,1934-1938,13000.0,iia_1939_45,yes,no,
iia,indonesia,idn,castor beans seed,tonnes,,1934-1938,5800.0,iia_1939_45,yes,no,
iia,iran,irn,castor beans seed,tonnes,,1934-1938,4700.0,iia_1939_45,yes,no,
iia,italy,ita,castor beans seed,ha,,1934-1938,5000.0,iia_1939_45,yes,no,
iia,italy,ita,castor beans seed,tonnes,,1934-1938,5100.0,iia_1939_45,yes,no,
iia,madagascar,mdg,castor beans seed,ha,,1934-1938,4000.0,iia_1939_45,yes,no,
iia,madagascar,mdg,castor beans seed,tonnes,,1934-1938,2600.0,iia_1939_45,yes,no,
iia,morocco,mar,castor beans seed,tonnes,,1934-1938,200.0,iia_1939_45,yes,no,
iia,romania,rou,castor beans seed,ha,,1934-1938,1000.0,iia_1939_45,yes,no,
iia,romania,rou,castor beans seed,tonnes,,1934-1938,700.0,iia_1939_45,yes,no,
iia,russian federation,rus,castor beans seed,ha,,1934-1938,189000.0,iia_1939_45,yes,no,
iia,serbia,srb,castor beans seed,tonnes,,1934-1938,500.0,iia_1939_45,yes,no,
iia,viet nam,vnm,castor beans seed,ha,,1934-1938,3000.0,iia_1939_45,yes,no,
iia,viet nam,vnm,castor beans seed,tonnes,,1934-1938,2000.0,iia_1939_45,yes,no,
iia,albania,alb,"cheese, processed",tonnes,,1934-1938,3200.0,iia_1939_45,yes,no,
iia,algeria,dza,"cheese, processed",tonnes,,1934-1938,200.0,iia_1939_45,yes,no,
iia,argentina,arg,"cheese, processed",tonnes,,1934-1938,30800.0,iia_1939_45,yes,no,
iia,australia,aus,"cheese, processed",tonnes,,1934-1938,19800.0,iia_1939_45,yes,no,
iia,austria,aut,"cheese, processed",tonnes,,1934-1938,26700.0,iia_1939_45,yes,no,
iia,brazil,bra,"cheese, processed",tonnes,,1934-1938,26600.0,iia_1939_45,yes,no,
iia,bulgaria,bgr,"cheese, processed",tonnes,,1934-1938,11600.0,iia_1939_45,yes,no,
iia,canada,can,"cheese, processed",tonnes,,1934-1938,52500.0,iia_1939_45,yes,no,
iia,chile,chl,"cheese, processed",tonnes,,1934-1938,4200.0,iia_1939_45,yes,no,
iia,czech republic,cze,"cheese, processed",tonnes,,1934-1938,50500.0,iia_1939_45,yes,no,
iia,denmark,dnk,"cheese, processed",tonnes,,1934-1938,31100.0,iia_1939_45,yes,no,
iia,estonia,est,"cheese, processed",tonnes,,1934-1938,500.0,iia_1939_45,yes,no,
iia,finland,fin,"cheese, processed",tonnes,,1934-1938,8900.0,iia_1939_45,yes,no,
iia,france,fra,"cheese, processed",tonnes,,1934-1938,164700.0,iia_1939_45,yes,no,
iia,germany,deu,"cheese, processed",tonnes,,1934-1938,268600.0,iia_1939_45,yes,no,
iia,greece,grc,"cheese, processed",tonnes,,1934-1938,58000.0,iia_1939_45,yes,no,
iia,guatemala,gtm,"cheese, processed",tonnes,,1934-1938,1200.0,iia_1939_45,yes,no,
iia,hungary,hun,"cheese, processed",tonnes,,1934-1938,3000.0,iia_1939_45,yes,no,
iia,italy,ita,"cheese, processed",tonnes,,1934-1938,222900.0,iia_1939_45,yes,no,
iia,japan,jpn,"cheese, processed",tonnes,,1934-1938,200.0,iia_1939_45,yes,no,
iia,latvia,lva,"cheese, processed",tonnes,,1934-1938,1100.0,iia_1939_45,yes,no,
iia,lebanon,lbn,"cheese, processed",tonnes,,1934-1938,100.0,iia_1939_45,yes,no,
iia,lithuania,ltu,"cheese, processed",tonnes,,1934-1938,1400.0,iia_1939_45,yes,no,
iia,netherlands,nld,"cheese, processed",tonnes,,1934-1938,241800.0,iia_1939_45,yes,no,
iia,new zealand,nzl,"cheese, processed",tonnes,,1934-1938,91300.0,iia_1939_45,yes,no,
iia,norway,nor,"cheese, processed",tonnes,,1934-1938,17700.0,iia_1939_45,yes,no,
iia,peru,per,"cheese, processed",tonnes,,1934-1938,7800.0,iia_1939_45,yes,no,
iia,russian federation,rus,"cheese, processed",tonnes,,1934-1938,28400.0,iia_1939_45,yes,no,
iia,south africa,zaf,"cheese, processed",tonnes,,1934-1938,5100.0,iia_1939_45,yes,no,
iia,spain,esp,"cheese, processed",tonnes,,1934-1938,34800.0,iia_1939_45,yes,no,
iia,sweden,swe,"cheese, processed",tonnes,,1934-1938,32300.0,iia_1939_45,yes,no,
iia,switzerland,che,"cheese, processed",tonnes,,1934-1938,50700.0,iia_1939_45,yes,no,
iia,syrian arab republic,syr,"cheese, processed",tonnes,,1934-1938,5100.0,iia_1939_45,yes,no,
iia,united kingdom,gbr,"cheese, processed",tonnes,,1934-1938,65700.0,iia_1939_45,yes,no,
iia,united states of america,usa,"cheese, processed",tonnes,,1934-1938,291800.0,iia_1939_45,yes,no,
iia,uruguay,ury,"cheese, processed",tonnes,,1934-1938,5000.0,iia_1939_45,yes,no,
iia,zimbabwe,zwe,"cheese, processed",tonnes,,1934-1938,200.0,iia_1939_45,yes,no,
iia,angola,ago,"coffee, green",ha,,1934-1938,36000.0,iia_1939_45,yes,no,
iia,angola,ago,"coffee, green",tonnes,,1934-1938,16600.0,iia_1939_45,yes,no,
iia,benin,ben,"coffee, green",ha,,1934-1938,1000.0,iia_1939_45,yes,no,
iia,benin,ben,"coffee, green",tonnes,,1934-1938,100.0,iia_1939_45,yes,no,
iia,bolivia,bol,"coffee, green",tonnes,,1934-1938,4000.0,iia_1939_45,yes,no,
iia,brazil,bra,"coffee, green",ha,,1934-1938,3396000.0,iia_1939_45,yes,no,
iia,brazil,bra,"coffee, green",tonnes,,1934-1938,1396700.0,iia_1939_45,yes,no,
iia,cabo verde,cpv,"coffee, green",ha,,1934-1938,1000.0,iia_1939_45,yes,no,
iia,cabo verde,cpv,"coffee, green",tonnes,,1934-1938,200.0,iia_1939_45,yes,no,
iia,cameroon,cmr,"coffee, green",ha,,1934-1938,13000.0,iia_1939_45,yes,no,
iia,cameroon,cmr,"coffee, green",tonnes,,1934-1938,2200.0,iia_1939_45,yes,no,
iia,colombia,col,"coffee, green",ha,,1934-1938,358000.0,iia_1939_45,yes,no,
iia,colombia,col,"coffee, green",tonnes,,1934-1938,251200.0,iia_1939_45,yes,no,
iia,congo,cog,"coffee, green",ha,,1934-1938,30000.0,iia_1939_45,yes,no,
iia,congo,cog,"coffee, green",tonnes,,1934-1938,1300.0,iia_1939_45,yes,no,
iia,costa rica,cri,"coffee, green",ha,,1934-1938,46000.0,iia_1939_45,yes,no,
iia,costa rica,cri,"coffee, green",tonnes,,1934-1938,23300.0,iia_1939_45,yes,no,
iia,cuba,cub,"coffee, green",ha,,1934-1938,65000.0,iia_1939_45,yes,no,
iia,cuba,cub,"coffee, green",tonnes,,1934-1938,31800.0,iia_1939_45,yes,no,
iia,dominican republic,dom,"coffee, green",ha,,1934-1938,58000.0,iia_1939_45,yes,no,
iia,dominican republic,dom,"coffee, green",tonnes,,1934-1938,21300.0,iia_1939_45,yes,no,
iia,dr congo,cod,"coffee, green",ha,,1934-1938,55000.0,iia_1939_45,yes,no,
iia,dr congo,cod,"coffee, green",tonnes,,1934-1938,17300.0,iia_1939_45,yes,no,
iia,ecuador,ecu,"coffee, green",ha,,1934-1938,35000.0,iia_1939_45,yes,no,
iia,ecuador,ecu,"coffee, green",tonnes,,1934-1938,13700.0,iia_1939_45,yes,no,
iia,el salvador,slv,"coffee, green",ha,,1934-1938,103000.0,iia_1939_45,yes,no,
iia,el salvador,slv,"coffee, green",tonnes,,1934-1938,63900.0,iia_1939_45,yes,no,
iia,equatorial guinea,gnq,"coffee, green",ha,,1934-1938,3000.0,iia_1939_45,yes,no,
iia,equatorial guinea,gnq,"coffee, green",tonnes,,1934-1938,2200.0,iia_1939_45,yes,no,
iia,eritrea,eri,"coffee, green",tonnes,,1934-1938,100.0,iia_1939_45,yes,no,
iia,ethiopia,eth,"coffee, green",tonnes,,1934-1938,16300.0,iia_1939_45,yes,no,
iia,ethiopia pdr,eth,"coffee, green",tonnes,,1934-1938,16300.0,iia_1939_45,yes,no,
iia,guadeloupe,rlam,"coffee, green",ha,,1934-1938,5000.0,iia_1939_45,yes,no,
iia,guadeloupe,rlam,"coffee, green",tonnes,,1934-1938,3500.0,iia_1939_45,yes,no,
iia,guatemala,gtm,"coffee, green",ha,,1934-1938,111000.0,iia_1939_45,yes,no,
iia,guatemala,gtm,"coffee, green",tonnes,,1934-1938,55100.0,iia_1939_45,yes,no,
iia,guinea,gin,"coffee, green",ha,,1934-1938,3000.0,iia_1939_45,yes,no,
iia,guinea,gin,"coffee, green",tonnes,,1934-1938,100.0,iia_1939_45,yes,no,
iia,guyana,guy,"coffee, green",ha,,1934-1938,1000.0,iia_1939_45,yes,no,
iia,guyana,guy,"coffee, green",tonnes,,1934-1938,100.0,iia_1939_45,yes,no,
iia,haiti,hti,"coffee, green",ha,,1934-1938,142000.0,iia_1939_45,yes,no,
iia,haiti,hti,"coffee, green",tonnes,,1934-1938,26900.0,iia_1939_45,yes,no,
iia,honduras,hnd,"coffee, green",ha,,1934-1938,31000.0,iia_1939_45,yes,no,
iia,honduras,hnd,"coffee, green",tonnes,,1934-1938,1600.0,iia_1939_45,yes,no,
iia,indonesia,idn,"coffee, green",ha,,1934-1938,217000.0,iia_1939_45,yes,no,
iia,indonesia,idn,"coffee, green",tonnes,,1934-1938,55500.0,iia_1939_45,yes,no,
iia,ivory coast,civ,"coffee, green",ha,,1934-1938,88000.0,iia_1939_45,yes,no,
iia,ivory coast,civ,"coffee, green",tonnes,,1934-1938,7700.0,iia_1939_45,yes,no,
iia,jamaica,jam,"coffee, green",ha,,1934-1938,3000.0,iia_1939_45,yes,no,
iia,jamaica,jam,"coffee, green",tonnes,,1934-1938,3900.0,iia_1939_45,yes,no,
iia,kenya,ken,"coffee, green",ha,,1934-1938,40000.0,iia_1939_45,yes,no,
iia,kenya,ken,"coffee, green",tonnes,,1934-1938,18400.0,iia_1939_45,yes,no,
iia,liberia,lbr,"coffee, green",tonnes,,1934-1938,1500.0,iia_1939_45,yes,no,
iia,madagascar,mdg,"coffee, green",ha,,1934-1938,93000.0,iia_1939_45,yes,no,
iia,madagascar,mdg,"coffee, green",tonnes,,1934-1938,23900.0,iia_1939_45,yes,no,
iia,malaysia,mys,"coffee, green",ha,,1934-1938,8000.0,iia_1939_45,yes,no,
iia,mexico,mex,"coffee, green",ha,,1934-1938,105000.0,iia_1939_45,yes,no,
iia,mexico,mex,"coffee, green",tonnes,,1934-1938,49900.0,iia_1939_45,yes,no,
iia,new caledonia,roce,"coffee, green",ha,,1934-1938,4000.0,iia_1939_45,yes,no,
iia,new caledonia,roce,"coffee, green",tonnes,,1934-1938,1500.0,iia_1939_45,yes,no,
iia,nicaragua,nic,"coffee, green",ha,,1934-1938,50000.0,iia_1939_45,yes,no,
iia,nicaragua,nic,"coffee, green",tonnes,,1934-1938,15800.0,iia_1939_45,yes,no,
iia,panama,pan,"coffee, green",ha,,1934-1938,3000.0,iia_1939_45,yes,no,
iia,panama,pan,"coffee, green",tonnes,,1934-1938,1200.0,iia_1939_45,yes,no,
iia,paraguay,pry,"coffee, green",tonnes,,1934-1938,100.0,iia_1939_45,yes,no,
iia,peru,per,"coffee, green",ha,,1934-1938,7000.0,iia_1939_45,yes,no,
iia,peru,per,"coffee, green",tonnes,,1934-1938,3000.0,iia_1939_45,yes,no,
iia,philippines,phl,"coffee, green",ha,,1934-1938,2000.0,iia_1939_45,yes,no,
iia,philippines,phl,"coffee, green",tonnes,,1934-1938,800.0,iia_1939_45,yes,no,
iia,sao tome and principe,stp,"coffee, green",tonnes,,1934-1938,700.0,iia_1939_45,yes,no,
iia,sierra leone,sle,"coffee, green",ha,,1934-1938,1000.0,iia_1939_45,yes,no,
iia,sierra leone,sle,"coffee, green",tonnes,,1934-1938,100.0,iia_1939_45,yes,no,
iia,suriname,sur,"coffee, green",ha,,1934-1938,8000.0,iia_1939_45,yes,no,
iia,suriname,sur,"coffee, green",tonnes,,1934-1938,3400.0,iia_1939_45,yes,no,
iia,tanzania,tza,"coffee, green",ha,,1934-1938,21000.0,iia_1939_45,yes,no,
iia,tanzania,tza,"coffee, green",tonnes,,1934-1938,14800.0,iia_1939_45,yes,no,
iia,timor-leste,tls,"coffee, green",tonnes,,1934-1938,1100.0,iia_1939_45,yes,no,
iia,trinidad and tobago,tto,"coffee, green",ha,,1934-1938,1000.0,iia_1939_45,yes,no,
iia,trinidad and tobago,tto,"coffee, green",tonnes,,1934-1938,500.0,iia_1939_45,yes,no,
iia,united states of america,usa,"coffee, green",ha,,1934-1938,61000.0,iia_1939_45,yes,no,
iia,united states of america,usa,"coffee, green",tonnes,,1934-1938,11900.0,iia_1939_45,yes,no,
iia,vanuatu,vut,"coffee, green",ha,,1934-1938,3000.0,iia_1939_45,yes,no,
iia,vanuatu,vut,"coffee, green",tonnes,,1934-1938,400.0,iia_1939_45,yes,no,
iia,venezuela,ven,"coffee, green",ha,,1934-1938,100000.0,iia_1939_45,yes,no,
iia,venezuela,ven,"coffee, green",tonnes,,1934-1938,58200.0,iia_1939_45,yes,no,
iia,viet nam,vnm,"coffee, green",ha,,1934-1938,3000.0,iia_1939_45,yes,no,
iia,viet nam,vnm,"coffee, green",tonnes,,1934-1938,1000.0,iia_1939_45,yes,no,
iia,yemen,yem,"coffee, green",tonnes,,1934-1938,4300.0,iia_1939_45,yes,no,
iia,angola,ago,cotton lint,ha,,1934-1938,21000.0,iia_1939_45,yes,no,
iia,angola,ago,cotton lint,tonnes,,1934-1938,2100.0,iia_1939_45,yes,no,
iia,antigua and barbuda,atg,cotton lint,tonnes,,1934-1938,100.0,iia_1939_45,yes,no,
iia,argentina,arg,cotton lint,ha,,1934-1938,311000.0,iia_1939_45,yes,no,
iia,argentina,arg,cotton lint,tonnes,,1934-1938,59700.0,iia_1939_45,yes,no,
iia,australia,aus,cotton lint,ha,,1934-1938,22000.0,iia_1939_45,yes,no,
iia,australia,aus,cotton lint,tonnes,,1934-1938,2600.0,iia_1939_45,yes,no,
iia,brazil,bra,cotton lint,ha,,1934-1938,2095000.0,iia_1939_45,yes,no,
iia,brazil,bra,cotton lint,tonnes,,1934-1938,388600.0,iia_1939_45,yes,no,
iia,bulgaria,bgr,cotton lint,ha,,1934-1938,39000.0,iia_1939_45,yes,no,
iia,bulgaria,bgr,cotton lint,tonnes,,1934-1938,7200.0,iia_1939_45,yes,no,
iia,burundi,bdi,cotton lint,ha,,1934-1938,4000.0,iia_1939_45,yes,no,
iia,burundi,bdi,cotton lint,tonnes,,1934-1938,700.0,iia_1939_45,yes,no,
iia,"china, mainland",chn,cotton lint,ha,,1934-1938,3087000.0,iia_1939_45,yes,no,
iia,"china, mainland",chn,cotton lint,tonnes,,1934-1938,646300.0,iia_1939_45,yes,no,
iia,colombia,col,cotton lint,ha,,1934-1938,35000.0,iia_1939_45,yes,no,
iia,colombia,col,cotton lint,tonnes,,1934-1938,4500.0,iia_1939_45,yes,no,
iia,congo,cog,cotton lint,ha,,1934-1938,154000.0,iia_1939_45,yes,no,
iia,congo,cog,cotton lint,tonnes,,1934-1938,7700.0,iia_1939_45,yes,no,
iia,cyprus,cyp,cotton lint,ha,,1934-1938,5000.0,iia_1939_45,yes,no,
iia,cyprus,cyp,cotton lint,tonnes,,1934-1938,600.0,iia_1939_45,yes,no,
iia,dr congo,cod,cotton lint,ha,,1934-1938,329000.0,iia_1939_45,yes,no,
iia,dr congo,cod,cotton lint,tonnes,,1934-1938,31000.0,iia_1939_45,yes,no,
iia,ecuador,ecu,cotton lint,tonnes,,1934-1938,2600.0,iia_1939_45,yes,no,
iia,egypt,egy,cotton lint,ha,,1934-1938,919000.0,iia_1939_45,yes,no,
iia,egypt,egy,cotton lint,tonnes,,1934-1938,454900.0,iia_1939_45,yes,no,
iia,el salvador,slv,cotton lint,ha,,1934-1938,2000.0,iia_1939_45,yes,no,
iia,el salvador,slv,cotton lint,tonnes,,1934-1938,1000.0,iia_1939_45,yes,no,
iia,eritrea,eri,cotton lint,ha,,1934-1938,3000.0,iia_1939_45,yes,no,
iia,eritrea,eri,cotton lint,tonnes,,1934-1938,200.0,iia_1939_45,yes,no,
iia,ghana,gha,cotton lint,ha,,1934-1938,24000.0,iia_1939_45,yes,no,
iia,ghana,gha,cotton lint,tonnes,,1934-1938,1600.0,iia_1939_45,yes,no,
iia,greece,grc,cotton lint,ha,,1934-1938,57000.0,iia_1939_45,yes,no,
iia,greece,grc,cotton lint,tonnes,,1934-1938,12200.0,iia_1939_45,yes,no,
iia,grenada,grd,cotton lint,ha,,1934-1938,2000.0,iia_1939_45,yes,no,
iia,grenada,grd,cotton lint,tonnes,,1934-1938,100.0,iia_1939_45,yes,no,
iia,guatemala,gtm,cotton lint,tonnes,,1934-1938,100.0,iia_1939_45,yes,no,
iia,haiti,hti,cotton lint,ha,,1934-1938,115000.0,iia_1939_45,yes,no,
iia,haiti,hti,cotton lint,tonnes,,1934-1938,5300.0,iia_1939_45,yes,no,
iia,india,ind,cotton lint,tonnes,,1934-1938,100.0,iia_1939_45,yes,no,
iia,indonesia,idn,cotton lint,ha,,1934-1938,12000.0,iia_1939_45,yes,no,
iia,indonesia,idn,cotton lint,tonnes,,1934-1938,1700.0,iia_1939_45,yes,no,
iia,iran,irn,cotton lint,ha,,1934-1938,158000.0,iia_1939_45,yes,no,
iia,iran,irn,cotton lint,tonnes,,1934-1938,33300.0,iia_1939_45,yes,no,
iia,iraq,irq,cotton lint,ha,,1934-1938,16000.0,iia_1939_45,yes,no,
iia,iraq,irq,cotton lint,tonnes,,1934-1938,1800.0,iia_1939_45,yes,no,
iia,italy,ita,cotton lint,ha,,1934-1938,15000.0,iia_1939_45,yes,no,
iia,italy,ita,cotton lint,tonnes,,1934-1938,3100.0,iia_1939_45,yes,no,
iia,jamaica,jam,cotton lint,ha,,1934-1938,16000.0,iia_1939_45,yes,no,
iia,jamaica,jam,cotton lint,tonnes,,1934-1938,1800.0,iia_1939_45,yes,no,
iia,japan,jpn,cotton lint,ha,,1934-1938,1000.0,iia_1939_45,yes,no,
iia,japan,jpn,cotton lint,tonnes,,1934-1938,200.0,iia_1939_45,yes,no,
iia,kenya,ken,cotton lint,tonnes,,1934-1938,2800.0,iia_1939_45,yes,no,
iia,malawi,mwi,cotton lint,ha,,1934-1938,1000.0,iia_1939_45,yes,no,
iia,malawi,mwi,cotton lint,tonnes,,1934-1938,100.0,iia_1939_45,yes,no,
iia,mexico,mex,cotton lint,ha,,1934-1938,270000.0,iia_1939_45,yes,no,
iia,mexico,mex,cotton lint,tonnes,,1934-1938,65700.0,iia_1939_45,yes,no,
iia,montserrat,rlam,cotton lint,ha,,1934-1938,2000.0,iia_1939_45,yes,no,
iia,montserrat,rlam,cotton lint,tonnes,,1934-1938,300.0,iia_1939_45,yes,no,
iia,myanmar,mmr,cotton lint,ha,,1934-1938,198000.0,iia_1939_45,yes,no,
iia,myanmar,mmr,cotton lint,tonnes,,1934-1938,20600.0,iia_1939_45,yes,no,
iia,nicaragua,nic,cotton lint,ha,,1934-1938,0.0,iia_1939_45,yes,no,
iia,nicaragua,nic,cotton lint,tonnes,,1934-1938,900.0,iia_1939_45,yes,no,
iia,niger,ner,cotton lint,ha,,1934-1938,140000.0,iia_1939_45,yes,no,
iia,niger,ner,cotton lint,tonnes,,1934-1938,3600.0,iia_1939_45,yes,no,
iia,nigeria,nga,cotton lint,tonnes,,1934-1938,8100.0,iia_1939_45,yes,no,
iia,paraguay,pry,cotton lint,ha,,1934-1938,43000.0,iia_1939_45,yes,no,
iia,paraguay,pry,cotton lint,tonnes,,1934-1938,10000.0,iia_1939_45,yes,no,
iia,peru,per,cotton lint,ha,,1934-1938,165000.0,iia_1939_45,yes,no,
iia,peru,per,cotton lint,tonnes,,1934-1938,82100.0,iia_1939_45,yes,no,
iia,philippines,phl,cotton lint,ha,,1934-1938,2000.0,iia_1939_45,yes,no,
iia,philippines,phl,cotton lint,tonnes,,1934-1938,500.0,iia_1939_45,yes,no,
iia,romania,rou,cotton lint,ha,,1934-1938,2000.0,iia_1939_45,yes,no,
iia,romania,rou,cotton lint,tonnes,,1934-1938,400.0,iia_1939_45,yes,no,
iia,russian federation,rus,cotton lint,ha,,1934-1938,2027000.0,iia_1939_45,yes,no,
iia,russian federation,rus,cotton lint,tonnes,,1934-1938,673300.0,iia_1939_45,yes,no,
iia,saint kitts and nevis,kna,cotton lint,ha,,1934-1938,1000.0,iia_1939_45,yes,no,
iia,saint kitts and nevis,kna,cotton lint,tonnes,,1934-1938,200.0,iia_1939_45,yes,no,
iia,saint vincent and the grenadines,vct,cotton lint,ha,,1934-1938,2000.0,iia_1939_45,yes,no,
iia,saint vincent and the grenadines,vct,cotton lint,tonnes,,1934-1938,200.0,iia_1939_45,yes,no,
iia,serbia,srb,cotton lint,ha,,1934-1938,2000.0,iia_1939_45,yes,no,
iia,serbia,srb,cotton lint,tonnes,,1934-1938,500.0,iia_1939_45,yes,no,
iia,somalia,som,cotton lint,ha,,1934-1938,5000.0,iia_1939_45,yes,no,
iia,somalia,som,cotton lint,tonnes,,1934-1938,500.0,iia_1939_45,yes,no,
iia,south africa,zaf,cotton lint,ha,,1934-1938,5000.0,iia_1939_45,yes,no,
iia,south africa,zaf,cotton lint,tonnes,,1934-1938,400.0,iia_1939_45,yes,no,
iia,south korea,kor,cotton lint,ha,,1934-1938,216000.0,iia_1939_45,yes,no,
iia,south korea,kor,cotton lint,tonnes,,1934-1938,40400.0,iia_1939_45,yes,no,
iia,spain,esp,cotton lint,ha,,1934-1938,15000.0,iia_1939_45,yes,no,
iia,spain,esp,cotton lint,tonnes,,1934-1938,1900.0,iia_1939_45,yes,no,
iia,sri lanka,lka,cotton lint,ha,,1934-1938,1000.0,iia_1939_45,yes,no,
iia,sri lanka,lka,cotton lint,tonnes,,1934-1938,100.0,iia_1939_45,yes,no,
iia,syrian arab republic,syr,cotton lint,ha,,1934-1938,32000.0,iia_1939_45,yes,no,
iia,syrian arab republic,syr,cotton lint,tonnes,,1934-1938,5800.0,iia_1939_45,yes,no,
iia,tanzania,tza,cotton lint,ha,,1934-1938,89000.0,iia_1939_45,yes,no,
iia,tanzania,tza,cotton lint,tonnes,,1934-1938,8100.0,iia_1939_45,yes,no,
iia,thailand,tha,cotton lint,ha,,1934-1938,6000.0,iia_1939_45,yes,no,
iia,thailand,tha,cotton lint,tonnes,,1934-1938,1300.0,iia_1939_45,yes,no,
iia,turkey,tur,cotton lint,ha,,1934-1938,249000.0,iia_1939_45,yes,no,
iia,turkey,tur,cotton lint,tonnes,,1934-1938,54600.0,iia_1939_45,yes,no,
iia,united states of america,usa,cotton lint,ha,,1934-1938,11493000.0,iia_1939_45,yes,no,
iia,united states of america,usa,cotton lint,tonnes,,1934-1938,2756400.0,iia_1939_45,yes,no,
iia,venezuela,ven,cotton lint,ha,,1934-1938,20000.0,iia_1939_45,yes,no,
iia,venezuela,ven,cotton lint,tonnes,,1934-1938,2300.0,iia_1939_45,yes,no,
iia,viet nam,vnm,cotton lint,ha,,1934-1938,1000.0,iia_1939_45,yes,no,
iia,viet nam,vnm,cotton lint,tonnes,,1934-1938,100.0,iia_1939_45,yes,no,
iia,zimbabwe,zwe,cotton lint,ha,,1934-1938,1000.0,iia_1939_45,yes,no,
iia,zimbabwe,zwe,cotton lint,tonnes,,1934-1938,100.0,iia_1939_45,yes,no,
iia,algeria,dza,cotton seed,tonnes,,1934-1938,100.0,iia_1939_45,yes,no,
iia,angola,ago,cotton seed,ha,,1934-1938,21000.0,iia_1939_45,yes,no,
iia,angola,ago,cotton seed,tonnes,,1934-1938,5600.0,iia_1939_45,yes,no,
iia,argentina,arg,cotton seed,ha,,1934-1938,311000.0,iia_1939_45,yes,no,
iia,argentina,arg,cotton seed,tonnes,,1934-1938,145800.0,iia_1939_45,yes,no,
iia,australia,aus,cotton seed,ha,,1934-1938,22000.0,iia_1939_45,yes,no,
iia,australia,aus,cotton seed,tonnes,,1934-1938,4600.0,iia_1939_45,yes,no,
iia,brazil,bra,cotton seed,ha,,1934-1938,2095000.0,iia_1939_45,yes,no,
iia,brazil,bra,cotton seed,tonnes,,1934-1938,816000.0,iia_1939_45,yes,no,
iia,bulgaria,bgr,cotton seed,ha,,1934-1938,39000.0,iia_1939_45,yes,no,
iia,bulgaria,bgr,cotton seed,tonnes,,1934-1938,16000.0,iia_1939_45,yes,no,
iia,burundi,bdi,cotton seed,ha,,1934-1938,4000.0,iia_1939_45,yes,no,
iia,burundi,bdi,cotton seed,tonnes,,1934-1938,1600.0,iia_1939_45,yes,no,
iia,cameroon,cmr,cotton seed,ha,,1934-1938,1000.0,iia_1939_45,yes,no,
iia,cameroon,cmr,cotton seed,tonnes,,1934-1938,100.0,iia_1939_45,yes,no,
iia,"china, mainland",chn,cotton seed,ha,,1934-1938,3087000.0,iia_1939_45,yes,no,
iia,"china, mainland",chn,cotton seed,tonnes,,1934-1938,1300700.0,iia_1939_45,yes,no,
iia,colombia,col,cotton seed,ha,,1934-1938,35000.0,iia_1939_45,yes,no,
iia,colombia,col,cotton seed,tonnes,,1934-1938,8000.0,iia_1939_45,yes,no,
iia,congo,cog,cotton seed,ha,,1934-1938,154000.0,iia_1939_45,yes,no,
iia,congo,cog,cotton seed,tonnes,,1934-1938,17200.0,iia_1939_45,yes,no,
iia,cyprus,cyp,cotton seed,ha,,1934-1938,5000.0,iia_1939_45,yes,no,
iia,cyprus,cyp,cotton seed,tonnes,,1934-1938,1300.0,iia_1939_45,yes,no,
iia,dr congo,cod,cotton seed,ha,,1934-1938,329000.0,iia_1939_45,yes,no,
iia,dr congo,cod,cotton seed,tonnes,,1934-1938,67600.0,iia_1939_45,yes,no,
iia,ecuador,ecu,cotton seed,tonnes,,1934-1938,6100.0,iia_1939_45,yes,no,
iia,egypt,egy,cotton seed,ha,,1934-1938,919000.0,iia_1939_45,yes,no,
iia,egypt,egy,cotton seed,tonnes,,1934-1938,874600.0,iia_1939_45,yes,no,
iia,el salvador,slv,cotton seed,ha,,1934-1938,2000.0,iia_1939_45,yes,no,
iia,el salvador,slv,cotton seed,tonnes,,1934-1938,2200.0,iia_1939_45,yes,no,
iia,eritrea,eri,cotton seed,ha,,1934-1938,3000.0,iia_1939_45,yes,no,
iia,eritrea,eri,cotton seed,tonnes,,1934-1938,700.0,iia_1939_45,yes,no,
iia,ghana,gha,cotton seed,ha,,1934-1938,24000.0,iia_1939_45,yes,no,
iia,ghana,gha,cotton seed,tonnes,,1934-1938,3500.0,iia_1939_45,yes,no,
iia,greece,grc,cotton seed,ha,,1934-1938,57000.0,iia_1939_45,yes,no,
iia,greece,grc,cotton seed,tonnes,,1934-1938,28500.0,iia_1939_45,yes,no,
iia,grenada,grd,cotton seed,ha,,1934-1938,2000.0,iia_1939_45,yes,no,
iia,grenada,grd,cotton seed,tonnes,,1934-1938,300.0,iia_1939_45,yes,no,
iia,guadeloupe,rlam,cotton seed,tonnes,,1934-1938,100.0,iia_1939_45,yes,no,
iia,guatemala,gtm,cotton seed,tonnes,,1934-1938,200.0,iia_1939_45,yes,no,
iia,haiti,hti,cotton seed,ha,,1934-1938,115000.0,iia_1939_45,yes,no,
iia,haiti,hti,cotton seed,tonnes,,1934-1938,12400.0,iia_1939_45,yes,no,
iia,india,ind,cotton seed,tonnes,,1934-1938,200.0,iia_1939_45,yes,no,
iia,indonesia,idn,cotton seed,ha,,1934-1938,12000.0,iia_1939_45,yes,no,
iia,indonesia,idn,cotton seed,tonnes,,1934-1938,4500.0,iia_1939_45,yes,no,
iia,iran,irn,cotton seed,ha,,1934-1938,158000.0,iia_1939_45,yes,no,
iia,iran,irn,cotton seed,tonnes,,1934-1938,74300.0,iia_1939_45,yes,no,
iia,iraq,irq,cotton seed,ha,,1934-1938,16000.0,iia_1939_45,yes,no,
iia,iraq,irq,cotton seed,tonnes,,1934-1938,4300.0,iia_1939_45,yes,no,
iia,italy,ita,cotton seed,ha,,1934-1938,15000.0,iia_1939_45,yes,no,
iia,italy,ita,cotton seed,tonnes,,1934-1938,6200.0,iia_1939_45,yes,no,
iia,jamaica,jam,cotton seed,ha,,1934-1938,8000.0,iia_1939_45,yes,no,
iia,jamaica,jam,cotton seed,tonnes,,1934-1938,2400.0,iia_1939_45,yes,no,
iia,japan,jpn,cotton seed,ha,,1934-1938,1000.0,iia_1939_45,yes,no,
iia,japan,jpn,cotton seed,tonnes,,1934-1938,500.0,iia_1939_45,yes,no,
iia,kenya,ken,cotton seed,tonnes,,1934-1938,6500.0,iia_1939_45,yes,no,
iia,malawi,mwi,cotton seed,ha,,1934-1938,1000.0,iia_1939_45,yes,no,
iia,malawi,mwi,cotton seed,tonnes,,1934-1938,200.0,iia_1939_45,yes,no,
iia,mexico,mex,cotton seed,ha,,1934-1938,270000.0,iia_1939_45,yes,no,
iia,mexico,mex,cotton seed,tonnes,,1934-1938,119600.0,iia_1939_45,yes,no,
iia,montserrat,rlam,cotton seed,ha,,1934-1938,2000.0,iia_1939_45,yes,no,
iia,montserrat,rlam,cotton seed,tonnes,,1934-1938,800.0,iia_1939_45,yes,no,
iia,myanmar,mmr,cotton seed,ha,,1934-1938,198000.0,iia_1939_45,yes,no,
iia,myanmar,mmr,cotton seed,tonnes,,1934-1938,39100.0,iia_1939_45,yes,no,
iia,nicaragua,nic,cotton seed,tonnes,,1934-1938,2000.0,iia_1939_45,yes,no,
iia,niger,ner,cotton seed,ha,,1934-1938,140000.0,iia_1939_45,yes,no,
iia,niger,ner,cotton seed,tonnes,,1934-1938,9000.0,iia_1939_45,yes,no,
iia,nigeria,nga,cotton seed,tonnes,,1934-1938,18500.0,iia_1939_45,yes,no,
iia,paraguay,pry,cotton seed,ha,,1934-1938,43000.0,iia_1939_45,yes,no,
iia,paraguay,pry,cotton seed,tonnes,,1934-1938,23100.0,iia_1939_45,yes,no,
iia,peru,per,cotton seed,ha,,1934-1938,165000.0,iia_1939_45,yes,no,
iia,peru,per,cotton seed,tonnes,,1934-1938,138500.0,iia_1939_45,yes,no,
iia,philippines,phl,cotton seed,ha,,1934-1938,2000.0,iia_1939_45,yes,no,
iia,philippines,phl,cotton seed,tonnes,,1934-1938,1000.0,iia_1939_45,yes,no,
iia,romania,rou,cotton seed,ha,,1934-1938,2000.0,iia_1939_45,yes,no,
iia,romania,rou,cotton seed,tonnes,,1934-1938,700.0,iia_1939_45,yes,no,
iia,russian federation,rus,cotton seed,ha,,1934-1938,2027000.0,iia_1939_45,yes,no,
iia,russian federation,rus,cotton seed,tonnes,,1934-1938,1424200.0,iia_1939_45,yes,no,
iia,saint kitts and nevis,kna,cotton seed,ha,,1934-1938,1000.0,iia_1939_45,yes,no,
iia,saint kitts and nevis,kna,cotton seed,tonnes,,1934-1938,600.0,iia_1939_45,yes,no,
iia,saint vincent and the grenadines,vct,cotton seed,ha,,1934-1938,2000.0,iia_1939_45,yes,no,
iia,saint vincent and the grenadines,vct,cotton seed,tonnes,,1934-1938,600.0,iia_1939_45,yes,no,
iia,serbia,srb,cotton seed,ha,,1934-1938,2000.0,iia_1939_45,yes,no,
iia,serbia,srb,cotton seed,tonnes,,1934-1938,1200.0,iia_1939_45,yes,no,
iia,somalia,som,cotton seed,ha,,1934-1938,5000.0,iia_1939_45,yes,no,
iia,somalia,som,cotton seed,tonnes,,1934-1938,1400.0,iia_1939_45,yes,no,
iia,south africa,zaf,cotton seed,ha,,1934-1938,5000.0,iia_1939_45,yes,no,
iia,south africa,zaf,cotton seed,tonnes,,1934-1938,700.0,iia_1939_45,yes,no,
iia,south korea,kor,cotton seed,ha,,1934-1938,216000.0,iia_1939_45,yes,no,
iia,south korea,kor,cotton seed,tonnes,,1934-1938,81500.0,iia_1939_45,yes,no,
iia,spain,esp,cotton seed,ha,,1934-1938,15000.0,iia_1939_45,yes,no,
iia,spain,esp,cotton seed,tonnes,,1934-1938,3400.0,iia_1939_45,yes,no,
iia,sri lanka,lka,cotton seed,ha,,1934-1938,1000.0,iia_1939_45,yes,no,
iia,sri lanka,lka,cotton seed,tonnes,,1934-1938,100.0,iia_1939_45,yes,no,
iia,syrian arab republic,syr,cotton seed,ha,,1934-1938,32000.0,iia_1939_45,yes,no,
iia,syrian arab republic,syr,cotton seed,tonnes,,1934-1938,11100.0,iia_1939_45,yes,no,
iia,tanzania,tza,cotton seed,ha,,1934-1938,89000.0,iia_1939_45,yes,no,
iia,tanzania,tza,cotton seed,tonnes,,1934-1938,22900.0,iia_1939_45,yes,no,
iia,thailand,tha,cotton seed,ha,,1934-1938,6000.0,iia_1939_45,yes,no,
iia,thailand,tha,cotton seed,tonnes,,1934-1938,3400.0,iia_1939_45,yes,no,
iia,turkey,tur,cotton seed,ha,,1934-1938,249000.0,iia_1939_45,yes,no,
iia,turkey,tur,cotton seed,tonnes,,1934-1938,103700.0,iia_1939_45,yes,no,
iia,united states of america,usa,cotton seed,ha,,1934-1938,11493000.0,iia_1939_45,yes,no,
iia,united states of america,usa,cotton seed,tonnes,,1934-1938,4927300.0,iia_1939_45,yes,no,
iia,vanuatu,vut,cotton seed,tonnes,,1934-1938,100.0,iia_1939_45,yes,no,
iia,venezuela,ven,cotton seed,ha,,1934-1938,20000.0,iia_1939_45,yes,no,
iia,venezuela,ven,cotton seed,tonnes,,1934-1938,5300.0,iia_1939_45,yes,no,
iia,viet nam,vnm,cotton seed,ha,,1934-1938,1000.0,iia_1939_45,yes,no,
iia,viet nam,vnm,cotton seed,tonnes,,1934-1938,200.0,iia_1939_45,yes,no,
iia,zimbabwe,zwe,cotton seed,ha,,1934-1938,1000.0,iia_1939_45,yes,no,
iia,zimbabwe,zwe,cotton seed,tonnes,,1934-1938,100.0,iia_1939_45,yes,no,
iia,albania,alb,"eggs, hen, in shell",tonnes,,1934-1938,7707.7,iia_1939_45,yes,no,
iia,austria,aut,"eggs, hen, in shell",tonnes,,1934-1938,38538.5,iia_1939_45,yes,no,
iia,belgium,bel,"eggs, hen, in shell",tonnes,,1934-1938,96481.0,iia_1939_45,yes,no,
iia,benin,ben,"eggs, hen, in shell",tonnes,,1934-1938,1293.6,iia_1939_45,yes,no,
iia,bermuda,rlam,"eggs, hen, in shell",tonnes,,1934-1938,107.8,iia_1939_45,yes,no,
iia,brunei darussalam,brn,"eggs, hen, in shell",tonnes,,1934-1938,107.8,iia_1939_45,yes,no,
iia,bulgaria,bgr,"eggs, hen, in shell",tonnes,,1934-1938,36759.8,iia_1939_45,yes,no,
iia,burkina faso,bfa,"eggs, hen, in shell",tonnes,,1934-1938,3018.4,iia_1939_45,yes,no,
iia,canada,can,"eggs, hen, in shell",tonnes,,1934-1938,143050.6,iia_1939_45,yes,no,
iia,chile,chl,"eggs, hen, in shell",tonnes,,1934-1938,1185.8,iia_1939_45,yes,no,
iia,"china, mainland",chn,"eggs, hen, in shell",tonnes,,1934-1938,1293.6,iia_1939_45,yes,no,
iia,czech republic,cze,"eggs, hen, in shell",tonnes,,1934-1938,105536.2,iia_1939_45,yes,no,
iia,denmark,dnk,"eggs, hen, in shell",tonnes,,1934-1938,107099.3,iia_1939_45,yes,no,
iia,egypt,egy,"eggs, hen, in shell",tonnes,,1934-1938,38861.9,iia_1939_45,yes,no,
iia,eritrea,eri,"eggs, hen, in shell",tonnes,,1934-1938,215.6,iia_1939_45,yes,no,
iia,estonia,est,"eggs, hen, in shell",tonnes,,1934-1938,6683.6,iia_1939_45,yes,no,
iia,faroe islands,reur,"eggs, hen, in shell",tonnes,,1934-1938,107.8,iia_1939_45,yes,no,
iia,finland,fin,"eggs, hen, in shell",tonnes,,1934-1938,17086.3,iia_1939_45,yes,no,
iia,france,fra,"eggs, hen, in shell",tonnes,,1934-1938,339575.39,iia_1939_45,yes,no,
iia,french polynesia,pyf,"eggs, hen, in shell",tonnes,,1934-1938,107.8,iia_1939_45,yes,no,
iia,germany,deu,"eggs, hen, in shell",tonnes,,1934-1938,344960.0,iia_1939_45,yes,no,
iia,greece,grc,"eggs, hen, in shell",tonnes,,1934-1938,29698.9,iia_1939_45,yes,no,
iia,guatemala,gtm,"eggs, hen, in shell",tonnes,,1934-1938,646.8,iia_1939_45,yes,no,
iia,india,ind,"eggs, hen, in shell",tonnes,,1934-1938,70.07,iia_1939_45,yes,no,
iia,ireland,irl,"eggs, hen, in shell",tonnes,,1934-1938,57834.7,iia_1939_45,yes,no,
iia,israel,isr,"eggs, hen, in shell",tonnes,,1934-1938,5821.2,iia_1939_45,yes,no,
iia,ivory coast,civ,"eggs, hen, in shell",tonnes,,1934-1938,377.3,iia_1939_45,yes,no,
iia,japan,jpn,"eggs, hen, in shell",tonnes,,1934-1938,191830.1,iia_1939_45,yes,no,
iia,jordan,jor,"eggs, hen, in shell",tonnes,,1934-1938,1401.4,iia_1939_45,yes,no,
iia,kenya,ken,"eggs, hen, in shell",tonnes,,1934-1938,539.0,iia_1939_45,yes,no,
iia,latvia,lva,"eggs, hen, in shell",tonnes,,1934-1938,10456.6,iia_1939_45,yes,no,
iia,luxembourg,lux,"eggs, hen, in shell",tonnes,,1934-1938,2964.5,iia_1939_45,yes,no,
iia,madagascar,mdg,"eggs, hen, in shell",tonnes,,1934-1938,7653.8,iia_1939_45,yes,no,
iia,malta,mlt,"eggs, hen, in shell",tonnes,,1934-1938,3611.3,iia_1939_45,yes,no,
iia,micronesia (federated states of),roce,"eggs, hen, in shell",tonnes,,1934-1938,161.7,iia_1939_45,yes,no,
iia,morocco,mar,"eggs, hen, in shell",tonnes,,1934-1938,53900.0,iia_1939_45,yes,no,
iia,netherlands,nld,"eggs, hen, in shell",tonnes,,1934-1938,106614.2,iia_1939_45,yes,no,
iia,new zealand,nzl,"eggs, hen, in shell",tonnes,,1934-1938,23177.0,iia_1939_45,yes,no,
iia,nicaragua,nic,"eggs, hen, in shell",tonnes,,1934-1938,646.8,iia_1939_45,yes,no,
iia,niger,ner,"eggs, hen, in shell",tonnes,,1934-1938,5659.5,iia_1939_45,yes,no,
iia,norway,nor,"eggs, hen, in shell",tonnes,,1934-1938,19889.1,iia_1939_45,yes,no,
iia,panama,pan,"eggs, hen, in shell",tonnes,,1934-1938,53.9,iia_1939_45,yes,no,
iia,philippines,phl,"eggs, hen, in shell",tonnes,,1934-1938,6899.2,iia_1939_45,yes,no,
iia,portugal,prt,"eggs, hen, in shell",tonnes,,1934-1938,8085.0,iia_1939_45,yes,no,
iia,russian federation,rus,"eggs, hen, in shell",tonnes,,1934-1938,539377.3,iia_1939_45,yes,no,
iia,senegal,sen,"eggs, hen, in shell",tonnes,,1934-1938,323.4,iia_1939_45,yes,no,
iia,somalia,som,"eggs, hen, in shell",tonnes,,1934-1938,269.5,iia_1939_45,yes,no,
iia,south korea,kor,"eggs, hen, in shell",tonnes,,1934-1938,12774.3,iia_1939_45,yes,no,
iia,spain,esp,"eggs, hen, in shell",tonnes,,1934-1938,90444.2,iia_1939_45,yes,no,
iia,sweden,swe,"eggs, hen, in shell",tonnes,,1934-1938,43120.0,iia_1939_45,yes,no,
iia,switzerland,che,"eggs, hen, in shell",tonnes,,1934-1938,22799.7,iia_1939_45,yes,no,
iia,syrian arab republic,syr,"eggs, hen, in shell",tonnes,,1934-1938,4958.8,iia_1939_45,yes,no,
iia,tunisia,tun,"eggs, hen, in shell",tonnes,,1934-1938,8085.0,iia_1939_45,yes,no,
iia,turkey,tur,"eggs, hen, in shell",tonnes,,1934-1938,54061.7,iia_1939_45,yes,no,
iia,united kingdom,gbr,"eggs, hen, in shell",tonnes,,1934-1938,415892.4,iia_1939_45,yes,no,
iia,united states of america,usa,"eggs, hen, in shell",tonnes,,1934-1938,1917654.2,iia_1939_45,yes,no,
iia,uruguay,ury,"eggs, hen, in shell",tonnes,,1934-1938,15577.1,iia_1939_45,yes,no,
iia,zimbabwe,zwe,"eggs, hen, in shell",tonnes,,1934-1938,539.0,iia_1939_45,yes,no,
iia,argentina,arg,flax fibre and tow,ha,,1934-1938,3001000.0,iia_1939_45,yes,no,
iia,argentina,arg,flax fibre and tow,tonnes,,1934-1938,1702100.0,iia_1939_45,yes,no,
iia,australia,aus,flax fibre and tow,tonnes,,1934-1938,100.0,iia_1939_45,yes,no,
iia,austria,aut,flax fibre and tow,ha,,1934-1938,1000.0,iia_1939_45,yes,no,
iia,austria,aut,flax fibre and tow,tonnes,,1934-1938,600.0,iia_1939_45,yes,no,
iia,belgium,bel,flax fibre and tow,ha,,1934-1938,24000.0,iia_1939_45,yes,no,
iia,belgium,bel,flax fibre and tow,tonnes,,1934-1938,13800.0,iia_1939_45,yes,no,
iia,bolivia,bol,flax fibre and tow,ha,,1934-1938,1000.0,iia_1939_45,yes,no,
iia,bolivia,bol,flax fibre and tow,tonnes,,1934-1938,600.0,iia_1939_45,yes,no,
iia,bulgaria,bgr,flax fibre and tow,ha,,1934-1938,3000.0,iia_1939_45,yes,no,
iia,bulgaria,bgr,flax fibre and tow,tonnes,,1934-1938,1100.0,iia_1939_45,yes,no,
iia,canada,can,flax fibre and tow,ha,,1934-1938,118000.0,iia_1939_45,yes,no,
iia,canada,can,flax fibre and tow,tonnes,,1934-1938,32500.0,iia_1939_45,yes,no,
iia,chile,chl,flax fibre and tow,tonnes,,1934-1938,0.0,iia_1939_45,yes,no,
iia,"china, mainland",chn,flax fibre and tow,ha,,1934-1938,16000.0,iia_1939_45,yes,no,
iia,"china, mainland",chn,flax fibre and tow,tonnes,,1934-1938,3500.0,iia_1939_45,yes,no,
iia,cyprus,cyp,flax fibre and tow,ha,,1934-1938,1000.0,iia_1939_45,yes,no,
iia,cyprus,cyp,flax fibre and tow,tonnes,,1934-1938,800.0,iia_1939_45,yes,no,
iia,czech republic,cze,flax fibre and tow,ha,,1934-1938,15000.0,iia_1939_45,yes,no,
iia,czech republic,cze,flax fibre and tow,tonnes,,1934-1938,1986600.0,iia_1939_45,yes,no,
iia,egypt,egy,flax fibre and tow,ha,,1934-1938,3000.0,iia_1939_45,yes,no,
iia,egypt,egy,flax fibre and tow,tonnes,,1934-1938,2000.0,iia_1939_45,yes,no,
iia,eritrea,eri,flax fibre and tow,ha,,1934-1938,2000.0,iia_1939_45,yes,no,
iia,eritrea,eri,flax fibre and tow,tonnes,,1934-1938,800.0,iia_1939_45,yes,no,
iia,estonia,est,flax fibre and tow,ha,,1934-1938,27000.0,iia_1939_45,yes,no,
iia,estonia,est,flax fibre and tow,tonnes,,1934-1938,9400.0,iia_1939_45,yes,no,
iia,finland,fin,flax fibre and tow,ha,,1934-1938,4000.0,iia_1939_45,yes,no,
iia,finland,fin,flax fibre and tow,tonnes,,1934-1938,1400.0,iia_1939_45,yes,no,
iia,france,fra,flax fibre and tow,ha,,1934-1938,32000.0,iia_1939_45,yes,no,
iia,france,fra,flax fibre and tow,tonnes,,1934-1938,11600.0,iia_1939_45,yes,no,
iia,germany,deu,flax fibre and tow,ha,,1934-1938,35000.0,iia_1939_45,yes,no,
iia,germany,deu,flax fibre and tow,tonnes,,1934-1938,23900.0,iia_1939_45,yes,no,
iia,hungary,hun,flax fibre and tow,ha,,1934-1938,12000.0,iia_1939_45,yes,no,
iia,hungary,hun,flax fibre and tow,tonnes,,1934-1938,3000.0,iia_1939_45,yes,no,
iia,iraq,irq,flax fibre and tow,ha,,1934-1938,13000.0,iia_1939_45,yes,no,
iia,iraq,irq,flax fibre and tow,tonnes,,1934-1938,8200.0,iia_1939_45,yes,no,
iia,ireland,irl,flax fibre and tow,ha,,1934-1938,2000.0,iia_1939_45,yes,no,
iia,ireland,irl,flax fibre and tow,tonnes,,1934-1938,800.0,iia_1939_45,yes,no,
iia,italy,ita,flax fibre and tow,ha,,1934-1938,7000.0,iia_1939_45,yes,no,
iia,italy,ita,flax fibre and tow,tonnes,,1934-1938,3900.0,iia_1939_45,yes,no,
iia,japan,jpn,flax fibre and tow,ha,,1934-1938,17000.0,iia_1939_45,yes,no,
iia,japan,jpn,flax fibre and tow,tonnes,,1934-1938,4700.0,iia_1939_45,yes,no,
iia,kenya,ken,flax fibre and tow,tonnes,,1934-1938,300.0,iia_1939_45,yes,no,
iia,latvia,lva,flax fibre and tow,ha,,1934-1938,63000.0,iia_1939_45,yes,no,
iia,latvia,lva,flax fibre and tow,tonnes,,1934-1938,19400.0,iia_1939_45,yes,no,
iia,lithuania,ltu,flax fibre and tow,ha,,1934-1938,78000.0,iia_1939_45,yes,no,
iia,lithuania,ltu,flax fibre and tow,tonnes,,1934-1938,33100.0,iia_1939_45,yes,no,
iia,mexico,mex,flax fibre and tow,ha,,1934-1938,5000.0,iia_1939_45,yes,no,
iia,mexico,mex,flax fibre and tow,tonnes,,1934-1938,2400.0,iia_1939_45,yes,no,
iia,morocco,mar,flax fibre and tow,ha,,1934-1938,19000.0,iia_1939_45,yes,no,
iia,morocco,mar,flax fibre and tow,tonnes,,1934-1938,7900.0,iia_1939_45,yes,no,
iia,netherlands,nld,flax fibre and tow,ha,,1934-1938,13000.0,iia_1939_45,yes,no,
iia,netherlands,nld,flax fibre and tow,tonnes,,1934-1938,10300.0,iia_1939_45,yes,no,
iia,new zealand,nzl,flax fibre and tow,ha,,1934-1938,1000.0,iia_1939_45,yes,no,
iia,new zealand,nzl,flax fibre and tow,tonnes,,1934-1938,500.0,iia_1939_45,yes,no,
iia,poland,pol,flax fibre and tow,ha,,1934-1938,131000.0,iia_1939_45,yes,no,
iia,poland,pol,flax fibre and tow,tonnes,,1934-1938,68300.0,iia_1939_45,yes,no,
iia,romania,rou,flax fibre and tow,ha,,1934-1938,24000.0,iia_1939_45,yes,no,
iia,romania,rou,flax fibre and tow,tonnes,,1934-1938,9400.0,iia_1939_45,yes,no,
iia,russian federation,rus,flax fibre and tow,ha,,1934-1938,2351000.0,iia_1939_45,yes,no,
iia,russian federation,rus,flax fibre and tow,tonnes,,1934-1938,737300.0,iia_1939_45,yes,no,
iia,serbia,srb,flax fibre and tow,ha,,1934-1938,13000.0,iia_1939_45,yes,no,
iia,serbia,srb,flax fibre and tow,tonnes,,1934-1938,1200.0,iia_1939_45,yes,no,
iia,spain,esp,flax fibre and tow,ha,,1934-1938,1000.0,iia_1939_45,yes,no,
iia,spain,esp,flax fibre and tow,tonnes,,1934-1938,200.0,iia_1939_45,yes,no,
iia,tunisia,tun,flax fibre and tow,tonnes,,1934-1938,100.0,iia_1939_45,yes,no,
iia,turkey,tur,flax fibre and tow,ha,,1934-1938,17000.0,iia_1939_45,yes,no,
iia,turkey,tur,flax fibre and tow,tonnes,,1934-1938,6900.0,iia_1939_45,yes,no,
iia,united kingdom,gbr,flax fibre and tow,ha,,1934-1938,10000.0,iia_1939_45,yes,no,
iia,united kingdom,gbr,flax fibre and tow,tonnes,,1934-1938,4800.0,iia_1939_45,yes,no,
iia,united states of america,usa,flax fibre and tow,ha,,1934-1938,492000.0,iia_1939_45,yes,no,
iia,united states of america,usa,flax fibre and tow,tonnes,,1934-1938,208600.0,iia_1939_45,yes,no,
iia,uruguay,ury,flax fibre and tow,ha,,1934-1938,150000.0,iia_1939_45,yes,no,
iia,uruguay,ury,flax fibre and tow,tonnes,,1934-1938,89300.0,iia_1939_45,yes,no,
iia,belize,blz,grapefruit (inc. pomelos),ha,,1934-1938,1000.0,iia_1939_45,yes,no,
iia,belize,blz,grapefruit (inc. pomelos),tonnes,,1934-1938,1400.0,iia_1939_45,yes,no,
iia,cyprus,cyp,grapefruit (inc. pomelos),ha,,1934-1938,1000.0,iia_1939_45,yes,no,
iia,cyprus,cyp,grapefruit (inc. pomelos),tonnes,,1934-1938,100.0,iia_1939_45,yes,no,
iia,dominica,dma,grapefruit (inc. pomelos),ha,,1934-1938,1000.0,iia_1939_45,yes,no,
iia,dominica,dma,grapefruit (inc. pomelos),tonnes,,1934-1938,100.0,iia_1939_45,yes,no,
iia,israel,isr,grapefruit (inc. pomelos),tonnes,,1934-1938,46500.0,iia_1939_45,yes,no,
iia,jamaica,jam,grapefruit (inc. pomelos),tonnes,,1934-1938,7900.0,iia_1939_45,yes,no,
iia,mexico,mex,grapefruit (inc. pomelos),tonnes,,1934-1938,600.0,iia_1939_45,yes,no,
iia,philippines,phl,grapefruit (inc. pomelos),ha,,1934-1938,2000.0,iia_1939_45,yes,no,
iia,philippines,phl,grapefruit (inc. pomelos),tonnes,,1934-1938,6200.0,iia_1939_45,yes,no,
iia,south africa,zaf,grapefruit (inc. pomelos),tonnes,,1934-1938,11500.0,iia_1939_45,yes,no,
iia,trinidad and tobago,tto,grapefruit (inc. pomelos),ha,,1934-1938,1000.0,iia_1939_45,yes,no,
iia,trinidad and tobago,tto,grapefruit (inc. pomelos),tonnes,,1934-1938,1600.0,iia_1939_45,yes,no,
iia,united states of america,usa,grapefruit (inc. pomelos),ha,,1934-1938,3000.0,iia_1939_45,yes,no,
iia,united states of america,usa,grapefruit (inc. pomelos),tonnes,,1934-1938,1076300.0,iia_1939_45,yes,no,
iia,albania,alb,grapes,ha,,1934-1938,3000.0,iia_1939_45,yes,no,
iia,albania,alb,grapes,tonnes,,1934-1938,14200.0,iia_1939_45,yes,no,
iia,algeria,dza,grapes,ha,,1934-1938,406000.0,iia_1939_45,yes,no,
iia,algeria,dza,grapes,tonnes,,1934-1938,14200.0,iia_1939_45,yes,no,
iia,argentina,arg,grapes,ha,,1934-1938,21000.0,iia_1939_45,yes,no,
iia,argentina,arg,grapes,tonnes,,1934-1938,250000.0,iia_1939_45,yes,no,
iia,australia,aus,grapes,ha,,1934-1938,3000.0,iia_1939_45,yes,no,
iia,australia,aus,grapes,tonnes,,1934-1938,14300.0,iia_1939_45,yes,no,
iia,austria,aut,grapes,ha,,1934-1938,36000.0,iia_1939_45,yes,no,
iia,austria,aut,grapes,tonnes,,1934-1938,1300.0,iia_1939_45,yes,no,
iia,belgium,bel,grapes,ha,,1934-1938,1000.0,iia_1939_45,yes,no,
iia,belgium,bel,grapes,tonnes,,1934-1938,311000.0,iia_1939_45,yes,no,
iia,brazil,bra,grapes,ha,,1934-1938,48000.0,iia_1939_45,yes,no,
iia,brazil,bra,grapes,tonnes,,1934-1938,215400.0,iia_1939_45,yes,no,
iia,bulgaria,bgr,grapes,ha,,1934-1938,107000.0,iia_1939_45,yes,no,
iia,bulgaria,bgr,grapes,tonnes,,1934-1938,476100.0,iia_1939_45,yes,no,
iia,canada,can,grapes,tonnes,,1934-1938,18600.0,iia_1939_45,yes,no,
iia,chile,chl,grapes,ha,,1934-1938,101000.0,iia_1939_45,yes,no,
iia,cyprus,cyp,grapes,ha,,1934-1938,50000.0,iia_1939_45,yes,no,
iia,cyprus,cyp,grapes,tonnes,,1934-1938,16300.0,iia_1939_45,yes,no,
iia,czech republic,cze,grapes,ha,,1934-1938,2000.0,iia_1939_45,yes,no,
iia,czech republic,cze,grapes,tonnes,,1934-1938,8100.0,iia_1939_45,yes,no,
iia,egypt,egy,grapes,ha,,1934-1938,3000.0,iia_1939_45,yes,no,
iia,egypt,egy,grapes,tonnes,,1934-1938,23000.0,iia_1939_45,yes,no,
iia,france,fra,grapes,ha,,1934-1938,1620000.0,iia_1939_45,yes,no,
iia,france,fra,grapes,tonnes,,1934-1938,143300.0,iia_1939_45,yes,no,
iia,germany,deu,grapes,ha,,1934-1938,82000.0,iia_1939_45,yes,no,
iia,germany,deu,grapes,tonnes,,1934-1938,2400.0,iia_1939_45,yes,no,
iia,greece,grc,grapes,ha,,1934-1938,97000.0,iia_1939_45,yes,no,
iia,greece,grc,grapes,tonnes,,1934-1938,4500.0,iia_1939_45,yes,no,
iia,hungary,hun,grapes,ha,,1934-1938,15000.0,iia_1939_45,yes,no,
iia,hungary,hun,grapes,tonnes,,1934-1938,14900.0,iia_1939_45,yes,no,
iia,iran,irn,grapes,tonnes,,1934-1938,400000.0,iia_1939_45,yes,no,
iia,israel,isr,grapes,ha,,1934-1938,17000.0,iia_1939_45,yes,no,
iia,israel,isr,grapes,tonnes,,1934-1938,40100.0,iia_1939_45,yes,no,
iia,italy,ita,grapes,ha,,1934-1938,970000.0,iia_1939_45,yes,no,
iia,italy,ita,grapes,tonnes,,1934-1938,386100.0,iia_1939_45,yes,no,
iia,japan,jpn,grapes,ha,,1934-1938,8000.0,iia_1939_45,yes,no,
iia,japan,jpn,grapes,tonnes,,1934-1938,65200.0,iia_1939_45,yes,no,
iia,jordan,jor,grapes,tonnes,,1934-1938,19900.0,iia_1939_45,yes,no,
iia,lebanon,lbn,grapes,ha,,1934-1938,11000.0,iia_1939_45,yes,no,
iia,lebanon,lbn,grapes,tonnes,,1934-1938,30000.0,iia_1939_45,yes,no,
iia,libya,lby,grapes,ha,,1934-1938,9000.0,iia_1939_45,yes,no,
iia,libya,lby,grapes,tonnes,,1934-1938,23000.0,iia_1939_45,yes,no,
iia,luxembourg,lux,grapes,ha,,1934-1938,1000.0,iia_1939_45,yes,no,
iia,luxembourg,lux,grapes,tonnes,,1934-1938,0.0,iia_1939_45,yes,no,
iia,madagascar,mdg,grapes,ha,,1934-1938,1000.0,iia_1939_45,yes,no,
iia,madagascar,mdg,grapes,tonnes,,1934-1938,1000.0,iia_1939_45,yes,no,
iia,malta,mlt,grapes,ha,,1934-1938,1000.0,iia_1939_45,yes,no,
iia,malta,mlt,grapes,tonnes,,1934-1938,3700.0,iia_1939_45,yes,no,
iia,mexico,mex,grapes,ha,,1934-1938,2000.0,iia_1939_45,yes,no,
iia,mexico,mex,grapes,tonnes,,1934-1938,312300.0,iia_1939_45,yes,no,
iia,morocco,mar,grapes,ha,,1934-1938,24000.0,iia_1939_45,yes,no,
iia,morocco,mar,grapes,tonnes,,1934-1938,6900.0,iia_1939_45,yes,no,
iia,netherlands,nld,grapes,ha,,1934-1938,1000.0,iia_1939_45,yes,no,
iia,netherlands,nld,grapes,tonnes,,1934-1938,21200.0,iia_1939_45,yes,no,
iia,new zealand,nzl,grapes,ha,,1934-1938,1000.0,iia_1939_45,yes,no,
iia,peru,per,grapes,ha,,1934-1938,7000.0,iia_1939_45,yes,no,
iia,peru,per,grapes,tonnes,,1934-1938,32800.0,iia_1939_45,yes,no,
iia,portugal,prt,grapes,ha,,1934-1938,351000.0,iia_1939_45,yes,no,
iia,portugal,prt,grapes,tonnes,,1934-1938,1183300.0,iia_1939_45,yes,no,
iia,romania,rou,grapes,ha,,1934-1938,345000.0,iia_1939_45,yes,no,
iia,romania,rou,grapes,tonnes,,1934-1938,1640600.0,iia_1939_45,yes,no,
iia,russian federation,rus,grapes,ha,,1934-1938,300000.0,iia_1939_45,yes,no,
iia,russian federation,rus,grapes,tonnes,,1934-1938,961000.0,iia_1939_45,yes,no,
iia,serbia,srb,grapes,ha,,1934-1938,211000.0,iia_1939_45,yes,no,
iia,serbia,srb,grapes,tonnes,,1934-1938,712600.0,iia_1939_45,yes,no,
iia,south africa,zaf,grapes,ha,,1934-1938,5000.0,iia_1939_45,yes,no,
iia,south africa,zaf,grapes,tonnes,,1934-1938,8900.0,iia_1939_45,yes,no,
iia,south korea,kor,grapes,tonnes,,1934-1938,2100.0,iia_1939_45,yes,no,
iia,spain,esp,grapes,ha,,1934-1938,1564000.0,iia_1939_45,yes,no,
iia,spain,esp,grapes,tonnes,,1934-1938,3236600.0,iia_1939_45,yes,no,
iia,switzerland,che,grapes,ha,,1934-1938,13000.0,iia_1939_45,yes,no,
iia,switzerland,che,grapes,tonnes,,1934-1938,3000.0,iia_1939_45,yes,no,
iia,syrian arab republic,syr,grapes,ha,,1934-1938,42000.0,iia_1939_45,yes,no,
iia,syrian arab republic,syr,grapes,tonnes,,1934-1938,92000.0,iia_1939_45,yes,no,
iia,tunisia,tun,grapes,ha,,1934-1938,4000.0,iia_1939_45,yes,no,
iia,tunisia,tun,grapes,tonnes,,1934-1938,2800.0,iia_1939_45,yes,no,
iia,turkey,tur,grapes,ha,,1934-1938,359000.0,iia_1939_45,yes,no,
iia,turkey,tur,grapes,tonnes,,1934-1938,440000.0,iia_1939_45,yes,no,
iia,united states of america,usa,grapes,ha,,1934-1938,32000.0,iia_1939_45,yes,no,
iia,united states of america,usa,grapes,tonnes,,1934-1938,269900.0,iia_1939_45,yes,no,
iia,uruguay,ury,grapes,ha,,1934-1938,16000.0,iia_1939_45,yes,no,
iia,uruguay,ury,grapes,tonnes,,1934-1938,92400.0,iia_1939_45,yes,no,
iia,angola,ago,"groundnuts, with shell",ha,,1934-1938,7000.0,iia_1939_45,yes,no,
iia,angola,ago,"groundnuts, with shell",tonnes,,1934-1938,5600.0,iia_1939_45,yes,no,
iia,argentina,arg,"groundnuts, with shell",ha,,1934-1938,81000.0,iia_1939_45,yes,no,
iia,argentina,arg,"groundnuts, with shell",tonnes,,1934-1938,77700.0,iia_1939_45,yes,no,
iia,australia,aus,"groundnuts, with shell",ha,,1934-1938,6000.0,iia_1939_45,yes,no,
iia,australia,aus,"groundnuts, with shell",tonnes,,1934-1938,6400.0,iia_1939_45,yes,no,
iia,benin,ben,"groundnuts, with shell",ha,,1934-1938,22000.0,iia_1939_45,yes,no,
iia,benin,ben,"groundnuts, with shell",tonnes,,1934-1938,9900.0,iia_1939_45,yes,no,
iia,bulgaria,bgr,"groundnuts, with shell",ha,,1934-1938,2000.0,iia_1939_45,yes,no,
iia,bulgaria,bgr,"groundnuts, with shell",tonnes,,1934-1938,1900.0,iia_1939_45,yes,no,
iia,burundi,bdi,"groundnuts, with shell",ha,,1934-1938,3000.0,iia_1939_45,yes,no,
iia,burundi,bdi,"groundnuts, with shell",tonnes,,1934-1938,300.0,iia_1939_45,yes,no,
iia,"china, mainland",chn,"groundnuts, with shell",ha,,1934-1938,1448000.0,iia_1939_45,yes,no,
iia,"china, mainland",chn,"groundnuts, with shell",tonnes,,1934-1938,2597500.0,iia_1939_45,yes,no,
iia,"china, taiwan province of",twn,"groundnuts, with shell",ha,,1934-1938,31000.0,iia_1939_45,yes,no,
iia,"china, taiwan province of",twn,"groundnuts, with shell",tonnes,,1934-1938,54600.0,iia_1939_45,yes,no,
iia,congo,cog,"groundnuts, with shell",ha,,1934-1938,37000.0,iia_1939_45,yes,no,
iia,congo,cog,"groundnuts, with shell",tonnes,,1934-1938,15800.0,iia_1939_45,yes,no,
iia,dominican republic,dom,"groundnuts, with shell",tonnes,,1934-1938,5300.0,iia_1939_45,yes,no,
iia,dr congo,cod,"groundnuts, with shell",ha,,1934-1938,99000.0,iia_1939_45,yes,no,
iia,dr congo,cod,"groundnuts, with shell",tonnes,,1934-1938,59100.0,iia_1939_45,yes,no,
iia,egypt,egy,"groundnuts, with shell",ha,,1934-1938,23000.0,iia_1939_45,yes,no,
iia,egypt,egy,"groundnuts, with shell",tonnes,,1934-1938,21000.0,iia_1939_45,yes,no,
iia,eritrea,eri,"groundnuts, with shell",ha,,1934-1938,6000.0,iia_1939_45,yes,no,
iia,eritrea,eri,"groundnuts, with shell",tonnes,,1934-1938,100.0,iia_1939_45,yes,no,
iia,eswatini,swz,"groundnuts, with shell",ha,,1934-1938,17000.0,iia_1939_45,yes,no,
iia,eswatini,swz,"groundnuts, with shell",tonnes,,1934-1938,100.0,iia_1939_45,yes,no,
iia,gambia,gmb,"groundnuts, with shell",tonnes,,1934-1938,57200.0,iia_1939_45,yes,no,
iia,guatemala,gtm,"groundnuts, with shell",ha,,1934-1938,2000.0,iia_1939_45,yes,no,
iia,guatemala,gtm,"groundnuts, with shell",tonnes,,1934-1938,200.0,iia_1939_45,yes,no,
iia,guinea,gin,"groundnuts, with shell",ha,,1934-1938,49000.0,iia_1939_45,yes,no,
iia,guinea,gin,"groundnuts, with shell",tonnes,,1934-1938,28800.0,iia_1939_45,yes,no,
iia,guinea-bissau,gnb,"groundnuts, with shell",ha,,1934-1938,20000.0,iia_1939_45,yes,no,
iia,guinea-bissau,gnb,"groundnuts, with shell",tonnes,,1934-1938,24400.0,iia_1939_45,yes,no,
iia,india,ind,"groundnuts, with shell",ha,,1934-1938,3000.0,iia_1939_45,yes,no,
iia,india,ind,"groundnuts, with shell",tonnes,,1934-1938,5200.0,iia_1939_45,yes,no,
iia,indonesia,idn,"groundnuts, with shell",ha,,1934-1938,237000.0,iia_1939_45,yes,no,
iia,indonesia,idn,"groundnuts, with shell",tonnes,,1934-1938,259500.0,iia_1939_45,yes,no,
iia,italy,ita,"groundnuts, with shell",ha,,1934-1938,1000.0,iia_1939_45,yes,no,
iia,italy,ita,"groundnuts, with shell",tonnes,,1934-1938,1400.0,iia_1939_45,yes,no,
iia,ivory coast,civ,"groundnuts, with shell",ha,,1934-1938,129000.0,iia_1939_45,yes,no,
iia,ivory coast,civ,"groundnuts, with shell",tonnes,,1934-1938,44600.0,iia_1939_45,yes,no,
iia,japan,jpn,"groundnuts, with shell",ha,,1934-1938,8000.0,iia_1939_45,yes,no,
iia,japan,jpn,"groundnuts, with shell",tonnes,,1934-1938,12400.0,iia_1939_45,yes,no,
iia,kenya,ken,"groundnuts, with shell",tonnes,,1934-1938,2000.0,iia_1939_45,yes,no,
iia,madagascar,mdg,"groundnuts, with shell",ha,,1934-1938,5000.0,iia_1939_45,yes,no,
iia,madagascar,mdg,"groundnuts, with shell",tonnes,,1934-1938,5100.0,iia_1939_45,yes,no,
iia,malawi,mwi,"groundnuts, with shell",tonnes,,1934-1938,200.0,iia_1939_45,yes,no,
iia,mali,mli,"groundnuts, with shell",ha,,1934-1938,204000.0,iia_1939_45,yes,no,
iia,mali,mli,"groundnuts, with shell",tonnes,,1934-1938,113500.0,iia_1939_45,yes,no,
iia,mauritania,mrt,"groundnuts, with shell",ha,,1934-1938,3000.0,iia_1939_45,yes,no,
iia,mauritania,mrt,"groundnuts, with shell",tonnes,,1934-1938,1500.0,iia_1939_45,yes,no,
iia,mauritius,mus,"groundnuts, with shell",tonnes,,1934-1938,100.0,iia_1939_45,yes,no,
iia,mexico,mex,"groundnuts, with shell",ha,,1934-1938,12000.0,iia_1939_45,yes,no,
iia,mexico,mex,"groundnuts, with shell",tonnes,,1934-1938,9500.0,iia_1939_45,yes,no,
iia,myanmar,mmr,"groundnuts, with shell",ha,,1934-1938,306000.0,iia_1939_45,yes,no,
iia,myanmar,mmr,"groundnuts, with shell",tonnes,,1934-1938,165900.0,iia_1939_45,yes,no,
iia,niger,ner,"groundnuts, with shell",ha,,1934-1938,113000.0,iia_1939_45,yes,no,
iia,niger,ner,"groundnuts, with shell",tonnes,,1934-1938,54600.0,iia_1939_45,yes,no,
iia,nigeria,nga,"groundnuts, with shell",tonnes,,1934-1938,334800.0,iia_1939_45,yes,no,
iia,paraguay,pry,"groundnuts, with shell",ha,,1934-1938,13000.0,iia_1939_45,yes,no,
iia,philippines,phl,"groundnuts, with shell",ha,,1934-1938,6000.0,iia_1939_45,yes,no,
iia,philippines,phl,"groundnuts, with shell",tonnes,,1934-1938,5200.0,iia_1939_45,yes,no,
iia,russian federation,rus,"groundnuts, with shell",ha,,1934-1938,10000.0,iia_1939_45,yes,no,
iia,russian federation,rus,"groundnuts, with shell",tonnes,,1934-1938,1100.0,iia_1939_45,yes,no,
iia,saint vincent and the grenadines,vct,"groundnuts, with shell",ha,,1934-1938,6000.0,iia_1939_45,yes,no,
iia,senegal,sen,"groundnuts, with shell",ha,,1934-1938,684000.0,iia_1939_45,yes,no,
iia,senegal,sen,"groundnuts, with shell",tonnes,,1934-1938,527800.0,iia_1939_45,yes,no,
iia,somalia,som,"groundnuts, with shell",ha,,1934-1938,2000.0,iia_1939_45,yes,no,
iia,somalia,som,"groundnuts, with shell",tonnes,,1934-1938,1500.0,iia_1939_45,yes,no,
iia,south africa,zaf,"groundnuts, with shell",ha,,1934-1938,22000.0,iia_1939_45,yes,no,
iia,south africa,zaf,"groundnuts, with shell",tonnes,,1934-1938,10800.0,iia_1939_45,yes,no,
iia,south korea,kor,"groundnuts, with shell",ha,,1934-1938,3000.0,iia_1939_45,yes,no,
iia,south korea,kor,"groundnuts, with shell",tonnes,,1934-1938,6600.0,iia_1939_45,yes,no,
iia,spain,esp,"groundnuts, with shell",ha,,1934-1938,9000.0,iia_1939_45,yes,no,
iia,spain,esp,"groundnuts, with shell",tonnes,,1934-1938,20600.0,iia_1939_45,yes,no,
iia,tanzania,tza,"groundnuts, with shell",ha,,1934-1938,152000.0,iia_1939_45,yes,no,
iia,togo,tgo,"groundnuts, with shell",ha,,1934-1938,11000.0,iia_1939_45,yes,no,
iia,togo,tgo,"groundnuts, with shell",tonnes,,1934-1938,4400.0,iia_1939_45,yes,no,
iia,united states of america,usa,"groundnuts, with shell",ha,,1934-1938,640000.0,iia_1939_45,yes,no,
iia,united states of america,usa,"groundnuts, with shell",tonnes,,1934-1938,539700.0,iia_1939_45,yes,no,
iia,uruguay,ury,"groundnuts, with shell",ha,,1934-1938,2000.0,iia_1939_45,yes,no,
iia,uruguay,ury,"groundnuts, with shell",tonnes,,1934-1938,1100.0,iia_1939_45,yes,no,
iia,viet nam,vnm,"groundnuts, with shell",ha,,1934-1938,2000.0,iia_1939_45,yes,no,
iia,viet nam,vnm,"groundnuts, with shell",tonnes,,1934-1938,1800.0,iia_1939_45,yes,no,
iia,zimbabwe,zwe,"groundnuts, with shell",ha,,1934-1938,2000.0,iia_1939_45,yes,no,
iia,zimbabwe,zwe,"groundnuts, with shell",tonnes,,1934-1938,1400.0,iia_1939_45,yes,no,
iia,austria,aut,hemp tow waste,tonnes,,1934-1938,100.0,iia_1939_45,yes,no,
iia,bulgaria,bgr,hemp tow waste,ha,,1934-1938,7000.0,iia_1939_45,yes,no,
iia,bulgaria,bgr,hemp tow waste,tonnes,,1934-1938,3600.0,iia_1939_45,yes,no,
iia,chile,chl,hemp tow waste,ha,,1934-1938,3000.0,iia_1939_45,yes,no,
iia,chile,chl,hemp tow waste,tonnes,,1934-1938,4500.0,iia_1939_45,yes,no,
iia,"china, mainland",chn,hemp tow waste,ha,,1934-1938,25000.0,iia_1939_45,yes,no,
iia,"china, mainland",chn,hemp tow waste,tonnes,,1934-1938,10600.0,iia_1939_45,yes,no,
iia,cyprus,cyp,hemp tow waste,tonnes,,1934-1938,100.0,iia_1939_45,yes,no,
iia,czech republic,cze,hemp tow waste,ha,,1934-1938,7000.0,iia_1939_45,yes,no,
iia,czech republic,cze,hemp tow waste,tonnes,,1934-1938,5300.0,iia_1939_45,yes,no,
iia,france,fra,hemp tow waste,ha,,1934-1938,3000.0,iia_1939_45,yes,no,
iia,france,fra,hemp tow waste,tonnes,,1934-1938,3900.0,iia_1939_45,yes,no,
iia,germany,deu,hemp tow waste,ha,,1934-1938,7000.0,iia_1939_45,yes,no,
iia,germany,deu,hemp tow waste,tonnes,,1934-1938,6800.0,iia_1939_45,yes,no,
iia,hungary,hun,hemp tow waste,ha,,1934-1938,12000.0,iia_1939_45,yes,no,
iia,hungary,hun,hemp tow waste,tonnes,,1934-1938,9100.0,iia_1939_45,yes,no,
iia,italy,ita,hemp tow waste,ha,,1934-1938,76000.0,iia_1939_45,yes,no,
iia,italy,ita,hemp tow waste,tonnes,,1934-1938,89600.0,iia_1939_45,yes,no,
iia,japan,jpn,hemp tow waste,ha,,1934-1938,6000.0,iia_1939_45,yes,no,
iia,japan,jpn,hemp tow waste,tonnes,,1934-1938,7900.0,iia_1939_45,yes,no,
iia,poland,pol,hemp tow waste,ha,,1934-1938,34000.0,iia_1939_45,yes,no,
iia,poland,pol,hemp tow waste,tonnes,,1934-1938,11800.0,iia_1939_45,yes,no,
iia,romania,rou,hemp tow waste,ha,,1934-1938,49000.0,iia_1939_45,yes,no,
iia,romania,rou,hemp tow waste,tonnes,,1934-1938,26800.0,iia_1939_45,yes,no,
iia,russian federation,rus,hemp tow waste,ha,,1934-1938,498000.0,iia_1939_45,yes,no,
iia,russian federation,rus,hemp tow waste,tonnes,,1934-1938,148700.0,iia_1939_45,yes,no,
iia,serbia,srb,hemp tow waste,ha,,1934-1938,49000.0,iia_1939_45,yes,no,
iia,serbia,srb,hemp tow waste,tonnes,,1934-1938,46500.0,iia_1939_45,yes,no,
iia,south korea,kor,hemp tow waste,ha,,1934-1938,26000.0,iia_1939_45,yes,no,
iia,south korea,kor,hemp tow waste,tonnes,,1934-1938,17800.0,iia_1939_45,yes,no,
iia,spain,esp,hemp tow waste,ha,,1934-1938,4000.0,iia_1939_45,yes,no,
iia,spain,esp,hemp tow waste,tonnes,,1934-1938,4200.0,iia_1939_45,yes,no,
iia,syrian arab republic,syr,hemp tow waste,ha,,1934-1938,4000.0,iia_1939_45,yes,no,
iia,syrian arab republic,syr,hemp tow waste,tonnes,,1934-1938,2800.0,iia_1939_45,yes,no,
iia,turkey,tur,hemp tow waste,ha,,1934-1938,12000.0,iia_1939_45,yes,no,
iia,turkey,tur,hemp tow waste,tonnes,,1934-1938,8400.0,iia_1939_45,yes,no,
iia,united states of america,usa,hemp tow waste,tonnes,,1934-1938,400.0,iia_1939_45,yes,no,
iia,bulgaria,bgr,hempseed,ha,,1934-1938,7000.0,iia_1939_45,yes,no,
iia,bulgaria,bgr,hempseed,tonnes,,1934-1938,2300.0,iia_1939_45,yes,no,
iia,chile,chl,hempseed,tonnes,,1934-1938,3000.0,iia_1939_45,yes,no,
iia,"china, mainland",chn,hempseed,ha,,1934-1938,58000.0,iia_1939_45,yes,no,
iia,"china, mainland",chn,hempseed,tonnes,,1934-1938,41500.0,iia_1939_45,yes,no,
iia,czech republic,cze,hempseed,ha,,1934-1938,7000.0,iia_1939_45,yes,no,
iia,czech republic,cze,hempseed,tonnes,,1934-1938,3700.0,iia_1939_45,yes,no,
iia,france,fra,hempseed,ha,,1934-1938,3000.0,iia_1939_45,yes,no,
iia,france,fra,hempseed,tonnes,,1934-1938,700.0,iia_1939_45,yes,no,
iia,germany,deu,hempseed,ha,,1934-1938,7000.0,iia_1939_45,yes,no,
iia,germany,deu,hempseed,tonnes,,1934-1938,4600.0,iia_1939_45,yes,no,
iia,hungary,hun,hempseed,ha,,1934-1938,12000.0,iia_1939_45,yes,no,
iia,hungary,hun,hempseed,tonnes,,1934-1938,1000.0,iia_1939_45,yes,no,
iia,italy,ita,hempseed,tonnes,,1934-1938,2700.0,iia_1939_45,yes,no,
iia,poland,pol,hempseed,ha,,1934-1938,34000.0,iia_1939_45,yes,no,
iia,poland,pol,hempseed,tonnes,,1934-1938,19000.0,iia_1939_45,yes,no,
iia,romania,rou,hempseed,ha,,1934-1938,49000.0,iia_1939_45,yes,no,
iia,romania,rou,hempseed,tonnes,,1934-1938,21900.0,iia_1939_45,yes,no,
iia,russian federation,rus,hempseed,ha,,1934-1938,498000.0,iia_1939_45,yes,no,
iia,russian federation,rus,hempseed,tonnes,,1934-1938,226000.0,iia_1939_45,yes,no,
iia,serbia,srb,hempseed,tonnes,,1934-1938,2800.0,iia_1939_45,yes,no,
iia,spain,esp,hempseed,ha,,1934-1938,4000.0,iia_1939_45,yes,no,
iia,spain,esp,hempseed,tonnes,,1934-1938,1000.0,iia_1939_45,yes,no,
iia,syrian arab republic,syr,hempseed,ha,,1934-1938,4000.0,iia_1939_45,yes,no,
iia,syrian arab republic,syr,hempseed,tonnes,,1934-1938,600.0,iia_1939_45,yes,no,
iia,turkey,tur,hempseed,ha,,1934-1938,12000.0,iia_1939_45,yes,no,
iia,turkey,tur,hempseed,tonnes,,1934-1938,2800.0,iia_1939_45,yes,no,
iia,united states of america,usa,hempseed,ha,,1934-1938,8000.0,iia_1939_45,yes,no,
iia,united states of america,usa,hempseed,tonnes,,1934-1938,800.0,iia_1939_45,yes,no,
iia,australia,aus,hops,ha,,1934-1938,400.0,iia_1939_45,yes,yes,
iia,australia,aus,hops,tonnes,,1934-1938,104500.0,iia_1939_45,yes,yes,no
iia,austria,aut,hops,tonnes,,1934-1938,4900.0,iia_1939_45,yes,yes,no
iia,belgium,bel,hops,ha,,1934-1938,900.0,iia_1939_45,yes,yes,
iia,belgium,bel,hops,tonnes,,1934-1938,120600.0,iia_1939_45,yes,yes,no
iia,canada,can,hops,ha,,1934-1938,400.0,iia_1939_45,yes,yes,
iia,canada,can,hops,tonnes,,1934-1938,73100.0,iia_1939_45,yes,yes,no
iia,czech republic,cze,hops,ha,,1934-1938,11300.0,iia_1939_45,yes,yes,
iia,czech republic,cze,hops,tonnes,,1934-1938,973500.0,iia_1939_45,yes,yes,yes
iia,france,fra,hops,ha,,1934-1938,1800.0,iia_1939_45,yes,yes,
iia,france,fra,hops,tonnes,,1934-1938,223900.0,iia_1939_45,yes,yes,no
iia,germany,deu,hops,ha,,1934-1938,9600.0,iia_1939_45,yes,yes,
iia,germany,deu,hops,tonnes,,1934-1938,908700.0,iia_1939_45,yes,yes,yes
iia,hungary,hun,hops,ha,,1934-1938,100.0,iia_1939_45,yes,yes,
iia,hungary,hun,hops,tonnes,,1934-1938,6600.0,iia_1939_45,yes,yes,no
iia,new zealand,nzl,hops,ha,,1934-1938,300.0,iia_1939_45,yes,yes,
iia,new zealand,nzl,hops,tonnes,,1934-1938,39700.0,iia_1939_45,yes,yes,no
iia,poland,pol,hops,ha,,1934-1938,3200.0,iia_1939_45,yes,yes,
iia,poland,pol,hops,tonnes,,1934-1938,177200.0,iia_1939_45,yes,yes,no
iia,romania,rou,hops,tonnes,,1934-1938,1900.0,iia_1939_45,yes,yes,no
iia,russian federation,rus,hops,ha,,1934-1938,2000.0,iia_1939_45,yes,yes,
iia,russian federation,rus,hops,tonnes,,1934-1938,100000.0,iia_1939_45,yes,yes,no
iia,serbia,srb,hops,ha,,1934-1938,2700.0,iia_1939_45,yes,yes,
iia,serbia,srb,hops,tonnes,,1934-1938,180400.0,iia_1939_45,yes,yes,no
iia,united kingdom,gbr,hops,ha,,1934-1938,7400.0,iia_1939_45,yes,yes,
iia,united kingdom,gbr,hops,tonnes,,1934-1938,1271100.0,iia_1939_45,yes,yes,yes
iia,united states of america,usa,hops,ha,,1934-1938,14000.0,iia_1939_45,yes,yes,
iia,united states of america,usa,hops,tonnes,,1934-1938,1768000.0,iia_1939_45,yes,yes,yes
iia,"china, mainland",chn,jute,tonnes,,1934-1938,10900.0,iia_1939_45,yes,no,
iia,"china, taiwan province of",twn,jute,ha,,1934-1938,6000.0,iia_1939_45,yes,no,
iia,"china, taiwan province of",twn,jute,tonnes,,1934-1938,10300.0,iia_1939_45,yes,no,
iia,iran,irn,jute,ha,,1934-1938,3000.0,iia_1939_45,yes,no,
iia,iran,irn,jute,tonnes,,1934-1938,3500.0,iia_1939_45,yes,no,
iia,japan,jpn,jute,tonnes,,1934-1938,1200.0,iia_1939_45,yes,no,
iia,nepal,npl,jute,tonnes,,1934-1938,10400.0,iia_1939_45,yes,no,
iia,viet nam,vnm,jute,tonnes,,1934-1938,200.0,iia_1939_45,yes,no,
iia,algeria,dza,lemons and limes,tonnes,,1934-1938,3500.0,iia_1939_45,yes,no,
iia,australia,aus,lemons and limes,ha,,1934-1938,2000.0,iia_1939_45,yes,no,
iia,australia,aus,lemons and limes,tonnes,,1934-1938,11100.0,iia_1939_45,yes,no,
iia,cyprus,cyp,lemons and limes,tonnes,,1934-1938,1800.0,iia_1939_45,yes,no,
iia,dominica,dma,lemons and limes,ha,,1934-1938,1000.0,iia_1939_45,yes,no,
iia,dominica,dma,lemons and limes,tonnes,,1934-1938,3200.0,iia_1939_45,yes,no,
iia,egypt,egy,lemons and limes,tonnes,,1934-1938,114200.0,iia_1939_45,yes,no,
iia,france,fra,lemons and limes,tonnes,,1934-1938,200.0,iia_1939_45,yes,no,
iia,greece,grc,lemons and limes,tonnes,,1934-1938,12000.0,iia_1939_45,yes,no,
iia,israel,isr,lemons and limes,tonnes,,1934-1938,2500.0,iia_1939_45,yes,no,
iia,italy,ita,lemons and limes,ha,,1934-1938,45000.0,iia_1939_45,yes,no,
iia,italy,ita,lemons and limes,tonnes,,1934-1938,339500.0,iia_1939_45,yes,no,
iia,jamaica,jam,lemons and limes,tonnes,,1934-1938,600.0,iia_1939_45,yes,no,
iia,japan,jpn,lemons and limes,ha,,1934-1938,3000.0,iia_1939_45,yes,no,
iia,japan,jpn,lemons and limes,tonnes,,1934-1938,22100.0,iia_1939_45,yes,no,
iia,mexico,mex,lemons and limes,tonnes,,1934-1938,23600.0,iia_1939_45,yes,no,
iia,montserrat,rlam,lemons and limes,ha,,1934-1938,1000.0,iia_1939_45,yes,no,
iia,montserrat,rlam,lemons and limes,tonnes,,1934-1938,500.0,iia_1939_45,yes,no,
iia,morocco,mar,lemons and limes,tonnes,,1934-1938,30000.0,iia_1939_45,yes,no,
iia,new zealand,nzl,lemons and limes,ha,,1934-1938,1000.0,iia_1939_45,yes,no,
iia,new zealand,nzl,lemons and limes,tonnes,,1934-1938,2400.0,iia_1939_45,yes,no,
iia,portugal,prt,lemons and limes,tonnes,,1934-1938,100.0,iia_1939_45,yes,no,
iia,saint lucia,lca,lemons and limes,tonnes,,1934-1938,2500.0,iia_1939_45,yes,no,
iia,saint vincent and the grenadines,vct,lemons and limes,tonnes,,1934-1938,100.0,iia_1939_45,yes,no,
iia,serbia,srb,lemons and limes,tonnes,,1934-1938,100.0,iia_1939_45,yes,no,
iia,south africa,zaf,lemons and limes,tonnes,,1934-1938,1300.0,iia_1939_45,yes,no,
iia,spain,esp,lemons and limes,ha,,1934-1938,3000.0,iia_1939_45,yes,no,
iia,spain,esp,lemons and limes,tonnes,,1934-1938,55400.0,iia_1939_45,yes,no,
iia,tunisia,tun,lemons and limes,tonnes,,1934-1938,1200.0,iia_1939_45,yes,no,
iia,turkey,tur,lemons and limes,tonnes,,1934-1938,2300.0,iia_1939_45,yes,no,
iia,united states of america,usa,lemons and limes,ha,,1934-1938,286000.0,iia_1939_45,yes,no,
iia,united states of america,usa,lemons and limes,tonnes,,1934-1938,322500.0,iia_1939_45,yes,no,
iia,zambia,zmb,lemons and limes,tonnes,,1934-1938,100.0,iia_1939_45,yes,no,
iia,malaysia,mys,manila fibre (abaca),ha,,1934-1938,1000.0,iia_1939_45,yes,no,
iia,malaysia,mys,manila fibre (abaca),tonnes,,1934-1938,600.0,iia_1939_45,yes,no,
iia,philippines,phl,manila fibre (abaca),ha,,1934-1938,487000.0,iia_1939_45,yes,no,
iia,philippines,phl,manila fibre (abaca),tonnes,,1934-1938,188300.0,iia_1939_45,yes,no,
iia,albania,alb,"milk, whole fresh cow",tonnes,,1934-1938,113100.0,iia_1939_45,yes,no,
iia,algeria,dza,"milk, whole fresh cow",tonnes,,1934-1938,143400.0,iia_1939_45,yes,no,
iia,argentina,arg,"milk, whole fresh cow",tonnes,,1934-1938,2984300.0,iia_1939_45,yes,no,
iia,australia,aus,"milk, whole fresh cow",tonnes,,1934-1938,5351900.0,iia_1939_45,yes,no,
iia,austria,aut,"milk, whole fresh cow",tonnes,,1934-1938,1945600.0,iia_1939_45,yes,no,
iia,belgium,bel,"milk, whole fresh cow",tonnes,,1934-1938,3085000.0,iia_1939_45,yes,no,
iia,brazil,bra,"milk, whole fresh cow",tonnes,,1934-1938,2511400.0,iia_1939_45,yes,no,
iia,canada,can,"milk, whole fresh cow",tonnes,,1934-1938,6811300.0,iia_1939_45,yes,no,
iia,chile,chl,"milk, whole fresh cow",tonnes,,1934-1938,235100.0,iia_1939_45,yes,no,
iia,czech republic,cze,"milk, whole fresh cow",tonnes,,1934-1938,8254400.0,iia_1939_45,yes,no,
iia,denmark,dnk,"milk, whole fresh cow",tonnes,,1934-1938,5287000.0,iia_1939_45,yes,no,
iia,egypt,egy,"milk, whole fresh cow",tonnes,,1934-1938,474900.0,iia_1939_45,yes,no,
iia,estonia,est,"milk, whole fresh cow",tonnes,,1934-1938,1652000.0,iia_1939_45,yes,no,
iia,france,fra,"milk, whole fresh cow",tonnes,,1934-1938,14631900.0,iia_1939_45,yes,no,
iia,germany,deu,"milk, whole fresh cow",tonnes,,1934-1938,26135200.0,iia_1939_45,yes,no,
iia,greece,grc,"milk, whole fresh cow",tonnes,,1934-1938,265200.0,iia_1939_45,yes,no,
iia,guatemala,gtm,"milk, whole fresh cow",tonnes,,1934-1938,156400.0,iia_1939_45,yes,no,
iia,hungary,hun,"milk, whole fresh cow",tonnes,,1934-1938,1714600.0,iia_1939_45,yes,no,
iia,ireland,irl,"milk, whole fresh cow",tonnes,,1934-1938,2322300.0,iia_1939_45,yes,no,
iia,israel,isr,"milk, whole fresh cow",tonnes,,1934-1938,848300.0,iia_1939_45,yes,no,
iia,italy,ita,"milk, whole fresh cow",tonnes,,1934-1938,7095600.0,iia_1939_45,yes,no,
iia,japan,jpn,"milk, whole fresh cow",tonnes,,1934-1938,277800.0,iia_1939_45,yes,no,
iia,lebanon,lbn,"milk, whole fresh cow",tonnes,,1934-1938,201600.0,iia_1939_45,yes,no,
iia,lithuania,ltu,"milk, whole fresh cow",tonnes,,1934-1938,488500.0,iia_1939_45,yes,no,
iia,luxembourg,lux,"milk, whole fresh cow",tonnes,,1934-1938,135400.0,iia_1939_45,yes,no,
iia,netherlands,nld,"milk, whole fresh cow",tonnes,,1934-1938,4939900.0,iia_1939_45,yes,no,
iia,new zealand,nzl,"milk, whole fresh cow",tonnes,,1934-1938,4481500.0,iia_1939_45,yes,no,
iia,norway,nor,"milk, whole fresh cow",tonnes,,1934-1938,1362500.0,iia_1939_45,yes,no,
iia,peru,per,"milk, whole fresh cow",tonnes,,1934-1938,190700.0,iia_1939_45,yes,no,
iia,poland,pol,"milk, whole fresh cow",tonnes,,1934-1938,9265300.0,iia_1939_45,yes,no,
iia,reunion,rafr,"milk, whole fresh cow",tonnes,,1934-1938,28900.0,iia_1939_45,yes,no,
iia,russian federation,rus,"milk, whole fresh cow",tonnes,,1934-1938,23292700.0,iia_1939_45,yes,no,
iia,south africa,zaf,"milk, whole fresh cow",tonnes,,1934-1938,216800.0,iia_1939_45,yes,no,
iia,spain,esp,"milk, whole fresh cow",tonnes,,1934-1938,1922300.0,iia_1939_45,yes,no,
iia,sweden,swe,"milk, whole fresh cow",tonnes,,1934-1938,4863500.0,iia_1939_45,yes,no,
iia,switzerland,che,"milk, whole fresh cow",tonnes,,1934-1938,2656500.0,iia_1939_45,yes,no,
iia,turkey,tur,"milk, whole fresh cow",tonnes,,1934-1938,2563500.0,iia_1939_45,yes,no,
iia,united kingdom,gbr,"milk, whole fresh cow",tonnes,,1934-1938,8246200.0,iia_1939_45,yes,no,
iia,united states of america,usa,"milk, whole fresh cow",tonnes,,1934-1938,47815700.0,iia_1939_45,yes,no,
iia,uruguay,ury,"milk, whole fresh cow",tonnes,,1934-1938,367900.0,iia_1939_45,yes,no,
iia,albania,alb,oats,ha,,1934-1938,10000.0,iia_1939_45,yes,no,
iia,albania,alb,oats,tonnes,,1934-1938,9400.0,iia_1939_45,yes,no,
iia,algeria,dza,oats,ha,,1934-1938,185000.0,iia_1939_45,yes,no,
iia,algeria,dza,oats,tonnes,,1934-1938,150200.0,iia_1939_45,yes,no,
iia,argentina,arg,oats,ha,,1934-1938,1450000.0,iia_1939_45,yes,no,
iia,argentina,arg,oats,tonnes,,1934-1938,748000.0,iia_1939_45,yes,no,
iia,australia,aus,oats,ha,,1934-1938,635000.0,iia_1939_45,yes,no,
iia,australia,aus,oats,tonnes,,1934-1938,308500.0,iia_1939_45,yes,no,
iia,austria,aut,oats,ha,,1934-1938,289000.0,iia_1939_45,yes,no,
iia,austria,aut,oats,tonnes,,1934-1938,438500.0,iia_1939_45,yes,no,
iia,belgium,bel,oats,ha,,1934-1938,245000.0,iia_1939_45,yes,no,
iia,belgium,bel,oats,tonnes,,1934-1938,654900.0,iia_1939_45,yes,no,
iia,bolivia,bol,oats,ha,,1934-1938,1000.0,iia_1939_45,yes,no,
iia,bolivia,bol,oats,tonnes,,1934-1938,700.0,iia_1939_45,yes,no,
iia,brazil,bra,oats,ha,,1934-1938,10000.0,iia_1939_45,yes,no,
iia,brazil,bra,oats,tonnes,,1934-1938,12400.0,iia_1939_45,yes,no,
iia,bulgaria,bgr,oats,ha,,1934-1938,130000.0,iia_1939_45,yes,no,
iia,bulgaria,bgr,oats,tonnes,,1934-1938,107700.0,iia_1939_45,yes,no,
iia,canada,can,oats,ha,,1934-1938,5437000.0,iia_1939_45,yes,no,
iia,canada,can,oats,tonnes,,1934-1938,5018500.0,iia_1939_45,yes,no,
iia,chile,chl,oats,ha,,1934-1938,107000.0,iia_1939_45,yes,no,
iia,chile,chl,oats,tonnes,,1934-1938,108100.0,iia_1939_45,yes,no,
iia,"china, mainland",chn,oats,ha,,1934-1938,1089000.0,iia_1939_45,yes,no,
iia,"china, mainland",chn,oats,tonnes,,1934-1938,925500.0,iia_1939_45,yes,no,
iia,cyprus,cyp,oats,ha,,1934-1938,5000.0,iia_1939_45,yes,no,
iia,cyprus,cyp,oats,tonnes,,1934-1938,3500.0,iia_1939_45,yes,no,
iia,czech republic,cze,oats,ha,,1934-1938,771000.0,iia_1939_45,yes,no,
iia,czech republic,cze,oats,tonnes,,1934-1938,1237500.0,iia_1939_45,yes,no,
iia,denmark,dnk,oats,ha,,1934-1938,382000.0,iia_1939_45,yes,no,
iia,denmark,dnk,oats,tonnes,,1934-1938,1024000.0,iia_1939_45,yes,no,
iia,estonia,est,oats,ha,,1934-1938,142000.0,iia_1939_45,yes,no,
iia,estonia,est,oats,tonnes,,1934-1938,144700.0,iia_1939_45,yes,no,
iia,finland,fin,oats,ha,,1934-1938,463000.0,iia_1939_45,yes,no,
iia,finland,fin,oats,tonnes,,1934-1938,726200.0,iia_1939_45,yes,no,
iia,france,fra,oats,ha,,1934-1938,3278000.0,iia_1939_45,yes,no,
iia,france,fra,oats,tonnes,,1934-1938,4571700.0,iia_1939_45,yes,no,
iia,germany,deu,oats,ha,,1934-1938,2855000.0,iia_1939_45,yes,no,
iia,germany,deu,oats,tonnes,,1934-1938,5754900.0,iia_1939_45,yes,no,
iia,greece,grc,oats,ha,,1934-1938,137000.0,iia_1939_45,yes,no,
iia,greece,grc,oats,tonnes,,1934-1938,113000.0,iia_1939_45,yes,no,
iia,guatemala,gtm,oats,ha,,1934-1938,7000.0,iia_1939_45,yes,no,
iia,guatemala,gtm,oats,tonnes,,1934-1938,200.0,iia_1939_45,yes,no,
iia,hungary,hun,oats,ha,,1934-1938,219000.0,iia_1939_45,yes,no,
iia,hungary,hun,oats,tonnes,,1934-1938,269600.0,iia_1939_45,yes,no,
iia,ireland,irl,oats,ha,,1934-1938,235000.0,iia_1939_45,yes,no,
iia,ireland,irl,oats,tonnes,,1934-1938,574200.0,iia_1939_45,yes,no,
iia,israel,isr,oats,ha,,1934-1938,1000.0,iia_1939_45,yes,no,
iia,israel,isr,oats,tonnes,,1934-1938,600.0,iia_1939_45,yes,no,
iia,italy,ita,oats,ha,,1934-1938,433000.0,iia_1939_45,yes,no,
iia,italy,ita,oats,tonnes,,1934-1938,547100.0,iia_1939_45,yes,no,
iia,japan,jpn,oats,ha,,1934-1938,125000.0,iia_1939_45,yes,no,
iia,japan,jpn,oats,tonnes,,1934-1938,175900.0,iia_1939_45,yes,no,
iia,kenya,ken,oats,ha,,1934-1938,2000.0,iia_1939_45,yes,no,
iia,kenya,ken,oats,tonnes,,1934-1938,900.0,iia_1939_45,yes,no,
iia,latvia,lva,oats,ha,,1934-1938,331000.0,iia_1939_45,yes,no,
iia,latvia,lva,oats,tonnes,,1934-1938,382100.0,iia_1939_45,yes,no,
iia,lebanon,lbn,oats,tonnes,,1934-1938,400.0,iia_1939_45,yes,no,
iia,lithuania,ltu,oats,ha,,1934-1938,347000.0,iia_1939_45,yes,no,
iia,lithuania,ltu,oats,tonnes,,1934-1938,384800.0,iia_1939_45,yes,no,
iia,luxembourg,lux,oats,ha,,1934-1938,26000.0,iia_1939_45,yes,no,
iia,luxembourg,lux,oats,tonnes,,1934-1938,41700.0,iia_1939_45,yes,no,
iia,mexico,mex,oats,ha,,1934-1938,6000.0,iia_1939_45,yes,no,
iia,mexico,mex,oats,tonnes,,1934-1938,3393900.0,iia_1939_45,yes,no,
iia,morocco,mar,oats,ha,,1934-1938,36000.0,iia_1939_45,yes,no,
iia,morocco,mar,oats,tonnes,,1934-1938,29800.0,iia_1939_45,yes,no,
iia,netherlands,nld,oats,ha,,1934-1938,138000.0,iia_1939_45,yes,no,
iia,netherlands,nld,oats,tonnes,,1934-1938,351200.0,iia_1939_45,yes,no,
iia,new zealand,nzl,oats,ha,,1934-1938,26000.0,iia_1939_45,yes,no,
iia,new zealand,nzl,oats,tonnes,,1934-1938,50700.0,iia_1939_45,yes,no,
iia,norway,nor,oats,ha,,1934-1938,87000.0,iia_1939_45,yes,no,
iia,norway,nor,oats,tonnes,,1934-1938,182900.0,iia_1939_45,yes,no,
iia,poland,pol,oats,ha,,1934-1938,2250000.0,iia_1939_45,yes,no,
iia,poland,pol,oats,tonnes,,1934-1938,2557600.0,iia_1939_45,yes,no,
iia,portugal,prt,oats,ha,,1934-1938,230000.0,iia_1939_45,yes,no,
iia,portugal,prt,oats,tonnes,,1934-1938,96500.0,iia_1939_45,yes,no,
iia,romania,rou,oats,ha,,1934-1938,773000.0,iia_1939_45,yes,no,
iia,romania,rou,oats,tonnes,,1934-1938,596000.0,iia_1939_45,yes,no,
iia,russian federation,rus,oats,ha,,1934-1938,17980000.0,iia_1939_45,yes,no,
iia,russian federation,rus,oats,tonnes,,1934-1938,17883800.0,iia_1939_45,yes,no,
iia,serbia,srb,oats,ha,,1934-1938,362000.0,iia_1939_45,yes,no,
iia,serbia,srb,oats,tonnes,,1934-1938,313300.0,iia_1939_45,yes,no,
iia,south africa,zaf,oats,ha,,1934-1938,218000.0,iia_1939_45,yes,no,
iia,south africa,zaf,oats,tonnes,,1934-1938,103300.0,iia_1939_45,yes,no,
iia,south korea,kor,oats,ha,,1934-1938,102000.0,iia_1939_45,yes,no,
iia,south korea,kor,oats,tonnes,,1934-1938,38700.0,iia_1939_45,yes,no,
iia,spain,esp,oats,ha,,1934-1938,3776000.0,iia_1939_45,yes,no,
iia,spain,esp,oats,tonnes,,1934-1938,670200.0,iia_1939_45,yes,no,
iia,sweden,swe,oats,ha,,1934-1938,664000.0,iia_1939_45,yes,no,
iia,sweden,swe,oats,tonnes,,1934-1938,1257300.0,iia_1939_45,yes,no,
iia,switzerland,che,oats,ha,,1934-1938,11000.0,iia_1939_45,yes,no,
iia,switzerland,che,oats,tonnes,,1934-1938,22000.0,iia_1939_45,yes,no,
iia,syrian arab republic,syr,oats,ha,,1934-1938,10000.0,iia_1939_45,yes,no,
iia,syrian arab republic,syr,oats,tonnes,,1934-1938,10000.0,iia_1939_45,yes,no,
iia,tunisia,tun,oats,ha,,1934-1938,32000.0,iia_1939_45,yes,no,
iia,tunisia,tun,oats,tonnes,,1934-1938,21300.0,iia_1939_45,yes,no,
iia,turkey,tur,oats,ha,,1934-1938,229000.0,iia_1939_45,yes,no,
iia,turkey,tur,oats,tonnes,,1934-1938,223100.0,iia_1939_45,yes,no,
iia,united kingdom,gbr,oats,ha,,1934-1938,989000.0,iia_1939_45,yes,no,
iia,united kingdom,gbr,oats,tonnes,,1934-1938,2018700.0,iia_1939_45,yes,no,
iia,united states of america,usa,oats,ha,,1934-1938,16610000.0,iia_1939_45,yes,no,
iia,united states of america,usa,oats,tonnes,,1934-1938,13972700.0,iia_1939_45,yes,no,
iia,uruguay,ury,oats,ha,,1934-1938,85000.0,iia_1939_45,yes,no,
iia,uruguay,ury,oats,tonnes,,1934-1938,43400.0,iia_1939_45,yes,no,
iia,zimbabwe,zwe,oats,tonnes,,1934-1938,100.0,iia_1939_45,yes,no,
iia,algeria,dza,"oil, olive, virgin",tonnes,,1934-1938,12100.0,iia_1939_45,yes,no,
iia,argentina,arg,"oil, olive, virgin",tonnes,,1934-1938,100.0,iia_1939_45,yes,no,
iia,cyprus,cyp,"oil, olive, virgin",tonnes,,1934-1938,1600.0,iia_1939_45,yes,no,
iia,egypt,egy,"oil, olive, virgin",tonnes,,1934-1938,100.0,iia_1939_45,yes,no,
iia,france,fra,"oil, olive, virgin",tonnes,,1934-1938,5600.0,iia_1939_45,yes,no,
iia,greece,grc,"oil, olive, virgin",tonnes,,1934-1938,115400.0,iia_1939_45,yes,no,
iia,israel,isr,"oil, olive, virgin",tonnes,,1934-1938,6100.0,iia_1939_45,yes,no,
iia,italy,ita,"oil, olive, virgin",tonnes,,1934-1938,207400.0,iia_1939_45,yes,no,
iia,jordan,jor,"oil, olive, virgin",tonnes,,1934-1938,900.0,iia_1939_45,yes,no,
iia,lebanon,lbn,"oil, olive, virgin",tonnes,,1934-1938,3800.0,iia_1939_45,yes,no,
iia,libya,lby,"oil, olive, virgin",tonnes,,1934-1938,1900.0,iia_1939_45,yes,no,
iia,morocco,mar,"oil, olive, virgin",tonnes,,1934-1938,9600.0,iia_1939_45,yes,no,
iia,portugal,prt,"oil, olive, virgin",tonnes,,1934-1938,46200.0,iia_1939_45,yes,no,
iia,serbia,srb,"oil, olive, virgin",tonnes,,1934-1938,4400.0,iia_1939_45,yes,no,
iia,spain,esp,"oil, olive, virgin",tonnes,,1934-1938,2352600.0,iia_1939_45,yes,no,
iia,syrian arab republic,syr,"oil, olive, virgin",tonnes,,1934-1938,8500.0,iia_1939_45,yes,no,
iia,tunisia,tun,"oil, olive, virgin",tonnes,,1934-1938,41000.0,iia_1939_45,yes,no,
iia,turkey,tur,"oil, olive, virgin",tonnes,,1934-1938,36900.0,iia_1939_45,yes,no,
iia,united states of america,usa,"oil, olive, virgin",tonnes,,1934-1938,1200.0,iia_1939_45,yes,no,
iia,albania,alb,olives,ha,,1934-1938,5000.0,iia_1939_45,yes,no,
iia,albania,alb,olives,tonnes,,1934-1938,17000.0,iia_1939_45,yes,no,
iia,algeria,dza,olives,ha,,1934-1938,77000.0,iia_1939_45,yes,no,
iia,algeria,dza,olives,tonnes,,1934-1938,96300.0,iia_1939_45,yes,no,
iia,australia,aus,olives,tonnes,,1934-1938,500.0,iia_1939_45,yes,no,
iia,chile,chl,olives,ha,,1934-1938,1000.0,iia_1939_45,yes,no,
iia,chile,chl,olives,tonnes,,1934-1938,600.0,iia_1939_45,yes,no,
iia,cyprus,cyp,olives,tonnes,,1934-1938,9200.0,iia_1939_45,yes,no,
iia,egypt,egy,olives,ha,,1934-1938,1000.0,iia_1939_45,yes,no,
iia,egypt,egy,olives,tonnes,,1934-1938,8100.0,iia_1939_45,yes,no,
iia,france,fra,olives,ha,,1934-1938,92000.0,iia_1939_45,yes,no,
iia,france,fra,olives,tonnes,,1934-1938,38800.0,iia_1939_45,yes,no,
iia,greece,grc,olives,tonnes,,1934-1938,39700.0,iia_1939_45,yes,no,
iia,iran,irn,olives,tonnes,,1934-1938,15300.0,iia_1939_45,yes,no,
iia,israel,isr,olives,ha,,1934-1938,52000.0,iia_1939_45,yes,no,
iia,israel,isr,olives,tonnes,,1934-1938,3075400.0,iia_1939_45,yes,no,
iia,italy,ita,olives,ha,,1934-1938,1358000.0,iia_1939_45,yes,no,
iia,italy,ita,olives,tonnes,,1934-1938,10300.0,iia_1939_45,yes,no,
iia,jordan,jor,olives,tonnes,,1934-1938,8200.0,iia_1939_45,yes,no,
iia,lebanon,lbn,olives,ha,,1934-1938,14000.0,iia_1939_45,yes,no,
iia,lebanon,lbn,olives,tonnes,,1934-1938,27700.0,iia_1939_45,yes,no,
iia,libya,lby,olives,ha,,1934-1938,61000.0,iia_1939_45,yes,no,
iia,libya,lby,olives,tonnes,,1934-1938,1610700.0,iia_1939_45,yes,no,
iia,mexico,mex,olives,tonnes,,1934-1938,100.0,iia_1939_45,yes,no,
iia,morocco,mar,olives,ha,,1934-1938,100000.0,iia_1939_45,yes,no,
iia,morocco,mar,olives,tonnes,,1934-1938,67700.0,iia_1939_45,yes,no,
iia,peru,per,olives,tonnes,,1934-1938,2000.0,iia_1939_45,yes,no,
iia,portugal,prt,olives,ha,,1934-1938,481000.0,iia_1939_45,yes,no,
iia,portugal,prt,olives,tonnes,,1934-1938,376400.0,iia_1939_45,yes,no,
iia,serbia,srb,olives,tonnes,,1934-1938,27200.0,iia_1939_45,yes,no,
iia,spain,esp,olives,ha,,1934-1938,2095000.0,iia_1939_45,yes,no,
iia,spain,esp,olives,tonnes,,1934-1938,203800.0,iia_1939_45,yes,no,
iia,syrian arab republic,syr,olives,ha,,1934-1938,72000.0,iia_1939_45,yes,no,
iia,tunisia,tun,olives,ha,,1934-1938,300000.0,iia_1939_45,yes,no,
iia,turkey,tur,olives,ha,,1934-1938,700000.0,iia_1939_45,yes,no,
iia,turkey,tur,olives,tonnes,,1934-1938,229000.0,iia_1939_45,yes,no,
iia,united states of america,usa,olives,ha,,1934-1938,10000.0,iia_1939_45,yes,no,
iia,united states of america,usa,olives,tonnes,,1934-1938,1127200.0,iia_1939_45,yes,no,
iia,uruguay,ury,olives,ha,,1934-1938,1000.0,iia_1939_45,yes,no,
iia,uruguay,ury,olives,tonnes,,1934-1938,700.0,iia_1939_45,yes,no,
iia,algeria,dza,oranges,ha,,1934-1938,6000.0,iia_1939_45,yes,no,
iia,algeria,dza,oranges,tonnes,,1934-1938,48300.0,iia_1939_45,yes,no,
iia,australia,aus,oranges,ha,,1934-1938,15000.0,iia_1939_45,yes,no,
iia,australia,aus,oranges,tonnes,,1934-1938,87100.0,iia_1939_45,yes,no,
iia,brazil,bra,oranges,ha,,1934-1938,105000.0,iia_1939_45,yes,no,
iia,brazil,bra,oranges,tonnes,,1934-1938,1188800.0,iia_1939_45,yes,no,
iia,cabo verde,cpv,oranges,ha,,1934-1938,1000.0,iia_1939_45,yes,no,
iia,"china, taiwan province of",twn,oranges,tonnes,,1934-1938,9000.0,iia_1939_45,yes,no,
iia,cuba,cub,oranges,tonnes,,1934-1938,5100.0,iia_1939_45,yes,no,
iia,cyprus,cyp,oranges,ha,,1934-1938,2000.0,iia_1939_45,yes,no,
iia,cyprus,cyp,oranges,tonnes,,1934-1938,12000.0,iia_1939_45,yes,no,
iia,dominica,dma,oranges,ha,,1934-1938,1000.0,iia_1939_45,yes,no,
iia,dominica,dma,oranges,tonnes,,1934-1938,400.0,iia_1939_45,yes,no,
iia,ecuador,ecu,oranges,tonnes,,1934-1938,9700.0,iia_1939_45,yes,no,
iia,egypt,egy,oranges,ha,,1934-1938,11000.0,iia_1939_45,yes,no,
iia,egypt,egy,oranges,tonnes,,1934-1938,74600.0,iia_1939_45,yes,no,
iia,france,fra,oranges,tonnes,,1934-1938,900.0,iia_1939_45,yes,no,
iia,greece,grc,oranges,tonnes,,1934-1938,25300.0,iia_1939_45,yes,no,
iia,iran,irn,oranges,tonnes,,1934-1938,21700.0,iia_1939_45,yes,no,
iia,israel,isr,oranges,ha,,1934-1938,29000.0,iia_1939_45,yes,no,
iia,israel,isr,oranges,tonnes,,1934-1938,1300.0,iia_1939_45,yes,no,
iia,italy,ita,oranges,ha,,1934-1938,51000.0,iia_1939_45,yes,no,
iia,italy,ita,oranges,tonnes,,1934-1938,324600.0,iia_1939_45,yes,no,
iia,jamaica,jam,oranges,ha,,1934-1938,1000.0,iia_1939_45,yes,no,
iia,jamaica,jam,oranges,tonnes,,1934-1938,8200.0,iia_1939_45,yes,no,
iia,japan,jpn,oranges,ha,,1934-1938,8000.0,iia_1939_45,yes,no,
iia,japan,jpn,oranges,tonnes,,1934-1938,85700.0,iia_1939_45,yes,no,
iia,lebanon,lbn,oranges,ha,,1934-1938,3000.0,iia_1939_45,yes,no,
iia,lebanon,lbn,oranges,tonnes,,1934-1938,45300.0,iia_1939_45,yes,no,
iia,malta,mlt,oranges,ha,,1934-1938,1000.0,iia_1939_45,yes,no,
iia,malta,mlt,oranges,tonnes,,1934-1938,300.0,iia_1939_45,yes,no,
iia,mexico,mex,oranges,ha,,1934-1938,11000.0,iia_1939_45,yes,no,
iia,mexico,mex,oranges,tonnes,,1934-1938,143100.0,iia_1939_45,yes,no,
iia,new zealand,nzl,oranges,tonnes,,1934-1938,300.0,iia_1939_45,yes,no,
iia,paraguay,pry,oranges,ha,,1934-1938,2000.0,iia_1939_45,yes,no,
iia,paraguay,pry,oranges,tonnes,,1934-1938,3600.0,iia_1939_45,yes,no,
iia,philippines,phl,oranges,ha,,1934-1938,2000.0,iia_1939_45,yes,no,
iia,philippines,phl,oranges,tonnes,,1934-1938,1800.0,iia_1939_45,yes,no,
iia,portugal,prt,oranges,tonnes,,1934-1938,100.0,iia_1939_45,yes,no,
iia,russian federation,rus,oranges,ha,,1934-1938,4000.0,iia_1939_45,yes,no,
iia,russian federation,rus,oranges,tonnes,,1934-1938,10500.0,iia_1939_45,yes,no,
iia,serbia,srb,oranges,tonnes,,1934-1938,400.0,iia_1939_45,yes,no,
iia,south africa,zaf,oranges,ha,,1934-1938,24000.0,iia_1939_45,yes,no,
iia,south africa,zaf,oranges,tonnes,,1934-1938,97500.0,iia_1939_45,yes,no,
iia,spain,esp,oranges,ha,,1934-1938,75000.0,iia_1939_45,yes,no,
iia,spain,esp,oranges,tonnes,,1934-1938,1044400.0,iia_1939_45,yes,no,
iia,suriname,sur,oranges,ha,,1934-1938,1000.0,iia_1939_45,yes,no,
iia,suriname,sur,oranges,tonnes,,1934-1938,800.0,iia_1939_45,yes,no,
iia,syrian arab republic,syr,oranges,ha,,1934-1938,1000.0,iia_1939_45,yes,no,
iia,syrian arab republic,syr,oranges,tonnes,,1934-1938,4300.0,iia_1939_45,yes,no,
iia,tunisia,tun,oranges,ha,,1934-1938,14000.0,iia_1939_45,yes,no,
iia,tunisia,tun,oranges,tonnes,,1934-1938,10700.0,iia_1939_45,yes,no,
iia,turkey,tur,oranges,tonnes,,1934-1938,17300.0,iia_1939_45,yes,no,
iia,united states of america,usa,oranges,ha,,1934-1938,289000.0,iia_1939_45,yes,no,
iia,united states of america,usa,oranges,tonnes,,1934-1938,2189000.0,iia_1939_45,yes,no,
iia,uruguay,ury,oranges,ha,,1934-1938,8000.0,iia_1939_45,yes,no,
iia,uruguay,ury,oranges,tonnes,,1934-1938,48500.0,iia_1939_45,yes,no,
iia,zambia,zmb,oranges,ha,,1934-1938,1000.0,iia_1939_45,yes,no,
iia,zambia,zmb,oranges,tonnes,,1934-1938,300.0,iia_1939_45,yes,no,
iia,zimbabwe,zwe,oranges,tonnes,,1934-1938,5800.0,iia_1939_45,yes,no,
iia,bulgaria,bgr,other berries and fruits of the genus vaccinium n.e.c.,ha,,1934-1938,4000.0,iia_1939_45,yes,no,
iia,bulgaria,bgr,other berries and fruits of the genus vaccinium n.e.c.,tonnes,,1934-1938,30400.0,iia_1939_45,yes,no,
iia,"china, taiwan province of",twn,other berries and fruits of the genus vaccinium n.e.c.,ha,,1934-1938,1000.0,iia_1939_45,yes,no,
iia,france,fra,other berries and fruits of the genus vaccinium n.e.c.,tonnes,,1934-1938,45600.0,iia_1939_45,yes,no,
iia,greece,grc,other berries and fruits of the genus vaccinium n.e.c.,tonnes,,1934-1938,76200.0,iia_1939_45,yes,no,
iia,italy,ita,other berries and fruits of the genus vaccinium n.e.c.,tonnes,,1934-1938,1016200.0,iia_1939_45,yes,no,
iia,japan,jpn,other berries and fruits of the genus vaccinium n.e.c.,ha,,1934-1938,572000.0,iia_1939_45,yes,no,
iia,lebanon,lbn,other berries and fruits of the genus vaccinium n.e.c.,ha,,1934-1938,5000.0,iia_1939_45,yes,no,
iia,lebanon,lbn,other berries and fruits of the genus vaccinium n.e.c.,tonnes,,1934-1938,70000.0,iia_1939_45,yes,no,
iia,libya,lby,other berries and fruits of the genus vaccinium n.e.c.,ha,,1934-1938,30000.0,iia_1939_45,yes,no,
iia,south korea,kor,other berries and fruits of the genus vaccinium n.e.c.,ha,,1934-1938,77000.0,iia_1939_45,yes,no,
iia,spain,esp,other berries and fruits of the genus vaccinium n.e.c.,tonnes,,1934-1938,26000.0,iia_1939_45,yes,no,
iia,syrian arab republic,syr,other berries and fruits of the genus vaccinium n.e.c.,ha,,1934-1938,16000.0,iia_1939_45,yes,no,
iia,syrian arab republic,syr,other berries and fruits of the genus vaccinium n.e.c.,tonnes,,1934-1938,144500.0,iia_1939_45,yes,no,
iia,viet nam,vnm,other berries and fruits of the genus vaccinium n.e.c.,ha,,1934-1938,2000.0,iia_1939_45,yes,no,
iia,viet nam,vnm,other berries and fruits of the genus vaccinium n.e.c.,tonnes,,1934-1938,15900.0,iia_1939_45,yes,no,
iia,france,fra,"other citrus fruit, n.e.c.",tonnes,,1934-1938,700.0,iia_1939_45,yes,no,
iia,greece,grc,"other citrus fruit, n.e.c.",tonnes,,1934-1938,500.0,iia_1939_45,yes,no,
iia,mexico,mex,"other citrus fruit, n.e.c.",tonnes,,1934-1938,700.0,iia_1939_45,yes,no,
iia,australia,aus,other sugar crops n.e.c.,ha,,1934-1938,1000.0,iia_1939_45,yes,no,
iia,australia,aus,other sugar crops n.e.c.,tonnes,,1934-1938,2400.0,iia_1939_45,yes,no,
iia,israel,isr,other sugar crops n.e.c.,tonnes,,1934-1938,500.0,iia_1939_45,yes,no,
iia,italy,ita,other sugar crops n.e.c.,ha,,1934-1938,5000.0,iia_1939_45,yes,no,
iia,italy,ita,other sugar crops n.e.c.,tonnes,,1934-1938,32100.0,iia_1939_45,yes,no,
iia,zimbabwe,zwe,other sugar crops n.e.c.,tonnes,,1934-1938,300.0,iia_1939_45,yes,no,
iia,argentina,arg,raisins,tonnes,,1934-1938,4000.0,iia_1939_45,yes,no,
iia,australia,aus,raisins,tonnes,,1934-1938,75700.0,iia_1939_45,yes,no,
iia,chile,chl,raisins,tonnes,,1934-1938,1500.0,iia_1939_45,yes,no,
iia,cyprus,cyp,raisins,tonnes,,1934-1938,4300.0,iia_1939_45,yes,no,
iia,greece,grc,raisins,tonnes,,1934-1938,194800.0,iia_1939_45,yes,no,
iia,iran,irn,raisins,tonnes,,1934-1938,54200.0,iia_1939_45,yes,no,
iia,israel,isr,raisins,tonnes,,1934-1938,1000.0,iia_1939_45,yes,no,
iia,italy,ita,raisins,tonnes,,1934-1938,1000.0,iia_1939_45,yes,no,
iia,jordan,jor,raisins,tonnes,,1934-1938,1000.0,iia_1939_45,yes,no,
iia,lebanon,lbn,raisins,tonnes,,1934-1938,2000.0,iia_1939_45,yes,no,
iia,morocco,mar,raisins,tonnes,,1934-1938,2500.0,iia_1939_45,yes,no,
iia,russian federation,rus,raisins,tonnes,,1934-1938,25000.0,iia_1939_45,yes,no,
iia,south africa,zaf,raisins,tonnes,,1934-1938,8000.0,iia_1939_45,yes,no,
iia,spain,esp,raisins,tonnes,,1934-1938,13800.0,iia_1939_45,yes,no,
iia,syrian arab republic,syr,raisins,tonnes,,1934-1938,8000.0,iia_1939_45,yes,no,
iia,turkey,tur,raisins,tonnes,,1934-1938,83000.0,iia_1939_45,yes,no,
iia,united states of america,usa,raisins,tonnes,,1934-1938,198300.0,iia_1939_45,yes,no,
iia,argentina,arg,rapeseed,ha,,1934-1938,3730000.0,iia_1939_45,yes,no,
iia,argentina,arg,rapeseed,tonnes,,1934-1938,46000.0,iia_1939_45,yes,no,
iia,austria,aut,rapeseed,ha,,1934-1938,2000.0,iia_1939_45,yes,no,
iia,austria,aut,rapeseed,tonnes,,1934-1938,1700.0,iia_1939_45,yes,no,
iia,bulgaria,bgr,rapeseed,ha,,1934-1938,13000.0,iia_1939_45,yes,no,
iia,bulgaria,bgr,rapeseed,tonnes,,1934-1938,11100.0,iia_1939_45,yes,no,
iia,"china, mainland",chn,rapeseed,ha,,1934-1938,3908000.0,iia_1939_45,yes,no,
iia,"china, mainland",chn,rapeseed,tonnes,,1934-1938,2394700.0,iia_1939_45,yes,no,
iia,"china, taiwan province of",twn,rapeseed,tonnes,,1934-1938,200.0,iia_1939_45,yes,no,
iia,czech republic,cze,rapeseed,ha,,1934-1938,5000.0,iia_1939_45,yes,no,
iia,czech republic,cze,rapeseed,tonnes,,1934-1938,7200.0,iia_1939_45,yes,no,
iia,france,fra,rapeseed,ha,,1934-1938,12000.0,iia_1939_45,yes,no,
iia,france,fra,rapeseed,tonnes,,1934-1938,12800.0,iia_1939_45,yes,no,
iia,germany,deu,rapeseed,ha,,1934-1938,48000.0,iia_1939_45,yes,no,
iia,germany,deu,rapeseed,tonnes,,1934-1938,86200.0,iia_1939_45,yes,no,
iia,hungary,hun,rapeseed,ha,,1934-1938,11000.0,iia_1939_45,yes,no,
iia,hungary,hun,rapeseed,tonnes,,1934-1938,8500.0,iia_1939_45,yes,no,
iia,italy,ita,rapeseed,ha,,1934-1938,2000.0,iia_1939_45,yes,no,
iia,italy,ita,rapeseed,tonnes,,1934-1938,2000.0,iia_1939_45,yes,no,
iia,japan,jpn,rapeseed,ha,,1934-1938,103000.0,iia_1939_45,yes,no,
iia,japan,jpn,rapeseed,tonnes,,1934-1938,119900.0,iia_1939_45,yes,no,
iia,mexico,mex,rapeseed,tonnes,,1934-1938,900.0,iia_1939_45,yes,no,
iia,myanmar,mmr,rapeseed,ha,,1934-1938,2000.0,iia_1939_45,yes,no,
iia,netherlands,nld,rapeseed,ha,,1934-1938,2000.0,iia_1939_45,yes,no,
iia,netherlands,nld,rapeseed,tonnes,,1934-1938,4700.0,iia_1939_45,yes,no,
iia,poland,pol,rapeseed,ha,,1934-1938,55000.0,iia_1939_45,yes,no,
iia,poland,pol,rapeseed,tonnes,,1934-1938,50800.0,iia_1939_45,yes,no,
iia,romania,rou,rapeseed,ha,,1934-1938,88000.0,iia_1939_45,yes,no,
iia,romania,rou,rapeseed,tonnes,,1934-1938,42000.0,iia_1939_45,yes,no,
iia,russian federation,rus,rapeseed,ha,,1934-1938,60000.0,iia_1939_45,yes,no,
iia,russian federation,rus,rapeseed,tonnes,,1934-1938,60000.0,iia_1939_45,yes,no,
iia,serbia,srb,rapeseed,ha,,1934-1938,16000.0,iia_1939_45,yes,no,
iia,serbia,srb,rapeseed,tonnes,,1934-1938,10800.0,iia_1939_45,yes,no,
iia,brunei darussalam,brn,"rubber, natural",ha,,1934-1938,6200.0,iia_1939_45,yes,no,
iia,brunei darussalam,brn,"rubber, natural",tonnes,,1934-1938,550.0,iia_1939_45,yes,no,
iia,cameroon,cmr,"rubber, natural",ha,,1934-1938,7100.0,iia_1939_45,yes,no,
iia,cameroon,cmr,"rubber, natural",tonnes,,1934-1938,640.0,iia_1939_45,yes,no,
iia,dr congo,cod,"rubber, natural",ha,,1934-1938,5800.0,iia_1939_45,yes,no,
iia,dr congo,cod,"rubber, natural",tonnes,,1934-1938,430.0,iia_1939_45,yes,no,
iia,indonesia,idn,"rubber, natural",ha,,1934-1938,596400.0,iia_1939_45,yes,no,
iia,indonesia,idn,"rubber, natural",tonnes,,1934-1938,52360.0,iia_1939_45,yes,no,
iia,liberia,lbr,"rubber, natural",ha,,1934-1938,26600.0,iia_1939_45,yes,no,
iia,liberia,lbr,"rubber, natural",tonnes,,1934-1938,680.0,iia_1939_45,yes,no,
iia,malawi,mwi,"rubber, natural",ha,,1934-1938,500.0,iia_1939_45,yes,no,
iia,malaysia,mys,"rubber, natural",ha,,1934-1938,93900.0,iia_1939_45,yes,no,
iia,malaysia,mys,"rubber, natural",tonnes,,1934-1938,72460.0,iia_1939_45,yes,no,
iia,myanmar,mmr,"rubber, natural",ha,,1934-1938,42800.0,iia_1939_45,yes,no,
iia,myanmar,mmr,"rubber, natural",tonnes,,1934-1938,3380.0,iia_1939_45,yes,no,
iia,nigeria,nga,"rubber, natural",ha,,1934-1938,2700.0,iia_1939_45,yes,no,
iia,nigeria,nga,"rubber, natural",tonnes,,1934-1938,250.0,iia_1939_45,yes,no,
iia,papua new guinea,png,"rubber, natural",ha,,1934-1938,1100.0,iia_1939_45,yes,no,
iia,philippines,phl,"rubber, natural",ha,,1934-1938,3800.0,iia_1939_45,yes,no,
iia,philippines,phl,"rubber, natural",tonnes,,1934-1938,40.0,iia_1939_45,yes,no,
iia,sri lanka,lka,"rubber, natural",ha,,1934-1938,244800.0,iia_1939_45,yes,no,
iia,sri lanka,lka,"rubber, natural",tonnes,,1934-1938,23750.0,iia_1939_45,yes,no,
iia,tanzania,tza,"rubber, natural",ha,,1934-1938,3700.0,iia_1939_45,yes,no,
iia,thailand,tha,"rubber, natural",ha,,1934-1938,125100.0,iia_1939_45,yes,no,
iia,thailand,tha,"rubber, natural",tonnes,,1934-1938,470.0,iia_1939_45,yes,no,
iia,trinidad and tobago,tto,"rubber, natural",ha,,1934-1938,300.0,iia_1939_45,yes,no,
iia,albania,alb,rye,ha,,1934-1938,3000.0,iia_1939_45,yes,no,
iia,albania,alb,rye,tonnes,,1934-1938,3200.0,iia_1939_45,yes,no,
iia,algeria,dza,rye,ha,,1934-1938,1000.0,iia_1939_45,yes,no,
iia,algeria,dza,rye,tonnes,,1934-1938,900.0,iia_1939_45,yes,no,
iia,argentina,arg,rye,ha,,1934-1938,361000.0,iia_1939_45,yes,no,
iia,argentina,arg,rye,tonnes,,1934-1938,253700.0,iia_1939_45,yes,no,
iia,australia,aus,rye,ha,,1934-1938,5000.0,iia_1939_45,yes,no,
iia,australia,aus,rye,tonnes,,1934-1938,3300.0,iia_1939_45,yes,no,
iia,austria,aut,rye,ha,,1934-1938,367000.0,iia_1939_45,yes,no,
iia,austria,aut,rye,tonnes,,1934-1938,538600.0,iia_1939_45,yes,no,
iia,belgium,bel,rye,ha,,1934-1938,178000.0,iia_1939_45,yes,no,
iia,belgium,bel,rye,tonnes,,1934-1938,424400.0,iia_1939_45,yes,no,
iia,brazil,bra,rye,ha,,1934-1938,14000.0,iia_1939_45,yes,no,
iia,brazil,bra,rye,tonnes,,1934-1938,15600.0,iia_1939_45,yes,no,
iia,bulgaria,bgr,rye,ha,,1934-1938,194000.0,iia_1939_45,yes,no,
iia,bulgaria,bgr,rye,tonnes,,1934-1938,199000.0,iia_1939_45,yes,no,
iia,canada,can,rye,ha,,1934-1938,297000.0,iia_1939_45,yes,no,
iia,canada,can,rye,tonnes,,1934-1938,179600.0,iia_1939_45,yes,no,
iia,chile,chl,rye,ha,,1934-1938,11000.0,iia_1939_45,yes,no,
iia,chile,chl,rye,tonnes,,1934-1938,7700.0,iia_1939_45,yes,no,
iia,czech republic,cze,rye,ha,,1934-1938,988000.0,iia_1939_45,yes,no,
iia,czech republic,cze,rye,tonnes,,1934-1938,1597800.0,iia_1939_45,yes,no,
iia,denmark,dnk,rye,ha,,1934-1938,148000.0,iia_1939_45,yes,no,
iia,denmark,dnk,rye,tonnes,,1934-1938,262000.0,iia_1939_45,yes,no,
iia,estonia,est,rye,ha,,1934-1938,145000.0,iia_1939_45,yes,no,
iia,estonia,est,rye,tonnes,,1934-1938,191200.0,iia_1939_45,yes,no,
iia,finland,fin,rye,ha,,1934-1938,240000.0,iia_1939_45,yes,no,
iia,finland,fin,rye,tonnes,,1934-1938,370500.0,iia_1939_45,yes,no,
iia,france,fra,rye,ha,,1934-1938,670000.0,iia_1939_45,yes,no,
iia,france,fra,rye,tonnes,,1934-1938,769900.0,iia_1939_45,yes,no,
iia,germany,deu,rye,ha,,1934-1938,4399000.0,iia_1939_45,yes,no,
iia,germany,deu,rye,tonnes,,1934-1938,7611300.0,iia_1939_45,yes,no,
iia,greece,grc,rye,ha,,1934-1938,69000.0,iia_1939_45,yes,no,
iia,greece,grc,rye,tonnes,,1934-1938,56600.0,iia_1939_45,yes,no,
iia,hungary,hun,rye,ha,,1934-1938,631000.0,iia_1939_45,yes,no,
iia,hungary,hun,rye,tonnes,,1934-1938,696700.0,iia_1939_45,yes,no,
iia,ireland,irl,rye,ha,,1934-1938,1000.0,iia_1939_45,yes,no,
iia,ireland,irl,rye,tonnes,,1934-1938,1600.0,iia_1939_45,yes,no,
iia,italy,ita,rye,ha,,1934-1938,107000.0,iia_1939_45,yes,no,
iia,italy,ita,rye,tonnes,,1934-1938,143100.0,iia_1939_45,yes,no,
iia,latvia,lva,rye,ha,,1934-1938,274000.0,iia_1939_45,yes,no,
iia,latvia,lva,rye,tonnes,,1934-1938,372400.0,iia_1939_45,yes,no,
iia,lithuania,ltu,rye,ha,,1934-1938,508000.0,iia_1939_45,yes,no,
iia,lithuania,ltu,rye,tonnes,,1934-1938,616600.0,iia_1939_45,yes,no,
iia,luxembourg,lux,rye,ha,,1934-1938,7000.0,iia_1939_45,yes,no,
iia,luxembourg,lux,rye,tonnes,,1934-1938,11900.0,iia_1939_45,yes,no,
iia,morocco,mar,rye,ha,,1934-1938,3000.0,iia_1939_45,yes,no,
iia,morocco,mar,rye,tonnes,,1934-1938,800.0,iia_1939_45,yes,no,
iia,netherlands,nld,rye,ha,,1934-1938,218000.0,iia_1939_45,yes,no,
iia,netherlands,nld,rye,tonnes,,1934-1938,495500.0,iia_1939_45,yes,no,
iia,new zealand,nzl,rye,tonnes,,1934-1938,100.0,iia_1939_45,yes,no,
iia,norway,nor,rye,ha,,1934-1938,6000.0,iia_1939_45,yes,no,
iia,norway,nor,rye,tonnes,,1934-1938,11100.0,iia_1939_45,yes,no,
iia,poland,pol,rye,ha,,1934-1938,5774000.0,iia_1939_45,yes,no,
iia,poland,pol,rye,tonnes,,1934-1938,6467200.0,iia_1939_45,yes,no,
iia,portugal,prt,rye,ha,,1934-1938,141000.0,iia_1939_45,yes,no,
iia,portugal,prt,rye,tonnes,,1934-1938,105700.0,iia_1939_45,yes,no,
iia,romania,rou,rye,ha,,1934-1938,420000.0,iia_1939_45,yes,no,
iia,romania,rou,rye,tonnes,,1934-1938,391200.0,iia_1939_45,yes,no,
iia,russian federation,rus,rye,ha,,1934-1938,22730000.0,iia_1939_45,yes,no,
iia,russian federation,rus,rye,tonnes,,1934-1938,21967200.0,iia_1939_45,yes,no,
iia,serbia,srb,rye,ha,,1934-1938,252000.0,iia_1939_45,yes,no,
iia,serbia,srb,rye,tonnes,,1934-1938,206200.0,iia_1939_45,yes,no,
iia,south africa,zaf,rye,ha,,1934-1938,48000.0,iia_1939_45,yes,no,
iia,south africa,zaf,rye,tonnes,,1934-1938,20800.0,iia_1939_45,yes,no,
iia,spain,esp,rye,ha,,1934-1938,594000.0,iia_1939_45,yes,no,
iia,spain,esp,rye,tonnes,,1934-1938,551300.0,iia_1939_45,yes,no,
iia,sweden,swe,rye,ha,,1934-1938,213000.0,iia_1939_45,yes,no,
iia,sweden,swe,rye,tonnes,,1934-1938,409300.0,iia_1939_45,yes,no,
iia,turkey,tur,rye,ha,,1934-1938,350000.0,iia_1939_45,yes,no,
iia,turkey,tur,rye,tonnes,,1934-1938,335500.0,iia_1939_45,yes,no,
iia,united kingdom,gbr,rye,ha,,1934-1938,7000.0,iia_1939_45,yes,no,
iia,united kingdom,gbr,rye,tonnes,,1934-1938,10700.0,iia_1939_45,yes,no,
iia,united states of america,usa,rye,ha,,1934-1938,25000.0,iia_1939_45,yes,no,
iia,united states of america,usa,rye,tonnes,,1934-1938,1027800.0,iia_1939_45,yes,no,
iia,angola,ago,sesame seed,ha,,1934-1938,1000.0,iia_1939_45,yes,no,
iia,angola,ago,sesame seed,tonnes,,1934-1938,700.0,iia_1939_45,yes,no,
iia,bulgaria,bgr,sesame seed,ha,,1934-1938,6000.0,iia_1939_45,yes,no,
iia,bulgaria,bgr,sesame seed,tonnes,,1934-1938,1800.0,iia_1939_45,yes,no,
iia,cameroon,cmr,sesame seed,ha,,1934-1938,3000.0,iia_1939_45,yes,no,
iia,cameroon,cmr,sesame seed,tonnes,,1934-1938,1100.0,iia_1939_45,yes,no,
iia,"china, mainland",chn,sesame seed,ha,,1934-1938,1424000.0,iia_1939_45,yes,no,
iia,"china, mainland",chn,sesame seed,tonnes,,1934-1938,818100.0,iia_1939_45,yes,no,
iia,"china, taiwan province of",twn,sesame seed,ha,,1934-1938,4000.0,iia_1939_45,yes,no,
iia,"china, taiwan province of",twn,sesame seed,tonnes,,1934-1938,1400.0,iia_1939_45,yes,no,
iia,congo,cog,sesame seed,ha,,1934-1938,8000.0,iia_1939_45,yes,no,
iia,congo,cog,sesame seed,tonnes,,1934-1938,1500.0,iia_1939_45,yes,no,
iia,cyprus,cyp,sesame seed,ha,,1934-1938,1000.0,iia_1939_45,yes,no,
iia,cyprus,cyp,sesame seed,tonnes,,1934-1938,300.0,iia_1939_45,yes,no,
iia,dr congo,cod,sesame seed,ha,,1934-1938,5000.0,iia_1939_45,yes,no,
iia,dr congo,cod,sesame seed,tonnes,,1934-1938,1000.0,iia_1939_45,yes,no,
iia,egypt,egy,sesame seed,ha,,1934-1938,103000.0,iia_1939_45,yes,no,
iia,egypt,egy,sesame seed,tonnes,,1934-1938,36000.0,iia_1939_45,yes,no,
iia,eritrea,eri,sesame seed,ha,,1934-1938,2000.0,iia_1939_45,yes,no,
iia,eritrea,eri,sesame seed,tonnes,,1934-1938,500.0,iia_1939_45,yes,no,
iia,greece,grc,sesame seed,ha,,1934-1938,36000.0,iia_1939_45,yes,no,
iia,greece,grc,sesame seed,tonnes,,1934-1938,8500.0,iia_1939_45,yes,no,
iia,guinea,gin,sesame seed,ha,,1934-1938,1000.0,iia_1939_45,yes,no,
iia,guinea,gin,sesame seed,tonnes,,1934-1938,700.0,iia_1939_45,yes,no,
iia,india,ind,sesame seed,ha,,1934-1938,1000.0,iia_1939_45,yes,no,
iia,india,ind,sesame seed,tonnes,,1934-1938,300.0,iia_1939_45,yes,no,
iia,indonesia,idn,sesame seed,ha,,1934-1938,16000.0,iia_1939_45,yes,no,
iia,indonesia,idn,sesame seed,tonnes,,1934-1938,3500.0,iia_1939_45,yes,no,
iia,iran,irn,sesame seed,tonnes,,1934-1938,6300.0,iia_1939_45,yes,no,
iia,iraq,irq,sesame seed,ha,,1934-1938,17000.0,iia_1939_45,yes,no,
iia,iraq,irq,sesame seed,tonnes,,1934-1938,18000.0,iia_1939_45,yes,no,
iia,israel,isr,sesame seed,ha,,1934-1938,21000.0,iia_1939_45,yes,no,
iia,israel,isr,sesame seed,tonnes,,1934-1938,5400.0,iia_1939_45,yes,no,
iia,italy,ita,sesame seed,ha,,1934-1938,1000.0,iia_1939_45,yes,no,
iia,italy,ita,sesame seed,tonnes,,1934-1938,400.0,iia_1939_45,yes,no,
iia,ivory coast,civ,sesame seed,ha,,1934-1938,7000.0,iia_1939_45,yes,no,
iia,ivory coast,civ,sesame seed,tonnes,,1934-1938,13900.0,iia_1939_45,yes,no,
iia,japan,jpn,sesame seed,ha,,1934-1938,5000.0,iia_1939_45,yes,no,
iia,japan,jpn,sesame seed,tonnes,,1934-1938,3900.0,iia_1939_45,yes,no,
iia,jordan,jor,sesame seed,tonnes,,1934-1938,200.0,iia_1939_45,yes,no,
iia,kenya,ken,sesame seed,tonnes,,1934-1938,3800.0,iia_1939_45,yes,no,
iia,lebanon,lbn,sesame seed,tonnes,,1934-1938,100.0,iia_1939_45,yes,no,
iia,mexico,mex,sesame seed,ha,,1934-1938,53000.0,iia_1939_45,yes,no,
iia,mexico,mex,sesame seed,tonnes,,1934-1938,22200.0,iia_1939_45,yes,no,
iia,myanmar,mmr,sesame seed,ha,,1934-1938,575000.0,iia_1939_45,yes,no,
iia,myanmar,mmr,sesame seed,tonnes,,1934-1938,50300.0,iia_1939_45,yes,no,
iia,niger,ner,sesame seed,ha,,1934-1938,1000.0,iia_1939_45,yes,no,
iia,nigeria,nga,sesame seed,tonnes,,1934-1938,13300.0,iia_1939_45,yes,no,
iia,russian federation,rus,sesame seed,ha,,1934-1938,38000.0,iia_1939_45,yes,no,
iia,russian federation,rus,sesame seed,tonnes,,1934-1938,8700.0,iia_1939_45,yes,no,
iia,serbia,srb,sesame seed,ha,,1934-1938,1000.0,iia_1939_45,yes,no,
iia,serbia,srb,sesame seed,tonnes,,1934-1938,300.0,iia_1939_45,yes,no,
iia,sierra leone,sle,sesame seed,tonnes,,1934-1938,300.0,iia_1939_45,yes,no,
iia,somalia,som,sesame seed,ha,,1934-1938,3000.0,iia_1939_45,yes,no,
iia,somalia,som,sesame seed,tonnes,,1934-1938,700.0,iia_1939_45,yes,no,
iia,south korea,kor,sesame seed,ha,,1934-1938,10000.0,iia_1939_45,yes,no,
iia,south korea,kor,sesame seed,tonnes,,1934-1938,4300.0,iia_1939_45,yes,no,
iia,syrian arab republic,syr,sesame seed,ha,,1934-1938,5000.0,iia_1939_45,yes,no,
iia,syrian arab republic,syr,sesame seed,tonnes,,1934-1938,3300.0,iia_1939_45,yes,no,
iia,tanzania,tza,sesame seed,ha,,1934-1938,20000.0,iia_1939_45,yes,no,
iia,tanzania,tza,sesame seed,tonnes,,1934-1938,4700.0,iia_1939_45,yes,no,
iia,thailand,tha,sesame seed,ha,,1934-1938,1000.0,iia_1939_45,yes,no,
iia,thailand,tha,sesame seed,tonnes,,1934-1938,1000.0,iia_1939_45,yes,no,
iia,turkey,tur,sesame seed,ha,,1934-1938,65000.0,iia_1939_45,yes,no,
iia,turkey,tur,sesame seed,tonnes,,1934-1938,27200.0,iia_1939_45,yes,no,
iia,viet nam,vnm,sesame seed,ha,,1934-1938,1000.0,iia_1939_45,yes,no,
iia,viet nam,vnm,sesame seed,tonnes,,1934-1938,400.0,iia_1939_45,yes,no,
iia,algeria,dza,"silk-worm cocoons, reelable",tonnes,,1934-1938,1.0,iia_1939_45,yes,no,
iia,brazil,bra,"silk-worm cocoons, reelable",tonnes,,1934-1938,530.0,iia_1939_45,yes,no,
iia,bulgaria,bgr,"silk-worm cocoons, reelable",tonnes,,1934-1938,1608.0,iia_1939_45,yes,no,
iia,"china, mainland",chn,"silk-worm cocoons, reelable",tonnes,,1934-1938,43780.0,iia_1939_45,yes,no,
iia,"china, taiwan province of",twn,"silk-worm cocoons, reelable",tonnes,,1934-1938,56.0,iia_1939_45,yes,no,
iia,cyprus,cyp,"silk-worm cocoons, reelable",tonnes,,1934-1938,134.0,iia_1939_45,yes,no,
iia,czech republic,cze,"silk-worm cocoons, reelable",tonnes,,1934-1938,7.0,iia_1939_45,yes,no,
iia,egypt,egy,"silk-worm cocoons, reelable",tonnes,,1934-1938,28.0,iia_1939_45,yes,no,
iia,france,fra,"silk-worm cocoons, reelable",tonnes,,1934-1938,710.0,iia_1939_45,yes,no,
iia,greece,grc,"silk-worm cocoons, reelable",tonnes,,1934-1938,2910.0,iia_1939_45,yes,no,
iia,hungary,hun,"silk-worm cocoons, reelable",tonnes,,1934-1938,338.0,iia_1939_45,yes,no,
iia,iran,irn,"silk-worm cocoons, reelable",tonnes,,1934-1938,1782.0,iia_1939_45,yes,no,
iia,iraq,irq,"silk-worm cocoons, reelable",tonnes,,1934-1938,318.0,iia_1939_45,yes,no,
iia,italy,ita,"silk-worm cocoons, reelable",tonnes,,1934-1938,26095.0,iia_1939_45,yes,no,
iia,japan,jpn,"silk-worm cocoons, reelable",tonnes,,1934-1938,165245.0,iia_1939_45,yes,no,
iia,lebanon,lbn,"silk-worm cocoons, reelable",tonnes,,1934-1938,777.0,iia_1939_45,yes,no,
iia,madagascar,mdg,"silk-worm cocoons, reelable",tonnes,,1934-1938,8.0,iia_1939_45,yes,no,
iia,portugal,prt,"silk-worm cocoons, reelable",tonnes,,1934-1938,10.0,iia_1939_45,yes,no,
iia,romania,rou,"silk-worm cocoons, reelable",tonnes,,1934-1938,141.0,iia_1939_45,yes,no,
iia,russian federation,rus,"silk-worm cocoons, reelable",tonnes,,1934-1938,19714.0,iia_1939_45,yes,no,
iia,serbia,srb,"silk-worm cocoons, reelable",tonnes,,1934-1938,573.0,iia_1939_45,yes,no,
iia,south korea,kor,"silk-worm cocoons, reelable",tonnes,,1934-1938,8116.0,iia_1939_45,yes,no,
iia,spain,esp,"silk-worm cocoons, reelable",tonnes,,1934-1938,454.0,iia_1939_45,yes,no,
iia,switzerland,che,"silk-worm cocoons, reelable",tonnes,,1934-1938,3.0,iia_1939_45,yes,no,
iia,syrian arab republic,syr,"silk-worm cocoons, reelable",tonnes,,1934-1938,371.0,iia_1939_45,yes,no,
iia,turkey,tur,"silk-worm cocoons, reelable",tonnes,,1934-1938,2100.0,iia_1939_45,yes,no,
iia,austria,aut,soybeans,ha,,1934-1938,2000.0,iia_1939_45,yes,no,
iia,austria,aut,soybeans,tonnes,,1934-1938,200.0,iia_1939_45,yes,no,
iia,bulgaria,bgr,soybeans,ha,,1934-1938,11000.0,iia_1939_45,yes,no,
iia,bulgaria,bgr,soybeans,tonnes,,1934-1938,10100.0,iia_1939_45,yes,no,
iia,canada,can,soybeans,ha,,1934-1938,4000.0,iia_1939_45,yes,no,
iia,canada,can,soybeans,tonnes,,1934-1938,5500.0,iia_1939_45,yes,no,
iia,"china, mainland",chn,soybeans,ha,,1934-1938,8559000.0,iia_1939_45,yes,no,
iia,"china, mainland",chn,soybeans,tonnes,,1934-1938,9506000.0,iia_1939_45,yes,no,
iia,"china, taiwan province of",twn,soybeans,ha,,1934-1938,7000.0,iia_1939_45,yes,no,
iia,"china, taiwan province of",twn,soybeans,tonnes,,1934-1938,4200.0,iia_1939_45,yes,no,
iia,czech republic,cze,soybeans,ha,,1934-1938,1000.0,iia_1939_45,yes,no,
iia,czech republic,cze,soybeans,tonnes,,1934-1938,900.0,iia_1939_45,yes,no,
iia,indonesia,idn,soybeans,ha,,1934-1938,337000.0,iia_1939_45,yes,no,
iia,indonesia,idn,soybeans,tonnes,,1934-1938,245400.0,iia_1939_45,yes,no,
iia,italy,ita,soybeans,ha,,1934-1938,4000.0,iia_1939_45,yes,no,
iia,italy,ita,soybeans,tonnes,,1934-1938,400.0,iia_1939_45,yes,no,
iia,japan,jpn,soybeans,ha,,1934-1938,330000.0,iia_1939_45,yes,no,
iia,japan,jpn,soybeans,tonnes,,1934-1938,325100.0,iia_1939_45,yes,no,
iia,poland,pol,soybeans,ha,,1934-1938,6000.0,iia_1939_45,yes,no,
iia,poland,pol,soybeans,tonnes,,1934-1938,6500.0,iia_1939_45,yes,no,
iia,romania,rou,soybeans,ha,,1934-1938,56000.0,iia_1939_45,yes,no,
iia,romania,rou,soybeans,tonnes,,1934-1938,42000.0,iia_1939_45,yes,no,
iia,russian federation,rus,soybeans,ha,,1934-1938,141000.0,iia_1939_45,yes,no,
iia,russian federation,rus,soybeans,tonnes,,1934-1938,68100.0,iia_1939_45,yes,no,
iia,serbia,srb,soybeans,ha,,1934-1938,1000.0,iia_1939_45,yes,no,
iia,serbia,srb,soybeans,tonnes,,1934-1938,1500.0,iia_1939_45,yes,no,
iia,south korea,kor,soybeans,ha,,1934-1938,780000.0,iia_1939_45,yes,no,
iia,south korea,kor,soybeans,tonnes,,1934-1938,521900.0,iia_1939_45,yes,no,
iia,united states of america,usa,soybeans,ha,,1934-1938,1008000.0,iia_1939_45,yes,no,
iia,united states of america,usa,soybeans,tonnes,,1934-1938,1164000.0,iia_1939_45,yes,no,
iia,angola,ago,sugar raw centrifugal,tonnes,,1934-1938,29800.0,iia_1939_45,yes,no,
iia,antigua and barbuda,atg,sugar raw centrifugal,tonnes,,1934-1938,23300.0,iia_1939_45,yes,no,
iia,argentina,arg,sugar raw centrifugal,tonnes,,1934-1938,2200.0,iia_1939_45,yes,no,
iia,australia,aus,sugar raw centrifugal,tonnes,,1934-1938,4400.0,iia_1939_45,yes,no,
iia,austria,aut,sugar raw centrifugal,tonnes,,1934-1938,161100.0,iia_1939_45,yes,no,
iia,barbados,brb,sugar raw centrifugal,tonnes,,1934-1938,24700.0,iia_1939_45,yes,no,
iia,belgium,bel,sugar raw centrifugal,tonnes,,1934-1938,213400.0,iia_1939_45,yes,no,
iia,brazil,bra,sugar raw centrifugal,tonnes,,1934-1938,1039500.0,iia_1939_45,yes,no,
iia,bulgaria,bgr,sugar raw centrifugal,tonnes,,1934-1938,1600.0,iia_1939_45,yes,no,
iia,cabo verde,cpv,sugar raw centrifugal,tonnes,,1934-1938,100.0,iia_1939_45,yes,no,
iia,canada,can,sugar raw centrifugal,tonnes,,1934-1938,59300.0,iia_1939_45,yes,no,
iia,"china, mainland",chn,sugar raw centrifugal,tonnes,,1934-1938,9300.0,iia_1939_45,yes,no,
iia,"china, taiwan province of",twn,sugar raw centrifugal,tonnes,,1934-1938,1078600.0,iia_1939_45,yes,no,
iia,colombia,col,sugar raw centrifugal,tonnes,,1934-1938,36700.0,iia_1939_45,yes,no,
iia,costa rica,cri,sugar raw centrifugal,tonnes,,1934-1938,28500.0,iia_1939_45,yes,no,
iia,cuba,cub,sugar raw centrifugal,tonnes,,1934-1938,672900.0,iia_1939_45,yes,no,
iia,czech republic,cze,sugar raw centrifugal,tonnes,,1934-1938,569900.0,iia_1939_45,yes,no,
iia,denmark,dnk,sugar raw centrifugal,tonnes,,1934-1938,176800.0,iia_1939_45,yes,no,
iia,dominican republic,dom,sugar raw centrifugal,tonnes,,1934-1938,411200.0,iia_1939_45,yes,no,
iia,dr congo,cod,sugar raw centrifugal,tonnes,,1934-1938,10600.0,iia_1939_45,yes,no,
iia,ecuador,ecu,sugar raw centrifugal,tonnes,,1934-1938,19400.0,iia_1939_45,yes,no,
iia,egypt,egy,sugar raw centrifugal,tonnes,,1934-1938,145800.0,iia_1939_45,yes,no,
iia,el salvador,slv,sugar raw centrifugal,tonnes,,1934-1938,27300.0,iia_1939_45,yes,no,
iia,fiji,fji,sugar raw centrifugal,tonnes,,1934-1938,129200.0,iia_1939_45,yes,no,
iia,finland,fin,sugar raw centrifugal,tonnes,,1934-1938,10200.0,iia_1939_45,yes,no,
iia,france,fra,sugar raw centrifugal,tonnes,,1934-1938,872500.0,iia_1939_45,yes,no,
iia,french guiana,guf,sugar raw centrifugal,tonnes,,1934-1938,100.0,iia_1939_45,yes,no,
iia,french polynesia,pyf,sugar raw centrifugal,tonnes,,1934-1938,200.0,iia_1939_45,yes,no,
iia,germany,deu,sugar raw centrifugal,tonnes,,1934-1938,1662600.0,iia_1939_45,yes,no,
iia,guadeloupe,rlam,sugar raw centrifugal,tonnes,,1934-1938,44500.0,iia_1939_45,yes,no,
iia,guatemala,gtm,sugar raw centrifugal,tonnes,,1934-1938,34100.0,iia_1939_45,yes,no,
iia,guyana,guy,sugar raw centrifugal,tonnes,,1934-1938,192400.0,iia_1939_45,yes,no,
iia,haiti,hti,sugar raw centrifugal,tonnes,,1934-1938,37900.0,iia_1939_45,yes,no,
iia,hungary,hun,sugar raw centrifugal,tonnes,,1934-1938,111400.0,iia_1939_45,yes,no,
iia,indonesia,idn,sugar raw centrifugal,tonnes,,1934-1938,1080500.0,iia_1939_45,yes,no,
iia,iran,irn,sugar raw centrifugal,tonnes,,1934-1938,15100.0,iia_1939_45,yes,no,
iia,ireland,irl,sugar raw centrifugal,tonnes,,1934-1938,74100.0,iia_1939_45,yes,no,
iia,italy,ita,sugar raw centrifugal,tonnes,,1934-1938,319500.0,iia_1939_45,yes,no,
iia,jamaica,jam,sugar raw centrifugal,tonnes,,1934-1938,103800.0,iia_1939_45,yes,no,
iia,japan,jpn,sugar raw centrifugal,tonnes,,1934-1938,40100.0,iia_1939_45,yes,no,
iia,kenya,ken,sugar raw centrifugal,tonnes,,1934-1938,13500.0,iia_1939_45,yes,no,
iia,latvia,lva,sugar raw centrifugal,tonnes,,1934-1938,43100.0,iia_1939_45,yes,no,
iia,lithuania,ltu,sugar raw centrifugal,tonnes,,1934-1938,20500.0,iia_1939_45,yes,no,
iia,madagascar,mdg,sugar raw centrifugal,tonnes,,1934-1938,11800.0,iia_1939_45,yes,no,
iia,martinique,rlam,sugar raw centrifugal,tonnes,,1934-1938,53600.0,iia_1939_45,yes,no,
iia,mauritius,mus,sugar raw centrifugal,tonnes,,1934-1938,279000.0,iia_1939_45,yes,no,
iia,mexico,mex,sugar raw centrifugal,tonnes,,1934-1938,297800.0,iia_1939_45,yes,no,
iia,micronesia (federated states of),roce,sugar raw centrifugal,tonnes,,1934-1938,63900.0,iia_1939_45,yes,no,
iia,montserrat,rlam,sugar raw centrifugal,tonnes,,1934-1938,100.0,iia_1939_45,yes,no,
iia,netherlands,nld,sugar raw centrifugal,tonnes,,1934-1938,212900.0,iia_1939_45,yes,no,
iia,panama,pan,sugar raw centrifugal,tonnes,,1934-1938,3700.0,iia_1939_45,yes,no,
iia,paraguay,pry,sugar raw centrifugal,tonnes,,1934-1938,5700.0,iia_1939_45,yes,no,
iia,peru,per,sugar raw centrifugal,tonnes,,1934-1938,395800.0,iia_1939_45,yes,no,
iia,philippines,phl,sugar raw centrifugal,tonnes,,1934-1938,887200.0,iia_1939_45,yes,no,
iia,poland,pol,sugar raw centrifugal,tonnes,,1934-1938,442000.0,iia_1939_45,yes,no,
iia,portugal,prt,sugar raw centrifugal,tonnes,,1934-1938,3900.0,iia_1939_45,yes,no,
iia,reunion,rafr,sugar raw centrifugal,tonnes,,1934-1938,80800.0,iia_1939_45,yes,no,
iia,romania,rou,sugar raw centrifugal,tonnes,,1934-1938,99200.0,iia_1939_45,yes,no,
iia,russian federation,rus,sugar raw centrifugal,tonnes,,1934-1938,2074900.0,iia_1939_45,yes,no,
iia,saint kitts and nevis,kna,sugar raw centrifugal,tonnes,,1934-1938,31700.0,iia_1939_45,yes,no,
iia,saint lucia,lca,sugar raw centrifugal,tonnes,,1934-1938,8100.0,iia_1939_45,yes,no,
iia,saint vincent and the grenadines,vct,sugar raw centrifugal,tonnes,,1934-1938,1500.0,iia_1939_45,yes,no,
iia,serbia,srb,sugar raw centrifugal,tonnes,,1934-1938,67900.0,iia_1939_45,yes,no,
iia,south africa,zaf,sugar raw centrifugal,tonnes,,1934-1938,408700.0,iia_1939_45,yes,no,
iia,spain,esp,sugar raw centrifugal,tonnes,,1934-1938,261000.0,iia_1939_45,yes,no,
iia,suriname,sur,sugar raw centrifugal,tonnes,,1934-1938,16300.0,iia_1939_45,yes,no,
iia,sweden,swe,sugar raw centrifugal,tonnes,,1934-1938,270700.0,iia_1939_45,yes,no,
iia,switzerland,che,sugar raw centrifugal,tonnes,,1934-1938,9400.0,iia_1939_45,yes,no,
iia,trinidad and tobago,tto,sugar raw centrifugal,tonnes,,1934-1938,140000.0,iia_1939_45,yes,no,
iia,turkey,tur,sugar raw centrifugal,tonnes,,1934-1938,54500.0,iia_1939_45,yes,no,
iia,united kingdom,gbr,sugar raw centrifugal,tonnes,,1934-1938,479500.0,iia_1939_45,yes,no,
iia,united states of america,usa,sugar raw centrifugal,tonnes,,1934-1938,361500.0,iia_1939_45,yes,no,
iia,united states virgin islands,rlam,sugar raw centrifugal,tonnes,,1934-1938,4100.0,iia_1939_45,yes,no,
iia,uruguay,ury,sugar raw centrifugal,tonnes,,1934-1938,1100.0,iia_1939_45,yes,no,
iia,venezuela,ven,sugar raw centrifugal,tonnes,,1934-1938,20400.0,iia_1939_45,yes,no,
iia,viet nam,vnm,sugar raw centrifugal,tonnes,,1934-1938,16900.0,iia_1939_45,yes,no,
iia,argentina,arg,sunflower seed,ha,,1934-1938,213000.0,iia_1939_45,yes,no,
iia,argentina,arg,sunflower seed,tonnes,,1934-1938,21300.0,iia_1939_45,yes,no,
iia,australia,aus,sunflower seed,ha,,1934-1938,6000.0,iia_1939_45,yes,no,
iia,australia,aus,sunflower seed,tonnes,,1934-1938,600.0,iia_1939_45,yes,no,
iia,bulgaria,bgr,sunflower seed,ha,,1934-1938,150000.0,iia_1939_45,yes,no,
iia,bulgaria,bgr,sunflower seed,tonnes,,1934-1938,15000.0,iia_1939_45,yes,no,
iia,czech republic,cze,sunflower seed,ha,,1934-1938,28000.0,iia_1939_45,yes,no,
iia,czech republic,cze,sunflower seed,tonnes,,1934-1938,2800.0,iia_1939_45,yes,no,
iia,hungary,hun,sunflower seed,ha,,1934-1938,5000.0,iia_1939_45,yes,no,
iia,hungary,hun,sunflower seed,tonnes,,1934-1938,500.0,iia_1939_45,yes,no,
iia,italy,ita,sunflower seed,ha,,1934-1938,3000.0,iia_1939_45,yes,no,
iia,italy,ita,sunflower seed,tonnes,,1934-1938,300.0,iia_1939_45,yes,no,
iia,romania,rou,sunflower seed,ha,,1934-1938,199000.0,iia_1939_45,yes,no,
iia,romania,rou,sunflower seed,tonnes,,1934-1938,19900.0,iia_1939_45,yes,no,
iia,russian federation,rus,sunflower seed,ha,,1934-1938,3276000.0,iia_1939_45,yes,no,
iia,russian federation,rus,sunflower seed,tonnes,,1934-1938,327600.0,iia_1939_45,yes,no,
iia,serbia,srb,sunflower seed,ha,,1934-1938,8000.0,iia_1939_45,yes,no,
iia,serbia,srb,sunflower seed,tonnes,,1934-1938,800.0,iia_1939_45,yes,no,
iia,uruguay,ury,sunflower seed,ha,,1934-1938,5000.0,iia_1939_45,yes,no,
iia,uruguay,ury,sunflower seed,tonnes,,1934-1938,500.0,iia_1939_45,yes,no,
iia,zimbabwe,zwe,sunflower seed,ha,,1934-1938,3000.0,iia_1939_45,yes,no,
iia,zimbabwe,zwe,sunflower seed,tonnes,,1934-1938,300.0,iia_1939_45,yes,no,
iia,algeria,dza,"tangerines, mandarins, clementines, satsumas",ha,,1934-1938,4000.0,iia_1939_45,yes,no,
iia,algeria,dza,"tangerines, mandarins, clementines, satsumas",tonnes,,1934-1938,39800.0,iia_1939_45,yes,no,
iia,cyprus,cyp,"tangerines, mandarins, clementines, satsumas",ha,,1934-1938,1000.0,iia_1939_45,yes,no,
iia,cyprus,cyp,"tangerines, mandarins, clementines, satsumas",tonnes,,1934-1938,500.0,iia_1939_45,yes,no,
iia,egypt,egy,"tangerines, mandarins, clementines, satsumas",tonnes,,1934-1938,41900.0,iia_1939_45,yes,no,
iia,france,fra,"tangerines, mandarins, clementines, satsumas",tonnes,,1934-1938,300.0,iia_1939_45,yes,no,
iia,greece,grc,"tangerines, mandarins, clementines, satsumas",tonnes,,1934-1938,5700.0,iia_1939_45,yes,no,
iia,italy,ita,"tangerines, mandarins, clementines, satsumas",ha,,1934-1938,26000.0,iia_1939_45,yes,no,
iia,italy,ita,"tangerines, mandarins, clementines, satsumas",tonnes,,1934-1938,51800.0,iia_1939_45,yes,no,
iia,japan,jpn,"tangerines, mandarins, clementines, satsumas",ha,,1934-1938,35000.0,iia_1939_45,yes,no,
iia,japan,jpn,"tangerines, mandarins, clementines, satsumas",tonnes,,1934-1938,378600.0,iia_1939_45,yes,no,
iia,paraguay,pry,"tangerines, mandarins, clementines, satsumas",tonnes,,1934-1938,800.0,iia_1939_45,yes,no,
iia,philippines,phl,"tangerines, mandarins, clementines, satsumas",ha,,1934-1938,2000.0,iia_1939_45,yes,no,
iia,philippines,phl,"tangerines, mandarins, clementines, satsumas",tonnes,,1934-1938,2400.0,iia_1939_45,yes,no,
iia,south africa,zaf,"tangerines, mandarins, clementines, satsumas",tonnes,,1934-1938,400.0,iia_1939_45,yes,no,
iia,turkey,tur,"tangerines, mandarins, clementines, satsumas",tonnes,,1934-1938,2300.0,iia_1939_45,yes,no,
iia,united states of america,usa,"tangerines, mandarins, clementines, satsumas",tonnes,,1934-1938,104500.0,iia_1939_45,yes,no,
iia,azerbaijan,aze,tea,ha,,1934-1938,40000.0,iia_1939_45,yes,no,
iia,azerbaijan,aze,tea,tonnes,,1934-1938,5059.0,iia_1939_45,yes,no,
iia,brazil,bra,tea,tonnes,,1934-1938,180.0,iia_1939_45,yes,no,
iia,"china, mainland",chn,tea,tonnes,,1934-1938,40951.0,iia_1939_45,yes,no,
iia,"china, taiwan province of",twn,tea,ha,,1934-1938,42000.0,iia_1939_45,yes,no,
iia,"china, taiwan province of",twn,tea,tonnes,,1934-1938,11553.0,iia_1939_45,yes,no,
iia,indonesia,idn,tea,ha,,1934-1938,201000.0,iia_1939_45,yes,no,
iia,indonesia,idn,tea,tonnes,,1934-1938,74668.0,iia_1939_45,yes,no,
iia,iran,irn,tea,ha,,1934-1938,3000.0,iia_1939_45,yes,no,
iia,iran,irn,tea,tonnes,,1934-1938,954.0,iia_1939_45,yes,no,
iia,japan,jpn,tea,ha,,1934-1938,39000.0,iia_1939_45,yes,no,
iia,japan,jpn,tea,tonnes,,1934-1938,2566.0,iia_1939_45,yes,no,
iia,kenya,ken,tea,ha,,1934-1938,5000.0,iia_1939_45,yes,no,
iia,kenya,ken,tea,tonnes,,1934-1938,3826.0,iia_1939_45,yes,no,
iia,malawi,mwi,tea,ha,,1934-1938,7000.0,iia_1939_45,yes,no,
iia,malawi,mwi,tea,tonnes,,1934-1938,3890.0,iia_1939_45,yes,no,
iia,malaysia,mys,tea,ha,,1934-1938,2000.0,iia_1939_45,yes,no,
iia,malaysia,mys,tea,tonnes,,1934-1938,503.0,iia_1939_45,yes,no,
iia,mauritius,mus,tea,ha,,1934-1938,1000.0,iia_1939_45,yes,no,
iia,mauritius,mus,tea,tonnes,,1934-1938,35.0,iia_1939_45,yes,no,
iia,myanmar,mmr,tea,ha,,1934-1938,22000.0,iia_1939_45,yes,no,
iia,south africa,zaf,tea,ha,,1934-1938,1000.0,iia_1939_45,yes,no,
iia,south africa,zaf,tea,tonnes,,1934-1938,374.0,iia_1939_45,yes,no,
iia,sri lanka,lka,tea,ha,,1934-1938,226000.0,iia_1939_45,yes,no,
iia,sri lanka,lka,tea,tonnes,,1934-1938,101490.0,iia_1939_45,yes,no,
iia,tanzania,tza,tea,ha,,1934-1938,2000.0,iia_1939_45,yes,no,
iia,tanzania,tza,tea,tonnes,,1934-1938,114.0,iia_1939_45,yes,no,
iia,viet nam,vnm,tea,ha,,1934-1938,5000.0,iia_1939_45,yes,no,
iia,viet nam,vnm,tea,tonnes,,1934-1938,1611.0,iia_1939_45,yes,no,
iia,zimbabwe,zwe,tea,ha,,1934-1938,2000.0,iia_1939_45,yes,no,
iia,zimbabwe,zwe,tea,tonnes,,1934-1938,70.0,iia_1939_45,yes,no,
iia,albania,alb,"tobacco, unmanufactured",ha,,1934-1938,2000.0,iia_1939_45,yes,yes,
iia,albania,alb,"tobacco, unmanufactured",tonnes,,1934-1938,161200.0,iia_1939_45,yes,yes,no
iia,algeria,dza,"tobacco, unmanufactured",ha,,1934-1938,23000.0,iia_1939_45,yes,yes,
iia,algeria,dza,"tobacco, unmanufactured",tonnes,,1934-1938,1913900.0,iia_1939_45,yes,yes,yes
iia,angola,ago,"tobacco, unmanufactured",ha,,1934-1938,4000.0,iia_1939_45,yes,yes,
iia,angola,ago,"tobacco, unmanufactured",tonnes,,1934-1938,237100.0,iia_1939_45,yes,yes,no
iia,argentina,arg,"tobacco, unmanufactured",ha,,1934-1938,16000.0,iia_1939_45,yes,yes,
iia,argentina,arg,"tobacco, unmanufactured",tonnes,,1934-1938,1552200.0,iia_1939_45,yes,yes,yes
iia,australia,aus,"tobacco, unmanufactured",ha,,1934-1938,4000.0,iia_1939_45,yes,yes,
iia,australia,aus,"tobacco, unmanufactured",tonnes,,1934-1938,215700.0,iia_1939_45,yes,yes,no
iia,belgium,bel,"tobacco, unmanufactured",ha,,1934-1938,3000.0,iia_1939_45,yes,yes,
iia,belgium,bel,"tobacco, unmanufactured",tonnes,,1934-1938,633800.0,iia_1939_45,yes,yes,yes
iia,benin,ben,"tobacco, unmanufactured",tonnes,,1934-1938,5200.0,iia_1939_45,yes,yes,no
iia,bolivia,bol,"tobacco, unmanufactured",ha,,1934-1938,3000.0,iia_1939_45,yes,yes,
iia,bolivia,bol,"tobacco, unmanufactured",tonnes,,1934-1938,353500.0,iia_1939_45,yes,yes,no
iia,brazil,bra,"tobacco, unmanufactured",ha,,1934-1938,99000.0,iia_1939_45,yes,yes,
iia,brazil,bra,"tobacco, unmanufactured",tonnes,,1934-1938,9265800.0,iia_1939_45,yes,yes,yes
iia,bulgaria,bgr,"tobacco, unmanufactured",ha,,1934-1938,34000.0,iia_1939_45,yes,yes,
iia,bulgaria,bgr,"tobacco, unmanufactured",tonnes,,1934-1938,13056700.0,iia_1939_45,yes,yes,yes
iia,burundi,bdi,"tobacco, unmanufactured",tonnes,,1934-1938,34800.0,iia_1939_45,yes,yes,no
iia,cabo verde,cpv,"tobacco, unmanufactured",tonnes,,1934-1938,900.0,iia_1939_45,yes,yes,no
iia,canada,can,"tobacco, unmanufactured",ha,,1934-1938,24000.0,iia_1939_45,yes,yes,
iia,canada,can,"tobacco, unmanufactured",tonnes,,1934-1938,2846800.0,iia_1939_45,yes,yes,yes
iia,chile,chl,"tobacco, unmanufactured",ha,,1934-1938,3000.0,iia_1939_45,yes,yes,
iia,chile,chl,"tobacco, unmanufactured",tonnes,,1934-1938,691800.0,iia_1939_45,yes,yes,yes
iia,"china, mainland",chn,"tobacco, unmanufactured",ha,,1934-1938,566000.0,iia_1939_45,yes,yes,
iia,"china, mainland",chn,"tobacco, unmanufactured",tonnes,,1934-1938,64152300.0,iia_1939_45,yes,yes,yes
iia,"china, taiwan province of",twn,"tobacco, unmanufactured",ha,,1934-1938,1000.0,iia_1939_45,yes,yes,
iia,"china, taiwan province of",twn,"tobacco, unmanufactured",tonnes,,1934-1938,225300.0,iia_1939_45,yes,yes,no
iia,colombia,col,"tobacco, unmanufactured",ha,,1934-1938,11000.0,iia_1939_45,yes,yes,
iia,colombia,col,"tobacco, unmanufactured",tonnes,,1934-1938,1224100.0,iia_1939_45,yes,yes,yes
iia,congo,cog,"tobacco, unmanufactured",ha,,1934-1938,7000.0,iia_1939_45,yes,yes,
iia,congo,cog,"tobacco, unmanufactured",tonnes,,1934-1938,102100.0,iia_1939_45,yes,yes,no
iia,costa rica,cri,"tobacco, unmanufactured",ha,,1934-1938,1000.0,iia_1939_45,yes,yes,
iia,costa rica,cri,"tobacco, unmanufactured",tonnes,,1934-1938,26500.0,iia_1939_45,yes,yes,no
iia,cuba,cub,"tobacco, unmanufactured",ha,,1934-1938,45000.0,iia_1939_45,yes,yes,
iia,cuba,cub,"tobacco, unmanufactured",tonnes,,1934-1938,2192100.0,iia_1939_45,yes,yes,yes
iia,cyprus,cyp,"tobacco, unmanufactured",ha,,1934-1938,1000.0,iia_1939_45,yes,yes,
iia,cyprus,cyp,"tobacco, unmanufactured",tonnes,,1934-1938,23600.0,iia_1939_45,yes,yes,no
iia,czech republic,cze,"tobacco, unmanufactured",ha,,1934-1938,10000.0,iia_1939_45,yes,yes,
iia,czech republic,cze,"tobacco, unmanufactured",tonnes,,1934-1938,41410600.0,iia_1939_45,yes,yes,yes
iia,dominican republic,dom,"tobacco, unmanufactured",tonnes,,1934-1938,696394900.0,iia_1939_45,yes,yes,yes
iia,dr congo,cod,"tobacco, unmanufactured",ha,,1934-1938,5000.0,iia_1939_45,yes,yes,
iia,dr congo,cod,"tobacco, unmanufactured",tonnes,,1934-1938,404600.0,iia_1939_45,yes,yes,no
iia,ecuador,ecu,"tobacco, unmanufactured",tonnes,,1934-1938,69000.0,iia_1939_45,yes,yes,no
iia,el salvador,slv,"tobacco, unmanufactured",ha,,1934-1938,63000.0,iia_1939_45,yes,yes,
iia,el salvador,slv,"tobacco, unmanufactured",tonnes,,1934-1938,21000.0,iia_1939_45,yes,yes,no
iia,eritrea,eri,"tobacco, unmanufactured",tonnes,,1934-1938,2600.0,iia_1939_45,yes,yes,no
iia,eswatini,swz,"tobacco, unmanufactured",ha,,1934-1938,4000.0,iia_1939_45,yes,yes,
iia,eswatini,swz,"tobacco, unmanufactured",tonnes,,1934-1938,13700.0,iia_1939_45,yes,yes,no
iia,france,fra,"tobacco, unmanufactured",ha,,1934-1938,18000.0,iia_1939_45,yes,yes,
iia,france,fra,"tobacco, unmanufactured",tonnes,,1934-1938,3566700.0,iia_1939_45,yes,yes,yes
iia,germany,deu,"tobacco, unmanufactured",ha,,1934-1938,13000.0,iia_1939_45,yes,yes,
iia,germany,deu,"tobacco, unmanufactured",tonnes,,1934-1938,3360700.0,iia_1939_45,yes,yes,yes
iia,greece,grc,"tobacco, unmanufactured",ha,,1934-1938,89000.0,iia_1939_45,yes,yes,
iia,greece,grc,"tobacco, unmanufactured",tonnes,,1934-1938,5737600.0,iia_1939_45,yes,yes,yes
iia,guatemala,gtm,"tobacco, unmanufactured",ha,,1934-1938,2000.0,iia_1939_45,yes,yes,
iia,guatemala,gtm,"tobacco, unmanufactured",tonnes,,1934-1938,82200.0,iia_1939_45,yes,yes,no
iia,guinea,gin,"tobacco, unmanufactured",ha,,1934-1938,3000.0,iia_1939_45,yes,yes,
iia,guinea,gin,"tobacco, unmanufactured",tonnes,,1934-1938,20700.0,iia_1939_45,yes,yes,no
iia,honduras,hnd,"tobacco, unmanufactured",ha,,1934-1938,6000.0,iia_1939_45,yes,yes,
iia,honduras,hnd,"tobacco, unmanufactured",tonnes,,1934-1938,337300.0,iia_1939_45,yes,yes,no
iia,hungary,hun,"tobacco, unmanufactured",ha,,1934-1938,15000.0,iia_1939_45,yes,yes,
iia,hungary,hun,"tobacco, unmanufactured",tonnes,,1934-1938,2047600.0,iia_1939_45,yes,yes,yes
iia,indonesia,idn,"tobacco, unmanufactured",ha,,1934-1938,41000.0,iia_1939_45,yes,yes,
iia,indonesia,idn,"tobacco, unmanufactured",tonnes,,1934-1938,3471000.0,iia_1939_45,yes,yes,yes
iia,iran,irn,"tobacco, unmanufactured",ha,,1934-1938,12000.0,iia_1939_45,yes,yes,
iia,iran,irn,"tobacco, unmanufactured",tonnes,,1934-1938,1500000.0,iia_1939_45,yes,yes,yes
iia,iraq,irq,"tobacco, unmanufactured",ha,,1934-1938,4000.0,iia_1939_45,yes,yes,
iia,iraq,irq,"tobacco, unmanufactured",tonnes,,1934-1938,510700.0,iia_1939_45,yes,yes,yes
iia,ireland,irl,"tobacco, unmanufactured",tonnes,,1934-1938,18500.0,iia_1939_45,yes,yes,no
iia,israel,isr,"tobacco, unmanufactured",ha,,1934-1938,3000.0,iia_1939_45,yes,yes,
iia,israel,isr,"tobacco, unmanufactured",tonnes,,1934-1938,138600.0,iia_1939_45,yes,yes,no
iia,italy,ita,"tobacco, unmanufactured",ha,,1934-1938,33000.0,iia_1939_45,yes,yes,
iia,italy,ita,"tobacco, unmanufactured",tonnes,,1934-1938,4375800.0,iia_1939_45,yes,yes,yes
iia,ivory coast,civ,"tobacco, unmanufactured",ha,,1934-1938,2000.0,iia_1939_45,yes,yes,
iia,ivory coast,civ,"tobacco, unmanufactured",tonnes,,1934-1938,3000.0,iia_1939_45,yes,yes,no
iia,japan,jpn,"tobacco, unmanufactured",ha,,1934-1938,35000.0,iia_1939_45,yes,yes,
iia,japan,jpn,"tobacco, unmanufactured",tonnes,,1934-1938,6410500.0,iia_1939_45,yes,yes,yes
iia,jordan,jor,"tobacco, unmanufactured",tonnes,,1934-1938,4000.0,iia_1939_45,yes,yes,no
iia,lebanon,lbn,"tobacco, unmanufactured",ha,,1934-1938,2000.0,iia_1939_45,yes,yes,
iia,lebanon,lbn,"tobacco, unmanufactured",tonnes,,1934-1938,108000.0,iia_1939_45,yes,yes,no
iia,libya,lby,"tobacco, unmanufactured",tonnes,,1934-1938,75000.0,iia_1939_45,yes,yes,no
iia,madagascar,mdg,"tobacco, unmanufactured",ha,,1934-1938,7000.0,iia_1939_45,yes,yes,
iia,madagascar,mdg,"tobacco, unmanufactured",tonnes,,1934-1938,559200.0,iia_1939_45,yes,yes,yes
iia,malawi,mwi,"tobacco, unmanufactured",ha,,1934-1938,3000.0,iia_1939_45,yes,yes,
iia,malawi,mwi,"tobacco, unmanufactured",tonnes,,1934-1938,129900.0,iia_1939_45,yes,yes,no
iia,malaysia,mys,"tobacco, unmanufactured",ha,,1934-1938,2000.0,iia_1939_45,yes,yes,
iia,malaysia,mys,"tobacco, unmanufactured",tonnes,,1934-1938,16000.0,iia_1939_45,yes,yes,no
iia,mali,mli,"tobacco, unmanufactured",ha,,1934-1938,2000.0,iia_1939_45,yes,yes,
iia,mali,mli,"tobacco, unmanufactured",tonnes,,1934-1938,139000.0,iia_1939_45,yes,yes,no
iia,mauritania,mrt,"tobacco, unmanufactured",tonnes,,1934-1938,1600.0,iia_1939_45,yes,yes,no
iia,mauritius,mus,"tobacco, unmanufactured",tonnes,,1934-1938,30200.0,iia_1939_45,yes,yes,no
iia,mexico,mex,"tobacco, unmanufactured",ha,,1934-1938,18000.0,iia_1939_45,yes,yes,
iia,mexico,mex,"tobacco, unmanufactured",tonnes,,1934-1938,1543100.0,iia_1939_45,yes,yes,yes
iia,morocco,mar,"tobacco, unmanufactured",tonnes,,1934-1938,34700.0,iia_1939_45,yes,yes,no
iia,myanmar,mmr,"tobacco, unmanufactured",ha,,1934-1938,40000.0,iia_1939_45,yes,yes,
iia,myanmar,mmr,"tobacco, unmanufactured",tonnes,,1934-1938,4519600.0,iia_1939_45,yes,yes,yes
iia,new zealand,nzl,"tobacco, unmanufactured",ha,,1934-1938,1000.0,iia_1939_45,yes,yes,
iia,new zealand,nzl,"tobacco, unmanufactured",tonnes,,1934-1938,62000.0,iia_1939_45,yes,yes,no
iia,nicaragua,nic,"tobacco, unmanufactured",ha,,1934-1938,1000.0,iia_1939_45,yes,yes,
iia,nicaragua,nic,"tobacco, unmanufactured",tonnes,,1934-1938,55000.0,iia_1939_45,yes,yes,no
iia,niger,ner,"tobacco, unmanufactured",ha,,1934-1938,1000.0,iia_1939_45,yes,yes,
iia,niger,ner,"tobacco, unmanufactured",tonnes,,1934-1938,44900.0,iia_1939_45,yes,yes,no
iia,paraguay,pry,"tobacco, unmanufactured",ha,,1934-1938,9000.0,iia_1939_45,yes,yes,
iia,paraguay,pry,"tobacco, unmanufactured",tonnes,,1934-1938,765300.0,iia_1939_45,yes,yes,yes
iia,peru,per,"tobacco, unmanufactured",tonnes,,1934-1938,92500.0,iia_1939_45,yes,yes,no
iia,philippines,phl,"tobacco, unmanufactured",ha,,1934-1938,65000.0,iia_1939_45,yes,yes,
iia,philippines,phl,"tobacco, unmanufactured",tonnes,,1934-1938,3212700.0,iia_1939_45,yes,yes,yes
iia,poland,pol,"tobacco, unmanufactured",ha,,1934-1938,6000.0,iia_1939_45,yes,yes,
iia,poland,pol,"tobacco, unmanufactured",tonnes,,1934-1938,1137200.0,iia_1939_45,yes,yes,yes
iia,reunion,rafr,"tobacco, unmanufactured",ha,,1934-1938,108000.0,iia_1939_45,yes,yes,
iia,reunion,rafr,"tobacco, unmanufactured",tonnes,,1934-1938,19700.0,iia_1939_45,yes,yes,no
iia,romania,rou,"tobacco, unmanufactured",ha,,1934-1938,16000.0,iia_1939_45,yes,yes,
iia,romania,rou,"tobacco, unmanufactured",tonnes,,1934-1938,1132300.0,iia_1939_45,yes,yes,yes
iia,russian federation,rus,"tobacco, unmanufactured",ha,,1934-1938,199000.0,iia_1939_45,yes,yes,
iia,russian federation,rus,"tobacco, unmanufactured",tonnes,,1934-1938,22403500.0,iia_1939_45,yes,yes,yes
iia,serbia,srb,"tobacco, unmanufactured",ha,,1934-1938,15000.0,iia_1939_45,yes,yes,
iia,serbia,srb,"tobacco, unmanufactured",tonnes,,1934-1938,1348200.0,iia_1939_45,yes,yes,yes
iia,south africa,zaf,"tobacco, unmanufactured",ha,,1934-1938,14000.0,iia_1939_45,yes,yes,
iia,south africa,zaf,"tobacco, unmanufactured",tonnes,,1934-1938,913100.0,iia_1939_45,yes,yes,yes
iia,south korea,kor,"tobacco, unmanufactured",ha,,1934-1938,17000.0,iia_1939_45,yes,yes,
iia,south korea,kor,"tobacco, unmanufactured",tonnes,,1934-1938,2252500.0,iia_1939_45,yes,yes,yes
iia,spain,esp,"tobacco, unmanufactured",ha,,1934-1938,4000.0,iia_1939_45,yes,yes,
iia,spain,esp,"tobacco, unmanufactured",tonnes,,1934-1938,707100.0,iia_1939_45,yes,yes,yes
iia,sri lanka,lka,"tobacco, unmanufactured",ha,,1934-1938,6000.0,iia_1939_45,yes,yes,
iia,sri lanka,lka,"tobacco, unmanufactured",tonnes,,1934-1938,95400.0,iia_1939_45,yes,yes,no
iia,suriname,sur,"tobacco, unmanufactured",tonnes,,1934-1938,1000.0,iia_1939_45,yes,yes,no
iia,sweden,swe,"tobacco, unmanufactured",tonnes,,1934-1938,50300.0,iia_1939_45,yes,yes,no
iia,switzerland,che,"tobacco, unmanufactured",ha,,1934-1938,1000.0,iia_1939_45,yes,yes,
iia,switzerland,che,"tobacco, unmanufactured",tonnes,,1934-1938,106700.0,iia_1939_45,yes,yes,no
iia,syrian arab republic,syr,"tobacco, unmanufactured",ha,,1934-1938,4000.0,iia_1939_45,yes,yes,
iia,syrian arab republic,syr,"tobacco, unmanufactured",tonnes,,1934-1938,272200.0,iia_1939_45,yes,yes,no
iia,tanzania,tza,"tobacco, unmanufactured",ha,,1934-1938,2000.0,iia_1939_45,yes,yes,
iia,tanzania,tza,"tobacco, unmanufactured",tonnes,,1934-1938,24800.0,iia_1939_45,yes,yes,no
iia,thailand,tha,"tobacco, unmanufactured",ha,,1934-1938,10000.0,iia_1939_45,yes,yes,
iia,thailand,tha,"tobacco, unmanufactured",tonnes,,1934-1938,882800.0,iia_1939_45,yes,yes,yes
iia,tunisia,tun,"tobacco, unmanufactured",tonnes,,1934-1938,58100.0,iia_1939_45,yes,yes,no
iia,turkey,tur,"tobacco, unmanufactured",ha,,1934-1938,72000.0,iia_1939_45,yes,yes,
iia,turkey,tur,"tobacco, unmanufactured",tonnes,,1934-1938,5543300.0,iia_1939_45,yes,yes,yes
iia,united states of america,usa,"tobacco, unmanufactured",ha,,1934-1938,627000.0,iia_1939_45,yes,yes,
iia,united states of america,usa,"tobacco, unmanufactured",tonnes,,1934-1938,60387500.0,iia_1939_45,yes,yes,yes
iia,uruguay,ury,"tobacco, unmanufactured",ha,,1934-1938,1000.0,iia_1939_45,yes,yes,
iia,uruguay,ury,"tobacco, unmanufactured",tonnes,,1934-1938,54000.0,iia_1939_45,yes,yes,no
iia,venezuela,ven,"tobacco, unmanufactured",ha,,1934-1938,8000.0,iia_1939_45,yes,yes,
iia,venezuela,ven,"tobacco, unmanufactured",tonnes,,1934-1938,322100.0,iia_1939_45,yes,yes,no
iia,viet nam,vnm,"tobacco, unmanufactured",ha,,1934-1938,2000.0,iia_1939_45,yes,yes,
iia,viet nam,vnm,"tobacco, unmanufactured",tonnes,,1934-1938,168700.0,iia_1939_45,yes,yes,no
iia,zambia,zmb,"tobacco, unmanufactured",ha,,1934-1938,2000.0,iia_1939_45,yes,yes,
iia,zambia,zmb,"tobacco, unmanufactured",tonnes,,1934-1938,73800.0,iia_1939_45,yes,yes,no
iia,zimbabwe,zwe,"tobacco, unmanufactured",ha,,1934-1938,19000.0,iia_1939_45,yes,yes,
iia,zimbabwe,zwe,"tobacco, unmanufactured",tonnes,,1934-1938,1050600.0,iia_1939_45,yes,yes,yes
iia,albania,alb,wheat,ha,,1934-1938,2000.0,iia_1939_45,yes,no,
iia,albania,alb,wheat,tonnes,,1934-1938,1800.0,iia_1939_45,yes,no,
iia,austria,aut,wheat,ha,,1934-1938,9000.0,iia_1939_45,yes,no,
iia,austria,aut,wheat,tonnes,,1934-1938,13500.0,iia_1939_45,yes,no,
iia,belgium,bel,wheat,ha,,1934-1938,12000.0,iia_1939_45,yes,no,
iia,belgium,bel,wheat,tonnes,,1934-1938,23700.0,iia_1939_45,yes,no,
iia,bulgaria,bgr,wheat,ha,,1934-1938,10000.0,iia_1939_45,yes,no,
iia,bulgaria,bgr,wheat,tonnes,,1934-1938,9800.0,iia_1939_45,yes,no,
iia,canada,can,wheat,ha,,1934-1938,472000.0,iia_1939_45,yes,no,
iia,canada,can,wheat,tonnes,,1934-1938,781000.0,iia_1939_45,yes,no,
iia,czech republic,cze,wheat,ha,,1934-1938,6000.0,iia_1939_45,yes,no,
iia,czech republic,cze,wheat,tonnes,,1934-1938,9500.0,iia_1939_45,yes,no,
iia,denmark,dnk,wheat,ha,,1934-1938,322000.0,iia_1939_45,yes,no,
iia,denmark,dnk,wheat,tonnes,,1934-1938,769200.0,iia_1939_45,yes,no,
iia,estonia,est,wheat,ha,,1934-1938,81000.0,iia_1939_45,yes,no,
iia,estonia,est,wheat,tonnes,,1934-1938,94300.0,iia_1939_45,yes,no,
iia,finland,fin,wheat,ha,,1934-1938,13000.0,iia_1939_45,yes,no,
iia,finland,fin,wheat,tonnes,,1934-1938,21700.0,iia_1939_45,yes,no,
iia,france,fra,wheat,ha,,1934-1938,74000.0,iia_1939_45,yes,no,
iia,france,fra,wheat,tonnes,,1934-1938,95600.0,iia_1939_45,yes,no,
iia,germany,deu,wheat,ha,,1934-1938,73000.0,iia_1939_45,yes,no,
iia,germany,deu,wheat,tonnes,,1934-1938,115100.0,iia_1939_45,yes,no,
iia,greece,grc,wheat,ha,,1934-1938,56000.0,iia_1939_45,yes,no,
iia,greece,grc,wheat,tonnes,,1934-1938,38700.0,iia_1939_45,yes,no,
iia,latvia,lva,wheat,ha,,1934-1938,75000.0,iia_1939_45,yes,no,
iia,latvia,lva,wheat,tonnes,,1934-1938,105000.0,iia_1939_45,yes,no,
iia,lithuania,ltu,wheat,ha,,1934-1938,108000.0,iia_1939_45,yes,no,
iia,lithuania,ltu,wheat,tonnes,,1934-1938,133500.0,iia_1939_45,yes,no,
iia,luxembourg,lux,wheat,ha,,1934-1938,2000.0,iia_1939_45,yes,no,
iia,luxembourg,lux,wheat,tonnes,,1934-1938,3500.0,iia_1939_45,yes,no,
iia,norway,nor,wheat,ha,,1934-1938,5000.0,iia_1939_45,yes,no,
iia,norway,nor,wheat,tonnes,,1934-1938,9700.0,iia_1939_45,yes,no,
iia,poland,pol,wheat,ha,,1934-1938,141000.0,iia_1939_45,yes,no,
iia,poland,pol,wheat,tonnes,,1934-1938,171900.0,iia_1939_45,yes,no,
iia,russian federation,rus,wheat,ha,,1934-1938,66000.0,iia_1939_45,yes,no,
iia,russian federation,rus,wheat,tonnes,,1934-1938,95300.0,iia_1939_45,yes,no,
iia,serbia,srb,wheat,ha,,1934-1938,17000.0,iia_1939_45,yes,no,
iia,serbia,srb,wheat,tonnes,,1934-1938,12300.0,iia_1939_45,yes,no,
iia,spain,esp,wheat,ha,,1934-1938,533000.0,iia_1939_45,yes,no,
iia,spain,esp,wheat,tonnes,,1934-1938,27600.0,iia_1939_45,yes,no,
iia,sweden,swe,wheat,ha,,1934-1938,251000.0,iia_1939_45,yes,no,
iia,sweden,swe,wheat,tonnes,,1934-1938,559500.0,iia_1939_45,yes,no,
iia,switzerland,che,wheat,ha,,1934-1938,12000.0,iia_1939_45,yes,no,
iia,switzerland,che,wheat,tonnes,,1934-1938,27300.0,iia_1939_45,yes,no,
iia,turkey,tur,wheat,ha,,1934-1938,105000.0,iia_1939_45,yes,no,
iia,turkey,tur,wheat,tonnes,,1934-1938,88400.0,iia_1939_45,yes,no,
iia,united kingdom,gbr,wheat,ha,,1934-1938,38000.0,iia_1939_45,yes,no,
iia,united kingdom,gbr,wheat,tonnes,,1934-1938,75600.0,iia_1939_45,yes,no,
iia,algeria,dza,wine,ha,,1934-1938,394000.0,iia_1939_45,yes,no,
iia,algeria,dza,wine,tonnes,,1934-1938,1734263.0,iia_1939_45,yes,no,
iia,argentina,arg,wine,ha,,1934-1938,140000.0,iia_1939_45,yes,no,
iia,argentina,arg,wine,tonnes,,1934-1938,658436.0,iia_1939_45,yes,no,
iia,australia,aus,wine,ha,,1934-1938,20000.0,iia_1939_45,yes,no,
iia,australia,aus,wine,tonnes,,1934-1938,78958.0,iia_1939_45,yes,no,
iia,austria,aut,wine,ha,,1934-1938,29000.0,iia_1939_45,yes,no,
iia,austria,aut,wine,tonnes,,1934-1938,98843.0,iia_1939_45,yes,no,
iia,brazil,bra,wine,tonnes,,1934-1938,78667.0,iia_1939_45,yes,no,
iia,bulgaria,bgr,wine,ha,,1934-1938,89000.0,iia_1939_45,yes,no,
iia,bulgaria,bgr,wine,tonnes,,1934-1938,158110.0,iia_1939_45,yes,no,
iia,canada,can,wine,tonnes,,1934-1938,11543.0,iia_1939_45,yes,no,
iia,chile,chl,wine,ha,,1934-1938,92000.0,iia_1939_45,yes,no,
iia,chile,chl,wine,tonnes,,1934-1938,303901.0,iia_1939_45,yes,no,
iia,cyprus,cyp,wine,tonnes,,1934-1938,14841.0,iia_1939_45,yes,no,
iia,czech republic,cze,wine,ha,,1934-1938,19000.0,iia_1939_45,yes,no,
iia,czech republic,cze,wine,tonnes,,1934-1938,48500.0,iia_1939_45,yes,no,
iia,france,fra,wine,ha,,1934-1938,1529000.0,iia_1939_45,yes,no,
iia,france,fra,wine,tonnes,,1934-1938,6076565.0,iia_1939_45,yes,no,
iia,germany,deu,wine,ha,,1934-1938,73000.0,iia_1939_45,yes,no,
iia,germany,deu,wine,tonnes,,1934-1938,306423.0,iia_1939_45,yes,no,
iia,greece,grc,wine,ha,,1934-1938,155000.0,iia_1939_45,yes,no,
iia,greece,grc,wine,tonnes,,1934-1938,30264.0,iia_1939_45,yes,no,
iia,hungary,hun,wine,ha,,1934-1938,189000.0,iia_1939_45,yes,no,
iia,hungary,hun,wine,tonnes,,1934-1938,323204.0,iia_1939_45,yes,no,
iia,iran,irn,wine,tonnes,,1934-1938,970.0,iia_1939_45,yes,no,
iia,israel,isr,wine,tonnes,,1934-1938,2425.0,iia_1939_45,yes,no,
iia,italy,ita,wine,ha,,1934-1938,920000.0,iia_1939_45,yes,no,
iia,italy,ita,wine,tonnes,,1934-1938,5683424.0,iia_1939_45,yes,no,
iia,japan,jpn,wine,tonnes,,1934-1938,582.0,iia_1939_45,yes,no,
iia,lebanon,lbn,wine,tonnes,,1934-1938,485.0,iia_1939_45,yes,no,
iia,libya,lby,wine,ha,,1934-1938,4000.0,iia_1939_45,yes,no,
iia,libya,lby,wine,tonnes,,1934-1938,3686.0,iia_1939_45,yes,no,
iia,luxembourg,lux,wine,ha,,1934-1938,1000.0,iia_1939_45,yes,no,
iia,luxembourg,lux,wine,tonnes,,1934-1938,7663.0,iia_1939_45,yes,no,
iia,madagascar,mdg,wine,ha,,1934-1938,1000.0,iia_1939_45,yes,no,
iia,madagascar,mdg,wine,tonnes,,1934-1938,291.0,iia_1939_45,yes,no,
iia,malta,mlt,wine,ha,,1934-1938,1000.0,iia_1939_45,yes,no,
iia,malta,mlt,wine,tonnes,,1934-1938,2425.0,iia_1939_45,yes,no,
iia,morocco,mar,wine,ha,,1934-1938,18000.0,iia_1939_45,yes,no,
iia,morocco,mar,wine,tonnes,,1934-1938,52865.0,iia_1939_45,yes,no,
iia,new zealand,nzl,wine,ha,,1934-1938,1000.0,iia_1939_45,yes,no,
iia,new zealand,nzl,wine,tonnes,,1934-1938,291.0,iia_1939_45,yes,no,
iia,peru,per,wine,ha,,1934-1938,6000.0,iia_1939_45,yes,no,
iia,peru,per,wine,tonnes,,1934-1938,10864.0,iia_1939_45,yes,no,
iia,portugal,prt,wine,tonnes,,1934-1938,773090.0,iia_1939_45,yes,no,
iia,romania,rou,wine,ha,,1934-1938,245000.0,iia_1939_45,yes,no,
iia,romania,rou,wine,tonnes,,1934-1938,901227.0,iia_1939_45,yes,no,
iia,russian federation,rus,wine,ha,,1934-1938,260000.0,iia_1939_45,yes,no,
iia,russian federation,rus,wine,tonnes,,1934-1938,485000.0,iia_1939_45,yes,no,
iia,serbia,srb,wine,ha,,1934-1938,211000.0,iia_1939_45,yes,no,
iia,serbia,srb,wine,tonnes,,1934-1938,428255.0,iia_1939_45,yes,no,
iia,south africa,zaf,wine,ha,,1934-1938,35000.0,iia_1939_45,yes,no,
iia,south africa,zaf,wine,tonnes,,1934-1938,128816.0,iia_1939_45,yes,no,
iia,spain,esp,wine,ha,,1934-1938,1357000.0,iia_1939_45,yes,no,
iia,spain,esp,wine,tonnes,,1934-1938,1868414.0,iia_1939_45,yes,no,
iia,switzerland,che,wine,tonnes,,1934-1938,63050.0,iia_1939_45,yes,no,
iia,syrian arab republic,syr,wine,tonnes,,1934-1938,3395.0,iia_1939_45,yes,no,
iia,tunisia,tun,wine,ha,,1934-1938,43000.0,iia_1939_45,yes,no,
iia,tunisia,tun,wine,tonnes,,1934-1938,160244.0,iia_1939_45,yes,no,
iia,turkey,tur,wine,tonnes,,1934-1938,97000.0,iia_1939_45,yes,no,
iia,united states of america,usa,wine,ha,,1934-1938,70000.0,iia_1939_45,yes,no,
iia,united states of america,usa,wine,tonnes,,1934-1938,83226.0,iia_1939_45,yes,no,
iia,uruguay,ury,wine,ha,,1934-1938,16000.0,iia_1939_45,yes,no,
iia,uruguay,ury,wine,tonnes,,1934-1938,57133.0,iia_1939_45,yes,no,
