reporter_code,reporter,partner_code,partner,item_code,item,year,exp_t,imp_t,ratio,prod_t,reporter_imports_t,avail_t,exp_over_avail,imp_over_avail,impossible_side,plausible_side,whep_keeps_plausible
211,Switzerland,105,Israel,236,Soya beans,2005,1.0,208923.0,208923.0,4000.0,48624.0,52624.0,0.0,3.97,importer,exporter,true
104,Ireland,173,Poland,889,"Whole milk, condensed",2015,2.5,30743.6,12297.44,80.0,4848.83,4928.83,0.001,6.238,importer,exporter,true
147,Namibia,144,Mozambique,51,"Beer of barley, malted",2016,177.76,1800140.74,10126.804,270000.0,13843.439999999999,283843.44,0.001,6.342,importer,exporter,true
27,Bulgaria,203,Spain,108,Cereals n.e.c.,2014,1.35,13264.0,9825.185,217.0,243.59999999999997,460.59999999999997,0.003,28.797,importer,exporter,true
202,South Africa,144,Mozambique,1062,"Hen eggs in shell, fresh",2016,9725.93,94560246.43,9722.489,477934.0,0.48,477934.48,0.02,197.852,importer,exporter,true
130,Malawi,144,Mozambique,1062,"Hen eggs in shell, fresh",2016,1229.76,10222222.22,8312.372,22576.24,12.15,22588.390000000003,0.054,452.543,importer,exporter,true
174,Portugal,144,Mozambique,51,"Beer of barley, malted",2016,3573.81,29199427.25,8170.392,647500.0,59754.659999999996,707254.66,0.005,41.286,importer,exporter,true
223,Türkiye,106,Italy,187,"Peas, dry",1987,3.0,23383.0,7794.333,5000.0,0.0,5000.0,0.001,4.677,importer,exporter,true
10,Australia,200,Singapore,869,"Cattle fat, unrendered",2021,32.61,239767.59,7352.579,113624.52,0.02,113624.54000000001,0.0,2.11,importer,exporter,true
106,Italy,79,Germany,894,"Whole milk, evaporated",2009,1.0,6541.0,6541.0,1100.0,1406.0,2506.0,0.0,2.61,importer,exporter,true
158,Niger,41,"China, mainland",289,Sesame seed,2020,35.0,177642.0,5075.486,88189.1,0.08,88189.18000000001,0.0,2.014,importer,exporter,true
138,Mexico,231,United States of America,512,"Other citrus fruit, n.e.c.",1994,15.0,72003.0,4800.2,4048.0,0.0,4048.0,0.004,17.787,importer,exporter,true
138,Mexico,231,United States of America,512,"Other citrus fruit, n.e.c.",1997,12.0,56319.0,4693.25,4035.0,0.0,4035.0,0.003,13.958,importer,exporter,true
15,Belgium-Luxembourg,229,United Kingdom of Great Britain and Northern Ireland,523,Quinces,1995,1.0,3773.0,3773.0,590.0,366.0,956.0,0.001,3.947,importer,exporter,true
68,France,150,Netherlands (Kingdom of the),281,"Safflower-seed oil, crude",2006,1.0,3147.0,3147.0,376.95,114.0,490.95,0.002,6.41,importer,exporter,true
108,Kazakhstan,2,Afghanistan,339,"Other oil seeds, n.e.c.",2017,16.98,45491.2,2679.105,12948.53,348.39,13296.92,0.001,3.421,importer,exporter,true
104,Ireland,229,United Kingdom of Great Britain and Northern Ireland,331,Cottonseed oil,2005,1.0,2580.0,2580.0,0.0,26.0,26.0,0.038,99.231,importer,exporter,true
119,Latvia,167,Czechia,1091,"Eggs from other birds in shell, fresh, n.e.c.",2017,1.39,3582.05,2577.014,1.0,2.08,3.08,0.451,1163.003,importer,exporter,true
150,Netherlands (Kingdom of the),255,Belgium,60,Oil of maize,2004,6.0,14811.0,2468.5,0.0,2548.0,2548.0,0.002,5.813,importer,exporter,true
183,Romania,27,Bulgaria,897,Whole milk powder,2017,4.0,9549.68,2387.42,880.0,2026.27,2906.27,0.001,3.286,importer,exporter,true
66,Fiji,156,New Zealand,149,"Edible roots and tubers with high starch or inulin content, n.e.c., fresh",1994,7.0,12728.0,1818.286,860.0,2.0,862.0,0.008,14.766,importer,exporter,true
150,Netherlands (Kingdom of the),107,Côte d'Ivoire,402,"Onions and shallots, green",2017,66.7,107876.34,1617.336,45003.94,5113.18,50117.12,0.001,2.152,importer,exporter,true
104,Ireland,229,United Kingdom of Great Britain and Northern Ireland,331,Cottonseed oil,2006,2.0,2927.0,1463.5,0.0,4.0,4.0,0.5,731.75,importer,exporter,true
202,South Africa,144,Mozambique,51,"Beer of barley, malted",2016,33302.36,42628425.91,1280.042,3200000.0,66052.15,3266052.15,0.01,13.052,importer,exporter,true
255,Belgium,150,Netherlands (Kingdom of the),677,Hop cones,2011,2.0,2536.0,1268.0,229.0,912.0,1141.0,0.002,2.223,importer,exporter,true
106,Italy,68,France,894,"Whole milk, evaporated",2007,6.0,7384.0,1230.667,1100.0,2341.0,3441.0,0.002,2.146,importer,exporter,true
216,Thailand,131,Malaysia,889,"Whole milk, condensed",2004,51.0,61450.0,1204.902,22500.0,250.0,22750.0,0.002,2.701,importer,exporter,true
256,Luxembourg,79,Germany,898,Skim milk and whey powder,2014,2.0,2354.8,1177.4,0.0,885.0600000000001,885.0600000000001,0.002,2.661,importer,exporter,true
156,New Zealand,200,Singapore,889,"Whole milk, condensed",1997,7.0,7762.0,1108.857,500.0,701.0,1201.0,0.006,6.463,importer,exporter,true
225,United Arab Emirates,102,Iran (Islamic Republic of),486,Bananas,2005,357.0,364810.0,1021.877,200.0,2553.0,2753.0,0.13,132.514,importer,exporter,true
255,Belgium,150,Netherlands (Kingdom of the),677,Hop cones,2012,3.0,3045.0,1015.0,361.0,1034.0,1395.0,0.002,2.183,importer,exporter,true
138,Mexico,231,United States of America,402,"Onions and shallots, green",1995,195282.0,2.0,97641.0,71919.0,12936.0,84855.0,2.301,0.0,exporter,importer,false
11,Austria,79,Germany,900,"Whey, dry",1991,35712.0,1.0,35712.0,0.0,691.0,691.0,51.682,0.001,exporter,importer,false
166,Panama,231,United States of America,463,"Other vegetables, fresh n.e.c.",2007,27911.0,2.0,13955.5,6292.0,115.0,6407.0,4.356,0.0,exporter,importer,false
166,Panama,231,United States of America,463,"Other vegetables, fresh n.e.c.",2008,24524.0,2.0,12262.0,6410.0,157.0,6567.0,3.734,0.0,exporter,importer,false
255,Belgium,150,Netherlands (Kingdom of the),181,"Broad beans and horse beans, dry",2008,11621.0,1.0,11621.0,1500.0,1284.0,2784.0,4.174,0.0,exporter,importer,false
156,New Zealand,231,United States of America,603,"Other tropical fruits, n.e.c.",1987,18017.0,3.0,6005.667,3500.0,349.0,3849.0,4.681,0.001,exporter,importer,false
156,New Zealand,231,United States of America,603,"Other tropical fruits, n.e.c.",1986,9099.0,2.0,4549.5,3000.0,196.0,3196.0,2.847,0.001,exporter,importer,false
173,Poland,126,Lithuania,1166,"Other meat n.e.c. (excluding mammals), fresh, chilled or frozen",2013,4322.0,1.0,4322.0,1498.75,72.0,1570.75,2.752,0.001,exporter,importer,false
97,Hungary,106,Italy,868,"Edible offal of cattle, fresh, chilled or frozen",2017,13074.03,3.26,4010.439,1877.47,1226.55,3104.02,4.212,0.001,exporter,importer,false
114,Kenya,229,United Kingdom of Great Britain and Northern Ireland,420,"Broad beans and horse beans, green",2018,3415.64,1.35,2530.104,1184.0,2.51,1186.51,2.879,0.001,exporter,importer,false
10,Australia,231,United States of America,334,Oil of linseed,2018,7090.34,3.31,2142.097,2200.0,1301.67,3501.67,2.025,0.001,exporter,importer,false
210,Sweden,63,Estonia,558,Other berries and fruits of the genus vaccinium n.e.c.,2011,2097.0,1.0,2097.0,20.0,696.0,716.0,2.929,0.001,exporter,importer,false
255,Belgium,150,Netherlands (Kingdom of the),181,"Broad beans and horse beans, dry",2007,8787.0,5.0,1757.4,1900.0,1300.0,3200.0,2.746,0.002,exporter,importer,false
95,Honduras,231,United States of America,401,"Chillies and peppers, green (Capsicum spp. and Pimenta spp.)",2002,10487.0,6.0,1747.833,3758.0,57.0,3815.0,2.749,0.002,exporter,importer,false
207,Suriname,69,French Guiana,490,Oranges,1988,30036.0,18.0,1668.667,10013.0,0.0,10013.0,3.0,0.002,exporter,importer,false
27,Bulgaria,183,Romania,446,Green corn (maize),2012,11940.0,8.0,1492.5,646.0,1491.0,2137.0,5.587,0.004,exporter,importer,false
114,Kenya,229,United Kingdom of Great Britain and Northern Ireland,393,Cauliflowers and broccoli,2003,7135.0,6.0,1189.167,2320.0,0.0,2320.0,3.075,0.003,exporter,importer,false
166,Panama,231,United States of America,463,"Other vegetables, fresh n.e.c.",2002,21046.0,21.0,1002.19,5627.0,65.0,5692.0,3.697,0.004,exporter,importer,false
10,Australia,117,Republic of Korea,162,Raw cane or beet sugar (centrifugal only),2005,1.0,1010406.0,1010406.0,5234000.0,2583.0,5236583.0,0.0,0.193,none,undetermined,unknown
10,Australia,131,Malaysia,162,Raw cane or beet sugar (centrifugal only),2000,1.0,802053.0,802053.0,5448000.0,2783.0,5450783.0,0.0,0.147,none,undetermined,unknown
150,Netherlands (Kingdom of the),102,Iran (Islamic Republic of),56,Maize (corn),2017,1.75,1398383.25,799076.143,116711.0,5200616.3100000005,5317327.3100000005,0.0,0.263,none,undetermined,unknown
10,Australia,131,Malaysia,162,Raw cane or beet sugar (centrifugal only),2001,1.0,762050.0,762050.0,4162000.0,3443.0,4165443.0,0.0,0.183,none,undetermined,unknown
10,Australia,117,Republic of Korea,162,Raw cane or beet sugar (centrifugal only),1994,1.0,674753.0,674753.0,4300000.0,0.0,4300000.0,0.0,0.157,none,undetermined,unknown
101,Indonesia,200,Singapore,257,Palm oil,2006,631603.0,1.0,631603.0,17350848.0,11415.0,17362263.0,0.036,0.0,none,undetermined,unknown
10,Australia,131,Malaysia,162,Raw cane or beet sugar (centrifugal only),2009,1.0,571013.0,571013.0,4634000.0,32024.0,4666024.0,0.0,0.122,none,undetermined,unknown
10,Australia,131,Malaysia,162,Raw cane or beet sugar (centrifugal only),2008,1.0,497331.0,497331.0,4763435.0,2893.0,4766328.0,0.0,0.104,none,undetermined,unknown
10,Australia,110,Japan,44,Barley,1997,2.0,828739.0,414369.5,6482000.0,0.0,6482000.0,0.0,0.128,none,undetermined,unknown
10,Australia,131,Malaysia,162,Raw cane or beet sugar (centrifugal only),2013,1.0,312005.0,312005.0,4300000.0,32887.0,4332887.0,0.0,0.072,none,undetermined,unknown
10,Australia,101,Indonesia,162,Raw cane or beet sugar (centrifugal only),2016,3.05,896430.5,293911.639,5058000.0,57871.49,5115871.49,0.0,0.175,none,undetermined,unknown
21,Brazil,225,United Arab Emirates,162,Raw cane or beet sugar (centrifugal only),2015,559747.73,2.08,269109.486,35194000.0,8.190000000000001,35194008.19,0.016,0.0,none,undetermined,unknown
10,Australia,131,Malaysia,162,Raw cane or beet sugar (centrifugal only),2007,2.0,461024.0,230512.0,5026332.0,2005.0,5028337.0,0.0,0.092,none,undetermined,unknown
33,Canada,109,Jamaica,15,Wheat,2007,226980.0,1.0,226980.0,20090400.0,25125.0,20115525.0,0.011,0.0,none,undetermined,unknown
10,Australia,101,Indonesia,162,Raw cane or beet sugar (centrifugal only),2012,1.0,220950.0,220950.0,3683000.0,86107.0,3769107.0,0.0,0.059,none,undetermined,unknown
10,Australia,41,"China, mainland",162,Raw cane or beet sugar (centrifugal only),1994,3.0,641825.0,213941.667,4300000.0,0.0,4300000.0,0.0,0.149,none,undetermined,unknown
230,Ukraine,203,Spain,268,"Sunflower-seed oil, crude",2007,1.0,191382.0,191382.0,2228380.0,236.0,2228616.0,0.0,0.086,none,undetermined,unknown
10,Australia,131,Malaysia,162,Raw cane or beet sugar (centrifugal only),2002,4.0,723040.0,180760.0,4987000.0,4530.0,4991530.0,0.0,0.145,none,undetermined,unknown
231,United States of America,157,Nicaragua,27,Rice,2005,180127.0,1.0,180127.0,10107540.0,20.0,10107560.0,0.018,0.0,none,undetermined,unknown
10,Australia,101,Indonesia,162,Raw cane or beet sugar (centrifugal only),2009,1.0,180001.0,180001.0,4634000.0,32024.0,4666024.0,0.0,0.039,none,undetermined,unknown
44,Colombia,33,Canada,486,Bananas,2005,1.0,163714.0,163714.0,1798709.0,5800.0,1804509.0,0.0,0.091,none,undetermined,unknown
150,Netherlands (Kingdom of the),84,Greece,15,Wheat,2000,1.0,154642.0,154642.0,1142700.0,2361599.0,3504299.0,0.0,0.044,none,undetermined,unknown
10,Australia,150,Netherlands (Kingdom of the),270,Rape or colza seed,2021,250664.2,1.68,149204.881,6820286.77,1428.66,6821715.43,0.037,0.0,none,undetermined,unknown
150,Netherlands (Kingdom of the),105,Israel,56,Maize (corn),2005,2.0,283800.0,141900.0,183000.0,2223668.0,2406668.0,0.0,0.118,none,undetermined,unknown
10,Australia,131,Malaysia,162,Raw cane or beet sugar (centrifugal only),2005,5.0,700932.0,140186.4,5234000.0,2583.0,5236583.0,0.0,0.134,none,undetermined,unknown
101,Indonesia,79,Germany,252,Coconut oil,2013,1.0,134451.0,134451.0,919931.0,2321.0,922252.0,0.0,0.146,none,undetermined,unknown
230,Ukraine,105,Israel,44,Barley,2012,129457.0,1.0,129457.0,6936400.0,25202.0,6961602.0,0.019,0.0,none,undetermined,unknown
48,Costa Rica,33,Canada,486,Bananas,2007,1.0,125272.0,125272.0,2079106.0,24121.0,2103227.0,0.0,0.06,none,undetermined,unknown
10,Australia,131,Malaysia,162,Raw cane or beet sugar (centrifugal only),2014,1.84,222000.0,120652.174,4364000.0,112552.46,4476552.46,0.0,0.05,none,undetermined,unknown
10,Australia,110,Japan,162,Raw cane or beet sugar (centrifugal only),2001,5.0,589845.0,117969.0,4162000.0,3443.0,4165443.0,0.0,0.142,none,undetermined,unknown
10,Australia,200,Singapore,162,Raw cane or beet sugar (centrifugal only),1988,1.0,117608.0,117608.0,3678841.0,10.0,3678851.0,0.0,0.032,none,undetermined,unknown
79,Germany,102,Iran (Islamic Republic of),237,Soya bean oil,2010,1.0,117462.0,117462.0,579200.0,69221.0,648421.0,0.0,0.181,none,undetermined,unknown
10,Australia,200,Singapore,162,Raw cane or beet sugar (centrifugal only),1986,1.0,112607.0,112607.0,3371000.0,30.0,3371030.0,0.0,0.033,none,undetermined,unknown
225,United Arab Emirates,249,Yemen,15,Wheat,2005,1.0,110541.0,110541.0,24.0,1576628.0,1576652.0,0.0,0.07,none,undetermined,unknown
100,India,144,Mozambique,162,Raw cane or beet sugar (centrifugal only),2016,1.9,208668.0,109825.263,27385000.0,2117200.08,29502200.08,0.0,0.007,none,undetermined,unknown
48,Costa Rica,33,Canada,486,Bananas,2004,1.0,106132.0,106132.0,1814123.0,944.0,1815067.0,0.0,0.058,none,undetermined,unknown
10,Australia,200,Singapore,1225,Tallow,2013,308889.0,3.0,102963.0,548000.0,849.0,548849.0,0.563,0.0,none,undetermined,unknown
150,Netherlands (Kingdom of the),105,Israel,56,Maize (corn),2006,1.0,101748.0,101748.0,181200.0,2397416.0,2578616.0,0.0,0.039,none,undetermined,unknown
21,Brazil,211,Switzerland,56,Maize (corn),2001,290745.0,3.0,96915.0,41962475.0,624362.0,42586837.0,0.007,0.0,none,undetermined,unknown
44,Colombia,33,Canada,486,Bananas,1996,1.0,94127.0,94127.0,1491109.0,48902.0,1540011.0,0.0,0.061,none,undetermined,unknown
48,Costa Rica,33,Canada,486,Bananas,2005,1.0,92667.0,92667.0,1629373.0,2355.0,1631728.0,0.0,0.057,none,undetermined,unknown
44,Colombia,33,Canada,486,Bananas,2013,1.0,84700.0,84700.0,2026811.0,2757.0,2029568.0,0.0,0.042,none,undetermined,unknown
131,Malaysia,200,Singapore,661,Cocoa beans,2018,88626.7,1.1,80569.727,826.0,345489.24,346315.24,0.256,0.0,none,undetermined,unknown
10,Australia,110,Japan,162,Raw cane or beet sugar (centrifugal only),2004,6.0,465417.0,77569.5,4994000.0,4997.0,4998997.0,0.0,0.093,none,undetermined,unknown
10,Australia,156,New Zealand,162,Raw cane or beet sugar (centrifugal only),1987,1.0,76851.0,76851.0,3439000.0,16.0,3439016.0,0.0,0.022,none,undetermined,unknown
185,Russian Federation,194,Saudi Arabia,15,Wheat,2003,75559.0,1.0,75559.0,34069788.0,640680.0,34710468.0,0.002,0.0,none,undetermined,unknown
10,Australia,200,Singapore,162,Raw cane or beet sugar (centrifugal only),1991,2.0,147006.0,73503.0,3514522.0,1443.0,3515965.0,0.0,0.042,none,undetermined,unknown
101,Indonesia,79,Germany,252,Coconut oil,2014,1.53,111522.1,72890.261,911100.0,137.7,911237.7,0.0,0.122,none,undetermined,unknown
150,Netherlands (Kingdom of the),84,Greece,15,Wheat,1999,1.0,71389.0,71389.0,851400.0,3075554.0,3926954.0,0.0,0.018,none,undetermined,unknown
10,Australia,101,Indonesia,162,Raw cane or beet sugar (centrifugal only),2021,19.04,1331388.0,69925.84,4335000.0,2707.18,4337707.18,0.0,0.307,none,undetermined,unknown
10,Australia,231,United States of America,162,Raw cane or beet sugar (centrifugal only),2006,2.0,135040.0,67520.0,5063000.0,1381.0,5064381.0,0.0,0.027,none,undetermined,unknown
54,Denmark,110,Japan,1035,"Meat of pig with the bone, fresh or chilled",1999,192798.0,3.0,64266.0,1641800.0,36177.0,1677977.0,0.115,0.0,none,undetermined,unknown
56,Dominican Republic,229,United Kingdom of Great Britain and Northern Ireland,489,Plantains and cooking bananas,2017,84661.89,1.33,63655.556,1036268.0,0.4,1036268.4,0.082,0.0,none,undetermined,unknown
216,Thailand,237,Viet Nam,603,"Other tropical fruits, n.e.c.",2020,79350.16,1.28,61992.312,2917360.0,3079.24,2920439.24,0.027,0.0,none,undetermined,unknown
10,Australia,101,Indonesia,162,Raw cane or beet sugar (centrifugal only),2011,5.0,300228.0,60045.6,3610000.0,102367.0,3712367.0,0.0,0.081,none,undetermined,unknown
230,Ukraine,97,Hungary,187,"Peas, dry",2004,59996.0,1.0,59996.0,636300.0,870.0,637170.0,0.094,0.0,none,undetermined,unknown
150,Netherlands (Kingdom of the),106,Italy,15,Wheat,2002,1.0,58881.0,58881.0,1056640.0,3779565.0,4836205.0,0.0,0.012,none,undetermined,unknown
150,Netherlands (Kingdom of the),100,India,237,Soya bean oil,2021,3.44,199893.94,58108.703,621100.0,78209.0,699309.0,0.0,0.286,none,undetermined,unknown
10,Australia,101,Indonesia,162,Raw cane or beet sugar (centrifugal only),2018,15.93,922897.0,57934.526,4480000.0,2518.89,4482518.89,0.0,0.206,none,undetermined,unknown
131,Malaysia,200,Singapore,661,Cocoa beans,2021,95254.7,1.69,56363.728,537.0,478786.68,479323.68,0.199,0.0,none,undetermined,unknown
106,Italy,68,France,890,"Whey, condensed",1998,56223.0,1.0,56223.0,69650.0,1712.0,71362.0,0.788,0.0,none,undetermined,unknown
10,Australia,156,New Zealand,162,Raw cane or beet sugar (centrifugal only),1990,1.0,55213.0,55213.0,3681000.0,1490.0,3682490.0,0.0,0.015,none,undetermined,unknown
126,Lithuania,185,Russian Federation,388,Tomatoes,2014,55692.7,1.01,55141.287,11978.0,102659.5,114637.5,0.486,0.0,none,undetermined,unknown
231,United States of America,79,Germany,270,Rape or colza seed,1994,54237.0,1.0,54237.0,208670.0,409896.0,618566.0,0.088,0.0,none,undetermined,unknown
10,Australia,101,Indonesia,162,Raw cane or beet sugar (centrifugal only),2010,3.0,161100.0,53700.0,4519000.0,28812.0,4547812.0,0.0,0.035,none,undetermined,unknown
10,Australia,101,Indonesia,162,Raw cane or beet sugar (centrifugal only),2019,10.42,551876.8,52963.225,4725000.0,2265.11,4727265.11,0.0,0.117,none,undetermined,unknown
229,United Kingdom of Great Britain and Northern Ireland,225,United Arab Emirates,44,Barley,2015,66000.0,1.25,52800.0,7370000.0,135501.33,7505501.33,0.009,0.0,none,undetermined,unknown
231,United States of America,112,Jordan,15,Wheat,2010,51160.0,1.0,51160.0,60062408.0,2494599.0,62557007.0,0.001,0.0,none,undetermined,unknown
10,Australia,231,United States of America,162,Raw cane or beet sugar (centrifugal only),2018,1.0,49668.0,49668.0,4480000.0,2518.89,4482518.89,0.0,0.011,none,undetermined,unknown
211,Switzerland,68,France,900,"Whey, dry",2007,49348.0,1.0,49348.0,59000.0,7887.0,66887.0,0.738,0.0,none,undetermined,unknown
185,Russian Federation,183,Romania,15,Wheat,2016,117607.15,2.4,49002.979,73345679.0,579923.1900000001,73925602.19,0.002,0.0,none,undetermined,unknown
44,Colombia,33,Canada,486,Bananas,1997,2.0,96653.0,48326.5,1607960.0,50517.0,1658477.0,0.0,0.058,none,undetermined,unknown
216,Thailand,120,Lao People's Democratic Republic,1058,"Meat of chickens, fresh or chilled",2016,54058.43,1.12,48266.455,1628708.17,1688.85,1630397.02,0.033,0.0,none,undetermined,unknown
84,Greece,15,Belgium-Luxembourg,56,Maize (corn),1989,46314.0,1.0,46314.0,2221700.0,23307.0,2245007.0,0.021,0.0,none,undetermined,unknown
44,Colombia,33,Canada,486,Bananas,2007,3.0,137865.0,45955.0,1819874.0,6188.0,1826062.0,0.0,0.075,none,undetermined,unknown
230,Ukraine,229,United Kingdom of Great Britain and Northern Ireland,267,Sunflower seed,2007,89181.0,2.0,44590.5,4174400.0,6640.0,4181040.0,0.021,0.0,none,undetermined,unknown
255,Belgium,143,Morocco,15,Wheat,2001,44538.0,1.0,44538.0,1457400.0,3191437.0,4648837.0,0.01,0.0,none,undetermined,unknown
10,Australia,200,Singapore,162,Raw cane or beet sugar (centrifugal only),1990,3.0,132306.0,44102.0,3681000.0,1490.0,3682490.0,0.0,0.036,none,undetermined,unknown
96,"China, Hong Kong SAR",41,"China, mainland",619,"Other fruits, n.e.c.",1996,43220.0,1.0,43220.0,5230.0,101438.0,106668.0,0.405,0.0,none,undetermined,unknown
185,Russian Federation,230,Ukraine,116,Potatoes,2018,129390.04,3.0,43130.013,22394960.0,572872.88,22967832.88,0.006,0.0,none,undetermined,unknown
79,Germany,102,Iran (Islamic Republic of),268,"Sunflower-seed oil, crude",2010,1.0,43000.0,43000.0,128400.0,267895.0,396295.0,0.0,0.109,none,undetermined,unknown
58,Ecuador,33,Canada,486,Bananas,1988,2.0,85757.0,42878.5,2576096.0,0.0,2576096.0,0.0,0.033,none,undetermined,unknown
131,Malaysia,200,Singapore,661,Cocoa beans,2019,90248.98,2.15,41976.27,1017.0,351492.69,352509.69,0.256,0.0,none,undetermined,unknown
10,Australia,231,United States of America,162,Raw cane or beet sugar (centrifugal only),2020,3.2,131994.0,41248.125,4283000.0,2069.16,4285069.16,0.0,0.031,none,undetermined,unknown
44,Colombia,33,Canada,486,Bananas,2008,3.0,121800.0,40600.0,1987603.0,5740.0,1993343.0,0.0,0.061,none,undetermined,unknown
211,Switzerland,68,France,900,"Whey, dry",2004,40506.0,1.0,40506.0,45000.0,2774.0,47774.0,0.848,0.0,none,undetermined,unknown
216,Thailand,120,Lao People's Democratic Republic,1058,"Meat of chickens, fresh or chilled",2017,40518.05,1.01,40116.881,1659115.62,0.7,1659116.32,0.024,0.0,none,undetermined,unknown
10,Australia,101,Indonesia,162,Raw cane or beet sugar (centrifugal only),2020,30.51,1214466.0,39805.506,4283000.0,2069.16,4285069.16,0.0,0.283,none,undetermined,unknown
211,Switzerland,68,France,900,"Whey, dry",2006,39409.0,1.0,39409.0,42000.0,4712.0,46712.0,0.844,0.0,none,undetermined,unknown
230,Ukraine,105,Israel,44,Barley,2014,152857.49,3.88,39396.26,9046060.0,6902.45,9052962.45,0.017,0.0,none,undetermined,unknown
10,Australia,117,Republic of Korea,162,Raw cane or beet sugar (centrifugal only),2003,22.0,858415.0,39018.864,5461000.0,7214.0,5468214.0,0.0,0.157,none,undetermined,unknown
10,Australia,68,France,270,Rape or colza seed,2020,59540.1,1.53,38915.098,4756388.25,1278.5900000000001,4757666.84,0.013,0.0,none,undetermined,unknown
79,Germany,229,United Kingdom of Great Britain and Northern Ireland,236,Soya beans,1996,1.0,38746.0,38746.0,1000.0,2737122.0,2738122.0,0.0,0.014,none,undetermined,unknown
169,Paraguay,9,Argentina,236,Soya beans,2014,41431.51,1.08,38362.509,9975000.0,7373.11,9982373.11,0.004,0.0,none,undetermined,unknown
21,Brazil,231,United States of America,165,Molasses,2006,1.0,38044.0,38044.0,13500000.0,773.0,13500773.0,0.0,0.003,none,undetermined,unknown
100,India,41,"China, mainland",813,"Coir, raw",2019,388028.92,10.35,37490.717,867119.69,216.87,867336.5599999999,0.447,0.0,none,undetermined,unknown
229,United Kingdom of Great Britain and Northern Ireland,106,Italy,211,Other pulses n.e.c.,2003,74654.0,2.0,37327.0,464800.0,4895.0,469695.0,0.159,0.0,none,undetermined,unknown
231,United States of America,229,United Kingdom of Great Britain and Northern Ireland,83,Sorghum,2008,1.0,37025.0,37025.0,12087270.0,3633.0,12090903.0,0.0,0.003,none,undetermined,unknown
10,Australia,117,Republic of Korea,162,Raw cane or beet sugar (centrifugal only),2006,26.0,959863.0,36917.808,5063000.0,1381.0,5064381.0,0.0,0.19,none,undetermined,unknown
138,Mexico,231,United States of America,402,"Onions and shallots, green",1992,184459.0,5.0,36891.8,70784.0,54599.0,125383.0,1.471,0.0,none,undetermined,unknown
231,United States of America,236,Venezuela (Bolivarian Republic of),27,Rice,2019,52435.5,1.44,36413.542,8396180.0,177.02,8396357.02,0.006,0.0,none,undetermined,unknown
211,Switzerland,68,France,900,"Whey, dry",2002,36171.0,1.0,36171.0,38200.0,1789.0,39989.0,0.905,0.0,none,undetermined,unknown
216,Thailand,68,France,165,Molasses,1993,2.0,72309.0,36154.5,1623000.0,30.0,1623030.0,0.0,0.045,none,undetermined,unknown
10,Australia,110,Japan,162,Raw cane or beet sugar (centrifugal only),2007,20.0,702580.0,35129.0,5026332.0,2005.0,5028337.0,0.0,0.14,none,undetermined,unknown
56,Dominican Republic,229,United Kingdom of Great Britain and Northern Ireland,489,Plantains and cooking bananas,2013,105384.0,3.0,35128.0,908027.99,0.0,908027.99,0.116,0.0,none,undetermined,unknown
231,United States of America,138,Mexico,271,"Rapeseed or canola oil, crude",1990,4.0,140345.0,35086.25,33920.0,213168.0,247088.0,0.0,0.568,none,undetermined,unknown
21,Brazil,150,Netherlands (Kingdom of the),165,Molasses,2009,33696.0,1.0,33696.0,14100000.0,0.0,14100000.0,0.002,0.0,none,undetermined,unknown
44,Colombia,33,Canada,486,Bananas,2019,1.67,54470.42,32617.018,2914419.0,1860.11,2916279.11,0.0,0.019,none,undetermined,unknown
97,Hungary,223,Türkiye,44,Barley,2017,1.55,50188.07,32379.4,1416376.0,27125.24,1443501.24,0.0,0.035,none,undetermined,unknown
67,Finland,162,Norway,271,"Rapeseed or canola oil, crude",2009,1.0,32299.0,32299.0,112586.8,5482.0,118068.8,0.0,0.274,none,undetermined,unknown
27,Bulgaria,229,United Kingdom of Great Britain and Northern Ireland,15,Wheat,2017,1.03,32864.67,31907.447,6132671.0,60519.33,6193190.33,0.0,0.005,none,undetermined,unknown
56,Dominican Republic,229,United Kingdom of Great Britain and Northern Ireland,489,Plantains and cooking bananas,2018,103735.37,3.27,31723.355,1017978.13,0.74,1017978.87,0.102,0.0,none,undetermined,unknown
54,Denmark,210,Sweden,1043,"Pig fat, rendered",2002,31511.0,1.0,31511.0,68000.0,34466.0,102466.0,0.308,0.0,none,undetermined,unknown
255,Belgium,68,France,157,Sugar beet,2010,31284.0,1.0,31284.0,4464778.0,12022.0,4476800.0,0.007,0.0,none,undetermined,unknown
170,Peru,231,United States of America,162,Raw cane or beet sugar (centrifugal only),1990,2.0,62419.0,31209.5,521507.0,0.0,521507.0,0.0,0.12,none,undetermined,unknown
211,Switzerland,68,France,900,"Whey, dry",2008,62267.0,2.0,31133.5,65000.0,7580.0,72580.0,0.858,0.0,none,undetermined,unknown
150,Netherlands (Kingdom of the),202,South Africa,15,Wheat,2014,31119.4,1.0,31119.4,1304054.0,4185612.7199999997,5489666.72,0.006,0.0,none,undetermined,unknown
21,Brazil,150,Netherlands (Kingdom of the),257,Palm oil,2012,61995.0,2.0,30997.5,310000.0,227445.0,537445.0,0.115,0.0,none,undetermined,unknown
10,Australia,33,Canada,162,Raw cane or beet sugar (centrifugal only),2001,18.0,555213.0,30845.167,4162000.0,3443.0,4165443.0,0.0,0.133,none,undetermined,unknown
10,Australia,200,Singapore,1225,Tallow,2012,122891.0,4.0,30722.75,494000.0,100.0,494100.0,0.249,0.0,none,undetermined,unknown
100,India,214,"China, Taiwan Province of",165,Molasses,2011,1.0,30658.0,30658.0,10970000.0,3486.0,10973486.0,0.0,0.003,none,undetermined,unknown
156,New Zealand,110,Japan,402,"Onions and shallots, green",1989,30075.0,1.0,30075.0,80000.0,24.0,80024.0,0.376,0.0,none,undetermined,unknown
106,Italy,124,Libya,15,Wheat,1990,1.0,30000.0,30000.0,8108500.0,4481508.0,12590008.0,0.0,0.002,none,undetermined,unknown
96,"China, Hong Kong SAR",41,"China, mainland",1036,"Edible offal of pigs, fresh, chilled or frozen",1996,59415.0,2.0,29707.5,12391.41,105840.0,118231.41,0.503,0.0,none,undetermined,unknown
231,United States of America,33,Canada,486,Bananas,1993,379680.0,13.0,29206.154,5350.0,3513144.0,3518494.0,0.108,0.0,none,undetermined,unknown
95,Honduras,33,Canada,486,Bananas,2021,1.19,34677.05,29140.378,362359.05,21501.03,383860.07999999996,0.0,0.09,none,undetermined,unknown
231,United States of America,216,Thailand,236,Soya beans,1994,57751.0,2.0,28875.5,68443520.0,186179.0,68629699.0,0.001,0.0,none,undetermined,unknown
203,Spain,229,United Kingdom of Great Britain and Northern Ireland,165,Molasses,2007,1.0,28819.0,28819.0,160000.0,358533.0,518533.0,0.0,0.056,none,undetermined,unknown
44,Colombia,33,Canada,486,Bananas,2010,4.0,114513.0,28628.25,2019625.4,4516.0,2024141.4,0.0,0.057,none,undetermined,unknown
174,Portugal,144,Mozambique,56,Maize (corn),2020,1.0,28478.42,28478.42,682090.0,1899505.62,2581595.62,0.0,0.011,none,undetermined,unknown
9,Argentina,185,Russian Federation,162,Raw cane or beet sugar (centrifugal only),2013,28448.0,1.0,28448.0,1788848.0,227.0,1789075.0,0.016,0.0,none,undetermined,unknown
106,Italy,68,France,890,"Whey, condensed",1997,28441.0,1.0,28441.0,50000.0,1566.0,51566.0,0.552,0.0,none,undetermined,unknown
15,Belgium-Luxembourg,106,Italy,888,Skim milk of cows,1993,1.0,28301.0,28301.0,1879600.0,38050.0,1917650.0,0.0,0.015,none,undetermined,unknown
231,United States of America,165,Pakistan,237,Soya bean oil,2007,1.0,28106.0,28106.0,9335000.0,20137.0,9355137.0,0.0,0.003,none,undetermined,unknown
229,United Kingdom of Great Britain and Northern Ireland,105,Israel,162,Raw cane or beet sugar (centrifugal only),2016,7.29,204421.39,28041.343,897000.0,585800.54,1482800.54,0.0,0.138,none,undetermined,unknown
44,Colombia,11,Austria,486,Bananas,1993,1.0,27992.0,27992.0,1920244.0,17180.0,1937424.0,0.0,0.014,none,undetermined,unknown
272,Serbia,203,Spain,56,Maize (corn),2021,10.69,299124.65,27981.726,6027130.66,4917.86,6032048.5200000005,0.0,0.05,none,undetermined,unknown
126,Lithuania,185,Russian Federation,564,Wine,2016,52467.21,1.92,27326.672,4812.0,85863.92,90675.92,0.579,0.0,none,undetermined,unknown
169,Paraguay,203,Spain,56,Maize (corn),2006,2.0,54635.0,27317.5,1652688.29,7225.0,1659913.29,0.0,0.033,none,undetermined,unknown
230,Ukraine,105,Israel,44,Barley,2016,138333.76,5.1,27124.267,9435710.0,4128.47,9439838.47,0.015,0.0,none,undetermined,unknown
229,United Kingdom of Great Britain and Northern Ireland,150,Netherlands (Kingdom of the),882,Raw milk of cattle,1997,27012.0,1.0,27012.0,14841000.0,61953.0,14902953.0,0.002,0.0,none,undetermined,unknown
138,Mexico,223,Türkiye,15,Wheat,2008,1.0,27007.0,27007.0,4019400.0,3217034.0,7236434.0,0.0,0.004,none,undetermined,unknown
10,Australia,110,Japan,15,Wheat,1993,43.0,1155126.0,26863.395,16479000.0,141.0,16479141.0,0.0,0.07,none,undetermined,unknown
231,United States of America,165,Pakistan,237,Soya bean oil,2006,1.0,26669.0,26669.0,9261500.0,13819.0,9275319.0,0.0,0.003,none,undetermined,unknown
229,United Kingdom of Great Britain and Northern Ireland,33,Canada,165,Molasses,1999,1.0,26587.0,26587.0,376000.0,618008.0,994008.0,0.0,0.027,none,undetermined,unknown
223,Türkiye,198,Slovenia,560,Grapes,2003,53034.0,2.0,26517.0,3600000.0,42.0,3600042.0,0.015,0.0,none,undetermined,unknown
156,New Zealand,200,Singapore,1225,Tallow,2012,26507.0,1.0,26507.0,165900.0,263.0,166163.0,0.16,0.0,none,undetermined,unknown
41,"China, mainland",16,Bangladesh,15,Wheat,2006,26243.0,1.0,26243.0,108466000.0,584095.0,109050095.0,0.0,0.0,none,undetermined,unknown
10,Australia,117,Republic of Korea,162,Raw cane or beet sugar (centrifugal only),1999,27.0,706933.0,26182.704,4998000.0,928.0,4998928.0,0.0,0.141,none,undetermined,unknown
59,Egypt,231,United States of America,165,Molasses,2000,1.0,26055.0,26055.0,548000.0,204.0,548204.0,0.0,0.048,none,undetermined,unknown
10,Australia,229,United Kingdom of Great Britain and Northern Ireland,162,Raw cane or beet sugar (centrifugal only),2009,1.0,26011.0,26011.0,4634000.0,32024.0,4666024.0,0.0,0.006,none,undetermined,unknown
84,Greece,79,Germany,15,Wheat,1997,25957.0,1.0,25957.0,2081481.54,752492.0,2833973.54,0.009,0.0,none,undetermined,unknown
150,Netherlands (Kingdom of the),162,Norway,270,Rape or colza seed,2012,25842.0,1.0,25842.0,7475.0,1734596.0,1742071.0,0.015,0.0,none,undetermined,unknown
79,Germany,174,Portugal,236,Soya beans,2018,4.36,112198.99,25733.713,58700.0,3647810.8499999996,3706510.8499999996,0.0,0.03,none,undetermined,unknown
138,Mexico,104,Ireland,165,Molasses,2005,1.0,25556.0,25556.0,1894000.0,118.0,1894118.0,0.0,0.013,none,undetermined,unknown
150,Netherlands (Kingdom of the),203,Spain,15,Wheat,2005,127131.0,5.0,25426.2,1174686.0,3177477.0,4352163.0,0.029,0.0,none,undetermined,unknown
10,Australia,101,Indonesia,162,Raw cane or beet sugar (centrifugal only),2007,28.0,707587.0,25270.964,5026332.0,2005.0,5028337.0,0.0,0.141,none,undetermined,unknown
150,Netherlands (Kingdom of the),84,Greece,15,Wheat,2005,1.0,25223.0,25223.0,1174686.0,3177477.0,4352163.0,0.0,0.006,none,undetermined,unknown
231,United States of America,79,Germany,236,Soya beans,2020,53.25,1332753.12,25028.228,114748940.0,422311.51,115171251.51,0.0,0.012,none,undetermined,unknown
10,Australia,110,Japan,162,Raw cane or beet sugar (centrifugal only),2006,22.0,549975.0,24998.864,5063000.0,1381.0,5064381.0,0.0,0.109,none,undetermined,unknown
9,Argentina,174,Portugal,56,Maize (corn),1987,24684.0,1.0,24684.0,9250000.0,558.0,9250558.0,0.003,0.0,none,undetermined,unknown
229,United Kingdom of Great Britain and Northern Ireland,105,Israel,162,Raw cane or beet sugar (centrifugal only),2003,4.0,98735.0,24683.75,1487000.0,1104503.0,2591503.0,0.0,0.038,none,undetermined,unknown
138,Mexico,33,Canada,567,Watermelons,2012,2.0,49312.0,24656.0,1033524.0,462.0,1033986.0,0.0,0.048,none,undetermined,unknown
231,United States of America,159,Nigeria,56,Maize (corn),1986,2.0,49298.0,24649.0,208943008.0,254591.0,209197599.0,0.0,0.0,none,undetermined,unknown
138,Mexico,202,South Africa,56,Maize (corn),2017,42070.0,1.73,24317.919,27763203.33,15338715.44,43101918.769999996,0.001,0.0,none,undetermined,unknown
255,Belgium,211,Switzerland,15,Wheat,2010,24082.0,1.0,24082.0,1849584.0,3813397.0,5662981.0,0.004,0.0,none,undetermined,unknown
44,Colombia,33,Canada,486,Bananas,2011,4.0,96294.0,24073.5,2042925.9,4628.0,2047553.9,0.0,0.047,none,undetermined,unknown
79,Germany,174,Portugal,236,Soya beans,2020,14.44,342994.93,23753.111,90500.0,3866983.7500000005,3957483.7500000005,0.0,0.087,none,undetermined,unknown
138,Mexico,33,Canada,567,Watermelons,2009,2.0,46954.0,23477.0,1007155.0,2157.0,1009312.0,0.0,0.047,none,undetermined,unknown
272,Serbia,203,Spain,56,Maize (corn),2016,8.45,197571.67,23381.263,7376738.0,4705.89,7381443.89,0.0,0.027,none,undetermined,unknown
126,Lithuania,185,Russian Federation,388,Tomatoes,2013,93144.0,4.0,23286.0,11979.0,127219.0,139198.0,0.669,0.0,none,undetermined,unknown
10,Australia,156,New Zealand,162,Raw cane or beet sugar (centrifugal only),1992,4.0,92424.0,23106.0,3111000.0,2796.0,3113796.0,0.0,0.03,none,undetermined,unknown
234,Uruguay,38,Sri Lanka,15,Wheat,2008,22999.0,1.0,22999.0,697143.0,56832.0,753975.0,0.031,0.0,none,undetermined,unknown
156,New Zealand,100,India,886,Butter of cow milk,2009,22943.0,1.0,22943.0,413000.0,834.0,413834.0,0.055,0.0,none,undetermined,unknown
33,Canada,215,United Republic of Tanzania,15,Wheat,1996,22644.0,1.0,22644.0,29801400.0,79172.0,29880572.0,0.001,0.0,none,undetermined,unknown
68,France,211,Switzerland,882,Raw milk of cattle,2007,22556.0,1.0,22556.0,22768718.5,320737.0,23089455.5,0.001,0.0,none,undetermined,unknown
156,New Zealand,200,Singapore,1225,Tallow,2013,66349.0,3.0,22116.333,170700.0,198.0,170898.0,0.388,0.0,none,undetermined,unknown
150,Netherlands (Kingdom of the),203,Spain,71,Rye,2005,88383.0,4.0,22095.75,10885.0,249179.0,260064.0,0.34,0.0,none,undetermined,unknown
272,Serbia,203,Spain,56,Maize (corn),2015,16.17,354527.5,21925.015,5454841.0,5347.86,5460188.86,0.0,0.065,none,undetermined,unknown
202,South Africa,150,Netherlands (Kingdom of the),564,Wine,2000,1.0,21806.0,21806.0,694917.0,7767.0,702684.0,0.0,0.031,none,undetermined,unknown
79,Germany,105,Israel,270,Rape or colza seed,2012,1.0,21723.0,21723.0,4821100.0,4158695.0,8979795.0,0.0,0.002,none,undetermined,unknown
68,France,143,Morocco,270,Rape or colza seed,1994,1.0,21411.0,21411.0,1829022.1,446757.0,2275779.1,0.0,0.009,none,undetermined,unknown
67,Finland,229,United Kingdom of Great Britain and Northern Ireland,44,Barley,2007,21309.0,1.0,21309.0,1984400.0,2815.0,1987215.0,0.011,0.0,none,undetermined,unknown
44,Colombia,210,Sweden,486,Bananas,1995,1.0,21272.0,21272.0,1631576.0,52062.0,1683638.0,0.0,0.013,none,undetermined,unknown
231,United States of America,255,Belgium,236,Soya beans,2011,21228.0,1.0,21228.0,84291400.0,369332.0,84660732.0,0.0,0.0,none,undetermined,unknown
272,Serbia,231,United States of America,56,Maize (corn),2018,2.52,53432.0,21203.175,6964770.0,9920.45,6974690.45,0.0,0.008,none,undetermined,unknown
216,Thailand,68,France,165,Molasses,2003,1.0,21129.0,21129.0,3536000.0,2.0,3536002.0,0.0,0.006,none,undetermined,unknown
29,Burundi,29,Burundi,656,"Coffee, green",2012,20942.0,1.0,20942.0,26340.0,1.0,26341.0,0.795,0.0,none,undetermined,unknown
231,United States of America,165,Pakistan,1058,"Meat of chickens, fresh or chilled",2011,20923.0,1.0,20923.0,17111218.0,49208.0,17160426.0,0.001,0.0,none,undetermined,unknown
96,"China, Hong Kong SAR",41,"China, mainland",1058,"Meat of chickens, fresh or chilled",2003,477759.0,23.0,20772.13,58000.0,674948.0,732948.0,0.652,0.0,none,undetermined,unknown
150,Netherlands (Kingdom of the),248,Yugoslav SFR,56,Maize (corn),1990,20753.0,1.0,20753.0,30000.0,1865968.0,1895968.0,0.011,0.0,none,undetermined,unknown
203,Spain,117,Republic of Korea,1035,"Meat of pig with the bone, fresh or chilled",2021,69620.95,3.36,20720.521,5180060.0,95940.38,5276000.38,0.013,0.0,none,undetermined,unknown
231,United States of America,33,Canada,890,"Whey, condensed",2020,1.84,37792.05,20539.158,49428.0,4839.94,54267.94,0.0,0.696,none,undetermined,unknown
21,Brazil,211,Switzerland,236,Soya beans,2005,2.0,40868.0,20434.0,51182072.0,367748.0,51549820.0,0.0,0.001,none,undetermined,unknown
216,Thailand,28,Myanmar,226,Areca nuts,2021,101662.46,5.0,20332.492,38306.16,89192.31999999999,127498.48,0.797,0.0,none,undetermined,unknown
183,Romania,117,Republic of Korea,56,Maize (corn),2010,343956.0,17.0,20232.706,9042032.0,430413.0,9472445.0,0.036,0.0,none,undetermined,unknown
100,India,136,Mauritania,162,Raw cane or beet sugar (centrifugal only),2019,1.0,20000.0,20000.0,34300000.0,985437.98,35285437.98,0.0,0.001,none,undetermined,unknown
10,Australia,41,"China, mainland",162,Raw cane or beet sugar (centrifugal only),2000,3.0,59942.0,19980.667,5448000.0,2783.0,5450783.0,0.0,0.011,none,undetermined,unknown
104,Ireland,150,Netherlands (Kingdom of the),1225,Tallow,2000,19753.0,1.0,19753.0,57000.0,313.0,57313.0,0.345,0.0,none,undetermined,unknown
231,United States of America,202,South Africa,236,Soya beans,1999,19581.0,1.0,19581.0,72223460.0,105397.0,72328857.0,0.0,0.0,none,undetermined,unknown
79,Germany,174,Portugal,236,Soya beans,2019,8.99,174080.93,19363.841,84100.0,3665880.07,3749980.07,0.0,0.046,none,undetermined,unknown
150,Netherlands (Kingdom of the),102,Iran (Islamic Republic of),116,Potatoes,2002,1.0,19351.0,19351.0,7362738.0,1747425.0,9110163.0,0.0,0.002,none,undetermined,unknown
59,Egypt,231,United States of America,165,Molasses,2001,1.0,19315.0,19315.0,545000.0,0.0,545000.0,0.0,0.035,none,undetermined,unknown
58,Ecuador,183,Romania,486,Bananas,1996,2.0,38622.0,19311.0,5422835.0,0.0,5422835.0,0.0,0.007,none,undetermined,unknown
48,Costa Rica,33,Canada,486,Bananas,2000,6.0,114290.0,19048.333,1887141.0,236.0,1887377.0,0.0,0.061,none,undetermined,unknown
10,Australia,150,Netherlands (Kingdom of the),270,Rape or colza seed,2018,125370.02,6.61,18966.72,2365839.14,801.32,2366640.46,0.053,0.0,none,undetermined,unknown
229,United Kingdom of Great Britain and Northern Ireland,105,Israel,162,Raw cane or beet sugar (centrifugal only),2005,6.0,113057.0,18842.833,1457700.0,1252475.0,2710175.0,0.0,0.042,none,undetermined,unknown
44,Colombia,162,Norway,486,Bananas,2004,1.0,18726.0,18726.0,1702565.0,3912.0,1706477.0,0.0,0.011,none,undetermined,unknown
156,New Zealand,150,Netherlands (Kingdom of the),402,"Onions and shallots, green",1995,18716.0,1.0,18716.0,268200.0,1790.0,269990.0,0.069,0.0,none,undetermined,unknown
131,Malaysia,119,Latvia,257,Palm oil,2017,28598.1,1.53,18691.569,19919331.0,552762.43,20472093.43,0.001,0.0,none,undetermined,unknown
229,United Kingdom of Great Britain and Northern Ireland,105,Israel,162,Raw cane or beet sugar (centrifugal only),2010,6.0,111525.0,18587.5,1082000.0,1157523.0,2239523.0,0.0,0.05,none,undetermined,unknown
174,Portugal,203,Spain,162,Raw cane or beet sugar (centrifugal only),2005,1.0,18568.0,18568.0,83000.0,298185.0,381185.0,0.0,0.049,none,undetermined,unknown
229,United Kingdom of Great Britain and Northern Ireland,203,Spain,420,"Broad beans and horse beans, green",1993,1.0,18565.0,18565.0,11649.0,772.0,12421.0,0.0,1.495,none,undetermined,unknown
10,Australia,110,Japan,44,Barley,1996,48.0,883638.0,18409.125,6696110.0,20.0,6696130.0,0.0,0.132,none,undetermined,unknown
216,Thailand,131,Malaysia,603,"Other tropical fruits, n.e.c.",2001,1.0,18318.0,18318.0,2347678.0,0.0,2347678.0,0.0,0.008,none,undetermined,unknown
59,Egypt,229,United Kingdom of Great Britain and Northern Ireland,165,Molasses,2005,109337.0,6.0,18222.833,615000.0,2068.0,617068.0,0.177,0.0,none,undetermined,unknown
231,United States of America,44,Colombia,15,Wheat,1994,200445.0,11.0,18222.273,63168000.0,2520511.0,65688511.0,0.003,0.0,none,undetermined,unknown
9,Argentina,58,Ecuador,267,Sunflower seed,1995,36036.0,2.0,18018.0,5799540.0,3061.0,5802601.0,0.006,0.0,none,undetermined,unknown
229,United Kingdom of Great Britain and Northern Ireland,231,United States of America,15,Wheat,2019,53000.47,2.95,17966.261,16225000.0,1210183.68,17435183.68,0.003,0.0,none,undetermined,unknown
200,Singapore,100,India,237,Soya bean oil,2018,1.08,19289.0,17860.185,3600.0,17936.74,21536.74,0.0,0.896,none,undetermined,unknown
15,Belgium-Luxembourg,4,Algeria,44,Barley,1994,71315.0,4.0,17828.75,406126.0,1190751.0,1596877.0,0.045,0.0,none,undetermined,unknown
67,Finland,54,Denmark,15,Wheat,2012,17822.0,1.0,17822.0,887100.0,10095.0,897195.0,0.02,0.0,none,undetermined,unknown
44,Colombia,11,Austria,486,Bananas,1995,1.0,17789.0,17789.0,1631576.0,52062.0,1683638.0,0.0,0.011,none,undetermined,unknown
156,New Zealand,200,Singapore,1225,Tallow,2021,123349.8,7.0,17621.4,184400.0,661.3,185061.3,0.667,0.0,none,undetermined,unknown
44,Colombia,11,Austria,486,Bananas,1989,1.0,17566.0,17566.0,1241920.0,75.0,1241995.0,0.0,0.014,none,undetermined,unknown
9,Argentina,41,"China, mainland",56,Maize (corn),2004,35002.0,2.0,17501.0,14950825.0,1511.0,14952336.0,0.002,0.0,none,undetermined,unknown
150,Netherlands (Kingdom of the),41,"China, mainland",894,"Whole milk, evaporated",1998,17320.0,1.0,17320.0,290000.0,170843.0,460843.0,0.038,0.0,none,undetermined,unknown
206,Sudan (former),229,United Kingdom of Great Britain and Northern Ireland,165,Molasses,2000,2.0,34535.0,17267.5,255000.0,0.0,255000.0,0.0,0.135,none,undetermined,unknown
68,France,211,Switzerland,888,Skim milk of cows,1989,17134.0,1.0,17134.0,11849000.0,12842.0,11861842.0,0.001,0.0,none,undetermined,unknown
126,Lithuania,185,Russian Federation,515,Apples,2010,34197.0,2.0,17098.5,34020.0,51481.0,85501.0,0.4,0.0,none,undetermined,unknown
21,Brazil,79,Germany,236,Soya beans,2019,58500.34,3.44,17005.913,114316829.0,144242.01,114461071.01,0.001,0.0,none,undetermined,unknown
100,India,41,"China, mainland",813,"Coir, raw",2014,218716.75,12.91,16941.654,553945.0,294.51,554239.51,0.395,0.0,none,undetermined,unknown
84,Greece,68,France,56,Maize (corn),1992,33650.0,2.0,16825.0,2095000.0,204581.0,2299581.0,0.015,0.0,none,undetermined,unknown
150,Netherlands (Kingdom of the),126,Lithuania,449,Mushrooms and truffles,2015,1.1,18494.1,16812.818,310000.0,18987.72,328987.72,0.0,0.056,none,undetermined,unknown
67,Finland,162,Norway,271,"Rapeseed or canola oil, crude",2006,1.0,16756.0,16756.0,111998.4,6334.0,118332.4,0.0,0.142,none,undetermined,unknown
54,Denmark,68,France,15,Wheat,2005,33468.0,2.0,16734.0,4887200.0,329351.0,5216551.0,0.006,0.0,none,undetermined,unknown
185,Russian Federation,126,Lithuania,165,Molasses,2014,18604.38,1.12,16611.054,1118000.0,12.03,1118012.03,0.017,0.0,none,undetermined,unknown
79,Germany,174,Portugal,56,Maize (corn),2018,25.09,415831.53,16573.596,3344300.0,3531247.47,6875547.470000001,0.0,0.06,none,undetermined,unknown
129,Madagascar,150,Netherlands (Kingdom of the),619,"Other fruits, n.e.c.",2008,1.0,16521.0,16521.0,8680.74,1.0,8681.74,0.0,1.903,none,undetermined,unknown
68,France,231,United States of America,270,Rape or colza seed,1996,16500.0,1.0,16500.0,2877510.5,18009.0,2895519.5,0.006,0.0,none,undetermined,unknown
100,India,16,Bangladesh,27,Rice,1998,10.0,164798.0,16479.8,124102050.0,3.0,124102053.0,0.0,0.001,none,undetermined,unknown
230,Ukraine,97,Hungary,187,"Peas, dry",2006,16478.0,1.0,16478.0,652700.0,729.0,653429.0,0.025,0.0,none,undetermined,unknown
156,New Zealand,110,Japan,402,"Onions and shallots, green",2017,26296.0,1.6,16435.0,269664.05,308.88,269972.93,0.097,0.0,none,undetermined,unknown
9,Argentina,79,Germany,83,Sorghum,2008,16349.0,1.0,16349.0,2936840.0,1346.0,2938186.0,0.006,0.0,none,undetermined,unknown
44,Colombia,33,Canada,486,Bananas,1990,3.0,48972.0,16324.0,1243614.0,131.0,1243745.0,0.0,0.039,none,undetermined,unknown
54,Denmark,255,Belgium,882,Raw milk of cattle,2019,1.12,18199.87,16249.884,5615000.0,46277.42,5661277.42,0.0,0.003,none,undetermined,unknown
150,Netherlands (Kingdom of the),174,Portugal,15,Wheat,2001,2.0,32255.0,16127.5,990700.0,3168460.0,4159160.0,0.0,0.008,none,undetermined,unknown
59,Egypt,106,Italy,165,Molasses,1999,2.0,32224.0,16112.0,540000.0,0.0,540000.0,0.0,0.06,none,undetermined,unknown
231,United States of America,58,Ecuador,15,Wheat,1992,64400.0,4.0,16100.0,67136000.0,1474537.0,68610537.0,0.001,0.0,none,undetermined,unknown
27,Bulgaria,68,France,270,Rape or colza seed,2010,31977.0,2.0,15988.5,544841.0,2606.0,547447.0,0.058,0.0,none,undetermined,unknown
230,Ukraine,211,Switzerland,268,"Sunflower-seed oil, crude",2017,27335.8,1.71,15985.848,5276775.0,150.81,5276925.81,0.005,0.0,none,undetermined,unknown
230,Ukraine,97,Hungary,44,Barley,2003,31582.0,2.0,15791.0,6833200.0,32863.0,6866063.0,0.005,0.0,none,undetermined,unknown
10,Australia,156,New Zealand,162,Raw cane or beet sugar (centrifugal only),1994,11.0,173335.0,15757.727,4300000.0,0.0,4300000.0,0.0,0.04,none,undetermined,unknown
44,Colombia,33,Canada,486,Bananas,1993,5.0,78527.0,15705.4,1920244.0,17180.0,1937424.0,0.0,0.041,none,undetermined,unknown
10,Australia,156,New Zealand,162,Raw cane or beet sugar (centrifugal only),2019,5.29,82607.46,15615.777,4725000.0,2265.11,4727265.11,0.0,0.017,none,undetermined,unknown
211,Switzerland,68,France,900,"Whey, dry",2005,31184.0,2.0,15592.0,36000.0,3233.0,39233.0,0.795,0.0,none,undetermined,unknown
10,Australia,101,Indonesia,162,Raw cane or beet sugar (centrifugal only),2006,29.0,449902.0,15513.862,5063000.0,1381.0,5064381.0,0.0,0.089,none,undetermined,unknown
231,United States of America,33,Canada,486,Bananas,1998,414615.0,27.0,15356.111,9525.0,3913315.0,3922840.0,0.106,0.0,none,undetermined,unknown
68,France,4,Algeria,56,Maize (corn),1998,1.0,15257.0,15257.0,14885495.1,242915.0,15128410.1,0.0,0.001,none,undetermined,unknown
231,United States of America,150,Netherlands (Kingdom of the),165,Molasses,2001,15251.0,1.0,15251.0,2108000.0,1505234.0,3613234.0,0.004,0.0,none,undetermined,unknown
272,Serbia,203,Spain,56,Maize (corn),2020,18.29,277723.47,15184.443,7872607.29,3497.39,7876104.68,0.0,0.035,none,undetermined,unknown
255,Belgium,84,Greece,15,Wheat,2000,15174.0,1.0,15174.0,1687700.0,3581041.0,5268741.0,0.003,0.0,none,undetermined,unknown
97,Hungary,223,Türkiye,15,Wheat,2019,1.0,15146.95,15146.95,5377710.0,102908.89,5480618.89,0.0,0.003,none,undetermined,unknown
100,India,117,Republic of Korea,813,"Coir, raw",2015,81926.23,5.42,15115.541,560480.0,33.52,560513.52,0.146,0.0,none,undetermined,unknown
48,Costa Rica,33,Canada,486,Bananas,2001,7.0,105745.0,15106.429,1741803.0,133.0,1741936.0,0.0,0.061,none,undetermined,unknown
10,Australia,110,Japan,162,Raw cane or beet sugar (centrifugal only),2003,42.0,634377.0,15104.214,5461000.0,7214.0,5468214.0,0.0,0.116,none,undetermined,unknown
211,Switzerland,203,Spain,56,Maize (corn),2013,1.0,15001.0,15001.0,153000.0,103994.0,256994.0,0.0,0.058,none,undetermined,unknown
231,United States of America,159,Nigeria,236,Soya beans,2008,14999.0,1.0,14999.0,80748700.0,323513.0,81072213.0,0.0,0.0,none,undetermined,unknown
126,Lithuania,185,Russian Federation,388,Tomatoes,2010,29985.0,2.0,14992.5,13677.0,44119.0,57796.0,0.519,0.0,none,undetermined,unknown
100,India,194,Saudi Arabia,27,Rice,2003,1.0,14966.0,14966.0,131033400.0,22.0,131033422.0,0.0,0.0,none,undetermined,unknown
96,"China, Hong Kong SAR",41,"China, mainland",1069,"Meat of ducks, fresh or chilled",1999,14680.0,1.0,14680.0,1630.0,53098.0,54728.0,0.268,0.0,none,undetermined,unknown
229,United Kingdom of Great Britain and Northern Ireland,105,Israel,162,Raw cane or beet sugar (centrifugal only),2001,1.0,14635.0,14635.0,1328300.0,1222501.0,2550801.0,0.0,0.006,none,undetermined,unknown
185,Russian Federation,105,Israel,44,Barley,2015,79590.46,5.44,14630.599,17546155.4,47936.79,17594092.189999998,0.005,0.0,none,undetermined,unknown
173,Poland,203,Spain,165,Molasses,2019,22514.8,1.54,14620.0,404945.85,15282.58,420228.43,0.054,0.0,none,undetermined,unknown
41,"China, mainland",110,Japan,122,Sweet potatoes,1988,14588.0,1.0,14588.0,103205008.0,2.0,103205010.0,0.0,0.0,none,undetermined,unknown
68,France,203,Spain,292,Mustard seed,2014,1.0,14587.59,14587.59,13851.3,28158.4,42009.7,0.0,0.347,none,undetermined,unknown
185,Russian Federation,230,Ukraine,44,Barley,2002,174784.0,12.0,14565.333,18678410.0,170592.0,18849002.0,0.009,0.0,none,undetermined,unknown
54,Denmark,110,Japan,1035,"Meat of pig with the bone, fresh or chilled",1997,144498.0,10.0,14449.8,1520600.0,36962.0,1557562.0,0.093,0.0,none,undetermined,unknown
185,Russian Federation,150,Netherlands (Kingdom of the),165,Molasses,2021,21262.64,1.48,14366.649,1360474.28,251.19,1360725.47,0.016,0.0,none,undetermined,unknown
100,India,202,South Africa,15,Wheat,2003,14341.0,1.0,14341.0,65760800.0,457.0,65761257.0,0.0,0.0,none,undetermined,unknown
272,Serbia,203,Spain,56,Maize (corn),2010,15.0,213310.0,14220.667,7207191.0,1669.0,7208860.0,0.0,0.03,none,undetermined,unknown
68,France,210,Sweden,44,Barley,2008,14218.0,1.0,14218.0,12170628.7,66548.0,12237176.7,0.001,0.0,none,undetermined,unknown
10,Australia,194,Saudi Arabia,176,"Beans, dry",2007,14206.0,1.0,14206.0,28565.0,9332.0,37897.0,0.375,0.0,none,undetermined,unknown
68,France,174,Portugal,237,Soya bean oil,2014,1.2,17013.4,14177.833,105000.0,74247.56999999999,179247.57,0.0,0.095,none,undetermined,unknown
229,United Kingdom of Great Britain and Northern Ireland,79,Germany,271,"Rapeseed or canola oil, crude",1995,14096.0,1.0,14096.0,557300.0,52294.0,609594.0,0.023,0.0,none,undetermined,unknown
44,Colombia,33,Canada,486,Bananas,1992,3.0,42171.0,14057.0,1740059.0,11564.0,1751623.0,0.0,0.024,none,undetermined,unknown
79,Germany,174,Portugal,236,Soya beans,2021,21.64,303626.68,14030.808,106600.0,3590728.59,3697328.59,0.0,0.082,none,undetermined,unknown
216,Thailand,59,Egypt,56,Maize (corn),2001,14000.0,1.0,14000.0,4496960.0,6062.0,4503022.0,0.003,0.0,none,undetermined,unknown
216,Thailand,101,Indonesia,603,"Other tropical fruits, n.e.c.",2009,27820.0,2.0,13910.0,2281183.0,0.0,2281183.0,0.012,0.0,none,undetermined,unknown
106,Italy,3,Albania,162,Raw cane or beet sugar (centrifugal only),1997,2.0,27705.0,13852.5,1891300.0,64873.0,1956173.0,0.0,0.014,none,undetermined,unknown
202,South Africa,250,Democratic Republic of the Congo,162,Raw cane or beet sugar (centrifugal only),2007,13836.0,1.0,13836.0,2235000.0,88599.0,2323599.0,0.006,0.0,none,undetermined,unknown
54,Denmark,110,Japan,1035,"Meat of pig with the bone, fresh or chilled",1996,124412.0,9.0,13823.556,1493700.0,19436.0,1513136.0,0.082,0.0,none,undetermined,unknown
100,India,41,"China, mainland",813,"Coir, raw",2017,449325.68,32.8,13698.954,567349.83,168.18,567518.01,0.792,0.0,none,undetermined,unknown
150,Netherlands (Kingdom of the),174,Portugal,15,Wheat,2007,1.0,13664.0,13664.0,1018000.0,4837632.0,5855632.0,0.0,0.002,none,undetermined,unknown
231,United States of America,33,Canada,486,Bananas,1991,354462.0,26.0,13633.154,5171.0,3229028.0,3234199.0,0.11,0.0,none,undetermined,unknown
150,Netherlands (Kingdom of the),21,Brazil,402,"Onions and shallots, green",2009,1.0,13574.0,13574.0,35521.17,4197.0,39718.17,0.0,0.342,none,undetermined,unknown
216,Thailand,131,Malaysia,258,Oil of palm kernel,1999,27100.0,2.0,13550.0,56152.35,0.0,56152.35,0.483,0.0,none,undetermined,unknown
150,Netherlands (Kingdom of the),97,Hungary,15,Wheat,2005,1.0,13539.0,13539.0,1174686.0,3177477.0,4352163.0,0.0,0.003,none,undetermined,unknown
231,United States of America,229,United Kingdom of Great Britain and Northern Ireland,403,"Onions and shallots, dry (excluding dehydrated)",2012,13466.0,1.0,13466.0,3242940.0,385264.0,3628204.0,0.004,0.0,none,undetermined,unknown
44,Colombia,11,Austria,486,Bananas,1992,2.0,26876.0,13438.0,1740059.0,11564.0,1751623.0,0.0,0.015,none,undetermined,unknown
223,Türkiye,229,United Kingdom of Great Britain and Northern Ireland,165,Molasses,1999,26811.0,2.0,13405.5,741000.0,9136.0,750136.0,0.036,0.0,none,undetermined,unknown
79,Germany,174,Portugal,267,Sunflower seed,2001,13379.0,1.0,13379.0,54370.0,330917.0,385287.0,0.035,0.0,none,undetermined,unknown
44,Colombia,11,Austria,486,Bananas,1994,2.0,26652.0,13326.0,1987604.0,17302.0,2004906.0,0.0,0.013,none,undetermined,unknown
225,United Arab Emirates,194,Saudi Arabia,497,Lemons and limes,2019,16339.7,1.23,13284.309,7584.0,104341.26999999999,111925.26999999999,0.146,0.0,none,undetermined,unknown
231,United States of America,90,Guinea,15,Wheat,1996,13276.0,1.0,13276.0,61982000.0,1313444.0,63295444.0,0.0,0.0,none,undetermined,unknown
173,Poland,104,Ireland,56,Maize (corn),2010,2.0,26401.0,13200.5,1994391.0,285293.0,2279684.0,0.0,0.012,none,undetermined,unknown
231,United States of America,229,United Kingdom of Great Britain and Northern Ireland,403,"Onions and shallots, dry (excluding dehydrated)",2008,13200.0,1.0,13200.0,3407370.0,323938.0,3731308.0,0.004,0.0,none,undetermined,unknown
272,Serbia,203,Spain,56,Maize (corn),2012,19.0,250052.0,13160.632,3532602.0,6070.0,3538672.0,0.0,0.071,none,undetermined,unknown
79,Germany,105,Israel,270,Rape or colza seed,2013,1.0,13093.0,13093.0,5784300.0,4594635.0,10378935.0,0.0,0.001,none,undetermined,unknown
68,France,229,United Kingdom of Great Britain and Northern Ireland,236,Soya beans,2015,4.35,56860.9,13071.471,336830.0,719534.32,1056364.3199999998,0.0,0.054,none,undetermined,unknown
223,Türkiye,198,Slovenia,560,Grapes,2000,13066.0,1.0,13066.0,3600000.0,172.0,3600172.0,0.004,0.0,none,undetermined,unknown
202,South Africa,147,Namibia,564,Wine,2012,2.0,26032.0,13016.0,1056841.0,2570.0,1059411.0,0.0,0.025,none,undetermined,unknown
229,United Kingdom of Great Britain and Northern Ireland,223,Türkiye,15,Wheat,2019,17558.78,1.35,13006.504,16225000.0,1210183.68,17435183.68,0.001,0.0,none,undetermined,unknown
272,Serbia,223,Türkiye,56,Maize (corn),2017,32.26,415805.11,12889.185,4018370.0,3377.53,4021747.53,0.0,0.103,none,undetermined,unknown
216,Thailand,68,France,162,Raw cane or beet sugar (centrifugal only),1988,12842.0,1.0,12842.0,2704000.0,14.0,2704014.0,0.005,0.0,none,undetermined,unknown
48,Costa Rica,33,Canada,486,Bananas,1995,11.0,141246.0,12840.545,2033494.0,501.0,2033995.0,0.0,0.069,none,undetermined,unknown
231,United States of America,33,Canada,890,"Whey, condensed",2016,1.62,20790.23,12833.475,57845.0,22.32,57867.32,0.0,0.359,none,undetermined,unknown
223,Türkiye,198,Slovenia,397,Cucumbers and gherkins,2005,12749.0,1.0,12749.0,1745000.0,1.0,1745001.0,0.007,0.0,none,undetermined,unknown
203,Spain,150,Netherlands (Kingdom of the),15,Wheat,2000,12688.0,1.0,12688.0,7293623.0,2502039.0,9795662.0,0.001,0.0,none,undetermined,unknown
168,Papua New Guinea,229,United Kingdom of Great Britain and Northern Ireland,258,Oil of palm kernel,1996,1.0,12686.0,12686.0,19342.8,311.0,19653.8,0.0,0.645,none,undetermined,unknown
44,Colombia,33,Canada,486,Bananas,1989,4.0,50665.0,12666.25,1241920.0,75.0,1241995.0,0.0,0.041,none,undetermined,unknown
68,France,203,Spain,292,Mustard seed,2015,1.0,12627.3,12627.3,16000.0,24334.079999999998,40334.08,0.0,0.313,none,undetermined,unknown
138,Mexico,33,Canada,567,Watermelons,1997,1.0,12573.0,12573.0,709642.0,703.0,710345.0,0.0,0.018,none,undetermined,unknown
67,Finland,162,Norway,271,"Rapeseed or canola oil, crude",2010,3.0,37654.0,12551.333,119300.0,8757.0,128057.0,0.0,0.294,none,undetermined,unknown
110,Japan,100,India,268,"Sunflower-seed oil, crude",2011,1.0,12551.0,12551.0,930.0,16327.0,17257.0,0.0,0.727,none,undetermined,unknown
79,Germany,223,Türkiye,44,Barley,2013,4.0,49936.0,12484.0,10343600.0,1128893.0,11472493.0,0.0,0.004,none,undetermined,unknown
100,India,41,"China, mainland",813,"Coir, raw",2016,391744.89,31.5,12436.346,562432.93,156.56,562589.4900000001,0.696,0.0,none,undetermined,unknown
186,Serbia and Montenegro,223,Türkiye,15,Wheat,2001,4.0,49699.0,12424.75,2534200.0,8852.0,2543052.0,0.0,0.02,none,undetermined,unknown
96,"China, Hong Kong SAR",41,"China, mainland",1035,"Meat of pig with the bone, fresh or chilled",1998,24832.0,2.0,12416.0,161000.0,127609.0,288609.0,0.086,0.0,none,undetermined,unknown
150,Netherlands (Kingdom of the),11,Austria,44,Barley,2006,2.0,24724.0,12362.0,268700.0,1471844.0,1740544.0,0.0,0.014,none,undetermined,unknown
119,Latvia,210,Sweden,270,Rape or colza seed,2020,19394.98,1.57,12353.49,455500.0,130279.29999999999,585779.3,0.033,0.0,none,undetermined,unknown
150,Netherlands (Kingdom of the),174,Portugal,56,Maize (corn),2015,12351.0,1.0,12351.0,121114.0,4674228.44,4795342.44,0.003,0.0,none,undetermined,unknown
167,Czechia,150,Netherlands (Kingdom of the),270,Rape or colza seed,2013,74073.0,6.0,12345.5,1443210.0,140940.0,1584150.0,0.047,0.0,none,undetermined,unknown
97,Hungary,98,Croatia,56,Maize (corn),1998,159977.0,13.0,12305.923,6143000.0,3352.0,6146352.0,0.026,0.0,none,undetermined,unknown
41,"China, mainland",79,Germany,271,"Rapeseed or canola oil, crude",2005,12238.0,1.0,12238.0,4645100.0,177558.0,4822658.0,0.003,0.0,none,undetermined,unknown
100,India,255,Belgium,165,Molasses,2018,3.0,36700.86,12233.62,14063000.0,11038.03,14074038.03,0.0,0.003,none,undetermined,unknown
229,United Kingdom of Great Britain and Northern Ireland,211,Switzerland,15,Wheat,1995,12207.0,1.0,12207.0,14309981.0,879552.0,15189533.0,0.001,0.0,none,undetermined,unknown
231,United States of America,165,Pakistan,1058,"Meat of chickens, fresh or chilled",2015,22094.46,1.81,12206.884,18402752.88,59970.399999999994,18462723.279999997,0.001,0.0,none,undetermined,unknown
202,South Africa,199,Slovakia,495,"Tangerines, mandarins, clementines",1998,2.0,24277.0,12138.5,90123.0,203.0,90326.0,0.0,0.269,none,undetermined,unknown
21,Brazil,150,Netherlands (Kingdom of the),56,Maize (corn),2012,24266.0,2.0,12133.0,71072810.0,830443.0,71903253.0,0.0,0.0,none,undetermined,unknown
41,"China, mainland",117,Republic of Korea,234,"Other nuts (excluding wild edible nuts and groundnuts), in shell, n.e.c.",2012,12120.0,1.0,12120.0,135000.0,31966.0,166966.0,0.073,0.0,none,undetermined,unknown
68,France,174,Portugal,162,Raw cane or beet sugar (centrifugal only),2005,12110.0,1.0,12110.0,4550000.0,130643.0,4680643.0,0.003,0.0,none,undetermined,unknown
131,Malaysia,15,Belgium-Luxembourg,257,Palm oil,1987,2.0,24171.0,12085.5,4531960.0,90598.0,4622558.0,0.0,0.005,none,undetermined,unknown
173,Poland,229,United Kingdom of Great Britain and Northern Ireland,165,Molasses,2011,12019.0,1.0,12019.0,340000.0,81326.0,421326.0,0.029,0.0,none,undetermined,unknown
216,Thailand,120,Lao People's Democratic Republic,1058,"Meat of chickens, fresh or chilled",2018,34094.81,2.84,12005.215,1614654.77,655.13,1615309.9,0.021,0.0,none,undetermined,unknown
231,United States of America,150,Netherlands (Kingdom of the),334,Oil of linseed,2003,11979.0,1.0,11979.0,99790.0,6933.0,106723.0,0.112,0.0,none,undetermined,unknown
211,Switzerland,68,France,900,"Whey, dry",2015,47840.57,4.0,11960.142,97000.0,8604.07,105604.07,0.453,0.0,none,undetermined,unknown
138,Mexico,33,Canada,568,Cantaloupes and other melons,2000,1.0,11950.0,11950.0,603214.0,8863.0,612077.0,0.0,0.02,none,undetermined,unknown
202,South Africa,226,Uganda,162,Raw cane or beet sugar (centrifugal only),2001,1.0,11927.0,11927.0,2504000.0,275.0,2504275.0,0.0,0.005,none,undetermined,unknown
184,Rwanda,114,Kenya,667,Tea leaves,1999,11867.0,1.0,11867.0,56000.0,60.0,56060.0,0.212,0.0,none,undetermined,unknown
41,"China, mainland",110,Japan,393,Cauliflowers and broccoli,2006,35588.0,3.0,11862.667,7700000.0,0.0,7700000.0,0.005,0.0,none,undetermined,unknown
185,Russian Federation,54,Denmark,187,"Peas, dry",2020,32604.77,2.75,11856.28,2740075.4,12970.8,2753046.1999999997,0.012,0.0,none,undetermined,unknown
234,Uruguay,21,Brazil,44,Barley,2014,1.52,18006.76,11846.553,252400.0,123698.58,376098.58,0.0,0.048,none,undetermined,unknown
154,North Macedonia,57,Belarus,521,Pears,2015,1.34,15809.74,11798.313,9016.0,662.0,9678.0,0.0,1.634,none,undetermined,unknown
231,United States of America,110,Japan,897,Whole milk powder,2004,11793.0,1.0,11793.0,18900.0,8277.0,27177.0,0.434,0.0,none,undetermined,unknown
170,Peru,203,Spain,162,Raw cane or beet sugar (centrifugal only),2014,1.73,20363.62,11770.879,1203492.0,7540.63,1211032.63,0.0,0.017,none,undetermined,unknown
185,Russian Federation,79,Germany,44,Barley,2007,11769.0,1.0,11769.0,15559075.0,272611.0,15831686.0,0.001,0.0,none,undetermined,unknown
199,Slovakia,97,Hungary,162,Raw cane or beet sugar (centrifugal only),2010,58823.0,5.0,11764.6,153000.0,56061.0,209061.0,0.281,0.0,none,undetermined,unknown
41,"China, mainland",96,"China, Hong Kong SAR",373,Spinach,2020,54087.7,4.6,11758.196,28779000.0,0.0,28779000.0,0.002,0.0,none,undetermined,unknown
203,Spain,203,Spain,882,Raw milk of cattle,2012,23501.0,2.0,11750.5,6508700.0,484554.0,6993254.0,0.003,0.0,none,undetermined,unknown
59,Egypt,68,France,165,Molasses,1995,2.0,23477.0,11738.5,490000.0,0.0,490000.0,0.0,0.048,none,undetermined,unknown
44,Colombia,33,Canada,486,Bananas,2009,11.0,128840.0,11712.727,1993758.9,6564.0,2000322.9,0.0,0.064,none,undetermined,unknown
231,United States of America,33,Canada,486,Bananas,1995,396732.0,34.0,11668.588,5900.0,3663821.0,3669721.0,0.108,0.0,none,undetermined,unknown
114,Kenya,226,Uganda,83,Sorghum,2019,37522.15,3.23,11616.765,288000.0,141609.36000000002,429609.36,0.087,0.0,none,undetermined,unknown
138,Mexico,33,Canada,568,Cantaloupes and other melons,1990,1.0,11614.0,11614.0,523194.0,1438.0,524632.0,0.0,0.022,none,undetermined,unknown
211,Switzerland,68,France,900,"Whey, dry",2017,47557.86,4.1,11599.478,82000.0,8038.7,90038.7,0.528,0.0,none,undetermined,unknown
63,Estonia,150,Netherlands (Kingdom of the),44,Barley,2018,24221.29,2.09,11589.134,347500.0,7598.03,355098.03,0.068,0.0,none,undetermined,unknown
21,Brazil,27,Bulgaria,162,Raw cane or beet sugar (centrifugal only),2005,27.0,311735.0,11545.741,29500000.0,0.0,29500000.0,0.0,0.011,none,undetermined,unknown
203,Spain,102,Iran (Islamic Republic of),56,Maize (corn),2018,15.02,173120.0,11525.965,3842520.0,9507673.66,13350193.66,0.0,0.013,none,undetermined,unknown
255,Belgium,216,Thailand,51,"Beer of barley, malted",2005,2.0,23043.0,11521.5,1727400.0,162431.0,1889831.0,0.0,0.012,none,undetermined,unknown
157,Nicaragua,79,Germany,165,Molasses,2013,11501.0,1.0,11501.0,263000.0,11.0,263011.0,0.044,0.0,none,undetermined,unknown
173,Poland,203,Spain,165,Molasses,2017,16400.0,1.44,11388.889,530000.0,27609.899999999998,557609.9,0.029,0.0,none,undetermined,unknown
27,Bulgaria,183,Romania,56,Maize (corn),2002,22731.0,2.0,11365.5,1288105.0,121001.0,1409106.0,0.016,0.0,none,undetermined,unknown
229,United Kingdom of Great Britain and Northern Ireland,33,Canada,165,Molasses,1989,2.0,22652.0,11326.0,433000.0,677182.0,1110182.0,0.0,0.02,none,undetermined,unknown
138,Mexico,33,Canada,388,Tomatoes,1988,1.0,11298.0,11298.0,2053275.0,0.0,2053275.0,0.0,0.006,none,undetermined,unknown
203,Spain,150,Netherlands (Kingdom of the),237,Soya bean oil,2007,11278.0,1.0,11278.0,444300.0,41345.0,485645.0,0.023,0.0,none,undetermined,unknown
104,Ireland,173,Poland,889,"Whole milk, condensed",2016,2.34,26389.6,11277.607,65500.0,5318.76,70818.76,0.0,0.373,none,undetermined,unknown
68,France,211,Switzerland,882,Raw milk of cattle,2006,22512.0,2.0,11256.0,22674753.0,273829.0,22948582.0,0.001,0.0,none,undetermined,unknown
173,Poland,150,Netherlands (Kingdom of the),888,Skim milk of cows,2007,11209.0,1.0,11209.0,4660500.0,15540.0,4676040.0,0.002,0.0,none,undetermined,unknown
10,Australia,225,United Arab Emirates,56,Maize (corn),2015,6.5,72477.54,11150.391,494589.0,856.91,495445.91,0.0,0.146,none,undetermined,unknown
215,United Republic of Tanzania,226,Uganda,15,Wheat,2010,33302.0,3.0,11100.667,62370.0,1039810.0,1102180.0,0.03,0.0,none,undetermined,unknown
156,New Zealand,231,United States of America,592,Kiwi fruit,1996,1.0,11074.0,11074.0,228000.0,36.0,228036.0,0.0,0.049,none,undetermined,unknown
10,Australia,117,Republic of Korea,162,Raw cane or beet sugar (centrifugal only),2004,90.0,992979.0,11033.1,4994000.0,4997.0,4998997.0,0.0,0.199,none,undetermined,unknown
231,United States of America,38,Sri Lanka,56,Maize (corn),1996,22020.0,2.0,11010.0,234517750.0,387461.0,234905211.0,0.0,0.0,none,undetermined,unknown
150,Netherlands (Kingdom of the),100,India,237,Soya bean oil,2019,5.34,58752.6,11002.36,635200.0,102335.19,737535.19,0.0,0.08,none,undetermined,unknown
84,Greece,27,Bulgaria,271,"Rapeseed or canola oil, crude",2013,1.0,10992.0,10992.0,11600.0,6751.0,18351.0,0.0,0.599,none,undetermined,unknown
97,Hungary,199,Slovakia,888,Skim milk of cows,2010,21973.0,2.0,10986.5,198432.0,4940.0,203372.0,0.108,0.0,none,undetermined,unknown
272,Serbia,203,Spain,56,Maize (corn),2011,16.0,175710.0,10981.875,6479564.0,3510.0,6483074.0,0.0,0.027,none,undetermined,unknown
68,France,211,Switzerland,882,Raw milk of cattle,2011,21955.0,2.0,10977.5,24361094.0,358483.0,24719577.0,0.001,0.0,none,undetermined,unknown
97,Hungary,150,Netherlands (Kingdom of the),44,Barley,2017,17539.9,1.6,10962.438,1416376.0,27125.24,1443501.24,0.012,0.0,none,undetermined,unknown
106,Italy,174,Portugal,15,Wheat,2007,1.0,10958.0,10958.0,7170181.0,6258257.0,13428438.0,0.0,0.001,none,undetermined,unknown
21,Brazil,229,United Kingdom of Great Britain and Northern Ireland,56,Maize (corn),2021,7.94,86911.83,10946.074,88272116.0,3205562.54,91477678.54,0.0,0.001,none,undetermined,unknown
126,Lithuania,185,Russian Federation,515,Apples,2008,185699.0,17.0,10923.471,74251.0,174981.0,249232.0,0.745,0.0,none,undetermined,unknown
10,Australia,156,New Zealand,162,Raw cane or beet sugar (centrifugal only),2017,10.11,109424.5,10823.393,4770000.0,5241.54,4775241.54,0.0,0.023,none,undetermined,unknown
10,Australia,33,Canada,162,Raw cane or beet sugar (centrifugal only),2000,43.0,464121.0,10793.512,5448000.0,2783.0,5450783.0,0.0,0.085,none,undetermined,unknown
229,United Kingdom of Great Britain and Northern Ireland,231,United States of America,165,Molasses,2016,1.44,15535.19,10788.326,230000.0,539751.88,769751.88,0.0,0.02,none,undetermined,unknown
171,Philippines,79,Germany,252,Coconut oil,2001,20.0,215549.0,10777.45,1741640.4,23.0,1741663.4,0.0,0.124,none,undetermined,unknown
255,Belgium,211,Switzerland,15,Wheat,2017,24088.86,2.24,10753.955,1702721.0,4575143.02,6277864.02,0.004,0.0,none,undetermined,unknown
97,Hungary,223,Türkiye,15,Wheat,2017,13.4,143046.97,10675.147,5246258.0,144856.1,5391114.1,0.0,0.027,none,undetermined,unknown
21,Brazil,171,Philippines,56,Maize (corn),2013,10635.0,1.0,10635.0,80273172.0,911388.0,81184560.0,0.0,0.0,none,undetermined,unknown
54,Denmark,174,Portugal,15,Wheat,2017,2.63,27827.0,10580.608,4834100.0,222335.26,5056435.26,0.0,0.006,none,undetermined,unknown
211,Switzerland,79,Germany,900,"Whey, dry",2015,33826.89,3.2,10570.903,97000.0,8604.07,105604.07,0.32,0.0,none,undetermined,unknown
81,Ghana,229,United Kingdom of Great Britain and Northern Ireland,486,Bananas,2013,1.0,10565.0,10565.0,84240.0,298.0,84538.0,0.0,0.125,none,undetermined,unknown
216,Thailand,200,Singapore,603,"Other tropical fruits, n.e.c.",1996,1.0,10565.0,10565.0,881738.34,0.0,881738.34,0.0,0.012,none,undetermined,unknown
183,Romania,105,Israel,15,Wheat,2016,211185.22,20.0,10559.261,8431131.0,2155962.6999999997,10587093.7,0.02,0.0,none,undetermined,unknown
44,Colombia,33,Canada,486,Bananas,1999,11.0,116144.0,10558.545,1725951.0,40889.0,1766840.0,0.0,0.066,none,undetermined,unknown
100,India,174,Portugal,162,Raw cane or beet sugar (centrifugal only),2004,1.0,10550.0,10550.0,15150000.0,924755.0,16074755.0,0.0,0.001,none,undetermined,unknown
100,India,194,Saudi Arabia,486,Bananas,2021,12199.06,1.16,10516.431,33062000.0,0.0,33062000.0,0.0,0.0,none,undetermined,unknown
146,Republic of Moldova,230,Ukraine,56,Maize (corn),2006,10482.0,1.0,10482.0,1322186.0,121.0,1322307.0,0.008,0.0,none,undetermined,unknown
9,Argentina,185,Russian Federation,867,"Meat of cattle with the bone, fresh or chilled",2006,6.0,62870.0,10478.333,3033600.0,3002.0,3036602.0,0.0,0.021,none,undetermined,unknown
150,Netherlands (Kingdom of the),105,Israel,56,Maize (corn),2003,2.0,20652.0,10326.0,206000.0,1996185.0,2202185.0,0.0,0.009,none,undetermined,unknown
216,Thailand,229,United Kingdom of Great Britain and Northern Ireland,162,Raw cane or beet sugar (centrifugal only),1989,30897.0,3.0,10299.0,4051852.0,0.0,4051852.0,0.008,0.0,none,undetermined,unknown
170,Peru,203,Spain,162,Raw cane or beet sugar (centrifugal only),2013,20435.0,2.0,10217.5,1174068.0,2473.0,1176541.0,0.017,0.0,none,undetermined,unknown
150,Netherlands (Kingdom of the),174,Portugal,15,Wheat,2002,3.0,30594.0,10198.0,1056640.0,3779565.0,4836205.0,0.0,0.006,none,undetermined,unknown
33,Canada,211,Switzerland,15,Wheat,1993,8.0,81300.0,10162.5,27255900.0,22764.0,27278664.0,0.0,0.003,none,undetermined,unknown
79,Germany,174,Portugal,56,Maize (corn),2017,30.05,305351.1,10161.434,4547600.0,2554729.4299999997,7102329.43,0.0,0.043,none,undetermined,unknown
150,Netherlands (Kingdom of the),54,Denmark,44,Barley,2008,4.0,40610.0,10152.5,310200.0,1331106.0,1641306.0,0.0,0.025,none,undetermined,unknown
100,India,215,United Republic of Tanzania,165,Molasses,2008,2.0,20228.0,10114.0,11313000.0,44048.0,11357048.0,0.0,0.002,none,undetermined,unknown
48,Costa Rica,211,Switzerland,656,"Coffee, green",2019,1.19,11970.06,10058.874,76385.0,13953.11,90338.11,0.0,0.133,none,undetermined,unknown
97,Hungary,150,Netherlands (Kingdom of the),271,"Rapeseed or canola oil, crude",2019,13860.18,1.38,10043.609,81700.0,48721.09,130421.09,0.106,0.0,none,undetermined,unknown
21,Brazil,150,Netherlands (Kingdom of the),661,Cocoa beans,1996,10020.0,1.0,10020.0,256777.0,63.0,256840.0,0.039,0.0,none,undetermined,unknown
96,"China, Hong Kong SAR",41,"China, mainland",1036,"Edible offal of pigs, fresh, chilled or frozen",2003,190134.0,19.0,10007.053,11514.71,210460.0,221974.71,0.857,0.0,none,undetermined,unknown
150,Netherlands (Kingdom of the),203,Spain,71,Rye,2004,40017.0,4.0,10004.25,16600.0,246285.0,262885.0,0.152,0.0,none,undetermined,unknown
203,Spain,117,Republic of Korea,1035,"Meat of pig with the bone, fresh or chilled",2020,33362.53,3.34,9988.781,5003430.0,70064.44,5073494.44,0.007,0.0,none,undetermined,unknown
41,"China, mainland",131,Malaysia,257,Palm oil,2016,1.0,9944.4,9944.4,112290.03,4478024.4399999995,4590314.47,0.0,0.002,none,undetermined,unknown
150,Netherlands (Kingdom of the),174,Portugal,15,Wheat,2003,4.0,39705.0,9926.25,1130100.0,3022418.0,4152518.0,0.0,0.01,none,undetermined,unknown
10,Australia,101,Indonesia,162,Raw cane or beet sugar (centrifugal only),2005,26.0,257353.0,9898.192,5234000.0,2583.0,5236583.0,0.0,0.049,none,undetermined,unknown
150,Netherlands (Kingdom of the),102,Iran (Islamic Republic of),237,Soya bean oil,2003,2.0,19787.0,9893.5,689700.0,52228.0,741928.0,0.0,0.027,none,undetermined,unknown
150,Netherlands (Kingdom of the),84,Greece,15,Wheat,2003,2.0,19783.0,9891.5,1130100.0,3022418.0,4152518.0,0.0,0.005,none,undetermined,unknown
211,Switzerland,68,France,900,"Whey, dry",1998,9856.0,1.0,9856.0,10100.0,741.0,10841.0,0.909,0.0,none,undetermined,unknown
79,Germany,63,Estonia,162,Raw cane or beet sugar (centrifugal only),1999,1.0,9850.0,9850.0,4784000.0,13705.0,4797705.0,0.0,0.002,none,undetermined,unknown
79,Germany,80,Bosnia and Herzegovina,162,Raw cane or beet sugar (centrifugal only),2004,1.0,9849.0,9849.0,4296000.0,28169.0,4324169.0,0.0,0.002,none,undetermined,unknown
231,United States of America,33,Canada,486,Bananas,2002,413222.0,42.0,9838.619,9070.0,3906960.0,3916030.0,0.106,0.0,none,undetermined,unknown
167,Czechia,11,Austria,882,Raw milk of cattle,2005,1.0,9835.0,9835.0,2812722.24,95310.0,2908032.24,0.0,0.003,none,undetermined,unknown
105,Israel,185,Russian Federation,515,Apples,2015,1.56,15295.54,9804.833,108000.0,16567.739999999998,124567.73999999999,0.0,0.123,none,undetermined,unknown
229,United Kingdom of Great Britain and Northern Ireland,203,Spain,60,Oil of maize,2015,2.0,19552.6,9776.3,24000.0,2551.2,26551.2,0.0,0.736,none,undetermined,unknown
126,Lithuania,162,Norway,271,"Rapeseed or canola oil, crude",2010,1.0,9705.0,9705.0,11876.4,53787.0,65663.4,0.0,0.148,none,undetermined,unknown
199,Slovakia,173,Poland,271,"Rapeseed or canola oil, crude",2015,74539.5,7.7,9680.455,68800.0,104605.57,173405.57,0.43,0.0,none,undetermined,unknown
255,Belgium,185,Russian Federation,826,Unmanufactured tobacco,2012,9673.0,1.0,9673.0,129.0,114593.0,114722.0,0.084,0.0,none,undetermined,unknown
59,Egypt,57,Belarus,403,"Onions and shallots, dry (excluding dehydrated)",2002,9631.0,1.0,9631.0,754856.0,177.0,755033.0,0.013,0.0,none,undetermined,unknown
54,Denmark,68,France,15,Wheat,2002,67172.0,7.0,9596.0,4056240.0,405839.0,4462079.0,0.015,0.0,none,undetermined,unknown
79,Germany,150,Netherlands (Kingdom of the),157,Sugar beet,2009,2.0,19188.0,9594.0,25919041.0,305909.0,26224950.0,0.0,0.001,none,undetermined,unknown
96,"China, Hong Kong SAR",41,"China, mainland",1058,"Meat of chickens, fresh or chilled",2001,651887.0,68.0,9586.574,60000.0,879851.0,939851.0,0.694,0.0,none,undetermined,unknown
79,Germany,27,Bulgaria,56,Maize (corn),2012,1.0,9566.0,9566.0,5514700.0,2215374.0,7730074.0,0.0,0.001,none,undetermined,unknown
79,Germany,98,Croatia,15,Wheat,2000,9547.0,1.0,9547.0,21621548.0,1291134.0,22912682.0,0.0,0.0,none,undetermined,unknown
229,United Kingdom of Great Britain and Northern Ireland,79,Germany,211,Other pulses n.e.c.,2003,9534.0,1.0,9534.0,464800.0,4895.0,469695.0,0.02,0.0,none,undetermined,unknown
33,Canada,79,Germany,15,Wheat,1993,2.0,18985.0,9492.5,27255900.0,22764.0,27278664.0,0.0,0.001,none,undetermined,unknown
101,Indonesia,229,United Kingdom of Great Britain and Northern Ireland,165,Molasses,2010,1.0,9483.0,9483.0,1300000.0,106039.0,1406039.0,0.0,0.007,none,undetermined,unknown
229,United Kingdom of Great Britain and Northern Ireland,255,Belgium,1225,Tallow,2003,9438.0,1.0,9438.0,162000.0,0.0,162000.0,0.058,0.0,none,undetermined,unknown
173,Poland,255,Belgium,270,Rape or colza seed,2016,3.0,28253.9,9417.967,2219270.0,533484.3999999999,2752754.4,0.0,0.01,none,undetermined,unknown
79,Germany,84,Greece,44,Barley,2009,4.0,37500.0,9375.0,12288100.0,1195360.0,13483460.0,0.0,0.003,none,undetermined,unknown
68,France,97,Hungary,268,"Sunflower-seed oil, crude",1998,1.0,9355.0,9355.0,546000.0,191496.0,737496.0,0.0,0.013,none,undetermined,unknown
231,United States of America,21,Brazil,44,Barley,1996,9352.0,1.0,9352.0,8544220.0,798740.0,9342960.0,0.001,0.0,none,undetermined,unknown
150,Netherlands (Kingdom of the),174,Portugal,237,Soya bean oil,2009,9316.0,1.0,9316.0,469800.0,53391.0,523191.0,0.018,0.0,none,undetermined,unknown
59,Egypt,84,Greece,165,Molasses,2000,2.0,18620.0,9310.0,548000.0,204.0,548204.0,0.0,0.034,none,undetermined,unknown
231,United States of America,48,Costa Rica,767,"Cotton lint, ginned",2018,9283.0,1.0,9283.0,4003950.0,919.0,4004869.0,0.002,0.0,none,undetermined,unknown
79,Germany,102,Iran (Islamic Republic of),237,Soya bean oil,2014,9.3,86319.24,9281.639,642100.0,101616.54000000001,743716.54,0.0,0.116,none,undetermined,unknown
44,Colombia,229,United Kingdom of Great Britain and Northern Ireland,486,Bananas,1994,1.0,9279.0,9279.0,1987604.0,17302.0,2004906.0,0.0,0.005,none,undetermined,unknown
54,Denmark,67,Finland,15,Wheat,2019,11100.86,1.2,9250.717,4642090.0,221287.75,4863377.75,0.002,0.0,none,undetermined,unknown
41,"China, mainland",128,"China, Macao SAR",393,Cauliflowers and broccoli,1996,1.0,9239.0,9239.0,4300000.0,37.0,4300037.0,0.0,0.002,none,undetermined,unknown
48,Costa Rica,68,France,574,Pineapples,2001,9158.0,1.0,9158.0,950400.0,0.0,950400.0,0.01,0.0,none,undetermined,unknown
126,Lithuania,229,United Kingdom of Great Britain and Northern Ireland,15,Wheat,2007,18293.0,2.0,9146.5,1390700.0,44588.0,1435288.0,0.013,0.0,none,undetermined,unknown
100,India,200,Singapore,15,Wheat,2000,18212.0,2.0,9106.0,76368896.0,4224.0,76373120.0,0.0,0.0,none,undetermined,unknown
231,United States of America,41,"China, mainland",237,Soya bean oil,2021,1.16,10562.66,9105.741,11841000.0,152539.78,11993539.78,0.0,0.001,none,undetermined,unknown
54,Denmark,229,United Kingdom of Great Britain and Northern Ireland,888,Skim milk of cows,1997,1.0,9095.0,9095.0,1419600.0,5.0,1419605.0,0.0,0.006,none,undetermined,unknown
68,France,194,Saudi Arabia,1069,"Meat of ducks, fresh or chilled",2000,1.0,9087.0,9087.0,234107.0,1291.0,235398.0,0.0,0.039,none,undetermined,unknown
223,Türkiye,229,United Kingdom of Great Britain and Northern Ireland,165,Molasses,2020,1.0,9074.12,9074.12,950000.0,449830.33,1399830.33,0.0,0.006,none,undetermined,unknown
129,Madagascar,150,Netherlands (Kingdom of the),619,"Other fruits, n.e.c.",2010,1.0,9064.0,9064.0,8875.55,0.0,8875.55,0.0,1.021,none,undetermined,unknown
10,Australia,79,Germany,44,Barley,2017,12734.51,1.41,9031.567,9253852.0,88.12,9253940.12,0.001,0.0,none,undetermined,unknown
59,Egypt,229,United Kingdom of Great Britain and Northern Ireland,165,Molasses,2001,7.0,63069.0,9009.857,545000.0,0.0,545000.0,0.0,0.116,none,undetermined,unknown
79,Germany,40,Chile,44,Barley,2010,3.0,27003.0,9001.0,10326918.0,1231719.0,11558637.0,0.0,0.002,none,undetermined,unknown
231,United States of America,157,Nicaragua,236,Soya beans,2011,9000.0,1.0,9000.0,84291400.0,369332.0,84660732.0,0.0,0.0,none,undetermined,unknown
183,Romania,229,United Kingdom of Great Britain and Northern Ireland,56,Maize (corn),2011,2.0,17933.0,8966.5,11717591.0,373882.0,12091473.0,0.0,0.001,none,undetermined,unknown
100,India,150,Netherlands (Kingdom of the),571,"Mangoes, guavas and mangosteens",2015,14316.36,1.6,8947.725,22521000.0,751.47,22521751.47,0.001,0.0,none,undetermined,unknown
255,Belgium,211,Switzerland,15,Wheat,2021,18064.67,2.02,8942.906,1629180.0,4394683.0600000005,6023863.0600000005,0.003,0.0,none,undetermined,unknown
33,Canada,223,Türkiye,236,Soya beans,2016,7.76,69392.78,8942.369,6596500.0,360557.87,6957057.87,0.0,0.01,none,undetermined,unknown
9,Argentina,68,France,56,Maize (corn),2001,6.0,53547.0,8924.5,15359397.0,26604.0,15386001.0,0.0,0.003,none,undetermined,unknown
156,New Zealand,110,Japan,463,"Other vegetables, fresh n.e.c.",1998,8880.0,1.0,8880.0,109370.55,1334.0,110704.55,0.08,0.0,none,undetermined,unknown
40,Chile,33,Canada,534,Peaches and nectarines,2005,1.0,8878.0,8878.0,311000.0,0.0,311000.0,0.0,0.029,none,undetermined,unknown
231,United States of America,166,Panama,27,Rice,1997,17725.0,2.0,8862.5,8300380.0,5.0,8300385.0,0.002,0.0,none,undetermined,unknown
54,Denmark,231,United States of America,1035,"Meat of pig with the bone, fresh or chilled",2012,26561.0,3.0,8853.667,1669000.0,16425.0,1685425.0,0.016,0.0,none,undetermined,unknown
11,Austria,203,Spain,15,Wheat,2018,5.85,51703.88,8838.27,1367060.0,901566.73,2268626.73,0.0,0.023,none,undetermined,unknown
102,Iran (Islamic Republic of),223,Türkiye,619,"Other fruits, n.e.c.",1999,8837.0,1.0,8837.0,198937.1,0.0,198937.1,0.044,0.0,none,undetermined,unknown
10,Australia,110,Japan,162,Raw cane or beet sugar (centrifugal only),2005,43.0,379614.0,8828.233,5234000.0,2583.0,5236583.0,0.0,0.072,none,undetermined,unknown
48,Costa Rica,33,Canada,486,Bananas,2002,10.0,88131.0,8813.1,1622598.0,524.0,1623122.0,0.0,0.054,none,undetermined,unknown
68,France,49,Cuba,1080,"Meat of turkeys, fresh or chilled",2004,8773.0,1.0,8773.0,615517.0,13481.0,628998.0,0.014,0.0,none,undetermined,unknown
54,Denmark,150,Netherlands (Kingdom of the),888,Skim milk of cows,2010,1.0,8748.0,8748.0,1492300.0,34059.0,1526359.0,0.0,0.006,none,undetermined,unknown
171,Philippines,13,Bahrain,489,Plantains and cooking bananas,2020,1.5,13046.6,8697.733,3100838.72,0.0,3100838.72,0.0,0.004,none,undetermined,unknown
100,India,206,Sudan (former),15,Wheat,2002,4.0,34720.0,8680.0,72766304.0,0.0,72766304.0,0.0,0.0,none,undetermined,unknown
171,Philippines,194,Saudi Arabia,489,Plantains and cooking bananas,2021,9.22,80028.2,8679.848,3149093.05,0.0,3149093.05,0.0,0.025,none,undetermined,unknown
231,United States of America,33,Canada,486,Bananas,1994,381443.0,44.0,8669.159,6260.0,3693983.0,3700243.0,0.103,0.0,none,undetermined,unknown
41,"China, mainland",223,Türkiye,211,Other pulses n.e.c.,2007,1.0,8669.0,8669.0,110000.0,30071.0,140071.0,0.0,0.062,none,undetermined,unknown
165,Pakistan,67,Finland,165,Molasses,1990,242106.0,28.0,8646.643,995000.0,5.0,995005.0,0.243,0.0,none,undetermined,unknown
231,United States of America,162,Norway,236,Soya beans,2021,21001.0,2.44,8606.967,121503600.0,569701.89,122073301.89,0.0,0.0,none,undetermined,unknown
216,Thailand,41,"China, mainland",249,"Coconuts, in shell",1997,6.0,51640.0,8606.667,1386000.0,0.0,1386000.0,0.0,0.037,none,undetermined,unknown
173,Poland,104,Ireland,15,Wheat,2009,1.0,8605.0,8605.0,9789586.0,619021.0,10408607.0,0.0,0.001,none,undetermined,unknown
143,Morocco,136,Mauritania,388,Tomatoes,2012,8593.0,1.0,8593.0,1219071.0,42.0,1219113.0,0.007,0.0,none,undetermined,unknown
41,"China, mainland",150,Netherlands (Kingdom of the),122,Sweet potatoes,1989,17145.0,2.0,8572.5,105445008.0,0.0,105445008.0,0.0,0.0,none,undetermined,unknown
97,Hungary,104,Ireland,56,Maize (corn),2015,10264.3,1.2,8553.583,6632783.0,117583.19,6750366.19,0.002,0.0,none,undetermined,unknown
229,United Kingdom of Great Britain and Northern Ireland,68,France,44,Barley,2004,34130.0,4.0,8532.5,5799000.0,78956.0,5877956.0,0.006,0.0,none,undetermined,unknown
150,Netherlands (Kingdom of the),229,United Kingdom of Great Britain and Northern Ireland,1225,Tallow,1989,8529.0,1.0,8529.0,124000.0,70081.0,194081.0,0.044,0.0,none,undetermined,unknown
138,Mexico,33,Canada,388,Tomatoes,1986,2.0,17041.0,8520.5,1981114.0,497.0,1981611.0,0.0,0.009,none,undetermined,unknown
229,United Kingdom of Great Britain and Northern Ireland,33,Canada,165,Molasses,1997,1.0,8463.0,8463.0,395000.0,667819.0,1062819.0,0.0,0.008,none,undetermined,unknown
229,United Kingdom of Great Britain and Northern Ireland,249,Yemen,162,Raw cane or beet sugar (centrifugal only),2004,1.0,8431.0,8431.0,1510900.0,1256610.0,2767510.0,0.0,0.003,none,undetermined,unknown
171,Philippines,194,Saudi Arabia,489,Plantains and cooking bananas,2020,9.63,80608.95,8370.607,3100838.72,0.0,3100838.72,0.0,0.026,none,undetermined,unknown
138,Mexico,110,Japan,249,"Coconuts, in shell",2019,14689.58,1.76,8346.352,1090000.0,0.0,1090000.0,0.013,0.0,none,undetermined,unknown
104,Ireland,79,Germany,75,Oats,2008,2.0,16682.0,8341.0,174300.0,1443.0,175743.0,0.0,0.095,none,undetermined,unknown
68,France,4,Algeria,886,Butter of cow milk,1989,1.0,8329.0,8329.0,518400.0,74721.0,593121.0,0.0,0.014,none,undetermined,unknown
10,Australia,156,New Zealand,83,Sorghum,2006,4.0,33301.0,8325.25,1932447.0,0.0,1932447.0,0.0,0.017,none,undetermined,unknown
231,United States of America,41,"China, mainland",242,"Groundnuts, excluding shelled",2014,11654.1,1.4,8324.357,2353540.0,199.68,2353739.68,0.005,0.0,none,undetermined,unknown
9,Argentina,41,"China, mainland",56,Maize (corn),2001,58024.0,7.0,8289.143,15359397.0,26604.0,15386001.0,0.004,0.0,none,undetermined,unknown
15,Belgium-Luxembourg,174,Portugal,15,Wheat,1992,3.0,24866.0,8288.667,1410680.0,2189757.0,3600437.0,0.0,0.007,none,undetermined,unknown
150,Netherlands (Kingdom of the),41,"China, mainland",894,"Whole milk, evaporated",1997,8287.0,1.0,8287.0,328000.0,127697.0,455697.0,0.018,0.0,none,undetermined,unknown
48,Costa Rica,229,United Kingdom of Great Britain and Northern Ireland,162,Raw cane or beet sugar (centrifugal only),2018,16546.11,2.0,8273.055,431109.0,322.26,431431.26,0.038,0.0,none,undetermined,unknown
41,"China, mainland",231,United States of America,1182,Natural honey,2019,1.2,9906.42,8255.35,444053.79,4839.85,448893.63999999996,0.0,0.022,none,undetermined,unknown
68,France,54,Denmark,181,"Broad beans and horse beans, dry",2019,1.08,8913.05,8252.824,177380.0,30395.86,207775.86,0.0,0.043,none,undetermined,unknown
230,Ukraine,79,Germany,271,"Rapeseed or canola oil, crude",2005,1.0,8248.0,8248.0,36500.0,49.0,36549.0,0.0,0.226,none,undetermined,unknown
10,Australia,110,Japan,44,Barley,1995,49.0,403078.0,8226.082,5822680.0,0.0,5822680.0,0.0,0.069,none,undetermined,unknown
33,Canada,211,Switzerland,15,Wheat,1990,14.0,114957.0,8211.214,32098000.0,198.0,32098198.0,0.0,0.004,none,undetermined,unknown
229,United Kingdom of Great Britain and Northern Ireland,68,France,270,Rape or colza seed,2002,8211.0,1.0,8211.0,1467720.0,325984.0,1793704.0,0.005,0.0,none,undetermined,unknown
11,Austria,203,Spain,15,Wheat,2019,6.46,53004.0,8204.954,1596880.0,896433.05,2493313.05,0.0,0.021,none,undetermined,unknown
216,Thailand,131,Malaysia,603,"Other tropical fruits, n.e.c.",1994,2.0,16349.0,8174.5,700000.0,0.0,700000.0,0.0,0.023,none,undetermined,unknown
100,India,215,United Republic of Tanzania,162,Raw cane or beet sugar (centrifugal only),2014,73913.54,9.1,8122.367,26605000.0,1377083.36,27982083.36,0.003,0.0,none,undetermined,unknown
210,Sweden,173,Poland,162,Raw cane or beet sugar (centrifugal only),2010,24367.0,3.0,8122.333,342000.0,30573.0,372573.0,0.065,0.0,none,undetermined,unknown
229,United Kingdom of Great Britain and Northern Ireland,54,Denmark,211,Other pulses n.e.c.,2004,16198.0,2.0,8099.0,547500.0,2099.0,549599.0,0.029,0.0,none,undetermined,unknown
165,Pakistan,231,United States of America,211,Other pulses n.e.c.,2005,1.0,8079.0,8079.0,99000.0,47335.0,146335.0,0.0,0.055,none,undetermined,unknown
100,India,165,Pakistan,720,"Ginger, raw",1995,8072.0,1.0,8072.0,171000.0,7465.0,178465.0,0.045,0.0,none,undetermined,unknown
231,United States of America,166,Panama,51,"Beer of barley, malted",1989,8036.0,1.0,8036.0,23232000.0,894159.0,24126159.0,0.0,0.0,none,undetermined,unknown
231,United States of America,55,Dominica,56,Maize (corn),2012,16065.0,2.0,8032.5,273192400.0,1805004.0,274997404.0,0.0,0.0,none,undetermined,unknown
173,Poland,150,Netherlands (Kingdom of the),44,Barley,2005,8009.0,1.0,8009.0,3581156.0,117428.0,3698584.0,0.002,0.0,none,undetermined,unknown
171,Philippines,79,Germany,252,Coconut oil,2002,22.0,175972.0,7998.727,1296227.9,21.0,1296248.9,0.0,0.136,none,undetermined,unknown
68,France,67,Finland,162,Raw cane or beet sugar (centrifugal only),2008,1.0,7996.0,7996.0,3837000.0,180667.0,4017667.0,0.0,0.002,none,undetermined,unknown
21,Brazil,231,United States of America,165,Molasses,2008,1.0,7966.0,7966.0,13700000.0,2215.0,13702215.0,0.0,0.001,none,undetermined,unknown
21,Brazil,231,United States of America,165,Molasses,2019,2.16,17202.68,7964.204,12295000.0,5023.41,12300023.41,0.0,0.001,none,undetermined,unknown
203,Spain,231,United States of America,490,Oranges,1987,1.0,7939.0,7939.0,2453800.0,20.0,2453820.0,0.0,0.003,none,undetermined,unknown
44,Colombia,11,Austria,486,Bananas,1991,3.0,23808.0,7936.0,1521332.0,469.0,1521801.0,0.0,0.016,none,undetermined,unknown
10,Australia,156,New Zealand,162,Raw cane or beet sugar (centrifugal only),1991,14.0,110872.0,7919.429,3514522.0,1443.0,3515965.0,0.0,0.032,none,undetermined,unknown
41,"China, mainland",96,"China, Hong Kong SAR",162,Raw cane or beet sugar (centrifugal only),2021,1.1,8709.09,7917.355,9600000.0,4966851.9,14566851.9,0.0,0.001,none,undetermined,unknown
150,Netherlands (Kingdom of the),102,Iran (Islamic Republic of),268,"Sunflower-seed oil, crude",2010,3.0,23699.0,7899.667,210900.0,298951.0,509851.0,0.0,0.046,none,undetermined,unknown
173,Poland,150,Netherlands (Kingdom of the),271,"Rapeseed or canola oil, crude",2016,24620.5,3.12,7891.186,1075000.0,144965.14,1219965.1400000001,0.02,0.0,none,undetermined,unknown
11,Austria,203,Spain,267,Sunflower seed,2007,1.0,7845.0,7845.0,59527.0,71372.0,130899.0,0.0,0.06,none,undetermined,unknown
137,Mauritius,68,France,165,Molasses,1996,3.0,23501.0,7833.667,151527.0,0.0,151527.0,0.0,0.155,none,undetermined,unknown
256,Luxembourg,68,France,270,Rape or colza seed,2009,2.0,15656.0,7828.0,18132.0,1570.0,19702.0,0.0,0.795,none,undetermined,unknown
11,Austria,199,Slovakia,157,Sugar beet,2009,250293.0,32.0,7821.656,3083135.0,996.0,3084131.0,0.081,0.0,none,undetermined,unknown
79,Germany,198,Slovenia,56,Maize (corn),2010,7819.0,1.0,7819.0,4211501.0,1880910.0,6092411.0,0.001,0.0,none,undetermined,unknown
79,Germany,183,Romania,162,Raw cane or beet sugar (centrifugal only),1992,2.0,15586.0,7793.0,4401263.0,6047.0,4407310.0,0.0,0.004,none,undetermined,unknown
96,"China, Hong Kong SAR",128,"China, Macao SAR",1058,"Meat of chickens, fresh or chilled",2000,7790.0,1.0,7790.0,65000.0,993778.0,1058778.0,0.007,0.0,none,undetermined,unknown
33,Canada,174,Portugal,236,Soya beans,1986,15563.0,2.0,7781.5,959800.0,148083.0,1107883.0,0.014,0.0,none,undetermined,unknown
21,Brazil,104,Ireland,826,Unmanufactured tobacco,2009,7773.0,1.0,7773.0,863079.0,15533.0,878612.0,0.009,0.0,none,undetermined,unknown
138,Mexico,110,Japan,568,Cantaloupes and other melons,1991,1.0,7770.0,7770.0,645254.0,5663.0,650917.0,0.0,0.012,none,undetermined,unknown
185,Russian Federation,167,Czechia,271,"Rapeseed or canola oil, crude",2014,23226.15,3.0,7742.05,358296.0,2259.14,360555.14,0.064,0.0,none,undetermined,unknown
138,Mexico,231,United States of America,402,"Onions and shallots, green",1994,200717.0,26.0,7719.885,81917.0,43497.0,125414.0,1.6,0.0,none,undetermined,unknown
229,United Kingdom of Great Britain and Northern Ireland,79,Germany,882,Raw milk of cattle,1998,7714.0,1.0,7714.0,14632000.0,76448.0,14708448.0,0.001,0.0,none,undetermined,unknown
44,Colombia,174,Portugal,486,Bananas,1997,2.0,15420.0,7710.0,1607960.0,50517.0,1658477.0,0.0,0.009,none,undetermined,unknown
248,Yugoslav SFR,50,Cyprus,56,Maize (corn),1987,154135.0,20.0,7706.75,8863000.0,198067.0,9061067.0,0.017,0.0,none,undetermined,unknown
166,Panama,150,Netherlands (Kingdom of the),486,Bananas,1986,3.0,23080.0,7693.333,906733.0,0.0,906733.0,0.0,0.025,none,undetermined,unknown
96,"China, Hong Kong SAR",128,"China, Macao SAR",1058,"Meat of chickens, fresh or chilled",2002,7689.0,1.0,7689.0,61000.0,735445.0,796445.0,0.01,0.0,none,undetermined,unknown
96,"China, Hong Kong SAR",128,"China, Macao SAR",1058,"Meat of chickens, fresh or chilled",2011,7680.0,1.0,7680.0,27000.0,1176980.0,1203980.0,0.006,0.0,none,undetermined,unknown
100,India,41,"China, mainland",813,"Coir, raw",2013,206909.0,27.0,7663.296,596500.0,67.0,596567.0,0.347,0.0,none,undetermined,unknown
231,United States of America,84,Greece,1058,"Meat of chickens, fresh or chilled",2008,7659.0,1.0,7659.0,16994092.0,46263.0,17040355.0,0.0,0.0,none,undetermined,unknown
10,Australia,156,New Zealand,162,Raw cane or beet sugar (centrifugal only),2012,23.0,176031.0,7653.522,3683000.0,86107.0,3769107.0,0.0,0.047,none,undetermined,unknown
41,"China, mainland",128,"China, Macao SAR",358,Cabbages,2003,1.0,7650.0,7650.0,33500000.0,8.0,33500008.0,0.0,0.0,none,undetermined,unknown
170,Peru,150,Netherlands (Kingdom of the),619,"Other fruits, n.e.c.",2019,2.29,17452.97,7621.384,127587.47,0.0,127587.47,0.0,0.137,none,undetermined,unknown
68,France,211,Switzerland,888,Skim milk of cows,1997,3.0,22802.0,7600.667,11163441.0,60511.0,11223952.0,0.0,0.002,none,undetermined,unknown
19,Bolivia (Plurinational State of),44,Colombia,236,Soya beans,2012,3.0,22791.0,7597.0,2661910.0,9838.0,2671748.0,0.0,0.009,none,undetermined,unknown
185,Russian Federation,11,Austria,79,Millet,2007,7594.0,1.0,7594.0,417371.0,2.0,417373.0,0.018,0.0,none,undetermined,unknown
168,Papua New Guinea,229,United Kingdom of Great Britain and Northern Ireland,258,Oil of palm kernel,2001,1.0,7571.0,7571.0,27560.0,22.0,27582.0,0.0,0.274,none,undetermined,unknown
150,Netherlands (Kingdom of the),174,Portugal,15,Wheat,2006,1.0,7552.0,7552.0,1184400.0,3986530.0,5170930.0,0.0,0.001,none,undetermined,unknown
231,United States of America,131,Malaysia,1058,"Meat of chickens, fresh or chilled",2016,16556.69,2.2,7525.768,18708464.57,60279.83,18768744.4,0.001,0.0,none,undetermined,unknown
54,Denmark,110,Japan,1035,"Meat of pig with the bone, fresh or chilled",1998,127882.0,17.0,7522.471,1629300.0,23651.0,1652951.0,0.077,0.0,none,undetermined,unknown
200,Singapore,28,Myanmar,889,"Whole milk, condensed",2014,6.39,48026.62,7515.903,63088.0,8590.94,71678.94,0.0,0.67,none,undetermined,unknown
95,Honduras,231,United States of America,257,Palm oil,2009,7515.0,1.0,7515.0,280000.0,5777.0,285777.0,0.026,0.0,none,undetermined,unknown
68,France,202,South Africa,56,Maize (corn),1992,2.0,15003.0,7501.5,14822656.5,143986.0,14966642.5,0.0,0.001,none,undetermined,unknown
89,Guatemala,33,Canada,165,Molasses,2003,1.0,7501.0,7501.0,668000.0,3113.0,671113.0,0.0,0.011,none,undetermined,unknown
68,France,179,Qatar,108,Cereals n.e.c.,2016,8.0,59999.79,7499.974,166358.2,8103.47,174461.67,0.0,0.344,none,undetermined,unknown
229,United Kingdom of Great Britain and Northern Ireland,134,Malta,44,Barley,1998,3.0,22495.0,7498.333,6623000.0,168402.0,6791402.0,0.0,0.003,none,undetermined,unknown
231,United States of America,194,Saudi Arabia,236,Soya beans,1988,22.0,164622.0,7482.818,42153008.0,59826.0,42212834.0,0.0,0.004,none,undetermined,unknown
68,France,150,Netherlands (Kingdom of the),165,Molasses,2016,9567.73,1.28,7474.789,1048436.64,240816.66,1289253.3,0.007,0.0,none,undetermined,unknown
229,United Kingdom of Great Britain and Northern Ireland,255,Belgium,165,Molasses,2002,3.0,22409.0,7469.667,370000.0,700644.0,1070644.0,0.0,0.021,none,undetermined,unknown
255,Belgium,105,Israel,162,Raw cane or beet sugar (centrifugal only),2018,2.17,16187.89,7459.857,945460.24,71442.05,1016902.29,0.0,0.016,none,undetermined,unknown
68,France,194,Saudi Arabia,162,Raw cane or beet sugar (centrifugal only),2013,5.0,37298.0,7459.6,4331304.0,148214.0,4479518.0,0.0,0.008,none,undetermined,unknown
44,Colombia,162,Norway,486,Bananas,2001,5.0,37286.0,7457.2,1469642.0,6442.0,1476084.0,0.0,0.025,none,undetermined,unknown
56,Dominican Republic,211,Switzerland,489,Plantains and cooking bananas,2017,7523.21,1.01,7448.723,1036268.0,0.4,1036268.4,0.007,0.0,none,undetermined,unknown
216,Thailand,131,Malaysia,603,"Other tropical fruits, n.e.c.",1998,2.0,14821.0,7410.5,954337.97,0.0,954337.97,0.0,0.016,none,undetermined,unknown
44,Colombia,162,Norway,486,Bananas,2010,2.0,14794.0,7397.0,2019625.4,4516.0,2024141.4,0.0,0.007,none,undetermined,unknown
84,Greece,229,United Kingdom of Great Britain and Northern Ireland,767,"Cotton lint, ginned",1994,7386.0,1.0,7386.0,410000.0,6993.0,416993.0,0.018,0.0,none,undetermined,unknown
156,New Zealand,110,Japan,402,"Onions and shallots, green",1997,29520.0,4.0,7380.0,220000.0,123.0,220123.0,0.134,0.0,none,undetermined,unknown
10,Australia,156,New Zealand,165,Molasses,2008,191683.0,26.0,7372.423,913391.1,12410.0,925801.1,0.207,0.0,none,undetermined,unknown
89,Guatemala,170,Peru,162,Raw cane or beet sugar (centrifugal only),1996,110535.0,15.0,7369.0,1329900.0,7.0,1329907.0,0.083,0.0,none,undetermined,unknown
68,France,211,Switzerland,882,Raw milk of cattle,2005,22098.0,3.0,7366.0,23128946.9,254019.0,23382965.9,0.001,0.0,none,undetermined,unknown
231,United States of America,33,Canada,486,Bananas,1999,417722.0,57.0,7328.456,11158.0,4295291.0,4306449.0,0.097,0.0,none,undetermined,unknown
173,Poland,229,United Kingdom of Great Britain and Northern Ireland,56,Maize (corn),2011,1.0,7316.0,7316.0,2392100.0,477932.0,2870032.0,0.0,0.003,none,undetermined,unknown
84,Greece,203,Spain,15,Wheat,1997,1.0,7258.0,7258.0,2081481.54,752492.0,2833973.54,0.0,0.003,none,undetermined,unknown
231,United States of America,95,Honduras,767,"Cotton lint, ginned",2019,7256.0,1.0,7256.0,4335440.0,527.0,4335967.0,0.002,0.0,none,undetermined,unknown
150,Netherlands (Kingdom of the),144,Mozambique,51,"Beer of barley, malted",2016,152.16,1102000.0,7242.376,2455900.0,366364.02,2822264.02,0.0,0.39,none,undetermined,unknown
58,Ecuador,211,Switzerland,486,Bananas,2012,2.0,14420.0,7210.0,7012244.5,8498.0,7020742.5,0.0,0.002,none,undetermined,unknown
210,Sweden,68,France,44,Barley,1997,1.0,7206.0,7206.0,2086300.0,35193.0,2121493.0,0.0,0.003,none,undetermined,unknown
101,Indonesia,226,Uganda,257,Palm oil,2012,24.0,172146.0,7172.75,26015519.0,616.0,26016135.0,0.0,0.007,none,undetermined,unknown
173,Poland,11,Austria,71,Rye,1992,7151.0,1.0,7151.0,3981440.0,190531.0,4171971.0,0.002,0.0,none,undetermined,unknown
174,Portugal,79,Germany,1058,"Meat of chickens, fresh or chilled",2011,1.0,7151.0,7151.0,270206.0,25184.0,295390.0,0.0,0.024,none,undetermined,unknown
41,"China, mainland",141,Mongolia,373,Spinach,2018,1.0,7150.41,7150.41,26472445.0,0.0,26472445.0,0.0,0.0,none,undetermined,unknown
21,Brazil,104,Ireland,826,Unmanufactured tobacco,2007,7146.0,1.0,7146.0,908679.0,12357.0,921036.0,0.008,0.0,none,undetermined,unknown
56,Dominican Republic,231,United States of America,176,"Beans, dry",2013,7143.0,1.0,7143.0,40387.56,0.0,40387.56,0.177,0.0,none,undetermined,unknown
100,India,215,United Republic of Tanzania,162,Raw cane or beet sugar (centrifugal only),2013,99689.0,14.0,7120.643,27737000.0,1244130.0,28981130.0,0.003,0.0,none,undetermined,unknown
33,Canada,96,"China, Hong Kong SAR",271,"Rapeseed or canola oil, crude",1999,49765.0,7.0,7109.286,1201493.0,38792.0,1240285.0,0.04,0.0,none,undetermined,unknown
10,Australia,231,United States of America,271,"Rapeseed or canola oil, crude",2019,1.8,12780.15,7100.083,383900.0,16623.79,400523.79,0.0,0.032,none,undetermined,unknown
96,"China, Hong Kong SAR",41,"China, mainland",1242,Margarine and shortening,1999,21286.0,3.0,7095.333,0.0,49203.0,49203.0,0.433,0.0,none,undetermined,unknown
11,Austria,203,Spain,15,Wheat,2017,19.13,135424.04,7079.145,1437143.0,1011509.5599999999,2448652.56,0.0,0.055,none,undetermined,unknown
59,Egypt,229,United Kingdom of Great Britain and Northern Ireland,165,Molasses,1999,11.0,77839.0,7076.273,540000.0,0.0,540000.0,0.0,0.144,none,undetermined,unknown
131,Malaysia,104,Ireland,257,Palm oil,2008,3.0,21213.0,7071.0,17734440.0,721890.0,18456330.0,0.0,0.001,none,undetermined,unknown
167,Czechia,11,Austria,882,Raw milk of cattle,2006,1.0,7062.0,7062.0,2767125.0,88343.0,2855468.0,0.0,0.002,none,undetermined,unknown
100,India,215,United Republic of Tanzania,162,Raw cane or beet sugar (centrifugal only),2021,15535.21,2.2,7061.459,33760000.0,417391.35,34177391.35,0.0,0.0,none,undetermined,unknown
231,United States of America,101,Indonesia,897,Whole milk powder,2007,1.0,7042.0,7042.0,14400.0,21972.0,36372.0,0.0,0.194,none,undetermined,unknown
150,Netherlands (Kingdom of the),59,Egypt,867,"Meat of cattle with the bone, fresh or chilled",1991,2.0,14072.0,7036.0,622802.0,44815.0,667617.0,0.0,0.021,none,undetermined,unknown
106,Italy,144,Mozambique,1058,"Meat of chickens, fresh or chilled",2016,50.0,351725.63,7034.513,1022142.76,42336.42,1064479.18,0.0,0.33,none,undetermined,unknown
9,Argentina,110,Japan,826,Unmanufactured tobacco,2009,1.0,7029.0,7029.0,135531.0,3322.0,138853.0,0.0,0.051,none,undetermined,unknown
79,Germany,54,Denmark,890,"Whey, condensed",2015,1.8,12648.1,7026.722,656710.0,601762.5,1258472.5,0.0,0.01,none,undetermined,unknown
231,United States of America,68,France,165,Molasses,2020,1.46,10250.34,7020.781,1936000.0,446805.96,2382805.96,0.0,0.004,none,undetermined,unknown
231,United States of America,32,Cameroon,83,Sorghum,2011,7000.0,1.0,7000.0,5410270.0,884.0,5411154.0,0.001,0.0,none,undetermined,unknown
202,South Africa,130,Malawi,15,Wheat,2001,20985.0,3.0,6995.0,2503950.0,250938.0,2754888.0,0.008,0.0,none,undetermined,unknown
101,Indonesia,79,Germany,252,Coconut oil,2011,15.0,104357.0,6957.133,840200.0,87.0,840287.0,0.0,0.124,none,undetermined,unknown
203,Spain,143,Morocco,60,Oil of maize,2015,1.0,6955.57,6955.57,19900.0,79440.81999999999,99340.81999999999,0.0,0.07,none,undetermined,unknown
53,Benin,131,Malaysia,767,"Cotton lint, ginned",2018,20853.0,3.0,6951.0,178000.0,1.0,178001.0,0.117,0.0,none,undetermined,unknown
138,Mexico,231,United States of America,402,"Onions and shallots, green",1990,159823.0,23.0,6948.826,62273.0,42536.0,104809.0,1.525,0.0,none,undetermined,unknown
41,"China, mainland",96,"China, Hong Kong SAR",162,Raw cane or beet sugar (centrifugal only),2011,1.0,6936.0,6936.0,12519000.0,2564235.0,15083235.0,0.0,0.0,none,undetermined,unknown
138,Mexico,231,United States of America,268,"Sunflower-seed oil, crude",1992,13844.0,2.0,6922.0,87400.0,114962.0,202362.0,0.068,0.0,none,undetermined,unknown
10,Australia,110,Japan,162,Raw cane or beet sugar (centrifugal only),1993,126.0,869460.0,6900.476,4256000.0,1388.0,4257388.0,0.0,0.204,none,undetermined,unknown
171,Philippines,200,Singapore,252,Coconut oil,2006,20697.0,3.0,6899.0,1423450.9,3.0,1423453.9,0.015,0.0,none,undetermined,unknown
231,United States of America,121,Lebanon,236,Soya beans,2001,13792.0,2.0,6896.0,78671470.0,112128.0,78783598.0,0.0,0.0,none,undetermined,unknown
150,Netherlands (Kingdom of the),211,Switzerland,15,Wheat,2001,6879.0,1.0,6879.0,990700.0,3168460.0,4159160.0,0.002,0.0,none,undetermined,unknown
231,United States of America,104,Ireland,165,Molasses,2021,2.39,16430.64,6874.745,2322000.0,422725.17000000004,2744725.17,0.0,0.006,none,undetermined,unknown
59,Egypt,229,United Kingdom of Great Britain and Northern Ireland,165,Molasses,1998,3.0,20535.0,6845.0,520000.0,0.0,520000.0,0.0,0.039,none,undetermined,unknown
199,Slovakia,185,Russian Federation,901,Cheese from whole cow milk,1998,6831.0,1.0,6831.0,51540.0,3325.0,54865.0,0.125,0.0,none,undetermined,unknown
223,Türkiye,237,Viet Nam,723,"Other stimulant, spice and aromatic crops, n.e.c.",2016,8673.62,1.27,6829.622,245138.0,8658.300000000001,253796.3,0.034,0.0,none,undetermined,unknown
48,Costa Rica,33,Canada,486,Bananas,1999,15.0,102213.0,6814.2,2113214.0,253.0,2113467.0,0.0,0.048,none,undetermined,unknown
156,New Zealand,255,Belgium,886,Butter of cow milk,2001,34057.0,5.0,6811.4,391135.0,251.0,391386.0,0.087,0.0,none,undetermined,unknown
150,Netherlands (Kingdom of the),162,Norway,165,Molasses,2013,1.0,6808.0,6808.0,200000.0,328419.0,528419.0,0.0,0.013,none,undetermined,unknown
10,Australia,110,Japan,1035,"Meat of pig with the bone, fresh or chilled",2000,6803.0,1.0,6803.0,364400.0,34012.0,398412.0,0.017,0.0,none,undetermined,unknown
79,Germany,229,United Kingdom of Great Britain and Northern Ireland,572,Avocados,2020,1.02,6927.83,6791.99,0.0,122340.27,122340.27,0.0,0.057,none,undetermined,unknown
44,Colombia,33,Canada,486,Bananas,1991,7.0,47528.0,6789.714,1521332.0,469.0,1521801.0,0.0,0.031,none,undetermined,unknown
229,United Kingdom of Great Britain and Northern Ireland,105,Israel,15,Wheat,2016,10.58,71782.0,6784.688,14383000.0,1472282.7,15855282.7,0.0,0.005,none,undetermined,unknown
169,Paraguay,234,Uruguay,236,Soya beans,2009,1097244.0,162.0,6773.111,3855000.0,21815.0,3876815.0,0.283,0.0,none,undetermined,unknown
210,Sweden,126,Lithuania,15,Wheat,2008,6773.0,1.0,6773.0,2202200.0,129380.0,2331580.0,0.003,0.0,none,undetermined,unknown
156,New Zealand,15,Belgium-Luxembourg,515,Apples,1996,17.0,115033.0,6766.647,549000.0,167.0,549167.0,0.0,0.209,none,undetermined,unknown
202,South Africa,255,Belgium,564,Wine,2000,1.0,6750.0,6750.0,694917.0,7767.0,702684.0,0.0,0.01,none,undetermined,unknown
150,Netherlands (Kingdom of the),203,Spain,71,Rye,2011,6743.0,1.0,6743.0,6411.0,109168.0,115579.0,0.058,0.0,none,undetermined,unknown
171,Philippines,200,Singapore,252,Coconut oil,2004,26902.0,4.0,6725.5,1540916.5,15.0,1540931.5,0.017,0.0,none,undetermined,unknown
229,United Kingdom of Great Britain and Northern Ireland,105,Israel,71,Rye,2013,1.0,6724.0,6724.0,35000.0,5304.0,40304.0,0.0,0.167,none,undetermined,unknown
198,Slovenia,80,Bosnia and Herzegovina,867,"Meat of cattle with the bone, fresh or chilled",2019,10213.71,1.52,6719.546,35740.0,5668.54,41408.54,0.247,0.0,none,undetermined,unknown
67,Finland,150,Netherlands (Kingdom of the),15,Wheat,2011,1.0,6711.0,6711.0,974800.0,7447.0,982247.0,0.0,0.007,none,undetermined,unknown
255,Belgium,136,Mauritania,888,Skim milk of cows,2017,1.86,12468.6,6703.548,2908577.52,417771.76,3326349.2800000003,0.0,0.004,none,undetermined,unknown
131,Malaysia,101,Indonesia,162,Raw cane or beet sugar (centrifugal only),1995,1.0,6691.0,6691.0,102000.0,1033101.0,1135101.0,0.0,0.006,none,undetermined,unknown
67,Finland,228,USSR,15,Wheat,1987,3.0,20000.0,6666.667,281100.0,53438.0,334538.0,0.0,0.06,none,undetermined,unknown
97,Hungary,84,Greece,56,Maize (corn),2002,10.0,66631.0,6663.1,6120937.0,4093.0,6125030.0,0.0,0.011,none,undetermined,unknown
226,Uganda,97,Hungary,656,"Coffee, green",1999,3.0,19962.0,6654.0,251881.0,0.0,251881.0,0.0,0.079,none,undetermined,unknown
59,Egypt,84,Greece,165,Molasses,1998,1.0,6643.0,6643.0,520000.0,0.0,520000.0,0.0,0.013,none,undetermined,unknown
100,India,117,Republic of Korea,813,"Coir, raw",2013,99523.0,15.0,6634.867,596500.0,67.0,596567.0,0.167,0.0,none,undetermined,unknown
231,United States of America,183,Romania,15,Wheat,2003,145818.0,22.0,6628.091,63803256.0,1047820.0,64851076.0,0.002,0.0,none,undetermined,unknown
229,United Kingdom of Great Britain and Northern Ireland,150,Netherlands (Kingdom of the),271,"Rapeseed or canola oil, crude",1987,6625.0,1.0,6625.0,387200.0,30741.0,417941.0,0.016,0.0,none,undetermined,unknown
146,Republic of Moldova,225,United Arab Emirates,267,Sunflower seed,2018,24301.79,3.67,6621.741,788726.0,3088.17,791814.17,0.031,0.0,none,undetermined,unknown
54,Denmark,210,Sweden,1036,"Edible offal of pigs, fresh, chilled or frozen",1999,13241.0,2.0,6620.5,119616.86,11745.0,131361.86,0.101,0.0,none,undetermined,unknown
59,Egypt,106,Italy,165,Molasses,2000,4.0,26445.0,6611.25,548000.0,204.0,548204.0,0.0,0.048,none,undetermined,unknown
89,Guatemala,231,United States of America,656,"Coffee, green",1990,17.0,112263.0,6603.706,202400.0,0.0,202400.0,0.0,0.555,none,undetermined,unknown
10,Australia,41,"China, mainland",44,Barley,1995,21.0,138660.0,6602.857,5822680.0,0.0,5822680.0,0.0,0.024,none,undetermined,unknown
100,India,131,Malaysia,165,Molasses,2020,1.5,9902.13,6601.42,11125000.0,2496.12,11127496.12,0.0,0.001,none,undetermined,unknown
173,Poland,63,Estonia,15,Wheat,2019,6600.61,1.0,6600.61,10807490.0,554003.1000000001,11361493.1,0.001,0.0,none,undetermined,unknown
183,Romania,167,Czechia,15,Wheat,2018,17092.05,2.6,6573.865,10143670.0,692814.15,10836484.15,0.002,0.0,none,undetermined,unknown
68,France,183,Romania,162,Raw cane or beet sugar (centrifugal only),2018,1.68,11043.96,6573.786,5801000.0,59724.92,5860724.92,0.0,0.002,none,undetermined,unknown
165,Pakistan,102,Iran (Islamic Republic of),289,Sesame seed,2014,2.1,13792.4,6567.81,33147.0,10.3,33157.3,0.0,0.416,none,undetermined,unknown
223,Türkiye,108,Kazakhstan,1242,Margarine and shortening,2006,6544.0,1.0,6544.0,631575.0,166.0,631741.0,0.01,0.0,none,undetermined,unknown
231,United States of America,104,Ireland,51,"Beer of barley, malted",2000,6509.0,1.0,6509.0,23417000.0,2345429.0,25762429.0,0.0,0.0,none,undetermined,unknown
171,Philippines,13,Bahrain,489,Plantains and cooking bananas,2019,1.71,11125.5,6506.14,3108075.4,0.0,3108075.4,0.0,0.004,none,undetermined,unknown
79,Germany,167,Czechia,890,"Whey, condensed",2005,6473.0,1.0,6473.0,25000.0,239504.0,264504.0,0.024,0.0,none,undetermined,unknown
68,France,203,Spain,292,Mustard seed,2017,1.99,12875.51,6470.106,16300.0,23185.62,39485.619999999995,0.0,0.326,none,undetermined,unknown
150,Netherlands (Kingdom of the),203,Spain,44,Barley,2006,4.0,25871.0,6467.75,268700.0,1471844.0,1740544.0,0.0,0.015,none,undetermined,unknown
202,South Africa,229,United Kingdom of Great Britain and Northern Ireland,564,Wine,2000,8.0,51739.0,6467.375,694917.0,7767.0,702684.0,0.0,0.074,none,undetermined,unknown
44,Colombia,229,United Kingdom of Great Britain and Northern Ireland,489,Plantains and cooking bananas,2005,1.0,6467.0,6467.0,3046284.0,60902.0,3107186.0,0.0,0.002,none,undetermined,unknown
138,Mexico,110,Japan,394,"Pumpkins, squash and gourds",1993,4.0,25732.0,6433.0,400430.0,0.0,400430.0,0.0,0.064,none,undetermined,unknown
41,"China, mainland",214,"China, Taiwan Province of",426,Carrots and turnips,2006,25699.0,4.0,6424.75,10600000.0,22.0,10600022.0,0.002,0.0,none,undetermined,unknown
79,Germany,210,Sweden,1036,"Edible offal of pigs, fresh, chilled or frozen",2013,12837.0,2.0,6418.5,629345.37,62525.0,691870.37,0.019,0.0,none,undetermined,unknown
96,"China, Hong Kong SAR",41,"China, mainland",882,Raw milk of cattle,1999,6401.0,1.0,6401.0,241.0,52254.0,52495.0,0.122,0.0,none,undetermined,unknown
231,United States of America,33,Canada,486,Bananas,1997,415073.0,65.0,6385.738,6210.0,3772696.0,3778906.0,0.11,0.0,none,undetermined,unknown
203,Spain,210,Sweden,486,Bananas,2014,1.9,12123.8,6380.947,365268.0,258848.97,624116.97,0.0,0.019,none,undetermined,unknown
33,Canada,211,Switzerland,15,Wheat,1992,19.0,121197.0,6378.789,29877200.0,21461.0,29898661.0,0.0,0.004,none,undetermined,unknown
229,United Kingdom of Great Britain and Northern Ireland,162,Norway,211,Other pulses n.e.c.,2020,11652.63,1.83,6367.557,263534.34,1479.0,265013.34,0.044,0.0,none,undetermined,unknown
100,India,179,Qatar,15,Wheat,2016,3.0,19035.76,6345.253,92290000.0,1910832.5899999999,94200832.59,0.0,0.0,none,undetermined,unknown
150,Netherlands (Kingdom of the),79,Germany,459,Chicory roots,2017,6334.47,1.0,6334.47,54800.0,0.0,54800.0,0.116,0.0,none,undetermined,unknown
272,Serbia,203,Spain,56,Maize (corn),2014,20.8,131751.9,6334.226,7951582.94,8069.61,7959652.550000001,0.0,0.017,none,undetermined,unknown
229,United Kingdom of Great Britain and Northern Ireland,104,Ireland,890,"Whey, condensed",2005,6333.0,1.0,6333.0,14000.0,49.0,14049.0,0.451,0.0,none,undetermined,unknown
216,Thailand,131,Malaysia,603,"Other tropical fruits, n.e.c.",1992,2.0,12654.0,6327.0,685900.0,0.0,685900.0,0.0,0.018,none,undetermined,unknown
10,Australia,131,Malaysia,51,"Beer of barley, malted",2019,1.62,10223.53,6310.821,1610000.0,268349.41,1878349.41,0.0,0.005,none,undetermined,unknown
223,Türkiye,198,Slovenia,397,Cucumbers and gherkins,2001,6292.0,1.0,6292.0,1740000.0,21.0,1740021.0,0.004,0.0,none,undetermined,unknown
203,Spain,150,Netherlands (Kingdom of the),15,Wheat,1996,25162.0,4.0,6290.5,6040500.0,2103114.0,8143614.0,0.003,0.0,none,undetermined,unknown
138,Mexico,231,United States of America,15,Wheat,1997,25089.0,4.0,6272.25,3656594.0,1801018.0,5457612.0,0.005,0.0,none,undetermined,unknown
96,"China, Hong Kong SAR",41,"China, mainland",1036,"Edible offal of pigs, fresh, chilled or frozen",2010,488665.0,78.0,6264.936,10244.12,578383.0,588627.12,0.83,0.0,none,undetermined,unknown
156,New Zealand,231,United States of America,592,Kiwi fruit,1997,1.0,6261.0,6261.0,245000.0,56.0,245056.0,0.0,0.026,none,undetermined,unknown
96,"China, Hong Kong SAR",128,"China, Macao SAR",1058,"Meat of chickens, fresh or chilled",2003,6249.0,1.0,6249.0,58000.0,674948.0,732948.0,0.009,0.0,none,undetermined,unknown
101,Indonesia,200,Singapore,257,Palm oil,2007,624497.0,100.0,6244.97,17664724.0,1154.0,17665878.0,0.035,0.0,none,undetermined,unknown
272,Serbia,11,Austria,236,Soya beans,2019,5.07,31642.95,6241.213,700502.09,960.1800000000001,701462.27,0.0,0.045,none,undetermined,unknown
225,United Arab Emirates,194,Saudi Arabia,571,"Mangoes, guavas and mangosteens",2021,12466.22,2.0,6233.11,4571.0,104817.59,109388.59,0.114,0.0,none,undetermined,unknown
58,Ecuador,231,United States of America,393,Cauliflowers and broccoli,2006,18699.0,3.0,6233.0,49820.99,0.0,49820.99,0.375,0.0,none,undetermined,unknown
150,Netherlands (Kingdom of the),229,United Kingdom of Great Britain and Northern Ireland,270,Rape or colza seed,2009,6.0,37314.0,6219.0,11964.0,1700743.0,1712707.0,0.0,0.022,none,undetermined,unknown
206,Sudan (former),89,Guatemala,289,Sesame seed,2000,6212.0,1.0,6212.0,282000.0,99.0,282099.0,0.022,0.0,none,undetermined,unknown
202,South Africa,59,Egypt,56,Maize (corn),2007,4.0,24723.0,6180.75,7125000.0,1234174.0,8359174.0,0.0,0.003,none,undetermined,unknown
173,Poland,104,Ireland,44,Barley,2010,2.0,12342.0,6171.0,3397171.0,136454.0,3533625.0,0.0,0.003,none,undetermined,unknown
107,Côte d'Ivoire,131,Malaysia,836,Natural rubber in primary forms,2020,239237.0,38.82,6162.725,936061.0,44.51,936105.51,0.256,0.0,none,undetermined,unknown
100,India,165,Pakistan,56,Maize (corn),2007,24627.0,4.0,6156.75,18647400.0,4273.0,18651673.0,0.001,0.0,none,undetermined,unknown
231,United States of America,44,Colombia,1058,"Meat of chickens, fresh or chilled",1995,12310.0,2.0,6155.0,11573549.0,1853.0,11575402.0,0.001,0.0,none,undetermined,unknown
79,Germany,174,Portugal,44,Barley,2016,3.28,20165.58,6148.043,10730500.0,1281561.63,12012061.629999999,0.0,0.002,none,undetermined,unknown
41,"China, mainland",237,Viet Nam,162,Raw cane or beet sugar (centrifugal only),2017,15000.09,2.44,6147.578,10208000.0,1821841.28,12029841.28,0.001,0.0,none,undetermined,unknown
101,Indonesia,131,Malaysia,268,"Sunflower-seed oil, crude",2012,1.0,6146.0,6146.0,5538.28,3506.0,9044.279999999999,0.0,0.68,none,undetermined,unknown
102,Iran (Islamic Republic of),100,India,577,Dates,1998,30.0,184355.0,6145.167,918131.0,0.0,918131.0,0.0,0.201,none,undetermined,unknown
169,Paraguay,211,Switzerland,236,Soya beans,2007,257978.0,42.0,6142.333,6000000.0,15322.0,6015322.0,0.043,0.0,none,undetermined,unknown
203,Spain,203,Spain,882,Raw milk of cattle,2011,12268.0,2.0,6134.0,6522000.0,261543.0,6783543.0,0.002,0.0,none,undetermined,unknown
230,Ukraine,231,United States of America,44,Barley,2007,12264.0,2.0,6132.0,5980800.0,9211.0,5990011.0,0.002,0.0,none,undetermined,unknown
96,"China, Hong Kong SAR",41,"China, mainland",619,"Other fruits, n.e.c.",2001,116458.0,19.0,6129.368,4030.4,203991.0,208021.4,0.56,0.0,none,undetermined,unknown
58,Ecuador,211,Switzerland,486,Bananas,2013,2.0,12191.0,6095.5,5995527.0,124.0,5995651.0,0.0,0.002,none,undetermined,unknown
138,Mexico,33,Canada,388,Tomatoes,1991,2.0,12125.0,6062.5,2125152.0,17297.0,2142449.0,0.0,0.006,none,undetermined,unknown
100,India,131,Malaysia,165,Molasses,2019,1.6,9698.31,6061.444,14100000.0,27768.94,14127768.94,0.0,0.001,none,undetermined,unknown
256,Luxembourg,68,France,270,Rape or colza seed,2007,4.0,24202.0,6050.5,18302.0,1773.0,20075.0,0.0,1.206,none,undetermined,unknown
107,Côte d'Ivoire,158,Niger,489,Plantains and cooking bananas,2019,1.6,9665.77,6041.106,2029986.0,0.0,2029986.0,0.0,0.005,none,undetermined,unknown
183,Romania,223,Türkiye,51,"Beer of barley, malted",2013,6033.0,1.0,6033.0,1751924.0,53952.0,1805876.0,0.003,0.0,none,undetermined,unknown
229,United Kingdom of Great Britain and Northern Ireland,231,United States of America,165,Molasses,2000,2.0,12058.0,6029.0,335000.0,663564.0,998564.0,0.0,0.012,none,undetermined,unknown
138,Mexico,110,Japan,463,"Other vegetables, fresh n.e.c.",2006,12043.0,2.0,6021.5,615000.0,13129.0,628129.0,0.019,0.0,none,undetermined,unknown
202,South Africa,211,Switzerland,564,Wine,2000,1.0,6006.0,6006.0,694917.0,7767.0,702684.0,0.0,0.009,none,undetermined,unknown
146,Republic of Moldova,84,Greece,268,"Sunflower-seed oil, crude",2013,6001.0,1.0,6001.0,58000.0,5562.0,63562.0,0.094,0.0,none,undetermined,unknown
171,Philippines,216,Thailand,252,Coconut oil,2013,12000.0,2.0,6000.0,1492300.0,48.0,1492348.0,0.008,0.0,none,undetermined,unknown
44,Colombia,11,Austria,486,Bananas,1990,3.0,17949.0,5983.0,1243614.0,131.0,1243745.0,0.0,0.014,none,undetermined,unknown
126,Lithuania,185,Russian Federation,564,Wine,2013,77773.0,13.0,5982.538,5743.0,112593.0,118336.0,0.657,0.0,none,undetermined,unknown
150,Netherlands (Kingdom of the),194,Saudi Arabia,882,Raw milk of cattle,2012,2.0,11905.0,5952.5,11675448.0,475769.0,12151217.0,0.0,0.001,none,undetermined,unknown
169,Paraguay,150,Netherlands (Kingdom of the),237,Soya bean oil,1991,5950.0,1.0,5950.0,56900.0,0.0,56900.0,0.105,0.0,none,undetermined,unknown
48,Costa Rica,211,Switzerland,656,"Coffee, green",2020,1.97,11690.67,5934.35,86791.0,10850.62,97641.62,0.0,0.12,none,undetermined,unknown
96,"China, Hong Kong SAR",110,Japan,417,"Peas, green",1998,5911.0,1.0,5911.0,300.0,6656.0,6956.0,0.85,0.0,none,undetermined,unknown
100,India,158,Niger,83,Sorghum,2013,1.0,5910.0,5910.0,4833696.0,0.0,4833696.0,0.0,0.001,none,undetermined,unknown
185,Russian Federation,211,Switzerland,15,Wheat,2016,118301.15,20.04,5903.251,73345679.0,579923.1900000001,73925602.19,0.002,0.0,none,undetermined,unknown
58,Ecuador,44,Colombia,619,"Other fruits, n.e.c.",1995,1.0,5901.0,5901.0,36546.0,64.0,36610.0,0.0,0.161,none,undetermined,unknown
79,Germany,105,Israel,162,Raw cane or beet sugar (centrifugal only),2002,1.0,5872.0,5872.0,4394741.0,18069.0,4412810.0,0.0,0.001,none,undetermined,unknown
107,Côte d'Ivoire,68,France,489,Plantains and cooking bananas,2001,181684.0,31.0,5860.774,1581908.0,0.0,1581908.0,0.115,0.0,none,undetermined,unknown
169,Paraguay,150,Netherlands (Kingdom of the),236,Soya beans,2009,42.0,245391.0,5842.643,3855000.0,21815.0,3876815.0,0.0,0.063,none,undetermined,unknown
68,France,104,Ireland,270,Rape or colza seed,2018,6192.35,1.06,5841.84,4980540.0,940338.77,5920878.77,0.001,0.0,none,undetermined,unknown
202,South Africa,229,United Kingdom of Great Britain and Northern Ireland,165,Molasses,1999,3.0,17517.0,5839.0,857000.0,12178.0,869178.0,0.0,0.02,none,undetermined,unknown
58,Ecuador,33,Canada,486,Bananas,1995,19.0,110857.0,5834.579,5403304.0,0.0,5403304.0,0.0,0.021,none,undetermined,unknown
79,Germany,136,Mauritania,888,Skim milk of cows,2013,5.0,29003.0,5800.6,13137000.0,90424.0,13227424.0,0.0,0.002,none,undetermined,unknown
150,Netherlands (Kingdom of the),162,Norway,165,Molasses,2008,2.0,11589.0,5794.5,211000.0,462617.0,673617.0,0.0,0.017,none,undetermined,unknown
79,Germany,202,South Africa,237,Soya bean oil,2015,11000.4,1.9,5789.684,684400.0,96419.28,780819.28,0.014,0.0,none,undetermined,unknown
79,Germany,174,Portugal,44,Barley,2014,2.65,15319.4,5780.906,11562800.0,1199634.1,12762434.1,0.0,0.001,none,undetermined,unknown
231,United States of America,67,Finland,165,Molasses,1995,11560.0,2.0,5780.0,2187000.0,1062180.0,3249180.0,0.004,0.0,none,undetermined,unknown
200,Singapore,131,Malaysia,463,"Other vegetables, fresh n.e.c.",2011,5778.0,1.0,5778.0,19801.0,104654.0,124455.0,0.046,0.0,none,undetermined,unknown
200,Singapore,28,Myanmar,889,"Whole milk, condensed",2015,8.81,50875.16,5774.706,51564.0,8469.38,60033.38,0.0,0.847,none,undetermined,unknown
156,New Zealand,200,Singapore,869,"Cattle fat, unrendered",2021,8.93,51554.79,5773.213,63374.89,0.06,63374.95,0.0,0.813,none,undetermined,unknown
33,Canada,68,France,15,Wheat,2016,57811.0,10.03,5763.809,32139900.0,114306.56,32254206.56,0.002,0.0,none,undetermined,unknown
10,Australia,41,"China, mainland",162,Raw cane or beet sugar (centrifugal only),2002,64.0,367910.0,5748.594,4987000.0,4530.0,4991530.0,0.0,0.074,none,undetermined,unknown
54,Denmark,150,Netherlands (Kingdom of the),900,"Whey, dry",2016,1.3,7465.62,5742.785,29000.0,16305.05,45305.05,0.0,0.165,none,undetermined,unknown
10,Australia,156,New Zealand,165,Molasses,2013,120486.0,21.0,5737.429,918000.0,4198.0,922198.0,0.131,0.0,none,undetermined,unknown
202,South Africa,181,Zimbabwe,329,Cotton seed,2010,2.0,11471.0,5735.5,12684.0,43823.0,56507.0,0.0,0.203,none,undetermined,unknown
255,Belgium,106,Italy,237,Soya bean oil,2000,5731.0,1.0,5731.0,149549.06,224840.0,374389.06,0.015,0.0,none,undetermined,unknown
68,France,202,South Africa,44,Barley,2017,13001.5,2.27,5727.533,12086796.0,111310.62,12198106.62,0.001,0.0,none,undetermined,unknown
54,Denmark,249,Yemen,901,Cheese from whole cow milk,2011,1.0,5717.0,5717.0,276000.0,73722.0,349722.0,0.0,0.016,none,undetermined,unknown
211,Switzerland,21,Brazil,826,Unmanufactured tobacco,1997,1.0,5713.0,5713.0,1040.0,36529.0,37569.0,0.0,0.152,none,undetermined,unknown
54,Denmark,11,Austria,44,Barley,2001,1.0,5709.0,5709.0,3966181.0,328933.0,4295114.0,0.0,0.001,none,undetermined,unknown
10,Australia,33,Canada,162,Raw cane or beet sugar (centrifugal only),2003,65.0,369496.0,5684.554,5461000.0,7214.0,5468214.0,0.0,0.068,none,undetermined,unknown
230,Ukraine,221,Oman,56,Maize (corn),2021,261411.37,46.06,5675.453,42109850.0,18635.21,42128485.21,0.006,0.0,none,undetermined,unknown
216,Thailand,96,"China, Hong Kong SAR",894,"Whole milk, evaporated",2020,1.19,6740.78,5664.521,26451.84,382.62,26834.46,0.0,0.251,none,undetermined,unknown
231,United States of America,214,"China, Taiwan Province of",890,"Whey, condensed",2002,2.0,11323.0,5661.5,49000.0,596.0,49596.0,0.0,0.228,none,undetermined,unknown
231,United States of America,79,Germany,237,Soya bean oil,2000,5660.0,1.0,5660.0,8355000.0,42865.0,8397865.0,0.001,0.0,none,undetermined,unknown
10,Australia,101,Indonesia,162,Raw cane or beet sugar (centrifugal only),2004,20.0,112965.0,5648.25,4994000.0,4997.0,4998997.0,0.0,0.023,none,undetermined,unknown
106,Italy,79,Germany,890,"Whey, condensed",1992,16941.0,3.0,5647.0,29841.5,720.0,30561.5,0.554,0.0,none,undetermined,unknown
9,Argentina,110,Japan,826,Unmanufactured tobacco,2008,1.0,5641.0,5641.0,130381.0,4623.0,135004.0,0.0,0.042,none,undetermined,unknown
53,Benin,195,Senegal,257,Palm oil,2001,1.0,5640.0,5640.0,36000.0,7478.0,43478.0,0.0,0.13,none,undetermined,unknown
10,Australia,41,"China, mainland",271,"Rapeseed or canola oil, crude",2016,5.32,29936.86,5627.229,371700.0,24403.89,396103.89,0.0,0.076,none,undetermined,unknown
54,Denmark,255,Belgium,75,Oats,2012,1.0,5617.0,5617.0,302500.0,29604.0,332104.0,0.0,0.017,none,undetermined,unknown
183,Romania,255,Belgium,267,Sunflower seed,2020,13357.41,2.38,5612.357,2122870.0,242832.06000000003,2365702.06,0.006,0.0,none,undetermined,unknown
27,Bulgaria,150,Netherlands (Kingdom of the),268,"Sunflower-seed oil, crude",2017,18951.44,3.38,5606.935,461300.0,19000.510000000002,480300.51,0.039,0.0,none,undetermined,unknown
79,Germany,50,Cyprus,15,Wheat,2009,5599.0,1.0,5599.0,25192350.0,4068334.0,29260684.0,0.0,0.0,none,undetermined,unknown
210,Sweden,229,United Kingdom of Great Britain and Northern Ireland,44,Barley,2016,4.05,22665.54,5596.43,1530400.0,77862.19,1608262.19,0.0,0.014,none,undetermined,unknown
10,Australia,156,New Zealand,162,Raw cane or beet sugar (centrifugal only),2018,10.36,57947.92,5593.429,4480000.0,2518.89,4482518.89,0.0,0.013,none,undetermined,unknown
230,Ukraine,50,Cyprus,267,Sunflower seed,2007,11185.0,2.0,5592.5,4174400.0,6640.0,4181040.0,0.003,0.0,none,undetermined,unknown
100,India,10,Australia,813,"Coir, raw",2020,22680.78,4.06,5586.399,1029200.0,213.85,1029413.85,0.022,0.0,none,undetermined,unknown
229,United Kingdom of Great Britain and Northern Ireland,203,Spain,211,Other pulses n.e.c.,2017,7978.07,1.43,5579.07,280000.0,5201.69,285201.69,0.028,0.0,none,undetermined,unknown
119,Latvia,185,Russian Federation,564,Wine,2006,16725.0,3.0,5575.0,5300.0,29138.0,34438.0,0.486,0.0,none,undetermined,unknown
166,Panama,150,Netherlands (Kingdom of the),486,Bananas,1987,4.0,22295.0,5573.75,1251291.0,0.0,1251291.0,0.0,0.018,none,undetermined,unknown
56,Dominican Republic,150,Netherlands (Kingdom of the),489,Plantains and cooking bananas,2013,5573.0,1.0,5573.0,908027.99,0.0,908027.99,0.006,0.0,none,undetermined,unknown
216,Thailand,10,Australia,237,Soya bean oil,2006,1.0,5571.0,5571.0,160000.0,1107.0,161107.0,0.0,0.035,none,undetermined,unknown
138,Mexico,110,Japan,367,Asparagus,2017,1.13,6292.02,5568.159,245681.46,561.78,246243.24,0.0,0.026,none,undetermined,unknown
10,Australia,33,Canada,162,Raw cane or beet sugar (centrifugal only),2002,54.0,300513.0,5565.056,4987000.0,4530.0,4991530.0,0.0,0.06,none,undetermined,unknown
68,France,136,Mauritania,162,Raw cane or beet sugar (centrifugal only),2018,1.44,8000.0,5555.556,5801000.0,59724.92,5860724.92,0.0,0.001,none,undetermined,unknown
156,New Zealand,110,Japan,463,"Other vegetables, fresh n.e.c.",1995,5541.0,1.0,5541.0,106300.0,1436.0,107736.0,0.051,0.0,none,undetermined,unknown
100,India,131,Malaysia,252,Coconut oil,2000,4.0,22153.0,5538.25,420000.0,8577.0,428577.0,0.0,0.052,none,undetermined,unknown
156,New Zealand,150,Netherlands (Kingdom of the),402,"Onions and shallots, green",2019,37598.0,6.8,5529.118,265846.49,1307.26,267153.75,0.141,0.0,none,undetermined,unknown
79,Germany,84,Greece,267,Sunflower seed,2000,16573.0,3.0,5524.333,63861.0,354325.0,418186.0,0.04,0.0,none,undetermined,unknown
171,Philippines,79,Germany,252,Coconut oil,1998,34.0,187622.0,5518.294,1515136.0,1002.0,1516138.0,0.0,0.124,none,undetermined,unknown
216,Thailand,96,"China, Hong Kong SAR",894,"Whole milk, evaporated",2021,1.11,6124.76,5517.802,33333.33,383.57,33716.9,0.0,0.182,none,undetermined,unknown
100,India,110,Japan,79,Millet,1994,16540.0,3.0,5513.333,10299700.0,0.0,10299700.0,0.002,0.0,none,undetermined,unknown
100,India,255,Belgium,165,Molasses,2016,10.0,55086.9,5508.69,10873000.0,13545.93,10886545.93,0.0,0.005,none,undetermined,unknown
100,India,202,South Africa,162,Raw cane or beet sugar (centrifugal only),2002,5504.0,1.0,5504.0,20475000.0,4845.0,20479845.0,0.0,0.0,none,undetermined,unknown
156,New Zealand,110,Japan,897,Whole milk powder,2005,5493.0,1.0,5493.0,585000.0,685.0,585685.0,0.009,0.0,none,undetermined,unknown
10,Australia,216,Thailand,886,Butter of cow milk,2004,5491.0,1.0,5491.0,149000.0,10151.0,159151.0,0.035,0.0,none,undetermined,unknown
150,Netherlands (Kingdom of the),104,Ireland,162,Raw cane or beet sugar (centrifugal only),2013,1.0,5491.0,5491.0,1030000.0,23679.0,1053679.0,0.0,0.005,none,undetermined,unknown
10,Australia,231,United States of America,271,"Rapeseed or canola oil, crude",2017,4.07,22346.78,5490.609,385600.0,22670.62,408270.62,0.0,0.055,none,undetermined,unknown
211,Switzerland,79,Germany,900,"Whey, dry",2016,23820.98,4.34,5488.705,83000.0,8507.67,91507.67,0.26,0.0,none,undetermined,unknown
84,Greece,79,Germany,372,Lettuce and chicory,1993,1.0,5475.0,5475.0,74286.18,760.0,75046.18,0.0,0.073,none,undetermined,unknown
15,Belgium-Luxembourg,106,Italy,56,Maize (corn),1987,1.0,5467.0,5467.0,40300.0,1727414.0,1767714.0,0.0,0.003,none,undetermined,unknown
171,Philippines,200,Singapore,252,Coconut oil,2003,5461.0,1.0,5461.0,1549120.0,0.0,1549120.0,0.004,0.0,none,undetermined,unknown
229,United Kingdom of Great Britain and Northern Ireland,210,Sweden,44,Barley,2006,10906.0,2.0,5453.0,5239000.0,99417.0,5338417.0,0.002,0.0,none,undetermined,unknown
68,France,203,Spain,869,"Cattle fat, unrendered",2012,5446.0,1.0,5446.0,80438.87,997.0,81435.87,0.067,0.0,none,undetermined,unknown
126,Lithuania,185,Russian Federation,397,Cucumbers and gherkins,2011,5440.0,1.0,5440.0,28230.0,12354.0,40584.0,0.134,0.0,none,undetermined,unknown
33,Canada,162,Norway,236,Soya beans,2008,16316.0,3.0,5438.667,3335900.0,369882.0,3705782.0,0.004,0.0,none,undetermined,unknown
96,"China, Hong Kong SAR",41,"China, mainland",1036,"Edible offal of pigs, fresh, chilled or frozen",1999,119606.0,22.0,5436.636,12785.29,163950.0,176735.29,0.677,0.0,none,undetermined,unknown
10,Australia,231,United States of America,898,Skim milk and whey powder,2004,5435.0,1.0,5435.0,189000.0,3990.0,192990.0,0.028,0.0,none,undetermined,unknown
79,Germany,210,Sweden,162,Raw cane or beet sugar (centrifugal only),1991,2.0,10854.0,5427.0,4251257.0,7826.0,4259083.0,0.0,0.003,none,undetermined,unknown
203,Spain,117,Republic of Korea,1035,"Meat of pig with the bone, fresh or chilled",2015,23515.8,4.34,5418.387,3854658.0,85882.73,3940540.73,0.006,0.0,none,undetermined,unknown
223,Türkiye,229,United Kingdom of Great Britain and Northern Ireland,56,Maize (corn),2017,8.09,43795.27,5413.507,5900000.0,2055542.6900000002,7955542.69,0.0,0.006,none,undetermined,unknown
10,Australia,165,Pakistan,75,Oats,2010,1.0,5405.0,5405.0,1127683.0,37.0,1127720.0,0.0,0.005,none,undetermined,unknown
231,United States of America,170,Peru,27,Rice,2002,16213.0,3.0,5404.333,9568990.0,4.0,9568994.0,0.002,0.0,none,undetermined,unknown
131,Malaysia,101,Indonesia,162,Raw cane or beet sugar (centrifugal only),2004,5401.0,1.0,5401.0,71000.0,1387080.0,1458080.0,0.004,0.0,none,undetermined,unknown
216,Thailand,96,"China, Hong Kong SAR",894,"Whole milk, evaporated",2019,1.19,6423.27,5397.706,27099.02,985.83,28084.850000000002,0.0,0.229,none,undetermined,unknown
231,United States of America,95,Honduras,767,"Cotton lint, ginned",2020,10783.0,2.0,5391.5,3180410.0,465.0,3180875.0,0.003,0.0,none,undetermined,unknown
59,Egypt,150,Netherlands (Kingdom of the),165,Molasses,2003,10780.0,2.0,5390.0,570000.0,5.0,570005.0,0.019,0.0,none,undetermined,unknown
183,Romania,223,Türkiye,44,Barley,2018,21492.5,3.99,5386.591,1870710.0,271981.96,2142691.96,0.01,0.0,none,undetermined,unknown
96,"China, Hong Kong SAR",110,Japan,51,"Beer of barley, malted",2002,5383.0,1.0,5383.0,44468.43,124192.0,168660.43,0.032,0.0,none,undetermined,unknown
203,Spain,229,United Kingdom of Great Britain and Northern Ireland,767,"Cotton lint, ginned",1999,5375.0,1.0,5375.0,127257.0,39550.0,166807.0,0.032,0.0,none,undetermined,unknown
114,Kenya,184,Rwanda,162,Raw cane or beet sugar (centrifugal only),2010,6.0,32227.0,5371.167,523652.0,99808.0,623460.0,0.0,0.052,none,undetermined,unknown
96,"China, Hong Kong SAR",41,"China, mainland",60,Oil of maize,2000,5358.0,1.0,5358.0,540.0,18801.0,19341.0,0.277,0.0,none,undetermined,unknown
41,"China, mainland",96,"China, Hong Kong SAR",271,"Rapeseed or canola oil, crude",2008,5327.0,1.0,5327.0,4534600.0,269760.0,4804360.0,0.001,0.0,none,undetermined,unknown
48,Costa Rica,203,Spain,486,Bananas,1996,19.0,101189.0,5325.737,1904700.0,0.0,1904700.0,0.0,0.053,none,undetermined,unknown
40,Chile,33,Canada,536,Plums and sloes,2004,1.0,5323.0,5323.0,250000.0,0.0,250000.0,0.0,0.021,none,undetermined,unknown
203,Spain,229,United Kingdom of Great Britain and Northern Ireland,27,Rice,2004,1.0,5323.0,5323.0,883131.0,49156.0,932287.0,0.0,0.006,none,undetermined,unknown
233,Burkina Faso,81,Ghana,289,Sesame seed,2010,21209.0,4.0,5302.25,90649.0,31.0,90680.0,0.234,0.0,none,undetermined,unknown
229,United Kingdom of Great Britain and Northern Ireland,211,Switzerland,44,Barley,1999,5290.0,1.0,5290.0,6581000.0,119775.0,6700775.0,0.001,0.0,none,undetermined,unknown
229,United Kingdom of Great Britain and Northern Ireland,100,India,162,Raw cane or beet sugar (centrifugal only),1999,1.0,5290.0,5290.0,1683000.0,1258572.0,2941572.0,0.0,0.002,none,undetermined,unknown
33,Canada,89,Guatemala,187,"Peas, dry",2001,5287.0,1.0,5287.0,2044800.0,18490.0,2063290.0,0.003,0.0,none,undetermined,unknown
104,Ireland,96,"China, Hong Kong SAR",897,Whole milk powder,2013,1.0,5275.0,5275.0,35000.0,3277.0,38277.0,0.0,0.138,none,undetermined,unknown
79,Germany,84,Greece,44,Barley,2010,9.0,47394.0,5266.0,10326918.0,1231719.0,11558637.0,0.0,0.004,none,undetermined,unknown
170,Peru,150,Netherlands (Kingdom of the),619,"Other fruits, n.e.c.",2018,2.91,15303.5,5258.935,127000.0,0.0,127000.0,0.0,0.12,none,undetermined,unknown
185,Russian Federation,108,Kazakhstan,15,Wheat,2010,472.0,2481514.0,5257.445,41507581.0,75749.0,41583330.0,0.0,0.06,none,undetermined,unknown
101,Indonesia,200,Singapore,234,"Other nuts (excluding wild edible nuts and groundnuts), in shell, n.e.c.",2011,8.0,42042.0,5255.25,90300.0,87.0,90387.0,0.0,0.465,none,undetermined,unknown
11,Austria,84,Greece,56,Maize (corn),2007,2.0,10509.0,5254.5,1994697.62,302865.0,2297562.62,0.0,0.005,none,undetermined,unknown
150,Netherlands (Kingdom of the),174,Portugal,15,Wheat,2004,7.0,36649.0,5235.571,1223900.0,3366116.0,4590016.0,0.0,0.008,none,undetermined,unknown
11,Austria,150,Netherlands (Kingdom of the),560,Grapes,2004,5234.0,1.0,5234.0,364608.0,60289.0,424897.0,0.012,0.0,none,undetermined,unknown
41,"China, mainland",237,Viet Nam,162,Raw cane or beet sugar (centrifugal only),2018,10300.56,1.97,5228.711,10760000.0,2265272.8,13025272.8,0.001,0.0,none,undetermined,unknown
102,Iran (Islamic Republic of),165,Pakistan,898,Skim milk and whey powder,2017,8871.29,1.7,5218.406,24000.0,5030.46,29030.46,0.306,0.0,none,undetermined,unknown
231,United States of America,44,Colombia,236,Soya beans,1994,62460.0,12.0,5205.0,68443520.0,186179.0,68629699.0,0.001,0.0,none,undetermined,unknown
231,United States of America,79,Germany,1058,"Meat of chickens, fresh or chilled",1997,5200.0,1.0,5200.0,12600790.0,3138.0,12603928.0,0.0,0.0,none,undetermined,unknown
203,Spain,230,Ukraine,619,"Other fruits, n.e.c.",2012,2.0,10354.0,5177.0,195000.0,3096.0,198096.0,0.0,0.052,none,undetermined,unknown
79,Germany,229,United Kingdom of Great Britain and Northern Ireland,397,Cucumbers and gherkins,2006,1.0,5165.0,5165.0,221236.0,432241.0,653477.0,0.0,0.008,none,undetermined,unknown
10,Australia,41,"China, mainland",75,Oats,2019,35.34,181954.7,5148.69,1142934.47,11.23,1142945.7,0.0,0.159,none,undetermined,unknown
229,United Kingdom of Great Britain and Northern Ireland,38,Sri Lanka,162,Raw cane or beet sugar (centrifugal only),2000,12.0,61780.0,5148.333,1440300.0,1213468.0,2653768.0,0.0,0.023,none,undetermined,unknown
79,Germany,11,Austria,165,Molasses,1995,1.0,5138.0,5138.0,917000.0,296151.0,1213151.0,0.0,0.004,none,undetermined,unknown
89,Guatemala,231,United States of America,393,Cauliflowers and broccoli,1999,25677.0,5.0,5135.4,52163.0,0.0,52163.0,0.492,0.0,none,undetermined,unknown
21,Brazil,231,United States of America,165,Molasses,2020,1.85,9467.0,5117.297,17000000.0,8450.0,17008450.0,0.0,0.001,none,undetermined,unknown
216,Thailand,131,Malaysia,257,Palm oil,1998,20460.0,4.0,5115.0,475042.0,8471.0,483513.0,0.042,0.0,none,undetermined,unknown
102,Iran (Islamic Republic of),100,India,577,Dates,1997,24.0,122452.0,5102.167,876531.0,0.0,876531.0,0.0,0.14,none,undetermined,unknown
223,Türkiye,229,United Kingdom of Great Britain and Northern Ireland,15,Wheat,2017,3.13,15923.61,5087.415,21500000.0,4990864.79,26490864.79,0.0,0.001,none,undetermined,unknown
231,United States of America,105,Israel,237,Soya bean oil,2009,5075.0,1.0,5075.0,8885600.0,44456.0,8930056.0,0.001,0.0,none,undetermined,unknown
231,United States of America,79,Germany,44,Barley,2001,10136.0,2.0,5068.0,5406730.0,644207.0,6050937.0,0.002,0.0,none,undetermined,unknown
100,India,149,Nepal,201,"Lentils, dry",2011,1.0,5057.0,5057.0,943800.0,102366.0,1046166.0,0.0,0.005,none,undetermined,unknown
15,Belgium-Luxembourg,183,Romania,162,Raw cane or beet sugar (centrifugal only),1991,1.0,5056.0,5056.0,1049445.0,4753.0,1054198.0,0.0,0.005,none,undetermined,unknown
104,Ireland,110,Japan,1036,"Edible offal of pigs, fresh, chilled or frozen",2006,5049.0,1.0,5049.0,22850.67,2793.0,25643.67,0.197,0.0,none,undetermined,unknown
223,Türkiye,150,Netherlands (Kingdom of the),767,"Cotton lint, ginned",2020,5046.0,1.0,5046.0,656251.0,1064781.0,1721032.0,0.003,0.0,none,undetermined,unknown
150,Netherlands (Kingdom of the),194,Saudi Arabia,882,Raw milk of cattle,2014,2.6,13090.0,5034.615,12473023.0,374856.6,12847879.6,0.0,0.001,none,undetermined,unknown
33,Canada,79,Germany,271,"Rapeseed or canola oil, crude",2012,5027.0,1.0,5027.0,3148953.0,141599.0,3290552.0,0.002,0.0,none,undetermined,unknown
105,Israel,106,Italy,388,Tomatoes,2011,1.0,5026.0,5026.0,410965.0,581.0,411546.0,0.0,0.012,none,undetermined,unknown
68,France,229,United Kingdom of Great Britain and Northern Ireland,236,Soya beans,2006,2.0,10050.0,5025.0,122995.0,359215.0,482210.0,0.0,0.021,none,undetermined,unknown
236,Venezuela (Bolivarian Republic of),68,France,486,Bananas,1996,10037.0,2.0,5018.5,1026134.0,0.0,1026134.0,0.01,0.0,none,undetermined,unknown
131,Malaysia,216,Thailand,689,"Chillies and peppers, dry (Capsicum spp., Pimenta spp.), raw",2008,15043.0,3.0,5014.333,2099.14,53854.0,55953.14,0.269,0.0,none,undetermined,unknown
255,Belgium,203,Spain,270,Rape or colza seed,2020,1.27,6365.4,5012.126,29910.0,2223879.91,2253789.91,0.0,0.003,none,undetermined,unknown
150,Netherlands (Kingdom of the),21,Brazil,402,"Onions and shallots, green",2017,6.21,31121.38,5011.494,45003.94,5113.18,50117.12,0.0,0.621,none,undetermined,unknown
10,Australia,110,Japan,1035,"Meat of pig with the bone, fresh or chilled",2002,15026.0,3.0,5008.667,407274.0,43509.0,450783.0,0.033,0.0,none,undetermined,unknown
173,Poland,230,Ukraine,534,Peaches and nectarines,2006,10015.0,2.0,5007.5,5520.0,72855.0,78375.0,0.128,0.0,none,undetermined,unknown
97,Hungary,199,Slovakia,108,Cereals n.e.c.,2021,1.32,6607.41,5005.614,10790.0,6423.98,17213.98,0.0,0.384,none,undetermined,unknown
21,Brazil,230,Ukraine,162,Raw cane or beet sugar (centrifugal only),2013,5000.0,1.0,5000.0,39494000.0,56.0,39494056.0,0.0,0.0,none,undetermined,unknown
68,France,206,Sudan (former),56,Maize (corn),1998,10000.0,2.0,5000.0,14885495.1,242915.0,15128410.1,0.001,0.0,none,undetermined,unknown
119,Latvia,150,Netherlands (Kingdom of the),181,"Broad beans and horse beans, dry",2020,6000.0,1.2,5000.0,106500.0,14573.720000000001,121073.72,0.05,0.0,none,undetermined,unknown
150,Netherlands (Kingdom of the),11,Austria,15,Wheat,2008,5000.0,1.0,5000.0,1366162.0,4304568.0,5670730.0,0.001,0.0,none,undetermined,unknown
230,Ukraine,105,Israel,15,Wheat,2015,575082.28,115.06,4998.108,26532100.0,2230.87,26534330.87,0.022,0.0,none,undetermined,unknown
223,Türkiye,105,Israel,165,Molasses,2002,1.0,4988.0,4988.0,703000.0,86434.0,789434.0,0.0,0.006,none,undetermined,unknown
10,Australia,66,Fiji,187,"Peas, dry",1994,4986.0,1.0,4986.0,240407.0,0.0,240407.0,0.021,0.0,none,undetermined,unknown
236,Venezuela (Bolivarian Republic of),44,Colombia,162,Raw cane or beet sugar (centrifugal only),1997,9972.0,2.0,4986.0,613979.0,242866.0,856845.0,0.012,0.0,none,undetermined,unknown
214,"China, Taiwan Province of",110,Japan,237,Soya bean oil,1989,4980.0,1.0,4980.0,270700.0,3624.0,274324.0,0.018,0.0,none,undetermined,unknown
181,Zimbabwe,79,Germany,826,Unmanufactured tobacco,2013,1.0,4979.0,4979.0,147068.07,19181.0,166249.07,0.0,0.03,none,undetermined,unknown
214,"China, Taiwan Province of",231,United States of America,165,Molasses,2011,15.0,74575.0,4971.667,30000.0,290921.0,320921.0,0.0,0.232,none,undetermined,unknown
21,Brazil,174,Portugal,56,Maize (corn),2015,49.91,248048.1,4969.908,85283074.0,369990.18,85653064.18,0.0,0.003,none,undetermined,unknown
10,Australia,115,Cambodia,15,Wheat,2019,3.0,14895.2,4965.067,14480217.44,488689.51,14968906.95,0.0,0.001,none,undetermined,unknown
101,Indonesia,150,Netherlands (Kingdom of the),165,Molasses,2015,6000.0,1.21,4958.678,1420000.0,97001.44000000002,1517001.44,0.004,0.0,none,undetermined,unknown
225,United Arab Emirates,100,India,271,"Rapeseed or canola oil, crude",2018,41.98,207565.0,4944.378,299300.0,43.620000000000005,299343.62,0.0,0.693,none,undetermined,unknown
203,Spain,203,Spain,51,"Beer of barley, malted",2009,4940.0,1.0,4940.0,3380000.0,249059.0,3629059.0,0.001,0.0,none,undetermined,unknown
68,France,59,Egypt,867,"Meat of cattle with the bone, fresh or chilled",1986,3.0,14767.0,4922.333,1911000.0,185430.0,2096430.0,0.0,0.007,none,undetermined,unknown
79,Germany,229,United Kingdom of Great Britain and Northern Ireland,71,Rye,2001,4918.0,1.0,4918.0,5132349.0,14408.0,5146757.0,0.001,0.0,none,undetermined,unknown
231,United States of America,33,Canada,486,Bananas,2001,402875.0,82.0,4913.11,12701.0,3840605.0,3853306.0,0.105,0.0,none,undetermined,unknown
229,United Kingdom of Great Britain and Northern Ireland,203,Spain,211,Other pulses n.e.c.,2000,3.0,14698.0,4899.333,300000.0,1863.0,301863.0,0.0,0.049,none,undetermined,unknown
68,France,98,Croatia,44,Barley,2020,1.41,6901.41,4894.617,10277230.0,66450.05,10343680.05,0.0,0.001,none,undetermined,unknown
104,Ireland,210,Sweden,868,"Edible offal of cattle, fresh, chilled or frozen",2015,6850.7,1.4,4893.357,86784.62,209.20000000000002,86993.81999999999,0.079,0.0,none,undetermined,unknown
101,Indonesia,28,Myanmar,257,Palm oil,2015,564094.32,115.38,4889.013,31070015.0,7570.07,31077585.07,0.018,0.0,none,undetermined,unknown
229,United Kingdom of Great Britain and Northern Ireland,38,Sri Lanka,162,Raw cane or beet sugar (centrifugal only),2002,3.0,14660.0,4886.667,1554400.0,1207724.0,2762124.0,0.0,0.005,none,undetermined,unknown
54,Denmark,162,Norway,162,Raw cane or beet sugar (centrifugal only),1996,1.0,4884.0,4884.0,535700.0,1202.0,536902.0,0.0,0.009,none,undetermined,unknown
100,India,33,Canada,813,"Coir, raw",2016,6235.1,1.28,4871.172,562432.93,156.56,562589.4900000001,0.011,0.0,none,undetermined,unknown
169,Paraguay,203,Spain,56,Maize (corn),2008,29.0,140628.0,4849.241,2471711.0,15349.0,2487060.0,0.0,0.057,none,undetermined,unknown
10,Australia,131,Malaysia,236,Soya beans,2006,1.0,4843.0,4843.0,50149.0,750.0,50899.0,0.0,0.095,none,undetermined,unknown
84,Greece,68,France,56,Maize (corn),1997,38736.0,8.0,4842.0,2205849.94,345003.0,2550852.94,0.015,0.0,none,undetermined,unknown
100,India,106,Italy,767,"Cotton lint, ginned",2000,1.0,4834.0,4834.0,1640900.0,210587.0,1851487.0,0.0,0.003,none,undetermined,unknown
79,Germany,211,Switzerland,888,Skim milk of cows,2011,1.0,4822.0,4822.0,12380000.0,54007.0,12434007.0,0.0,0.0,none,undetermined,unknown
58,Ecuador,211,Switzerland,486,Bananas,2015,1.88,9043.37,4810.303,7194431.31,0.0,7194431.31,0.0,0.001,none,undetermined,unknown
40,Chile,33,Canada,56,Maize (corn),2017,6.64,31921.78,4807.497,1062588.7,1595745.9100000001,2658334.6100000003,0.0,0.012,none,undetermined,unknown
58,Ecuador,211,Switzerland,661,Cocoa beans,2004,1.0,4796.0,4796.0,89680.0,0.0,89680.0,0.0,0.053,none,undetermined,unknown
79,Germany,84,Greece,44,Barley,1994,3.0,14355.0,4785.0,10902517.0,501123.0,11403640.0,0.0,0.001,none,undetermined,unknown
150,Netherlands (Kingdom of the),84,Greece,56,Maize (corn),1996,3.0,14355.0,4785.0,87200.0,1453108.0,1540308.0,0.0,0.009,none,undetermined,unknown
79,Germany,84,Greece,44,Barley,2004,5.0,23921.0,4784.2,12992870.0,713161.0,13706031.0,0.0,0.002,none,undetermined,unknown
216,Thailand,68,France,165,Molasses,1990,10.0,47834.0,4783.4,1718000.0,24.0,1718024.0,0.0,0.028,none,undetermined,unknown
10,Australia,214,"China, Taiwan Province of",162,Raw cane or beet sugar (centrifugal only),2006,64.0,306000.0,4781.25,5063000.0,1381.0,5064381.0,0.0,0.06,none,undetermined,unknown
183,Romania,199,Slovakia,270,Rape or colza seed,2020,8650.67,1.81,4779.376,780160.0,81235.27,861395.27,0.01,0.0,none,undetermined,unknown
79,Germany,84,Greece,56,Maize (corn),2015,1.2,5724.0,4770.0,3973000.0,2496761.83,6469761.83,0.0,0.001,none,undetermined,unknown
231,United States of America,110,Japan,897,Whole milk powder,2000,4770.0,1.0,4770.0,50500.0,4939.0,55439.0,0.086,0.0,none,undetermined,unknown
231,United States of America,40,Chile,83,Sorghum,2007,23828.0,5.0,4765.6,12635690.0,2514.0,12638204.0,0.002,0.0,none,undetermined,unknown
167,Czechia,11,Austria,882,Raw milk of cattle,2004,1.0,4745.0,4745.0,2672676.63,59504.0,2732180.63,0.0,0.002,none,undetermined,unknown
54,Denmark,249,Yemen,898,Skim milk and whey powder,2005,1.0,4743.0,4743.0,14800.0,3769.0,18569.0,0.0,0.255,none,undetermined,unknown
106,Italy,79,Germany,236,Soya beans,1993,19.0,90096.0,4741.895,585159.0,1461026.0,2046185.0,0.0,0.044,none,undetermined,unknown
162,Norway,79,Germany,187,"Peas, dry",2011,5.0,23669.0,4733.8,2260.0,71711.0,73971.0,0.0,0.32,none,undetermined,unknown
10,Australia,131,Malaysia,162,Raw cane or beet sugar (centrifugal only),2011,22.0,104007.0,4727.591,3610000.0,102367.0,3712367.0,0.0,0.028,none,undetermined,unknown
272,Serbia,68,France,56,Maize (corn),2007,10.0,47191.0,4719.1,3904825.0,951.0,3905776.0,0.0,0.012,none,undetermined,unknown
231,United States of America,63,Estonia,15,Wheat,1999,273277.0,58.0,4711.672,62567284.0,2214564.0,64781848.0,0.004,0.0,none,undetermined,unknown
216,Thailand,150,Netherlands (Kingdom of the),162,Raw cane or beet sugar (centrifugal only),2011,37659.0,8.0,4707.375,9663000.0,243.0,9663243.0,0.004,0.0,none,undetermined,unknown
231,United States of America,150,Netherlands (Kingdom of the),165,Molasses,1997,9405.0,2.0,4702.5,2300000.0,1446689.0,3746689.0,0.003,0.0,none,undetermined,unknown
231,United States of America,114,Kenya,56,Maize (corn),2017,4.58,21504.06,4695.21,371096030.0,1343729.82,372439759.82,0.0,0.0,none,undetermined,unknown
9,Argentina,98,Croatia,56,Maize (corn),2007,14078.0,3.0,4692.667,21755364.0,4204.0,21759568.0,0.001,0.0,none,undetermined,unknown
101,Indonesia,200,Singapore,234,"Other nuts (excluding wild edible nuts and groundnuts), in shell, n.e.c.",2012,3.0,14067.0,4689.0,89600.0,299.0,89899.0,0.0,0.156,none,undetermined,unknown
58,Ecuador,211,Switzerland,661,Cocoa beans,2002,1.0,4681.0,4681.0,60268.0,18.0,60286.0,0.0,0.078,none,undetermined,unknown
156,New Zealand,131,Malaysia,463,"Other vegetables, fresh n.e.c.",2000,4679.0,1.0,4679.0,116533.49,1654.0,118187.49,0.04,0.0,none,undetermined,unknown
89,Guatemala,231,United States of America,619,"Other fruits, n.e.c.",1987,46786.0,10.0,4678.6,67989.0,121.0,68110.0,0.687,0.0,none,undetermined,unknown
100,India,144,Mozambique,15,Wheat,2019,1.5,7000.56,4667.04,103596230.0,1665.8500000000001,103597895.85,0.0,0.0,none,undetermined,unknown
41,"China, mainland",214,"China, Taiwan Province of",211,Other pulses n.e.c.,2021,4755.26,1.02,4662.02,147390.92,66991.48,214382.40000000002,0.022,0.0,none,undetermined,unknown
150,Netherlands (Kingdom of the),174,Portugal,15,Wheat,2009,13964.0,3.0,4654.667,1402040.0,4984688.0,6386728.0,0.002,0.0,none,undetermined,unknown
68,France,27,Bulgaria,15,Wheat,2004,1.0,4650.0,4650.0,39690179.5,235090.0,39925269.5,0.0,0.0,none,undetermined,unknown
156,New Zealand,10,Australia,558,Other berries and fruits of the genus vaccinium n.e.c.,1987,1.0,4647.0,4647.0,4500.0,11.0,4511.0,0.0,1.03,none,undetermined,unknown
185,Russian Federation,119,Latvia,15,Wheat,2012,139109.0,30.0,4636.967,37719640.0,373487.0,38093127.0,0.004,0.0,none,undetermined,unknown
79,Germany,59,Egypt,867,"Meat of cattle with the bone, fresh or chilled",1994,1.0,4629.0,4629.0,1420300.0,104080.0,1524380.0,0.0,0.003,none,undetermined,unknown
173,Poland,104,Ireland,15,Wheat,2019,1.12,5184.48,4629.0,10807490.0,554003.1000000001,11361493.1,0.0,0.0,none,undetermined,unknown
33,Canada,229,United Kingdom of Great Britain and Northern Ireland,270,Rape or colza seed,1996,4.0,18467.0,4616.75,5062300.0,114962.0,5177262.0,0.0,0.004,none,undetermined,unknown
223,Türkiye,57,Belarus,521,Pears,2019,3.7,17068.18,4613.022,530723.0,72.78,530795.78,0.0,0.032,none,undetermined,unknown
203,Spain,143,Morocco,403,"Onions and shallots, dry (excluding dehydrated)",2016,4609.44,1.0,4609.44,1384098.0,70888.84999999999,1454986.85,0.003,0.0,none,undetermined,unknown
106,Italy,173,Poland,619,"Other fruits, n.e.c.",1994,2.0,9218.0,4609.0,50400.0,15911.0,66311.0,0.0,0.139,none,undetermined,unknown
229,United Kingdom of Great Britain and Northern Ireland,211,Switzerland,271,"Rapeseed or canola oil, crude",2021,15208.0,3.3,4608.485,745400.0,68657.26,814057.26,0.019,0.0,none,undetermined,unknown
9,Argentina,231,United States of America,60,Oil of maize,2003,1.0,4606.0,4606.0,34700.0,0.0,34700.0,0.0,0.133,none,undetermined,unknown
150,Netherlands (Kingdom of the),105,Israel,56,Maize (corn),2002,1.0,4605.0,4605.0,230000.0,2054255.0,2284255.0,0.0,0.002,none,undetermined,unknown
150,Netherlands (Kingdom of the),174,Portugal,15,Wheat,2005,5.0,23004.0,4600.8,1174686.0,3177477.0,4352163.0,0.0,0.005,none,undetermined,unknown
272,Serbia,198,Slovenia,267,Sunflower seed,2019,2.13,9760.38,4582.338,729079.49,18032.6,747112.09,0.0,0.013,none,undetermined,unknown
181,Zimbabwe,202,South Africa,162,Raw cane or beet sugar (centrifugal only),1996,6.0,27486.0,4581.0,336781.0,23926.0,360707.0,0.0,0.076,none,undetermined,unknown
231,United States of America,202,South Africa,44,Barley,2014,4808.0,1.05,4579.048,3952610.0,522268.62,4474878.62,0.001,0.0,none,undetermined,unknown
202,South Africa,251,Zambia,414,"Other beans, green",2003,1.0,4566.0,4566.0,45156.0,236.0,45392.0,0.0,0.101,none,undetermined,unknown
138,Mexico,231,United States of America,222,"Walnuts, in shell",2002,18245.0,4.0,4561.25,70000.0,11217.0,81217.0,0.225,0.0,none,undetermined,unknown
138,Mexico,231,United States of America,222,"Walnuts, in shell",2003,22781.0,5.0,4556.2,71951.0,11343.0,83294.0,0.274,0.0,none,undetermined,unknown
100,India,150,Netherlands (Kingdom of the),571,"Mangoes, guavas and mangosteens",2003,9106.0,2.0,4553.0,13283000.0,48.0,13283048.0,0.001,0.0,none,undetermined,unknown
126,Lithuania,57,Belarus,388,Tomatoes,2015,71013.4,15.6,4552.141,7746.0,94289.8,102035.8,0.696,0.0,none,undetermined,unknown
231,United States of America,150,Netherlands (Kingdom of the),237,Soya bean oil,1996,4550.0,1.0,4550.0,6913000.0,76494.0,6989494.0,0.001,0.0,none,undetermined,unknown
216,Thailand,231,United States of America,574,Pineapples,2005,1.0,4548.0,4548.0,2183280.0,0.0,2183280.0,0.0,0.002,none,undetermined,unknown
231,United States of America,110,Japan,826,Unmanufactured tobacco,2008,3.0,13631.0,4543.667,363101.0,214042.0,577143.0,0.0,0.024,none,undetermined,unknown
68,France,54,Denmark,162,Raw cane or beet sugar (centrifugal only),2012,1.0,4530.0,4530.0,4287920.0,99161.0,4387081.0,0.0,0.001,none,undetermined,unknown
41,"China, mainland",131,Malaysia,577,Dates,2004,1.0,4520.0,4520.0,130000.0,5192.0,135192.0,0.0,0.033,none,undetermined,unknown
231,United States of America,60,El Salvador,1043,"Pig fat, rendered",1999,9036.0,2.0,4518.0,497600.0,3160.0,500760.0,0.018,0.0,none,undetermined,unknown
165,Pakistan,79,Germany,165,Molasses,2010,1.0,4511.0,4511.0,1558000.0,41.0,1558041.0,0.0,0.003,none,undetermined,unknown
68,France,221,Oman,116,Potatoes,2016,7036.35,1.56,4510.481,6954983.0,438113.3,7393096.3,0.001,0.0,none,undetermined,unknown
79,Germany,54,Denmark,258,Oil of palm kernel,2004,3.0,13514.0,4504.667,8.0,335489.0,335497.0,0.0,0.04,none,undetermined,unknown
100,India,211,Switzerland,15,Wheat,1996,18000.0,4.0,4500.0,62097400.0,612676.0,62710076.0,0.0,0.0,none,undetermined,unknown
21,Brazil,110,Japan,826,Unmanufactured tobacco,2011,4.0,17999.0,4499.75,951933.0,10349.0,962282.0,0.0,0.019,none,undetermined,unknown
231,United States of America,79,Germany,237,Soya bean oil,1993,4487.0,1.0,4487.0,6250000.0,24988.0,6274988.0,0.001,0.0,none,undetermined,unknown
44,Colombia,211,Switzerland,162,Raw cane or beet sugar (centrifugal only),2008,1.0,4485.0,4485.0,2036134.0,500.0,2036634.0,0.0,0.002,none,undetermined,unknown
21,Brazil,231,United States of America,165,Molasses,2011,1.0,4472.0,4472.0,15150000.0,3834.0,15153834.0,0.0,0.0,none,undetermined,unknown
150,Netherlands (Kingdom of the),105,Israel,270,Rape or colza seed,2007,5.0,22321.0,4464.2,11800.0,930332.0,942132.0,0.0,0.024,none,undetermined,unknown
223,Türkiye,57,Belarus,521,Pears,2020,5.8,25830.96,4453.614,545569.0,258.4,545827.4,0.0,0.047,none,undetermined,unknown
173,Poland,27,Bulgaria,271,"Rapeseed or canola oil, crude",2017,19226.94,4.32,4450.681,1125000.0,163213.35,1288213.35,0.015,0.0,none,undetermined,unknown
54,Denmark,150,Netherlands (Kingdom of the),1037,Fat of pigs,2013,1.0,4441.0,4441.0,95364.0,17825.0,113189.0,0.0,0.039,none,undetermined,unknown
21,Brazil,199,Slovakia,656,"Coffee, green",2005,48791.0,11.0,4435.545,2140169.0,22.0,2140191.0,0.023,0.0,none,undetermined,unknown
231,United States of America,33,Canada,486,Bananas,1996,407237.0,92.0,4426.489,5900.0,3776994.0,3782894.0,0.108,0.0,none,undetermined,unknown
143,Morocco,203,Spain,567,Watermelons,2000,4424.0,1.0,4424.0,218710.0,0.0,218710.0,0.02,0.0,none,undetermined,unknown
150,Netherlands (Kingdom of the),223,Türkiye,268,"Sunflower-seed oil, crude",1992,2.0,8839.0,4419.5,185500.0,66036.0,251536.0,0.0,0.035,none,undetermined,unknown
10,Australia,131,Malaysia,236,Soya beans,2016,6.88,30380.05,4415.705,29403.0,979.3299999999999,30382.33,0.0,1.0,none,undetermined,unknown
156,New Zealand,117,Republic of Korea,463,"Other vegetables, fresh n.e.c.",2005,2.0,8831.0,4415.5,150000.0,69.0,150069.0,0.0,0.059,none,undetermined,unknown
27,Bulgaria,79,Germany,270,Rape or colza seed,2017,20.33,89758.17,4415.06,478987.0,42750.83,521737.83,0.0,0.172,none,undetermined,unknown
231,United States of America,44,Colombia,44,Barley,1995,8827.0,2.0,4413.5,7824490.0,1044700.0,8869190.0,0.001,0.0,none,undetermined,unknown
229,United Kingdom of Great Britain and Northern Ireland,231,United States of America,165,Molasses,1989,1.0,4412.0,4412.0,433000.0,677182.0,1110182.0,0.0,0.004,none,undetermined,unknown
173,Poland,68,France,44,Barley,2015,13450.1,3.05,4409.869,2960662.0,117315.27,3077977.27,0.004,0.0,none,undetermined,unknown
68,France,150,Netherlands (Kingdom of the),339,"Other oil seeds, n.e.c.",1998,4409.0,1.0,4409.0,641.0,8576.0,9217.0,0.478,0.0,none,undetermined,unknown
256,Luxembourg,68,France,270,Rape or colza seed,2010,2.0,8816.0,4408.0,15895.0,1461.0,17356.0,0.0,0.508,none,undetermined,unknown
138,Mexico,33,Canada,401,"Chillies and peppers, green (Capsicum spp. and Pimenta spp.)",1993,2.0,8812.0,4406.0,875527.0,2657.0,878184.0,0.0,0.01,none,undetermined,unknown
100,India,215,United Republic of Tanzania,162,Raw cane or beet sugar (centrifugal only),2016,24205.71,5.5,4401.038,27385000.0,2117200.08,29502200.08,0.001,0.0,none,undetermined,unknown
97,Hungary,121,Lebanon,56,Maize (corn),2015,6.2,27268.01,4398.066,6632783.0,117583.19,6750366.19,0.0,0.004,none,undetermined,unknown
100,India,237,Viet Nam,689,"Chillies and peppers, dry (Capsicum spp., Pimenta spp.), raw",2016,63845.34,14.54,4391.014,1520390.0,1148.6299999999999,1521538.63,0.042,0.0,none,undetermined,unknown
229,United Kingdom of Great Britain and Northern Ireland,150,Netherlands (Kingdom of the),271,"Rapeseed or canola oil, crude",2002,100854.0,23.0,4384.957,609300.0,134123.0,743423.0,0.136,0.0,none,undetermined,unknown
56,Dominican Republic,150,Netherlands (Kingdom of the),571,"Mangoes, guavas and mangosteens",2014,1.17,5121.6,4377.436,26000.0,0.78,26000.78,0.0,0.197,none,undetermined,unknown
126,Lithuania,185,Russian Federation,515,Apples,2012,56830.0,13.0,4371.538,72497.0,68223.0,140720.0,0.404,0.0,none,undetermined,unknown
150,Netherlands (Kingdom of the),105,Israel,270,Rape or colza seed,2016,1.26,5500.0,4365.079,5279.0,451718.39,456997.39,0.0,0.012,none,undetermined,unknown
183,Romania,105,Israel,15,Wheat,2010,109026.0,25.0,4361.04,5811810.0,719930.0,6531740.0,0.017,0.0,none,undetermined,unknown
214,"China, Taiwan Province of",110,Japan,420,"Broad beans and horse beans, green",1995,1.0,4356.0,4356.0,74362.0,24.0,74386.0,0.0,0.059,none,undetermined,unknown
138,Mexico,231,United States of America,402,"Onions and shallots, green",1991,190698.0,44.0,4334.045,86478.0,30764.0,117242.0,1.627,0.0,none,undetermined,unknown
203,Spain,255,Belgium,767,"Cotton lint, ginned",2005,4323.0,1.0,4323.0,113360.0,13804.0,127164.0,0.034,0.0,none,undetermined,unknown
202,South Africa,184,Rwanda,162,Raw cane or beet sugar (centrifugal only),2006,1.0,4319.0,4319.0,2337903.0,29164.0,2367067.0,0.0,0.002,none,undetermined,unknown
117,Republic of Korea,131,Malaysia,236,Soya beans,1999,4.0,17270.0,4317.5,116120.0,1441119.0,1557239.0,0.0,0.011,none,undetermined,unknown
48,Costa Rica,104,Ireland,486,Bananas,1999,77644.0,18.0,4313.556,2113214.0,253.0,2113467.0,0.037,0.0,none,undetermined,unknown
10,Australia,137,Mauritius,1225,Tallow,2000,8623.0,2.0,4311.5,452900.0,142.0,453042.0,0.019,0.0,none,undetermined,unknown
255,Belgium,203,Spain,270,Rape or colza seed,2011,8616.0,2.0,4308.0,52211.0,2182583.0,2234794.0,0.004,0.0,none,undetermined,unknown
150,Netherlands (Kingdom of the),27,Bulgaria,56,Maize (corn),2017,5.94,25523.53,4296.891,116711.0,5200616.3100000005,5317327.3100000005,0.0,0.005,none,undetermined,unknown
79,Germany,104,Ireland,56,Maize (corn),2011,4290.0,1.0,4290.0,5183600.0,1901565.0,7085165.0,0.001,0.0,none,undetermined,unknown
104,Ireland,210,Sweden,868,"Edible offal of cattle, fresh, chilled or frozen",2012,8579.0,2.0,4289.5,76215.38,1102.0,77317.38,0.111,0.0,none,undetermined,unknown
231,United States of America,81,Ghana,56,Maize (corn),1999,4282.0,1.0,4282.0,239548580.0,459154.0,240007734.0,0.0,0.0,none,undetermined,unknown
41,"China, mainland",15,Belgium-Luxembourg,339,"Other oil seeds, n.e.c.",1993,4269.0,1.0,4269.0,487942.0,207.0,488149.0,0.009,0.0,none,undetermined,unknown
185,Russian Federation,146,Republic of Moldova,564,Wine,2006,12782.0,3.0,4260.667,473770.0,369974.0,843744.0,0.015,0.0,none,undetermined,unknown
100,India,38,Sri Lanka,27,Rice,2004,4259.0,1.0,4259.0,123206250.0,0.0,123206250.0,0.0,0.0,none,undetermined,unknown
223,Türkiye,105,Israel,289,Sesame seed,2013,1.0,4255.0,4255.0,15457.0,106846.0,122303.0,0.0,0.035,none,undetermined,unknown
101,Indonesia,200,Singapore,661,Cocoa beans,2021,3.95,16794.27,4251.714,650611.69,252121.43,902733.1199999999,0.0,0.019,none,undetermined,unknown
14,Barbados,231,United States of America,162,Raw cane or beet sugar (centrifugal only),2015,2.48,10540.0,4250.0,10758.9,2714.72,13473.619999999999,0.0,0.782,none,undetermined,unknown
54,Denmark,162,Norway,162,Raw cane or beet sugar (centrifugal only),1995,1.0,4242.0,4242.0,448000.0,552.0,448552.0,0.0,0.009,none,undetermined,unknown
106,Italy,150,Netherlands (Kingdom of the),1043,"Pig fat, rendered",2021,14877.56,3.51,4238.621,173600.0,8731.29,182331.29,0.082,0.0,none,undetermined,unknown
79,Germany,229,United Kingdom of Great Britain and Northern Ireland,397,Cucumbers and gherkins,2010,1.0,4235.0,4235.0,242818.0,506211.0,749029.0,0.0,0.006,none,undetermined,unknown
96,"China, Hong Kong SAR",41,"China, mainland",1058,"Meat of chickens, fresh or chilled",2004,101413.0,24.0,4225.542,29000.0,501922.0,530922.0,0.191,0.0,none,undetermined,unknown
233,Burkina Faso,81,Ghana,289,Sesame seed,2009,21053.0,5.0,4210.6,56252.0,165.0,56417.0,0.373,0.0,none,undetermined,unknown
156,New Zealand,150,Netherlands (Kingdom of the),897,Whole milk powder,1989,4210.0,1.0,4210.0,201000.0,74.0,201074.0,0.021,0.0,none,undetermined,unknown
157,Nicaragua,231,United States of America,162,Raw cane or beet sugar (centrifugal only),2001,1.0,4205.0,4205.0,334430.0,1.0,334431.0,0.0,0.013,none,undetermined,unknown
210,Sweden,150,Netherlands (Kingdom of the),1043,"Pig fat, rendered",2016,4413.34,1.05,4203.181,17961.01,30.11,17991.12,0.245,0.0,none,undetermined,unknown
101,Indonesia,165,Pakistan,1242,Margarine and shortening,2008,4202.0,1.0,4202.0,506000.0,3430.0,509430.0,0.008,0.0,none,undetermined,unknown
126,Lithuania,67,Finland,71,Rye,2018,1.0,4201.0,4201.0,43990.0,15152.08,59142.08,0.0,0.071,none,undetermined,unknown
231,United States of America,150,Netherlands (Kingdom of the),331,Cottonseed oil,1997,4198.0,1.0,4198.0,552000.0,109.0,552109.0,0.008,0.0,none,undetermined,unknown
231,United States of America,255,Belgium,868,"Edible offal of cattle, fresh, chilled or frozen",2001,4197.0,1.0,4197.0,855842.32,36803.0,892645.32,0.005,0.0,none,undetermined,unknown
10,Australia,231,United States of America,271,"Rapeseed or canola oil, crude",2018,4.81,20071.42,4172.852,383300.0,16223.66,399523.66,0.0,0.05,none,undetermined,unknown
100,India,131,Malaysia,463,"Other vegetables, fresh n.e.c.",2001,29195.0,7.0,4170.714,27577500.0,4.0,27577504.0,0.001,0.0,none,undetermined,unknown
231,United States of America,101,Indonesia,897,Whole milk powder,2006,1.0,4152.0,4152.0,13845.0,15559.0,29404.0,0.0,0.141,none,undetermined,unknown
229,United Kingdom of Great Britain and Northern Ireland,15,Belgium-Luxembourg,1037,Fat of pigs,1998,4151.0,1.0,4151.0,71684.21,22437.0,94121.21,0.044,0.0,none,undetermined,unknown
231,United States of America,237,Viet Nam,234,"Other nuts (excluding wild edible nuts and groundnuts), in shell, n.e.c.",2014,17011.75,4.1,4149.207,119816.0,75504.61,195320.61,0.087,0.0,none,undetermined,unknown
58,Ecuador,11,Austria,486,Bananas,1988,2.0,8296.0,4148.0,2576096.0,0.0,2576096.0,0.0,0.003,none,undetermined,unknown
100,India,229,United Kingdom of Great Britain and Northern Ireland,463,"Other vegetables, fresh n.e.c.",2021,9620.41,2.32,4146.728,24813098.06,77.24,24813175.299999997,0.0,0.0,none,undetermined,unknown
100,India,229,United Kingdom of Great Britain and Northern Ireland,463,"Other vegetables, fresh n.e.c.",2014,10364.04,2.5,4145.616,21593000.0,67.16,21593067.16,0.0,0.0,none,undetermined,unknown
229,United Kingdom of Great Britain and Northern Ireland,105,Israel,162,Raw cane or beet sugar (centrifugal only),2002,12.0,49648.0,4137.333,1554400.0,1207724.0,2762124.0,0.0,0.018,none,undetermined,unknown
54,Denmark,162,Norway,162,Raw cane or beet sugar (centrifugal only),1994,1.0,4130.0,4130.0,509594.0,404.0,509998.0,0.0,0.008,none,undetermined,unknown
202,South Africa,110,Japan,56,Maize (corn),2017,715436.0,173.3,4128.309,17551000.0,555784.9,18106784.9,0.04,0.0,none,undetermined,unknown
156,New Zealand,200,Singapore,1225,Tallow,1996,8253.0,2.0,4126.5,162000.0,4490.0,166490.0,0.05,0.0,none,undetermined,unknown
216,Thailand,110,Japan,108,Cereals n.e.c.,1996,8231.0,2.0,4115.5,30500.0,72.0,30572.0,0.269,0.0,none,undetermined,unknown
138,Mexico,106,Italy,56,Maize (corn),2018,120022.2,29.2,4110.349,27169400.0,17095165.290000003,44264565.29000001,0.003,0.0,none,undetermined,unknown
9,Argentina,81,Ghana,15,Wheat,1998,16431.0,4.0,4107.75,12443000.0,19.0,12443019.0,0.001,0.0,none,undetermined,unknown
138,Mexico,33,Canada,544,Strawberries,2009,1.0,4107.0,4107.0,233041.0,14070.0,247111.0,0.0,0.017,none,undetermined,unknown
100,India,104,Ireland,165,Molasses,2012,6.0,24581.0,4096.833,11800000.0,7748.0,11807748.0,0.0,0.002,none,undetermined,unknown
56,Dominican Republic,255,Belgium,489,Plantains and cooking bananas,2015,29465.56,7.2,4092.439,895337.7,673.1999999999999,896010.8999999999,0.033,0.0,none,undetermined,unknown
101,Indonesia,131,Malaysia,258,Oil of palm kernel,1999,32715.0,8.0,4089.375,641600.0,1209.0,642809.0,0.051,0.0,none,undetermined,unknown
59,Egypt,79,Germany,165,Molasses,2019,8500.18,2.08,4086.625,810000.0,19788.39,829788.39,0.01,0.0,none,undetermined,unknown
150,Netherlands (Kingdom of the),210,Sweden,15,Wheat,2013,1.0,4085.0,4085.0,1335105.0,3576139.0,4911244.0,0.0,0.001,none,undetermined,unknown
229,United Kingdom of Great Britain and Northern Ireland,67,Finland,1225,Tallow,2003,1.0,4081.0,4081.0,162000.0,0.0,162000.0,0.0,0.025,none,undetermined,unknown
126,Lithuania,57,Belarus,521,Pears,2019,52461.91,12.86,4079.464,1700.0,58445.87,60145.87,0.872,0.0,none,undetermined,unknown
33,Canada,44,Colombia,15,Wheat,1994,406366.0,100.0,4063.66,22919500.0,9676.0,22929176.0,0.018,0.0,none,undetermined,unknown
79,Germany,185,Russian Federation,236,Soya beans,1999,3.0,12187.0,4062.333,1030.0,4218293.0,4219323.0,0.0,0.003,none,undetermined,unknown
221,Oman,179,Qatar,56,Maize (corn),2017,5968.29,1.47,4060.061,7075.0,199006.82,206081.82,0.029,0.0,none,undetermined,unknown
173,Poland,231,United States of America,1035,"Meat of pig with the bone, fresh or chilled",2014,18267.4,4.5,4059.422,1864500.0,462437.56,2326937.56,0.008,0.0,none,undetermined,unknown
108,Kazakhstan,185,Russian Federation,162,Raw cane or beet sugar (centrifugal only),2016,6.68,27103.2,4057.365,40899.0,351606.43,392505.43,0.0,0.069,none,undetermined,unknown
11,Austria,73,Georgia,268,"Sunflower-seed oil, crude",2000,1.0,4057.0,4057.0,52900.0,18527.0,71427.0,0.0,0.057,none,undetermined,unknown
41,"China, mainland",96,"China, Hong Kong SAR",162,Raw cane or beet sugar (centrifugal only),2020,2.31,9342.22,4044.251,10600000.0,4664635.71,15264635.71,0.0,0.001,none,undetermined,unknown
174,Portugal,203,Spain,162,Raw cane or beet sugar (centrifugal only),2007,4.0,16157.0,4039.25,36760.0,489219.0,525979.0,0.0,0.031,none,undetermined,unknown
44,Colombia,126,Lithuania,486,Bananas,1996,4039.0,1.0,4039.0,1491109.0,48902.0,1540011.0,0.003,0.0,none,undetermined,unknown
15,Belgium-Luxembourg,84,Greece,56,Maize (corn),1996,4.0,16145.0,4036.25,47589.0,1596150.0,1643739.0,0.0,0.01,none,undetermined,unknown
54,Denmark,150,Netherlands (Kingdom of the),900,"Whey, dry",2015,2.1,8472.7,4034.619,31600.0,17979.27,49579.270000000004,0.0,0.171,none,undetermined,unknown
21,Brazil,169,Paraguay,463,"Other vegetables, fresh n.e.c.",2001,2.0,8054.0,4027.0,2225000.0,1.0,2225001.0,0.0,0.004,none,undetermined,unknown
150,Netherlands (Kingdom of the),174,Portugal,71,Rye,2010,1.0,4023.0,4023.0,10242.0,211257.0,221499.0,0.0,0.018,none,undetermined,unknown
174,Portugal,203,Spain,162,Raw cane or beet sugar (centrifugal only),2010,2.0,8033.0,4016.5,1510.0,468635.0,470145.0,0.0,0.017,none,undetermined,unknown
203,Spain,229,United Kingdom of Great Britain and Northern Ireland,27,Rice,2002,2.0,8029.0,4014.5,818920.0,59191.0,878111.0,0.0,0.009,none,undetermined,unknown
216,Thailand,200,Singapore,149,"Edible roots and tubers with high starch or inulin content, n.e.c., fresh",2014,4173.65,1.04,4013.125,265811.01,834.9,266645.91000000003,0.016,0.0,none,undetermined,unknown
234,Uruguay,150,Netherlands (Kingdom of the),1225,Tallow,2017,13561.5,3.38,4012.278,68500.0,3226.36,71726.36,0.189,0.0,none,undetermined,unknown
216,Thailand,101,Indonesia,603,"Other tropical fruits, n.e.c.",2008,24071.0,6.0,4011.833,1971044.0,1.0,1971045.0,0.012,0.0,none,undetermined,unknown
11,Austria,102,Iran (Islamic Republic of),44,Barley,2018,18.9,75716.7,4006.175,691030.0,170630.06999999998,861660.07,0.0,0.088,none,undetermined,unknown
68,France,202,South Africa,56,Maize (corn),1995,5.0,20005.0,4001.0,12583865.9,197027.0,12780892.9,0.0,0.002,none,undetermined,unknown
44,Colombia,79,Germany,258,Oil of palm kernel,2021,1.0,3998.74,3998.74,118850.36,6197.29,125047.65,0.0,0.032,none,undetermined,unknown
216,Thailand,68,France,165,Molasses,2005,3.0,11996.0,3998.667,2320000.0,101.0,2320101.0,0.0,0.005,none,undetermined,unknown
150,Netherlands (Kingdom of the),110,Japan,268,"Sunflower-seed oil, crude",2004,3995.0,1.0,3995.0,250100.0,361782.0,611882.0,0.007,0.0,none,undetermined,unknown
79,Germany,194,Saudi Arabia,888,Skim milk of cows,2014,3.7,14760.0,3989.189,13846755.52,104808.14,13951563.66,0.0,0.001,none,undetermined,unknown
119,Latvia,126,Lithuania,1242,Margarine and shortening,1997,1.0,3989.0,3989.0,11250.0,8283.0,19533.0,0.0,0.204,none,undetermined,unknown
108,Kazakhstan,141,Mongolia,270,Rape or colza seed,2015,19081.0,4.8,3975.208,138170.0,456.12,138626.12,0.138,0.0,none,undetermined,unknown
138,Mexico,203,Spain,56,Maize (corn),2018,10.71,42565.94,3974.411,27169400.0,17095165.290000003,44264565.29000001,0.0,0.001,none,undetermined,unknown
10,Australia,156,New Zealand,165,Molasses,2014,104500.74,26.33,3968.885,1027000.0,11673.789999999999,1038673.79,0.101,0.0,none,undetermined,unknown
229,United Kingdom of Great Britain and Northern Ireland,231,United States of America,165,Molasses,1987,2.0,7935.0,3967.5,359500.0,654640.0,1014140.0,0.0,0.008,none,undetermined,unknown
131,Malaysia,101,Indonesia,1062,"Hen eggs in shell, fresh",2006,3967.0,1.0,3967.0,453000.0,192.0,453192.0,0.009,0.0,none,undetermined,unknown
150,Netherlands (Kingdom of the),171,Philippines,1058,"Meat of chickens, fresh or chilled",2020,109941.77,27.74,3963.294,995750.0,363525.28,1359275.28,0.081,0.0,none,undetermined,unknown
231,United States of America,10,Australia,56,Maize (corn),2007,19811.0,5.0,3962.2,331177280.0,334399.0,331511679.0,0.0,0.0,none,undetermined,unknown
10,Australia,108,Kazakhstan,867,"Meat of cattle with the bone, fresh or chilled",2007,1.0,3957.0,3957.0,2168946.0,56.0,2169002.0,0.0,0.002,none,undetermined,unknown
150,Netherlands (Kingdom of the),104,Ireland,44,Barley,2012,7913.0,2.0,3956.5,205912.0,1546487.0,1752399.0,0.005,0.0,none,undetermined,unknown
40,Chile,96,"China, Hong Kong SAR",619,"Other fruits, n.e.c.",2018,1.44,5692.01,3952.785,14953.3,4.87,14958.17,0.0,0.381,none,undetermined,unknown
183,Romania,50,Cyprus,56,Maize (corn),2000,3952.0,1.0,3952.0,4897603.0,34821.0,4932424.0,0.001,0.0,none,undetermined,unknown
173,Poland,117,Republic of Korea,1035,"Meat of pig with the bone, fresh or chilled",2012,11840.0,3.0,3946.667,1848600.0,475336.0,2323936.0,0.005,0.0,none,undetermined,unknown
54,Denmark,174,Portugal,15,Wheat,2012,9.0,35501.0,3944.556,4525100.0,370642.0,4895742.0,0.0,0.007,none,undetermined,unknown
21,Brazil,171,Philippines,56,Maize (corn),2008,39398.0,10.0,3939.8,58933347.0,769799.0,59703146.0,0.001,0.0,none,undetermined,unknown
226,Uganda,231,United States of America,656,"Coffee, green",1999,3.0,11797.0,3932.333,251881.0,0.0,251881.0,0.0,0.047,none,undetermined,unknown
54,Denmark,210,Sweden,1225,Tallow,2005,3.0,11788.0,3929.333,5800.0,2035.0,7835.0,0.0,1.505,none,undetermined,unknown
41,"China, mainland",231,United States of America,156,Sugar cane,1998,1.0,3929.0,3929.0,83438100.0,537.0,83438637.0,0.0,0.0,none,undetermined,unknown
79,Germany,144,Mozambique,51,"Beer of barley, malted",2016,35.71,140019.21,3921.008,8677578.0,728753.34,9406331.34,0.0,0.015,none,undetermined,unknown
226,Uganda,184,Rwanda,56,Maize (corn),1999,3918.0,1.0,3918.0,1053000.0,26754.0,1079754.0,0.004,0.0,none,undetermined,unknown
229,United Kingdom of Great Britain and Northern Ireland,203,Spain,211,Other pulses n.e.c.,2007,3916.0,1.0,3916.0,455000.0,2859.0,457859.0,0.009,0.0,none,undetermined,unknown
58,Ecuador,185,Russian Federation,661,Cocoa beans,2018,1.52,5938.87,3907.151,235182.0,60.0,235242.0,0.0,0.025,none,undetermined,unknown
229,United Kingdom of Great Britain and Northern Ireland,131,Malaysia,271,"Rapeseed or canola oil, crude",1995,1.0,3904.0,3904.0,557300.0,52294.0,609594.0,0.0,0.006,none,undetermined,unknown
216,Thailand,131,Malaysia,603,"Other tropical fruits, n.e.c.",1991,2.0,7802.0,3901.0,682100.0,0.0,682100.0,0.0,0.011,none,undetermined,unknown
79,Germany,167,Czechia,1225,Tallow,2011,3898.0,1.0,3898.0,33200.0,24828.0,58028.0,0.067,0.0,none,undetermined,unknown
131,Malaysia,237,Viet Nam,723,"Other stimulant, spice and aromatic crops, n.e.c.",2019,17885.23,4.59,3896.564,760.59,21480.14,22240.73,0.804,0.0,none,undetermined,unknown
56,Dominican Republic,79,Germany,489,Plantains and cooking bananas,2020,8180.97,2.1,3895.7,1155151.54,0.17,1155151.71,0.007,0.0,none,undetermined,unknown
202,South Africa,211,Switzerland,521,Pears,2000,1.0,3889.0,3889.0,304161.0,0.0,304161.0,0.0,0.013,none,undetermined,unknown
225,United Arab Emirates,194,Saudi Arabia,497,Lemons and limes,2007,3885.0,1.0,3885.0,5616.0,41108.0,46724.0,0.083,0.0,none,undetermined,unknown
126,Lithuania,57,Belarus,388,Tomatoes,2017,26846.97,6.93,3874.022,11974.0,48920.97,60894.97,0.441,0.0,none,undetermined,unknown
170,Peru,58,Ecuador,237,Soya bean oil,2007,1.0,3871.0,3871.0,540.0,300545.0,301085.0,0.0,0.013,none,undetermined,unknown
231,United States of America,150,Netherlands (Kingdom of the),237,Soya bean oil,1998,3857.0,1.0,3857.0,8230000.0,29471.0,8259471.0,0.0,0.0,none,undetermined,unknown
233,Burkina Faso,79,Germany,767,"Cotton lint, ginned",2015,1.0,3856.0,3856.0,280000.0,4.0,280004.0,0.0,0.014,none,undetermined,unknown
97,Hungary,223,Türkiye,267,Sunflower seed,2019,5.06,19427.11,3839.35,1706850.0,160806.19,1867656.19,0.0,0.01,none,undetermined,unknown
33,Canada,59,Egypt,15,Wheat,2013,80549.0,21.0,3835.667,37589100.0,46138.0,37635238.0,0.002,0.0,none,undetermined,unknown
231,United States of America,117,Republic of Korea,463,"Other vegetables, fresh n.e.c.",1995,3835.0,1.0,3835.0,1020000.0,69286.0,1089286.0,0.004,0.0,none,undetermined,unknown
40,Chile,33,Canada,536,Plums and sloes,1991,1.0,3827.0,3827.0,100000.0,0.0,100000.0,0.0,0.038,none,undetermined,unknown
84,Greece,79,Germany,15,Wheat,2000,1.0,3827.0,3827.0,2287322.23,536923.0,2824245.23,0.0,0.001,none,undetermined,unknown
126,Lithuania,57,Belarus,388,Tomatoes,2018,11835.62,3.1,3817.942,12190.0,35795.92,47985.92,0.247,0.0,none,undetermined,unknown
225,United Arab Emirates,221,Oman,882,Raw milk of cattle,2008,3.0,11434.0,3811.333,20000.0,3964.0,23964.0,0.0,0.477,none,undetermined,unknown
27,Bulgaria,174,Portugal,56,Maize (corn),2021,15.63,59556.85,3810.419,3427310.0,88125.73999999999,3515435.74,0.0,0.017,none,undetermined,unknown
231,United States of America,179,Qatar,1069,"Meat of ducks, fresh or chilled",2010,1.0,3807.0,3807.0,52578.0,832.0,53410.0,0.0,0.071,none,undetermined,unknown
79,Germany,229,United Kingdom of Great Britain and Northern Ireland,534,Peaches and nectarines,2012,1.0,3801.0,3801.0,782.46,279193.0,279975.46,0.0,0.014,none,undetermined,unknown
231,United States of America,58,Ecuador,237,Soya bean oil,1994,3800.0,1.0,3800.0,6328000.0,48495.0,6376495.0,0.001,0.0,none,undetermined,unknown
100,India,79,Germany,165,Molasses,2016,3.79,14399.83,3799.427,10873000.0,13545.93,10886545.93,0.0,0.001,none,undetermined,unknown
150,Netherlands (Kingdom of the),97,Hungary,271,"Rapeseed or canola oil, crude",2008,7595.0,2.0,3797.5,336000.0,328182.0,664182.0,0.011,0.0,none,undetermined,unknown
79,Germany,174,Portugal,44,Barley,1996,3.0,11389.0,3796.333,12074051.0,723229.0,12797280.0,0.0,0.001,none,undetermined,unknown
68,France,110,Japan,44,Barley,2010,1.0,3796.0,3796.0,10101597.1,76672.0,10178269.1,0.0,0.0,none,undetermined,unknown
48,Costa Rica,229,United Kingdom of Great Britain and Northern Ireland,162,Raw cane or beet sugar (centrifugal only),2013,8.0,30363.0,3795.375,458387.0,1.0,458388.0,0.0,0.066,none,undetermined,unknown
198,Slovenia,98,Croatia,560,Grapes,2012,3794.0,1.0,3794.0,92324.0,9092.0,101416.0,0.037,0.0,none,undetermined,unknown
216,Thailand,131,Malaysia,603,"Other tropical fruits, n.e.c.",2000,5.0,18950.0,3790.0,2477384.0,0.0,2477384.0,0.0,0.008,none,undetermined,unknown
231,United States of America,40,Chile,27,Rice,2007,7576.0,2.0,3788.0,8998730.0,16.0,8998746.0,0.001,0.0,none,undetermined,unknown
27,Bulgaria,143,Morocco,267,Sunflower seed,2014,7802.5,2.06,3787.621,2010668.0,45423.8,2056091.8,0.004,0.0,none,undetermined,unknown
10,Australia,231,United States of America,162,Raw cane or beet sugar (centrifugal only),2001,22.0,83212.0,3782.364,4162000.0,3443.0,4165443.0,0.0,0.02,none,undetermined,unknown
229,United Kingdom of Great Britain and Northern Ireland,54,Denmark,211,Other pulses n.e.c.,2020,13464.6,3.57,3771.597,263534.34,1479.0,265013.34,0.051,0.0,none,undetermined,unknown
33,Canada,170,Peru,271,"Rapeseed or canola oil, crude",1993,7539.0,2.0,3769.5,913000.0,5799.0,918799.0,0.008,0.0,none,undetermined,unknown
68,France,211,Switzerland,882,Raw milk of cattle,1999,22576.0,6.0,3762.667,23010060.3,571572.0,23581632.3,0.001,0.0,none,undetermined,unknown
150,Netherlands (Kingdom of the),136,Mauritania,894,"Whole milk, evaporated",2017,4.08,15336.5,3758.946,366985.0,93214.08,460199.08,0.0,0.033,none,undetermined,unknown
9,Argentina,203,Spain,236,Soya beans,2019,32459.9,8.64,3756.933,55263891.0,4547564.18,59811455.18,0.001,0.0,none,undetermined,unknown
79,Germany,104,Ireland,56,Maize (corn),2008,11268.0,3.0,3756.0,5105861.0,1892880.0,6998741.0,0.002,0.0,none,undetermined,unknown
272,Serbia,223,Türkiye,56,Maize (corn),2015,30.54,114517.67,3749.76,5454841.0,5347.86,5460188.86,0.0,0.021,none,undetermined,unknown
150,Netherlands (Kingdom of the),104,Ireland,15,Wheat,2008,1.0,3740.0,3740.0,1366162.0,4304568.0,5670730.0,0.0,0.001,none,undetermined,unknown
10,Australia,101,Indonesia,162,Raw cane or beet sugar (centrifugal only),2003,36.0,134553.0,3737.583,5461000.0,7214.0,5468214.0,0.0,0.025,none,undetermined,unknown
112,Jordan,118,Kuwait,463,"Other vegetables, fresh n.e.c.",2020,1.79,6688.85,3736.788,79772.0,257.29,80029.29,0.0,0.084,none,undetermined,unknown
10,Australia,214,"China, Taiwan Province of",162,Raw cane or beet sugar (centrifugal only),2003,43.0,160328.0,3728.558,5461000.0,7214.0,5468214.0,0.0,0.029,none,undetermined,unknown
21,Brazil,104,Ireland,826,Unmanufactured tobacco,2006,3728.0,1.0,3728.0,900381.0,10119.0,910500.0,0.004,0.0,none,undetermined,unknown
183,Romania,229,United Kingdom of Great Britain and Northern Ireland,270,Rape or colza seed,2020,4244.84,1.14,3723.544,780160.0,81235.27,861395.27,0.005,0.0,none,undetermined,unknown
203,Spain,110,Japan,1035,"Meat of pig with the bone, fresh or chilled",2013,26056.0,7.0,3722.286,3431214.0,70494.0,3501708.0,0.007,0.0,none,undetermined,unknown
203,Spain,110,Japan,1035,"Meat of pig with the bone, fresh or chilled",2017,74658.53,20.06,3721.761,4298788.89,87880.83,4386669.72,0.017,0.0,none,undetermined,unknown
150,Netherlands (Kingdom of the),68,France,888,Skim milk of cows,2003,1.0,3720.0,3720.0,2432000.0,95501.0,2527501.0,0.0,0.001,none,undetermined,unknown
171,Philippines,79,Germany,252,Coconut oil,2004,38.0,141352.0,3719.789,1540916.5,15.0,1540931.5,0.0,0.092,none,undetermined,unknown
236,Venezuela (Bolivarian Republic of),44,Colombia,56,Maize (corn),2006,1.0,3717.0,3717.0,2336834.0,41139.0,2377973.0,0.0,0.002,none,undetermined,unknown
231,United States of America,11,Austria,267,Sunflower seed,2019,6236.68,1.68,3712.31,887240.0,89412.23,976652.23,0.006,0.0,none,undetermined,unknown
37,Central African Republic,68,France,767,"Cotton lint, ginned",1998,14838.0,4.0,3709.5,16026.0,0.0,16026.0,0.926,0.0,none,undetermined,unknown
169,Paraguay,211,Switzerland,236,Soya beans,2003,378347.0,102.0,3709.284,4204865.0,0.0,4204865.0,0.09,0.0,none,undetermined,unknown
255,Belgium,211,Switzerland,15,Wheat,2013,3709.0,1.0,3709.0,1803550.0,3514945.0,5318495.0,0.001,0.0,none,undetermined,unknown
202,South Africa,130,Malawi,15,Wheat,2002,25915.0,7.0,3702.143,2437745.0,684879.0,3122624.0,0.008,0.0,none,undetermined,unknown
255,Belgium,231,United States of America,165,Molasses,2013,2.0,7400.0,3700.0,148000.0,464480.0,612480.0,0.0,0.012,none,undetermined,unknown
171,Philippines,225,United Arab Emirates,489,Plantains and cooking bananas,2018,1.82,6729.38,3697.462,3214410.65,0.0,3214410.65,0.0,0.002,none,undetermined,unknown
126,Lithuania,185,Russian Federation,407,Leeks and other alliaceous vegetables,2013,3694.0,1.0,3694.0,458.0,4272.0,4730.0,0.781,0.0,none,undetermined,unknown
79,Germany,118,Kuwait,44,Barley,2020,5.96,21999.8,3691.242,10769200.0,1488943.41,12258143.41,0.0,0.002,none,undetermined,unknown
79,Germany,174,Portugal,388,Tomatoes,2018,1.0,3690.99,3690.99,103270.0,740846.92,844116.92,0.0,0.004,none,undetermined,unknown
100,India,114,Kenya,83,Sorghum,2019,1.5,5533.52,3689.013,3437334.88,0.0,3437334.88,0.0,0.002,none,undetermined,unknown
84,Greece,154,North Macedonia,560,Grapes,2000,3688.0,1.0,3688.0,667625.95,944.0,668569.95,0.006,0.0,none,undetermined,unknown
58,Ecuador,33,Canada,486,Bananas,1989,42.0,154864.0,3687.238,2576220.0,0.0,2576220.0,0.0,0.06,none,undetermined,unknown
15,Belgium-Luxembourg,54,Denmark,15,Wheat,1993,2.0,7369.0,3684.5,1511632.0,2168524.0,3680156.0,0.0,0.002,none,undetermined,unknown
156,New Zealand,255,Belgium,515,Apples,2004,21.0,77356.0,3683.619,546000.0,358.0,546358.0,0.0,0.142,none,undetermined,unknown
89,Guatemala,231,United States of America,619,"Other fruits, n.e.c.",1988,40492.0,11.0,3681.091,74000.0,1183.0,75183.0,0.539,0.0,none,undetermined,unknown
231,United States of America,15,Belgium-Luxembourg,656,"Coffee, green",1995,3672.0,1.0,3672.0,1960.0,946107.0,948067.0,0.004,0.0,none,undetermined,unknown
150,Netherlands (Kingdom of the),105,Israel,270,Rape or colza seed,2008,4.0,14658.0,3664.5,9500.0,2001090.0,2010590.0,0.0,0.007,none,undetermined,unknown
48,Costa Rica,33,Canada,486,Bananas,1993,39.0,142853.0,3662.897,1833954.0,0.0,1833954.0,0.0,0.078,none,undetermined,unknown
104,Ireland,255,Belgium,51,"Beer of barley, malted",2002,3662.0,1.0,3662.0,915700.0,184132.0,1099832.0,0.003,0.0,none,undetermined,unknown
251,Zambia,250,Democratic Republic of the Congo,176,"Beans, dry",2017,8549.3,2.34,3653.547,44626.07,66.98,44693.05,0.191,0.0,none,undetermined,unknown
226,Uganda,114,Kenya,667,Tea leaves,2007,43806.0,12.0,3650.5,195000.0,55.0,195055.0,0.225,0.0,none,undetermined,unknown
58,Ecuador,214,"China, Taiwan Province of",486,Bananas,1990,10940.0,3.0,3646.667,3054566.0,0.0,3054566.0,0.004,0.0,none,undetermined,unknown
79,Germany,162,Norway,56,Maize (corn),1996,7291.0,2.0,3645.5,2912620.0,911167.0,3823787.0,0.002,0.0,none,undetermined,unknown
255,Belgium,211,Switzerland,15,Wheat,2012,3637.0,1.0,3637.0,1834624.0,3995300.0,5829924.0,0.001,0.0,none,undetermined,unknown
100,India,149,Nepal,176,"Beans, dry",2014,1.5,5454.78,3636.52,5641486.0,840830.58,6482316.58,0.0,0.001,none,undetermined,unknown
138,Mexico,110,Japan,367,Asparagus,2014,1.82,6610.02,3631.879,170224.55,597.77,170822.31999999998,0.0,0.039,none,undetermined,unknown
231,United States of America,173,Poland,236,Soya beans,1992,7.0,25378.0,3625.429,59611670.0,69774.0,59681444.0,0.0,0.0,none,undetermined,unknown
119,Latvia,79,Germany,44,Barley,2011,1.0,3624.0,3624.0,236700.0,112767.0,349467.0,0.0,0.01,none,undetermined,unknown
255,Belgium,110,Japan,826,Unmanufactured tobacco,2007,3620.0,1.0,3620.0,158.0,83749.0,83907.0,0.043,0.0,none,undetermined,unknown
231,United States of America,223,Türkiye,223,"Pistachios, in shell",2018,10417.73,2.88,3617.267,447700.0,637.43,448337.43,0.023,0.0,none,undetermined,unknown
106,Italy,124,Libya,60,Oil of maize,1989,7228.0,2.0,3614.0,22529.0,74889.0,97418.0,0.074,0.0,none,undetermined,unknown
106,Italy,67,Finland,619,"Other fruits, n.e.c.",1994,1.0,3614.0,3614.0,50400.0,15911.0,66311.0,0.0,0.055,none,undetermined,unknown
236,Venezuela (Bolivarian Republic of),44,Colombia,1062,"Hen eggs in shell, fresh",1995,10827.0,3.0,3609.0,148864.0,2178.0,151042.0,0.072,0.0,none,undetermined,unknown
100,India,200,Singapore,162,Raw cane or beet sugar (centrifugal only),2013,3607.0,1.0,3607.0,27737000.0,1244130.0,28981130.0,0.0,0.0,none,undetermined,unknown
166,Panama,150,Netherlands (Kingdom of the),486,Bananas,1991,6.0,21642.0,3607.0,850368.0,0.0,850368.0,0.0,0.025,none,undetermined,unknown
11,Austria,79,Germany,1073,"Meat of geese, fresh or chilled",2002,3606.0,1.0,3606.0,221.0,6053.0,6274.0,0.575,0.0,none,undetermined,unknown
202,South Africa,226,Uganda,162,Raw cane or beet sugar (centrifugal only),2002,2.0,7198.0,3599.0,2626000.0,5012.0,2631012.0,0.0,0.003,none,undetermined,unknown
68,France,194,Saudi Arabia,889,"Whole milk, condensed",2004,1.0,3597.0,3597.0,11663.0,22661.0,34324.0,0.0,0.105,none,undetermined,unknown
101,Indonesia,110,Japan,165,Molasses,2003,5.0,17961.0,3592.2,1070000.0,82386.0,1152386.0,0.0,0.016,none,undetermined,unknown
231,United States of America,110,Japan,897,Whole milk powder,2001,3587.0,1.0,3587.0,18800.0,4573.0,23373.0,0.153,0.0,none,undetermined,unknown
81,Ghana,79,Germany,257,Palm oil,2001,32215.0,9.0,3579.444,108000.0,5736.0,113736.0,0.283,0.0,none,undetermined,unknown
79,Germany,81,Ghana,15,Wheat,2016,4400.0,1.23,3577.236,24463800.0,4781619.15,29245419.15,0.0,0.0,none,undetermined,unknown
173,Poland,255,Belgium,51,"Beer of barley, malted",2010,3576.0,1.0,3576.0,3680044.0,29754.0,3709798.0,0.001,0.0,none,undetermined,unknown
84,Greece,154,North Macedonia,619,"Other fruits, n.e.c.",2009,3572.0,1.0,3572.0,12571.23,2528.0,15099.23,0.237,0.0,none,undetermined,unknown
98,Croatia,223,Türkiye,56,Maize (corn),2011,4.0,14280.0,3570.0,1733664.0,35316.0,1768980.0,0.0,0.008,none,undetermined,unknown
131,Malaysia,26,Brunei Darussalam,619,"Other fruits, n.e.c.",2003,1.0,3561.0,3561.0,95000.0,8883.0,103883.0,0.0,0.034,none,undetermined,unknown
59,Egypt,223,Türkiye,490,Oranges,2017,26179.45,7.37,3552.164,3147545.0,8.68,3147553.68,0.008,0.0,none,undetermined,unknown
68,France,105,Israel,56,Maize (corn),2012,47.0,166785.0,3548.617,15393496.8,427715.0,15821211.8,0.0,0.011,none,undetermined,unknown
58,Ecuador,33,Canada,486,Bananas,2005,22.0,77974.0,3544.273,6118424.0,0.0,6118424.0,0.0,0.013,none,undetermined,unknown
106,Italy,98,Croatia,271,"Rapeseed or canola oil, crude",1992,1.0,3543.0,3543.0,12746.0,108067.0,120813.0,0.0,0.029,none,undetermined,unknown
10,Australia,156,New Zealand,165,Molasses,2011,102535.0,29.0,3535.69,1010000.0,2865.0,1012865.0,0.101,0.0,none,undetermined,unknown
173,Poland,185,Russian Federation,534,Peaches and nectarines,2012,3531.0,1.0,3531.0,9079.0,108206.0,117285.0,0.03,0.0,none,undetermined,unknown
131,Malaysia,114,Kenya,257,Palm oil,1992,40.0,141150.0,3528.75,6373460.0,167440.0,6540900.0,0.0,0.022,none,undetermined,unknown
21,Brazil,150,Netherlands (Kingdom of the),486,Bananas,2005,3525.0,1.0,3525.0,6703400.0,12.0,6703412.0,0.001,0.0,none,undetermined,unknown
231,United States of America,44,Colombia,1058,"Meat of chickens, fresh or chilled",2004,7037.0,2.0,3518.5,15679617.0,16380.0,15695997.0,0.0,0.0,none,undetermined,unknown
100,India,179,Qatar,236,Soya beans,2003,1.0,3518.0,3518.0,7818900.0,1.0,7818901.0,0.0,0.0,none,undetermined,unknown
138,Mexico,33,Canada,403,"Onions and shallots, dry (excluding dehydrated)",2000,2.0,7030.0,3515.0,905452.0,48072.0,953524.0,0.0,0.007,none,undetermined,unknown
68,France,105,Israel,270,Rape or colza seed,2005,2.0,7029.0,3514.5,4532787.2,32798.0,4565585.2,0.0,0.002,none,undetermined,unknown
231,United States of America,44,Colombia,236,Soya beans,1995,35126.0,10.0,3512.6,59173500.0,134645.0,59308145.0,0.001,0.0,none,undetermined,unknown
150,Netherlands (Kingdom of the),84,Greece,15,Wheat,2006,4.0,14024.0,3506.0,1184400.0,3986530.0,5170930.0,0.0,0.003,none,undetermined,unknown
126,Lithuania,185,Russian Federation,403,"Onions and shallots, dry (excluding dehydrated)",2012,7011.0,2.0,3505.5,27679.0,13739.0,41418.0,0.169,0.0,none,undetermined,unknown
231,United States of America,165,Pakistan,15,Wheat,2016,7000.0,2.0,3500.0,62831507.0,2210889.38,65042396.38,0.0,0.0,none,undetermined,unknown
100,India,150,Netherlands (Kingdom of the),165,Molasses,2017,39925.0,11.41,3499.124,9026000.0,57770.71,9083770.71,0.004,0.0,none,undetermined,unknown
79,Germany,84,Greece,44,Barley,2008,10.0,34972.0,3497.2,11967114.0,1204442.0,13171556.0,0.0,0.003,none,undetermined,unknown
100,India,165,Pakistan,249,"Coconuts, in shell",2013,20979.0,6.0,3496.5,11930000.0,39.0,11930039.0,0.002,0.0,none,undetermined,unknown
54,Denmark,210,Sweden,1043,"Pig fat, rendered",2004,24450.0,7.0,3492.857,71000.0,29286.0,100286.0,0.244,0.0,none,undetermined,unknown
79,Germany,174,Portugal,44,Barley,2018,5.43,18959.48,3491.617,9583600.0,1280020.3699999999,10863620.37,0.0,0.002,none,undetermined,unknown
101,Indonesia,79,Germany,252,Coconut oil,2016,16.24,56700.01,3491.38,1019000.0,6720.07,1025720.07,0.0,0.055,none,undetermined,unknown
150,Netherlands (Kingdom of the),84,Greece,15,Wheat,2004,4.0,13956.0,3489.0,1223900.0,3366116.0,4590016.0,0.0,0.003,none,undetermined,unknown
96,"China, Hong Kong SAR",41,"China, mainland",1242,Margarine and shortening,2000,27893.0,8.0,3486.625,0.0,48101.0,48101.0,0.58,0.0,none,undetermined,unknown
183,Romania,106,Italy,116,Potatoes,2021,5.95,20743.03,3486.224,1397840.0,170215.42,1568055.42,0.0,0.013,none,undetermined,unknown
203,Spain,102,Iran (Islamic Republic of),15,Wheat,2017,1.08,3764.7,3485.833,4875957.0,6185287.14,11061244.14,0.0,0.0,none,undetermined,unknown
156,New Zealand,110,Japan,463,"Other vegetables, fresh n.e.c.",2011,6966.0,2.0,3483.0,143742.64,4.0,143746.64,0.048,0.0,none,undetermined,unknown
41,"China, mainland",217,Togo,667,Tea leaves,1997,3482.0,1.0,3482.0,2667000.0,901.0,2667901.0,0.001,0.0,none,undetermined,unknown
100,India,79,Germany,165,Molasses,1997,7.0,24374.0,3482.0,5936000.0,25815.0,5961815.0,0.0,0.004,none,undetermined,unknown
106,Italy,67,Finland,619,"Other fruits, n.e.c.",1993,1.0,3482.0,3482.0,56232.0,15065.0,71297.0,0.0,0.049,none,undetermined,unknown
150,Netherlands (Kingdom of the),229,United Kingdom of Great Britain and Northern Ireland,157,Sugar beet,2001,1.0,3480.0,3480.0,5996000.0,36420.0,6032420.0,0.0,0.001,none,undetermined,unknown
44,Colombia,150,Netherlands (Kingdom of the),486,Bananas,1989,15.0,52196.0,3479.733,1241920.0,75.0,1241995.0,0.0,0.042,none,undetermined,unknown
106,Italy,54,Denmark,15,Wheat,2000,1.0,3479.0,3479.0,7463968.0,6860443.0,14324411.0,0.0,0.0,none,undetermined,unknown
203,Spain,210,Sweden,1036,"Edible offal of pigs, fresh, chilled or frozen",2016,7409.49,2.13,3478.634,465741.76,10179.53,475921.29000000004,0.016,0.0,none,undetermined,unknown
229,United Kingdom of Great Britain and Northern Ireland,255,Belgium,165,Molasses,2007,4.0,13834.0,3458.5,295000.0,550740.0,845740.0,0.0,0.016,none,undetermined,unknown
138,Mexico,231,United States of America,242,"Groundnuts, excluding shelled",2001,1.0,3458.0,3458.0,119520.0,17710.0,137230.0,0.0,0.025,none,undetermined,unknown
106,Italy,68,France,339,"Other oil seeds, n.e.c.",2011,1.0,3453.0,3453.0,93457.68,5593.0,99050.68,0.0,0.035,none,undetermined,unknown
100,India,231,United States of America,813,"Coir, raw",2020,138743.8,40.35,3438.508,1029200.0,213.85,1029413.85,0.135,0.0,none,undetermined,unknown
150,Netherlands (Kingdom of the),229,United Kingdom of Great Britain and Northern Ireland,334,Oil of linseed,1993,3.0,10304.0,3434.667,15000.0,16407.0,31407.0,0.0,0.328,none,undetermined,unknown
100,India,131,Malaysia,898,Skim milk and whey powder,2019,1.33,4565.5,3432.707,297651.56,783.35,298434.91,0.0,0.015,none,undetermined,unknown
203,Spain,229,United Kingdom of Great Britain and Northern Ireland,767,"Cotton lint, ginned",2010,3424.0,1.0,3424.0,38462.0,3528.0,41990.0,0.082,0.0,none,undetermined,unknown
210,Sweden,68,France,44,Barley,1996,3420.0,1.0,3420.0,2113400.0,45702.0,2159102.0,0.002,0.0,none,undetermined,unknown
96,"China, Hong Kong SAR",128,"China, Macao SAR",1058,"Meat of chickens, fresh or chilled",2009,6836.0,2.0,3418.0,38000.0,715339.0,753339.0,0.009,0.0,none,undetermined,unknown
255,Belgium,202,South Africa,162,Raw cane or beet sugar (centrifugal only),2018,1.09,3725.1,3417.523,945460.24,71442.05,1016902.29,0.0,0.004,none,undetermined,unknown
10,Australia,156,New Zealand,83,Sorghum,2002,11.0,37575.0,3415.909,2020844.0,34.0,2020878.0,0.0,0.019,none,undetermined,unknown
150,Netherlands (Kingdom of the),67,Finland,44,Barley,2011,6825.0,2.0,3412.5,204702.0,1658124.0,1862826.0,0.004,0.0,none,undetermined,unknown
150,Netherlands (Kingdom of the),162,Norway,560,Grapes,2020,5970.91,1.75,3411.949,1700.0,401920.2,403620.2,0.015,0.0,none,undetermined,unknown
138,Mexico,33,Canada,399,Eggplants (aubergines),2000,1.0,3409.0,3409.0,59000.0,73.0,59073.0,0.0,0.058,none,undetermined,unknown
185,Russian Federation,50,Cyprus,187,"Peas, dry",2012,3407.0,1.0,3407.0,1660016.0,7825.0,1667841.0,0.002,0.0,none,undetermined,unknown
146,Republic of Moldova,231,United States of America,267,Sunflower seed,2010,6808.0,2.0,3404.0,382316.0,4286.0,386602.0,0.018,0.0,none,undetermined,unknown
203,Spain,136,Mauritania,619,"Other fruits, n.e.c.",2017,1.21,4116.45,3402.025,199363.51,3558.2999999999997,202921.81,0.0,0.02,none,undetermined,unknown
112,Jordan,118,Kuwait,394,"Pumpkins, squash and gourds",1999,1.0,3401.0,3401.0,35727.0,0.0,35727.0,0.0,0.095,none,undetermined,unknown
56,Dominican Republic,229,United Kingdom of Great Britain and Northern Ireland,489,Plantains and cooking bananas,2016,8159.33,2.4,3399.721,979684.66,353.24,980037.9,0.008,0.0,none,undetermined,unknown
10,Australia,156,New Zealand,162,Raw cane or beet sugar (centrifugal only),2013,47.0,159719.0,3398.277,4300000.0,32887.0,4332887.0,0.0,0.037,none,undetermined,unknown
150,Netherlands (Kingdom of the),162,Norway,165,Molasses,2011,1.0,3392.0,3392.0,220000.0,318915.0,538915.0,0.0,0.006,none,undetermined,unknown
10,Australia,110,Japan,889,"Whole milk, condensed",1996,6776.0,2.0,3388.0,14830.0,1438.0,16268.0,0.417,0.0,none,undetermined,unknown
156,New Zealand,255,Belgium,886,Butter of cow milk,2002,67640.0,20.0,3382.0,414550.0,1259.0,415809.0,0.163,0.0,none,undetermined,unknown
68,France,49,Cuba,1080,"Meat of turkeys, fresh or chilled",2003,6757.0,2.0,3378.5,634604.0,12860.0,647464.0,0.01,0.0,none,undetermined,unknown
223,Türkiye,108,Kazakhstan,401,"Chillies and peppers, green (Capsicum spp. and Pimenta spp.)",2005,3376.0,1.0,3376.0,1829000.0,22.0,1829022.0,0.002,0.0,none,undetermined,unknown
198,Slovenia,59,Egypt,515,Apples,2019,4756.39,1.41,3373.326,54270.0,22041.16,76311.16,0.062,0.0,none,undetermined,unknown
130,Malawi,110,Japan,826,Unmanufactured tobacco,2011,1.0,3373.0,3373.0,174928.0,27163.0,202091.0,0.0,0.017,none,undetermined,unknown
126,Lithuania,185,Russian Federation,388,Tomatoes,2012,67444.0,20.0,3372.2,11602.0,87643.0,99245.0,0.68,0.0,none,undetermined,unknown
21,Brazil,138,Mexico,656,"Coffee, green",2006,10109.0,3.0,3369.667,2573368.0,0.0,2573368.0,0.004,0.0,none,undetermined,unknown
68,France,67,Finland,271,"Rapeseed or canola oil, crude",2010,1.0,3368.0,3368.0,1782496.5,230872.0,2013368.5,0.0,0.002,none,undetermined,unknown
100,India,237,Viet Nam,689,"Chillies and peppers, dry (Capsicum spp., Pimenta spp.), raw",2015,66405.06,19.74,3363.985,1605000.0,184.92000000000002,1605184.92,0.041,0.0,none,undetermined,unknown
203,Spain,106,Italy,236,Soya beans,2009,1.0,3361.0,3361.0,2767.0,2933498.0,2936265.0,0.0,0.001,none,undetermined,unknown
203,Spain,173,Poland,463,"Other vegetables, fresh n.e.c.",1992,1.0,3358.0,3358.0,517933.0,2964.0,520897.0,0.0,0.006,none,undetermined,unknown
95,Honduras,33,Canada,486,Bananas,2006,3.0,10069.0,3356.333,612511.0,13935.0,626446.0,0.0,0.016,none,undetermined,unknown
112,Jordan,194,Saudi Arabia,463,"Other vegetables, fresh n.e.c.",2021,6.19,20772.17,3355.763,31273.3,137.44,31410.739999999998,0.0,0.661,none,undetermined,unknown
9,Argentina,114,Kenya,15,Wheat,1990,26800.0,8.0,3350.0,10055700.0,4002.0,10059702.0,0.003,0.0,none,undetermined,unknown
9,Argentina,223,Türkiye,56,Maize (corn),2013,6695.0,2.0,3347.5,32119211.0,2854.0,32122065.0,0.0,0.0,none,undetermined,unknown
106,Italy,110,Japan,826,Unmanufactured tobacco,2007,1.0,3347.0,3347.0,110000.0,15809.0,125809.0,0.0,0.027,none,undetermined,unknown
150,Netherlands (Kingdom of the),89,Guatemala,237,Soya bean oil,1988,2.0,6690.0,3345.0,515200.0,17940.0,533140.0,0.0,0.013,none,undetermined,unknown
210,Sweden,54,Denmark,116,Potatoes,2001,2.0,6688.0,3344.0,925000.0,72970.0,997970.0,0.0,0.007,none,undetermined,unknown
138,Mexico,231,United States of America,767,"Cotton lint, ginned",2015,3343.0,1.0,3343.0,205000.0,221027.0,426027.0,0.008,0.0,none,undetermined,unknown
33,Canada,110,Japan,1035,"Meat of pig with the bone, fresh or chilled",1994,26696.0,8.0,3337.0,1229380.0,19345.0,1248725.0,0.021,0.0,none,undetermined,unknown
170,Peru,150,Netherlands (Kingdom of the),619,"Other fruits, n.e.c.",2021,5.96,19871.79,3334.193,128046.44,0.0,128046.44,0.0,0.155,none,undetermined,unknown
126,Lithuania,185,Russian Federation,515,Apples,2007,189935.0,57.0,3332.193,40619.0,172321.0,212940.0,0.892,0.0,none,undetermined,unknown
101,Indonesia,79,Germany,252,Coconut oil,2018,28.16,93673.7,3326.481,951000.0,14354.89,965354.89,0.0,0.097,none,undetermined,unknown
33,Canada,138,Mexico,44,Barley,1991,19916.0,6.0,3319.333,11617000.0,614.0,11617614.0,0.002,0.0,none,undetermined,unknown
156,New Zealand,110,Japan,402,"Onions and shallots, green",2018,7966.4,2.4,3319.333,258772.79,2185.23,260958.02000000002,0.031,0.0,none,undetermined,unknown
106,Italy,183,Romania,490,Oranges,1991,3318.0,1.0,3318.0,1842200.0,0.0,1842200.0,0.002,0.0,none,undetermined,unknown
79,Germany,119,Latvia,236,Soya beans,2012,2.0,6620.0,3310.0,4000.0,3447345.0,3451345.0,0.0,0.002,none,undetermined,unknown
79,Germany,255,Belgium,60,Oil of maize,2004,6619.0,2.0,3309.5,13800.0,12561.0,26361.0,0.251,0.0,none,undetermined,unknown
223,Türkiye,102,Iran (Islamic Republic of),236,Soya beans,2014,24.0,79400.5,3308.354,150000.0,2008268.8,2158268.8,0.0,0.037,none,undetermined,unknown
100,India,13,Bahrain,15,Wheat,2004,11.0,36377.0,3307.0,72156200.0,222.0,72156422.0,0.0,0.001,none,undetermined,unknown
119,Latvia,150,Netherlands (Kingdom of the),270,Rape or colza seed,2017,19994.44,6.05,3304.866,326200.0,93434.37999999999,419634.38,0.048,0.0,none,undetermined,unknown
231,United States of America,110,Japan,393,Cauliflowers and broccoli,1995,59447.0,18.0,3302.611,1049159.0,5959.0,1055118.0,0.056,0.0,none,undetermined,unknown
138,Mexico,33,Canada,358,Cabbages,1998,1.0,3302.0,3302.0,221547.0,6224.0,227771.0,0.0,0.014,none,undetermined,unknown
97,Hungary,183,Romania,75,Oats,2019,1.87,6172.8,3300.963,70310.0,2232.52,72542.52,0.0,0.085,none,undetermined,unknown
210,Sweden,63,Estonia,15,Wheat,2008,3300.0,1.0,3300.0,2202200.0,129380.0,2331580.0,0.001,0.0,none,undetermined,unknown
231,United States of America,110,Japan,897,Whole milk powder,2003,6590.0,2.0,3295.0,17500.0,7480.0,24980.0,0.264,0.0,none,undetermined,unknown
41,"China, mainland",96,"China, Hong Kong SAR",577,Dates,2003,1.0,3294.0,3294.0,120000.0,2386.0,122386.0,0.0,0.027,none,undetermined,unknown
79,Germany,210,Sweden,44,Barley,2001,2.0,6587.0,3293.5,13494587.0,704758.0,14199345.0,0.0,0.0,none,undetermined,unknown
106,Italy,222,Tunisia,56,Maize (corn),2015,4.6,15144.86,3292.361,7073896.0,3743660.38,10817556.379999999,0.0,0.001,none,undetermined,unknown
238,Ethiopia,255,Belgium,414,"Other beans, green",2009,1.0,3291.0,3291.0,6967.26,332.0,7299.26,0.0,0.451,none,undetermined,unknown
100,India,33,Canada,813,"Coir, raw",2017,5808.55,1.77,3281.667,567349.83,168.18,567518.01,0.01,0.0,none,undetermined,unknown
21,Brazil,110,Japan,826,Unmanufactured tobacco,2009,6.0,19684.0,3280.667,863079.0,15533.0,878612.0,0.0,0.022,none,undetermined,unknown
79,Germany,105,Israel,116,Potatoes,2014,4624.9,1.41,3280.071,11607300.0,590817.54,12198117.54,0.0,0.0,none,undetermined,unknown
29,Burundi,226,Uganda,619,"Other fruits, n.e.c.",2009,22960.0,7.0,3280.0,135000.0,7.0,135007.0,0.17,0.0,none,undetermined,unknown
56,Dominican Republic,211,Switzerland,486,Bananas,2021,1.08,3541.39,3279.065,1262834.2,0.0,1262834.2,0.0,0.003,none,undetermined,unknown
54,Denmark,150,Netherlands (Kingdom of the),426,Carrots and turnips,2010,3276.0,1.0,3276.0,104830.0,10158.0,114988.0,0.028,0.0,none,undetermined,unknown
48,Costa Rica,231,United States of America,401,"Chillies and peppers, green (Capsicum spp. and Pimenta spp.)",1991,6548.0,2.0,3274.0,9000.0,0.0,9000.0,0.728,0.0,none,undetermined,unknown
225,United Arab Emirates,194,Saudi Arabia,619,"Other fruits, n.e.c.",2021,8670.08,2.65,3271.728,1916.0,87373.35,89289.35,0.097,0.0,none,undetermined,unknown
101,Indonesia,229,United Kingdom of Great Britain and Northern Ireland,252,Coconut oil,2000,1.0,3267.0,3267.0,778000.0,60.0,778060.0,0.0,0.004,none,undetermined,unknown
203,Spain,185,Russian Federation,426,Carrots and turnips,2000,1.0,3266.0,3266.0,425357.0,14367.0,439724.0,0.0,0.007,none,undetermined,unknown
150,Netherlands (Kingdom of the),105,Israel,56,Maize (corn),2000,4.0,13059.0,3264.75,223300.0,1306064.0,1529364.0,0.0,0.009,none,undetermined,unknown
9,Argentina,40,Chile,176,"Beans, dry",1986,3264.0,1.0,3264.0,210500.0,116.0,210616.0,0.015,0.0,none,undetermined,unknown
202,South Africa,181,Zimbabwe,767,"Cotton lint, ginned",2010,5.0,16311.0,3262.2,7694.0,29451.0,37145.0,0.0,0.439,none,undetermined,unknown
100,India,200,Singapore,882,Raw milk of cattle,2007,3262.0,1.0,3262.0,46822000.0,0.0,46822000.0,0.0,0.0,none,undetermined,unknown
126,Lithuania,229,United Kingdom of Great Britain and Northern Ireland,56,Maize (corn),2016,1.35,4400.0,3259.259,86233.0,53308.53,139541.53,0.0,0.032,none,undetermined,unknown
106,Italy,222,Tunisia,261,Olive oil,1989,9765.0,3.0,3255.0,578130.0,177048.0,755178.0,0.013,0.0,none,undetermined,unknown
138,Mexico,231,United States of America,149,"Edible roots and tubers with high starch or inulin content, n.e.c., fresh",1991,9764.0,3.0,3254.667,75159.0,21.0,75180.0,0.13,0.0,none,undetermined,unknown
229,United Kingdom of Great Britain and Northern Ireland,185,Russian Federation,1036,"Edible offal of pigs, fresh, chilled or frozen",1998,1.0,3252.0,3252.0,88111.84,18041.0,106152.84,0.0,0.031,none,undetermined,unknown
150,Netherlands (Kingdom of the),11,Austria,271,"Rapeseed or canola oil, crude",2012,3.0,9749.0,3249.667,371700.0,479526.0,851226.0,0.0,0.011,none,undetermined,unknown
229,United Kingdom of Great Britain and Northern Ireland,126,Lithuania,44,Barley,2020,1.54,4991.09,3240.968,8117000.0,98328.98,8215328.98,0.0,0.001,none,undetermined,unknown
225,United Arab Emirates,118,Kuwait,571,"Mangoes, guavas and mangosteens",2020,3240.13,1.0,3240.13,9317.0,91466.05,100783.05,0.032,0.0,none,undetermined,unknown
194,Saudi Arabia,13,Bahrain,388,Tomatoes,2001,5.0,16184.0,3236.8,395957.0,117619.0,513576.0,0.0,0.032,none,undetermined,unknown
210,Sweden,54,Denmark,1037,Fat of pigs,2016,3236.48,1.0,3236.48,11846.38,34.02,11880.4,0.272,0.0,none,undetermined,unknown
171,Philippines,200,Singapore,165,Molasses,2011,3236.0,1.0,3236.0,1063000.0,16831.0,1079831.0,0.003,0.0,none,undetermined,unknown
79,Germany,21,Brazil,271,"Rapeseed or canola oil, crude",1998,3235.0,1.0,3235.0,1655849.0,53319.0,1709168.0,0.002,0.0,none,undetermined,unknown
181,Zimbabwe,200,Singapore,826,Unmanufactured tobacco,2013,1.0,3232.0,3232.0,147068.07,19181.0,166249.07,0.0,0.019,none,undetermined,unknown
11,Austria,84,Greece,56,Maize (corn),2005,1.0,3222.0,3222.0,2020955.0,196151.0,2217106.0,0.0,0.001,none,undetermined,unknown
126,Lithuania,185,Russian Federation,515,Apples,2011,48329.0,15.0,3221.933,49099.0,52516.0,101615.0,0.476,0.0,none,undetermined,unknown
156,New Zealand,110,Japan,402,"Onions and shallots, green",2010,22551.0,7.0,3221.571,213686.42,534.0,214220.42,0.105,0.0,none,undetermined,unknown
256,Luxembourg,68,France,44,Barley,2000,2.0,6424.0,3212.0,53533.0,809.0,54342.0,0.0,0.118,none,undetermined,unknown
171,Philippines,231,United States of America,574,Pineapples,2001,3206.0,1.0,3206.0,1617906.0,0.0,1617906.0,0.002,0.0,none,undetermined,unknown
203,Spain,229,United Kingdom of Great Britain and Northern Ireland,523,Quinces,1996,1.0,3204.0,3204.0,8492.0,195.0,8687.0,0.0,0.369,none,undetermined,unknown
229,United Kingdom of Great Britain and Northern Ireland,105,Israel,162,Raw cane or beet sugar (centrifugal only),1989,1.0,3200.0,3200.0,1377000.0,1248236.0,2625236.0,0.0,0.001,none,undetermined,unknown
229,United Kingdom of Great Britain and Northern Ireland,59,Egypt,162,Raw cane or beet sugar (centrifugal only),1999,1.0,3200.0,3200.0,1683000.0,1258572.0,2941572.0,0.0,0.001,none,undetermined,unknown
9,Argentina,19,Bolivia (Plurinational State of),1043,"Pig fat, rendered",1995,9575.0,3.0,3191.667,33135.57,1.0,33136.57,0.289,0.0,none,undetermined,unknown
174,Portugal,203,Spain,420,"Broad beans and horse beans, green",2009,1.0,3188.0,3188.0,24603.5,1415.0,26018.5,0.0,0.123,none,undetermined,unknown
185,Russian Federation,141,Mongolia,270,Rape or colza seed,2019,47739.77,15.0,3182.651,2060320.1,38907.39,2099227.49,0.023,0.0,none,undetermined,unknown
231,United States of America,170,Peru,237,Soya bean oil,1996,34977.0,11.0,3179.727,6913000.0,76494.0,6989494.0,0.005,0.0,none,undetermined,unknown
101,Indonesia,54,Denmark,252,Coconut oil,2000,1.0,3179.0,3179.0,778000.0,60.0,778060.0,0.0,0.004,none,undetermined,unknown
100,India,16,Bangladesh,490,Oranges,2005,34955.0,11.0,3177.727,2078700.0,1555.0,2080255.0,0.017,0.0,none,undetermined,unknown
68,France,79,Germany,165,Molasses,2009,2.0,6346.0,3173.0,985635.0,336227.0,1321862.0,0.0,0.005,none,undetermined,unknown
214,"China, Taiwan Province of",171,Philippines,79,Millet,2010,2.0,6342.0,3171.0,508.2,3191.0,3699.2,0.001,1.714,none,undetermined,unknown
100,India,229,United Kingdom of Great Britain and Northern Ireland,463,"Other vegetables, fresh n.e.c.",2012,15808.0,5.0,3161.6,21773000.0,341.0,21773341.0,0.001,0.0,none,undetermined,unknown
33,Canada,162,Norway,236,Soya beans,2007,41100.0,13.0,3161.538,2686200.0,212851.0,2899051.0,0.014,0.0,none,undetermined,unknown
223,Türkiye,68,France,15,Wheat,2001,3155.0,1.0,3155.0,19000000.0,328878.0,19328878.0,0.0,0.0,none,undetermined,unknown
231,United States of America,41,"China, mainland",83,Sorghum,2000,22064.0,7.0,3152.0,11951910.0,10.0,11951920.0,0.002,0.0,none,undetermined,unknown
203,Spain,79,Germany,44,Barley,2003,3150.0,1.0,3150.0,8698400.0,597789.0,9296189.0,0.0,0.0,none,undetermined,unknown
231,United States of America,150,Netherlands (Kingdom of the),237,Soya bean oil,2003,3149.0,1.0,3149.0,7748000.0,30754.0,7778754.0,0.0,0.0,none,undetermined,unknown
150,Netherlands (Kingdom of the),106,Italy,1242,Margarine and shortening,2012,1.0,3148.0,3148.0,242000.0,17557.0,259557.0,0.0,0.012,none,undetermined,unknown
203,Spain,203,Spain,51,"Beer of barley, malted",2011,6284.0,2.0,3142.0,3357300.0,252117.0,3609417.0,0.002,0.0,none,undetermined,unknown
223,Türkiye,150,Netherlands (Kingdom of the),15,Wheat,1998,9426.0,3.0,3142.0,21000000.0,1701301.0,22701301.0,0.0,0.0,none,undetermined,unknown
59,Egypt,229,United Kingdom of Great Britain and Northern Ireland,165,Molasses,1989,2.0,6280.0,3140.0,382000.0,0.0,382000.0,0.0,0.016,none,undetermined,unknown
231,United States of America,110,Japan,897,Whole milk powder,2005,6280.0,2.0,3140.0,14700.0,13995.0,28695.0,0.219,0.0,none,undetermined,unknown
229,United Kingdom of Great Britain and Northern Ireland,54,Denmark,15,Wheat,2012,5.0,15694.0,3138.8,13261000.0,1784945.0,15045945.0,0.0,0.001,none,undetermined,unknown
100,India,131,Malaysia,165,Molasses,2021,3.2,10030.2,3134.438,12325733.99,131.6,12325865.59,0.0,0.001,none,undetermined,unknown
102,Iran (Islamic Republic of),2,Afghanistan,463,"Other vegetables, fresh n.e.c.",2017,12.67,39696.6,3133.118,1177551.99,0.0,1177551.99,0.0,0.034,none,undetermined,unknown
138,Mexico,33,Canada,388,Tomatoes,1993,4.0,12529.0,3132.25,2067710.0,22052.0,2089762.0,0.0,0.006,none,undetermined,unknown
126,Lithuania,63,Estonia,882,Raw milk of cattle,2011,18792.0,6.0,3132.0,1782326.0,298979.0,2081305.0,0.009,0.0,none,undetermined,unknown
68,France,107,Côte d'Ivoire,402,"Onions and shallots, green",1999,2.0,6253.0,3126.5,44730.0,1789.0,46519.0,0.0,0.134,none,undetermined,unknown
41,"China, mainland",110,Japan,211,Other pulses n.e.c.,1995,3125.0,1.0,3125.0,100000.0,2325.0,102325.0,0.031,0.0,none,undetermined,unknown
216,Thailand,28,Myanmar,689,"Chillies and peppers, dry (Capsicum spp., Pimenta spp.), raw",2014,7121.51,2.28,3123.469,321395.0,68944.57,390339.57,0.018,0.0,none,undetermined,unknown
229,United Kingdom of Great Britain and Northern Ireland,194,Saudi Arabia,898,Skim milk and whey powder,1987,3.0,9370.0,3123.333,193800.0,7402.0,201202.0,0.0,0.047,none,undetermined,unknown
231,United States of America,110,Japan,393,Cauliflowers and broccoli,2018,12242.82,3.92,3123.168,1214450.0,78276.23,1292726.23,0.009,0.0,none,undetermined,unknown
138,Mexico,110,Japan,367,Asparagus,1997,1.0,3122.0,3122.0,37980.0,63.0,38043.0,0.0,0.082,none,undetermined,unknown
33,Canada,79,Germany,270,Rape or colza seed,1997,20.0,62437.0,3121.85,6393100.0,127856.0,6520956.0,0.0,0.01,none,undetermined,unknown
68,France,183,Romania,894,"Whole milk, evaporated",2015,4680.9,1.5,3120.6,85573.5,57774.09,143347.59,0.033,0.0,none,undetermined,unknown
237,Viet Nam,214,"China, Taiwan Province of",56,Maize (corn),2017,6234.1,2.0,3117.05,5109765.58,7725542.899999999,12835308.48,0.0,0.0,none,undetermined,unknown
150,Netherlands (Kingdom of the),104,Ireland,15,Wheat,2004,1.0,3114.0,3114.0,1223900.0,3366116.0,4590016.0,0.0,0.001,none,undetermined,unknown
58,Ecuador,210,Sweden,486,Bananas,1996,1.0,3113.0,3113.0,5422835.0,0.0,5422835.0,0.0,0.001,none,undetermined,unknown
33,Canada,118,Kuwait,889,"Whole milk, condensed",2001,2.0,6217.0,3108.5,9000.0,226.0,9226.0,0.0,0.674,none,undetermined,unknown
89,Guatemala,231,United States of America,656,"Coffee, green",1992,35.0,108739.0,3106.829,206586.0,0.0,206586.0,0.0,0.526,none,undetermined,unknown
50,Cyprus,84,Greece,15,Wheat,2008,1.0,3106.0,3106.0,2472.0,105562.0,108034.0,0.0,0.029,none,undetermined,unknown
15,Belgium-Luxembourg,84,Greece,44,Barley,1999,3105.0,1.0,3105.0,387564.0,1199286.0,1586850.0,0.002,0.0,none,undetermined,unknown
226,Uganda,106,Italy,656,"Coffee, green",1999,5.0,15520.0,3104.0,251881.0,0.0,251881.0,0.0,0.062,none,undetermined,unknown
215,United Republic of Tanzania,110,Japan,826,Unmanufactured tobacco,2009,1.0,3103.0,3103.0,58700.0,4364.0,63064.0,0.0,0.049,none,undetermined,unknown
10,Australia,96,"China, Hong Kong SAR",271,"Rapeseed or canola oil, crude",1998,3100.0,1.0,3100.0,162000.0,0.0,162000.0,0.019,0.0,none,undetermined,unknown
167,Czechia,68,France,270,Rape or colza seed,2005,6191.0,2.0,3095.5,769377.0,19988.0,789365.0,0.008,0.0,none,undetermined,unknown
255,Belgium,84,Greece,56,Maize (corn),2005,1.0,3094.0,3094.0,634088.0,564960.0,1199048.0,0.0,0.003,none,undetermined,unknown
216,Thailand,231,United States of America,571,"Mangoes, guavas and mangosteens",2019,8874.26,2.87,3092.077,1643058.0,26832.05,1669890.05,0.005,0.0,none,undetermined,unknown
11,Austria,150,Netherlands (Kingdom of the),270,Rape or colza seed,2008,3091.0,1.0,3091.0,174592.0,271893.0,446485.0,0.007,0.0,none,undetermined,unknown
231,United States of America,109,Jamaica,414,"Other beans, green",2009,3090.0,1.0,3090.0,43570.0,43470.0,87040.0,0.036,0.0,none,undetermined,unknown
229,United Kingdom of Great Britain and Northern Ireland,67,Finland,1225,Tallow,2008,1.0,3087.0,3087.0,137800.0,0.0,137800.0,0.0,0.022,none,undetermined,unknown
59,Egypt,106,Italy,165,Molasses,2001,6.0,18487.0,3081.167,545000.0,0.0,545000.0,0.0,0.034,none,undetermined,unknown
217,Togo,53,Benin,236,Soya beans,2013,3080.0,1.0,3080.0,12724.51,0.0,12724.51,0.242,0.0,none,undetermined,unknown
79,Germany,223,Türkiye,268,"Sunflower-seed oil, crude",1994,1.0,3078.0,3078.0,185099.0,107170.0,292269.0,0.0,0.011,none,undetermined,unknown
202,South Africa,255,Belgium,165,Molasses,2001,2.0,6156.0,3078.0,900000.0,5487.0,905487.0,0.0,0.007,none,undetermined,unknown
79,Germany,84,Greece,267,Sunflower seed,2001,24622.0,8.0,3077.75,54370.0,330917.0,385287.0,0.064,0.0,none,undetermined,unknown
10,Australia,216,Thailand,885,"Cream, fresh",1996,2.0,6154.0,3077.0,14121.0,54.0,14175.0,0.0,0.434,none,undetermined,unknown
231,United States of America,166,Panama,51,"Beer of barley, malted",1990,3072.0,1.0,3072.0,23702000.0,902743.0,24604743.0,0.0,0.0,none,undetermined,unknown
41,"China, mainland",96,"China, Hong Kong SAR",417,"Peas, green",2013,1.0,3071.0,3071.0,10600000.0,0.0,10600000.0,0.0,0.0,none,undetermined,unknown
173,Poland,174,Portugal,44,Barley,2021,5523.65,1.8,3068.694,2961650.0,169565.66,3131215.66,0.002,0.0,none,undetermined,unknown
68,France,79,Germany,103,Mixed grain,2008,9206.0,3.0,3068.667,210831.0,11156.0,221987.0,0.041,0.0,none,undetermined,unknown
100,India,200,Singapore,888,Skim milk of cows,2009,1.0,3068.0,3068.0,1800000.0,114.0,1800114.0,0.0,0.002,none,undetermined,unknown
173,Poland,203,Spain,75,Oats,2018,3.76,11525.61,3065.322,1144360.0,12796.550000000001,1157156.55,0.0,0.01,none,undetermined,unknown
113,Kyrgyzstan,223,Türkiye,414,"Other beans, green",2002,3063.0,1.0,3063.0,6700.0,0.0,6700.0,0.457,0.0,none,undetermined,unknown
33,Canada,68,France,271,"Rapeseed or canola oil, crude",2008,1.0,3061.0,3061.0,1782280.0,41299.0,1823579.0,0.0,0.002,none,undetermined,unknown
126,Lithuania,119,Latvia,890,"Whey, condensed",2018,3058.43,1.0,3058.43,10354.5,4620.53,14975.029999999999,0.204,0.0,none,undetermined,unknown
59,Egypt,79,Germany,414,"Other beans, green",2009,1.0,3057.0,3057.0,282297.0,0.0,282297.0,0.0,0.011,none,undetermined,unknown
150,Netherlands (Kingdom of the),106,Italy,15,Wheat,1988,1.0,3057.0,3057.0,827139.0,2093371.0,2920510.0,0.0,0.001,none,undetermined,unknown
203,Spain,84,Greece,767,"Cotton lint, ginned",2018,3057.0,1.0,3057.0,64820.67,2173.0,66993.67,0.046,0.0,none,undetermined,unknown
229,United Kingdom of Great Britain and Northern Ireland,173,Poland,270,Rape or colza seed,2012,12223.0,4.0,3055.75,2556643.0,20426.0,2577069.0,0.005,0.0,none,undetermined,unknown
96,"China, Hong Kong SAR",41,"China, mainland",1036,"Edible offal of pigs, fresh, chilled or frozen",2004,143570.0,47.0,3054.681,12785.29,170202.0,182987.29,0.785,0.0,none,undetermined,unknown
95,Honduras,231,United States of America,149,"Edible roots and tubers with high starch or inulin content, n.e.c., fresh",2012,1.0,3049.0,3049.0,5350.0,116.0,5466.0,0.0,0.558,none,undetermined,unknown
68,France,79,Germany,103,Mixed grain,2010,15231.0,5.0,3046.2,190857.6,6360.0,197217.6,0.077,0.0,none,undetermined,unknown
150,Netherlands (Kingdom of the),174,Portugal,44,Barley,2005,1.0,3046.0,3046.0,307100.0,947971.0,1255071.0,0.0,0.002,none,undetermined,unknown
225,United Arab Emirates,194,Saudi Arabia,571,"Mangoes, guavas and mangosteens",2018,6091.18,2.0,3045.59,11626.0,78722.77,90348.77,0.067,0.0,none,undetermined,unknown
44,Colombia,211,Switzerland,162,Raw cane or beet sugar (centrifugal only),2010,1.0,3042.0,3042.0,2077613.0,2038.0,2079651.0,0.0,0.001,none,undetermined,unknown
210,Sweden,54,Denmark,1037,Fat of pigs,2017,4282.91,1.41,3037.525,12191.3,8.54,12199.84,0.351,0.0,none,undetermined,unknown
255,Belgium,104,Ireland,56,Maize (corn),2007,3.0,9106.0,3035.333,698899.0,1065929.0,1764828.0,0.0,0.005,none,undetermined,unknown
229,United Kingdom of Great Britain and Northern Ireland,104,Ireland,181,"Broad beans and horse beans, dry",2003,3034.0,1.0,3034.0,170000.0,2078.0,172078.0,0.018,0.0,none,undetermined,unknown
97,Hungary,50,Cyprus,56,Maize (corn),2020,1.36,4119.75,3029.228,8365430.0,168688.03,8534118.03,0.0,0.0,none,undetermined,unknown
129,Madagascar,68,France,619,"Other fruits, n.e.c.",2008,2.0,6057.0,3028.5,8680.74,1.0,8681.74,0.0,0.698,none,undetermined,unknown
150,Netherlands (Kingdom of the),195,Senegal,271,"Rapeseed or canola oil, crude",1998,1.0,3020.0,3020.0,90800.0,283790.0,374590.0,0.0,0.008,none,undetermined,unknown
203,Spain,229,United Kingdom of Great Britain and Northern Ireland,767,"Cotton lint, ginned",2002,3020.0,1.0,3020.0,101745.0,31086.0,132831.0,0.023,0.0,none,undetermined,unknown
79,Germany,102,Iran (Islamic Republic of),44,Barley,2018,110.32,333148.0,3019.833,9583600.0,1280020.3699999999,10863620.37,0.0,0.031,none,undetermined,unknown
255,Belgium,203,Spain,15,Wheat,2008,3016.0,1.0,3016.0,1850406.0,3114544.0,4964950.0,0.001,0.0,none,undetermined,unknown
100,India,194,Saudi Arabia,56,Maize (corn),2006,1.0,3013.0,3013.0,14110300.0,2000.0,14112300.0,0.0,0.0,none,undetermined,unknown
146,Republic of Moldova,68,France,270,Rape or colza seed,2013,2.0,6026.0,3013.0,70000.0,93.0,70093.0,0.0,0.086,none,undetermined,unknown
156,New Zealand,96,"China, Hong Kong SAR",978,"Edible offal of sheep, fresh, chilled or frozen",2019,1.8,5423.22,3012.9,55658.85,24.64,55683.49,0.0,0.097,none,undetermined,unknown
41,"China, mainland",231,United States of America,1182,Natural honey,2018,3.4,10242.25,3012.426,446878.56,3823.58,450702.14,0.0,0.023,none,undetermined,unknown
156,New Zealand,110,Japan,402,"Onions and shallots, green",1990,21067.0,7.0,3009.571,95000.0,0.0,95000.0,0.222,0.0,none,undetermined,unknown
203,Spain,231,United States of America,984,"Cheese from milk of sheep, fresh or processed",2010,1.0,3008.0,3008.0,44800.0,2048.0,46848.0,0.0,0.064,none,undetermined,unknown
68,France,229,United Kingdom of Great Britain and Northern Ireland,165,Molasses,2010,1.0,3006.0,3006.0,936845.0,270706.0,1207551.0,0.0,0.002,none,undetermined,unknown
10,Australia,156,New Zealand,162,Raw cane or beet sugar (centrifugal only),1993,45.0,135193.0,3004.289,4256000.0,1388.0,4257388.0,0.0,0.032,none,undetermined,unknown
10,Australia,200,Singapore,270,Rape or colza seed,1999,33016.0,11.0,3001.455,2426000.0,108.0,2426108.0,0.014,0.0,none,undetermined,unknown
171,Philippines,223,Türkiye,252,Coconut oil,2011,1.0,3001.0,3001.0,1136700.0,239.0,1136939.0,0.0,0.003,none,undetermined,unknown
234,Uruguay,21,Brazil,44,Barley,1994,3001.0,1.0,3001.0,177500.0,36420.0,213920.0,0.014,0.0,none,undetermined,unknown
11,Austria,203,Spain,15,Wheat,2011,3.0,9000.0,3000.0,1781837.0,565925.0,2347762.0,0.0,0.004,none,undetermined,unknown
68,France,101,Indonesia,15,Wheat,2001,66000.0,22.0,3000.0,31545319.3,533188.0,32078507.3,0.002,0.0,none,undetermined,unknown
97,Hungary,199,Slovakia,292,Mustard seed,2010,2.0,6000.0,3000.0,2686.0,1010.0,3696.0,0.001,1.623,none,undetermined,unknown
216,Thailand,150,Netherlands (Kingdom of the),165,Molasses,2009,5.0,14992.0,2998.4,2790000.0,20087.0,2810087.0,0.0,0.005,none,undetermined,unknown
79,Germany,97,Hungary,592,Kiwi fruit,2020,1.1,3294.81,2995.282,0.0,94508.31999999999,94508.31999999999,0.0,0.035,none,undetermined,unknown
68,France,203,Spain,211,Other pulses n.e.c.,1993,1.0,2990.0,2990.0,6428.33,655.0,7083.33,0.0,0.422,none,undetermined,unknown
202,South Africa,181,Zimbabwe,331,Cottonseed oil,2011,2989.0,1.0,2989.0,8700.0,9192.0,17892.0,0.167,0.0,none,undetermined,unknown
150,Netherlands (Kingdom of the),173,Poland,44,Barley,1986,21.0,62680.0,2984.762,262191.0,570493.0,832684.0,0.0,0.075,none,undetermined,unknown
231,United States of America,174,Portugal,1058,"Meat of chickens, fresh or chilled",1991,2983.0,1.0,2983.0,9177703.0,1182.0,9178885.0,0.0,0.0,none,undetermined,unknown
185,Russian Federation,183,Romania,56,Maize (corn),2016,52414.74,17.6,2978.11,15281594.0,41123.81,15322717.81,0.003,0.0,none,undetermined,unknown
231,United States of America,223,Türkiye,223,"Pistachios, in shell",2017,5175.49,1.74,2974.42,272290.0,416.72,272706.72,0.019,0.0,none,undetermined,unknown
146,Republic of Moldova,230,Ukraine,56,Maize (corn),2005,20799.0,7.0,2971.286,1492000.0,338.0,1492338.0,0.014,0.0,none,undetermined,unknown
21,Brazil,79,Germany,257,Palm oil,2013,1.0,2962.0,2962.0,340000.0,250082.0,590082.0,0.0,0.005,none,undetermined,unknown
167,Czechia,97,Hungary,15,Wheat,2003,2962.0,1.0,2962.0,2637891.0,8014.0,2645905.0,0.001,0.0,none,undetermined,unknown
229,United Kingdom of Great Britain and Northern Ireland,106,Italy,181,"Broad beans and horse beans, dry",2010,8.0,23673.0,2959.125,350000.0,1162.0,351162.0,0.0,0.067,none,undetermined,unknown
203,Spain,79,Germany,260,Olives,2003,2958.0,1.0,2958.0,7553566.0,75.0,7553641.0,0.0,0.0,none,undetermined,unknown
200,Singapore,110,Japan,894,"Whole milk, evaporated",2005,5915.0,2.0,2957.5,233150.5,2904.0,236054.5,0.025,0.0,none,undetermined,unknown
40,Chile,33,Canada,534,Peaches and nectarines,1990,2.0,5912.0,2956.0,196000.0,0.0,196000.0,0.0,0.03,none,undetermined,unknown
223,Türkiye,150,Netherlands (Kingdom of the),56,Maize (corn),2016,21.01,62074.9,2954.541,6400000.0,534790.8200000001,6934790.82,0.0,0.009,none,undetermined,unknown
216,Thailand,28,Myanmar,51,"Beer of barley, malted",2014,140783.31,47.65,2954.529,2237880.0,19371.239999999998,2257251.24,0.062,0.0,none,undetermined,unknown
231,United States of America,40,Chile,236,Soya beans,1996,5906.0,2.0,2953.0,64780440.0,93846.0,64874286.0,0.0,0.0,none,undetermined,unknown
150,Netherlands (Kingdom of the),54,Denmark,44,Barley,2005,3.0,8857.0,2952.333,307100.0,947971.0,1255071.0,0.0,0.007,none,undetermined,unknown
54,Denmark,150,Netherlands (Kingdom of the),71,Rye,2009,2948.0,1.0,2948.0,238100.0,46127.0,284227.0,0.01,0.0,none,undetermined,unknown
58,Ecuador,210,Sweden,486,Bananas,1991,6.0,17680.0,2946.667,2816137.0,0.0,2816137.0,0.0,0.006,none,undetermined,unknown
48,Costa Rica,79,Germany,489,Plantains and cooking bananas,1995,2944.0,1.0,2944.0,43435.0,0.0,43435.0,0.068,0.0,none,undetermined,unknown
223,Türkiye,212,Syrian Arab Republic,1242,Margarine and shortening,1986,5886.0,2.0,2943.0,371464.0,436.0,371900.0,0.016,0.0,none,undetermined,unknown
255,Belgium,211,Switzerland,15,Wheat,2015,4678.2,1.59,2942.264,2019347.0,4050058.23,6069405.23,0.001,0.0,none,undetermined,unknown
131,Malaysia,200,Singapore,571,"Mangoes, guavas and mangosteens",1999,2.0,5882.0,2941.0,19000.0,22.0,19022.0,0.0,0.309,none,undetermined,unknown
33,Canada,150,Netherlands (Kingdom of the),56,Maize (corn),2021,21628.68,7.37,2934.692,14610792.0,2843792.13,17454584.13,0.001,0.0,none,undetermined,unknown
79,Germany,119,Latvia,71,Rye,2005,2932.0,1.0,2932.0,2793500.0,144973.0,2938473.0,0.001,0.0,none,undetermined,unknown
231,United States of America,221,Oman,176,"Beans, dry",2008,2927.0,1.0,2927.0,1159290.0,166781.0,1326071.0,0.002,0.0,none,undetermined,unknown
156,New Zealand,15,Belgium-Luxembourg,619,"Other fruits, n.e.c.",1986,1.0,2925.0,2925.0,9400.0,1663.0,11063.0,0.0,0.264,none,undetermined,unknown
33,Canada,231,United States of America,821,"Other fibre crops, raw, n.e.c.",2007,35072.0,12.0,2922.667,38600.0,8910.0,47510.0,0.738,0.0,none,undetermined,unknown
48,Costa Rica,33,Canada,486,Bananas,1994,50.0,146114.0,2922.28,1873862.0,0.0,1873862.0,0.0,0.078,none,undetermined,unknown
223,Türkiye,79,Germany,268,"Sunflower-seed oil, crude",1992,5841.0,2.0,2920.5,378744.4,209453.0,588197.4,0.01,0.0,none,undetermined,unknown
10,Australia,200,Singapore,869,"Cattle fat, unrendered",2020,47.36,138257.98,2919.299,127508.1,0.0,127508.1,0.0,1.084,none,undetermined,unknown
229,United Kingdom of Great Britain and Northern Ireland,67,Finland,1225,Tallow,2009,1.0,2914.0,2914.0,133900.0,0.0,133900.0,0.0,0.022,none,undetermined,unknown
10,Australia,115,Cambodia,15,Wheat,2000,29120.0,10.0,2912.0,22108000.0,76.0,22108076.0,0.001,0.0,none,undetermined,unknown
185,Russian Federation,141,Mongolia,333,Linseed,2019,27774.39,9.55,2908.313,658643.6,28988.68,687632.28,0.04,0.0,none,undetermined,unknown
131,Malaysia,96,"China, Hong Kong SAR",894,"Whole milk, evaporated",2008,3.0,8718.0,2906.0,22000.0,1409.0,23409.0,0.0,0.372,none,undetermined,unknown
79,Germany,210,Sweden,1225,Tallow,2015,1.6,4648.5,2905.312,38752.0,24940.4,63692.4,0.0,0.073,none,undetermined,unknown
68,France,20,Botswana,15,Wheat,1996,5800.0,2.0,2900.0,35935157.3,373867.0,36309024.3,0.0,0.0,none,undetermined,unknown
126,Lithuania,185,Russian Federation,564,Wine,2018,57231.8,19.74,2899.281,4695.0,91020.93,95715.93,0.598,0.0,none,undetermined,unknown
150,Netherlands (Kingdom of the),184,Rwanda,51,"Beer of barley, malted",2014,1.3,3765.23,2896.331,2369600.0,330332.95,2699932.95,0.0,0.001,none,undetermined,unknown
96,"China, Hong Kong SAR",41,"China, mainland",882,Raw milk of cattle,1998,8675.0,3.0,2891.667,246.0,51516.0,51762.0,0.168,0.0,none,undetermined,unknown
156,New Zealand,110,Japan,463,"Other vegetables, fresh n.e.c.",2005,2891.0,1.0,2891.0,150000.0,69.0,150069.0,0.019,0.0,none,undetermined,unknown
96,"China, Hong Kong SAR",41,"China, mainland",868,"Edible offal of cattle, fresh, chilled or frozen",1999,31786.0,11.0,2889.636,3528.0,58404.0,61932.0,0.513,0.0,none,undetermined,unknown
97,Hungary,183,Romania,894,"Whole milk, evaporated",2020,1.69,4873.71,2883.852,6049.19,814.42,6863.61,0.0,0.71,none,undetermined,unknown
107,Côte d'Ivoire,133,Mali,234,"Other nuts (excluding wild edible nuts and groundnuts), in shell, n.e.c.",2004,2.0,5749.0,2874.5,5000.0,184.0,5184.0,0.0,1.109,none,undetermined,unknown
210,Sweden,119,Latvia,44,Barley,2003,2868.0,1.0,2868.0,1528400.0,58032.0,1586432.0,0.002,0.0,none,undetermined,unknown
229,United Kingdom of Great Britain and Northern Ireland,162,Norway,211,Other pulses n.e.c.,2006,20065.0,7.0,2866.429,493000.0,3117.0,496117.0,0.04,0.0,none,undetermined,unknown
188,Saint Kitts and Nevis,231,United States of America,165,Molasses,2000,1.0,2866.0,2866.0,6698.55,1.0,6699.55,0.0,0.428,none,undetermined,unknown
10,Australia,110,Japan,162,Raw cane or beet sugar (centrifugal only),2000,216.0,618117.0,2861.653,5448000.0,2783.0,5450783.0,0.0,0.113,none,undetermined,unknown
165,Pakistan,100,India,191,"Chick peas, dry",2006,62930.0,22.0,2860.455,479500.0,99957.0,579457.0,0.109,0.0,none,undetermined,unknown
100,India,165,Pakistan,162,Raw cane or beet sugar (centrifugal only),2015,2860.0,1.0,2860.0,30460000.0,1598337.9100000001,32058337.91,0.0,0.0,none,undetermined,unknown
10,Australia,202,South Africa,75,Oats,2008,7.0,19995.0,2856.429,1160028.0,0.0,1160028.0,0.0,0.017,none,undetermined,unknown
27,Bulgaria,59,Egypt,15,Wheat,2019,40016.2,14.01,2856.26,6319630.0,56307.96,6375937.96,0.006,0.0,none,undetermined,unknown
100,India,231,United States of America,165,Molasses,1990,45669.0,16.0,2854.312,4880000.0,0.0,4880000.0,0.009,0.0,none,undetermined,unknown
231,United States of America,157,Nicaragua,236,Soya beans,2010,57007.0,20.0,2850.35,90663290.0,445270.0,91108560.0,0.001,0.0,none,undetermined,unknown
150,Netherlands (Kingdom of the),203,Spain,44,Barley,2001,6.0,17088.0,2848.0,386800.0,712443.0,1099243.0,0.0,0.016,none,undetermined,unknown
171,Philippines,118,Kuwait,486,Bananas,2000,8.0,22773.0,2846.625,4929570.0,0.0,4929570.0,0.0,0.005,none,undetermined,unknown
79,Germany,229,United Kingdom of Great Britain and Northern Ireland,534,Peaches and nectarines,2011,1.0,2845.0,2845.0,683.4,271081.0,271764.4,0.0,0.01,none,undetermined,unknown
90,Guinea,106,Italy,661,Cocoa beans,1997,1.0,2842.0,2842.0,6300.0,0.0,6300.0,0.0,0.451,none,undetermined,unknown
203,Spain,134,Malta,372,Lettuce and chicory,2010,2837.0,1.0,2837.0,809390.0,22787.0,832177.0,0.003,0.0,none,undetermined,unknown
33,Canada,223,Türkiye,270,Rape or colza seed,2007,3.0,8505.0,2835.0,9611100.0,202268.0,9813368.0,0.0,0.001,none,undetermined,unknown
21,Brazil,229,United Kingdom of Great Britain and Northern Ireland,56,Maize (corn),2011,3.0,8499.0,2833.0,55660235.0,656336.0,56316571.0,0.0,0.0,none,undetermined,unknown
84,Greece,203,Spain,268,"Sunflower-seed oil, crude",2021,11722.1,4.14,2831.425,71400.0,61184.72,132584.72,0.088,0.0,none,undetermined,unknown
231,United States of America,203,Spain,60,Oil of maize,1993,3.0,8488.0,2829.333,852000.0,2264.0,854264.0,0.0,0.01,none,undetermined,unknown
223,Türkiye,73,Georgia,236,Soya beans,2013,5651.0,2.0,2825.5,180000.0,1073757.0,1253757.0,0.005,0.0,none,undetermined,unknown
68,France,229,United Kingdom of Great Britain and Northern Ireland,211,Other pulses n.e.c.,2003,1.0,2822.0,2822.0,7743.3,1567.0,9310.3,0.0,0.303,none,undetermined,unknown
100,India,114,Kenya,162,Raw cane or beet sugar (centrifugal only),2007,33860.0,12.0,2821.667,30780000.0,383.0,30780383.0,0.001,0.0,none,undetermined,unknown
181,Zimbabwe,79,Germany,826,Unmanufactured tobacco,2019,1.03,2905.54,2820.913,184584.0,1819.6,186403.6,0.0,0.016,none,undetermined,unknown
79,Germany,199,Slovakia,388,Tomatoes,2010,1.0,2816.0,2816.0,73285.0,681219.0,754504.0,0.0,0.004,none,undetermined,unknown
10,Australia,101,Indonesia,162,Raw cane or beet sugar (centrifugal only),2017,207.96,585322.7,2814.593,4770000.0,5241.54,4775241.54,0.0,0.123,none,undetermined,unknown
203,Spain,27,Bulgaria,15,Wheat,2021,11.06,31098.3,2811.781,8564630.0,4017657.82,12582287.82,0.0,0.002,none,undetermined,unknown
194,Saudi Arabia,13,Bahrain,882,Raw milk of cattle,2018,6.05,16980.23,2806.65,2074562.49,4257.22,2078819.71,0.0,0.008,none,undetermined,unknown
27,Bulgaria,272,Serbia,15,Wheat,2011,2805.0,1.0,2805.0,4458492.0,27183.0,4485675.0,0.001,0.0,none,undetermined,unknown
200,Singapore,110,Japan,894,"Whole milk, evaporated",2006,5609.0,2.0,2804.5,174801.0,2761.0,177562.0,0.032,0.0,none,undetermined,unknown
170,Peru,150,Netherlands (Kingdom of the),619,"Other fruits, n.e.c.",2015,1.95,5468.0,2804.103,124500.0,0.0,124500.0,0.0,0.044,none,undetermined,unknown
126,Lithuania,229,United Kingdom of Great Britain and Northern Ireland,56,Maize (corn),2017,1.5,4199.39,2799.593,56974.0,91749.82,148723.82,0.0,0.028,none,undetermined,unknown
41,"China, mainland",200,Singapore,339,"Other oil seeds, n.e.c.",1993,2799.0,1.0,2799.0,487942.0,207.0,488149.0,0.006,0.0,none,undetermined,unknown
231,United States of America,225,United Arab Emirates,268,"Sunflower-seed oil, crude",2002,2799.0,1.0,2799.0,138000.0,16747.0,154747.0,0.018,0.0,none,undetermined,unknown
41,"China, mainland",150,Netherlands (Kingdom of the),244,Groundnut oil,2003,2794.0,1.0,2794.0,2216000.0,6632.0,2222632.0,0.001,0.0,none,undetermined,unknown
150,Netherlands (Kingdom of the),174,Portugal,270,Rape or colza seed,2012,5587.0,2.0,2793.5,7475.0,1734596.0,1742071.0,0.003,0.0,none,undetermined,unknown
223,Türkiye,154,North Macedonia,116,Potatoes,2000,33432.0,12.0,2786.0,5370000.0,10648.0,5380648.0,0.006,0.0,none,undetermined,unknown
41,"China, mainland",28,Myanmar,51,"Beer of barley, malted",2018,47400.11,17.03,2783.33,38008300.0,825992.53,38834292.53,0.001,0.0,none,undetermined,unknown
32,Cameroon,79,Germany,486,Bananas,2009,2782.0,1.0,2782.0,1223233.0,0.0,1223233.0,0.002,0.0,none,undetermined,unknown
150,Netherlands (Kingdom of the),183,Romania,56,Maize (corn),2008,6.0,16690.0,2781.667,252300.0,3556572.0,3808872.0,0.0,0.004,none,undetermined,unknown
231,United States of America,110,Japan,393,Cauliflowers and broccoli,2017,6753.48,2.43,2779.21,1336220.0,68507.45,1404727.45,0.005,0.0,none,undetermined,unknown
231,United States of America,44,Colombia,201,"Lentils, dry",1987,10.0,27731.0,2773.1,81370.0,2276.0,83646.0,0.0,0.332,none,undetermined,unknown
203,Spain,223,Türkiye,267,Sunflower seed,1998,1.0,2773.0,2773.0,1190200.0,540179.0,1730379.0,0.0,0.002,none,undetermined,unknown
150,Netherlands (Kingdom of the),107,Côte d'Ivoire,894,"Whole milk, evaporated",2010,5543.0,2.0,2771.5,347000.0,118213.0,465213.0,0.012,0.0,none,undetermined,unknown
21,Brazil,255,Belgium,486,Bananas,2007,6.0,16628.0,2771.333,7098350.0,8.0,7098358.0,0.0,0.002,none,undetermined,unknown
33,Canada,114,Kenya,187,"Peas, dry",1999,2771.0,1.0,2771.0,2251900.0,10987.0,2262887.0,0.001,0.0,none,undetermined,unknown
27,Bulgaria,79,Germany,270,Rape or colza seed,2013,7.0,19364.0,2766.286,336731.0,1252.0,337983.0,0.0,0.057,none,undetermined,unknown
100,India,179,Qatar,15,Wheat,2003,12.0,33193.0,2766.083,65760800.0,457.0,65761257.0,0.0,0.001,none,undetermined,unknown
150,Netherlands (Kingdom of the),203,Spain,75,Oats,2017,1.16,3208.01,2765.526,6728.0,87277.06,94005.06,0.0,0.034,none,undetermined,unknown
79,Germany,117,Republic of Korea,1035,"Meat of pig with the bone, fresh or chilled",2017,66422.84,24.02,2765.314,5505572.0,808121.66,6313693.66,0.011,0.0,none,undetermined,unknown
101,Indonesia,165,Pakistan,407,Leeks and other alliaceous vegetables,1997,1.0,2765.0,2765.0,294411.0,724.0,295135.0,0.0,0.009,none,undetermined,unknown
238,Ethiopia,255,Belgium,414,"Other beans, green",2010,1.0,2764.0,2764.0,6221.09,875.0,7096.09,0.0,0.39,none,undetermined,unknown
84,Greece,79,Germany,15,Wheat,2002,6.0,16531.0,2755.167,2038581.72,1321126.0,3359707.7199999997,0.0,0.005,none,undetermined,unknown
40,Chile,117,Republic of Korea,1035,"Meat of pig with the bone, fresh or chilled",2008,11015.0,4.0,2753.75,522423.0,1257.0,523680.0,0.021,0.0,none,undetermined,unknown
106,Italy,198,Slovenia,15,Wheat,2004,1.0,2753.0,2753.0,8638721.0,6482657.0,15121378.0,0.0,0.0,none,undetermined,unknown
210,Sweden,15,Belgium-Luxembourg,15,Wheat,1998,2750.0,1.0,2750.0,2248700.0,79027.0,2327727.0,0.001,0.0,none,undetermined,unknown
150,Netherlands (Kingdom of the),203,Spain,15,Wheat,2006,16488.0,6.0,2748.0,1184400.0,3986530.0,5170930.0,0.003,0.0,none,undetermined,unknown
15,Belgium-Luxembourg,4,Algeria,268,"Sunflower-seed oil, crude",1989,6.0,16480.0,2746.667,110753.0,70589.0,181342.0,0.0,0.091,none,undetermined,unknown
215,United Republic of Tanzania,165,Pakistan,191,"Chick peas, dry",2018,12.41,34065.83,2745.031,66829.0,945.28,67774.28,0.0,0.503,none,undetermined,unknown
100,India,41,"China, mainland",813,"Coir, raw",2011,49.0,134341.0,2741.653,514000.0,3.0,514003.0,0.0,0.261,none,undetermined,unknown
214,"China, Taiwan Province of",231,United States of America,165,Molasses,2010,32.0,87706.0,2740.812,30000.0,242714.0,272714.0,0.0,0.322,none,undetermined,unknown
68,France,124,Libya,15,Wheat,2003,38362.0,14.0,2740.143,30479361.5,223472.0,30702833.5,0.001,0.0,none,undetermined,unknown
173,Poland,79,Germany,44,Barley,2004,1.0,2738.0,2738.0,3570787.0,197457.0,3768244.0,0.0,0.001,none,undetermined,unknown
231,United States of America,229,United Kingdom of Great Britain and Northern Ireland,367,Asparagus,2019,3308.95,1.21,2734.669,33702.0,259486.47999999998,293188.48,0.011,0.0,none,undetermined,unknown
231,United States of America,33,Canada,486,Bananas,2003,421075.0,154.0,2734.253,10251.0,3870511.0,3880762.0,0.109,0.0,none,undetermined,unknown
229,United Kingdom of Great Britain and Northern Ireland,59,Egypt,162,Raw cane or beet sugar (centrifugal only),2011,20.0,54675.0,2733.75,1429000.0,1074765.0,2503765.0,0.0,0.022,none,undetermined,unknown
165,Pakistan,229,United Kingdom of Great Britain and Northern Ireland,619,"Other fruits, n.e.c.",1997,5463.0,2.0,2731.5,313162.0,6065.0,319227.0,0.017,0.0,none,undetermined,unknown
100,India,202,South Africa,162,Raw cane or beet sugar (centrifugal only),2003,2731.0,1.0,2731.0,22140000.0,74322.0,22214322.0,0.0,0.0,none,undetermined,unknown
106,Italy,203,Spain,44,Barley,1999,1.0,2730.0,2730.0,1313300.0,593931.0,1907231.0,0.0,0.001,none,undetermined,unknown
41,"China, mainland",202,South Africa,1058,"Meat of chickens, fresh or chilled",1996,5451.0,2.0,2725.5,5520000.0,307567.0,5827567.0,0.001,0.0,none,undetermined,unknown
54,Denmark,63,Estonia,15,Wheat,2009,8174.0,3.0,2724.667,5940400.0,411495.0,6351895.0,0.001,0.0,none,undetermined,unknown
229,United Kingdom of Great Britain and Northern Ireland,79,Germany,894,"Whole milk, evaporated",1997,2720.0,1.0,2720.0,114000.0,9940.0,123940.0,0.022,0.0,none,undetermined,unknown
104,Ireland,210,Sweden,868,"Edible offal of cattle, fresh, chilled or frozen",2017,7913.6,2.91,2719.45,94923.08,215.8,95138.88,0.083,0.0,none,undetermined,unknown
231,United States of America,171,Philippines,495,"Tangerines, mandarins, clementines",2007,1.0,2719.0,2719.0,327494.0,112090.0,439584.0,0.0,0.006,none,undetermined,unknown
79,Germany,231,United States of America,165,Molasses,2012,2718.0,1.0,2718.0,714000.0,171904.0,885904.0,0.003,0.0,none,undetermined,unknown
203,Spain,104,Ireland,56,Maize (corn),2006,1.0,2718.0,2718.0,3355722.0,4205766.0,7561488.0,0.0,0.0,none,undetermined,unknown
21,Brazil,84,Greece,1058,"Meat of chickens, fresh or chilled",2003,2713.0,1.0,2713.0,7760000.0,267.0,7760267.0,0.0,0.0,none,undetermined,unknown
130,Malawi,110,Japan,826,Unmanufactured tobacco,2010,2.0,5426.0,2713.0,172922.0,30526.0,203448.0,0.0,0.027,none,undetermined,unknown
54,Denmark,67,Finland,15,Wheat,2016,6998.82,2.58,2712.721,4201500.0,234762.80000000002,4436262.8,0.002,0.0,none,undetermined,unknown
231,United States of America,126,Lithuania,1058,"Meat of chickens, fresh or chilled",2004,65061.0,24.0,2710.875,15679617.0,16380.0,15695997.0,0.004,0.0,none,undetermined,unknown
170,Peru,229,United Kingdom of Great Britain and Northern Ireland,619,"Other fruits, n.e.c.",2018,1.0,2709.85,2709.85,127000.0,0.0,127000.0,0.0,0.021,none,undetermined,unknown
150,Netherlands (Kingdom of the),50,Cyprus,1035,"Meat of pig with the bone, fresh or chilled",2007,10834.0,4.0,2708.5,1289935.0,104077.0,1394012.0,0.008,0.0,none,undetermined,unknown
229,United Kingdom of Great Britain and Northern Ireland,68,France,165,Molasses,2006,4.0,10833.0,2708.25,290000.0,435319.0,725319.0,0.0,0.015,none,undetermined,unknown
95,Honduras,33,Canada,486,Bananas,2014,18.36,49654.98,2704.52,658887.75,36107.12,694994.87,0.0,0.071,none,undetermined,unknown
68,France,126,Lithuania,187,"Peas, dry",2000,2704.0,1.0,2704.0,1936500.0,54953.0,1991453.0,0.001,0.0,none,undetermined,unknown
79,Germany,194,Saudi Arabia,889,"Whole milk, condensed",2014,2.7,7300.0,2703.704,413500.0,7585.219999999999,421085.22,0.0,0.017,none,undetermined,unknown
68,France,210,Sweden,44,Barley,2019,13039.16,4.83,2699.619,13565420.0,93466.19,13658886.19,0.001,0.0,none,undetermined,unknown
33,Canada,211,Switzerland,15,Wheat,1991,49.0,132268.0,2699.347,31945600.0,19356.0,31964956.0,0.0,0.004,none,undetermined,unknown
216,Thailand,28,Myanmar,258,Oil of palm kernel,2014,2.08,5605.75,2695.072,183600.0,50343.44,233943.44,0.0,0.024,none,undetermined,unknown
126,Lithuania,185,Russian Federation,407,Leeks and other alliaceous vegetables,2011,2692.0,1.0,2692.0,508.0,3208.0,3716.0,0.724,0.0,none,undetermined,unknown
231,United States of America,21,Brazil,165,Molasses,2004,16139.0,6.0,2689.833,2053000.0,1715910.0,3768910.0,0.004,0.0,none,undetermined,unknown
100,India,194,Saudi Arabia,83,Sorghum,2019,5269.0,1.96,2688.265,3437334.88,0.0,3437334.88,0.002,0.0,none,undetermined,unknown
21,Brazil,200,Singapore,162,Raw cane or beet sugar (centrifugal only),2014,54815.15,20.4,2687.017,37313000.0,70.85000000000001,37313070.85,0.001,0.0,none,undetermined,unknown
101,Indonesia,106,Italy,836,Natural rubber in primary forms,2002,2.0,5371.0,2685.5,1630360.0,7831.0,1638191.0,0.0,0.003,none,undetermined,unknown
95,Honduras,89,Guatemala,490,Oranges,2002,12.0,32209.0,2684.083,240325.0,6.0,240331.0,0.0,0.134,none,undetermined,unknown
79,Germany,199,Slovakia,397,Cucumbers and gherkins,2013,1.0,2683.0,2683.0,223429.0,484643.0,708072.0,0.0,0.004,none,undetermined,unknown
150,Netherlands (Kingdom of the),81,Ghana,51,"Beer of barley, malted",2013,2681.0,1.0,2681.0,2363600.0,296715.0,2660315.0,0.001,0.0,none,undetermined,unknown
156,New Zealand,96,"China, Hong Kong SAR",978,"Edible offal of sheep, fresh, chilled or frozen",2020,1.69,4529.72,2680.308,56983.49,12.54,56996.03,0.0,0.079,none,undetermined,unknown
53,Benin,32,Cameroon,256,Palm kernels,1994,2673.0,1.0,2673.0,18000.0,0.0,18000.0,0.148,0.0,none,undetermined,unknown
150,Netherlands (Kingdom of the),174,Portugal,44,Barley,2007,2.0,5337.0,2668.5,260000.0,1420372.0,1680372.0,0.0,0.003,none,undetermined,unknown
58,Ecuador,194,Saudi Arabia,489,Plantains and cooking bananas,2015,20.02,53411.0,2667.882,675538.47,0.0,675538.47,0.0,0.079,none,undetermined,unknown
150,Netherlands (Kingdom of the),105,Israel,270,Rape or colza seed,2014,1.1,2932.93,2666.3,10221.0,1412761.76,1422982.76,0.0,0.002,none,undetermined,unknown
41,"China, mainland",101,Indonesia,463,"Other vegetables, fresh n.e.c.",2008,7.0,18654.0,2664.857,147000000.0,471.0,147000471.0,0.0,0.0,none,undetermined,unknown
223,Türkiye,62,Ethiopia PDR,201,"Lentils, dry",1988,5328.0,2.0,2664.0,1040000.0,0.0,1040000.0,0.005,0.0,none,undetermined,unknown
11,Austria,198,Slovenia,564,Wine,2000,1.0,2662.0,2662.0,233841.0,48736.0,282577.0,0.0,0.009,none,undetermined,unknown
173,Poland,106,Italy,515,Apples,2005,2662.0,1.0,2662.0,2074951.0,25296.0,2100247.0,0.001,0.0,none,undetermined,unknown
183,Romania,50,Cyprus,268,"Sunflower-seed oil, crude",2010,2662.0,1.0,2662.0,327590.0,115389.0,442979.0,0.006,0.0,none,undetermined,unknown
226,Uganda,211,Switzerland,661,Cocoa beans,2007,2660.0,1.0,2660.0,10006.0,9.0,10015.0,0.266,0.0,none,undetermined,unknown
255,Belgium,96,"China, Hong Kong SAR",897,Whole milk powder,2012,1.0,2659.0,2659.0,46250.0,50313.0,96563.0,0.0,0.028,none,undetermined,unknown
79,Germany,162,Norway,56,Maize (corn),2007,2.0,5309.0,2654.5,3809320.0,2443838.0,6253158.0,0.0,0.001,none,undetermined,unknown
79,Germany,199,Slovakia,388,Tomatoes,2016,1.05,2786.72,2654.019,85287.0,738548.9,823835.9,0.0,0.003,none,undetermined,unknown
41,"China, mainland",79,Germany,122,Sweet potatoes,2012,2650.0,1.0,2650.0,59789500.0,63.0,59789563.0,0.0,0.0,none,undetermined,unknown
183,Romania,50,Cyprus,237,Soya bean oil,2008,2650.0,1.0,2650.0,29704.0,12618.0,42322.0,0.063,0.0,none,undetermined,unknown
44,Colombia,33,Canada,486,Bananas,2018,25.2,66686.65,2646.296,2567169.0,3648.81,2570817.81,0.0,0.026,none,undetermined,unknown
126,Lithuania,185,Russian Federation,564,Wine,2015,53415.81,20.23,2640.426,4377.0,85442.11,89819.11,0.595,0.0,none,undetermined,unknown
229,United Kingdom of Great Britain and Northern Ireland,150,Netherlands (Kingdom of the),449,Mushrooms and truffles,2009,2.0,5277.0,2638.5,69400.0,93836.0,163236.0,0.0,0.032,none,undetermined,unknown
40,Chile,117,Republic of Korea,1035,"Meat of pig with the bone, fresh or chilled",2013,7902.0,3.0,2634.0,550033.0,21378.0,571411.0,0.014,0.0,none,undetermined,unknown
173,Poland,255,Belgium,116,Potatoes,2013,1.0,2630.0,2630.0,7290427.0,103068.0,7393495.0,0.0,0.0,none,undetermined,unknown
10,Australia,41,"China, mainland",75,Oats,2014,48.48,127397.54,2627.837,1198006.0,0.0,1198006.0,0.0,0.106,none,undetermined,unknown
133,Mali,233,Burkina Faso,217,"Cashew nuts, in shell",2019,34140.7,13.0,2626.208,167621.0,0.0,167621.0,0.204,0.0,none,undetermined,unknown
138,Mexico,33,Canada,567,Watermelons,2011,19.0,49857.0,2624.053,1002019.0,961.0,1002980.0,0.0,0.05,none,undetermined,unknown
229,United Kingdom of Great Britain and Northern Ireland,106,Italy,211,Other pulses n.e.c.,2013,5248.0,2.0,2624.0,280000.0,5608.0,285608.0,0.018,0.0,none,undetermined,unknown
231,United States of America,84,Greece,1058,"Meat of chickens, fresh or chilled",2009,10495.0,4.0,2623.75,16334044.0,48236.0,16382280.0,0.001,0.0,none,undetermined,unknown
150,Netherlands (Kingdom of the),68,France,165,Molasses,2003,2.0,5244.0,2622.0,246000.0,504666.0,750666.0,0.0,0.007,none,undetermined,unknown
41,"China, mainland",225,United Arab Emirates,15,Wheat,2007,26163.0,10.0,2616.3,109298000.0,83425.0,109381425.0,0.0,0.0,none,undetermined,unknown
231,United States of America,156,New Zealand,898,Skim milk and whey powder,2019,6118.62,2.34,2614.795,1107000.0,545.03,1107545.03,0.006,0.0,none,undetermined,unknown
9,Argentina,144,Mozambique,56,Maize (corn),2016,10077.4,3.86,2610.725,39792854.0,2022.3799999999999,39794876.38,0.0,0.0,none,undetermined,unknown
229,United Kingdom of Great Britain and Northern Ireland,118,Kuwait,898,Skim milk and whey powder,1986,1.0,2610.0,2610.0,267700.0,8649.0,276349.0,0.0,0.009,none,undetermined,unknown
198,Slovenia,79,Germany,397,Cucumbers and gherkins,2014,2609.5,1.0,2609.5,3273.0,6978.5,10251.5,0.255,0.0,none,undetermined,unknown
150,Netherlands (Kingdom of the),106,Italy,44,Barley,2009,4.0,10436.0,2609.0,309619.0,1558310.0,1867929.0,0.0,0.006,none,undetermined,unknown
100,India,96,"China, Hong Kong SAR",271,"Rapeseed or canola oil, crude",1997,2.0,5216.0,2608.0,2065000.0,5689.0,2070689.0,0.0,0.003,none,undetermined,unknown
230,Ukraine,84,Greece,187,"Peas, dry",2004,1.0,2605.0,2605.0,636300.0,870.0,637170.0,0.0,0.004,none,undetermined,unknown
100,India,117,Republic of Korea,813,"Coir, raw",2005,15609.0,6.0,2601.5,441500.0,791.0,442291.0,0.035,0.0,none,undetermined,unknown
126,Lithuania,185,Russian Federation,564,Wine,2014,76959.86,29.66,2594.736,6004.7,113209.48,119214.18,0.646,0.0,none,undetermined,unknown
79,Germany,105,Israel,162,Raw cane or beet sugar (centrifugal only),2017,3.24,8405.91,2594.417,5355547.19,126923.83,5482471.0200000005,0.0,0.002,none,undetermined,unknown
54,Denmark,79,Germany,258,Oil of palm kernel,2005,1.0,2594.0,2594.0,2197.6,37969.0,40166.6,0.0,0.065,none,undetermined,unknown
79,Germany,174,Portugal,44,Barley,1997,5.0,12956.0,2591.2,13398820.0,415684.0,13814504.0,0.0,0.001,none,undetermined,unknown
68,France,11,Austria,270,Rape or colza seed,2004,2588.0,1.0,2588.0,3997878.8,34778.0,4032656.8,0.001,0.0,none,undetermined,unknown
174,Portugal,203,Spain,162,Raw cane or beet sugar (centrifugal only),1998,12.0,31048.0,2587.333,23300.0,292523.0,315823.0,0.0,0.098,none,undetermined,unknown
226,Uganda,114,Kenya,667,Tea leaves,2001,18100.0,7.0,2585.714,143000.0,4.0,143004.0,0.127,0.0,none,undetermined,unknown
170,Peru,19,Bolivia (Plurinational State of),15,Wheat,2008,15505.0,6.0,2584.167,206936.0,1492460.0,1699396.0,0.009,0.0,none,undetermined,unknown
89,Guatemala,231,United States of America,393,Cauliflowers and broccoli,2013,23228.0,9.0,2580.889,108051.6,0.0,108051.6,0.215,0.0,none,undetermined,unknown
106,Italy,3,Albania,162,Raw cane or beet sugar (centrifugal only),1999,1.0,2577.0,2577.0,1853000.0,11382.0,1864382.0,0.0,0.001,none,undetermined,unknown
119,Latvia,41,"China, mainland",51,"Beer of barley, malted",2020,3967.35,1.54,2576.201,70200.0,113820.48000000001,184020.48,0.022,0.0,none,undetermined,unknown
198,Slovenia,98,Croatia,560,Grapes,2010,2576.0,1.0,2576.0,108541.0,8774.0,117315.0,0.022,0.0,none,undetermined,unknown
231,United States of America,131,Malaysia,358,Cabbages,2000,2576.0,1.0,2576.0,2598690.0,119058.0,2717748.0,0.001,0.0,none,undetermined,unknown
210,Sweden,15,Belgium-Luxembourg,15,Wheat,1997,5151.0,2.0,2575.5,2056200.0,30660.0,2086860.0,0.002,0.0,none,undetermined,unknown
131,Malaysia,150,Netherlands (Kingdom of the),619,"Other fruits, n.e.c.",2001,1.0,2572.0,2572.0,75894.62,8219.0,84113.62,0.0,0.031,none,undetermined,unknown
216,Thailand,131,Malaysia,257,Palm oil,1999,15410.0,6.0,2568.333,570000.0,4025.0,574025.0,0.027,0.0,none,undetermined,unknown
54,Denmark,210,Sweden,1036,"Edible offal of pigs, fresh, chilled or frozen",1988,7690.0,3.0,2563.333,49500.0,108.0,49608.0,0.155,0.0,none,undetermined,unknown
216,Thailand,131,Malaysia,149,"Edible roots and tubers with high starch or inulin content, n.e.c., fresh",2010,3.0,7686.0,2562.0,226300.0,1399.0,227699.0,0.0,0.034,none,undetermined,unknown
223,Türkiye,165,Pakistan,176,"Beans, dry",2011,1.0,2561.0,2561.0,200673.0,33113.0,233786.0,0.0,0.011,none,undetermined,unknown
79,Germany,223,Türkiye,71,Rye,1992,25600.0,10.0,2560.0,2422466.0,12784.0,2435250.0,0.011,0.0,none,undetermined,unknown
11,Austria,255,Belgium,56,Maize (corn),2000,4.0,10226.0,2556.5,1851727.72,92843.0,1944570.72,0.0,0.005,none,undetermined,unknown
104,Ireland,210,Sweden,868,"Edible offal of cattle, fresh, chilled or frozen",2011,12781.0,5.0,2556.2,84169.23,491.0,84660.23,0.151,0.0,none,undetermined,unknown
185,Russian Federation,221,Oman,15,Wheat,2005,30656.0,12.0,2554.667,47614681.0,577116.0,48191797.0,0.001,0.0,none,undetermined,unknown
138,Mexico,33,Canada,512,"Other citrus fruit, n.e.c.",2001,2554.0,1.0,2554.0,45000.0,1.0,45001.0,0.057,0.0,none,undetermined,unknown
202,South Africa,79,Germany,497,Lemons and limes,2005,2554.0,1.0,2554.0,183542.0,0.0,183542.0,0.014,0.0,none,undetermined,unknown
100,India,132,Maldives,162,Raw cane or beet sugar (centrifugal only),2016,2.09,5336.35,2553.278,27385000.0,2117200.08,29502200.08,0.0,0.0,none,undetermined,unknown
231,United States of America,79,Germany,237,Soya bean oil,1994,7659.0,3.0,2553.0,6328000.0,48495.0,6376495.0,0.001,0.0,none,undetermined,unknown
100,India,202,South Africa,165,Molasses,2015,77577.0,30.4,2551.875,12482000.0,32444.14,12514444.14,0.006,0.0,none,undetermined,unknown
41,"China, mainland",194,Saudi Arabia,149,"Edible roots and tubers with high starch or inulin content, n.e.c., fresh",2018,5.0,12758.36,2551.672,51612.55,3.0,51615.55,0.0,0.247,none,undetermined,unknown
100,India,150,Netherlands (Kingdom of the),571,"Mangoes, guavas and mangosteens",2005,12740.0,5.0,2548.0,14345900.0,100.0,14346000.0,0.001,0.0,none,undetermined,unknown
150,Netherlands (Kingdom of the),121,Lebanon,403,"Onions and shallots, dry (excluding dehydrated)",2005,2548.0,1.0,2548.0,1082000.0,87798.0,1169798.0,0.002,0.0,none,undetermined,unknown
96,"China, Hong Kong SAR",41,"China, mainland",1058,"Meat of chickens, fresh or chilled",2000,766307.0,301.0,2545.87,65000.0,993778.0,1058778.0,0.724,0.0,none,undetermined,unknown
97,Hungary,223,Türkiye,15,Wheat,2020,7.72,19645.27,2544.724,5121480.0,133923.32,5255403.32,0.0,0.004,none,undetermined,unknown
33,Canada,117,Republic of Korea,1035,"Meat of pig with the bone, fresh or chilled",2004,2544.0,1.0,2544.0,1934740.0,9921.0,1944661.0,0.001,0.0,none,undetermined,unknown
223,Türkiye,198,Slovenia,397,Cucumbers and gherkins,1997,5088.0,2.0,2544.0,1400000.0,16.0,1400016.0,0.004,0.0,none,undetermined,unknown
181,Zimbabwe,150,Netherlands (Kingdom of the),826,Unmanufactured tobacco,2019,1.31,3325.89,2538.847,184584.0,1819.6,186403.6,0.0,0.018,none,undetermined,unknown
156,New Zealand,10,Australia,1058,"Meat of chickens, fresh or chilled",2016,4262.27,1.68,2537.065,210849.0,0.0,210849.0,0.02,0.0,none,undetermined,unknown
79,Germany,67,Finland,44,Barley,1998,3.0,7611.0,2537.0,12512262.0,421008.0,12933270.0,0.0,0.001,none,undetermined,unknown
203,Spain,68,France,296,Poppy seed,2011,2536.0,1.0,2536.0,8000.0,69.0,8069.0,0.314,0.0,none,undetermined,unknown
170,Peru,229,United Kingdom of Great Britain and Northern Ireland,552,Blueberries,2018,7296.22,2.88,2533.41,94805.0,0.0,94805.0,0.077,0.0,none,undetermined,unknown
10,Australia,96,"China, Hong Kong SAR",603,"Other tropical fruits, n.e.c.",1997,2531.0,1.0,2531.0,6000.0,0.0,6000.0,0.422,0.0,none,undetermined,unknown
101,Indonesia,216,Thailand,257,Palm oil,2005,2530.0,1.0,2530.0,11861615.0,10645.0,11872260.0,0.0,0.0,none,undetermined,unknown
106,Italy,79,Germany,165,Molasses,2006,4.0,10101.0,2525.25,216000.0,181678.0,397678.0,0.0,0.025,none,undetermined,unknown
105,Israel,248,Yugoslav SFR,507,Pomelos and grapefruits,1989,1.0,2525.0,2525.0,361700.0,0.0,361700.0,0.0,0.007,none,undetermined,unknown
63,Estonia,79,Germany,882,Raw milk of cattle,2004,1.0,2524.0,2524.0,651885.0,3096.0,654981.0,0.0,0.004,none,undetermined,unknown
68,France,84,Greece,162,Raw cane or beet sugar (centrifugal only),2000,7570.0,3.0,2523.333,4590000.0,126826.0,4716826.0,0.002,0.0,none,undetermined,unknown
223,Türkiye,198,Slovenia,560,Grapes,2001,27725.0,11.0,2520.455,3250000.0,121.0,3250121.0,0.009,0.0,none,undetermined,unknown
165,Pakistan,79,Germany,767,"Cotton lint, ginned",2014,1.0,2517.0,2517.0,2374481.0,236080.0,2610561.0,0.0,0.001,none,undetermined,unknown
41,"China, mainland",200,Singapore,1062,"Hen eggs in shell, fresh",2019,1.15,2893.4,2516.0,28453871.07,0.0,28453871.07,0.0,0.0,none,undetermined,unknown
48,Costa Rica,33,Canada,486,Bananas,1996,58.0,145780.0,2513.448,1904700.0,0.0,1904700.0,0.0,0.077,none,undetermined,unknown
101,Indonesia,131,Malaysia,574,Pineapples,2002,1.0,2513.0,2513.0,555588.0,0.0,555588.0,0.0,0.005,none,undetermined,unknown
21,Brazil,110,Japan,826,Unmanufactured tobacco,2010,10.0,25116.0,2511.6,787817.0,20512.0,808329.0,0.0,0.031,none,undetermined,unknown
54,Denmark,104,Ireland,237,Soya bean oil,2004,2510.0,1.0,2510.0,15600.0,34848.0,50448.0,0.05,0.0,none,undetermined,unknown
223,Türkiye,27,Bulgaria,544,Strawberries,2011,2505.0,1.0,2505.0,302416.0,0.0,302416.0,0.008,0.0,none,undetermined,unknown
97,Hungary,79,Germany,236,Soya beans,2004,4.0,10009.0,2502.25,64804.0,5323.0,70127.0,0.0,0.143,none,undetermined,unknown
114,Kenya,150,Netherlands (Kingdom of the),56,Maize (corn),1990,7501.0,3.0,2500.333,2289600.0,0.0,2289600.0,0.003,0.0,none,undetermined,unknown
9,Argentina,221,Oman,237,Soya bean oil,2010,5000.0,2.0,2500.0,7000075.0,1.0,7000076.0,0.001,0.0,none,undetermined,unknown
150,Netherlands (Kingdom of the),100,India,268,"Sunflower-seed oil, crude",2009,4.0,10000.0,2500.0,256100.0,281745.0,537845.0,0.0,0.019,none,undetermined,unknown
104,Ireland,54,Denmark,1058,"Meat of chickens, fresh or chilled",2017,6999.32,2.8,2499.757,128170.0,70413.38,198583.38,0.035,0.0,none,undetermined,unknown
95,Honduras,33,Canada,486,Bananas,2015,20.0,49992.51,2499.626,727663.0,50838.62,778501.62,0.0,0.064,none,undetermined,unknown
194,Saudi Arabia,225,United Arab Emirates,568,Cantaloupes and other melons,2016,36180.0,14.5,2495.172,49933.0,4975.4,54908.4,0.659,0.0,none,undetermined,unknown
10,Australia,58,Ecuador,75,Oats,1992,19950.0,8.0,2493.75,1936590.0,0.0,1936590.0,0.01,0.0,none,undetermined,unknown
21,Brazil,202,South Africa,162,Raw cane or beet sugar (centrifugal only),1995,49800.0,20.0,2490.0,13594000.0,27909.0,13621909.0,0.004,0.0,none,undetermined,unknown
101,Indonesia,200,Singapore,414,"Other beans, green",2011,1.0,2490.0,2490.0,885474.0,161.0,885635.0,0.0,0.003,none,undetermined,unknown
41,"China, mainland",28,Myanmar,667,Tea leaves,2020,4679.5,1.88,2489.096,13200000.0,42771.509999999995,13242771.51,0.0,0.0,none,undetermined,unknown
40,Chile,96,"China, Hong Kong SAR",536,Plums and sloes,2021,21.6,53741.4,2488.028,435201.5,62.68,435264.18,0.0,0.123,none,undetermined,unknown
68,France,173,Poland,894,"Whole milk, evaporated",2012,2488.0,1.0,2488.0,81953.49,49130.0,131083.49,0.019,0.0,none,undetermined,unknown
222,Tunisia,229,United Kingdom of Great Britain and Northern Ireland,261,Olive oil,2019,6238.99,2.51,2485.653,239500.0,719.29,240219.29,0.026,0.0,none,undetermined,unknown
11,Austria,80,Bosnia and Herzegovina,162,Raw cane or beet sugar (centrifugal only),2003,1.0,2484.0,2484.0,386213.0,4097.0,390310.0,0.0,0.006,none,undetermined,unknown
231,United States of America,171,Philippines,897,Whole milk powder,2006,1.0,2484.0,2484.0,13845.0,15559.0,29404.0,0.0,0.084,none,undetermined,unknown
231,United States of America,112,Jordan,268,"Sunflower-seed oil, crude",1988,12399.0,5.0,2479.8,377000.0,23948.0,400948.0,0.031,0.0,none,undetermined,unknown
56,Dominican Republic,229,United Kingdom of Great Britain and Northern Ireland,489,Plantains and cooking bananas,2012,89200.0,36.0,2477.778,829008.35,0.0,829008.35,0.108,0.0,none,undetermined,unknown
131,Malaysia,156,New Zealand,1242,Margarine and shortening,2001,2471.0,1.0,2471.0,315000.0,3018.0,318018.0,0.008,0.0,none,undetermined,unknown
129,Madagascar,68,France,619,"Other fruits, n.e.c.",1998,4.0,9873.0,2468.25,6500.0,0.0,6500.0,0.001,1.519,none,undetermined,unknown
229,United Kingdom of Great Britain and Northern Ireland,167,Czechia,271,"Rapeseed or canola oil, crude",2016,1.46,3603.34,2468.041,740700.0,65830.06999999999,806530.07,0.0,0.004,none,undetermined,unknown
97,Hungary,79,Germany,1037,Fat of pigs,2013,2464.0,1.0,2464.0,19305.58,17835.0,37140.58,0.066,0.0,none,undetermined,unknown
107,Côte d'Ivoire,81,Ghana,257,Palm oil,2008,2463.0,1.0,2463.0,302033.0,5897.0,307930.0,0.008,0.0,none,undetermined,unknown
100,India,41,"China, mainland",813,"Coir, raw",2015,270418.36,109.85,2461.706,560480.0,33.52,560513.52,0.482,0.0,none,undetermined,unknown
41,"China, mainland",231,United States of America,223,"Pistachios, in shell",2006,2461.0,1.0,2461.0,36000.0,9129.0,45129.0,0.055,0.0,none,undetermined,unknown
54,Denmark,162,Norway,162,Raw cane or beet sugar (centrifugal only),1993,2.0,4916.0,2458.0,541979.0,261.0,542240.0,0.0,0.009,none,undetermined,unknown
44,Colombia,58,Ecuador,619,"Other fruits, n.e.c.",1999,2456.0,1.0,2456.0,557455.0,6782.0,564237.0,0.004,0.0,none,undetermined,unknown
126,Lithuania,185,Russian Federation,564,Wine,2009,27016.0,11.0,2456.0,5399.7,45335.0,50734.7,0.532,0.0,none,undetermined,unknown
41,"China, mainland",110,Japan,393,Cauliflowers and broccoli,2005,54024.0,22.0,2455.636,7300000.0,0.0,7300000.0,0.007,0.0,none,undetermined,unknown
236,Venezuela (Bolivarian Republic of),150,Netherlands (Kingdom of the),661,Cocoa beans,1991,2455.0,1.0,2455.0,16661.0,58.0,16719.0,0.147,0.0,none,undetermined,unknown
68,France,211,Switzerland,888,Skim milk of cows,2005,9.0,22043.0,2449.222,11113500.0,89065.0,11202565.0,0.0,0.002,none,undetermined,unknown
150,Netherlands (Kingdom of the),166,Panama,51,"Beer of barley, malted",1996,2448.0,1.0,2448.0,2267000.0,140260.0,2407260.0,0.001,0.0,none,undetermined,unknown
156,New Zealand,66,Fiji,426,Carrots and turnips,2010,1.0,2448.0,2448.0,67360.09,0.0,67360.09,0.0,0.036,none,undetermined,unknown
231,United States of America,21,Brazil,56,Maize (corn),2002,39155.0,16.0,2447.188,227766880.0,300317.0,228067197.0,0.0,0.0,none,undetermined,unknown
106,Italy,174,Portugal,51,"Beer of barley, malted",2011,4889.0,2.0,2444.5,1251000.0,671595.0,1922595.0,0.003,0.0,none,undetermined,unknown
68,France,150,Netherlands (Kingdom of the),252,Coconut oil,2010,1.0,2443.0,2443.0,0.0,51828.0,51828.0,0.0,0.047,none,undetermined,unknown
272,Serbia,198,Slovenia,15,Wheat,2016,10.0,24400.55,2440.055,2884537.0,630.35,2885167.35,0.0,0.008,none,undetermined,unknown
33,Canada,19,Bolivia (Plurinational State of),15,Wheat,1994,56097.0,23.0,2439.0,22919500.0,9676.0,22929176.0,0.002,0.0,none,undetermined,unknown
102,Iran (Islamic Republic of),223,Türkiye,223,"Pistachios, in shell",1999,9754.0,4.0,2438.5,131171.8,0.0,131171.8,0.074,0.0,none,undetermined,unknown
158,Niger,233,Burkina Faso,176,"Beans, dry",2017,5485.0,2.25,2437.778,18496.45,1845.65,20342.100000000002,0.27,0.0,none,undetermined,unknown
96,"China, Hong Kong SAR",41,"China, mainland",1242,Margarine and shortening,1998,36550.0,15.0,2436.667,0.0,47084.0,47084.0,0.776,0.0,none,undetermined,unknown
203,Spain,54,Denmark,1037,Fat of pigs,2009,2435.0,1.0,2435.0,104131.99,3303.0,107434.99,0.023,0.0,none,undetermined,unknown
173,Poland,57,Belarus,495,"Tangerines, mandarins, clementines",2019,4626.14,1.9,2434.811,0.0,161723.25,161723.25,0.029,0.0,none,undetermined,unknown
234,Uruguay,231,United States of America,868,"Edible offal of cattle, fresh, chilled or frozen",2019,1.5,3648.88,2432.587,104904.0,1068.73,105972.73,0.0,0.034,none,undetermined,unknown
150,Netherlands (Kingdom of the),59,Egypt,867,"Meat of cattle with the bone, fresh or chilled",1989,2.0,4862.0,2431.0,486000.0,32295.0,518295.0,0.0,0.009,none,undetermined,unknown
104,Ireland,118,Kuwait,867,"Meat of cattle with the bone, fresh or chilled",1996,1.0,2430.0,2430.0,538400.0,1109.0,539509.0,0.0,0.005,none,undetermined,unknown
114,Kenya,215,United Republic of Tanzania,56,Maize (corn),2007,2425.0,1.0,2425.0,2928793.0,100405.0,3029198.0,0.001,0.0,none,undetermined,unknown
79,Germany,174,Portugal,44,Barley,2015,6.4,15502.1,2422.203,11629900.0,1416093.19,13045993.19,0.0,0.001,none,undetermined,unknown
41,"China, mainland",166,Panama,720,"Ginger, raw",2009,2422.0,1.0,2422.0,350000.0,780.0,350780.0,0.007,0.0,none,undetermined,unknown
231,United States of America,11,Austria,56,Maize (corn),2013,2422.0,1.0,2422.0,351271870.0,3309864.0,354581734.0,0.0,0.0,none,undetermined,unknown
56,Dominican Republic,211,Switzerland,486,Bananas,2017,1.97,4767.6,2420.102,1145149.0,0.0,1145149.0,0.0,0.004,none,undetermined,unknown
165,Pakistan,194,Saudi Arabia,1017,"Meat of goat, fresh or chilled",2007,2418.0,1.0,2418.0,356000.0,42.0,356042.0,0.007,0.0,none,undetermined,unknown
173,Poland,104,Ireland,15,Wheat,2010,3.0,7254.0,2418.0,9408110.0,683525.0,10091635.0,0.0,0.001,none,undetermined,unknown
150,Netherlands (Kingdom of the),54,Denmark,270,Rape or colza seed,2007,8.0,19289.0,2411.125,11800.0,930332.0,942132.0,0.0,0.02,none,undetermined,unknown
150,Netherlands (Kingdom of the),131,Malaysia,271,"Rapeseed or canola oil, crude",1994,15.0,36161.0,2410.733,97700.0,338753.0,436453.0,0.0,0.083,none,undetermined,unknown
59,Egypt,229,United Kingdom of Great Britain and Northern Ireland,260,Olives,2011,2407.0,1.0,2407.0,459650.0,1.0,459651.0,0.005,0.0,none,undetermined,unknown
150,Netherlands (Kingdom of the),68,France,71,Rye,2007,1.0,2405.0,2405.0,11000.0,103601.0,114601.0,0.0,0.021,none,undetermined,unknown
203,Spain,203,Spain,191,"Chick peas, dry",1989,2401.0,1.0,2401.0,47400.0,44147.0,91547.0,0.026,0.0,none,undetermined,unknown
170,Peru,255,Belgium,489,Plantains and cooking bananas,2007,4799.0,2.0,2399.5,1834511.0,0.0,1834511.0,0.003,0.0,none,undetermined,unknown
237,Viet Nam,96,"China, Hong Kong SAR",882,Raw milk of cattle,2017,3.59,8614.05,2399.457,907698.83,16096.22,923795.0499999999,0.0,0.009,none,undetermined,unknown
184,Rwanda,211,Switzerland,656,"Coffee, green",2018,8011.93,3.34,2398.781,38643.34,648.34,39291.67999999999,0.204,0.0,none,undetermined,unknown
100,India,105,Israel,83,Sorghum,2013,52724.0,22.0,2396.545,4833696.0,0.0,4833696.0,0.011,0.0,none,undetermined,unknown
137,Mauritius,150,Netherlands (Kingdom of the),165,Molasses,2000,16.0,38343.0,2396.438,144027.0,0.0,144027.0,0.0,0.266,none,undetermined,unknown
21,Brazil,110,Japan,56,Maize (corn),2005,23947.0,10.0,2394.7,35113312.0,597026.0,35710338.0,0.001,0.0,none,undetermined,unknown
231,United States of America,79,Germany,165,Molasses,2018,3.5,8378.77,2393.934,2296000.0,570423.91,2866423.91,0.0,0.003,none,undetermined,unknown
138,Mexico,33,Canada,560,Grapes,2012,8.0,19145.0,2393.125,375298.0,65847.0,441145.0,0.0,0.043,none,undetermined,unknown
84,Greece,231,United States of America,984,"Cheese from milk of sheep, fresh or processed",2010,1.0,2391.0,2391.0,123000.0,1163.0,124163.0,0.0,0.019,none,undetermined,unknown
216,Thailand,131,Malaysia,689,"Chillies and peppers, dry (Capsicum spp., Pimenta spp.), raw",1999,7.0,16724.0,2389.143,40000.0,4642.0,44642.0,0.0,0.375,none,undetermined,unknown
231,United States of America,60,El Salvador,176,"Beans, dry",1993,4778.0,2.0,2389.0,991600.0,26426.0,1018026.0,0.005,0.0,none,undetermined,unknown
202,South Africa,147,Namibia,388,Tomatoes,2012,1.0,2387.0,2387.0,564740.0,5.0,564745.0,0.0,0.004,none,undetermined,unknown
68,France,134,Malta,15,Wheat,2006,14313.0,6.0,2385.5,35363563.4,178325.0,35541888.4,0.0,0.0,none,undetermined,unknown
79,Germany,174,Portugal,268,"Sunflower-seed oil, crude",2010,5.0,11902.0,2380.4,128400.0,267895.0,396295.0,0.0,0.03,none,undetermined,unknown
27,Bulgaria,117,Republic of Korea,56,Maize (corn),2013,42846.0,18.0,2380.333,2738671.0,41409.0,2780080.0,0.015,0.0,none,undetermined,unknown
101,Indonesia,200,Singapore,258,Oil of palm kernel,2018,9520.14,4.0,2380.035,4364500.0,38.739999999999995,4364538.74,0.002,0.0,none,undetermined,unknown
68,France,162,Norway,490,Oranges,2011,2378.0,1.0,2378.0,5984.8,410820.0,416804.8,0.006,0.0,none,undetermined,unknown
79,Germany,104,Ireland,403,"Onions and shallots, dry (excluding dehydrated)",2005,1.0,2378.0,2378.0,364514.0,227458.0,591972.0,0.0,0.004,none,undetermined,unknown
40,Chile,33,Canada,560,Grapes,1993,15.0,35652.0,2376.8,1300220.0,0.0,1300220.0,0.0,0.027,none,undetermined,unknown
41,"China, mainland",237,Viet Nam,767,"Cotton lint, ginned",2019,21383.0,9.0,2375.889,5889000.0,1849188.0,7738188.0,0.003,0.0,none,undetermined,unknown
203,Spain,174,Portugal,885,"Cream, fresh",1993,1.0,2373.0,2373.0,44800.0,19525.0,64325.0,0.0,0.037,none,undetermined,unknown
156,New Zealand,66,Fiji,426,Carrots and turnips,2011,1.0,2370.0,2370.0,59414.26,0.0,59414.26,0.0,0.04,none,undetermined,unknown
216,Thailand,68,France,165,Molasses,1989,14.0,33130.0,2366.429,1746000.0,14.0,1746014.0,0.0,0.019,none,undetermined,unknown
231,United States of America,229,United Kingdom of Great Britain and Northern Ireland,403,"Onions and shallots, dry (excluding dehydrated)",2016,6009.17,2.54,2365.815,3800670.0,521160.26,4321830.26,0.001,0.0,none,undetermined,unknown
81,Ghana,150,Netherlands (Kingdom of the),257,Palm oil,1999,5.0,11822.0,2364.4,110000.0,5663.0,115663.0,0.0,0.102,none,undetermined,unknown
68,France,143,Morocco,44,Barley,1986,2.0,4728.0,2364.0,10062990.0,139087.0,10202077.0,0.0,0.0,none,undetermined,unknown
58,Ecuador,33,Canada,486,Bananas,1999,62.0,146424.0,2361.677,6392022.0,0.0,6392022.0,0.0,0.023,none,undetermined,unknown
101,Indonesia,108,Kazakhstan,257,Palm oil,2013,1.0,2360.0,2360.0,27782004.0,65560.0,27847564.0,0.0,0.0,none,undetermined,unknown
211,Switzerland,185,Russian Federation,898,Skim milk and whey powder,1998,1.0,2360.0,2360.0,29065.0,13.0,29078.0,0.0,0.081,none,undetermined,unknown
272,Serbia,198,Slovenia,236,Soya beans,2015,15.0,35396.3,2359.753,454431.0,97335.08,551766.08,0.0,0.064,none,undetermined,unknown
131,Malaysia,216,Thailand,689,"Chillies and peppers, dry (Capsicum spp., Pimenta spp.), raw",2007,25919.0,11.0,2356.273,2074.72,111737.0,113811.72,0.228,0.0,none,undetermined,unknown
106,Italy,84,Greece,75,Oats,2001,1.0,2356.0,2356.0,310100.0,51080.0,361180.0,0.0,0.007,none,undetermined,unknown
231,United States of America,117,Republic of Korea,1035,"Meat of pig with the bone, fresh or chilled",1998,7064.0,3.0,2354.667,8623254.8,217194.0,8840448.8,0.001,0.0,none,undetermined,unknown
101,Indonesia,200,Singapore,661,Cocoa beans,2019,7.77,18291.0,2354.054,734795.0,243438.27000000002,978233.27,0.0,0.019,none,undetermined,unknown
183,Romania,106,Italy,116,Potatoes,2020,6.8,15997.69,2352.601,1601240.0,179051.12,1780291.12,0.0,0.009,none,undetermined,unknown
101,Indonesia,101,Indonesia,656,"Coffee, green",2001,1.0,2352.0,2352.0,569234.0,7811.0,577045.0,0.0,0.004,none,undetermined,unknown
216,Thailand,120,Lao People's Democratic Republic,156,Sugar cane,2019,9406.11,4.0,2351.528,131002173.0,154.58,131002327.58,0.0,0.0,none,undetermined,unknown
156,New Zealand,110,Japan,897,Whole milk powder,2001,4699.0,2.0,2349.5,515695.0,1012.0,516707.0,0.009,0.0,none,undetermined,unknown
150,Netherlands (Kingdom of the),185,Russian Federation,560,Grapes,2006,9396.0,4.0,2349.0,730.0,271570.0,272300.0,0.035,0.0,none,undetermined,unknown
131,Malaysia,33,Canada,258,Oil of palm kernel,2017,4.86,11397.37,2345.138,2280913.0,245146.84,2526059.84,0.0,0.005,none,undetermined,unknown
33,Canada,211,Switzerland,15,Wheat,2013,27.0,63315.0,2345.0,37589100.0,46138.0,37635238.0,0.0,0.002,none,undetermined,unknown
223,Türkiye,167,Czechia,667,Tea leaves,2003,2345.0,1.0,2345.0,869000.0,2448.0,871448.0,0.003,0.0,none,undetermined,unknown
79,Germany,104,Ireland,15,Wheat,1994,10.0,23448.0,2344.8,16480510.0,1341197.0,17821707.0,0.0,0.001,none,undetermined,unknown
84,Greece,154,North Macedonia,619,"Other fruits, n.e.c.",2008,2342.0,1.0,2342.0,12164.97,1365.0,13529.97,0.173,0.0,none,undetermined,unknown
79,Germany,174,Portugal,403,"Onions and shallots, dry (excluding dehydrated)",2007,2.0,4683.0,2341.5,377639.0,232767.0,610406.0,0.0,0.008,none,undetermined,unknown
112,Jordan,225,United Arab Emirates,463,"Other vegetables, fresh n.e.c.",2021,2.38,5560.28,2336.252,31273.3,137.44,31410.739999999998,0.0,0.177,none,undetermined,unknown
223,Türkiye,108,Kazakhstan,388,Tomatoes,2005,9343.0,4.0,2335.75,10050000.0,56.0,10050056.0,0.001,0.0,none,undetermined,unknown
11,Austria,117,Republic of Korea,901,Cheese from whole cow milk,2017,1.3,3035.4,2334.923,199740.0,103475.62,303215.62,0.0,0.01,none,undetermined,unknown
79,Germany,67,Finland,270,Rape or colza seed,1997,8.0,18632.0,2329.0,2866510.0,1236247.0,4102757.0,0.0,0.005,none,undetermined,unknown
203,Spain,203,Spain,201,"Lentils, dry",1989,2329.0,1.0,2329.0,30100.0,26333.0,56433.0,0.041,0.0,none,undetermined,unknown
54,Denmark,214,"China, Taiwan Province of",51,"Beer of barley, malted",2010,2327.0,1.0,2327.0,633500.0,36516.0,670016.0,0.003,0.0,none,undetermined,unknown
229,United Kingdom of Great Britain and Northern Ireland,68,France,211,Other pulses n.e.c.,2006,2326.0,1.0,2326.0,493000.0,3117.0,496117.0,0.005,0.0,none,undetermined,unknown
100,India,149,Nepal,176,"Beans, dry",2010,2.0,4646.0,2323.0,6209347.27,495212.0,6704559.27,0.0,0.001,none,undetermined,unknown
21,Brazil,158,Niger,162,Raw cane or beet sugar (centrifugal only),2019,29153.32,12.57,2319.278,27732026.0,1112.1100000000001,27733138.11,0.001,0.0,none,undetermined,unknown
156,New Zealand,66,Fiji,426,Carrots and turnips,2007,1.0,2319.0,2319.0,58116.73,0.0,58116.73,0.0,0.04,none,undetermined,unknown
101,Indonesia,229,United Kingdom of Great Britain and Northern Ireland,258,Oil of palm kernel,2001,20.0,46358.0,2317.9,782300.0,4974.0,787274.0,0.0,0.059,none,undetermined,unknown
79,Germany,106,Italy,211,Other pulses n.e.c.,1999,1.0,2317.0,2317.0,36059.93,156.0,36215.93,0.0,0.064,none,undetermined,unknown
229,United Kingdom of Great Britain and Northern Ireland,79,Germany,1225,Tallow,2015,8340.4,3.6,2316.778,144800.0,16009.14,160809.14,0.052,0.0,none,undetermined,unknown
100,India,214,"China, Taiwan Province of",162,Raw cane or beet sugar (centrifugal only),2018,1.08,2500.0,2314.815,34309000.0,1826176.0,36135176.0,0.0,0.0,none,undetermined,unknown
231,United States of America,79,Germany,868,"Edible offal of cattle, fresh, chilled or frozen",2003,2313.0,1.0,2313.0,865582.6,26964.0,892546.6,0.003,0.0,none,undetermined,unknown
231,United States of America,105,Israel,894,"Whole milk, evaporated",2008,2312.0,1.0,2312.0,242394.0,191.0,242585.0,0.01,0.0,none,undetermined,unknown
150,Netherlands (Kingdom of the),174,Portugal,270,Rape or colza seed,2009,9.0,20807.0,2311.889,11964.0,1700743.0,1712707.0,0.0,0.012,none,undetermined,unknown
106,Italy,62,Ethiopia PDR,15,Wheat,1992,5.0,11553.0,2310.6,8938421.0,6313718.0,15252139.0,0.0,0.001,none,undetermined,unknown
100,India,114,Kenya,15,Wheat,2010,2.0,4621.0,2310.5,80803600.0,185256.0,80988856.0,0.0,0.0,none,undetermined,unknown
104,Ireland,150,Netherlands (Kingdom of the),51,"Beer of barley, malted",2002,6928.0,3.0,2309.333,915700.0,184132.0,1099832.0,0.006,0.0,none,undetermined,unknown
203,Spain,203,Spain,564,Wine,2007,2309.0,1.0,2309.0,3520870.0,58852.0,3579722.0,0.001,0.0,none,undetermined,unknown
150,Netherlands (Kingdom of the),185,Russian Federation,560,Grapes,2010,4612.0,2.0,2306.0,804.58,355401.0,356205.58,0.013,0.0,none,undetermined,unknown
230,Ukraine,203,Spain,187,"Peas, dry",2017,5528.0,2.4,2303.333,1097850.0,1450.98,1099300.98,0.005,0.0,none,undetermined,unknown
97,Hungary,183,Romania,898,Skim milk and whey powder,2013,1.0,2303.0,2303.0,800.0,6444.0,7244.0,0.0,0.318,none,undetermined,unknown
126,Lithuania,150,Netherlands (Kingdom of the),270,Rape or colza seed,2018,12127.75,5.27,2301.281,435900.0,7314.91,443214.91,0.027,0.0,none,undetermined,unknown
225,United Arab Emirates,194,Saudi Arabia,571,"Mangoes, guavas and mangosteens",2019,8283.92,3.6,2301.089,8156.0,89852.18000000001,98008.18000000001,0.085,0.0,none,undetermined,unknown
150,Netherlands (Kingdom of the),84,Greece,75,Oats,2006,1.0,2300.0,2300.0,8969.0,56092.0,65061.0,0.0,0.035,none,undetermined,unknown
255,Belgium,11,Austria,56,Maize (corn),2019,1.04,2390.09,2298.163,429220.0,1999695.06,2428915.06,0.0,0.001,none,undetermined,unknown
229,United Kingdom of Great Britain and Northern Ireland,150,Netherlands (Kingdom of the),417,"Peas, green",2002,6890.0,3.0,2296.667,406000.0,7437.0,413437.0,0.017,0.0,none,undetermined,unknown
21,Brazil,126,Lithuania,162,Raw cane or beet sugar (centrifugal only),2013,151480.0,66.0,2295.152,39494000.0,56.0,39494056.0,0.004,0.0,none,undetermined,unknown
195,Senegal,174,Portugal,767,"Cotton lint, ginned",2000,2.0,4587.0,2293.5,8854.0,0.0,8854.0,0.0,0.518,none,undetermined,unknown
199,Slovakia,68,France,267,Sunflower seed,2013,13750.0,6.0,2291.667,195741.0,8680.0,204421.0,0.067,0.0,none,undetermined,unknown
41,"China, mainland",185,Russian Federation,372,Lettuce and chicory,2006,2289.0,1.0,2289.0,11600000.0,0.0,11600000.0,0.0,0.0,none,undetermined,unknown
215,United Republic of Tanzania,114,Kenya,826,Unmanufactured tobacco,2017,2398.0,1.05,2283.81,58639.0,1055.83,59694.83,0.04,0.0,none,undetermined,unknown
229,United Kingdom of Great Britain and Northern Ireland,126,Lithuania,564,Wine,2021,2305.73,1.01,2282.901,354.1,1350080.57,1350434.6700000002,0.002,0.0,none,undetermined,unknown
231,United States of America,89,Guatemala,897,Whole milk powder,2003,1.0,2281.0,2281.0,17500.0,7480.0,24980.0,0.0,0.091,none,undetermined,unknown
100,India,238,Ethiopia,162,Raw cane or beet sugar (centrifugal only),2021,540.0,1229766.33,2277.345,33760000.0,417391.35,34177391.35,0.0,0.036,none,undetermined,unknown
150,Netherlands (Kingdom of the),231,United States of America,463,"Other vegetables, fresh n.e.c.",2008,6830.0,3.0,2276.667,327250.0,74782.0,402032.0,0.017,0.0,none,undetermined,unknown
9,Argentina,255,Belgium,268,"Sunflower-seed oil, crude",2007,1.0,2276.0,2276.0,1223500.0,2150.0,1225650.0,0.0,0.002,none,undetermined,unknown
203,Spain,110,Japan,1035,"Meat of pig with the bone, fresh or chilled",2015,48239.6,21.21,2274.38,3854658.0,85882.73,3940540.73,0.012,0.0,none,undetermined,unknown
255,Belgium,211,Switzerland,15,Wheat,2008,4548.0,2.0,2274.0,1850406.0,3114544.0,4964950.0,0.001,0.0,none,undetermined,unknown
210,Sweden,150,Netherlands (Kingdom of the),75,Oats,2018,5795.37,2.55,2272.694,363500.0,49759.54,413259.54,0.014,0.0,none,undetermined,unknown
79,Germany,150,Netherlands (Kingdom of the),258,Oil of palm kernel,2008,1.0,2272.0,2272.0,0.0,301921.0,301921.0,0.0,0.008,none,undetermined,unknown
255,Belgium,105,Israel,162,Raw cane or beet sugar (centrifugal only),2019,3.61,8201.62,2271.917,914000.0,88442.69,1002442.69,0.0,0.008,none,undetermined,unknown
15,Belgium-Luxembourg,194,Saudi Arabia,977,"Meat of sheep, fresh or chilled",1986,9085.0,4.0,2271.25,7884.0,13691.0,21575.0,0.421,0.0,none,undetermined,unknown
138,Mexico,231,United States of America,402,"Onions and shallots, green",1993,201984.0,89.0,2269.483,77655.0,27951.0,105606.0,1.913,0.001,none,undetermined,unknown
230,Ukraine,105,Israel,270,Rape or colza seed,2013,43105.0,19.0,2268.684,2351730.0,2623.0,2354353.0,0.018,0.0,none,undetermined,unknown
126,Lithuania,57,Belarus,544,Strawberries,2019,6522.33,2.88,2264.698,2140.0,8276.66,10416.66,0.626,0.0,none,undetermined,unknown
96,"China, Hong Kong SAR",41,"China, mainland",1242,Margarine and shortening,2003,27157.0,12.0,2263.083,0.0,48983.0,48983.0,0.554,0.0,none,undetermined,unknown
255,Belgium,203,Spain,270,Rape or colza seed,2021,2.34,5295.29,2262.944,28100.0,2031873.94,2059973.94,0.0,0.003,none,undetermined,unknown
231,United States of America,150,Netherlands (Kingdom of the),162,Raw cane or beet sugar (centrifugal only),2002,2261.0,1.0,2261.0,7645000.0,1274636.0,8919636.0,0.0,0.0,none,undetermined,unknown
165,Pakistan,108,Kazakhstan,116,Potatoes,2013,20.0,45211.0,2260.55,3802275.0,11446.0,3813721.0,0.0,0.012,none,undetermined,unknown
56,Dominican Republic,229,United Kingdom of Great Britain and Northern Ireland,489,Plantains and cooking bananas,2021,4945.77,2.19,2258.342,1075526.63,0.0,1075526.63,0.005,0.0,none,undetermined,unknown
107,Côte d'Ivoire,255,Belgium,257,Palm oil,2013,2258.0,1.0,2258.0,395800.0,40673.0,436473.0,0.005,0.0,none,undetermined,unknown
210,Sweden,98,Croatia,1242,Margarine and shortening,1996,2257.0,1.0,2257.0,121500.0,12365.0,133865.0,0.017,0.0,none,undetermined,unknown
203,Spain,117,Republic of Korea,1035,"Meat of pig with the bone, fresh or chilled",2017,33312.06,14.76,2256.915,4298788.89,87880.83,4386669.72,0.008,0.0,none,undetermined,unknown
214,"China, Taiwan Province of",110,Japan,414,"Other beans, green",2001,2255.0,1.0,2255.0,15800.0,17.0,15817.0,0.143,0.0,none,undetermined,unknown
9,Argentina,15,Belgium-Luxembourg,515,Apples,1995,20289.0,9.0,2254.333,1146000.0,6207.0,1152207.0,0.018,0.0,none,undetermined,unknown
21,Brazil,250,Democratic Republic of the Congo,1035,"Meat of pig with the bone, fresh or chilled",2016,1.7,3831.6,2253.882,3711235.35,0.0,3711235.35,0.0,0.001,none,undetermined,unknown
143,Morocco,126,Lithuania,490,Oranges,1997,6759.0,3.0,2253.0,804000.0,0.0,804000.0,0.008,0.0,none,undetermined,unknown
231,United States of America,214,"China, Taiwan Province of",890,"Whey, condensed",2009,3.0,6749.0,2249.667,41503.0,22.0,41525.0,0.0,0.163,none,undetermined,unknown
54,Denmark,68,France,267,Sunflower seed,2020,1.78,3998.96,2246.607,0.0,16347.03,16347.03,0.0,0.245,none,undetermined,unknown
131,Malaysia,171,Philippines,1242,Margarine and shortening,2000,11232.0,5.0,2246.4,274000.0,2656.0,276656.0,0.041,0.0,none,undetermined,unknown
173,Poland,119,Latvia,162,Raw cane or beet sugar (centrifugal only),2014,6959.0,3.1,2244.839,2224000.0,145948.44,2369948.44,0.003,0.0,none,undetermined,unknown
226,Uganda,184,Rwanda,56,Maize (corn),2011,23.0,51553.0,2241.435,2551000.0,3573.0,2554573.0,0.0,0.02,none,undetermined,unknown
79,Germany,174,Portugal,388,Tomatoes,2017,1.25,2801.13,2240.904,96561.0,733923.32,830484.32,0.0,0.003,none,undetermined,unknown
106,Italy,79,Germany,27,Rice,2019,2.44,5456.16,2236.131,1492620.0,49476.47,1542096.47,0.0,0.004,none,undetermined,unknown
203,Spain,54,Denmark,1080,"Meat of turkeys, fresh or chilled",2021,3441.86,1.54,2234.974,224840.0,34480.13,259320.13,0.013,0.0,none,undetermined,unknown
11,Austria,150,Netherlands (Kingdom of the),401,"Chillies and peppers, green (Capsicum spp. and Pimenta spp.)",2016,3015.79,1.35,2233.919,14547.03,52814.04,67361.07,0.045,0.0,none,undetermined,unknown
183,Romania,203,Spain,270,Rape or colza seed,2019,17.87,39850.8,2230.039,798220.0,82773.21999999999,880993.22,0.0,0.045,none,undetermined,unknown
59,Egypt,124,Libya,116,Potatoes,1991,13378.0,6.0,2229.667,1786057.0,12988.0,1799045.0,0.007,0.0,none,undetermined,unknown
38,Sri Lanka,214,"China, Taiwan Province of",165,Molasses,1995,6.0,13377.0,2229.5,35464.0,0.0,35464.0,0.0,0.377,none,undetermined,unknown
208,Tajikistan,119,Latvia,767,"Cotton lint, ginned",2019,8904.0,4.0,2226.0,111000.0,308.0,111308.0,0.08,0.0,none,undetermined,unknown
150,Netherlands (Kingdom of the),136,Mauritania,894,"Whole milk, evaporated",2018,2.53,5630.06,2225.32,343298.0,104371.28,447669.28,0.0,0.013,none,undetermined,unknown
48,Costa Rica,231,United States of America,156,Sugar cane,2008,4.0,8900.0,2225.0,4200000.0,96.0,4200096.0,0.0,0.002,none,undetermined,unknown
59,Egypt,194,Saudi Arabia,44,Barley,2007,42.0,93438.0,2224.714,178344.0,0.0,178344.0,0.0,0.524,none,undetermined,unknown
79,Germany,117,Republic of Korea,1035,"Meat of pig with the bone, fresh or chilled",2016,50371.84,22.65,2223.922,5589639.0,808295.0700000001,6397934.07,0.008,0.0,none,undetermined,unknown
131,Malaysia,165,Pakistan,689,"Chillies and peppers, dry (Capsicum spp., Pimenta spp.), raw",2021,1.0,2222.32,2222.32,2445.17,49636.590000000004,52081.76,0.0,0.043,none,undetermined,unknown
231,United States of America,110,Japan,393,Cauliflowers and broccoli,2011,26635.0,12.0,2219.583,1124818.0,15531.0,1140349.0,0.023,0.0,none,undetermined,unknown
97,Hungary,105,Israel,15,Wheat,2019,119.4,264965.74,2219.144,5377710.0,102908.89,5480618.89,0.0,0.048,none,undetermined,unknown
126,Lithuania,185,Russian Federation,397,Cucumbers and gherkins,2012,6656.0,3.0,2218.667,25492.0,14169.0,39661.0,0.168,0.0,none,undetermined,unknown
68,France,222,Tunisia,56,Maize (corn),1995,23.0,51029.0,2218.652,12583865.9,197027.0,12780892.9,0.0,0.004,none,undetermined,unknown
121,Lebanon,212,Syrian Arab Republic,393,Cauliflowers and broccoli,2007,1.0,2217.0,2217.0,24100.0,1861.0,25961.0,0.0,0.085,none,undetermined,unknown
173,Poland,119,Latvia,15,Wheat,2020,8.01,17746.41,2215.532,12515060.0,869331.9,13384391.9,0.0,0.001,none,undetermined,unknown
67,Finland,210,Sweden,270,Rape or colza seed,2020,2.98,6601.95,2215.419,31120.0,78949.64,110069.64,0.0,0.06,none,undetermined,unknown
131,Malaysia,171,Philippines,885,"Cream, fresh",2011,2.0,4430.0,2215.0,287.52,5127.0,5414.52,0.0,0.818,none,undetermined,unknown
211,Switzerland,68,France,900,"Whey, dry",2020,30244.14,13.66,2214.066,77822.89,7376.1900000000005,85199.08,0.355,0.0,none,undetermined,unknown
107,Côte d'Ivoire,195,Senegal,489,Plantains and cooking bananas,2019,15.5,34293.5,2212.484,2029986.0,0.0,2029986.0,0.0,0.017,none,undetermined,unknown
84,Greece,255,Belgium,1036,"Edible offal of pigs, fresh, chilled or frozen",2009,2212.0,1.0,2212.0,11423.61,4108.0,15531.61,0.142,0.0,none,undetermined,unknown
231,United States of America,110,Japan,221,"Almonds, in shell",2015,16139.86,7.3,2210.94,1436383.0,2050.76,1438433.76,0.011,0.0,none,undetermined,unknown
131,Malaysia,132,Maldives,486,Bananas,2004,2210.0,1.0,2210.0,510000.0,222.0,510222.0,0.004,0.0,none,undetermined,unknown
146,Republic of Moldova,223,Türkiye,267,Sunflower seed,2007,22.0,48613.0,2209.682,155512.0,7690.0,163202.0,0.0,0.298,none,undetermined,unknown
68,France,121,Lebanon,15,Wheat,2010,3.0,6626.0,2208.667,38207431.0,681122.0,38888553.0,0.0,0.0,none,undetermined,unknown
138,Mexico,96,"China, Hong Kong SAR",767,"Cotton lint, ginned",1992,1.0,2207.0,2207.0,32650.0,101836.0,134486.0,0.0,0.016,none,undetermined,unknown
84,Greece,79,Germany,15,Wheat,2006,1.0,2206.0,2206.0,1778170.0,1100040.0,2878210.0,0.0,0.001,none,undetermined,unknown
150,Netherlands (Kingdom of the),256,Luxembourg,15,Wheat,2013,1.0,2205.0,2205.0,1335105.0,3576139.0,4911244.0,0.0,0.0,none,undetermined,unknown
216,Thailand,96,"China, Hong Kong SAR",56,Maize (corn),2016,7626.01,3.46,2204.049,4390185.0,131797.53,4521982.53,0.002,0.0,none,undetermined,unknown
79,Germany,183,Romania,15,Wheat,1992,64.0,141001.0,2203.141,15541661.0,1051414.0,16593075.0,0.0,0.008,none,undetermined,unknown
79,Germany,174,Portugal,162,Raw cane or beet sugar (centrifugal only),1997,2203.0,1.0,2203.0,4397000.0,7597.0,4404597.0,0.001,0.0,none,undetermined,unknown
229,United Kingdom of Great Britain and Northern Ireland,162,Norway,211,Other pulses n.e.c.,2018,4222.01,1.92,2198.964,269274.13,4425.36,273699.49,0.015,0.0,none,undetermined,unknown
41,"China, mainland",117,Republic of Korea,234,"Other nuts (excluding wild edible nuts and groundnuts), in shell, n.e.c.",2009,10990.0,5.0,2198.0,95000.0,15003.0,110003.0,0.1,0.0,none,undetermined,unknown
202,South Africa,101,Indonesia,767,"Cotton lint, ginned",2003,4.0,8790.0,2197.5,16348.0,72005.0,88353.0,0.0,0.099,none,undetermined,unknown
107,Côte d'Ivoire,158,Niger,56,Maize (corn),2005,5.0,10985.0,2197.0,640213.0,33360.0,673573.0,0.0,0.016,none,undetermined,unknown
131,Malaysia,229,United Kingdom of Great Britain and Northern Ireland,252,Coconut oil,2011,1.0,2196.0,2196.0,51000.0,162595.0,213595.0,0.0,0.01,none,undetermined,unknown
100,India,16,Bangladesh,27,Rice,2006,253.0,555418.0,2195.328,140538450.0,0.0,140538450.0,0.0,0.004,none,undetermined,unknown
234,Uruguay,150,Netherlands (Kingdom of the),987,"Shorn wool, greasy, including fleece-washed shorn wool",1993,2195.0,1.0,2195.0,87845.0,3196.0,91041.0,0.024,0.0,none,undetermined,unknown
223,Türkiye,13,Bahrain,15,Wheat,2006,10973.0,5.0,2194.6,20010000.0,239875.0,20249875.0,0.001,0.0,none,undetermined,unknown
210,Sweden,150,Netherlands (Kingdom of the),1043,"Pig fat, rendered",2021,16627.38,7.59,2190.696,22904.96,29.5,22934.46,0.725,0.0,none,undetermined,unknown
150,Netherlands (Kingdom of the),105,Israel,426,Carrots and turnips,2015,8577.5,3.92,2188.138,538598.77,44299.3,582898.0700000001,0.015,0.0,none,undetermined,unknown
11,Austria,173,Poland,564,Wine,1986,6.0,13111.0,2185.167,222985.0,19401.0,242386.0,0.0,0.054,none,undetermined,unknown
104,Ireland,210,Sweden,51,"Beer of barley, malted",2001,2185.0,1.0,2185.0,871200.0,145673.0,1016873.0,0.002,0.0,none,undetermined,unknown
167,Czechia,229,United Kingdom of Great Britain and Northern Ireland,268,"Sunflower-seed oil, crude",2011,1.0,2185.0,2185.0,17600.0,38749.0,56349.0,0.0,0.039,none,undetermined,unknown
54,Denmark,249,Yemen,901,Cheese from whole cow milk,2014,6.4,13983.68,2184.95,368900.0,78628.88,447528.88,0.0,0.031,none,undetermined,unknown
104,Ireland,54,Denmark,1036,"Edible offal of pigs, fresh, chilled or frozen",2017,2596.61,1.19,2182.025,32165.87,997.4100000000001,33163.28,0.078,0.0,none,undetermined,unknown
10,Australia,131,Malaysia,252,Coconut oil,2006,1.0,2181.0,2181.0,1730.47,13041.0,14771.47,0.0,0.148,none,undetermined,unknown
226,Uganda,114,Kenya,667,Tea leaves,2006,30526.0,14.0,2180.429,149000.0,15.0,149015.0,0.205,0.0,none,undetermined,unknown
41,"China, mainland",33,Canada,339,"Other oil seeds, n.e.c.",2003,1.0,2179.0,2179.0,779492.0,8572.0,788064.0,0.0,0.003,none,undetermined,unknown
95,Honduras,89,Guatemala,567,Watermelons,2012,1.0,2179.0,2179.0,86858.0,962.0,87820.0,0.0,0.025,none,undetermined,unknown
203,Spain,68,France,889,"Whole milk, condensed",2007,1.0,2179.0,2179.0,28000.0,4546.0,32546.0,0.0,0.067,none,undetermined,unknown
150,Netherlands (Kingdom of the),33,Canada,56,Maize (corn),2013,6536.0,3.0,2178.667,185284.0,4263149.0,4448433.0,0.001,0.0,none,undetermined,unknown
138,Mexico,231,United States of America,149,"Edible roots and tubers with high starch or inulin content, n.e.c., fresh",1997,21767.0,10.0,2176.7,86676.0,146.0,86822.0,0.251,0.0,none,undetermined,unknown
200,Singapore,136,Mauritania,237,Soya bean oil,2013,17.0,36975.0,2175.0,3259.26,31435.0,34694.26,0.0,1.066,none,undetermined,unknown
58,Ecuador,11,Austria,486,Bananas,1990,5.0,10868.0,2173.6,3054566.0,0.0,3054566.0,0.0,0.004,none,undetermined,unknown
199,Slovakia,84,Greece,268,"Sunflower-seed oil, crude",2021,21993.41,10.12,2173.262,19200.0,45027.1,64227.1,0.342,0.0,none,undetermined,unknown
58,Ecuador,33,Canada,486,Bananas,2002,59.0,128183.0,2172.593,5611438.0,0.0,5611438.0,0.0,0.023,none,undetermined,unknown
48,Costa Rica,203,Spain,574,Pineapples,1996,2.0,4341.0,2170.5,573650.0,0.0,573650.0,0.0,0.008,none,undetermined,unknown
167,Czechia,150,Netherlands (Kingdom of the),270,Rape or colza seed,2014,86759.8,40.0,2168.995,1537320.0,85742.8,1623062.8,0.053,0.0,none,undetermined,unknown
225,United Arab Emirates,194,Saudi Arabia,619,"Other fruits, n.e.c.",2019,8955.43,4.13,2168.385,1132.0,57040.54,58172.54,0.154,0.0,none,undetermined,unknown
203,Spain,110,Japan,1035,"Meat of pig with the bone, fresh or chilled",2016,53590.7,24.73,2167.032,4181090.79,79541.19,4260631.98,0.013,0.0,none,undetermined,unknown
156,New Zealand,66,Fiji,426,Carrots and turnips,2004,1.0,2166.0,2166.0,65000.0,0.0,65000.0,0.0,0.033,none,undetermined,unknown
68,France,104,Ireland,826,Unmanufactured tobacco,1999,2165.0,1.0,2165.0,16213.3,68429.0,84642.3,0.026,0.0,none,undetermined,unknown
79,Germany,68,France,890,"Whey, condensed",1996,6495.0,3.0,2165.0,7700.0,6.0,7706.0,0.843,0.0,none,undetermined,unknown
79,Germany,174,Portugal,388,Tomatoes,2002,1.0,2164.0,2164.0,45272.0,621130.0,666402.0,0.0,0.003,none,undetermined,unknown
41,"China, mainland",33,Canada,568,Cantaloupes and other melons,2017,1.0,2163.62,2163.62,12326500.0,8.11,12326508.11,0.0,0.0,none,undetermined,unknown
173,Poland,199,Slovakia,420,"Broad beans and horse beans, green",2010,1.0,2160.0,2160.0,11417.0,87.0,11504.0,0.0,0.188,none,undetermined,unknown
98,Croatia,223,Türkiye,15,Wheat,1996,28.0,60382.0,2156.5,741235.0,9778.0,751013.0,0.0,0.08,none,undetermined,unknown
41,"China, mainland",96,"China, Hong Kong SAR",397,Cucumbers and gherkins,1997,4.0,8620.0,2155.0,14200000.0,2.0,14200002.0,0.0,0.001,none,undetermined,unknown
173,Poland,27,Bulgaria,271,"Rapeseed or canola oil, crude",2014,16346.9,7.6,2150.908,1116341.0,133381.2,1249722.2,0.013,0.0,none,undetermined,unknown
10,Australia,131,Malaysia,236,Soya beans,2017,11.2,24083.0,2150.268,31335.0,877.6,32212.6,0.0,0.748,none,undetermined,unknown
9,Argentina,79,Germany,236,Soya beans,1997,14.0,30101.0,2150.071,11004890.0,779932.0,11784822.0,0.0,0.003,none,undetermined,unknown
68,France,211,Switzerland,888,Skim milk of cows,1995,5.0,10750.0,2150.0,10624320.0,31231.0,10655551.0,0.0,0.001,none,undetermined,unknown
100,India,101,Indonesia,242,"Groundnuts, excluding shelled",2010,38.0,81671.0,2149.237,8220044.0,0.0,8220044.0,0.0,0.01,none,undetermined,unknown
203,Spain,79,Germany,592,Kiwi fruit,1993,3.0,6445.0,2148.333,9294.0,49017.0,58311.0,0.0,0.111,none,undetermined,unknown
68,France,174,Portugal,27,Rice,2011,2146.0,1.0,2146.0,130400.0,33773.0,164173.0,0.013,0.0,none,undetermined,unknown
203,Spain,195,Senegal,237,Soya bean oil,2017,3000.0,1.4,2142.857,555500.0,54824.27,610324.27,0.005,0.0,none,undetermined,unknown
41,"China, mainland",117,Republic of Korea,767,"Cotton lint, ginned",2012,2140.0,1.0,2140.0,6835975.0,5134686.0,11970661.0,0.0,0.0,none,undetermined,unknown
150,Netherlands (Kingdom of the),79,Germany,777,"True hemp, raw or retted",2013,1.0,2139.0,2139.0,10273.0,1.0,10274.0,0.0,0.208,none,undetermined,unknown
210,Sweden,68,France,15,Wheat,2018,1.61,3440.22,2136.783,1620300.0,272914.43,1893214.43,0.0,0.002,none,undetermined,unknown
203,Spain,79,Germany,237,Soya bean oil,2008,25618.0,12.0,2134.833,549500.0,91423.0,640923.0,0.04,0.0,none,undetermined,unknown
21,Brazil,110,Japan,826,Unmanufactured tobacco,2013,8.0,17075.0,2134.375,850673.0,11405.0,862078.0,0.0,0.02,none,undetermined,unknown
231,United States of America,86,Grenada,15,Wheat,2016,19120.0,8.96,2133.929,62831507.0,2210889.38,65042396.38,0.0,0.0,none,undetermined,unknown
41,"China, mainland",237,Viet Nam,407,Leeks and other alliaceous vegetables,2020,20692.68,9.7,2133.266,123776.96,0.0,123776.96,0.167,0.0,none,undetermined,unknown
203,Spain,203,Spain,568,Cantaloupes and other melons,1989,4266.0,2.0,2133.0,916200.0,65.0,916265.0,0.005,0.0,none,undetermined,unknown
100,India,149,Nepal,449,Mushrooms and truffles,2013,1.0,2132.0,2132.0,17000.0,2.0,17002.0,0.0,0.125,none,undetermined,unknown
79,Germany,223,Türkiye,271,"Rapeseed or canola oil, crude",2004,1.0,2131.0,2131.0,2078000.0,187377.0,2265377.0,0.0,0.001,none,undetermined,unknown
223,Türkiye,150,Netherlands (Kingdom of the),15,Wheat,2019,5985.22,2.81,2129.972,19000000.0,10004830.15,29004830.15,0.0,0.0,none,undetermined,unknown
105,Israel,79,Germany,572,Avocados,2008,2128.0,1.0,2128.0,53130.0,0.0,53130.0,0.04,0.0,none,undetermined,unknown
156,New Zealand,10,Australia,558,Other berries and fruits of the genus vaccinium n.e.c.,1986,1.0,2128.0,2128.0,4500.0,0.0,4500.0,0.0,0.473,none,undetermined,unknown
33,Canada,231,United States of America,882,Raw milk of cattle,1988,2.0,4255.0,2127.5,7827325.0,8.0,7827333.0,0.0,0.001,none,undetermined,unknown
231,United States of America,138,Mexico,414,"Other beans, green",2020,4190.13,1.97,2126.97,31030.26,110853.4,141883.66,0.03,0.0,none,undetermined,unknown
108,Kazakhstan,119,Latvia,767,"Cotton lint, ginned",2020,21249.0,10.0,2124.9,108000.0,605.0,108605.0,0.196,0.0,none,undetermined,unknown
231,United States of America,33,Canada,486,Bananas,1992,375847.0,177.0,2123.429,5440.0,3531225.0,3536665.0,0.106,0.0,none,undetermined,unknown
79,Germany,119,Latvia,236,Soya beans,2010,1.0,2123.0,2123.0,2000.0,3383119.0,3385119.0,0.0,0.001,none,undetermined,unknown
105,Israel,11,Austria,388,Tomatoes,2009,2123.0,1.0,2123.0,454761.0,0.0,454761.0,0.005,0.0,none,undetermined,unknown
100,India,203,Spain,813,"Coir, raw",2020,51728.54,24.37,2122.632,1029200.0,213.85,1029413.85,0.05,0.0,none,undetermined,unknown
202,South Africa,173,Poland,560,Grapes,2002,4.0,8482.0,2120.5,1521703.0,314.0,1522017.0,0.0,0.006,none,undetermined,unknown
229,United Kingdom of Great Britain and Northern Ireland,162,Norway,211,Other pulses n.e.c.,2007,10594.0,5.0,2118.8,455000.0,2859.0,457859.0,0.023,0.0,none,undetermined,unknown
101,Indonesia,217,Togo,257,Palm oil,2012,31781.0,15.0,2118.733,26015519.0,616.0,26016135.0,0.001,0.0,none,undetermined,unknown
210,Sweden,54,Denmark,1036,"Edible offal of pigs, fresh, chilled or frozen",2008,1.0,2117.0,2117.0,11252.28,243.0,11495.28,0.0,0.184,none,undetermined,unknown
67,Finland,63,Estonia,271,"Rapeseed or canola oil, crude",2000,1.0,2116.0,2116.0,66413.6,9152.0,75565.6,0.0,0.028,none,undetermined,unknown
11,Austria,203,Spain,15,Wheat,2015,70.0,147959.3,2113.704,1725736.81,873559.2100000001,2599296.02,0.0,0.057,none,undetermined,unknown
59,Egypt,79,Germany,414,"Other beans, green",2011,1.0,2113.0,2113.0,305561.0,0.0,305561.0,0.0,0.007,none,undetermined,unknown
150,Netherlands (Kingdom of the),195,Senegal,237,Soya bean oil,2019,3060.0,1.45,2110.345,635200.0,102335.19,737535.19,0.004,0.0,none,undetermined,unknown
170,Peru,150,Netherlands (Kingdom of the),619,"Other fruits, n.e.c.",2017,4.4,9284.31,2110.07,126000.0,0.0,126000.0,0.0,0.074,none,undetermined,unknown
68,France,59,Egypt,56,Maize (corn),2005,2.0,4219.0,2109.5,13689322.4,257319.0,13946641.4,0.0,0.0,none,undetermined,unknown
29,Burundi,165,Pakistan,667,Tea leaves,2009,1.0,2104.0,2104.0,31828.0,2.0,31830.0,0.0,0.066,none,undetermined,unknown
68,France,150,Netherlands (Kingdom of the),1225,Tallow,2020,16024.95,7.62,2103.012,235000.0,2643.76,237643.76,0.067,0.0,none,undetermined,unknown
79,Germany,210,Sweden,1225,Tallow,2016,1.16,2438.13,2101.836,40779.25,30744.5,71523.75,0.0,0.034,none,undetermined,unknown
221,Oman,225,United Arab Emirates,619,"Other fruits, n.e.c.",2018,2101.13,1.0,2101.13,37247.0,22001.239999999998,59248.24,0.035,0.0,none,undetermined,unknown
229,United Kingdom of Great Britain and Northern Ireland,255,Belgium,258,Oil of palm kernel,2018,1.24,2604.03,2100.024,0.0,26252.36,26252.36,0.0,0.099,none,undetermined,unknown
54,Denmark,68,France,44,Barley,1998,10500.0,5.0,2100.0,3565308.0,72707.0,3638015.0,0.003,0.0,none,undetermined,unknown
68,France,59,Egypt,162,Raw cane or beet sugar (centrifugal only),2001,10.0,21000.0,2100.0,3962000.0,110076.0,4072076.0,0.0,0.005,none,undetermined,unknown
237,Viet Nam,10,Australia,486,Bananas,2014,2981.76,1.42,2099.831,1857641.0,35.9,1857676.9,0.002,0.0,none,undetermined,unknown
21,Brazil,79,Germany,56,Maize (corn),2011,20996.0,10.0,2099.6,55660235.0,656336.0,56316571.0,0.0,0.0,none,undetermined,unknown
203,Spain,110,Japan,1035,"Meat of pig with the bone, fresh or chilled",2020,70778.72,33.72,2099.013,5003430.0,70064.44,5073494.44,0.014,0.0,none,undetermined,unknown
202,South Africa,251,Zambia,176,"Beans, dry",2004,1.0,2099.0,2099.0,80000.0,50313.0,130313.0,0.0,0.016,none,undetermined,unknown
215,United Republic of Tanzania,110,Japan,826,Unmanufactured tobacco,2012,1.0,2098.0,2098.0,120000.0,2316.0,122316.0,0.0,0.017,none,undetermined,unknown
79,Germany,50,Cyprus,56,Maize (corn),2009,4192.0,2.0,2096.0,4527228.0,1963726.0,6490954.0,0.001,0.0,none,undetermined,unknown
215,United Republic of Tanzania,221,Oman,15,Wheat,2012,1.0,2096.0,2096.0,108887.0,1115921.0,1224808.0,0.0,0.002,none,undetermined,unknown
171,Philippines,194,Saudi Arabia,619,"Other fruits, n.e.c.",2018,11.82,24769.0,2095.516,245907.42,5742.34,251649.76,0.0,0.098,none,undetermined,unknown
119,Latvia,174,Portugal,44,Barley,2019,6.01,12579.6,2093.111,305400.0,29901.14,335301.14,0.0,0.038,none,undetermined,unknown
79,Germany,200,Singapore,162,Raw cane or beet sugar (centrifugal only),2006,1.0,2093.0,2093.0,3253673.0,25763.0,3279436.0,0.0,0.001,none,undetermined,unknown
143,Morocco,195,Senegal,401,"Chillies and peppers, green (Capsicum spp. and Pimenta spp.)",2013,2093.0,1.0,2093.0,179859.0,15.0,179874.0,0.012,0.0,none,undetermined,unknown
216,Thailand,200,Singapore,149,"Edible roots and tubers with high starch or inulin content, n.e.c., fresh",1998,1.0,2093.0,2093.0,108000.0,14.0,108014.0,0.0,0.019,none,undetermined,unknown
10,Australia,143,Morocco,867,"Meat of cattle with the bone, fresh or chilled",2009,1.0,2090.0,2090.0,2106385.0,107.0,2106492.0,0.0,0.001,none,undetermined,unknown
138,Mexico,33,Canada,567,Watermelons,2006,20.0,41789.0,2089.45,976773.0,3770.0,980543.0,0.0,0.043,none,undetermined,unknown
79,Germany,105,Israel,162,Raw cane or beet sugar (centrifugal only),2016,1.61,3362.31,2088.391,3744517.39,122843.69,3867361.08,0.0,0.001,none,undetermined,unknown
199,Slovakia,210,Sweden,267,Sunflower seed,1997,45942.0,22.0,2088.273,67515.0,1047.0,68562.0,0.67,0.0,none,undetermined,unknown
157,Nicaragua,106,Italy,486,Bananas,1992,2.0,4175.0,2087.5,134537.0,0.0,134537.0,0.0,0.031,none,undetermined,unknown
150,Netherlands (Kingdom of the),162,Norway,270,Rape or colza seed,1989,1.0,2087.0,2087.0,23000.0,298842.0,321842.0,0.0,0.006,none,undetermined,unknown
100,India,118,Kuwait,463,"Other vegetables, fresh n.e.c.",1998,2086.0,1.0,2086.0,14336200.0,9.0,14336209.0,0.0,0.0,none,undetermined,unknown
106,Italy,199,Slovakia,486,Bananas,2008,1.0,2086.0,2086.0,350.0,703899.0,704249.0,0.0,0.003,none,undetermined,unknown
200,Singapore,131,Malaysia,51,"Beer of barley, malted",1990,4171.0,2.0,2085.5,57000.0,38723.0,95723.0,0.044,0.0,none,undetermined,unknown
68,France,104,Ireland,187,"Peas, dry",2003,4169.0,2.0,2084.5,1616661.0,9119.0,1625780.0,0.003,0.0,none,undetermined,unknown
231,United States of America,110,Japan,826,Unmanufactured tobacco,2014,4.8,10001.37,2083.619,397533.0,164221.06,561754.06,0.0,0.018,none,undetermined,unknown
229,United Kingdom of Great Britain and Northern Ireland,68,France,1225,Tallow,2016,7204.96,3.46,2082.358,147500.0,14788.52,162288.52,0.044,0.0,none,undetermined,unknown
131,Malaysia,171,Philippines,51,"Beer of barley, malted",2010,2075.0,1.0,2075.0,253000.0,29344.0,282344.0,0.007,0.0,none,undetermined,unknown
156,New Zealand,150,Netherlands (Kingdom of the),886,Butter of cow milk,1992,2074.0,1.0,2074.0,261653.0,1.0,261654.0,0.008,0.0,none,undetermined,unknown
84,Greece,255,Belgium,27,Rice,2021,4768.94,2.3,2073.452,245340.0,678.3,246018.3,0.019,0.0,none,undetermined,unknown
79,Germany,97,Hungary,592,Kiwi fruit,2019,1.08,2237.88,2072.111,0.0,108405.17000000001,108405.17000000001,0.0,0.021,none,undetermined,unknown
138,Mexico,231,United States of America,149,"Edible roots and tubers with high starch or inulin content, n.e.c., fresh",1992,12429.0,6.0,2071.5,73291.0,3.0,73294.0,0.17,0.0,none,undetermined,unknown
231,United States of America,41,"China, mainland",1062,"Hen eggs in shell, fresh",1994,1.0,2069.0,2069.0,4377000.0,2104.0,4379104.0,0.0,0.0,none,undetermined,unknown
150,Netherlands (Kingdom of the),106,Italy,1225,Tallow,2008,1.0,2068.0,2068.0,121700.0,33374.0,155074.0,0.0,0.013,none,undetermined,unknown
10,Australia,156,New Zealand,165,Molasses,2010,103344.0,50.0,2066.88,832000.0,2616.0,834616.0,0.124,0.0,none,undetermined,unknown
98,Croatia,143,Morocco,15,Wheat,1996,21.0,43400.0,2066.667,741235.0,9778.0,751013.0,0.0,0.058,none,undetermined,unknown
171,Philippines,101,Indonesia,56,Maize (corn),1991,6.0,12394.0,2065.667,4655026.0,314.0,4655340.0,0.0,0.003,none,undetermined,unknown
97,Hungary,183,Romania,339,"Other oil seeds, n.e.c.",2014,1.8,3716.0,2064.444,11030.0,1181.43,12211.43,0.0,0.304,none,undetermined,unknown
79,Germany,97,Hungary,592,Kiwi fruit,2018,1.14,2349.24,2060.737,0.0,93989.95000000001,93989.95000000001,0.0,0.025,none,undetermined,unknown
79,Germany,15,Belgium-Luxembourg,414,"Other beans, green",1993,1.0,2060.0,2060.0,46755.0,13571.0,60326.0,0.0,0.034,none,undetermined,unknown
156,New Zealand,10,Australia,56,Maize (corn),1986,2.0,4120.0,2060.0,187700.0,3.0,187703.0,0.0,0.022,none,undetermined,unknown
119,Latvia,68,France,15,Wheat,2016,61600.62,29.91,2059.533,2062300.0,566811.87,2629111.87,0.023,0.0,none,undetermined,unknown
231,United States of America,150,Netherlands (Kingdom of the),162,Raw cane or beet sugar (centrifugal only),2005,2059.0,1.0,2059.0,6712000.0,1750342.0,8462342.0,0.0,0.0,none,undetermined,unknown
150,Netherlands (Kingdom of the),225,United Arab Emirates,882,Raw milk of cattle,2018,1.97,4055.16,2058.457,14090000.0,714759.27,14804759.27,0.0,0.0,none,undetermined,unknown
97,Hungary,183,Romania,894,"Whole milk, evaporated",2019,1.89,3889.26,2057.81,5609.57,1302.46,6912.03,0.0,0.563,none,undetermined,unknown
89,Guatemala,231,United States of America,393,Cauliflowers and broccoli,1994,8211.0,4.0,2052.75,35604.0,0.0,35604.0,0.231,0.0,none,undetermined,unknown
156,New Zealand,131,Malaysia,900,"Whey, dry",2013,12.0,24630.0,2052.5,24500.0,10326.0,34826.0,0.0,0.707,none,undetermined,unknown
185,Russian Federation,84,Greece,15,Wheat,1998,20497.0,10.0,2049.7,26994700.0,1095180.0,28089880.0,0.001,0.0,none,undetermined,unknown
79,Germany,104,Ireland,388,Tomatoes,2008,1.0,2049.0,2049.0,65096.0,654965.0,720061.0,0.0,0.003,none,undetermined,unknown
231,United States of America,105,Israel,27,Rice,2008,2048.0,1.0,2048.0,9241170.0,88.0,9241258.0,0.0,0.0,none,undetermined,unknown
231,United States of America,58,Ecuador,237,Soya bean oil,1996,4086.0,2.0,2043.0,6913000.0,76494.0,6989494.0,0.001,0.0,none,undetermined,unknown
171,Philippines,117,Republic of Korea,56,Maize (corn),1987,1.0,2040.0,2040.0,4278119.0,55813.0,4333932.0,0.0,0.0,none,undetermined,unknown
229,United Kingdom of Great Britain and Northern Ireland,210,Sweden,15,Wheat,2013,4077.0,2.0,2038.5,11921304.0,2963405.0,14884709.0,0.0,0.0,none,undetermined,unknown
54,Denmark,68,France,15,Wheat,2008,2038.0,1.0,2038.0,5018700.0,404548.0,5423248.0,0.0,0.0,none,undetermined,unknown
79,Germany,105,Israel,71,Rye,2005,91676.0,45.0,2037.244,2793500.0,144973.0,2938473.0,0.031,0.0,none,undetermined,unknown
150,Netherlands (Kingdom of the),79,Germany,888,Skim milk of cows,1995,2034.0,1.0,2034.0,2792000.0,195745.0,2987745.0,0.001,0.0,none,undetermined,unknown
10,Australia,202,South Africa,75,Oats,1999,12.0,24397.0,2033.083,1118000.0,1.0,1118001.0,0.0,0.022,none,undetermined,unknown
63,Estonia,79,Germany,890,"Whey, condensed",2016,16243.85,7.99,2033.023,22852.41,0.0,22852.41,0.711,0.0,none,undetermined,unknown
131,Malaysia,159,Nigeria,257,Palm oil,2000,85358.0,42.0,2032.333,10842095.0,59905.0,10902000.0,0.008,0.0,none,undetermined,unknown
168,Papua New Guinea,229,United Kingdom of Great Britain and Northern Ireland,252,Coconut oil,2001,6.0,12190.0,2031.667,31590.0,0.0,31590.0,0.0,0.386,none,undetermined,unknown
79,Germany,225,United Arab Emirates,44,Barley,2020,12.94,26284.73,2031.277,10769200.0,1488943.41,12258143.41,0.0,0.002,none,undetermined,unknown
33,Canada,200,Singapore,271,"Rapeseed or canola oil, crude",1993,2031.0,1.0,2031.0,913000.0,5799.0,918799.0,0.002,0.0,none,undetermined,unknown
150,Netherlands (Kingdom of the),231,United States of America,165,Molasses,2012,1.0,2031.0,2031.0,210000.0,324133.0,534133.0,0.0,0.004,none,undetermined,unknown
272,Serbia,198,Slovenia,267,Sunflower seed,2017,2.92,5930.32,2030.932,540590.0,71827.77,612417.77,0.0,0.01,none,undetermined,unknown
231,United States of America,131,Malaysia,60,Oil of maize,2013,4058.0,2.0,2029.0,1082300.0,25708.0,1108008.0,0.004,0.0,none,undetermined,unknown
198,Slovenia,80,Bosnia and Herzegovina,388,Tomatoes,2008,2027.0,1.0,2027.0,4704.0,21324.0,26028.0,0.078,0.0,none,undetermined,unknown
225,United Arab Emirates,100,India,271,"Rapeseed or canola oil, crude",2008,5.0,10134.0,2026.8,187600.0,2450.0,190050.0,0.0,0.053,none,undetermined,unknown
212,Syrian Arab Republic,225,United Arab Emirates,891,Yoghurt,2007,4052.0,2.0,2026.0,26406.48,2636.0,29042.48,0.14,0.0,none,undetermined,unknown
185,Russian Federation,105,Israel,267,Sunflower seed,2006,4043.0,2.0,2021.5,6743376.0,11176.0,6754552.0,0.001,0.0,none,undetermined,unknown
231,United States of America,211,Switzerland,1225,Tallow,2001,1.0,2020.0,2020.0,3502900.0,59135.0,3562035.0,0.0,0.001,none,undetermined,unknown
167,Czechia,173,Poland,889,"Whole milk, condensed",2010,1.0,2018.0,2018.0,15300.0,2718.0,18018.0,0.0,0.112,none,undetermined,unknown
165,Pakistan,229,United Kingdom of Great Britain and Northern Ireland,463,"Other vegetables, fresh n.e.c.",2015,3430.46,1.7,2017.918,808987.0,561.9399999999999,809548.94,0.004,0.0,none,undetermined,unknown
156,New Zealand,66,Fiji,426,Carrots and turnips,2003,1.0,2017.0,2017.0,65000.0,0.0,65000.0,0.0,0.031,none,undetermined,unknown
150,Netherlands (Kingdom of the),104,Ireland,15,Wheat,2005,6.0,12085.0,2014.167,1174686.0,3177477.0,4352163.0,0.0,0.003,none,undetermined,unknown
68,France,162,Norway,116,Potatoes,2019,4.4,8859.45,2013.511,8560410.0,413590.79,8974000.79,0.0,0.001,none,undetermined,unknown
33,Canada,110,Japan,56,Maize (corn),1990,2013.0,1.0,2013.0,7066000.0,658336.0,7724336.0,0.0,0.0,none,undetermined,unknown
104,Ireland,118,Kuwait,867,"Meat of cattle with the bone, fresh or chilled",1993,1.0,2013.0,2013.0,528500.0,5195.0,533695.0,0.0,0.004,none,undetermined,unknown
100,India,174,Portugal,162,Raw cane or beet sugar (centrifugal only),2006,5.0,10060.0,2012.0,21140000.0,199.0,21140199.0,0.0,0.0,none,undetermined,unknown
105,Israel,229,United Kingdom of Great Britain and Northern Ireland,372,Lettuce and chicory,2000,2012.0,1.0,2012.0,37774.0,28.0,37802.0,0.053,0.0,none,undetermined,unknown
68,France,255,Belgium,459,Chicory roots,2005,6027.0,3.0,2009.0,74559.2,1339.0,75898.2,0.079,0.0,none,undetermined,unknown
231,United States of America,203,Spain,237,Soya bean oil,2002,4017.0,2.0,2008.5,8360000.0,20225.0,8380225.0,0.0,0.0,none,undetermined,unknown
229,United Kingdom of Great Britain and Northern Ireland,106,Italy,1225,Tallow,1997,2008.0,1.0,2008.0,165500.0,0.0,165500.0,0.012,0.0,none,undetermined,unknown
150,Netherlands (Kingdom of the),203,Spain,777,"True hemp, raw or retted",2018,2851.31,1.42,2007.965,15320.0,79.65,15399.65,0.185,0.0,none,undetermined,unknown
229,United Kingdom of Great Britain and Northern Ireland,255,Belgium,417,"Peas, green",2006,4015.0,2.0,2007.5,299690.0,15293.0,314983.0,0.013,0.0,none,undetermined,unknown
67,Finland,79,Germany,271,"Rapeseed or canola oil, crude",2002,2007.0,1.0,2007.0,67657.2,6601.0,74258.2,0.027,0.0,none,undetermined,unknown
150,Netherlands (Kingdom of the),210,Sweden,252,Coconut oil,1995,2.0,4014.0,2007.0,3177.6,170171.0,173348.6,0.0,0.023,none,undetermined,unknown
171,Philippines,68,France,252,Coconut oil,2011,7.0,14046.0,2006.571,1136700.0,239.0,1136939.0,0.0,0.012,none,undetermined,unknown
21,Brazil,124,Libya,237,Soya bean oil,1990,4006.0,2.0,2003.0,2674080.0,10758.0,2684838.0,0.001,0.0,none,undetermined,unknown
41,"China, mainland",112,Jordan,267,Sunflower seed,2011,2002.0,1.0,2002.0,2313000.0,4478.0,2317478.0,0.001,0.0,none,undetermined,unknown
33,Canada,110,Japan,56,Maize (corn),2016,2001.53,1.0,2001.53,13889000.0,1173470.8,15062470.8,0.0,0.0,none,undetermined,unknown
231,United States of America,110,Japan,897,Whole milk powder,2006,4002.0,2.0,2001.0,13845.0,15559.0,29404.0,0.136,0.0,none,undetermined,unknown
32,Cameroon,159,Nigeria,244,Groundnut oil,1986,1.0,2000.0,2000.0,8000.0,1305.0,9305.0,0.0,0.215,none,undetermined,unknown
171,Philippines,101,Indonesia,252,Coconut oil,2006,2000.0,1.0,2000.0,1423450.9,3.0,1423453.9,0.001,0.0,none,undetermined,unknown
216,Thailand,59,Egypt,56,Maize (corn),2011,1.0,2000.0,2000.0,4972952.0,204022.0,5176974.0,0.0,0.0,none,undetermined,unknown
231,United States of America,131,Malaysia,331,Cottonseed oil,1998,2000.0,1.0,2000.0,555000.0,11873.0,566873.0,0.004,0.0,none,undetermined,unknown
231,United States of America,202,South Africa,331,Cottonseed oil,2010,2000.0,1.0,2000.0,378255.0,98.0,378353.0,0.005,0.0,none,undetermined,unknown
181,Zimbabwe,79,Germany,826,Unmanufactured tobacco,2018,1.22,2438.88,1999.082,239906.0,7998.53,247904.53,0.0,0.01,none,undetermined,unknown
203,Spain,106,Italy,236,Soya beans,2018,4.26,8512.96,1998.347,4350.0,3397812.46,3402162.46,0.0,0.003,none,undetermined,unknown
173,Poland,79,Germany,236,Soya beans,2007,1.0,1998.0,1998.0,525.0,7874.0,8399.0,0.0,0.238,none,undetermined,unknown
79,Germany,185,Russian Federation,463,"Other vegetables, fresh n.e.c.",2009,1.0,1997.0,1997.0,421934.0,143949.0,565883.0,0.0,0.004,none,undetermined,unknown
96,"China, Hong Kong SAR",41,"China, mainland",252,Coconut oil,1995,1997.0,1.0,1997.0,576.6,3585.0,4161.6,0.48,0.0,none,undetermined,unknown
228,USSR,97,Hungary,564,Wine,1987,4.0,7982.0,1995.5,1469000.0,121433.0,1590433.0,0.0,0.005,none,undetermined,unknown
131,Malaysia,110,Japan,268,"Sunflower-seed oil, crude",2015,3032.77,1.52,1995.243,1130.92,52854.18,53985.1,0.056,0.0,none,undetermined,unknown
67,Finland,79,Germany,271,"Rapeseed or canola oil, crude",1995,1995.0,1.0,1995.0,74244.4,10528.0,84772.4,0.024,0.0,none,undetermined,unknown
171,Philippines,200,Singapore,252,Coconut oil,2010,5976.0,3.0,1992.0,1746300.0,10.0,1746310.0,0.003,0.0,none,undetermined,unknown
255,Belgium,104,Ireland,56,Maize (corn),2008,3.0,5969.0,1989.667,858837.0,1274930.0,2133767.0,0.0,0.003,none,undetermined,unknown
231,United States of America,150,Netherlands (Kingdom of the),572,Avocados,1997,1988.0,1.0,1988.0,161270.0,26685.0,187955.0,0.011,0.0,none,undetermined,unknown
79,Germany,198,Slovenia,271,"Rapeseed or canola oil, crude",2016,10271.25,5.17,1986.702,3214635.0,279479.82,3494114.82,0.003,0.0,none,undetermined,unknown
231,United States of America,33,Canada,486,Bananas,2017,584930.29,294.43,1986.653,3020.0,4814494.32,4817514.32,0.121,0.0,none,undetermined,unknown
223,Türkiye,198,Slovenia,560,Grapes,2002,35735.0,18.0,1985.278,3500000.0,129.0,3500129.0,0.01,0.0,none,undetermined,unknown
33,Canada,131,Malaysia,271,"Rapeseed or canola oil, crude",1998,13895.0,7.0,1985.0,1283000.0,30765.0,1313765.0,0.011,0.0,none,undetermined,unknown
173,Poland,229,United Kingdom of Great Britain and Northern Ireland,898,Skim milk and whey powder,1994,1985.0,1.0,1985.0,113000.0,3495.0,116495.0,0.017,0.0,none,undetermined,unknown
156,New Zealand,110,Japan,402,"Onions and shallots, green",1996,41661.0,21.0,1983.857,269700.0,127000.0,396700.0,0.105,0.0,none,undetermined,unknown
169,Paraguay,110,Japan,236,Soya beans,1989,20.0,39668.0,1983.4,1614573.0,2037.0,1616610.0,0.0,0.025,none,undetermined,unknown
100,India,231,United States of America,187,"Peas, dry",2009,1.0,1983.0,1983.0,658200.0,1655078.0,2313278.0,0.0,0.001,none,undetermined,unknown
165,Pakistan,229,United Kingdom of Great Britain and Northern Ireland,165,Molasses,2019,1.5,2970.31,1980.207,2235000.0,4.2,2235004.2,0.0,0.001,none,undetermined,unknown
146,Republic of Moldova,231,United States of America,267,Sunflower seed,2007,1980.0,1.0,1980.0,155512.0,7690.0,163202.0,0.012,0.0,none,undetermined,unknown
150,Netherlands (Kingdom of the),54,Denmark,44,Barley,2010,5.0,9897.0,1979.4,204444.0,2014215.0,2218659.0,0.0,0.004,none,undetermined,unknown
79,Germany,84,Greece,44,Barley,2005,15.0,29650.0,1976.667,11613800.0,656438.0,12270238.0,0.0,0.002,none,undetermined,unknown
150,Netherlands (Kingdom of the),203,Spain,75,Oats,2006,5930.0,3.0,1976.667,8969.0,56092.0,65061.0,0.091,0.0,none,undetermined,unknown
79,Germany,97,Hungary,592,Kiwi fruit,2021,1.16,2289.61,1973.802,0.0,96368.83,96368.83,0.0,0.024,none,undetermined,unknown
10,Australia,225,United Arab Emirates,897,Whole milk powder,2021,4.61,9096.89,1973.295,52458.0,37263.89,89721.89,0.0,0.101,none,undetermined,unknown
131,Malaysia,171,Philippines,51,"Beer of barley, malted",2009,1973.0,1.0,1973.0,160000.0,27201.0,187201.0,0.011,0.0,none,undetermined,unknown
216,Thailand,131,Malaysia,388,Tomatoes,2015,2.4,4732.19,1971.746,102400.0,714.87,103114.87,0.0,0.046,none,undetermined,unknown
150,Netherlands (Kingdom of the),59,Egypt,867,"Meat of cattle with the bone, fresh or chilled",1988,3.0,5912.0,1970.667,507000.0,37338.0,544338.0,0.0,0.011,none,undetermined,unknown
231,United States of America,48,Costa Rica,1043,"Pig fat, rendered",1998,1970.0,1.0,1970.0,494900.0,2309.0,497209.0,0.004,0.0,none,undetermined,unknown
174,Portugal,68,France,403,"Onions and shallots, dry (excluding dehydrated)",2002,1969.0,1.0,1969.0,112330.4,34761.0,147091.4,0.013,0.0,none,undetermined,unknown
272,Serbia,198,Slovenia,236,Soya beans,2017,20.3,39949.77,1967.969,461272.0,81278.78,542550.78,0.0,0.074,none,undetermined,unknown
100,India,238,Ethiopia,27,Rice,2014,5.78,11367.65,1966.721,159810501.3,201.69,159810702.99,0.0,0.0,none,undetermined,unknown
106,Italy,97,Hungary,619,"Other fruits, n.e.c.",1995,1.0,1966.0,1966.0,50000.0,12782.0,62782.0,0.0,0.031,none,undetermined,unknown
203,Spain,110,Japan,1035,"Meat of pig with the bone, fresh or chilled",2014,42368.7,21.58,1963.332,3555606.0,77981.95,3633587.95,0.012,0.0,none,undetermined,unknown
138,Mexico,110,Japan,463,"Other vegetables, fresh n.e.c.",2010,9816.0,5.0,1963.2,764162.63,13736.0,777898.63,0.013,0.0,none,undetermined,unknown
28,Myanmar,41,"China, mainland",226,Areca nuts,2020,3847.7,1.96,1963.112,225836.0,0.97,225836.97,0.017,0.0,none,undetermined,unknown
11,Austria,198,Slovenia,165,Molasses,2011,1.0,1963.0,1963.0,112982.66,6089.0,119071.66,0.0,0.016,none,undetermined,unknown
156,New Zealand,110,Japan,463,"Other vegetables, fresh n.e.c.",2010,3920.0,2.0,1960.0,144176.23,6.0,144182.23,0.027,0.0,none,undetermined,unknown
229,United Kingdom of Great Britain and Northern Ireland,203,Spain,420,"Broad beans and horse beans, green",2012,1.0,1960.0,1960.0,11505.0,1553.0,13058.0,0.0,0.15,none,undetermined,unknown
231,United States of America,58,Ecuador,83,Sorghum,1987,41155.0,21.0,1959.762,18563408.0,8.0,18563416.0,0.002,0.0,none,undetermined,unknown
106,Italy,222,Tunisia,56,Maize (corn),2008,9795.0,5.0,1959.0,9491203.0,2223424.0,11714627.0,0.001,0.0,none,undetermined,unknown
210,Sweden,229,United Kingdom of Great Britain and Northern Ireland,44,Barley,2015,2.1,4112.2,1958.19,1672300.0,58083.0,1730383.0,0.0,0.002,none,undetermined,unknown
54,Denmark,84,Greece,882,Raw milk of cattle,2011,1.0,1958.0,1958.0,4880500.0,38451.0,4918951.0,0.0,0.0,none,undetermined,unknown
229,United Kingdom of Great Britain and Northern Ireland,79,Germany,521,Pears,2011,3.0,5873.0,1957.667,32240.0,140709.0,172949.0,0.0,0.034,none,undetermined,unknown
27,Bulgaria,106,Italy,882,Raw milk of cattle,2021,1.07,2093.59,1956.626,835780.0,60493.14,896273.14,0.0,0.002,none,undetermined,unknown
138,Mexico,33,Canada,486,Bananas,1992,16.0,31296.0,1956.0,2095355.0,92.0,2095447.0,0.0,0.015,none,undetermined,unknown
107,Côte d'Ivoire,150,Netherlands (Kingdom of the),574,Pineapples,2013,1.0,1955.0,1955.0,72000.0,1.0,72001.0,0.0,0.027,none,undetermined,unknown
21,Brazil,49,Cuba,1225,Tallow,2001,3909.0,2.0,1954.5,445900.0,14943.0,460843.0,0.008,0.0,none,undetermined,unknown
106,Italy,185,Russian Federation,268,"Sunflower-seed oil, crude",2002,2.0,3906.0,1953.0,174300.0,148767.0,323067.0,0.0,0.012,none,undetermined,unknown
229,United Kingdom of Great Britain and Northern Ireland,179,Qatar,564,Wine,2010,1.0,1953.0,1953.0,1290.0,1253097.0,1254387.0,0.0,0.002,none,undetermined,unknown
130,Malawi,110,Japan,826,Unmanufactured tobacco,2008,3.0,5854.0,1951.333,160238.0,20834.0,181072.0,0.0,0.032,none,undetermined,unknown
106,Italy,231,United States of America,767,"Cotton lint, ginned",1995,1951.0,1.0,1951.0,0.0,341642.0,341642.0,0.006,0.0,none,undetermined,unknown
79,Germany,225,United Arab Emirates,15,Wheat,2018,4.73,9224.78,1950.271,20263500.0,3750191.24,24013691.240000002,0.0,0.0,none,undetermined,unknown
98,Croatia,223,Türkiye,15,Wheat,2008,21.0,40927.0,1948.905,858333.0,42166.0,900499.0,0.0,0.045,none,undetermined,unknown
79,Germany,229,United Kingdom of Great Britain and Northern Ireland,44,Barley,1999,5.0,9716.0,1943.2,13300984.0,433525.0,13734509.0,0.0,0.001,none,undetermined,unknown
44,Colombia,167,Czechia,486,Bananas,2004,17.0,33001.0,1941.235,1702565.0,3912.0,1706477.0,0.0,0.019,none,undetermined,unknown
100,India,150,Netherlands (Kingdom of the),571,"Mangoes, guavas and mangosteens",2008,21348.0,11.0,1940.727,14731000.0,60.0,14731060.0,0.001,0.0,none,undetermined,unknown
21,Brazil,104,Ireland,826,Unmanufactured tobacco,2005,1940.0,1.0,1940.0,889426.0,7900.0,897326.0,0.002,0.0,none,undetermined,unknown
54,Denmark,106,Italy,271,"Rapeseed or canola oil, crude",2013,1.0,1940.0,1940.0,178000.0,56710.0,234710.0,0.0,0.008,none,undetermined,unknown
109,Jamaica,104,Ireland,51,"Beer of barley, malted",2010,1938.0,1.0,1938.0,93000.0,319.0,93319.0,0.021,0.0,none,undetermined,unknown
79,Germany,174,Portugal,236,Soya beans,2004,5806.0,3.0,1935.333,0.0,3719233.0,3719233.0,0.002,0.0,none,undetermined,unknown
96,"China, Hong Kong SAR",128,"China, Macao SAR",1035,"Meat of pig with the bone, fresh or chilled",2011,7735.0,4.0,1933.75,116700.01,266002.0,382702.01,0.02,0.0,none,undetermined,unknown
203,Spain,104,Ireland,15,Wheat,2014,1.6,3092.1,1932.562,6471400.0,4847504.54,11318904.54,0.0,0.0,none,undetermined,unknown
10,Australia,110,Japan,1035,"Meat of pig with the bone, fresh or chilled",2006,1932.0,1.0,1932.0,382682.0,45208.0,427890.0,0.005,0.0,none,undetermined,unknown
41,"China, mainland",101,Indonesia,420,"Broad beans and horse beans, green",2007,1.0,1932.0,1932.0,80000.0,1.0,80001.0,0.0,0.024,none,undetermined,unknown
156,New Zealand,66,Fiji,889,"Whole milk, condensed",2006,1.0,1932.0,1932.0,600.0,6247.0,6847.0,0.0,0.282,none,undetermined,unknown
185,Russian Federation,108,Kazakhstan,236,Soya beans,2004,3864.0,2.0,1932.0,554235.6,1231.0,555466.6,0.007,0.0,none,undetermined,unknown
202,South Africa,181,Zimbabwe,331,Cottonseed oil,2013,1932.0,1.0,1932.0,10900.0,9870.0,20770.0,0.093,0.0,none,undetermined,unknown
54,Denmark,150,Netherlands (Kingdom of the),187,"Peas, dry",2015,1930.7,1.0,1930.7,21100.0,15112.0,36212.0,0.053,0.0,none,undetermined,unknown
216,Thailand,255,Belgium,826,Unmanufactured tobacco,2006,3861.0,2.0,1930.5,65835.0,3986.0,69821.0,0.055,0.0,none,undetermined,unknown
10,Australia,137,Mauritius,1225,Tallow,1996,3857.0,2.0,1928.5,406000.0,496.0,406496.0,0.009,0.0,none,undetermined,unknown
131,Malaysia,200,Singapore,888,Skim milk of cows,2001,1928.0,1.0,1928.0,3022.75,281.0,3303.75,0.584,0.0,none,undetermined,unknown
168,Papua New Guinea,150,Netherlands (Kingdom of the),258,Oil of palm kernel,2001,2.0,3856.0,1928.0,27560.0,22.0,27582.0,0.0,0.14,none,undetermined,unknown
100,India,215,United Republic of Tanzania,162,Raw cane or beet sugar (centrifugal only),2018,2428.85,1.26,1927.659,34309000.0,1826176.0,36135176.0,0.0,0.0,none,undetermined,unknown
202,South Africa,255,Belgium,512,"Other citrus fruit, n.e.c.",2001,1927.0,1.0,1927.0,9128.15,241.0,9369.15,0.206,0.0,none,undetermined,unknown
41,"China, mainland",238,Ethiopia,176,"Beans, dry",2004,1926.0,1.0,1926.0,1750000.0,13893.0,1763893.0,0.001,0.0,none,undetermined,unknown
56,Dominican Republic,231,United States of America,571,"Mangoes, guavas and mangosteens",2018,1.0,1923.86,1923.86,38770.0,0.0,38770.0,0.0,0.05,none,undetermined,unknown
10,Australia,96,"China, Hong Kong SAR",888,Skim milk of cows,2007,3845.0,2.0,1922.5,2707106.0,2468.0,2709574.0,0.001,0.0,none,undetermined,unknown
272,Serbia,198,Slovenia,56,Maize (corn),2017,108.32,208045.8,1920.659,4018370.0,3377.53,4021747.53,0.0,0.052,none,undetermined,unknown
216,Thailand,41,"China, mainland",720,"Ginger, raw",2018,4569.79,2.38,1920.08,170294.26,4224.889999999999,174519.15000000002,0.026,0.0,none,undetermined,unknown
106,Italy,199,Slovakia,44,Barley,2009,1.0,1918.0,1918.0,1049200.0,647709.0,1696909.0,0.0,0.001,none,undetermined,unknown
44,Colombia,203,Spain,486,Bananas,1995,22.0,42190.0,1917.727,1631576.0,52062.0,1683638.0,0.0,0.025,none,undetermined,unknown
129,Madagascar,255,Belgium,619,"Other fruits, n.e.c.",2014,7.78,14904.6,1915.758,9955.11,0.03,9955.140000000001,0.001,1.497,none,undetermined,unknown
202,South Africa,147,Namibia,51,"Beer of barley, malted",2012,19.0,36392.0,1915.368,3150000.0,31557.0,3181557.0,0.0,0.011,none,undetermined,unknown
54,Denmark,15,Belgium-Luxembourg,270,Rape or colza seed,1994,5.0,9572.0,1914.4,370662.0,119281.0,489943.0,0.0,0.02,none,undetermined,unknown
29,Burundi,211,Switzerland,656,"Coffee, green",2016,7465.62,3.9,1914.262,13624.46,0.62,13625.08,0.548,0.0,none,undetermined,unknown
10,Australia,101,Indonesia,15,Wheat,1993,600.0,1148438.0,1914.063,16479000.0,141.0,16479141.0,0.0,0.07,none,undetermined,unknown
106,Italy,84,Greece,888,Skim milk of cows,2005,1914.0,1.0,1914.0,3485000.0,484764.0,3969764.0,0.0,0.0,none,undetermined,unknown
202,South Africa,231,United States of America,826,Unmanufactured tobacco,2002,1914.0,1.0,1914.0,33020.0,25630.0,58650.0,0.033,0.0,none,undetermined,unknown
101,Indonesia,68,France,257,Palm oil,2012,30.0,57369.0,1912.3,26015519.0,616.0,26016135.0,0.0,0.002,none,undetermined,unknown
54,Denmark,118,Kuwait,867,"Meat of cattle with the bone, fresh or chilled",1986,1.0,1910.0,1910.0,243151.0,5950.0,249101.0,0.0,0.008,none,undetermined,unknown
203,Spain,58,Ecuador,237,Soya bean oil,2002,1910.0,1.0,1910.0,490300.0,28776.0,519076.0,0.004,0.0,none,undetermined,unknown
156,New Zealand,79,Germany,592,Kiwi fruit,1995,2.0,3816.0,1908.0,223000.0,11.0,223011.0,0.0,0.017,none,undetermined,unknown
84,Greece,255,Belgium,1036,"Edible offal of pigs, fresh, chilled or frozen",2008,1905.0,1.0,1905.0,12001.93,2841.0,14842.93,0.128,0.0,none,undetermined,unknown
169,Paraguay,15,Belgium-Luxembourg,236,Soya beans,1994,114.0,217150.0,1904.825,1795792.0,53.0,1795845.0,0.0,0.121,none,undetermined,unknown
198,Slovenia,80,Bosnia and Herzegovina,521,Pears,2011,1904.0,1.0,1904.0,4594.0,5635.0,10229.0,0.186,0.0,none,undetermined,unknown
229,United Kingdom of Great Britain and Northern Ireland,255,Belgium,888,Skim milk of cows,2005,1.0,1904.0,1904.0,3168900.0,19568.0,3188468.0,0.0,0.001,none,undetermined,unknown
79,Germany,210,Sweden,1225,Tallow,2018,2.63,5007.07,1903.829,50000.0,16206.3,66206.3,0.0,0.076,none,undetermined,unknown
229,United Kingdom of Great Britain and Northern Ireland,150,Netherlands (Kingdom of the),544,Strawberries,2002,1.0,1902.0,1902.0,41400.0,36635.0,78035.0,0.0,0.024,none,undetermined,unknown
231,United States of America,59,Egypt,867,"Meat of cattle with the bone, fresh or chilled",1986,15.0,28502.0,1900.133,11292000.0,43707.0,11335707.0,0.0,0.003,none,undetermined,unknown
84,Greece,50,Cyprus,567,Watermelons,2007,1900.0,1.0,1900.0,663389.0,3012.0,666401.0,0.003,0.0,none,undetermined,unknown
173,Poland,67,Finland,71,Rye,2016,2849.99,1.5,1899.993,2199578.0,9904.06,2209482.06,0.001,0.0,none,undetermined,unknown
38,Sri Lanka,110,Japan,813,"Coir, raw",2013,1.0,1897.0,1897.0,147000.0,1.0,147001.0,0.0,0.013,none,undetermined,unknown
126,Lithuania,185,Russian Federation,393,Cauliflowers and broccoli,2006,1897.0,1.0,1897.0,2523.0,3136.0,5659.0,0.335,0.0,none,undetermined,unknown
79,Germany,97,Hungary,560,Grapes,2021,2.86,5423.22,1896.231,1151470.0,331801.09,1483271.09,0.0,0.004,none,undetermined,unknown
68,France,174,Portugal,268,"Sunflower-seed oil, crude",2017,2103.78,1.11,1895.297,529800.0,297545.71,827345.71,0.003,0.0,none,undetermined,unknown
150,Netherlands (Kingdom of the),210,Sweden,271,"Rapeseed or canola oil, crude",2002,16.0,30324.0,1895.25,69800.0,322988.0,392788.0,0.0,0.077,none,undetermined,unknown
79,Germany,256,Luxembourg,898,Skim milk and whey powder,2004,1895.0,1.0,1895.0,219626.0,65990.0,285616.0,0.007,0.0,none,undetermined,unknown
231,United States of America,138,Mexico,414,"Other beans, green",2005,1895.0,1.0,1895.0,97080.0,31394.0,128474.0,0.015,0.0,none,undetermined,unknown
198,Slovenia,79,Germany,116,Potatoes,2006,1893.0,1.0,1893.0,106974.0,30770.0,137744.0,0.014,0.0,none,undetermined,unknown
100,India,231,United States of America,767,"Cotton lint, ginned",2006,1890.0,1.0,1890.0,3847000.0,61299.0,3908299.0,0.0,0.0,none,undetermined,unknown
226,Uganda,29,Burundi,56,Maize (corn),2002,7557.0,4.0,1889.25,1217000.0,29052.0,1246052.0,0.006,0.0,none,undetermined,unknown
150,Netherlands (Kingdom of the),162,Norway,15,Wheat,2004,1.0,1889.0,1889.0,1223900.0,3366116.0,4590016.0,0.0,0.0,none,undetermined,unknown
231,United States of America,143,Morocco,15,Wheat,2021,81695.0,43.26,1888.465,44803690.0,1450818.2300000002,46254508.23,0.002,0.0,none,undetermined,unknown
21,Brazil,110,Japan,826,Unmanufactured tobacco,2007,11.0,20769.0,1888.091,908679.0,12357.0,921036.0,0.0,0.023,none,undetermined,unknown
11,Austria,102,Iran (Islamic Republic of),56,Maize (corn),2018,118.19,223052.0,1887.232,2130340.0,941659.99,3071999.99,0.0,0.073,none,undetermined,unknown
143,Morocco,136,Mauritania,358,Cabbages,2019,11322.77,6.0,1887.128,36998.0,70.94999999999999,37068.95,0.305,0.0,none,undetermined,unknown
173,Poland,104,Ireland,15,Wheat,2015,1.05,1977.14,1882.99,10957787.0,477652.37,11435439.37,0.0,0.0,none,undetermined,unknown
236,Venezuela (Bolivarian Republic of),150,Netherlands (Kingdom of the),661,Cocoa beans,1990,3763.0,2.0,1881.5,15527.0,0.0,15527.0,0.242,0.0,none,undetermined,unknown
231,United States of America,110,Japan,897,Whole milk powder,2002,3761.0,2.0,1880.5,21500.0,6088.0,27588.0,0.136,0.0,none,undetermined,unknown
150,Netherlands (Kingdom of the),105,Israel,15,Wheat,2002,100.0,187884.0,1878.84,1056640.0,3779565.0,4836205.0,0.0,0.039,none,undetermined,unknown
95,Honduras,231,United States of America,258,Oil of palm kernel,2005,3754.0,2.0,1877.0,28600.0,155.0,28755.0,0.131,0.0,none,undetermined,unknown
211,Switzerland,79,Germany,900,"Whey, dry",2014,33194.45,17.7,1875.393,96000.0,7670.5,103670.5,0.32,0.0,none,undetermined,unknown
186,Serbia and Montenegro,183,Romania,56,Maize (corn),2002,56244.0,30.0,1874.8,5597000.0,3852.0,5600852.0,0.01,0.0,none,undetermined,unknown
202,South Africa,106,Italy,162,Raw cane or beet sugar (centrifugal only),2019,39000.0,20.82,1873.199,2295000.0,371621.77,2666621.77,0.015,0.0,none,undetermined,unknown
198,Slovenia,80,Bosnia and Herzegovina,560,Grapes,2006,3745.0,2.0,1872.5,105486.0,7790.0,113276.0,0.033,0.0,none,undetermined,unknown
33,Canada,44,Colombia,56,Maize (corn),2006,2.0,3744.0,1872.0,8989800.0,1898969.0,10888769.0,0.0,0.0,none,undetermined,unknown
223,Türkiye,198,Slovenia,534,Peaches and nectarines,2004,5615.0,3.0,1871.667,372000.0,13.0,372013.0,0.015,0.0,none,undetermined,unknown
203,Spain,106,Italy,1091,"Eggs from other birds in shell, fresh, n.e.c.",2015,5557.4,2.97,1871.178,808.92,3893.35,4702.2699999999995,1.182,0.001,none,undetermined,unknown
166,Panama,79,Germany,486,Bananas,2007,98.0,183217.0,1869.561,545162.0,0.0,545162.0,0.0,0.336,none,undetermined,unknown
150,Netherlands (Kingdom of the),126,Lithuania,449,Mushrooms and truffles,2016,4.66,8704.88,1868.0,300000.0,16885.030000000002,316885.03,0.0,0.027,none,undetermined,unknown
203,Spain,174,Portugal,889,"Whole milk, condensed",2003,2.0,3735.0,1867.5,28000.0,2120.0,30120.0,0.0,0.124,none,undetermined,unknown
10,Australia,156,New Zealand,83,Sorghum,2003,6.0,11194.0,1865.667,1464510.0,2.0,1464512.0,0.0,0.008,none,undetermined,unknown
41,"China, mainland",96,"China, Hong Kong SAR",577,Dates,2004,1.0,1863.0,1863.0,130000.0,5192.0,135192.0,0.0,0.014,none,undetermined,unknown
41,"China, mainland",117,Republic of Korea,234,"Other nuts (excluding wild edible nuts and groundnuts), in shell, n.e.c.",2008,11176.0,6.0,1862.667,105000.0,9875.0,114875.0,0.097,0.0,none,undetermined,unknown
54,Denmark,150,Netherlands (Kingdom of the),426,Carrots and turnips,2013,1862.0,1.0,1862.0,96622.0,9259.0,105881.0,0.018,0.0,none,undetermined,unknown
81,Ghana,256,Luxembourg,574,Pineapples,2001,1.0,1860.0,1860.0,55349.28,0.0,55349.28,0.0,0.034,none,undetermined,unknown
138,Mexico,150,Netherlands (Kingdom of the),687,"Pepper (Piper spp.), raw",1997,1860.0,1.0,1860.0,1761.0,1571.0,3332.0,0.558,0.0,none,undetermined,unknown
203,Spain,229,United Kingdom of Great Britain and Northern Ireland,767,"Cotton lint, ginned",1997,3720.0,2.0,1860.0,117435.0,72388.0,189823.0,0.02,0.0,none,undetermined,unknown
238,Ethiopia,150,Netherlands (Kingdom of the),414,"Other beans, green",2013,5580.0,3.0,1860.0,6200.0,5.0,6205.0,0.899,0.0,none,undetermined,unknown
40,Chile,33,Canada,560,Grapes,1999,15.0,27885.0,1859.0,1575000.0,71.0,1575071.0,0.0,0.018,none,undetermined,unknown
231,United States of America,44,Colombia,187,"Peas, dry",1995,1859.0,1.0,1859.0,269080.0,37148.0,306228.0,0.006,0.0,none,undetermined,unknown
41,"China, mainland",194,Saudi Arabia,149,"Edible roots and tubers with high starch or inulin content, n.e.c., fresh",2017,6.64,12339.09,1858.297,50583.6,1.1400000000000001,50584.74,0.0,0.244,none,undetermined,unknown
150,Netherlands (Kingdom of the),229,United Kingdom of Great Britain and Northern Ireland,162,Raw cane or beet sugar (centrifugal only),1997,1.0,1857.0,1857.0,1109000.0,3982.0,1112982.0,0.0,0.002,none,undetermined,unknown
117,Republic of Korea,131,Malaysia,619,"Other fruits, n.e.c.",2002,1.0,1856.0,1856.0,88127.0,740.0,88867.0,0.0,0.021,none,undetermined,unknown
131,Malaysia,229,United Kingdom of Great Britain and Northern Ireland,258,Oil of palm kernel,2010,3.0,5566.0,1855.333,2014943.0,578233.0,2593176.0,0.0,0.002,none,undetermined,unknown
226,Uganda,229,United Kingdom of Great Britain and Northern Ireland,463,"Other vegetables, fresh n.e.c.",1999,1.0,1855.0,1855.0,390000.0,0.0,390000.0,0.0,0.005,none,undetermined,unknown
138,Mexico,33,Canada,497,Lemons and limes,1993,2.0,3709.0,1854.5,758535.0,172.0,758707.0,0.0,0.005,none,undetermined,unknown
198,Slovenia,79,Germany,426,Carrots and turnips,2018,2670.0,1.44,1854.167,5220.0,11606.45,16826.45,0.159,0.0,none,undetermined,unknown
79,Germany,229,United Kingdom of Great Britain and Northern Ireland,44,Barley,2006,7.0,12973.0,1853.286,11966600.0,843786.0,12810386.0,0.0,0.001,none,undetermined,unknown
54,Denmark,97,Hungary,56,Maize (corn),2013,1.0,1853.0,1853.0,75700.0,245053.0,320753.0,0.0,0.006,none,undetermined,unknown
79,Germany,100,India,187,"Peas, dry",2002,17.0,31487.0,1852.176,413227.0,37757.0,450984.0,0.0,0.07,none,undetermined,unknown
106,Italy,203,Spain,75,Oats,2004,2.0,3703.0,1851.5,337694.0,52954.0,390648.0,0.0,0.009,none,undetermined,unknown
202,South Africa,102,Iran (Islamic Republic of),56,Maize (corn),2010,40729.0,22.0,1851.318,12815000.0,29095.0,12844095.0,0.003,0.0,none,undetermined,unknown
68,France,174,Portugal,267,Sunflower seed,2005,101806.0,55.0,1851.018,1510498.0,33344.0,1543842.0,0.066,0.0,none,undetermined,unknown
202,South Africa,229,United Kingdom of Great Britain and Northern Ireland,507,Pomelos and grapefruits,1997,5.0,9254.0,1850.8,155600.0,1631.0,157231.0,0.0,0.059,none,undetermined,unknown
81,Ghana,229,United Kingdom of Great Britain and Northern Ireland,486,Bananas,2016,17.0,31449.39,1849.964,87505.0,38.89,87543.89,0.0,0.359,none,undetermined,unknown
54,Denmark,249,Yemen,901,Cheese from whole cow milk,2013,5.0,9246.0,1849.2,324900.0,78480.0,403380.0,0.0,0.023,none,undetermined,unknown
29,Burundi,200,Singapore,656,"Coffee, green",2013,1849.0,1.0,1849.0,22625.0,3.0,22628.0,0.082,0.0,none,undetermined,unknown
10,Australia,131,Malaysia,252,Coconut oil,2009,1.0,1848.0,1848.0,5569.6,11077.0,16646.6,0.0,0.111,none,undetermined,unknown
198,Slovenia,80,Bosnia and Herzegovina,592,Kiwi fruit,2008,1847.0,1.0,1847.0,150.0,5052.0,5202.0,0.355,0.0,none,undetermined,unknown
150,Netherlands (Kingdom of the),54,Denmark,882,Raw milk of cattle,2019,4.61,8514.23,1846.905,14555000.0,721723.49,15276723.49,0.0,0.001,none,undetermined,unknown
68,France,104,Ireland,270,Rape or colza seed,2017,2751.5,1.49,1846.644,5317377.0,1185410.28,6502787.28,0.0,0.0,none,undetermined,unknown
231,United States of America,105,Israel,236,Soya beans,2015,73.0,134661.1,1844.673,106953940.0,869359.97,107823299.97,0.0,0.001,none,undetermined,unknown
79,Germany,167,Czechia,267,Sunflower seed,2004,2.0,3687.0,1843.5,69652.0,239054.0,308706.0,0.0,0.012,none,undetermined,unknown
101,Indonesia,200,Singapore,888,Skim milk of cows,2013,1.0,1843.0,1843.0,66579.78,71.0,66650.78,0.0,0.028,none,undetermined,unknown
100,India,171,Philippines,176,"Beans, dry",2006,7.0,12900.0,1842.857,4454720.0,620527.0,5075247.0,0.0,0.003,none,undetermined,unknown
27,Bulgaria,41,"China, mainland",267,Sunflower seed,2018,3792.36,2.06,1840.951,1943980.0,327134.66000000003,2271114.66,0.002,0.0,none,undetermined,unknown
231,United States of America,44,Colombia,414,"Other beans, green",1992,3.0,5521.0,1840.333,72560.0,13887.0,86447.0,0.0,0.064,none,undetermined,unknown
11,Austria,79,Germany,165,Molasses,2011,5.0,9201.0,1840.2,112982.66,6089.0,119071.66,0.0,0.077,none,undetermined,unknown
101,Indonesia,79,Germany,252,Coconut oil,2021,16.56,30466.19,1839.746,619000.0,70199.49,689199.49,0.0,0.044,none,undetermined,unknown
98,Croatia,272,Serbia,15,Wheat,2014,2206.7,1.2,1838.917,648917.0,89100.79999999999,738017.8,0.003,0.0,none,undetermined,unknown
181,Zimbabwe,237,Viet Nam,826,Unmanufactured tobacco,2017,1.6,2941.18,1838.237,110816.0,5271.41,116087.41,0.0,0.025,none,undetermined,unknown
106,Italy,143,Morocco,592,Kiwi fruit,2021,2.0,3671.22,1835.61,416060.0,81777.3,497837.3,0.0,0.007,none,undetermined,unknown
79,Germany,63,Estonia,44,Barley,2010,3.0,5502.0,1834.0,10326918.0,1231719.0,11558637.0,0.0,0.0,none,undetermined,unknown
97,Hungary,121,Lebanon,56,Maize (corn),2012,6.0,11003.0,1833.833,4762710.0,146684.0,4909394.0,0.0,0.002,none,undetermined,unknown
21,Brazil,110,Japan,162,Raw cane or beet sugar (centrifugal only),1998,19.0,34812.0,1832.211,19232000.0,2.0,19232002.0,0.0,0.002,none,undetermined,unknown
95,Honduras,79,Germany,574,Pineapples,2001,1831.0,1.0,1831.0,83000.0,30.0,83030.0,0.022,0.0,none,undetermined,unknown
79,Germany,97,Hungary,567,Watermelons,2021,1.52,2782.97,1830.901,0.0,433610.43,433610.43,0.0,0.006,none,undetermined,unknown
173,Poland,210,Sweden,403,"Onions and shallots, dry (excluding dehydrated)",2017,2746.29,1.5,1830.86,667407.0,50747.07,718154.07,0.004,0.0,none,undetermined,unknown
41,"China, mainland",10,Australia,162,Raw cane or beet sugar (centrifugal only),2009,1.0,1830.0,1830.0,11672000.0,916714.0,12588714.0,0.0,0.0,none,undetermined,unknown
97,Hungary,106,Italy,268,"Sunflower-seed oil, crude",2008,1.0,1830.0,1830.0,252000.0,11544.0,263544.0,0.0,0.007,none,undetermined,unknown
150,Netherlands (Kingdom of the),68,France,888,Skim milk of cows,2004,2.0,3659.0,1829.5,2140000.0,62402.0,2202402.0,0.0,0.002,none,undetermined,unknown
58,Ecuador,33,Canada,661,Cocoa beans,2011,1.0,1829.0,1829.0,163151.73,0.0,163151.73,0.0,0.011,none,undetermined,unknown
106,Italy,15,Belgium-Luxembourg,165,Molasses,1989,2.0,3655.0,1827.5,700000.0,206143.0,906143.0,0.0,0.004,none,undetermined,unknown
170,Peru,84,Greece,656,"Coffee, green",2009,1827.0,1.0,1827.0,243479.0,24.0,243503.0,0.008,0.0,none,undetermined,unknown
10,Australia,156,New Zealand,162,Raw cane or beet sugar (centrifugal only),2009,123.0,224449.0,1824.789,4634000.0,32024.0,4666024.0,0.0,0.048,none,undetermined,unknown
21,Brazil,41,"China, mainland",1058,"Meat of chickens, fresh or chilled",2001,16423.0,9.0,1824.778,6208000.0,139.0,6208139.0,0.003,0.0,none,undetermined,unknown
9,Argentina,202,South Africa,56,Maize (corn),2001,25.0,45590.0,1823.6,15359397.0,26604.0,15386001.0,0.0,0.003,none,undetermined,unknown
11,Austria,150,Netherlands (Kingdom of the),531,Cherries,2004,1823.0,1.0,1823.0,27250.0,24198.0,51448.0,0.035,0.0,none,undetermined,unknown
223,Türkiye,249,Yemen,176,"Beans, dry",2019,37000.0,20.3,1822.66,225000.0,145240.06,370240.06,0.1,0.0,none,undetermined,unknown
203,Spain,203,Spain,268,"Sunflower-seed oil, crude",2008,1821.0,1.0,1821.0,347806.4,271338.0,619144.4,0.003,0.0,none,undetermined,unknown
202,South Africa,20,Botswana,358,Cabbages,2012,1.0,1819.0,1819.0,136367.0,22.0,136389.0,0.0,0.013,none,undetermined,unknown
79,Germany,11,Austria,258,Oil of palm kernel,2003,1.0,1817.0,1817.0,7.0,290718.0,290725.0,0.0,0.006,none,undetermined,unknown
84,Greece,27,Bulgaria,888,Skim milk of cows,2010,17.0,30880.0,1816.471,60171.0,23389.0,83560.0,0.0,0.37,none,undetermined,unknown
41,"China, mainland",96,"China, Hong Kong SAR",162,Raw cane or beet sugar (centrifugal only),2010,5.0,9078.0,1815.6,11363000.0,1564660.0,12927660.0,0.0,0.001,none,undetermined,unknown
203,Spain,203,Spain,867,"Meat of cattle with the bone, fresh or chilled",2011,1815.0,1.0,1815.0,604113.0,30328.0,634441.0,0.003,0.0,none,undetermined,unknown
98,Croatia,97,Hungary,1035,"Meat of pig with the bone, fresh or chilled",2019,6.54,11868.22,1814.713,120800.0,30628.43,151428.43,0.0,0.078,none,undetermined,unknown
59,Egypt,79,Germany,490,Oranges,2002,1.0,1814.0,1814.0,1808579.0,22.0,1808601.0,0.0,0.001,none,undetermined,unknown
79,Germany,203,Spain,267,Sunflower seed,2000,5440.0,3.0,1813.333,63861.0,354325.0,418186.0,0.013,0.0,none,undetermined,unknown
84,Greece,185,Russian Federation,619,"Other fruits, n.e.c.",2012,1813.0,1.0,1813.0,13500.0,702.0,14202.0,0.128,0.0,none,undetermined,unknown
68,France,216,Thailand,894,"Whole milk, evaporated",2017,1.19,2154.26,1810.303,86704.99,38451.06,125156.05,0.0,0.017,none,undetermined,unknown
229,United Kingdom of Great Britain and Northern Ireland,162,Norway,211,Other pulses n.e.c.,2019,4687.36,2.59,1809.792,273091.38,3173.0,276264.38,0.017,0.0,none,undetermined,unknown
79,Germany,117,Republic of Korea,1035,"Meat of pig with the bone, fresh or chilled",2018,79092.88,43.71,1809.492,5350000.0,780721.87,6130721.87,0.013,0.0,none,undetermined,unknown
54,Denmark,41,"China, mainland",900,"Whey, dry",2020,1.75,3166.58,1809.474,80500.0,23482.899999999998,103982.9,0.0,0.03,none,undetermined,unknown
173,Poland,79,Germany,236,Soya beans,2010,1.0,1809.0,1809.0,249.0,10434.0,10683.0,0.0,0.169,none,undetermined,unknown
186,Serbia and Montenegro,203,Spain,56,Maize (corn),2004,56079.0,31.0,1809.0,6579000.0,17451.0,6596451.0,0.009,0.0,none,undetermined,unknown
32,Cameroon,79,Germany,486,Bananas,2010,1807.0,1.0,1807.0,1333851.0,0.0,1333851.0,0.001,0.0,none,undetermined,unknown
216,Thailand,150,Netherlands (Kingdom of the),162,Raw cane or beet sugar (centrifugal only),2008,14450.0,8.0,1806.25,7816544.0,524.0,7817068.0,0.002,0.0,none,undetermined,unknown
236,Venezuela (Bolivarian Republic of),231,United States of America,489,Plantains and cooking bananas,2001,5.0,9025.0,1805.0,754272.0,0.0,754272.0,0.0,0.012,none,undetermined,unknown
174,Portugal,173,Poland,162,Raw cane or beet sugar (centrifugal only),2021,82791.6,45.9,1803.739,0.0,310509.35000000003,310509.35000000003,0.267,0.0,none,undetermined,unknown
126,Lithuania,185,Russian Federation,407,Leeks and other alliaceous vegetables,2010,1803.0,1.0,1803.0,374.0,2275.0,2649.0,0.681,0.0,none,undetermined,unknown
229,United Kingdom of Great Britain and Northern Ireland,41,"China, mainland",885,"Cream, fresh",2019,7.02,12655.24,1802.741,10601.14,27102.879999999997,37704.02,0.0,0.336,none,undetermined,unknown
41,"China, mainland",131,Malaysia,165,Molasses,2012,1801.0,1.0,1801.0,4500000.0,49613.0,4549613.0,0.0,0.0,none,undetermined,unknown
255,Belgium,79,Germany,222,"Walnuts, in shell",2004,1801.0,1.0,1801.0,500.0,2327.0,2827.0,0.637,0.0,none,undetermined,unknown
237,Viet Nam,10,Australia,486,Bananas,2019,4085.17,2.27,1799.634,2194247.09,40619.29,2234866.38,0.002,0.0,none,undetermined,unknown
67,Finland,203,Spain,44,Barley,2016,31488.12,17.5,1799.321,1580700.0,1103.87,1581803.87,0.02,0.0,none,undetermined,unknown
202,South Africa,238,Ethiopia,56,Maize (corn),2020,41.38,74455.07,1799.301,15843545.0,82042.83,15925587.83,0.0,0.005,none,undetermined,unknown
138,Mexico,33,Canada,567,Watermelons,2010,29.0,52156.0,1798.483,1036795.0,1435.0,1038230.0,0.0,0.05,none,undetermined,unknown
9,Argentina,179,Qatar,56,Maize (corn),2015,6.0,10784.59,1797.432,33817744.0,2183.0299999999997,33819927.03,0.0,0.0,none,undetermined,unknown
186,Serbia and Montenegro,183,Romania,56,Maize (corn),1996,61095.0,34.0,1796.912,5367000.0,5.0,5367005.0,0.011,0.0,none,undetermined,unknown
203,Spain,150,Netherlands (Kingdom of the),267,Sunflower seed,2007,4.0,7187.0,1796.75,733154.0,358951.0,1092105.0,0.0,0.007,none,undetermined,unknown
68,France,50,Cyprus,868,"Edible offal of cattle, fresh, chilled or frozen",2012,1795.0,1.0,1795.0,201097.17,40192.0,241289.17,0.007,0.0,none,undetermined,unknown
89,Guatemala,214,"China, Taiwan Province of",162,Raw cane or beet sugar (centrifugal only),2014,117423.6,65.45,1794.096,2734391.0,10.629999999999999,2734401.63,0.043,0.0,none,undetermined,unknown
156,New Zealand,106,Italy,619,"Other fruits, n.e.c.",1986,2.0,3586.0,1793.0,9400.0,1663.0,11063.0,0.0,0.324,none,undetermined,unknown
157,Nicaragua,211,Switzerland,656,"Coffee, green",2008,2.0,3586.0,1793.0,75957.0,859.0,76816.0,0.0,0.047,none,undetermined,unknown
183,Romania,255,Belgium,267,Sunflower seed,2002,1792.0,1.0,1792.0,1002813.0,18257.0,1021070.0,0.002,0.0,none,undetermined,unknown
231,United States of America,214,"China, Taiwan Province of",75,Oats,2019,1789.0,1.0,1789.0,773040.0,1492076.87,2265116.87,0.001,0.0,none,undetermined,unknown
203,Spain,110,Japan,1035,"Meat of pig with the bone, fresh or chilled",2019,89364.03,49.96,1788.712,4641160.0,66966.06,4708126.06,0.019,0.0,none,undetermined,unknown
21,Brazil,174,Portugal,486,Bananas,2021,2002.43,1.12,1787.884,6803350.0,42.75,6803392.75,0.0,0.0,none,undetermined,unknown
79,Germany,174,Portugal,388,Tomatoes,2019,2.24,3999.9,1785.67,106690.0,712824.76,819514.76,0.0,0.005,none,undetermined,unknown
58,Ecuador,210,Sweden,486,Bananas,1999,5.0,8920.0,1784.0,6392022.0,0.0,6392022.0,0.0,0.001,none,undetermined,unknown
15,Belgium-Luxembourg,203,Spain,15,Wheat,1999,5.0,8910.0,1782.0,1528471.0,3216025.0,4744496.0,0.0,0.002,none,undetermined,unknown
167,Czechia,230,Ukraine,296,Poppy seed,2002,1782.0,1.0,1782.0,16918.0,1111.0,18029.0,0.099,0.0,none,undetermined,unknown
171,Philippines,117,Republic of Korea,249,"Coconuts, in shell",2010,1.0,1781.0,1781.0,15510283.0,0.0,15510283.0,0.0,0.0,none,undetermined,unknown
131,Malaysia,216,Thailand,463,"Other vegetables, fresh n.e.c.",1999,3559.0,2.0,1779.5,235000.0,22448.0,257448.0,0.014,0.0,none,undetermined,unknown
48,Costa Rica,166,Panama,486,Bananas,2011,5338.0,3.0,1779.333,2125201.0,64873.0,2190074.0,0.002,0.0,none,undetermined,unknown
84,Greece,186,Serbia and Montenegro,619,"Other fruits, n.e.c.",1997,2.0,3558.0,1779.0,14557.31,732.0,15289.31,0.0,0.233,none,undetermined,unknown
68,France,105,Israel,406,Green garlic,1999,20.0,35578.0,1778.9,30626.1,26583.0,57209.1,0.0,0.622,none,undetermined,unknown
214,"China, Taiwan Province of",231,United States of America,165,Molasses,2009,25.0,44472.0,1778.88,31000.0,204657.0,235657.0,0.0,0.189,none,undetermined,unknown
225,United Arab Emirates,194,Saudi Arabia,271,"Rapeseed or canola oil, crude",2021,1.96,3486.02,1778.582,455200.0,55.19,455255.19,0.0,0.008,none,undetermined,unknown
203,Spain,174,Portugal,894,"Whole milk, evaporated",2011,1.0,1778.0,1778.0,13500.0,14988.0,28488.0,0.0,0.062,none,undetermined,unknown
21,Brazil,231,United States of America,767,"Cotton lint, ginned",2008,1776.0,1.0,1776.0,1314450.0,33710.0,1348160.0,0.001,0.0,none,undetermined,unknown
102,Iran (Islamic Republic of),100,India,577,Dates,1999,83.0,147237.0,1773.94,906196.6,0.0,906196.6,0.0,0.162,none,undetermined,unknown
63,Estonia,126,Lithuania,339,"Other oil seeds, n.e.c.",2019,1.6,2837.91,1773.694,3020.0,247.74,3267.74,0.0,0.868,none,undetermined,unknown
58,Ecuador,210,Sweden,486,Bananas,1997,2.0,3545.0,1772.5,5750261.0,0.0,5750261.0,0.0,0.001,none,undetermined,unknown
100,India,131,Malaysia,237,Soya bean oil,2004,2.0,3545.0,1772.5,1100000.0,1046865.0,2146865.0,0.0,0.002,none,undetermined,unknown
150,Netherlands (Kingdom of the),165,Pakistan,237,Soya bean oil,1992,32.0,56705.0,1772.031,674700.0,17575.0,692275.0,0.0,0.082,none,undetermined,unknown
68,France,107,Côte d'Ivoire,402,"Onions and shallots, green",2017,3.36,5950.41,1770.955,49476.0,2916.1,52392.1,0.0,0.114,none,undetermined,unknown
68,France,107,Côte d'Ivoire,402,"Onions and shallots, green",2016,2.68,4744.19,1770.22,49669.9,3487.7000000000003,53157.6,0.0,0.089,none,undetermined,unknown
223,Türkiye,229,United Kingdom of Great Britain and Northern Ireland,56,Maize (corn),2018,14.14,25028.66,1770.061,5700000.0,2122733.25,7822733.25,0.0,0.003,none,undetermined,unknown
231,United States of America,185,Russian Federation,242,"Groundnuts, excluding shelled",2011,1770.0,1.0,1770.0,1659510.0,433.0,1659943.0,0.001,0.0,none,undetermined,unknown
150,Netherlands (Kingdom of the),106,Italy,56,Maize (corn),2008,16.0,28285.0,1767.812,252300.0,3556572.0,3808872.0,0.0,0.007,none,undetermined,unknown
150,Netherlands (Kingdom of the),210,Sweden,1225,Tallow,2011,5.0,8837.0,1767.4,120500.0,62501.0,183001.0,0.0,0.048,none,undetermined,unknown
79,Germany,84,Greece,826,Unmanufactured tobacco,2004,1.0,1767.0,1767.0,10101.0,240548.0,250649.0,0.0,0.007,none,undetermined,unknown
165,Pakistan,33,Canada,165,Molasses,2000,5300.0,3.0,1766.667,1405000.0,0.0,1405000.0,0.004,0.0,none,undetermined,unknown
68,France,79,Germany,103,Mixed grain,2009,3529.0,2.0,1764.5,209374.2,6538.0,215912.2,0.016,0.0,none,undetermined,unknown
48,Costa Rica,33,Canada,162,Raw cane or beet sugar (centrifugal only),2016,21543.72,12.21,1764.432,445988.0,185.35,446173.35,0.048,0.0,none,undetermined,unknown
10,Australia,96,"China, Hong Kong SAR",603,"Other tropical fruits, n.e.c.",2014,2645.83,1.5,1763.887,7076.72,1802.08,8878.8,0.298,0.0,none,undetermined,unknown
272,Serbia,11,Austria,236,Soya beans,2014,2.04,3597.4,1763.431,545898.47,25131.519999999997,571029.99,0.0,0.006,none,undetermined,unknown
100,India,132,Maldives,162,Raw cane or beet sugar (centrifugal only),2015,3.78,6665.37,1763.325,30460000.0,1598337.9100000001,32058337.91,0.0,0.0,none,undetermined,unknown
102,Iran (Islamic Republic of),38,Sri Lanka,577,Dates,1998,3.0,5287.0,1762.333,918131.0,0.0,918131.0,0.0,0.006,none,undetermined,unknown
11,Austria,255,Belgium,270,Rape or colza seed,2000,2.0,3523.0,1761.5,125353.0,108258.0,233611.0,0.0,0.015,none,undetermined,unknown
185,Russian Federation,108,Kazakhstan,894,"Whole milk, evaporated",2002,15850.0,9.0,1761.111,202000.0,315.0,202315.0,0.078,0.0,none,undetermined,unknown
138,Mexico,203,Spain,486,Bananas,1999,3522.0,2.0,1761.0,1738007.0,1.0,1738008.0,0.002,0.0,none,undetermined,unknown
54,Denmark,118,Kuwait,898,Skim milk and whey powder,1998,2.0,3521.0,1760.5,22000.0,4509.0,26509.0,0.0,0.133,none,undetermined,unknown
156,New Zealand,150,Netherlands (Kingdom of the),402,"Onions and shallots, green",2002,42246.0,24.0,1760.25,210000.0,312.0,210312.0,0.201,0.0,none,undetermined,unknown
11,Austria,203,Spain,97,Triticale,2016,18.11,31861.3,1759.321,322560.26,14559.37,337119.63,0.0,0.095,none,undetermined,unknown
223,Türkiye,150,Netherlands (Kingdom of the),267,Sunflower seed,2002,1.0,1759.0,1759.0,850000.0,129109.0,979109.0,0.0,0.002,none,undetermined,unknown
101,Indonesia,131,Malaysia,603,"Other tropical fruits, n.e.c.",2014,5538.09,3.15,1758.124,1908599.0,7507.03,1916106.03,0.003,0.0,none,undetermined,unknown
59,Egypt,84,Greece,165,Molasses,1993,2.0,3516.0,1758.0,434000.0,302.0,434302.0,0.0,0.008,none,undetermined,unknown
156,New Zealand,137,Mauritius,1225,Tallow,1996,1756.0,1.0,1756.0,162000.0,4490.0,166490.0,0.011,0.0,none,undetermined,unknown
231,United States of America,138,Mexico,292,Mustard seed,1998,1756.0,1.0,1756.0,37080.0,54921.0,92001.0,0.019,0.0,none,undetermined,unknown
200,Singapore,131,Malaysia,397,Cucumbers and gherkins,1994,1755.0,1.0,1755.0,175.58,49975.0,50150.58,0.035,0.0,none,undetermined,unknown
209,Eswatini,144,Mozambique,162,Raw cane or beet sugar (centrifugal only),2020,3456.02,1.97,1754.325,673000.0,168.93,673168.93,0.005,0.0,none,undetermined,unknown
101,Indonesia,200,Singapore,234,"Other nuts (excluding wild edible nuts and groundnuts), in shell, n.e.c.",2008,13.0,22794.0,1753.385,110166.0,139.0,110305.0,0.0,0.207,none,undetermined,unknown
131,Malaysia,63,Estonia,257,Palm oil,2018,42021.0,24.0,1750.875,19516141.0,807159.85,20323300.85,0.002,0.0,none,undetermined,unknown
106,Italy,15,Belgium-Luxembourg,44,Barley,1988,5250.0,3.0,1750.0,1561800.0,765017.0,2326817.0,0.002,0.0,none,undetermined,unknown
138,Mexico,33,Canada,388,Tomatoes,1992,2.0,3500.0,1750.0,1677120.0,20305.0,1697425.0,0.0,0.002,none,undetermined,unknown
100,India,179,Qatar,463,"Other vegetables, fresh n.e.c.",2016,20299.44,11.6,1749.952,25550696.87,158.55,25550855.42,0.001,0.0,none,undetermined,unknown
202,South Africa,20,Botswana,116,Potatoes,2012,8.0,13995.0,1749.375,2228713.0,29.0,2228742.0,0.0,0.006,none,undetermined,unknown
68,France,54,Denmark,162,Raw cane or beet sugar (centrifugal only),2013,1.0,1749.0,1749.0,4331304.0,148214.0,4479518.0,0.0,0.0,none,undetermined,unknown
68,France,203,Spain,777,"True hemp, raw or retted",2000,2.0,3497.0,1748.5,54787.4,140.0,54927.4,0.0,0.064,none,undetermined,unknown
150,Netherlands (Kingdom of the),162,Norway,44,Barley,1998,2.0,3496.0,1748.0,214500.0,578612.0,793112.0,0.0,0.004,none,undetermined,unknown
211,Switzerland,68,France,900,"Whey, dry",2011,40179.0,23.0,1746.913,55700.0,7252.0,62952.0,0.638,0.0,none,undetermined,unknown
11,Austria,203,Spain,271,"Rapeseed or canola oil, crude",2014,4.27,7457.32,1746.445,150217.0,168574.84,318791.83999999997,0.0,0.023,none,undetermined,unknown
129,Madagascar,68,France,403,"Onions and shallots, dry (excluding dehydrated)",1998,1.0,1743.0,1743.0,5800.0,0.0,5800.0,0.0,0.301,none,undetermined,unknown
79,Germany,210,Sweden,1225,Tallow,2017,2.63,4582.01,1742.209,38163.54,24359.31,62522.850000000006,0.0,0.073,none,undetermined,unknown
203,Spain,229,United Kingdom of Great Britain and Northern Ireland,523,Quinces,1997,2.0,3480.0,1740.0,7000.0,16.0,7016.0,0.0,0.496,none,undetermined,unknown
79,Germany,9,Argentina,56,Maize (corn),1991,3479.0,2.0,1739.5,1936987.0,1138591.0,3075578.0,0.001,0.0,none,undetermined,unknown
100,India,52,Azerbaijan,667,Tea leaves,2002,1.0,1738.0,1738.0,3713000.0,23451.0,3736451.0,0.0,0.0,none,undetermined,unknown
210,Sweden,15,Belgium-Luxembourg,44,Barley,1988,5213.0,3.0,1737.667,1878700.0,9516.0,1888216.0,0.003,0.0,none,undetermined,unknown
100,India,150,Netherlands (Kingdom of the),571,"Mangoes, guavas and mangosteens",2007,20848.0,12.0,1737.333,15828000.0,46.0,15828046.0,0.001,0.0,none,undetermined,unknown
100,India,13,Bahrain,236,Soya beans,2015,3.28,5693.33,1735.771,8569794.62,13358.7,8583153.319999998,0.0,0.001,none,undetermined,unknown
173,Poland,256,Luxembourg,97,Triticale,2020,14921.96,8.6,1735.112,6087390.0,5598.83,6092988.83,0.002,0.0,none,undetermined,unknown
171,Philippines,194,Saudi Arabia,619,"Other fruits, n.e.c.",2011,1.0,1734.0,1734.0,210499.0,2601.0,213100.0,0.0,0.008,none,undetermined,unknown
229,United Kingdom of Great Britain and Northern Ireland,79,Germany,544,Strawberries,2001,1.0,1734.0,1734.0,36600.0,28492.0,65092.0,0.0,0.027,none,undetermined,unknown
150,Netherlands (Kingdom of the),97,Hungary,271,"Rapeseed or canola oil, crude",2011,2.0,3467.0,1733.5,538500.0,471477.0,1009977.0,0.0,0.003,none,undetermined,unknown
226,Uganda,229,United Kingdom of Great Britain and Northern Ireland,463,"Other vegetables, fresh n.e.c.",1998,1.0,1733.0,1733.0,385000.0,1.0,385001.0,0.0,0.005,none,undetermined,unknown
33,Canada,202,South Africa,56,Maize (corn),1992,20.0,34649.0,1732.45,4882600.0,777118.0,5659718.0,0.0,0.006,none,undetermined,unknown
79,Germany,150,Netherlands (Kingdom of the),547,Raspberries,1994,1732.0,1.0,1732.0,27000.0,5967.0,32967.0,0.053,0.0,none,undetermined,unknown
203,Spain,110,Japan,1035,"Meat of pig with the bone, fresh or chilled",2012,20783.0,12.0,1731.917,3466323.0,61709.0,3528032.0,0.006,0.0,none,undetermined,unknown
155,Vanuatu,10,Australia,252,Coconut oil,2010,1731.0,1.0,1731.0,11051.23,0.0,11051.23,0.157,0.0,none,undetermined,unknown
223,Türkiye,108,Kazakhstan,1242,Margarine and shortening,2008,5188.0,3.0,1729.333,694257.0,44.0,694301.0,0.007,0.0,none,undetermined,unknown
101,Indonesia,214,"China, Taiwan Province of",836,Natural rubber in primary forms,1989,2.0,3457.0,1728.5,1209037.0,773.0,1209810.0,0.0,0.003,none,undetermined,unknown
104,Ireland,210,Sweden,868,"Edible offal of cattle, fresh, chilled or frozen",2010,10363.0,6.0,1727.167,86015.38,534.0,86549.38,0.12,0.0,none,undetermined,unknown
44,Colombia,11,Austria,486,Bananas,1988,8.0,13807.0,1725.875,1225000.0,39.0,1225039.0,0.0,0.011,none,undetermined,unknown
106,Italy,1,Armenia,237,Soya bean oil,2001,1.0,1725.0,1725.0,230000.0,37908.0,267908.0,0.0,0.006,none,undetermined,unknown
226,Uganda,184,Rwanda,56,Maize (corn),1996,13794.0,8.0,1724.25,759000.0,78342.0,837342.0,0.016,0.0,none,undetermined,unknown
112,Jordan,13,Bahrain,463,"Other vegetables, fresh n.e.c.",2014,1.4,2413.9,1724.214,87997.0,233.8,88230.8,0.0,0.027,none,undetermined,unknown
211,Switzerland,68,France,900,"Whey, dry",2016,43148.97,25.05,1722.514,83000.0,8507.67,91507.67,0.472,0.0,none,undetermined,unknown
202,South Africa,20,Botswana,463,"Other vegetables, fresh n.e.c.",2012,2.0,3445.0,1722.5,487000.0,673.0,487673.0,0.0,0.007,none,undetermined,unknown
41,"China, mainland",53,Benin,667,Tea leaves,2007,8609.0,5.0,1721.8,5067000.0,5306.0,5072306.0,0.002,0.0,none,undetermined,unknown
203,Spain,174,Portugal,271,"Rapeseed or canola oil, crude",2001,3442.0,2.0,1721.0,17500.0,13929.0,31429.0,0.11,0.0,none,undetermined,unknown
150,Netherlands (Kingdom of the),162,Norway,56,Maize (corn),1998,3.0,5159.0,1719.667,150700.0,1734370.0,1885070.0,0.0,0.003,none,undetermined,unknown
106,Italy,105,Israel,406,Green garlic,1999,20.0,34360.0,1718.0,29624.0,20309.0,49933.0,0.0,0.688,none,undetermined,unknown
174,Portugal,79,Germany,901,Cheese from whole cow milk,1993,2.0,3435.0,1717.5,47312.0,5941.0,53253.0,0.0,0.065,none,undetermined,unknown
9,Argentina,33,Canada,268,"Sunflower-seed oil, crude",2012,1.0,1717.0,1717.0,1541580.0,2.0,1541582.0,0.0,0.001,none,undetermined,unknown
229,United Kingdom of Great Britain and Northern Ireland,255,Belgium,165,Molasses,2008,6.0,10294.0,1715.667,300000.0,824063.0,1124063.0,0.0,0.009,none,undetermined,unknown
231,United States of America,41,"China, mainland",223,"Pistachios, in shell",1997,3.0,5146.0,1715.333,81900.0,663.0,82563.0,0.0,0.062,none,undetermined,unknown
211,Switzerland,68,France,900,"Whey, dry",2018,36031.1,21.01,1714.95,58000.0,10138.789999999999,68138.79,0.529,0.0,none,undetermined,unknown
97,Hungary,167,Czechia,568,Cantaloupes and other melons,2005,3.0,5144.0,1714.667,15114.0,2443.0,17557.0,0.0,0.293,none,undetermined,unknown
10,Australia,216,Thailand,886,Butter of cow milk,2007,3424.0,2.0,1712.0,133100.0,12560.0,145660.0,0.024,0.0,none,undetermined,unknown
150,Netherlands (Kingdom of the),4,Algeria,898,Skim milk and whey powder,1990,25662.0,15.0,1710.8,70400.0,187865.0,258265.0,0.099,0.0,none,undetermined,unknown
229,United Kingdom of Great Britain and Northern Ireland,194,Saudi Arabia,867,"Meat of cattle with the bone, fresh or chilled",1987,1.0,1708.0,1708.0,1118256.0,95820.0,1214076.0,0.0,0.001,none,undetermined,unknown
229,United Kingdom of Great Britain and Northern Ireland,167,Czechia,268,"Sunflower-seed oil, crude",2015,2.01,3431.3,1707.114,0.0,282101.60000000003,282101.60000000003,0.0,0.012,none,undetermined,unknown
21,Brazil,236,Venezuela (Bolivarian Republic of),236,Soya beans,2005,1707.0,1.0,1707.0,51182072.0,367748.0,51549820.0,0.0,0.0,none,undetermined,unknown
230,Ukraine,84,Greece,267,Sunflower seed,2007,2.0,3411.0,1705.5,4174400.0,6640.0,4181040.0,0.0,0.001,none,undetermined,unknown
225,United Arab Emirates,221,Oman,373,Spinach,2018,1.45,2467.25,1701.552,2475.97,844.71,3320.68,0.0,0.743,none,undetermined,unknown
10,Australia,101,Indonesia,1225,Tallow,2008,1701.0,1.0,1701.0,499100.0,22.0,499122.0,0.003,0.0,none,undetermined,unknown
131,Malaysia,41,"China, mainland",1242,Margarine and shortening,2004,49309.0,29.0,1700.31,372000.0,2484.0,374484.0,0.132,0.0,none,undetermined,unknown
67,Finland,203,Spain,44,Barley,2012,25500.0,15.0,1700.0,1581000.0,4081.0,1585081.0,0.016,0.0,none,undetermined,unknown
150,Netherlands (Kingdom of the),162,Norway,252,Coconut oil,2001,5.0,8496.0,1699.2,1832.32,279209.0,281041.32,0.0,0.03,none,undetermined,unknown
150,Netherlands (Kingdom of the),185,Russian Federation,568,Cantaloupes and other melons,2004,1699.0,1.0,1699.0,2030.47,107237.0,109267.47,0.016,0.0,none,undetermined,unknown
150,Netherlands (Kingdom of the),229,United Kingdom of Great Britain and Northern Ireland,157,Sugar beet,2012,2.0,3397.0,1698.5,5728000.0,75545.0,5803545.0,0.0,0.001,none,undetermined,unknown
231,United States of America,12,Bahamas,27,Rice,2009,5.0,8488.0,1697.6,9972230.0,9.0,9972239.0,0.0,0.001,none,undetermined,unknown
173,Poland,255,Belgium,1225,Tallow,2009,1.0,1697.0,1697.0,9500.0,1787.0,11287.0,0.0,0.15,none,undetermined,unknown
21,Brazil,229,United Kingdom of Great Britain and Northern Ireland,767,"Cotton lint, ginned",1995,1696.0,1.0,1696.0,479000.0,250801.0,729801.0,0.002,0.0,none,undetermined,unknown
100,India,231,United States of America,187,"Peas, dry",1996,1.0,1696.0,1696.0,639200.0,154530.0,793730.0,0.0,0.002,none,undetermined,unknown
237,Viet Nam,10,Australia,234,"Other nuts (excluding wild edible nuts and groundnuts), in shell, n.e.c.",2020,1814.02,1.07,1695.346,5980.84,5661.22,11642.060000000001,0.156,0.0,none,undetermined,unknown
11,Austria,97,Hungary,1242,Margarine and shortening,1999,1.0,1695.0,1695.0,45200.0,5275.0,50475.0,0.0,0.034,none,undetermined,unknown
231,United States of America,214,"China, Taiwan Province of",75,Oats,2018,1695.0,1.0,1695.0,814720.0,1504892.05,2319612.05,0.001,0.0,none,undetermined,unknown
231,United States of America,211,Switzerland,221,"Almonds, in shell",2010,1695.0,1.0,1695.0,1413800.0,70.0,1413870.0,0.001,0.0,none,undetermined,unknown
131,Malaysia,75,Gambia,257,Palm oil,2017,28957.5,17.1,1693.421,19919331.0,552762.43,20472093.43,0.001,0.0,none,undetermined,unknown
150,Netherlands (Kingdom of the),203,Spain,271,"Rapeseed or canola oil, crude",2002,1.0,1693.0,1693.0,69800.0,322988.0,392788.0,0.0,0.004,none,undetermined,unknown
96,"China, Hong Kong SAR",41,"China, mainland",1036,"Edible offal of pigs, fresh, chilled or frozen",2008,400931.0,237.0,1691.692,9211.76,620064.0,629275.76,0.637,0.0,none,undetermined,unknown
156,New Zealand,33,Canada,619,"Other fruits, n.e.c.",1991,3.0,5072.0,1690.667,16000.0,39.0,16039.0,0.0,0.316,none,undetermined,unknown
138,Mexico,33,Canada,399,Eggplants (aubergines),2004,3.0,5068.0,1689.333,54000.0,231.0,54231.0,0.0,0.093,none,undetermined,unknown
210,Sweden,68,France,898,Skim milk and whey powder,2004,3.0,5062.0,1687.333,50000.0,2338.0,52338.0,0.0,0.097,none,undetermined,unknown
97,Hungary,223,Türkiye,56,Maize (corn),2011,16.0,26983.0,1686.438,7992000.0,101607.0,8093607.0,0.0,0.003,none,undetermined,unknown
231,United States of America,165,Pakistan,1058,"Meat of chickens, fresh or chilled",2013,8432.0,5.0,1686.4,17396797.0,56142.0,17452939.0,0.0,0.0,none,undetermined,unknown
100,India,79,Germany,165,Molasses,2014,15.0,25284.5,1685.633,10882000.0,44477.97,10926477.97,0.0,0.002,none,undetermined,unknown
41,"China, mainland",200,Singapore,603,"Other tropical fruits, n.e.c.",2006,1.0,1685.0,1685.0,1950000.0,108983.0,2058983.0,0.0,0.001,none,undetermined,unknown
138,Mexico,33,Canada,603,"Other tropical fruits, n.e.c.",1991,5.0,8419.0,1683.8,222541.0,0.0,222541.0,0.0,0.038,none,undetermined,unknown
79,Germany,174,Portugal,426,Carrots and turnips,2005,4.0,6734.0,1683.5,516327.0,127016.0,643343.0,0.0,0.01,none,undetermined,unknown
67,Finland,210,Sweden,271,"Rapeseed or canola oil, crude",2012,5.0,8414.0,1682.8,101600.0,4871.0,106471.0,0.0,0.079,none,undetermined,unknown
231,United States of America,33,Canada,486,Bananas,2000,395323.0,235.0,1682.226,13154.0,4030637.0,4043791.0,0.098,0.0,none,undetermined,unknown
79,Germany,210,Sweden,1225,Tallow,2020,1.74,2926.53,1681.914,60002.13,15091.239999999998,75093.37,0.0,0.039,none,undetermined,unknown
203,Spain,229,United Kingdom of Great Britain and Northern Ireland,1036,"Edible offal of pigs, fresh, chilled or frozen",2014,2018.0,1.2,1681.667,396067.5,3074.14,399141.64,0.005,0.0,none,undetermined,unknown
41,"China, mainland",255,Belgium,236,Soya beans,2020,2.02,3396.29,1681.332,19600000.0,100327109.42,119927109.42,0.0,0.0,none,undetermined,unknown
229,United Kingdom of Great Britain and Northern Ireland,150,Netherlands (Kingdom of the),271,"Rapeseed or canola oil, crude",1990,6725.0,4.0,1681.25,452300.0,12251.0,464551.0,0.014,0.0,none,undetermined,unknown
230,Ukraine,68,France,56,Maize (corn),2011,36.0,60491.0,1680.306,22837900.0,45831.0,22883731.0,0.0,0.003,none,undetermined,unknown
100,India,200,Singapore,201,"Lentils, dry",1998,1679.0,1.0,1679.0,803900.0,21981.0,825881.0,0.002,0.0,none,undetermined,unknown
211,Switzerland,11,Austria,900,"Whey, dry",2013,3356.0,2.0,1678.0,63000.0,7572.0,70572.0,0.048,0.0,none,undetermined,unknown
162,Norway,210,Sweden,1242,Margarine and shortening,1988,2.0,3355.0,1677.5,40000.0,227.0,40227.0,0.0,0.083,none,undetermined,unknown
97,Hungary,150,Netherlands (Kingdom of the),44,Barley,2019,27643.9,16.48,1677.421,1383260.0,20713.33,1403973.33,0.02,0.0,none,undetermined,unknown
10,Australia,156,New Zealand,165,Molasses,2007,110702.0,66.0,1677.303,1019116.0,154.0,1019270.0,0.109,0.0,none,undetermined,unknown
255,Belgium,211,Switzerland,15,Wheat,2019,5652.15,3.37,1677.196,1902380.0,3876059.0300000003,5778439.03,0.001,0.0,none,undetermined,unknown
214,"China, Taiwan Province of",41,"China, mainland",1043,"Pig fat, rendered",1999,1.0,1677.0,1677.0,41573.87,16919.0,58492.87,0.0,0.029,none,undetermined,unknown
215,United Republic of Tanzania,114,Kenya,56,Maize (corn),2001,15092.0,9.0,1676.889,2652810.0,31045.0,2683855.0,0.006,0.0,none,undetermined,unknown
79,Germany,75,Gambia,237,Soya bean oil,2003,5025.0,3.0,1675.0,778579.0,78340.0,856919.0,0.006,0.0,none,undetermined,unknown
101,Indonesia,255,Belgium,836,Natural rubber in primary forms,2013,20.0,33487.0,1674.35,3107544.0,17209.0,3124753.0,0.0,0.011,none,undetermined,unknown
104,Ireland,229,United Kingdom of Great Britain and Northern Ireland,271,"Rapeseed or canola oil, crude",2001,2.0,3341.0,1670.5,2604.3,29693.0,32297.3,0.0,0.103,none,undetermined,unknown
165,Pakistan,150,Netherlands (Kingdom of the),495,"Tangerines, mandarins, clementines",2003,1669.0,1.0,1669.0,1690000.0,56.0,1690056.0,0.001,0.0,none,undetermined,unknown
162,Norway,79,Germany,187,"Peas, dry",2014,2.4,4002.0,1667.5,2270.0,67845.8,70115.8,0.0,0.057,none,undetermined,unknown
138,Mexico,231,United States of America,767,"Cotton lint, ginned",2019,6657.0,4.0,1664.25,330000.0,175849.0,505849.0,0.013,0.0,none,undetermined,unknown
21,Brazil,110,Japan,826,Unmanufactured tobacco,2015,11.12,18501.45,1663.799,867355.0,7610.68,874965.68,0.0,0.021,none,undetermined,unknown
44,Colombia,33,Canada,489,Plantains and cooking bananas,2017,1.63,2711.9,1663.742,1312732.0,7116.7,1319848.7,0.0,0.002,none,undetermined,unknown
234,Uruguay,150,Netherlands (Kingdom of the),267,Sunflower seed,2007,11639.0,7.0,1662.714,43123.0,355.0,43478.0,0.268,0.0,none,undetermined,unknown
223,Türkiye,183,Romania,463,"Other vegetables, fresh n.e.c.",2020,2908.52,1.75,1662.011,596212.0,68.36,596280.36,0.005,0.0,none,undetermined,unknown
117,Republic of Korea,185,Russian Federation,1035,"Meat of pig with the bone, fresh or chilled",2001,1662.0,1.0,1662.0,927692.0,540.0,928232.0,0.002,0.0,none,undetermined,unknown
79,Germany,211,Switzerland,534,Peaches and nectarines,2013,1661.0,1.0,1661.0,782.46,287609.0,288391.46,0.006,0.0,none,undetermined,unknown
84,Greece,229,United Kingdom of Great Britain and Northern Ireland,531,Cherries,1995,2.0,3318.0,1659.0,49615.0,10.0,49625.0,0.0,0.067,none,undetermined,unknown
119,Latvia,185,Russian Federation,564,Wine,2020,82916.73,50.01,1658.003,2019.07,105343.59,107362.66,0.772,0.0,none,undetermined,unknown
68,France,231,United States of America,403,"Onions and shallots, dry (excluding dehydrated)",2013,1.0,1658.0,1658.0,315071.0,135834.0,450905.0,0.0,0.004,none,undetermined,unknown
21,Brazil,79,Germany,237,Soya bean oil,2005,21.0,34814.0,1657.81,5736000.0,3185.0,5739185.0,0.0,0.006,none,undetermined,unknown
185,Russian Federation,230,Ukraine,1058,"Meat of chickens, fresh or chilled",2016,30070.39,18.14,1657.684,4231982.0,214218.18,4446200.18,0.007,0.0,none,undetermined,unknown
106,Italy,167,Czechia,558,Other berries and fruits of the genus vaccinium n.e.c.,2006,1656.0,1.0,1656.0,67500.0,1813.0,69313.0,0.024,0.0,none,undetermined,unknown
211,Switzerland,68,France,900,"Whey, dry",2013,41394.0,25.0,1655.76,63000.0,7572.0,70572.0,0.587,0.0,none,undetermined,unknown
223,Türkiye,150,Netherlands (Kingdom of the),15,Wheat,1997,3306.0,2.0,1653.0,18650000.0,2549029.0,21199029.0,0.0,0.0,none,undetermined,unknown
106,Italy,229,United Kingdom of Great Britain and Northern Ireland,1242,Margarine and shortening,2010,3305.0,2.0,1652.5,125000.0,45546.0,170546.0,0.019,0.0,none,undetermined,unknown
106,Italy,174,Portugal,15,Wheat,2003,13209.0,8.0,1651.125,6229453.0,6986070.0,13215523.0,0.001,0.0,none,undetermined,unknown
210,Sweden,104,Ireland,75,Oats,2012,3302.0,2.0,1651.0,731200.0,13948.0,745148.0,0.004,0.0,none,undetermined,unknown
150,Netherlands (Kingdom of the),121,Lebanon,403,"Onions and shallots, dry (excluding dehydrated)",2002,1650.0,1.0,1650.0,816700.0,107235.0,923935.0,0.002,0.0,none,undetermined,unknown
10,Australia,84,Greece,987,"Shorn wool, greasy, including fleece-washed shorn wool",1991,3299.0,2.0,1649.5,1066100.0,371.0,1066471.0,0.003,0.0,none,undetermined,unknown
229,United Kingdom of Great Britain and Northern Ireland,210,Sweden,15,Wheat,2012,19794.0,12.0,1649.5,13261000.0,1784945.0,15045945.0,0.001,0.0,none,undetermined,unknown
171,Philippines,194,Saudi Arabia,619,"Other fruits, n.e.c.",2021,3.49,5755.3,1649.083,253474.53,7831.53,261306.06,0.0,0.022,none,undetermined,unknown
10,Australia,237,Viet Nam,176,"Beans, dry",2015,23780.67,14.43,1648.002,107500.0,9766.449999999999,117266.45,0.203,0.0,none,undetermined,unknown
102,Iran (Islamic Republic of),52,Azerbaijan,497,Lemons and limes,2010,2.0,3295.0,1647.5,368245.4,4627.0,372872.4,0.0,0.009,none,undetermined,unknown
10,Australia,216,Thailand,886,Butter of cow milk,2020,1.33,2187.13,1644.459,73168.0,33504.88,106672.88,0.0,0.021,none,undetermined,unknown
231,United States of America,200,Singapore,463,"Other vegetables, fresh n.e.c.",1990,1644.0,1.0,1644.0,1600000.0,132088.0,1732088.0,0.001,0.0,none,undetermined,unknown
202,South Africa,211,Switzerland,490,Oranges,1999,2.0,3287.0,1643.5,1153710.0,2631.0,1156341.0,0.0,0.003,none,undetermined,unknown
150,Netherlands (Kingdom of the),105,Israel,270,Rape or colza seed,2017,10.27,16871.8,1642.824,7894.0,1088297.76,1096191.76,0.0,0.015,none,undetermined,unknown
203,Spain,150,Netherlands (Kingdom of the),1242,Margarine and shortening,2015,1806.49,1.1,1642.264,104252.4,22880.0,127132.4,0.014,0.0,none,undetermined,unknown
79,Germany,174,Portugal,403,"Onions and shallots, dry (excluding dehydrated)",2019,1.06,1738.89,1640.462,607110.0,283332.26,890442.26,0.0,0.002,none,undetermined,unknown
203,Spain,54,Denmark,1080,"Meat of turkeys, fresh or chilled",2017,2753.96,1.68,1639.262,197886.69,37275.09,235161.78,0.012,0.0,none,undetermined,unknown
117,Republic of Korea,128,"China, Macao SAR",51,"Beer of barley, malted",2019,1.83,2999.48,1639.06,1799000.0,360131.36,2159131.36,0.0,0.001,none,undetermined,unknown
138,Mexico,33,Canada,463,"Other vegetables, fresh n.e.c.",1986,3.0,4915.0,1638.333,220982.0,2252.0,223234.0,0.0,0.022,none,undetermined,unknown
202,South Africa,79,Germany,564,Wine,2000,7.0,11464.0,1637.714,694917.0,7767.0,702684.0,0.0,0.016,none,undetermined,unknown
202,South Africa,11,Austria,490,Oranges,2002,1.0,1637.0,1637.0,1238334.0,457.0,1238791.0,0.0,0.001,none,undetermined,unknown
10,Australia,96,"China, Hong Kong SAR",603,"Other tropical fruits, n.e.c.",1994,1636.0,1.0,1636.0,4221.26,0.0,4221.26,0.388,0.0,none,undetermined,unknown
9,Argentina,150,Netherlands (Kingdom of the),271,"Rapeseed or canola oil, crude",2008,4907.0,3.0,1635.667,17809.0,1401.0,19210.0,0.255,0.0,none,undetermined,unknown
230,Ukraine,68,France,267,Sunflower seed,2004,20.0,32700.0,1635.0,3050100.0,3615.0,3053715.0,0.0,0.011,none,undetermined,unknown
171,Philippines,104,Ireland,252,Coconut oil,2008,3.0,4902.0,1634.0,1414361.6,6.0,1414367.6,0.0,0.003,none,undetermined,unknown
173,Poland,210,Sweden,162,Raw cane or beet sugar (centrifugal only),2016,2.59,4230.23,1633.293,2266000.0,145102.83000000002,2411102.83,0.0,0.002,none,undetermined,unknown
170,Peru,19,Bolivia (Plurinational State of),116,Potatoes,2013,13.0,21224.0,1632.615,4570673.0,0.0,4570673.0,0.0,0.005,none,undetermined,unknown
56,Dominican Republic,211,Switzerland,486,Bananas,2012,2.0,3265.0,1632.5,968552.93,0.0,968552.93,0.0,0.003,none,undetermined,unknown
210,Sweden,68,France,15,Wheat,2006,3261.0,2.0,1630.5,1967400.0,77825.0,2045225.0,0.002,0.0,none,undetermined,unknown
54,Denmark,210,Sweden,882,Raw milk of cattle,1995,1.0,1629.0,1629.0,4676000.0,4521.0,4680521.0,0.0,0.0,none,undetermined,unknown
109,Jamaica,104,Ireland,51,"Beer of barley, malted",2009,1629.0,1.0,1629.0,90000.0,459.0,90459.0,0.018,0.0,none,undetermined,unknown
223,Türkiye,198,Slovenia,490,Oranges,2003,70005.0,43.0,1628.023,1250000.0,41159.0,1291159.0,0.054,0.0,none,undetermined,unknown
237,Viet Nam,10,Australia,234,"Other nuts (excluding wild edible nuts and groundnuts), in shell, n.e.c.",2017,1999.91,1.23,1625.943,5873.74,2041.58,7915.32,0.253,0.0,none,undetermined,unknown
150,Netherlands (Kingdom of the),106,Italy,15,Wheat,2003,23.0,37384.0,1625.391,1130100.0,3022418.0,4152518.0,0.0,0.009,none,undetermined,unknown
230,Ukraine,149,Nepal,268,"Sunflower-seed oil, crude",2012,25.0,40631.0,1625.24,3803597.0,1483.0,3805080.0,0.0,0.011,none,undetermined,unknown
10,Australia,202,South Africa,75,Oats,2002,15.0,24366.0,1624.4,957104.0,25.0,957129.0,0.0,0.025,none,undetermined,unknown
146,Republic of Moldova,211,Switzerland,267,Sunflower seed,2016,46828.57,28.85,1623.174,677124.0,5644.23,682768.23,0.069,0.0,none,undetermined,unknown
255,Belgium,106,Italy,271,"Rapeseed or canola oil, crude",2003,2.0,3245.0,1622.5,191991.86,159851.0,351842.86,0.0,0.009,none,undetermined,unknown
255,Belgium,230,Ukraine,116,Potatoes,2014,1.2,1946.47,1622.058,4380556.0,1588268.67,5968824.67,0.0,0.0,none,undetermined,unknown
119,Latvia,150,Netherlands (Kingdom of the),270,Rape or colza seed,2018,3081.0,1.9,1621.579,231100.0,80639.54000000001,311739.54000000004,0.01,0.0,none,undetermined,unknown
54,Denmark,210,Sweden,1036,"Edible offal of pigs, fresh, chilled or frozen",2005,12965.0,8.0,1620.625,130620.4,15560.0,146180.4,0.089,0.0,none,undetermined,unknown
106,Italy,1,Armenia,237,Soya bean oil,2000,1.0,1620.0,1620.0,244840.0,11311.0,256151.0,0.0,0.006,none,undetermined,unknown
150,Netherlands (Kingdom of the),210,Sweden,334,Oil of linseed,2007,1.0,1620.0,1620.0,0.0,27593.0,27593.0,0.0,0.059,none,undetermined,unknown
210,Sweden,119,Latvia,116,Potatoes,2014,1.8,2915.1,1619.5,822100.0,57858.479999999996,879958.48,0.0,0.003,none,undetermined,unknown
131,Malaysia,79,Germany,252,Coconut oil,2003,3.0,4847.0,1615.667,39800.0,281887.0,321687.0,0.0,0.015,none,undetermined,unknown
165,Pakistan,194,Saudi Arabia,162,Raw cane or beet sugar (centrifugal only),2015,126017.0,78.0,1615.603,5114901.0,25.0,5114926.0,0.025,0.0,none,undetermined,unknown
203,Spain,50,Cyprus,534,Peaches and nectarines,2015,5490.9,3.4,1614.971,1581510.0,15547.84,1597057.84,0.003,0.0,none,undetermined,unknown
150,Netherlands (Kingdom of the),84,Greece,1080,"Meat of turkeys, fresh or chilled",2016,1.2,1937.4,1614.5,49801.68,20315.41,70117.09,0.0,0.028,none,undetermined,unknown
95,Honduras,231,United States of America,867,"Meat of cattle with the bone, fresh or chilled",1991,12915.0,8.0,1614.375,45060.0,2.0,45062.0,0.287,0.0,none,undetermined,unknown
41,"China, mainland",131,Malaysia,79,Millet,2012,2.0,3227.0,1613.5,1795500.0,0.0,1795500.0,0.0,0.002,none,undetermined,unknown
11,Austria,80,Bosnia and Herzegovina,162,Raw cane or beet sugar (centrifugal only),2006,1.0,1613.0,1613.0,407590.0,6132.0,413722.0,0.0,0.004,none,undetermined,unknown
54,Denmark,124,Libya,898,Skim milk and whey powder,1987,3.0,4839.0,1613.0,18200.0,280.0,18480.0,0.0,0.262,none,undetermined,unknown
100,India,16,Bangladesh,619,"Other fruits, n.e.c.",2005,6452.0,4.0,1613.0,5280900.0,580.0,5281480.0,0.001,0.0,none,undetermined,unknown
79,Germany,144,Mozambique,1058,"Meat of chickens, fresh or chilled",2016,25.0,40313.8,1612.552,999070.0,447256.8,1446326.8,0.0,0.028,none,undetermined,unknown
255,Belgium,104,Ireland,15,Wheat,2000,2.0,3220.0,1610.0,1687700.0,3581041.0,5268741.0,0.0,0.001,none,undetermined,unknown
100,India,221,Oman,15,Wheat,2011,35400.0,22.0,1609.091,86874000.0,25.0,86874025.0,0.0,0.0,none,undetermined,unknown
79,Germany,211,Switzerland,882,Raw milk of cattle,1996,1609.0,1.0,1609.0,28778862.0,212594.0,28991456.0,0.0,0.0,none,undetermined,unknown
184,Rwanda,29,Burundi,897,Whole milk powder,2013,1609.0,1.0,1609.0,6091.64,65.0,6156.64,0.261,0.0,none,undetermined,unknown
272,Serbia,97,Hungary,15,Wheat,2013,3.0,4823.0,1607.667,2690266.0,1212.0,2691478.0,0.0,0.002,none,undetermined,unknown
150,Netherlands (Kingdom of the),106,Italy,44,Barley,2017,1.38,2217.51,1606.891,204316.0,2072232.79,2276548.79,0.0,0.001,none,undetermined,unknown
54,Denmark,249,Yemen,898,Skim milk and whey powder,2003,3.0,4820.0,1606.667,43800.0,2986.0,46786.0,0.0,0.103,none,undetermined,unknown
129,Madagascar,68,France,619,"Other fruits, n.e.c.",2002,9.0,14435.0,1603.889,7376.27,0.0,7376.27,0.001,1.957,none,undetermined,unknown
79,Germany,105,Israel,162,Raw cane or beet sugar (centrifugal only),2001,2.0,3207.0,1603.5,4065620.0,14304.0,4079924.0,0.0,0.001,none,undetermined,unknown
150,Netherlands (Kingdom of the),84,Greece,56,Maize (corn),2012,3206.0,2.0,1603.0,191363.0,4027713.0,4219076.0,0.001,0.0,none,undetermined,unknown
11,Austria,106,Italy,97,Triticale,2003,1602.0,1.0,1602.0,168637.0,3081.0,171718.0,0.009,0.0,none,undetermined,unknown
126,Lithuania,108,Kazakhstan,1058,"Meat of chickens, fresh or chilled",2003,4806.0,3.0,1602.0,38784.0,21649.0,60433.0,0.08,0.0,none,undetermined,unknown
10,Australia,131,Malaysia,187,"Peas, dry",1987,9601.0,6.0,1600.167,486840.0,2058.0,488898.0,0.02,0.0,none,undetermined,unknown
33,Canada,59,Egypt,826,Unmanufactured tobacco,2020,9.64,15421.02,1599.691,27768.22,5212.68,32980.9,0.0,0.468,none,undetermined,unknown
229,United Kingdom of Great Britain and Northern Ireland,67,Finland,1225,Tallow,2007,1.0,1599.0,1599.0,139500.0,0.0,139500.0,0.0,0.011,none,undetermined,unknown
68,France,150,Netherlands (Kingdom of the),1242,Margarine and shortening,1999,3197.0,2.0,1598.5,89000.0,105900.0,194900.0,0.016,0.0,none,undetermined,unknown
53,Benin,32,Cameroon,256,Palm kernels,1995,1598.0,1.0,1598.0,18000.0,0.0,18000.0,0.089,0.0,none,undetermined,unknown
54,Denmark,150,Netherlands (Kingdom of the),1037,Fat of pigs,2012,2.0,3192.0,1596.0,100140.0,14855.0,114995.0,0.0,0.028,none,undetermined,unknown
100,India,18,Bhutan,44,Barley,2012,1596.0,1.0,1596.0,1620000.0,35181.0,1655181.0,0.001,0.0,none,undetermined,unknown
231,United States of America,165,Pakistan,1058,"Meat of chickens, fresh or chilled",2012,12766.0,8.0,1595.75,17035082.0,51506.0,17086588.0,0.001,0.0,none,undetermined,unknown
231,United States of America,181,Zimbabwe,176,"Beans, dry",2010,1595.0,1.0,1595.0,1442470.0,141941.0,1584411.0,0.001,0.0,none,undetermined,unknown
185,Russian Federation,230,Ukraine,1242,Margarine and shortening,2015,5891.3,3.7,1592.243,526433.0,5494.42,531927.42,0.011,0.0,none,undetermined,unknown
79,Germany,150,Netherlands (Kingdom of the),211,Other pulses n.e.c.,2004,1.0,1592.0,1592.0,19789.65,276.0,20065.65,0.0,0.079,none,undetermined,unknown
131,Malaysia,185,Russian Federation,1242,Margarine and shortening,2007,34999.0,22.0,1590.864,577200.0,4226.0,581426.0,0.06,0.0,none,undetermined,unknown
231,United States of America,229,United Kingdom of Great Britain and Northern Ireland,236,Soya beans,2017,111.72,177717.65,1590.742,120064970.0,667603.3099999999,120732573.31,0.0,0.001,none,undetermined,unknown
216,Thailand,110,Japan,108,Cereals n.e.c.,2003,4772.0,3.0,1590.667,70000.0,9101.0,79101.0,0.06,0.0,none,undetermined,unknown
58,Ecuador,112,Jordan,486,Bananas,2014,10816.45,6.8,1590.654,6756253.56,0.0,6756253.56,0.002,0.0,none,undetermined,unknown
150,Netherlands (Kingdom of the),131,Malaysia,237,Soya bean oil,1996,2.0,3180.0,1590.0,728200.0,21849.0,750049.0,0.0,0.004,none,undetermined,unknown
79,Germany,183,Romania,495,"Tangerines, mandarins, clementines",2018,3.6,5722.06,1589.461,0.0,363357.73,363357.73,0.0,0.016,none,undetermined,unknown
231,United States of America,173,Poland,826,Unmanufactured tobacco,2015,1.88,2985.59,1588.08,326210.0,152613.55,478823.55,0.0,0.006,none,undetermined,unknown
79,Germany,229,United Kingdom of Great Britain and Northern Ireland,165,Molasses,2000,2.0,3176.0,1588.0,838000.0,231615.0,1069615.0,0.0,0.003,none,undetermined,unknown
41,"China, mainland",117,Republic of Korea,165,Molasses,2008,3175.0,2.0,1587.5,4350000.0,0.0,4350000.0,0.001,0.0,none,undetermined,unknown
203,Spain,231,United States of America,984,"Cheese from milk of sheep, fresh or processed",2004,1.0,1586.0,1586.0,49100.0,556.0,49656.0,0.0,0.032,none,undetermined,unknown
56,Dominican Republic,162,Norway,489,Plantains and cooking bananas,2016,1966.37,1.24,1585.782,979684.66,353.24,980037.9,0.002,0.0,none,undetermined,unknown
100,India,2,Afghanistan,826,Unmanufactured tobacco,2017,4.2,6659.73,1585.65,744410.42,1484.35,745894.77,0.0,0.009,none,undetermined,unknown
54,Denmark,68,France,897,Whole milk powder,2007,1.0,1584.0,1584.0,92600.0,2749.0,95349.0,0.0,0.017,none,undetermined,unknown
41,"China, mainland",185,Russian Federation,603,"Other tropical fruits, n.e.c.",2018,2311.96,1.46,1583.534,3896988.42,602608.94,4499597.359999999,0.001,0.0,none,undetermined,unknown
101,Indonesia,106,Italy,836,Natural rubber in primary forms,2003,5.0,7917.0,1583.4,1792350.0,8566.0,1800916.0,0.0,0.004,none,undetermined,unknown
79,Germany,203,Spain,44,Barley,2012,9.0,14250.0,1583.333,10391300.0,1408891.0,11800191.0,0.0,0.001,none,undetermined,unknown
79,Germany,102,Iran (Islamic Republic of),897,Whole milk powder,2010,1583.0,1.0,1583.0,59530.0,35917.0,95447.0,0.017,0.0,none,undetermined,unknown
54,Denmark,68,France,15,Wheat,2001,47454.0,30.0,1581.8,4663938.0,225324.0,4889262.0,0.01,0.0,none,undetermined,unknown
41,"China, mainland",131,Malaysia,237,Soya bean oil,1999,4742.0,3.0,1580.667,1978400.0,802147.0,2780547.0,0.002,0.0,none,undetermined,unknown
171,Philippines,194,Saudi Arabia,619,"Other fruits, n.e.c.",2020,17.3,27339.34,1580.309,249043.77,6629.45,255673.22,0.0,0.107,none,undetermined,unknown
231,United States of America,33,Canada,486,Bananas,2018,574375.24,364.18,1577.174,3950.0,4778232.21,4782182.21,0.12,0.0,none,undetermined,unknown
203,Spain,150,Netherlands (Kingdom of the),268,"Sunflower-seed oil, crude",1992,6304.0,4.0,1576.0,485961.2,12786.0,498747.2,0.013,0.0,none,undetermined,unknown
15,Belgium-Luxembourg,11,Austria,403,"Onions and shallots, dry (excluding dehydrated)",1998,1574.0,1.0,1574.0,16000.0,126362.0,142362.0,0.011,0.0,none,undetermined,unknown
97,Hungary,105,Israel,15,Wheat,2018,139.3,219227.1,1573.777,5258430.0,149716.27,5408146.27,0.0,0.041,none,undetermined,unknown
58,Ecuador,185,Russian Federation,661,Cocoa beans,2017,1.46,2296.56,1572.986,205955.0,60.0,206015.0,0.0,0.011,none,undetermined,unknown
203,Spain,79,Germany,260,Olives,2001,3143.0,2.0,1571.5,6762600.0,151.0,6762751.0,0.0,0.0,none,undetermined,unknown
231,United States of America,89,Guatemala,75,Oats,2008,3.0,4714.0,1571.333,1307090.0,2168700.0,3475790.0,0.0,0.001,none,undetermined,unknown
229,United Kingdom of Great Britain and Northern Ireland,138,Mexico,897,Whole milk powder,1990,17.0,26710.0,1571.176,69591.0,2321.0,71912.0,0.0,0.371,none,undetermined,unknown
9,Argentina,223,Türkiye,56,Maize (corn),2018,39716.3,25.28,1571.056,43462323.0,6714.01,43469037.01,0.001,0.0,none,undetermined,unknown
229,United Kingdom of Great Britain and Northern Ireland,203,Spain,515,Apples,2015,4.2,6597.6,1570.857,459600.0,413639.13,873239.13,0.0,0.008,none,undetermined,unknown
216,Thailand,120,Lao People's Democratic Republic,497,Lemons and limes,2019,1569.31,1.0,1569.31,153375.0,2647.95,156022.95,0.01,0.0,none,undetermined,unknown
89,Guatemala,231,United States of America,619,"Other fruits, n.e.c.",1986,25108.0,16.0,1569.25,57900.0,102.0,58002.0,0.433,0.0,none,undetermined,unknown
73,Georgia,1,Armenia,490,Oranges,2019,2997.23,1.91,1569.23,2000.0,12169.85,14169.85,0.212,0.0,none,undetermined,unknown
231,United States of America,236,Venezuela (Bolivarian Republic of),897,Whole milk powder,1996,5.0,7844.0,1568.8,61000.0,2351.0,63351.0,0.0,0.124,none,undetermined,unknown
79,Germany,126,Lithuania,237,Soya bean oil,2012,1568.0,1.0,1568.0,603300.0,70245.0,673545.0,0.002,0.0,none,undetermined,unknown
202,South Africa,215,United Republic of Tanzania,237,Soya bean oil,2012,3.0,4704.0,1568.0,71900.0,197939.0,269839.0,0.0,0.017,none,undetermined,unknown
231,United States of America,211,Switzerland,900,"Whey, dry",2021,1.11,1740.01,1567.577,404602.0,8933.98,413535.98,0.0,0.004,none,undetermined,unknown
229,United Kingdom of Great Britain and Northern Ireland,150,Netherlands (Kingdom of the),888,Skim milk of cows,2021,1661.57,1.06,1567.519,3600217.52,20945.45,3621162.97,0.0,0.0,none,undetermined,unknown
150,Netherlands (Kingdom of the),203,Spain,75,Oats,2012,3135.0,2.0,1567.5,10380.0,39341.0,49721.0,0.063,0.0,none,undetermined,unknown
165,Pakistan,229,United Kingdom of Great Britain and Northern Ireland,619,"Other fruits, n.e.c.",1994,4699.0,3.0,1566.333,273339.0,2698.0,276037.0,0.017,0.0,none,undetermined,unknown
41,"China, mainland",131,Malaysia,577,Dates,2011,2.0,3131.0,1565.5,148602.16,20344.0,168946.16,0.0,0.019,none,undetermined,unknown
84,Greece,15,Belgium-Luxembourg,56,Maize (corn),1993,7.0,10956.0,1565.143,2097336.9,217858.0,2315194.9,0.0,0.005,none,undetermined,unknown
173,Poland,84,Greece,888,Skim milk of cows,2014,2.1,3286.3,1564.905,3935035.65,17350.72,3952386.37,0.0,0.001,none,undetermined,unknown
89,Guatemala,231,United States of America,420,"Broad beans and horse beans, green",2017,3442.36,2.2,1564.709,26034.81,0.26,26035.07,0.132,0.0,none,undetermined,unknown
200,Singapore,131,Malaysia,258,Oil of palm kernel,2007,3.0,4693.0,1564.333,0.0,4738.0,4738.0,0.001,0.991,none,undetermined,unknown
27,Bulgaria,84,Greece,534,Peaches and nectarines,2015,1.3,2033.5,1564.231,35334.0,18366.5,53700.5,0.0,0.038,none,undetermined,unknown
54,Denmark,223,Türkiye,1242,Margarine and shortening,2006,1564.0,1.0,1564.0,180000.0,16855.0,196855.0,0.008,0.0,none,undetermined,unknown
56,Dominican Republic,211,Switzerland,489,Plantains and cooking bananas,2015,6518.35,4.17,1563.153,895337.7,673.1999999999999,896010.8999999999,0.007,0.0,none,undetermined,unknown
251,Zambia,215,United Republic of Tanzania,165,Molasses,2018,2.13,3328.76,1562.798,140000.0,33.67,140033.67,0.0,0.024,none,undetermined,unknown
231,United States of America,211,Switzerland,372,Lettuce and chicory,1995,1562.0,1.0,1562.0,3663000.0,36317.0,3699317.0,0.0,0.0,none,undetermined,unknown
210,Sweden,162,Norway,358,Cabbages,2005,1560.0,1.0,1560.0,15557.0,31866.0,47423.0,0.033,0.0,none,undetermined,unknown
100,India,150,Netherlands (Kingdom of the),571,"Mangoes, guavas and mangosteens",2009,21835.0,14.0,1559.643,17296700.0,31.0,17296731.0,0.001,0.0,none,undetermined,unknown
229,United Kingdom of Great Britain and Northern Ireland,68,France,521,Pears,2010,1.0,1559.0,1559.0,32800.0,130134.0,162934.0,0.0,0.01,none,undetermined,unknown
229,United Kingdom of Great Britain and Northern Ireland,210,Sweden,900,"Whey, dry",2003,1559.0,1.0,1559.0,56000.0,26473.0,82473.0,0.019,0.0,none,undetermined,unknown
89,Guatemala,60,El Salvador,420,"Broad beans and horse beans, green",1996,1558.0,1.0,1558.0,5644.65,0.0,5644.65,0.276,0.0,none,undetermined,unknown
216,Thailand,115,Cambodia,162,Raw cane or beet sugar (centrifugal only),2018,1.49,2319.89,1556.973,15435456.0,14.389999999999999,15435470.39,0.0,0.0,none,undetermined,unknown
231,United States of America,44,Colombia,1035,"Meat of pig with the bone, fresh or chilled",1999,4668.0,3.0,1556.0,8757064.71,266276.0,9023340.71,0.001,0.0,none,undetermined,unknown
215,United Republic of Tanzania,114,Kenya,667,Tea leaves,2007,20225.0,13.0,1555.769,136000.0,10.0,136010.0,0.149,0.0,none,undetermined,unknown
79,Germany,203,Spain,252,Coconut oil,2005,4.0,6223.0,1555.75,27700.0,338462.0,366162.0,0.0,0.017,none,undetermined,unknown
104,Ireland,210,Sweden,868,"Edible offal of cattle, fresh, chilled or frozen",2013,7769.0,5.0,1553.8,79630.77,342.0,79972.77,0.097,0.0,none,undetermined,unknown
48,Costa Rica,231,United States of America,156,Sugar cane,2021,1553.16,1.0,1553.16,3995020.0,108.75,3995128.75,0.0,0.0,none,undetermined,unknown
170,Peru,110,Japan,486,Bananas,2010,5.0,7760.0,1552.0,2007284.0,0.0,2007284.0,0.0,0.004,none,undetermined,unknown
68,France,84,Greece,888,Skim milk of cows,2012,3.0,4655.0,1551.667,9269770.11,76403.0,9346173.11,0.0,0.0,none,undetermined,unknown
58,Ecuador,68,France,574,Pineapples,2015,5.0,7747.9,1549.58,263520.53,38.98,263559.51,0.0,0.029,none,undetermined,unknown
100,India,156,New Zealand,56,Maize (corn),2008,1548.0,1.0,1548.0,17969200.0,7280.0,17976480.0,0.0,0.0,none,undetermined,unknown
129,Madagascar,68,France,619,"Other fruits, n.e.c.",2003,9.0,13929.0,1547.667,7558.09,0.0,7558.09,0.001,1.843,none,undetermined,unknown
231,United States of America,44,Colombia,176,"Beans, dry",1995,1547.0,1.0,1547.0,1392000.0,35358.0,1427358.0,0.001,0.0,none,undetermined,unknown
150,Netherlands (Kingdom of the),203,Spain,56,Maize (corn),2010,19.0,29392.0,1546.947,196903.0,2911583.0,3108486.0,0.0,0.009,none,undetermined,unknown
100,India,223,Türkiye,813,"Coir, raw",2014,4717.22,3.05,1546.63,553945.0,294.51,554239.51,0.009,0.0,none,undetermined,unknown
165,Pakistan,194,Saudi Arabia,165,Molasses,2010,15.0,23180.0,1545.333,1558000.0,41.0,1558041.0,0.0,0.015,none,undetermined,unknown
79,Germany,203,Spain,97,Triticale,2015,24.0,37081.9,1545.079,2598300.0,422711.5,3021011.5,0.0,0.012,none,undetermined,unknown
59,Egypt,150,Netherlands (Kingdom of the),414,"Other beans, green",2009,2.0,3090.0,1545.0,282297.0,0.0,282297.0,0.0,0.011,none,undetermined,unknown
231,United States of America,214,"China, Taiwan Province of",564,Wine,2009,1545.0,1.0,1545.0,2730000.0,926884.0,3656884.0,0.0,0.0,none,undetermined,unknown
97,Hungary,150,Netherlands (Kingdom of the),888,Skim milk of cows,2017,2749.76,1.78,1544.809,261529.04,1726.53,263255.57,0.01,0.0,none,undetermined,unknown
150,Netherlands (Kingdom of the),104,Ireland,15,Wheat,1998,18497.0,12.0,1541.417,1072000.0,2638901.0,3710901.0,0.005,0.0,none,undetermined,unknown
231,United States of America,185,Russian Federation,1035,"Meat of pig with the bone, fresh or chilled",2013,1.0,1540.0,1540.0,10524534.84,75050.0,10599584.84,0.0,0.0,none,undetermined,unknown
114,Kenya,211,Switzerland,667,Tea leaves,2017,2153.34,1.4,1538.1,1912000.0,8551.02,1920551.02,0.001,0.0,none,undetermined,unknown
68,France,162,Norway,567,Watermelons,2013,1538.0,1.0,1538.0,14150.0,108417.0,122567.0,0.013,0.0,none,undetermined,unknown
101,Indonesia,138,Mexico,252,Coconut oil,2005,1.0,1536.0,1536.0,767600.0,6949.0,774549.0,0.0,0.002,none,undetermined,unknown
106,Italy,11,Austria,333,Linseed,2003,1.0,1536.0,1536.0,2000.0,14153.0,16153.0,0.0,0.095,none,undetermined,unknown
68,France,4,Algeria,56,Maize (corn),1999,21.0,32247.0,1535.571,15354734.8,241044.0,15595778.8,0.0,0.002,none,undetermined,unknown
79,Germany,11,Austria,258,Oil of palm kernel,1999,2.0,3068.0,1534.0,35.0,210724.0,210759.0,0.0,0.015,none,undetermined,unknown
84,Greece,68,France,261,Olive oil,1994,1533.0,1.0,1533.0,299686.0,4762.0,304448.0,0.005,0.0,none,undetermined,unknown
100,India,149,Nepal,201,"Lentils, dry",2009,21.0,32183.0,1532.524,953300.0,288078.0,1241378.0,0.0,0.026,none,undetermined,unknown
21,Brazil,19,Bolivia (Plurinational State of),51,"Beer of barley, malted",2006,6130.0,4.0,1532.5,9360000.0,6318.0,9366318.0,0.001,0.0,none,undetermined,unknown
68,France,231,United States of America,885,"Cream, fresh",2005,2.0,3065.0,1532.5,339000.0,89433.0,428433.0,0.0,0.007,none,undetermined,unknown
150,Netherlands (Kingdom of the),105,Israel,237,Soya bean oil,2017,1.7,2604.03,1531.782,572100.0,102060.29000000001,674160.29,0.0,0.004,none,undetermined,unknown
48,Costa Rica,95,Honduras,486,Bananas,1998,15315.0,10.0,1531.5,2101120.0,1589.0,2102709.0,0.007,0.0,none,undetermined,unknown
126,Lithuania,185,Russian Federation,397,Cucumbers and gherkins,2007,3062.0,2.0,1531.0,7471.0,8710.0,16181.0,0.189,0.0,none,undetermined,unknown
231,United States of America,32,Cameroon,56,Maize (corn),2016,1974.47,1.29,1530.597,412262180.0,1632109.4100000001,413894289.41,0.0,0.0,none,undetermined,unknown
203,Spain,68,France,826,Unmanufactured tobacco,2020,2494.8,1.63,1530.552,24530.0,2631.39,27161.39,0.092,0.0,none,undetermined,unknown
59,Egypt,194,Saudi Arabia,162,Raw cane or beet sugar (centrifugal only),2001,4588.0,3.0,1529.333,1586000.0,189894.0,1775894.0,0.003,0.0,none,undetermined,unknown
150,Netherlands (Kingdom of the),203,Spain,165,Molasses,2004,2.0,3056.0,1528.0,231000.0,454345.0,685345.0,0.0,0.004,none,undetermined,unknown
181,Zimbabwe,150,Netherlands (Kingdom of the),826,Unmanufactured tobacco,2018,1.51,2306.95,1527.781,239906.0,7998.53,247904.53,0.0,0.009,none,undetermined,unknown
229,United Kingdom of Great Britain and Northern Ireland,203,Spain,268,"Sunflower-seed oil, crude",1998,2.0,3055.0,1527.5,18300.0,90196.0,108496.0,0.0,0.028,none,undetermined,unknown
231,United States of America,138,Mexico,162,Raw cane or beet sugar (centrifugal only),2011,200093.0,131.0,1527.427,7393690.0,2174020.0,9567710.0,0.021,0.0,none,undetermined,unknown
150,Netherlands (Kingdom of the),162,Norway,165,Molasses,2006,1.0,1527.0,1527.0,230000.0,302436.0,532436.0,0.0,0.003,none,undetermined,unknown
117,Republic of Korea,128,"China, Macao SAR",51,"Beer of barley, malted",2020,1.26,1922.92,1526.127,1900000.0,277930.47000000003,2177930.47,0.0,0.001,none,undetermined,unknown
154,North Macedonia,79,Germany,564,Wine,2008,23.0,35097.0,1525.957,92435.0,70.0,92505.0,0.0,0.379,none,undetermined,unknown
102,Iran (Islamic Republic of),52,Azerbaijan,358,Cabbages,2001,3051.0,2.0,1525.5,217379.1,0.0,217379.1,0.014,0.0,none,undetermined,unknown
33,Canada,229,United Kingdom of Great Britain and Northern Ireland,463,"Other vegetables, fresh n.e.c.",1999,1525.0,1.0,1525.0,142110.0,131260.0,273370.0,0.006,0.0,none,undetermined,unknown
68,France,133,Mali,261,Olive oil,2004,4.0,6099.0,1524.75,3400.0,99241.0,102641.0,0.0,0.059,none,undetermined,unknown
62,Ethiopia PDR,231,United States of America,656,"Coffee, green",1989,17.0,25905.0,1523.824,200000.0,0.0,200000.0,0.0,0.13,none,undetermined,unknown
138,Mexico,33,Canada,544,Strawberries,2008,2.0,3047.0,1523.5,207485.0,24926.0,232411.0,0.0,0.013,none,undetermined,unknown
100,India,101,Indonesia,242,"Groundnuts, excluding shelled",2012,38.0,57882.0,1523.211,5024979.0,0.0,5024979.0,0.0,0.012,none,undetermined,unknown
203,Spain,68,France,897,Whole milk powder,1998,1523.0,1.0,1523.0,12600.0,10131.0,22731.0,0.067,0.0,none,undetermined,unknown
238,Ethiopia,105,Israel,108,Cereals n.e.c.,2008,3.0,4569.0,1523.0,2565155.0,0.0,2565155.0,0.0,0.002,none,undetermined,unknown
231,United States of America,165,Pakistan,1058,"Meat of chickens, fresh or chilled",2017,22155.9,14.55,1522.742,19140570.0,58075.28,19198645.28,0.001,0.0,none,undetermined,unknown
54,Denmark,110,Japan,1035,"Meat of pig with the bone, fresh or chilled",1993,93.0,141604.0,1522.624,1503700.0,547.0,1504247.0,0.0,0.094,none,undetermined,unknown
150,Netherlands (Kingdom of the),162,Norway,116,Potatoes,2020,7991.91,5.25,1522.269,7020060.0,1651026.32,8671086.32,0.001,0.0,none,undetermined,unknown
214,"China, Taiwan Province of",110,Japan,420,"Broad beans and horse beans, green",1996,2.0,3043.0,1521.5,64632.0,49.0,64681.0,0.0,0.047,none,undetermined,unknown
9,Argentina,150,Netherlands (Kingdom of the),1225,Tallow,2001,1521.0,1.0,1521.0,143500.0,15299.0,158799.0,0.01,0.0,none,undetermined,unknown
131,Malaysia,33,Canada,258,Oil of palm kernel,2016,4.86,7391.12,1520.807,1959423.0,223233.77000000002,2182656.77,0.0,0.003,none,undetermined,unknown
173,Poland,210,Sweden,1062,"Hen eggs in shell, fresh",2014,1824.92,1.2,1520.767,570195.0,22233.1,592428.1,0.003,0.0,none,undetermined,unknown
150,Netherlands (Kingdom of the),162,Norway,252,Coconut oil,2015,1.0,1519.36,1519.36,0.0,259275.13999999998,259275.13999999998,0.0,0.006,none,undetermined,unknown
200,Singapore,28,Myanmar,889,"Whole milk, condensed",2016,7.71,11712.27,1519.101,57237.0,7588.629999999999,64825.63,0.0,0.181,none,undetermined,unknown
150,Netherlands (Kingdom of the),211,Switzerland,271,"Rapeseed or canola oil, crude",1998,6075.0,4.0,1518.75,90800.0,283790.0,374590.0,0.016,0.0,none,undetermined,unknown
68,France,211,Switzerland,888,Skim milk of cows,2007,15.0,22762.0,1517.467,10899600.0,93021.0,10992621.0,0.0,0.002,none,undetermined,unknown
40,Chile,33,Canada,536,Plums and sloes,1988,2.0,3033.0,1516.5,85000.0,0.0,85000.0,0.0,0.036,none,undetermined,unknown
166,Panama,231,United States of America,619,"Other fruits, n.e.c.",1986,7582.0,5.0,1516.4,7478.0,40.0,7518.0,1.009,0.001,none,undetermined,unknown
100,India,10,Australia,165,Molasses,2007,24262.0,16.0,1516.375,13089000.0,31970.0,13120970.0,0.002,0.0,none,undetermined,unknown
106,Italy,211,Switzerland,885,"Cream, fresh",2011,1.0,1516.0,1516.0,181040.0,111756.0,292796.0,0.0,0.005,none,undetermined,unknown
106,Italy,79,Germany,211,Other pulses n.e.c.,2010,6062.0,4.0,1515.5,4000.0,6157.0,10157.0,0.597,0.0,none,undetermined,unknown
170,Peru,33,Canada,619,"Other fruits, n.e.c.",2020,1.22,1848.68,1515.311,129551.84,0.0,129551.84,0.0,0.014,none,undetermined,unknown
216,Thailand,101,Indonesia,512,"Other citrus fruit, n.e.c.",2004,1515.0,1.0,1515.0,10000.0,21.0,10021.0,0.151,0.0,none,undetermined,unknown
100,India,215,United Republic of Tanzania,187,"Peas, dry",2005,6054.0,4.0,1513.5,785600.0,810069.0,1595669.0,0.004,0.0,none,undetermined,unknown
150,Netherlands (Kingdom of the),102,Iran (Islamic Republic of),237,Soya bean oil,2017,64.29,97250.07,1512.678,572100.0,102060.29000000001,674160.29,0.0,0.144,none,undetermined,unknown
203,Spain,68,France,889,"Whole milk, condensed",2005,1.0,1511.0,1511.0,28000.0,4658.0,32658.0,0.0,0.046,none,undetermined,unknown
255,Belgium,104,Ireland,56,Maize (corn),2011,2.0,3021.0,1510.5,859692.0,1242226.0,2101918.0,0.0,0.001,none,undetermined,unknown
215,United Republic of Tanzania,200,Singapore,661,Cocoa beans,2021,2.04,3080.95,1510.27,14000.0,1.6400000000000001,14001.64,0.0,0.22,none,undetermined,unknown
41,"China, mainland",33,Canada,339,"Other oil seeds, n.e.c.",2001,1.0,1510.0,1510.0,824731.0,27629.0,852360.0,0.0,0.002,none,undetermined,unknown
44,Colombia,229,United Kingdom of Great Britain and Northern Ireland,486,Bananas,1989,14.0,21136.0,1509.714,1241920.0,75.0,1241995.0,0.0,0.017,none,undetermined,unknown
223,Türkiye,198,Slovenia,403,"Onions and shallots, dry (excluding dehydrated)",2004,30192.0,20.0,1509.6,2040000.0,72.0,2040072.0,0.015,0.0,none,undetermined,unknown
79,Germany,202,South Africa,44,Barley,2014,2.0,3018.0,1509.0,11562800.0,1199634.1,12762434.1,0.0,0.0,none,undetermined,unknown
231,United States of America,79,Germany,237,Soya bean oil,1995,6034.0,4.0,1508.5,7082000.0,36268.0,7118268.0,0.001,0.0,none,undetermined,unknown
68,France,195,Senegal,56,Maize (corn),2005,1.0,1508.0,1508.0,13689322.4,257319.0,13946641.4,0.0,0.0,none,undetermined,unknown
44,Colombia,150,Netherlands (Kingdom of the),661,Cocoa beans,1993,1507.0,1.0,1507.0,57472.0,0.0,57472.0,0.026,0.0,none,undetermined,unknown
231,United States of America,110,Japan,897,Whole milk powder,2007,3013.0,2.0,1506.5,14400.0,21972.0,36372.0,0.083,0.0,none,undetermined,unknown
59,Egypt,194,Saudi Arabia,512,"Other citrus fruit, n.e.c.",2013,1.0,1506.0,1506.0,5280.02,0.0,5280.02,0.0,0.285,none,undetermined,unknown
84,Greece,79,Germany,15,Wheat,2001,1.0,1506.0,1506.0,2196642.94,745020.0,2941662.94,0.0,0.001,none,undetermined,unknown
138,Mexico,33,Canada,397,Cucumbers and gherkins,1986,7.0,10536.0,1505.143,250000.0,0.0,250000.0,0.0,0.042,none,undetermined,unknown
10,Australia,156,New Zealand,162,Raw cane or beet sugar (centrifugal only),2002,165.0,248335.0,1505.061,4987000.0,4530.0,4991530.0,0.0,0.05,none,undetermined,unknown
100,India,33,Canada,397,Cucumbers and gherkins,2001,3010.0,2.0,1505.0,290988.13,0.0,290988.13,0.01,0.0,none,undetermined,unknown
143,Morocco,106,Italy,463,"Other vegetables, fresh n.e.c.",2001,2.0,3010.0,1505.0,345550.0,11.0,345561.0,0.0,0.009,none,undetermined,unknown
210,Sweden,173,Poland,162,Raw cane or beet sugar (centrifugal only),2009,18044.0,12.0,1503.667,438000.0,18124.0,456124.0,0.04,0.0,none,undetermined,unknown
84,Greece,154,North Macedonia,560,Grapes,2001,3007.0,2.0,1503.5,724008.13,2859.0,726867.13,0.004,0.0,none,undetermined,unknown
41,"China, mainland",101,Indonesia,463,"Other vegetables, fresh n.e.c.",2010,23.0,34575.0,1503.261,152880000.0,584.0,152880584.0,0.0,0.0,none,undetermined,unknown
156,New Zealand,150,Netherlands (Kingdom of the),900,"Whey, dry",2020,1.2,1803.16,1502.633,29479.94,20911.809999999998,50391.75,0.0,0.036,none,undetermined,unknown
225,United Arab Emirates,118,Kuwait,426,Carrots and turnips,2020,6310.75,4.2,1502.56,71.0,80808.93000000001,80879.93000000001,0.078,0.0,none,undetermined,unknown
146,Republic of Moldova,230,Ukraine,56,Maize (corn),2014,33247.76,22.13,1502.384,1556230.0,1719.6100000000001,1557949.61,0.021,0.0,none,undetermined,unknown
9,Argentina,236,Venezuela (Bolivarian Republic of),267,Sunflower seed,1989,1502.0,1.0,1502.0,3200000.0,0.0,3200000.0,0.0,0.0,none,undetermined,unknown
63,Estonia,79,Germany,882,Raw milk of cattle,2005,1.0,1502.0,1502.0,669969.0,210.0,670179.0,0.0,0.002,none,undetermined,unknown
106,Italy,174,Portugal,51,"Beer of barley, malted",2001,1502.0,1.0,1502.0,1137300.0,441437.0,1578737.0,0.001,0.0,none,undetermined,unknown
231,United States of America,150,Netherlands (Kingdom of the),334,Oil of linseed,1998,1502.0,1.0,1502.0,101600.0,4307.0,105907.0,0.014,0.0,none,undetermined,unknown
106,Italy,134,Malta,15,Wheat,2008,3003.0,2.0,1501.5,8855440.0,5443043.0,14298483.0,0.0,0.0,none,undetermined,unknown
101,Indonesia,156,New Zealand,258,Oil of palm kernel,2002,1501.0,1.0,1501.0,972300.0,2377.0,974677.0,0.002,0.0,none,undetermined,unknown
171,Philippines,210,Sweden,252,Coconut oil,2011,1.0,1501.0,1501.0,1136700.0,239.0,1136939.0,0.0,0.001,none,undetermined,unknown
68,France,173,Poland,237,Soya bean oil,2011,2.0,3001.0,1500.5,121590.98,404046.0,525636.98,0.0,0.006,none,undetermined,unknown
95,Honduras,231,United States of America,867,"Meat of cattle with the bone, fresh or chilled",1993,3001.0,2.0,1500.5,44500.0,45.0,44545.0,0.067,0.0,none,undetermined,unknown
21,Brazil,221,Oman,237,Soya bean oil,2010,3000.0,2.0,1500.0,6928000.0,16256.0,6944256.0,0.0,0.0,none,undetermined,unknown
54,Denmark,68,France,44,Barley,1999,3000.0,2.0,1500.0,3674621.0,107564.0,3782185.0,0.001,0.0,none,undetermined,unknown
79,Germany,4,Algeria,162,Raw cane or beet sugar (centrifugal only),1999,2.0,3000.0,1500.0,4784000.0,13705.0,4797705.0,0.0,0.001,none,undetermined,unknown
150,Netherlands (Kingdom of the),174,Portugal,237,Soya bean oil,1998,2.0,3000.0,1500.0,777100.0,125803.0,902903.0,0.0,0.003,none,undetermined,unknown
185,Russian Federation,108,Kazakhstan,619,"Other fruits, n.e.c.",2012,1.0,1500.0,1500.0,800.0,74119.0,74919.0,0.0,0.02,none,undetermined,unknown
96,"China, Hong Kong SAR",128,"China, Macao SAR",1036,"Edible offal of pigs, fresh, chilled or frozen",2014,2249.05,1.5,1499.367,9905.06,479101.35,489006.41,0.005,0.0,none,undetermined,unknown
41,"China, mainland",217,Togo,667,Tea leaves,2001,2998.0,2.0,1499.0,3051000.0,1687.0,3052687.0,0.001,0.0,none,undetermined,unknown
11,Austria,106,Italy,1043,"Pig fat, rendered",2011,5993.0,4.0,1498.25,77581.0,2833.0,80414.0,0.075,0.0,none,undetermined,unknown
150,Netherlands (Kingdom of the),131,Malaysia,237,Soya bean oil,1991,2.0,2996.0,1498.0,608700.0,31240.0,639940.0,0.0,0.005,none,undetermined,unknown
171,Philippines,101,Indonesia,403,"Onions and shallots, dry (excluding dehydrated)",2003,28432.0,19.0,1496.421,93842.0,0.0,93842.0,0.303,0.0,none,undetermined,unknown
100,India,149,Nepal,270,Rape or colza seed,2018,3.51,5250.75,1495.94,8429850.0,0.0,8429850.0,0.0,0.001,none,undetermined,unknown
9,Argentina,169,Paraguay,406,Green garlic,2008,1.0,1495.0,1495.0,144504.2,58.0,144562.2,0.0,0.01,none,undetermined,unknown
48,Costa Rica,33,Canada,619,"Other fruits, n.e.c.",2000,1.0,1495.0,1495.0,151000.0,1018.0,152018.0,0.0,0.01,none,undetermined,unknown
272,Serbia,183,Romania,15,Wheat,2016,531839.08,355.92,1494.266,2884537.0,630.35,2885167.35,0.184,0.0,none,undetermined,unknown
223,Türkiye,194,Saudi Arabia,572,Avocados,2016,1.34,2002.0,1494.03,1950.0,609.59,2559.59,0.001,0.782,none,undetermined,unknown
97,Hungary,96,"China, Hong Kong SAR",1069,"Meat of ducks, fresh or chilled",2001,1.0,1494.0,1494.0,45454.0,0.0,45454.0,0.0,0.033,none,undetermined,unknown
106,Italy,198,Slovenia,15,Wheat,2006,6.0,8960.0,1493.333,7181720.0,7162387.0,14344107.0,0.0,0.001,none,undetermined,unknown
138,Mexico,229,United Kingdom of Great Britain and Northern Ireland,367,Asparagus,2011,1.0,1492.0,1492.0,104569.07,613.0,105182.07,0.0,0.014,none,undetermined,unknown
9,Argentina,41,"China, mainland",56,Maize (corn),2008,7458.0,5.0,1491.6,22016926.0,5833.0,22022759.0,0.0,0.0,none,undetermined,unknown
63,Estonia,119,Latvia,71,Rye,2006,1491.0,1.0,1491.0,17830.0,10700.0,28530.0,0.052,0.0,none,undetermined,unknown
59,Egypt,124,Libya,56,Maize (corn),2003,13.0,19381.0,1490.846,6530427.0,4052620.0,10583047.0,0.0,0.002,none,undetermined,unknown
167,Czechia,210,Sweden,339,"Other oil seeds, n.e.c.",2016,1996.55,1.34,1489.963,1549.0,3051.8199999999997,4600.82,0.434,0.0,none,undetermined,unknown
100,India,110,Japan,813,"Coir, raw",2017,4468.41,3.0,1489.47,567349.83,168.18,567518.01,0.008,0.0,none,undetermined,unknown
44,Colombia,33,Canada,489,Plantains and cooking bananas,2018,1.74,2591.55,1489.397,1906453.0,17333.88,1923786.88,0.0,0.001,none,undetermined,unknown
106,Italy,229,United Kingdom of Great Britain and Northern Ireland,897,Whole milk powder,2000,1487.0,1.0,1487.0,200.0,19101.0,19301.0,0.077,0.0,none,undetermined,unknown
200,Singapore,101,Indonesia,51,"Beer of barley, malted",2009,11887.0,8.0,1485.875,100000.0,82224.0,182224.0,0.065,0.0,none,undetermined,unknown
126,Lithuania,210,Sweden,15,Wheat,2002,1.0,1484.0,1484.0,1217600.0,78137.0,1295737.0,0.0,0.001,none,undetermined,unknown
231,United States of America,68,France,60,Oil of maize,1987,1.0,1483.0,1483.0,635000.0,64.0,635064.0,0.0,0.002,none,undetermined,unknown
216,Thailand,156,New Zealand,162,Raw cane or beet sugar (centrifugal only),2010,2965.0,2.0,1482.5,6928713.0,760.0,6929473.0,0.0,0.0,none,undetermined,unknown
100,India,13,Bahrain,236,Soya beans,2010,8.0,11854.0,1481.75,12733697.0,5.0,12733702.0,0.0,0.001,none,undetermined,unknown
10,Australia,101,Indonesia,162,Raw cane or beet sugar (centrifugal only),2002,45.0,66640.0,1480.889,4987000.0,4530.0,4991530.0,0.0,0.013,none,undetermined,unknown
48,Costa Rica,33,Canada,486,Bananas,2016,82.68,122419.05,1480.637,2417876.0,7984.46,2425860.46,0.0,0.05,none,undetermined,unknown
100,India,223,Türkiye,813,"Coir, raw",2015,5994.7,4.05,1480.173,560480.0,33.52,560513.52,0.011,0.0,none,undetermined,unknown
222,Tunisia,68,France,689,"Chillies and peppers, dry (Capsicum spp., Pimenta spp.), raw",1992,1480.0,1.0,1480.0,7000.0,0.0,7000.0,0.211,0.0,none,undetermined,unknown
184,Rwanda,229,United Kingdom of Great Britain and Northern Ireland,667,Tea leaves,2016,1.41,2085.74,1479.248,111000.0,253.46,111253.46,0.0,0.019,none,undetermined,unknown
215,United Republic of Tanzania,110,Japan,826,Unmanufactured tobacco,2011,1.0,1479.0,1479.0,130000.0,3024.0,133024.0,0.0,0.011,none,undetermined,unknown
223,Türkiye,73,Georgia,560,Grapes,2006,4436.0,3.0,1478.667,4000063.0,416.0,4000479.0,0.001,0.0,none,undetermined,unknown
107,Côte d'Ivoire,106,Italy,486,Bananas,2011,20691.0,14.0,1477.929,302500.0,0.0,302500.0,0.068,0.0,none,undetermined,unknown
216,Thailand,131,Malaysia,689,"Chillies and peppers, dry (Capsicum spp., Pimenta spp.), raw",1986,3.0,4428.0,1476.0,35000.0,2147.0,37147.0,0.0,0.119,none,undetermined,unknown
48,Costa Rica,33,Canada,162,Raw cane or beet sugar (centrifugal only),2018,28799.4,19.52,1475.379,431109.0,322.26,431431.26,0.067,0.0,none,undetermined,unknown
79,Germany,203,Spain,44,Barley,2018,56.43,83245.83,1475.205,9583600.0,1280020.3699999999,10863620.37,0.0,0.008,none,undetermined,unknown
231,United States of America,138,Mexico,897,Whole milk powder,1998,35394.0,24.0,1474.75,64650.0,6719.0,71369.0,0.496,0.0,none,undetermined,unknown
68,France,200,Singapore,271,"Rapeseed or canola oil, crude",2014,1828.3,1.24,1474.435,2044000.0,143377.41999999998,2187377.42,0.001,0.0,none,undetermined,unknown
97,Hungary,79,Germany,271,"Rapeseed or canola oil, crude",2016,2.43,3580.75,1473.56,105000.0,41087.8,146087.8,0.0,0.025,none,undetermined,unknown
104,Ireland,229,United Kingdom of Great Britain and Northern Ireland,869,"Cattle fat, unrendered",2012,11.0,16192.0,1472.0,43823.85,21.0,43844.85,0.0,0.369,none,undetermined,unknown
106,Italy,54,Denmark,27,Rice,2014,1.02,1501.4,1471.961,1386100.0,17856.75,1403956.75,0.0,0.001,none,undetermined,unknown
129,Madagascar,68,France,619,"Other fruits, n.e.c.",2017,5.7,8388.02,1471.582,12500.0,3.16,12503.16,0.0,0.671,none,undetermined,unknown
231,United States of America,33,Canada,1097,"Horse meat, fresh or chilled",1989,1471.0,1.0,1471.0,87075.0,19.0,87094.0,0.017,0.0,none,undetermined,unknown
60,El Salvador,14,Barbados,165,Molasses,2008,16175.0,11.0,1470.455,210000.0,1.0,210001.0,0.077,0.0,none,undetermined,unknown
68,France,162,Norway,495,"Tangerines, mandarins, clementines",2006,2940.0,2.0,1470.0,26514.0,340021.0,366535.0,0.008,0.0,none,undetermined,unknown
202,South Africa,251,Zambia,176,"Beans, dry",1997,2937.0,2.0,1468.5,52000.0,56754.0,108754.0,0.027,0.0,none,undetermined,unknown
150,Netherlands (Kingdom of the),256,Luxembourg,15,Wheat,2012,4.0,5868.0,1467.0,1302002.0,3689628.0,4991630.0,0.0,0.001,none,undetermined,unknown
68,France,210,Sweden,44,Barley,2020,4398.9,3.0,1466.3,10277230.0,66450.05,10343680.05,0.0,0.0,none,undetermined,unknown
184,Rwanda,211,Switzerland,656,"Coffee, green",2014,3152.28,2.15,1466.177,16379.0,54.25,16433.25,0.192,0.0,none,undetermined,unknown
174,Portugal,231,United States of America,1242,Margarine and shortening,2010,1466.0,1.0,1466.0,50000.0,13387.0,63387.0,0.023,0.0,none,undetermined,unknown
183,Romania,97,Hungary,83,Sorghum,2017,2050.68,1.4,1464.771,54282.0,462.19,54744.19,0.037,0.0,none,undetermined,unknown
79,Germany,229,United Kingdom of Great Britain and Northern Ireland,165,Molasses,1998,1.0,1464.0,1464.0,922000.0,208146.0,1130146.0,0.0,0.001,none,undetermined,unknown
223,Türkiye,110,Japan,826,Unmanufactured tobacco,2008,1.0,1464.0,1464.0,93403.0,63327.0,156730.0,0.0,0.009,none,undetermined,unknown
231,United States of America,255,Belgium,268,"Sunflower-seed oil, crude",2006,7318.0,5.0,1463.6,277000.0,24344.0,301344.0,0.024,0.0,none,undetermined,unknown
100,India,132,Maldives,162,Raw cane or beet sugar (centrifugal only),2013,4.0,5851.0,1462.75,27737000.0,1244130.0,28981130.0,0.0,0.0,none,undetermined,unknown
21,Brazil,171,Philippines,882,Raw milk of cattle,2020,2.29,3347.7,1461.878,36376167.01,42.06,36376209.07,0.0,0.0,none,undetermined,unknown
198,Slovenia,11,Austria,271,"Rapeseed or canola oil, crude",2008,7.0,10220.0,1460.0,3648.84,9384.0,13032.84,0.001,0.784,none,undetermined,unknown
21,Brazil,105,Israel,162,Raw cane or beet sugar (centrifugal only),2016,210216.0,144.0,1459.833,40534000.0,34.95,40534034.95,0.005,0.0,none,undetermined,unknown
38,Sri Lanka,3,Albania,667,Tea leaves,2016,1634.77,1.12,1459.616,1570000.0,6324.04,1576324.04,0.001,0.0,none,undetermined,unknown
138,Mexico,203,Spain,367,Asparagus,2016,1.2,1750.78,1458.983,216871.01,687.9,217558.91,0.0,0.008,none,undetermined,unknown
183,Romania,199,Slovakia,267,Sunflower seed,2021,12248.11,8.4,1458.108,2843530.0,232588.11000000002,3076118.11,0.004,0.0,none,undetermined,unknown
229,United Kingdom of Great Britain and Northern Ireland,150,Netherlands (Kingdom of the),417,"Peas, green",2001,2915.0,2.0,1457.5,384500.0,7919.0,392419.0,0.007,0.0,none,undetermined,unknown
79,Germany,68,France,890,"Whey, condensed",1997,4367.0,3.0,1455.667,7200.0,64.0,7264.0,0.601,0.0,none,undetermined,unknown
21,Brazil,110,Japan,826,Unmanufactured tobacco,2017,9.6,13964.5,1454.635,865620.0,9148.25,874768.25,0.0,0.016,none,undetermined,unknown
216,Thailand,33,Canada,56,Maize (corn),2016,5.4,7855.0,1454.63,4390185.0,131797.53,4521982.53,0.0,0.002,none,undetermined,unknown
68,France,206,Sudan (former),15,Wheat,1999,16000.0,11.0,1454.545,36950991.1,290860.0,37241851.1,0.0,0.0,none,undetermined,unknown
54,Denmark,173,Poland,270,Rape or colza seed,2019,1.6,2327.26,1454.538,729000.0,135109.69,864109.69,0.0,0.003,none,undetermined,unknown
216,Thailand,131,Malaysia,603,"Other tropical fruits, n.e.c.",1988,7.0,10179.0,1454.143,672000.0,0.0,672000.0,0.0,0.015,none,undetermined,unknown
68,France,129,Madagascar,162,Raw cane or beet sugar (centrifugal only),1995,4.0,5813.0,1453.25,4564300.0,319914.0,4884214.0,0.0,0.001,none,undetermined,unknown
199,Slovakia,11,Austria,116,Potatoes,2021,6.28,9124.18,1452.895,151100.0,60691.19,211791.19,0.0,0.043,none,undetermined,unknown
119,Latvia,126,Lithuania,420,"Broad beans and horse beans, green",2018,2.14,3107.46,1452.084,0.0,21153.639999999996,21153.639999999996,0.0,0.147,none,undetermined,unknown
79,Germany,183,Romania,592,Kiwi fruit,2019,1.4,2032.4,1451.714,0.0,108405.17000000001,108405.17000000001,0.0,0.019,none,undetermined,unknown
9,Argentina,110,Japan,826,Unmanufactured tobacco,2011,1.0,1451.0,1451.0,135241.22,3635.0,138876.22,0.0,0.01,none,undetermined,unknown
109,Jamaica,104,Ireland,51,"Beer of barley, malted",2012,1451.0,1.0,1451.0,95000.0,354.0,95354.0,0.015,0.0,none,undetermined,unknown
229,United Kingdom of Great Britain and Northern Ireland,84,Greece,60,Oil of maize,2006,5.0,7255.0,1451.0,20800.0,5286.0,26086.0,0.0,0.278,none,undetermined,unknown
231,United States of America,221,Oman,15,Wheat,2018,20.0,29000.0,1450.0,51305540.0,3136160.6,54441700.6,0.0,0.001,none,undetermined,unknown
171,Philippines,210,Sweden,252,Coconut oil,2010,2.0,2898.0,1449.0,1746300.0,10.0,1746310.0,0.0,0.002,none,undetermined,unknown
229,United Kingdom of Great Britain and Northern Ireland,203,Spain,333,Linseed,2001,28975.0,20.0,1448.75,37506.0,25843.0,63349.0,0.457,0.0,none,undetermined,unknown
54,Denmark,84,Greece,1035,"Meat of pig with the bone, fresh or chilled",1993,8.0,11589.0,1448.625,1503700.0,547.0,1504247.0,0.0,0.008,none,undetermined,unknown
199,Slovakia,54,Denmark,1058,"Meat of chickens, fresh or chilled",2015,1519.9,1.05,1447.524,57095.0,39870.159999999996,96965.16,0.016,0.0,none,undetermined,unknown
143,Morocco,150,Netherlands (Kingdom of the),552,Blueberries,2021,7454.62,5.15,1447.499,43000.0,0.82,43000.82,0.173,0.0,none,undetermined,unknown
68,France,150,Netherlands (Kingdom of the),420,"Broad beans and horse beans, green",2014,1736.9,1.2,1447.417,9855.87,2512.7400000000002,12368.61,0.14,0.0,none,undetermined,unknown
21,Brazil,110,Japan,826,Unmanufactured tobacco,2016,11.4,16497.66,1447.163,677472.0,12594.51,690066.51,0.0,0.024,none,undetermined,unknown
131,Malaysia,150,Netherlands (Kingdom of the),339,"Other oil seeds, n.e.c.",1990,10122.0,7.0,1446.0,80000.0,686.0,80686.0,0.125,0.0,none,undetermined,unknown
138,Mexico,231,United States of America,149,"Edible roots and tubers with high starch or inulin content, n.e.c., fresh",2001,24580.0,17.0,1445.882,120200.0,21.0,120221.0,0.204,0.0,none,undetermined,unknown
198,Slovenia,80,Bosnia and Herzegovina,560,Grapes,2008,5782.0,4.0,1445.5,105719.0,12137.0,117856.0,0.049,0.0,none,undetermined,unknown
100,India,165,Pakistan,56,Maize (corn),2004,11556.0,8.0,1444.5,13726300.0,1194.0,13727494.0,0.001,0.0,none,undetermined,unknown
174,Portugal,229,United Kingdom of Great Britain and Northern Ireland,268,"Sunflower-seed oil, crude",2013,1444.0,1.0,1444.0,103600.0,42434.0,146034.0,0.01,0.0,none,undetermined,unknown
79,Germany,256,Luxembourg,1036,"Edible offal of pigs, fresh, chilled or frozen",2006,1443.0,1.0,1443.0,532856.91,59797.0,592653.91,0.002,0.0,none,undetermined,unknown
138,Mexico,33,Canada,603,"Other tropical fruits, n.e.c.",1994,8.0,11542.0,1442.75,227834.0,0.0,227834.0,0.0,0.051,none,undetermined,unknown
255,Belgium,2,Afghanistan,463,"Other vegetables, fresh n.e.c.",2017,9.5,13703.76,1442.501,187168.0,94517.83,281685.83,0.0,0.049,none,undetermined,unknown
59,Egypt,118,Kuwait,568,Cantaloupes and other melons,1986,4.0,5768.0,1442.0,449000.0,0.0,449000.0,0.0,0.013,none,undetermined,unknown
100,India,255,Belgium,165,Molasses,2015,44.0,63429.0,1441.568,12482000.0,32444.14,12514444.14,0.0,0.005,none,undetermined,unknown
255,Belgium,229,United Kingdom of Great Britain and Northern Ireland,270,Rape or colza seed,2018,4.48,6458.0,1441.518,43300.0,2588239.43,2631539.43,0.0,0.002,none,undetermined,unknown
106,Italy,255,Belgium,1242,Margarine and shortening,2005,2.0,2883.0,1441.5,132000.0,38032.0,170032.0,0.0,0.017,none,undetermined,unknown
173,Poland,230,Ukraine,536,Plums and sloes,2021,1859.42,1.29,1441.411,117400.0,22750.75,140150.75,0.013,0.0,none,undetermined,unknown
33,Canada,89,Guatemala,44,Barley,1994,4.0,5765.0,1441.25,11692000.0,7890.0,11699890.0,0.0,0.0,none,undetermined,unknown
10,Australia,211,Switzerland,75,Oats,1988,46.0,66256.0,1440.348,1838143.0,243.0,1838386.0,0.0,0.036,none,undetermined,unknown
106,Italy,182,Réunion,564,Wine,1987,3.0,4321.0,1440.333,7587490.0,50659.0,7638149.0,0.0,0.001,none,undetermined,unknown
68,France,141,Mongolia,15,Wheat,2005,3.0,4317.0,1439.0,36886102.6,178529.0,37064631.6,0.0,0.0,none,undetermined,unknown
131,Malaysia,237,Viet Nam,51,"Beer of barley, malted",2018,2485.53,1.73,1436.723,310000.0,58784.47,368784.47,0.007,0.0,none,undetermined,unknown
97,Hungary,105,Israel,15,Wheat,2002,13.0,18669.0,1436.077,3910244.0,530.0,3910774.0,0.0,0.005,none,undetermined,unknown
63,Estonia,67,Finland,15,Wheat,2011,4305.0,3.0,1435.0,360400.0,9387.0,369787.0,0.012,0.0,none,undetermined,unknown
199,Slovakia,11,Austria,397,Cucumbers and gherkins,2014,1.2,1721.0,1434.167,3264.0,14363.720000000001,17627.72,0.0,0.098,none,undetermined,unknown
68,France,59,Egypt,162,Raw cane or beet sugar (centrifugal only),1998,7.0,10036.0,1433.714,4637000.0,121089.0,4758089.0,0.0,0.002,none,undetermined,unknown
68,France,238,Ethiopia,44,Barley,2018,12.0,17186.08,1432.173,11042820.0,73510.54000000001,11116330.54,0.0,0.002,none,undetermined,unknown
106,Italy,211,Switzerland,885,"Cream, fresh",2012,1.0,1432.0,1432.0,199810.0,82853.0,282663.0,0.0,0.005,none,undetermined,unknown
79,Germany,183,Romania,560,Grapes,2021,3.02,4322.58,1431.318,1151470.0,331801.09,1483271.09,0.0,0.003,none,undetermined,unknown
231,United States of America,110,Japan,261,Olive oil,1990,2862.0,2.0,1431.0,680.0,96642.0,97322.0,0.029,0.0,none,undetermined,unknown
171,Philippines,13,Bahrain,619,"Other fruits, n.e.c.",2018,1.87,2674.99,1430.476,245907.42,5742.34,251649.76,0.0,0.011,none,undetermined,unknown
225,United Arab Emirates,118,Kuwait,619,"Other fruits, n.e.c.",2020,3773.8,2.64,1429.47,4917.0,107030.06,111947.06,0.034,0.0,none,undetermined,unknown
216,Thailand,215,United Republic of Tanzania,165,Molasses,2009,1.0,1429.0,1429.0,2790000.0,20087.0,2810087.0,0.0,0.001,none,undetermined,unknown
100,India,231,United States of America,187,"Peas, dry",2013,2.0,2857.0,1428.5,843000.0,1230249.0,2073249.0,0.0,0.001,none,undetermined,unknown
41,"China, mainland",194,Saudi Arabia,723,"Other stimulant, spice and aromatic crops, n.e.c.",2014,1.0,1428.0,1428.0,99191.1,1018.22,100209.32,0.0,0.014,none,undetermined,unknown
10,Australia,200,Singapore,1080,"Meat of turkeys, fresh or chilled",2020,2284.1,1.6,1427.562,20912.46,0.0,20912.46,0.109,0.0,none,undetermined,unknown
97,Hungary,98,Croatia,108,Cereals n.e.c.,2017,1.16,1655.85,1427.457,13055.0,1024.6799999999998,14079.68,0.0,0.118,none,undetermined,unknown
10,Australia,110,Japan,1035,"Meat of pig with the bone, fresh or chilled",2008,1427.0,1.0,1427.0,345076.0,51196.0,396272.0,0.004,0.0,none,undetermined,unknown
133,Mali,195,Senegal,867,"Meat of cattle with the bone, fresh or chilled",2007,1426.0,1.0,1426.0,40270.67,0.0,40270.67,0.035,0.0,none,undetermined,unknown
54,Denmark,249,Yemen,898,Skim milk and whey powder,2004,2.0,2850.0,1425.0,17500.0,3790.0,21290.0,0.0,0.134,none,undetermined,unknown
100,India,200,Singapore,394,"Pumpkins, squash and gourds",2013,1.0,1424.0,1424.0,3403000.0,0.0,3403000.0,0.0,0.0,none,undetermined,unknown
229,United Kingdom of Great Britain and Northern Ireland,255,Belgium,869,"Cattle fat, unrendered",2020,2.66,3786.61,1423.538,79392.59,713.68,80106.26999999999,0.0,0.047,none,undetermined,unknown
174,Portugal,68,France,15,Wheat,1999,11380.0,8.0,1422.5,352148.0,1500471.0,1852619.0,0.006,0.0,none,undetermined,unknown
231,United States of America,131,Malaysia,271,"Rapeseed or canola oil, crude",1999,7.0,9955.0,1422.143,288000.0,449295.0,737295.0,0.0,0.014,none,undetermined,unknown
66,Fiji,10,Australia,149,"Edible roots and tubers with high starch or inulin content, n.e.c., fresh",2013,1422.0,1.0,1422.0,3000.0,9.0,3009.0,0.473,0.0,none,undetermined,unknown
68,France,195,Senegal,898,Skim milk and whey powder,1993,11.0,15637.0,1421.545,353720.0,59102.0,412822.0,0.0,0.038,none,undetermined,unknown
33,Canada,14,Barbados,15,Wheat,2003,4264.0,3.0,1421.333,23048600.0,50203.0,23098803.0,0.0,0.0,none,undetermined,unknown
84,Greece,154,North Macedonia,268,"Sunflower-seed oil, crude",2004,1.0,1421.0,1421.0,19540.5,60407.0,79947.5,0.0,0.018,none,undetermined,unknown
154,North Macedonia,110,Japan,826,Unmanufactured tobacco,2009,1.0,1421.0,1421.0,24122.0,2893.0,27015.0,0.0,0.053,none,undetermined,unknown
272,Serbia,4,Algeria,56,Maize (corn),2017,15.0,21303.0,1420.2,4018370.0,3377.53,4021747.53,0.0,0.005,none,undetermined,unknown
41,"China, mainland",96,"China, Hong Kong SAR",414,"Other beans, green",2021,99453.01,70.08,1419.135,18568502.07,0.0,18568502.07,0.005,0.0,none,undetermined,unknown
79,Germany,97,Hungary,44,Barley,1992,1.0,1418.0,1418.0,12196452.0,469006.0,12665458.0,0.0,0.0,none,undetermined,unknown
79,Germany,106,Italy,211,Other pulses n.e.c.,2000,1.0,1418.0,1418.0,32747.96,393.0,33140.96,0.0,0.043,none,undetermined,unknown
185,Russian Federation,119,Latvia,333,Linseed,2014,28356.18,20.0,1417.809,365088.2,1940.2800000000002,367028.48000000004,0.077,0.0,none,undetermined,unknown
108,Kazakhstan,119,Latvia,767,"Cotton lint, ginned",2017,32572.0,23.0,1416.174,109000.0,309.0,109309.0,0.298,0.0,none,undetermined,unknown
38,Sri Lanka,112,Jordan,667,Tea leaves,1997,12731.0,9.0,1414.556,1204000.0,4226.0,1208226.0,0.011,0.0,none,undetermined,unknown
101,Indonesia,255,Belgium,257,Palm oil,2008,21.0,29675.0,1413.095,17539788.0,8823.0,17548611.0,0.0,0.002,none,undetermined,unknown
198,Slovenia,98,Croatia,534,Peaches and nectarines,2011,2826.0,2.0,1413.0,7633.0,10275.0,17908.0,0.158,0.0,none,undetermined,unknown
100,India,68,France,165,Molasses,2002,13.0,18350.0,1411.538,8073000.0,20735.0,8093735.0,0.0,0.002,none,undetermined,unknown
41,"China, mainland",110,Japan,1073,"Meat of geese, fresh or chilled",1997,4233.0,3.0,1411.0,1483000.0,526.0,1483526.0,0.003,0.0,none,undetermined,unknown
102,Iran (Islamic Republic of),223,Türkiye,515,Apples,1998,28199.0,20.0,1409.95,1943627.0,0.0,1943627.0,0.015,0.0,none,undetermined,unknown
166,Panama,14,Barbados,165,Molasses,2018,11700.0,8.3,1409.639,62884.0,28.62,62912.62,0.186,0.0,none,undetermined,unknown
40,Chile,214,"China, Taiwan Province of",564,Wine,2009,1408.0,1.0,1408.0,1000900.0,3008.0,1003908.0,0.001,0.0,none,undetermined,unknown
234,Uruguay,150,Netherlands (Kingdom of the),1225,Tallow,2016,23798.71,16.91,1407.375,65400.0,2665.22,68065.22,0.35,0.0,none,undetermined,unknown
54,Denmark,194,Saudi Arabia,889,"Whole milk, condensed",2021,2.06,2899.01,1407.286,0.0,3719.31,3719.31,0.001,0.779,none,undetermined,unknown
203,Spain,150,Netherlands (Kingdom of the),1043,"Pig fat, rendered",2015,4917.9,3.5,1405.114,1916.53,63316.79,65233.32,0.075,0.0,none,undetermined,unknown
79,Germany,84,Greece,388,Tomatoes,2012,1.0,1405.0,1405.0,61188.0,710812.0,772000.0,0.0,0.002,none,undetermined,unknown
131,Malaysia,171,Philippines,51,"Beer of barley, malted",2008,1403.0,1.0,1403.0,165000.0,27057.0,192057.0,0.007,0.0,none,undetermined,unknown
150,Netherlands (Kingdom of the),210,Sweden,1225,Tallow,2001,1.0,1403.0,1403.0,155000.0,48719.0,203719.0,0.0,0.007,none,undetermined,unknown
200,Singapore,131,Malaysia,463,"Other vegetables, fresh n.e.c.",2001,1403.0,1.0,1403.0,12800.0,98677.0,111477.0,0.013,0.0,none,undetermined,unknown
211,Switzerland,68,France,900,"Whey, dry",2012,39270.0,28.0,1402.5,61000.0,6481.0,67481.0,0.582,0.0,none,undetermined,unknown
223,Türkiye,167,Czechia,767,"Cotton lint, ginned",1999,1.0,1402.0,1402.0,791298.0,265556.0,1056854.0,0.0,0.001,none,undetermined,unknown
272,Serbia,117,Republic of Korea,56,Maize (corn),2018,34.78,48760.0,1401.955,6964770.0,9920.45,6974690.45,0.0,0.007,none,undetermined,unknown
216,Thailand,33,Canada,162,Raw cane or beet sugar (centrifugal only),1995,7008.0,5.0,1401.6,5202000.0,0.0,5202000.0,0.001,0.0,none,undetermined,unknown
272,Serbia,203,Spain,56,Maize (corn),2007,22.0,30828.0,1401.273,3904825.0,951.0,3905776.0,0.0,0.008,none,undetermined,unknown
231,United States of America,79,Germany,237,Soya bean oil,1999,5604.0,4.0,1401.0,8200000.0,40290.0,8240290.0,0.001,0.0,none,undetermined,unknown
10,Australia,41,"China, mainland",75,Oats,2016,130.35,182584.18,1400.723,2265503.3,0.4,2265503.6999999997,0.0,0.081,none,undetermined,unknown
15,Belgium-Luxembourg,184,Rwanda,237,Soya bean oil,1999,1399.0,1.0,1399.0,185700.0,227712.0,413412.0,0.003,0.0,none,undetermined,unknown
68,France,107,Côte d'Ivoire,1035,"Meat of pig with the bone, fresh or chilled",2004,1399.0,1.0,1399.0,2292572.0,111117.0,2403689.0,0.001,0.0,none,undetermined,unknown
79,Germany,229,United Kingdom of Great Britain and Northern Ireland,236,Soya beans,2009,1399.0,1.0,1399.0,1000.0,3165420.0,3166420.0,0.0,0.0,none,undetermined,unknown
100,India,52,Azerbaijan,667,Tea leaves,2007,2.0,2797.0,1398.5,4230000.0,19585.0,4249585.0,0.0,0.001,none,undetermined,unknown
231,United States of America,79,Germany,234,"Other nuts (excluding wild edible nuts and groundnuts), in shell, n.e.c.",2011,1398.0,1.0,1398.0,122334.0,56272.0,178606.0,0.008,0.0,none,undetermined,unknown
54,Denmark,79,Germany,271,"Rapeseed or canola oil, crude",1996,34918.0,25.0,1396.72,109300.0,38743.0,148043.0,0.236,0.0,none,undetermined,unknown
84,Greece,79,Germany,882,Raw milk of cattle,2019,3069.99,2.2,1395.45,659380.0,98929.71,758309.71,0.004,0.0,none,undetermined,unknown
100,India,200,Singapore,399,Eggplants (aubergines),2018,1.01,1408.57,1394.624,12801000.0,0.14,12801000.14,0.0,0.0,none,undetermined,unknown
100,India,221,Oman,463,"Other vegetables, fresh n.e.c.",2018,3793.19,2.72,1394.555,25381190.46,101.97,25381292.43,0.0,0.0,none,undetermined,unknown
203,Spain,68,France,223,"Pistachios, in shell",2003,1.0,1394.0,1394.0,628.31,22359.0,22987.31,0.0,0.061,none,undetermined,unknown
54,Denmark,68,France,270,Rape or colza seed,1988,2787.0,2.0,1393.5,504000.0,216.0,504216.0,0.006,0.0,none,undetermined,unknown
216,Thailand,28,Myanmar,689,"Chillies and peppers, dry (Capsicum spp., Pimenta spp.), raw",2019,11175.1,8.02,1393.404,322806.38,83686.69,406493.07,0.027,0.0,none,undetermined,unknown
89,Guatemala,15,Belgium-Luxembourg,619,"Other fruits, n.e.c.",1990,4177.0,3.0,1392.333,98650.0,112.0,98762.0,0.042,0.0,none,undetermined,unknown
29,Burundi,211,Switzerland,656,"Coffee, green",2020,3076.27,2.21,1391.977,7111.0,1.31,7112.31,0.433,0.0,none,undetermined,unknown
97,Hungary,150,Netherlands (Kingdom of the),888,Skim milk of cows,2018,4548.42,3.27,1390.954,314682.73,1483.22,316165.94999999995,0.014,0.0,none,undetermined,unknown
79,Germany,183,Romania,490,Oranges,2021,10.92,15182.33,1390.323,0.0,484553.55,484553.55,0.0,0.031,none,undetermined,unknown
79,Germany,255,Belgium,236,Soya beans,2004,1.0,1390.0,1390.0,0.0,3719233.0,3719233.0,0.0,0.0,none,undetermined,unknown
96,"China, Hong Kong SAR",41,"China, mainland",1036,"Edible offal of pigs, fresh, chilled or frozen",2007,183449.0,132.0,1389.765,10482.35,310685.0,321167.35,0.571,0.0,none,undetermined,unknown
9,Argentina,150,Netherlands (Kingdom of the),987,"Shorn wool, greasy, including fleece-washed shorn wool",1991,16675.0,12.0,1389.583,125000.0,308.0,125308.0,0.133,0.0,none,undetermined,unknown
231,United States of America,60,El Salvador,176,"Beans, dry",1994,3.0,4168.0,1389.333,1313000.0,34902.0,1347902.0,0.0,0.003,none,undetermined,unknown
21,Brazil,110,Japan,826,Unmanufactured tobacco,2014,14.85,20617.41,1388.378,862396.0,7981.62,870377.62,0.0,0.024,none,undetermined,unknown
185,Russian Federation,84,Greece,71,Rye,2003,1388.0,1.0,1388.0,4146815.0,4540.0,4151355.0,0.0,0.0,none,undetermined,unknown
58,Ecuador,203,Spain,489,Plantains and cooking bananas,2005,6.0,8322.0,1387.0,708012.0,0.0,708012.0,0.0,0.012,none,undetermined,unknown
229,United Kingdom of Great Britain and Northern Ireland,194,Saudi Arabia,51,"Beer of barley, malted",1986,6.0,8319.0,1386.5,5992200.0,272176.0,6264376.0,0.0,0.001,none,undetermined,unknown
230,Ukraine,105,Israel,83,Sorghum,2009,60992.0,44.0,1386.182,41700.0,161.0,41861.0,1.457,0.001,none,undetermined,unknown
79,Germany,210,Sweden,334,Oil of linseed,2007,1386.0,1.0,1386.0,56800.0,36400.0,93200.0,0.015,0.0,none,undetermined,unknown
203,Spain,229,United Kingdom of Great Britain and Northern Ireland,211,Other pulses n.e.c.,2009,1386.0,1.0,1386.0,18029.0,13063.0,31092.0,0.045,0.0,none,undetermined,unknown
41,"China, mainland",101,Indonesia,463,"Other vegetables, fresh n.e.c.",2009,15.0,20786.0,1385.733,148000000.0,1440.0,148001440.0,0.0,0.0,none,undetermined,unknown
229,United Kingdom of Great Britain and Northern Ireland,210,Sweden,15,Wheat,2002,2771.0,2.0,1385.5,15972556.0,1279177.0,17251733.0,0.0,0.0,none,undetermined,unknown
272,Serbia,183,Romania,15,Wheat,2021,521462.51,376.42,1385.321,3442308.0,1398.1399999999999,3443706.14,0.151,0.0,none,undetermined,unknown
222,Tunisia,68,France,723,"Other stimulant, spice and aromatic crops, n.e.c.",1991,1.0,1385.0,1385.0,1900.0,615.0,2515.0,0.0,0.551,none,undetermined,unknown
231,United States of America,215,United Republic of Tanzania,187,"Peas, dry",2014,2824.89,2.04,1384.75,778140.0,247098.17,1025238.17,0.003,0.0,none,undetermined,unknown
21,Brazil,211,Switzerland,162,Raw cane or beet sugar (centrifugal only),2021,314559.63,227.22,1384.384,35958306.0,1865.1,35960171.1,0.009,0.0,none,undetermined,unknown
272,Serbia,198,Slovenia,56,Maize (corn),2021,286.62,396741.59,1384.208,6027130.66,4917.86,6032048.5200000005,0.0,0.066,none,undetermined,unknown
79,Germany,97,Hungary,560,Grapes,2018,2.46,3405.13,1384.199,1403600.0,319620.48,1723220.48,0.0,0.002,none,undetermined,unknown
15,Belgium-Luxembourg,104,Ireland,187,"Peas, dry",1990,2.0,2767.0,1383.5,11469.0,454452.0,465921.0,0.0,0.006,none,undetermined,unknown
216,Thailand,200,Singapore,136,Taro,2019,1.41,1950.46,1383.305,105380.77,160.55,105541.32,0.0,0.018,none,undetermined,unknown
256,Luxembourg,68,France,888,Skim milk of cows,2017,3.44,4758.52,1383.291,21622.76,1081.71,22704.469999999998,0.0,0.21,none,undetermined,unknown
138,Mexico,105,Israel,51,"Beer of barley, malted",2017,4601.37,3.33,1381.793,11005496.0,262267.43,11267763.43,0.0,0.0,none,undetermined,unknown
150,Netherlands (Kingdom of the),68,France,888,Skim milk of cows,2001,1.0,1381.0,1381.0,2726000.0,43502.0,2769502.0,0.0,0.0,none,undetermined,unknown
168,Papua New Guinea,150,Netherlands (Kingdom of the),661,Cocoa beans,2001,1.0,1381.0,1381.0,38800.0,0.0,38800.0,0.0,0.036,none,undetermined,unknown
231,United States of America,214,"China, Taiwan Province of",898,Skim milk and whey powder,1992,1381.0,1.0,1381.0,400100.0,5990.0,406090.0,0.003,0.0,none,undetermined,unknown
68,France,162,Norway,497,Lemons and limes,2015,1421.7,1.03,1380.291,4201.0,147564.3,151765.3,0.009,0.0,none,undetermined,unknown
216,Thailand,115,Cambodia,889,"Whole milk, condensed",2012,6900.0,5.0,1380.0,27343.29,31137.0,58480.29,0.118,0.0,none,undetermined,unknown
223,Türkiye,27,Bulgaria,531,Cherries,2019,1.2,1654.8,1379.0,664224.0,46.32,664270.32,0.0,0.002,none,undetermined,unknown
131,Malaysia,26,Brunei Darussalam,463,"Other vegetables, fresh n.e.c.",2017,1.35,1861.07,1378.57,569796.75,43172.26,612969.01,0.0,0.003,none,undetermined,unknown
231,United States of America,156,New Zealand,886,Butter of cow milk,2007,1378.0,1.0,1378.0,695307.0,25442.0,720749.0,0.002,0.0,none,undetermined,unknown
143,Morocco,136,Mauritania,568,Cantaloupes and other melons,2018,5511.48,4.0,1377.87,500823.4,267.36,501090.76,0.011,0.0,none,undetermined,unknown
84,Greece,15,Belgium-Luxembourg,397,Cucumbers and gherkins,1988,2754.0,2.0,1377.0,166800.0,54.0,166854.0,0.017,0.0,none,undetermined,unknown
185,Russian Federation,73,Georgia,268,"Sunflower-seed oil, crude",2002,2754.0,2.0,1377.0,1117900.0,175334.0,1293234.0,0.002,0.0,none,undetermined,unknown
229,United Kingdom of Great Britain and Northern Ireland,173,Poland,44,Barley,2016,1.19,1638.61,1376.983,6655000.0,107289.99,6762289.99,0.0,0.0,none,undetermined,unknown
150,Netherlands (Kingdom of the),194,Saudi Arabia,162,Raw cane or beet sugar (centrifugal only),2019,1.87,2574.0,1376.471,1247987.05,77745.87999999999,1325732.93,0.0,0.002,none,undetermined,unknown
68,France,117,Republic of Korea,1035,"Meat of pig with the bone, fresh or chilled",2015,6876.3,5.0,1375.26,2148452.4,132610.93,2281063.33,0.003,0.0,none,undetermined,unknown
156,New Zealand,110,Japan,402,"Onions and shallots, green",2001,34380.0,25.0,1375.2,245000.0,330.0,245330.0,0.14,0.0,none,undetermined,unknown
234,Uruguay,21,Brazil,236,Soya beans,2013,38505.0,28.0,1375.179,2765000.0,15613.0,2780613.0,0.014,0.0,none,undetermined,unknown
21,Brazil,225,United Arab Emirates,826,Unmanufactured tobacco,2005,4125.0,3.0,1375.0,889426.0,7900.0,897326.0,0.005,0.0,none,undetermined,unknown
48,Costa Rica,101,Indonesia,256,Palm kernels,2006,1.0,1375.0,1375.0,42315.0,3049.0,45364.0,0.0,0.03,none,undetermined,unknown
131,Malaysia,26,Brunei Darussalam,388,Tomatoes,2018,1.5,2060.07,1373.38,199422.34,4797.81,204220.15,0.0,0.01,none,undetermined,unknown
100,India,202,South Africa,27,Rice,2014,2.59,3556.72,1373.251,159810501.3,201.69,159810702.99,0.0,0.0,none,undetermined,unknown
106,Italy,134,Malta,15,Wheat,2013,17.0,23344.0,1373.176,7312024.7,5792798.0,13104822.7,0.0,0.002,none,undetermined,unknown
131,Malaysia,126,Lithuania,1242,Margarine and shortening,2005,1373.0,1.0,1373.0,339125.0,5075.0,344200.0,0.004,0.0,none,undetermined,unknown
106,Italy,182,Réunion,564,Wine,1988,3.0,4117.0,1372.333,6101030.0,35225.0,6136255.0,0.0,0.001,none,undetermined,unknown
117,Republic of Korea,84,Greece,826,Unmanufactured tobacco,1987,1372.0,1.0,1372.0,78039.0,1755.0,79794.0,0.017,0.0,none,undetermined,unknown
10,Australia,101,Indonesia,162,Raw cane or beet sugar (centrifugal only),2001,46.0,63041.0,1370.457,4162000.0,3443.0,4165443.0,0.0,0.015,none,undetermined,unknown
79,Germany,174,Portugal,56,Maize (corn),1995,2.0,2738.0,1369.0,2394565.0,959563.0,3354128.0,0.0,0.001,none,undetermined,unknown
229,United Kingdom of Great Britain and Northern Ireland,143,Morocco,271,"Rapeseed or canola oil, crude",2008,2.0,2736.0,1368.0,747500.0,125604.0,873104.0,0.0,0.003,none,undetermined,unknown
41,"China, mainland",131,Malaysia,271,"Rapeseed or canola oil, crude",1998,2735.0,2.0,1367.5,2870000.0,199597.0,3069597.0,0.001,0.0,none,undetermined,unknown
126,Lithuania,185,Russian Federation,388,Tomatoes,2006,10937.0,8.0,1367.125,1345.0,22471.0,23816.0,0.459,0.0,none,undetermined,unknown
143,Morocco,79,Germany,401,"Chillies and peppers, green (Capsicum spp. and Pimenta spp.)",2006,3.0,4099.0,1366.333,235570.0,0.0,235570.0,0.0,0.017,none,undetermined,unknown
21,Brazil,229,United Kingdom of Great Britain and Northern Ireland,257,Palm oil,2014,1.46,1993.4,1365.342,365000.0,252350.66,617350.66,0.0,0.003,none,undetermined,unknown
198,Slovenia,98,Croatia,560,Grapes,2006,2730.0,2.0,1365.0,105486.0,7790.0,113276.0,0.024,0.0,none,undetermined,unknown
166,Panama,150,Netherlands (Kingdom of the),486,Bananas,1989,19.0,25894.0,1362.842,1253615.0,0.0,1253615.0,0.0,0.021,none,undetermined,unknown
107,Côte d'Ivoire,195,Senegal,486,Bananas,2018,27335.88,20.06,1362.706,270000.0,0.02,270000.02,0.101,0.0,none,undetermined,unknown
9,Argentina,220,Trinidad and Tobago,237,Soya bean oil,1998,24500.0,18.0,1361.111,2695760.0,46.0,2695806.0,0.009,0.0,none,undetermined,unknown
2,Afghanistan,165,Pakistan,463,"Other vegetables, fresh n.e.c.",2017,36842.57,27.07,1361.011,712123.7,117142.47,829266.1699999999,0.044,0.0,none,undetermined,unknown
68,France,50,Cyprus,868,"Edible offal of cattle, fresh, chilled or frozen",2013,1361.0,1.0,1361.0,188506.1,38893.0,227399.1,0.006,0.0,none,undetermined,unknown
89,Guatemala,231,United States of America,393,Cauliflowers and broccoli,2010,28558.0,21.0,1359.905,88597.48,49.0,88646.48,0.322,0.0,none,undetermined,unknown
138,Mexico,33,Canada,367,Asparagus,2018,11.98,16277.33,1358.709,277682.48,751.8100000000001,278434.29,0.0,0.058,none,undetermined,unknown
237,Viet Nam,115,Cambodia,619,"Other fruits, n.e.c.",2017,1.23,1670.35,1358.008,2816498.23,231694.49,3048192.7199999997,0.0,0.001,none,undetermined,unknown
150,Netherlands (Kingdom of the),110,Japan,886,Butter of cow milk,2001,1358.0,1.0,1358.0,130000.0,94699.0,224699.0,0.006,0.0,none,undetermined,unknown
181,Zimbabwe,150,Netherlands (Kingdom of the),490,Oranges,2001,14.0,19000.0,1357.143,77925.37,2.0,77927.37,0.0,0.244,none,undetermined,unknown
68,France,194,Saudi Arabia,889,"Whole milk, condensed",2005,1.0,1357.0,1357.0,13443.0,24098.0,37541.0,0.0,0.036,none,undetermined,unknown
11,Austria,167,Czechia,162,Raw cane or beet sugar (centrifugal only),2020,8.93,12110.96,1356.211,369314.1,13972.720000000001,383286.81999999995,0.0,0.032,none,undetermined,unknown
138,Mexico,231,United States of America,767,"Cotton lint, ginned",1989,81367.0,60.0,1356.117,161555.0,18318.0,179873.0,0.452,0.0,none,undetermined,unknown
229,United Kingdom of Great Britain and Northern Ireland,255,Belgium,869,"Cattle fat, unrendered",2014,3.0,4068.0,1356.0,74707.41,2837.0,77544.41,0.0,0.052,none,undetermined,unknown
104,Ireland,210,Sweden,868,"Edible offal of cattle, fresh, chilled or frozen",2008,6773.0,5.0,1354.6,82661.54,1138.0,83799.54,0.081,0.0,none,undetermined,unknown
157,Nicaragua,106,Italy,486,Bananas,1991,10.0,13534.0,1353.4,132663.0,0.0,132663.0,0.0,0.102,none,undetermined,unknown
229,United Kingdom of Great Britain and Northern Ireland,255,Belgium,237,Soya bean oil,2008,2.0,2706.0,1353.0,101800.0,186528.0,288328.0,0.0,0.009,none,undetermined,unknown
231,United States of America,214,"China, Taiwan Province of",75,Oats,2016,2717.0,2.01,1351.741,938070.0,1515771.16,2453841.16,0.001,0.0,none,undetermined,unknown
170,Peru,68,France,572,Avocados,2018,11.77,15906.92,1351.48,504839.74,47.15,504886.89,0.0,0.032,none,undetermined,unknown
156,New Zealand,229,United Kingdom of Great Britain and Northern Ireland,402,"Onions and shallots, green",2009,32435.0,24.0,1351.458,203000.0,527.0,203527.0,0.159,0.0,none,undetermined,unknown
225,United Arab Emirates,194,Saudi Arabia,497,Lemons and limes,2021,36909.53,27.32,1351.008,7010.0,142748.80000000002,149758.80000000002,0.246,0.0,none,undetermined,unknown
255,Belgium,134,Malta,882,Raw milk of cattle,2020,1823.33,1.35,1350.615,4457000.0,574398.73,5031398.73,0.0,0.0,none,undetermined,unknown
233,Burkina Faso,107,Côte d'Ivoire,463,"Other vegetables, fresh n.e.c.",2013,2700.0,2.0,1350.0,632000.0,52.0,632052.0,0.004,0.0,none,undetermined,unknown
108,Kazakhstan,59,Egypt,187,"Peas, dry",2019,8544.2,6.33,1349.795,108129.65,3697.87,111827.51999999999,0.076,0.0,none,undetermined,unknown
67,Finland,210,Sweden,271,"Rapeseed or canola oil, crude",2018,5.43,7319.99,1348.064,56200.0,16449.12,72649.12,0.0,0.101,none,undetermined,unknown
231,United States of America,165,Pakistan,1058,"Meat of chickens, fresh or chilled",2019,20681.95,15.35,1347.358,20197090.45,60508.119999999995,20257598.57,0.001,0.0,none,undetermined,unknown
126,Lithuania,185,Russian Federation,515,Apples,2013,40410.0,30.0,1347.0,62586.0,61040.0,123626.0,0.327,0.0,none,undetermined,unknown
231,United States of America,73,Georgia,15,Wheat,2002,35000.0,26.0,1346.154,43703968.0,1915657.0,45619625.0,0.001,0.0,none,undetermined,unknown
210,Sweden,229,United Kingdom of Great Britain and Northern Ireland,898,Skim milk and whey powder,2010,1344.0,1.0,1344.0,25860.0,4731.0,30591.0,0.044,0.0,none,undetermined,unknown
216,Thailand,131,Malaysia,257,Palm oil,2017,8827.91,6.57,1343.67,2602000.0,15525.99,2617525.99,0.003,0.0,none,undetermined,unknown
165,Pakistan,223,Türkiye,571,"Mangoes, guavas and mangosteens",2011,5374.0,4.0,1343.5,2435061.0,1.0,2435062.0,0.002,0.0,none,undetermined,unknown
231,United States of America,150,Netherlands (Kingdom of the),237,Soya bean oil,1997,2686.0,2.0,1343.0,7145000.0,27801.0,7172801.0,0.0,0.0,none,undetermined,unknown
150,Netherlands (Kingdom of the),104,Ireland,15,Wheat,1996,18791.0,14.0,1342.214,1268900.0,2848548.0,4117448.0,0.005,0.0,none,undetermined,unknown
231,United States of America,229,United Kingdom of Great Britain and Northern Ireland,403,"Onions and shallots, dry (excluding dehydrated)",2018,5060.09,3.77,1342.199,3284420.0,568120.9500000001,3852540.95,0.001,0.0,none,undetermined,unknown
185,Russian Federation,141,Mongolia,333,Linseed,2017,13823.67,10.3,1342.104,611283.0,16048.999999999998,627332.0,0.022,0.0,none,undetermined,unknown
156,New Zealand,10,Australia,426,Carrots and turnips,2004,1.0,1342.0,1342.0,65000.0,0.0,65000.0,0.0,0.021,none,undetermined,unknown
58,Ecuador,33,Canada,486,Bananas,2003,78.0,104645.0,1341.603,6453806.0,0.0,6453806.0,0.0,0.016,none,undetermined,unknown
27,Bulgaria,57,Belarus,394,"Pumpkins, squash and gourds",2014,1.7,2280.69,1341.582,17363.0,3545.8,20908.8,0.0,0.109,none,undetermined,unknown
150,Netherlands (Kingdom of the),203,Spain,270,Rape or colza seed,2021,11.44,15342.83,1341.156,4390.0,1455839.1099999999,1460229.1099999999,0.0,0.011,none,undetermined,unknown
10,Australia,156,New Zealand,463,"Other vegetables, fresh n.e.c.",2003,1341.0,1.0,1341.0,102709.99,818.0,103527.99,0.013,0.0,none,undetermined,unknown
156,New Zealand,131,Malaysia,463,"Other vegetables, fresh n.e.c.",1999,2682.0,2.0,1341.0,110000.0,1894.0,111894.0,0.024,0.0,none,undetermined,unknown
223,Türkiye,97,Hungary,531,Cherries,2018,1.61,2158.24,1340.522,639564.0,0.43,639564.43,0.0,0.003,none,undetermined,unknown
68,France,53,Benin,867,"Meat of cattle with the bone, fresh or chilled",1992,2.0,2680.0,1340.0,1876800.0,345366.0,2222166.0,0.0,0.001,none,undetermined,unknown
106,Italy,98,Croatia,1058,"Meat of chickens, fresh or chilled",1995,1340.0,1.0,1340.0,799900.0,14690.0,814590.0,0.002,0.0,none,undetermined,unknown
96,"China, Hong Kong SAR",41,"China, mainland",868,"Edible offal of cattle, fresh, chilled or frozen",1994,4019.0,3.0,1339.667,5666.36,24353.0,30019.36,0.134,0.0,none,undetermined,unknown
79,Germany,68,France,334,Oil of linseed,2000,2.0,2676.0,1338.0,70600.0,20329.0,90929.0,0.0,0.029,none,undetermined,unknown
100,India,11,Austria,656,"Coffee, green",2005,1.0,1338.0,1338.0,275500.0,38171.0,313671.0,0.0,0.004,none,undetermined,unknown
79,Germany,183,Romania,592,Kiwi fruit,2018,1.35,1805.79,1337.622,0.0,93989.95000000001,93989.95000000001,0.0,0.019,none,undetermined,unknown
100,India,231,United States of America,201,"Lentils, dry",2010,1.0,1337.0,1337.0,1031600.0,150033.0,1181633.0,0.0,0.001,none,undetermined,unknown
96,"China, Hong Kong SAR",41,"China, mainland",252,Coconut oil,1996,4007.0,3.0,1335.667,569.16,3982.0,4551.16,0.88,0.001,none,undetermined,unknown
231,United States of America,33,Canada,486,Bananas,1990,336533.0,252.0,1335.448,5126.0,3099002.0,3104128.0,0.108,0.0,none,undetermined,unknown
79,Germany,97,Hungary,165,Molasses,2013,1335.0,1.0,1335.0,655000.0,124275.0,779275.0,0.002,0.0,none,undetermined,unknown
150,Netherlands (Kingdom of the),211,Switzerland,568,Cantaloupes and other melons,2016,1641.92,1.23,1334.894,2156.07,198311.42,200467.49000000002,0.008,0.0,none,undetermined,unknown
117,Republic of Korea,128,"China, Macao SAR",51,"Beer of barley, malted",2017,1.19,1588.31,1334.714,2000000.0,331211.4,2331211.4,0.0,0.001,none,undetermined,unknown
185,Russian Federation,230,Ukraine,1058,"Meat of chickens, fresh or chilled",2020,29600.74,22.18,1334.569,4576733.0,217053.02,4793786.02,0.006,0.0,none,undetermined,unknown
109,Jamaica,231,United States of America,137,Yams,2005,4.0,5338.0,1334.5,107295.0,0.0,107295.0,0.0,0.05,none,undetermined,unknown
173,Poland,185,Russian Federation,619,"Other fruits, n.e.c.",2011,1334.0,1.0,1334.0,59885.89,11684.0,71569.89,0.019,0.0,none,undetermined,unknown
79,Germany,7,Angola,15,Wheat,2020,12000.0,9.0,1333.333,22172100.0,3999368.0,26171468.0,0.0,0.0,none,undetermined,unknown
231,United States of America,236,Venezuela (Bolivarian Republic of),271,"Rapeseed or canola oil, crude",2013,3999.0,3.0,1333.0,706000.0,1271528.0,1977528.0,0.002,0.0,none,undetermined,unknown
150,Netherlands (Kingdom of the),84,Greece,268,"Sunflower-seed oil, crude",1998,3.0,3996.0,1332.0,222600.0,119269.0,341869.0,0.0,0.012,none,undetermined,unknown
97,Hungary,106,Italy,176,"Beans, dry",1987,14648.0,11.0,1331.636,13074.0,451.0,13525.0,1.083,0.001,none,undetermined,unknown
231,United States of America,41,"China, mainland",1062,"Hen eggs in shell, fresh",1993,1.0,1331.0,1331.0,4260000.0,2492.0,4262492.0,0.0,0.0,none,undetermined,unknown
32,Cameroon,211,Switzerland,767,"Cotton lint, ginned",1989,1.0,1330.0,1330.0,42912.0,47.0,42959.0,0.0,0.031,none,undetermined,unknown
41,"China, mainland",110,Japan,211,Other pulses n.e.c.,1998,5320.0,4.0,1330.0,120500.0,7610.0,128110.0,0.042,0.0,none,undetermined,unknown
131,Malaysia,216,Thailand,689,"Chillies and peppers, dry (Capsicum spp., Pimenta spp.), raw",2012,5320.0,4.0,1330.0,2200.0,56315.0,58515.0,0.091,0.0,none,undetermined,unknown
200,Singapore,131,Malaysia,358,Cabbages,2012,1330.0,1.0,1330.0,631.74,58680.0,59311.74,0.022,0.0,none,undetermined,unknown
21,Brazil,9,Argentina,258,Oil of palm kernel,2017,2154.56,1.62,1329.975,59710.02,204310.38,264020.4,0.008,0.0,none,undetermined,unknown
67,Finland,210,Sweden,271,"Rapeseed or canola oil, crude",2016,11.85,15755.11,1329.545,60100.0,8897.07,68997.07,0.0,0.228,none,undetermined,unknown
79,Germany,229,United Kingdom of Great Britain and Northern Ireland,258,Oil of palm kernel,2011,3.0,3988.0,1329.333,0.0,363984.0,363984.0,0.0,0.011,none,undetermined,unknown
131,Malaysia,26,Brunei Darussalam,358,Cabbages,2014,1.1,1462.11,1329.191,301518.0,108393.16,409911.16000000003,0.0,0.004,none,undetermined,unknown
101,Indonesia,41,"China, mainland",486,Bananas,2014,13.28,17648.13,1328.925,6862568.0,542.11,6863110.11,0.0,0.003,none,undetermined,unknown
79,Germany,98,Croatia,162,Raw cane or beet sugar (centrifugal only),1992,3.0,3984.0,1328.0,4401263.0,6047.0,4407310.0,0.0,0.001,none,undetermined,unknown
138,Mexico,231,United States of America,149,"Edible roots and tubers with high starch or inulin content, n.e.c., fresh",2002,26541.0,20.0,1327.05,112698.0,32.0,112730.0,0.235,0.0,none,undetermined,unknown
101,Indonesia,33,Canada,252,Coconut oil,2005,1.0,1327.0,1327.0,767600.0,6949.0,774549.0,0.0,0.002,none,undetermined,unknown
202,South Africa,211,Switzerland,515,Apples,1994,4.0,5298.0,1324.5,550901.0,11.0,550912.0,0.0,0.01,none,undetermined,unknown
100,India,200,Singapore,15,Wheat,1996,25150.0,19.0,1323.684,62097400.0,612676.0,62710076.0,0.0,0.0,none,undetermined,unknown
10,Australia,110,Japan,889,"Whole milk, condensed",1997,5294.0,4.0,1323.5,9000.0,0.0,9000.0,0.588,0.0,none,undetermined,unknown
203,Spain,117,Republic of Korea,1035,"Meat of pig with the bone, fresh or chilled",2019,41329.46,31.23,1323.39,4641160.0,66966.06,4708126.06,0.009,0.0,none,undetermined,unknown
130,Malawi,33,Canada,187,"Peas, dry",2008,29100.0,22.0,1322.727,20000.0,50.0,20050.0,1.451,0.001,none,undetermined,unknown
229,United Kingdom of Great Britain and Northern Ireland,68,France,270,Rape or colza seed,2003,71389.0,54.0,1322.019,1770754.0,135855.0,1906609.0,0.037,0.0,none,undetermined,unknown
58,Ecuador,194,Saudi Arabia,486,Bananas,2021,190323.98,143.98,1321.878,6717424.0,22.53,6717446.53,0.028,0.0,none,undetermined,unknown
54,Denmark,79,Germany,1043,"Pig fat, rendered",2020,2.27,3000.51,1321.811,55702.82,11192.09,66894.91,0.0,0.045,none,undetermined,unknown
231,United States of America,237,Viet Nam,221,"Almonds, in shell",2017,20617.36,15.6,1321.626,1716850.0,1185.35,1718035.35,0.012,0.0,none,undetermined,unknown
231,United States of America,221,Oman,56,Maize (corn),1993,15.0,19823.0,1321.533,160985760.0,352056.0,161337816.0,0.0,0.0,none,undetermined,unknown
54,Denmark,118,Kuwait,898,Skim milk and whey powder,1997,2.0,2643.0,1321.5,22900.0,7729.0,30629.0,0.0,0.086,none,undetermined,unknown
63,Estonia,119,Latvia,270,Rape or colza seed,2009,1.0,1321.0,1321.0,135992.0,986.0,136978.0,0.0,0.01,none,undetermined,unknown
231,United States of America,229,United Kingdom of Great Britain and Northern Ireland,497,Lemons and limes,2007,1321.0,1.0,1321.0,723934.0,431339.0,1155273.0,0.001,0.0,none,undetermined,unknown
101,Indonesia,200,Singapore,257,Palm oil,2008,600875.0,455.0,1320.604,17539788.0,8823.0,17548611.0,0.034,0.0,none,undetermined,unknown
9,Argentina,255,Belgium,162,Raw cane or beet sugar (centrifugal only),2017,2640.0,2.0,1320.0,2142888.0,304.03,2143192.03,0.001,0.0,none,undetermined,unknown
9,Argentina,194,Saudi Arabia,56,Maize (corn),1989,12.0,15833.0,1319.417,4900000.0,0.0,4900000.0,0.0,0.003,none,undetermined,unknown
229,United Kingdom of Great Britain and Northern Ireland,105,Israel,165,Molasses,2000,6.0,7911.0,1318.5,335000.0,663564.0,998564.0,0.0,0.008,none,undetermined,unknown
114,Kenya,100,India,211,Other pulses n.e.c.,2016,31638.0,24.0,1318.25,103532.71,3802.76,107335.47,0.295,0.0,none,undetermined,unknown
68,France,165,Pakistan,897,Whole milk powder,2012,1.0,1318.0,1318.0,92110.0,22063.0,114173.0,0.0,0.012,none,undetermined,unknown
150,Netherlands (Kingdom of the),110,Japan,271,"Rapeseed or canola oil, crude",2010,1318.0,1.0,1318.0,521700.0,325560.0,847260.0,0.002,0.0,none,undetermined,unknown
101,Indonesia,214,"China, Taiwan Province of",176,"Beans, dry",1994,1.0,1317.0,1317.0,849879.0,133612.0,983491.0,0.0,0.001,none,undetermined,unknown
150,Netherlands (Kingdom of the),203,Spain,889,"Whole milk, condensed",2011,3951.0,3.0,1317.0,354420.0,19432.0,373852.0,0.011,0.0,none,undetermined,unknown
216,Thailand,200,Singapore,401,"Chillies and peppers, green (Capsicum spp. and Pimenta spp.)",2011,1.0,1316.0,1316.0,17794.2,1293.0,19087.2,0.0,0.069,none,undetermined,unknown
54,Denmark,229,United Kingdom of Great Britain and Northern Ireland,1062,"Hen eggs in shell, fresh",2014,1.6,2104.1,1315.062,82056.0,9942.3,91998.3,0.0,0.023,none,undetermined,unknown
150,Netherlands (Kingdom of the),185,Russian Federation,568,Cantaloupes and other melons,2009,1315.0,1.0,1315.0,2286.15,150599.0,152885.15,0.009,0.0,none,undetermined,unknown
156,New Zealand,27,Bulgaria,977,"Meat of sheep, fresh or chilled",1988,1.0,1315.0,1315.0,615062.0,50.0,615112.0,0.0,0.002,none,undetermined,unknown
156,New Zealand,211,Switzerland,619,"Other fruits, n.e.c.",1987,2.0,2628.0,1314.0,16000.0,2313.0,18313.0,0.0,0.144,none,undetermined,unknown
100,India,255,Belgium,165,Molasses,2010,8.0,10508.0,1313.5,8400000.0,7235.0,8407235.0,0.0,0.001,none,undetermined,unknown
15,Belgium-Luxembourg,231,United States of America,44,Barley,1986,43313.0,33.0,1312.515,857629.0,826709.0,1684338.0,0.026,0.0,none,undetermined,unknown
231,United States of America,138,Mexico,292,Mustard seed,1999,1312.0,1.0,1312.0,21800.0,47310.0,69110.0,0.019,0.0,none,undetermined,unknown
41,"China, mainland",33,Canada,568,Cantaloupes and other melons,2004,1.0,1310.0,1310.0,8064200.0,0.0,8064200.0,0.0,0.0,none,undetermined,unknown
68,France,211,Switzerland,399,Eggplants (aubergines),2015,1715.9,1.31,1309.847,31304.0,48651.7,79955.7,0.021,0.0,none,undetermined,unknown
56,Dominican Republic,33,Canada,249,"Coconuts, in shell",2020,1.3,1702.14,1309.338,423886.95,54.86,423941.81,0.0,0.004,none,undetermined,unknown
131,Malaysia,100,India,252,Coconut oil,2012,1309.0,1.0,1309.0,45400.0,187473.0,232873.0,0.006,0.0,none,undetermined,unknown
203,Spain,203,Spain,867,"Meat of cattle with the bone, fresh or chilled",2007,1309.0,1.0,1309.0,620166.0,26602.0,646768.0,0.002,0.0,none,undetermined,unknown
229,United Kingdom of Great Britain and Northern Ireland,215,United Republic of Tanzania,162,Raw cane or beet sugar (centrifugal only),1998,1.0,1309.0,1309.0,1565000.0,1299660.0,2864660.0,0.0,0.0,none,undetermined,unknown
102,Iran (Islamic Republic of),165,Pakistan,211,Other pulses n.e.c.,2003,16.0,20941.0,1308.812,24120.5,0.0,24120.5,0.001,0.868,none,undetermined,unknown
223,Türkiye,98,Croatia,403,"Onions and shallots, dry (excluding dehydrated)",1999,1308.0,1.0,1308.0,2500000.0,71.0,2500071.0,0.001,0.0,none,undetermined,unknown
106,Italy,143,Morocco,592,Kiwi fruit,2009,1.0,1307.0,1307.0,447608.0,54730.0,502338.0,0.0,0.003,none,undetermined,unknown
150,Netherlands (Kingdom of the),203,Spain,15,Wheat,2021,40.38,52748.95,1306.314,947250.0,4963009.29,5910259.29,0.0,0.009,none,undetermined,unknown
150,Netherlands (Kingdom of the),231,United States of America,1035,"Meat of pig with the bone, fresh or chilled",2020,5458.43,4.18,1305.844,1661650.0,198613.27,1860263.27,0.003,0.0,none,undetermined,unknown
138,Mexico,33,Canada,399,Eggplants (aubergines),2003,4.0,5222.0,1305.5,55049.2,103.0,55152.2,0.0,0.095,none,undetermined,unknown
216,Thailand,96,"China, Hong Kong SAR",894,"Whole milk, evaporated",2018,4.59,5990.95,1305.218,27681.85,2142.83,29824.68,0.0,0.201,none,undetermined,unknown
10,Australia,132,Maldives,889,"Whole milk, condensed",2019,1.3,1696.31,1304.854,21056.08,3043.11,24099.190000000002,0.0,0.07,none,undetermined,unknown
167,Czechia,183,Romania,162,Raw cane or beet sugar (centrifugal only),2010,2.0,2608.0,1304.0,499000.0,18687.0,517687.0,0.0,0.005,none,undetermined,unknown
33,Canada,96,"China, Hong Kong SAR",44,Barley,1998,48244.0,37.0,1303.892,12708700.0,13089.0,12721789.0,0.004,0.0,none,undetermined,unknown
150,Netherlands (Kingdom of the),203,Spain,889,"Whole milk, condensed",2014,4561.5,3.5,1303.286,382190.0,21646.64,403836.64,0.011,0.0,none,undetermined,unknown
41,"China, mainland",131,Malaysia,403,"Onions and shallots, dry (excluding dehydrated)",1990,2.0,2606.0,1303.0,5000000.0,2.0,5000002.0,0.0,0.001,none,undetermined,unknown
185,Russian Federation,75,Gambia,15,Wheat,2018,6513.19,5.0,1302.638,72136149.0,344247.51,72480396.51,0.0,0.0,none,undetermined,unknown
154,North Macedonia,57,Belarus,515,Apples,2015,55.23,71847.55,1300.879,136931.0,876.64,137807.64,0.0,0.521,none,undetermined,unknown
100,India,229,United Kingdom of Great Britain and Northern Ireland,463,"Other vegetables, fresh n.e.c.",2013,13008.0,10.0,1300.8,23946000.0,152.0,23946152.0,0.001,0.0,none,undetermined,unknown
150,Netherlands (Kingdom of the),211,Switzerland,15,Wheat,2006,1300.0,1.0,1300.0,1184400.0,3986530.0,5170930.0,0.0,0.0,none,undetermined,unknown
229,United Kingdom of Great Britain and Northern Ireland,41,"China, mainland",897,Whole milk powder,2017,3066.98,2.36,1299.568,70186.51,23112.45,93298.95999999999,0.033,0.0,none,undetermined,unknown
215,United Republic of Tanzania,100,India,187,"Peas, dry",2014,62376.65,48.0,1299.514,98785.74,2417.77,101203.51000000001,0.616,0.0,none,undetermined,unknown
112,Jordan,179,Qatar,394,"Pumpkins, squash and gourds",2013,2.0,2599.0,1299.5,78653.0,0.0,78653.0,0.0,0.033,none,undetermined,unknown
68,France,106,Italy,270,Rape or colza seed,2004,1299.0,1.0,1299.0,3997878.8,34778.0,4032656.8,0.0,0.0,none,undetermined,unknown
185,Russian Federation,141,Mongolia,162,Raw cane or beet sugar (centrifugal only),2020,14.04,18235.55,1298.828,5794401.0,7772.61,5802173.61,0.0,0.003,none,undetermined,unknown
165,Pakistan,231,United States of America,211,Other pulses n.e.c.,2003,10.0,12981.0,1298.1,142300.0,65712.0,208012.0,0.0,0.062,none,undetermined,unknown
41,"China, mainland",100,India,1182,Natural honey,2003,2596.0,2.0,1298.0,288786.0,602.0,289388.0,0.009,0.0,none,undetermined,unknown
183,Romania,84,Greece,267,Sunflower seed,2008,3894.0,3.0,1298.0,1169936.0,89577.0,1259513.0,0.003,0.0,none,undetermined,unknown
216,Thailand,120,Lao People's Democratic Republic,234,"Other nuts (excluding wild edible nuts and groundnuts), in shell, n.e.c.",2019,1.56,2023.8,1297.308,14759.9,4946.55,19706.45,0.0,0.103,none,undetermined,unknown
41,"China, mainland",128,"China, Macao SAR",393,Cauliflowers and broccoli,2004,6.0,7782.0,1297.0,7250000.0,1.0,7250001.0,0.0,0.001,none,undetermined,unknown
211,Switzerland,203,Spain,898,Skim milk and whey powder,2003,1297.0,1.0,1297.0,28046.0,31.0,28077.0,0.046,0.0,none,undetermined,unknown
214,"China, Taiwan Province of",171,Philippines,165,Molasses,2010,3.0,3890.0,1296.667,30000.0,242714.0,272714.0,0.0,0.014,none,undetermined,unknown
97,Hungary,203,Spain,56,Maize (corn),2001,261831.0,202.0,1296.193,7857710.0,6034.0,7863744.0,0.033,0.0,none,undetermined,unknown
11,Austria,97,Hungary,56,Maize (corn),1986,1296.0,1.0,1296.0,1739740.0,18810.0,1758550.0,0.001,0.0,none,undetermined,unknown
100,India,200,Singapore,162,Raw cane or beet sugar (centrifugal only),2005,1296.0,1.0,1296.0,14170000.0,553698.0,14723698.0,0.0,0.0,none,undetermined,unknown
41,"China, mainland",131,Malaysia,290,Oil of sesame seed,2006,1.0,1295.0,1295.0,212800.0,1218.0,214018.0,0.0,0.006,none,undetermined,unknown
95,Honduras,138,Mexico,257,Palm oil,1995,1.0,1295.0,1295.0,75500.0,6042.0,81542.0,0.0,0.016,none,undetermined,unknown
101,Indonesia,110,Japan,449,Mushrooms and truffles,1994,1294.0,1.0,1294.0,25500.0,80.0,25580.0,0.051,0.0,none,undetermined,unknown
156,New Zealand,229,United Kingdom of Great Britain and Northern Ireland,402,"Onions and shallots, green",2008,43986.0,34.0,1293.706,200000.0,1072.0,201072.0,0.219,0.0,none,undetermined,unknown
138,Mexico,231,United States of America,149,"Edible roots and tubers with high starch or inulin content, n.e.c., fresh",2005,28449.0,22.0,1293.136,185209.0,69.0,185278.0,0.154,0.0,none,undetermined,unknown
10,Australia,131,Malaysia,236,Soya beans,2015,7.0,9051.87,1293.124,37439.0,1193.8999999999999,38632.9,0.0,0.234,none,undetermined,unknown
59,Egypt,229,United Kingdom of Great Britain and Northern Ireland,414,"Other beans, green",2011,4.0,5171.0,1292.75,305561.0,0.0,305561.0,0.0,0.017,none,undetermined,unknown
181,Zimbabwe,144,Mozambique,826,Unmanufactured tobacco,2015,13178.84,10.2,1292.043,171083.17,1720.45,172803.62000000002,0.076,0.0,none,undetermined,unknown
21,Brazil,185,Russian Federation,867,"Meat of cattle with the bone, fresh or chilled",2011,51.0,65892.0,1292.0,6783537.0,5926.0,6789463.0,0.0,0.01,none,undetermined,unknown
104,Ireland,200,Singapore,897,Whole milk powder,2012,1.0,1292.0,1292.0,25500.0,4400.0,29900.0,0.0,0.043,none,undetermined,unknown
150,Netherlands (Kingdom of the),79,Germany,777,"True hemp, raw or retted",2012,1.0,1292.0,1292.0,10189.0,22.0,10211.0,0.0,0.127,none,undetermined,unknown
231,United States of America,159,Nigeria,56,Maize (corn),2008,3876.0,3.0,1292.0,305911450.0,539642.0,306451092.0,0.0,0.0,none,undetermined,unknown
203,Spain,79,Germany,237,Soya bean oil,2005,5164.0,4.0,1291.0,395800.0,55770.0,451570.0,0.011,0.0,none,undetermined,unknown
216,Thailand,214,"China, Taiwan Province of",211,Other pulses n.e.c.,1991,3.0,3873.0,1291.0,52000.0,55.0,52055.0,0.0,0.074,none,undetermined,unknown
54,Denmark,124,Libya,116,Potatoes,1989,1290.0,1.0,1290.0,1238318.0,27418.0,1265736.0,0.001,0.0,none,undetermined,unknown
84,Greece,154,North Macedonia,619,"Other fruits, n.e.c.",2012,5160.0,4.0,1290.0,13500.0,702.0,14202.0,0.363,0.0,none,undetermined,unknown
231,United States of America,222,Tunisia,56,Maize (corn),2019,20.62,26553.7,1287.764,345962110.0,1050349.26,347012459.26,0.0,0.0,none,undetermined,unknown
79,Germany,183,Romania,495,"Tangerines, mandarins, clementines",2021,4.58,5895.04,1287.127,0.0,402906.57,402906.57,0.0,0.015,none,undetermined,unknown
104,Ireland,15,Belgium-Luxembourg,1058,"Meat of chickens, fresh or chilled",1998,1287.0,1.0,1287.0,78000.0,10962.0,88962.0,0.014,0.0,none,undetermined,unknown
156,New Zealand,150,Netherlands (Kingdom of the),619,"Other fruits, n.e.c.",1987,13.0,16723.0,1286.385,16000.0,2313.0,18313.0,0.001,0.913,none,undetermined,unknown
173,Poland,199,Slovakia,236,Soya beans,2008,5.0,6427.0,1285.4,102.0,7495.0,7597.0,0.001,0.846,none,undetermined,unknown
27,Bulgaria,229,United Kingdom of Great Britain and Northern Ireland,888,Skim milk of cows,2021,1.05,1349.58,1285.314,46486.67,3753.89,50240.56,0.0,0.027,none,undetermined,unknown
54,Denmark,118,Kuwait,898,Skim milk and whey powder,1996,2.0,2568.0,1284.0,27700.0,5131.0,32831.0,0.0,0.078,none,undetermined,unknown
216,Thailand,150,Netherlands (Kingdom of the),165,Molasses,1996,3850.0,3.0,1283.333,2852000.0,18.0,2852018.0,0.001,0.0,none,undetermined,unknown
79,Germany,203,Spain,75,Oats,2004,8.0,10266.0,1283.25,1185792.0,81320.0,1267112.0,0.0,0.008,none,undetermined,unknown
68,France,255,Belgium,459,Chicory roots,2004,1283.0,1.0,1283.0,88323.3,1391.0,89714.3,0.014,0.0,none,undetermined,unknown
68,France,171,Philippines,1035,"Meat of pig with the bone, fresh or chilled",2006,1283.0,1.0,1283.0,2010769.0,106111.0,2116880.0,0.001,0.0,none,undetermined,unknown
101,Indonesia,119,Latvia,257,Palm oil,2021,15394.61,12.0,1282.884,49710345.0,363.41,49710708.41,0.0,0.0,none,undetermined,unknown
255,Belgium,54,Denmark,1035,"Meat of pig with the bone, fresh or chilled",2008,2565.0,2.0,1282.5,1056169.0,20898.0,1077067.0,0.002,0.0,none,undetermined,unknown
79,Germany,229,United Kingdom of Great Britain and Northern Ireland,397,Cucumbers and gherkins,2013,5.0,6412.0,1282.4,223429.0,484643.0,708072.0,0.0,0.009,none,undetermined,unknown
41,"China, mainland",231,United States of America,122,Sweet potatoes,2021,23.58,30231.03,1282.062,51570765.7,28.07,51570793.77,0.0,0.001,none,undetermined,unknown
68,France,79,Germany,103,Mixed grain,2007,3846.0,3.0,1282.0,224842.0,15835.0,240677.0,0.016,0.0,none,undetermined,unknown
231,United States of America,33,Canada,894,"Whole milk, evaporated",1987,5.0,6408.0,1281.6,431214.0,2711.0,433925.0,0.0,0.015,none,undetermined,unknown
59,Egypt,229,United Kingdom of Great Britain and Northern Ireland,165,Molasses,1991,5.0,6406.0,1281.2,436000.0,5.0,436005.0,0.0,0.015,none,undetermined,unknown
229,United Kingdom of Great Britain and Northern Ireland,118,Kuwait,894,"Whole milk, evaporated",1997,6397.0,5.0,1279.4,114000.0,9940.0,123940.0,0.052,0.0,none,undetermined,unknown
41,"China, mainland",110,Japan,1073,"Meat of geese, fresh or chilled",2000,10227.0,8.0,1278.375,1726000.0,13057.0,1739057.0,0.006,0.0,none,undetermined,unknown
100,India,229,United Kingdom of Great Britain and Northern Ireland,813,"Coir, raw",2012,10224.0,8.0,1278.0,528000.0,56.0,528056.0,0.019,0.0,none,undetermined,unknown
106,Italy,185,Russian Federation,358,Cabbages,1999,1.0,1277.0,1277.0,523424.0,7531.0,530955.0,0.0,0.002,none,undetermined,unknown
200,Singapore,44,Colombia,836,Natural rubber in primary forms,1989,1277.0,1.0,1277.0,0.0,102152.0,102152.0,0.013,0.0,none,undetermined,unknown
68,France,210,Sweden,271,"Rapeseed or canola oil, crude",2014,3.5,4467.2,1276.343,2044000.0,143377.41999999998,2187377.42,0.0,0.002,none,undetermined,unknown
101,Indonesia,185,Russian Federation,257,Palm oil,1998,11.0,14013.0,1273.909,5902178.0,17617.0,5919795.0,0.0,0.002,none,undetermined,unknown
150,Netherlands (Kingdom of the),104,Ireland,15,Wheat,2002,3.0,3820.0,1273.333,1056640.0,3779565.0,4836205.0,0.0,0.001,none,undetermined,unknown
54,Denmark,150,Netherlands (Kingdom of the),271,"Rapeseed or canola oil, crude",1990,25437.0,20.0,1271.85,120080.0,704.0,120784.0,0.211,0.0,none,undetermined,unknown
225,United Arab Emirates,13,Bahrain,497,Lemons and limes,2020,2021.52,1.59,1271.396,15136.0,135946.71,151082.71,0.013,0.0,none,undetermined,unknown
97,Hungary,174,Portugal,56,Maize (corn),1998,40.0,50855.0,1271.375,6143000.0,3352.0,6146352.0,0.0,0.008,none,undetermined,unknown
79,Germany,104,Ireland,534,Peaches and nectarines,2009,1.0,1271.0,1271.0,780.0,274864.0,275644.0,0.0,0.005,none,undetermined,unknown
203,Spain,79,Germany,271,"Rapeseed or canola oil, crude",2000,1269.0,1.0,1269.0,22800.0,17909.0,40709.0,0.031,0.0,none,undetermined,unknown
211,Switzerland,68,France,900,"Whey, dry",2009,43145.0,34.0,1268.971,59500.0,5788.0,65288.0,0.661,0.001,none,undetermined,unknown
100,India,149,Nepal,897,Whole milk powder,1999,1.0,1268.0,1268.0,403.0,383.0,786.0,0.001,1.613,none,undetermined,unknown
215,United Republic of Tanzania,184,Rwanda,242,"Groundnuts, excluding shelled",2014,12.0,15213.2,1267.767,1635335.0,0.54,1635335.54,0.0,0.009,none,undetermined,unknown
130,Malawi,110,Japan,826,Unmanufactured tobacco,2009,5.0,6338.0,1267.6,208155.0,21084.0,229239.0,0.0,0.028,none,undetermined,unknown
231,United States of America,110,Japan,1035,"Meat of pig with the bone, fresh or chilled",1996,171101.0,135.0,1267.415,7763696.24,183612.0,7947308.24,0.022,0.0,none,undetermined,unknown
79,Germany,183,Romania,495,"Tangerines, mandarins, clementines",2020,4.73,5990.46,1266.482,0.0,388739.26999999996,388739.26999999996,0.0,0.015,none,undetermined,unknown
231,United States of America,15,Belgium-Luxembourg,56,Maize (corn),1993,180995.0,143.0,1265.699,160985760.0,352056.0,161337816.0,0.001,0.0,none,undetermined,unknown
89,Guatemala,60,El Salvador,463,"Other vegetables, fresh n.e.c.",1997,3797.0,3.0,1265.667,100000.0,47.0,100047.0,0.038,0.0,none,undetermined,unknown
174,Portugal,229,United Kingdom of Great Britain and Northern Ireland,882,Raw milk of cattle,2012,6327.0,5.0,1265.4,1938126.0,155992.0,2094118.0,0.003,0.0,none,undetermined,unknown
129,Madagascar,68,France,619,"Other fruits, n.e.c.",1995,8.0,10122.0,1265.25,6100.0,1.0,6101.0,0.001,1.659,none,undetermined,unknown
67,Finland,210,Sweden,271,"Rapeseed or canola oil, crude",2017,7.42,9386.32,1265.003,58400.0,14057.539999999999,72457.54,0.0,0.13,none,undetermined,unknown
79,Germany,106,Italy,414,"Other beans, green",1996,1265.0,1.0,1265.0,48605.0,16866.0,65471.0,0.019,0.0,none,undetermined,unknown
272,Serbia,80,Bosnia and Herzegovina,267,Sunflower seed,2010,3.0,3795.0,1265.0,378409.0,37689.0,416098.0,0.0,0.009,none,undetermined,unknown
255,Belgium,46,Congo,1035,"Meat of pig with the bone, fresh or chilled",2019,1769.66,1.4,1264.043,1038990.0,51147.79,1090137.79,0.002,0.0,none,undetermined,unknown
100,India,203,Spain,463,"Other vegetables, fresh n.e.c.",2001,1264.0,1.0,1264.0,27577500.0,4.0,27577504.0,0.0,0.0,none,undetermined,unknown
231,United States of America,54,Denmark,236,Soya beans,1999,16.0,20214.0,1263.375,72223460.0,105397.0,72328857.0,0.0,0.0,none,undetermined,unknown
126,Lithuania,150,Netherlands (Kingdom of the),236,Soya beans,2021,2776.92,2.2,1262.236,2230.0,2881.4799999999996,5111.48,0.543,0.0,none,undetermined,unknown
101,Indonesia,79,Germany,165,Molasses,2017,10090.8,8.0,1261.35,1210000.0,84259.25,1294259.25,0.008,0.0,none,undetermined,unknown
27,Bulgaria,97,Hungary,507,Pomelos and grapefruits,2018,1891.27,1.5,1260.847,0.0,18065.579999999998,18065.579999999998,0.105,0.0,none,undetermined,unknown
54,Denmark,225,United Arab Emirates,889,"Whole milk, condensed",2018,1.11,1398.59,1259.991,0.0,2234.98,2234.98,0.0,0.626,none,undetermined,unknown
200,Singapore,38,Sri Lanka,1242,Margarine and shortening,2004,3.0,3779.0,1259.667,31084.18,5192.0,36276.18,0.0,0.104,none,undetermined,unknown
84,Greece,231,United States of America,984,"Cheese from milk of sheep, fresh or processed",2011,2.0,2518.0,1259.0,125000.0,701.0,125701.0,0.0,0.02,none,undetermined,unknown
203,Spain,211,Switzerland,490,Oranges,1995,19.0,23921.0,1259.0,2587300.0,34692.0,2621992.0,0.0,0.009,none,undetermined,unknown
106,Italy,105,Israel,56,Maize (corn),2001,15.0,18880.0,1258.667,10553706.0,505587.0,11059293.0,0.0,0.002,none,undetermined,unknown
48,Costa Rica,33,Canada,486,Bananas,2017,101.58,127794.45,1258.067,2556158.0,6716.08,2562874.08,0.0,0.05,none,undetermined,unknown
174,Portugal,7,Angola,15,Wheat,2020,1.2,1509.0,1257.5,83500.0,1201619.59,1285119.59,0.0,0.001,none,undetermined,unknown
256,Luxembourg,68,France,270,Rape or colza seed,2000,4.0,5027.0,1256.75,8370.0,148.0,8518.0,0.0,0.59,none,undetermined,unknown
234,Uruguay,21,Brazil,44,Barley,2016,33.0,41466.08,1256.548,354800.0,80077.09,434877.08999999997,0.0,0.095,none,undetermined,unknown
117,Republic of Korea,128,"China, Macao SAR",51,"Beer of barley, malted",2016,1.22,1532.86,1256.443,2000000.0,220508.06,2220508.06,0.0,0.001,none,undetermined,unknown
174,Portugal,255,Belgium,1058,"Meat of chickens, fresh or chilled",2004,1.0,1256.0,1256.0,229682.0,7767.0,237449.0,0.0,0.005,none,undetermined,unknown
223,Türkiye,198,Slovenia,397,Cucumbers and gherkins,1996,3768.0,3.0,1256.0,1300000.0,7.0,1300007.0,0.003,0.0,none,undetermined,unknown
41,"China, mainland",200,Singapore,394,"Pumpkins, squash and gourds",2015,2.35,2947.35,1254.191,7681768.57,2502.28,7684270.850000001,0.0,0.0,none,undetermined,unknown
162,Norway,54,Denmark,1035,"Meat of pig with the bone, fresh or chilled",1999,1254.0,1.0,1254.0,109143.0,1410.0,110553.0,0.011,0.0,none,undetermined,unknown
223,Türkiye,237,Viet Nam,723,"Other stimulant, spice and aromatic crops, n.e.c.",2018,8765.19,6.99,1253.961,245601.0,7031.24,252632.24,0.035,0.0,none,undetermined,unknown
100,India,150,Netherlands (Kingdom of the),571,"Mangoes, guavas and mangosteens",2010,23815.0,19.0,1253.421,17759500.0,131.0,17759631.0,0.001,0.0,none,undetermined,unknown
97,Hungary,167,Czechia,268,"Sunflower-seed oil, crude",2000,1253.0,1.0,1253.0,151489.0,11950.0,163439.0,0.008,0.0,none,undetermined,unknown
138,Mexico,110,Japan,393,Cauliflowers and broccoli,2016,1302.69,1.04,1252.587,583279.19,6719.24,589998.4299999999,0.002,0.0,none,undetermined,unknown
150,Netherlands (Kingdom of the),68,France,882,Raw milk of cattle,1997,1.0,1252.0,1252.0,10922310.0,347185.0,11269495.0,0.0,0.0,none,undetermined,unknown
200,Singapore,41,"China, mainland",889,"Whole milk, condensed",2002,1251.0,1.0,1251.0,40910.4,27797.0,68707.4,0.018,0.0,none,undetermined,unknown
27,Bulgaria,183,Romania,267,Sunflower seed,2002,16262.0,13.0,1250.923,645369.0,6299.0,651668.0,0.025,0.0,none,undetermined,unknown
9,Argentina,162,Norway,268,"Sunflower-seed oil, crude",1995,5000.0,4.0,1250.0,1974800.0,0.0,1974800.0,0.003,0.0,none,undetermined,unknown
198,Slovenia,68,France,564,Wine,2011,1250.0,1.0,1250.0,24944.0,9684.0,34628.0,0.036,0.0,none,undetermined,unknown
229,United Kingdom of Great Britain and Northern Ireland,221,Oman,268,"Sunflower-seed oil, crude",2010,2.0,2500.0,1250.0,0.0,276847.0,276847.0,0.0,0.009,none,undetermined,unknown
68,France,15,Belgium-Luxembourg,339,"Other oil seeds, n.e.c.",1998,1249.0,1.0,1249.0,641.0,8576.0,9217.0,0.136,0.0,none,undetermined,unknown
194,Saudi Arabia,13,Bahrain,397,Cucumbers and gherkins,2001,1.0,1248.0,1248.0,165521.0,267.0,165788.0,0.0,0.008,none,undetermined,unknown
59,Egypt,68,France,165,Molasses,2013,10.0,12475.0,1247.5,769000.0,235.0,769235.0,0.0,0.016,none,undetermined,unknown
174,Portugal,231,United States of America,1242,Margarine and shortening,2007,1247.0,1.0,1247.0,48800.0,13036.0,61836.0,0.02,0.0,none,undetermined,unknown
216,Thailand,131,Malaysia,603,"Other tropical fruits, n.e.c.",1989,3.0,3735.0,1245.0,675500.0,0.0,675500.0,0.0,0.006,none,undetermined,unknown
229,United Kingdom of Great Britain and Northern Ireland,54,Denmark,897,Whole milk powder,1997,33598.0,27.0,1244.37,96000.0,9872.0,105872.0,0.317,0.0,none,undetermined,unknown
255,Belgium,229,United Kingdom of Great Britain and Northern Ireland,270,Rape or colza seed,2011,5.0,6216.0,1243.2,52211.0,2182583.0,2234794.0,0.0,0.003,none,undetermined,unknown
110,Japan,225,United Arab Emirates,51,"Beer of barley, malted",2021,4.12,5121.05,1242.973,2028978.0,40596.329999999994,2069574.33,0.0,0.002,none,undetermined,unknown
106,Italy,174,Portugal,15,Wheat,2020,3.1,3852.06,1242.6,6716180.0,7994395.56,14710575.559999999,0.0,0.0,none,undetermined,unknown
203,Spain,229,United Kingdom of Great Britain and Northern Ireland,27,Rice,2005,2.0,2485.0,1242.5,824114.0,10836.0,834950.0,0.0,0.003,none,undetermined,unknown
44,Colombia,79,Germany,489,Plantains and cooking bananas,2008,1242.0,1.0,1242.0,3379742.0,66327.0,3446069.0,0.0,0.0,none,undetermined,unknown
203,Spain,203,Spain,882,Raw milk of cattle,2004,14904.0,12.0,1242.0,6384100.0,375317.0,6759417.0,0.002,0.0,none,undetermined,unknown
229,United Kingdom of Great Britain and Northern Ireland,150,Netherlands (Kingdom of the),449,Mushrooms and truffles,2008,4.0,4968.0,1242.0,70200.0,109463.0,179663.0,0.0,0.028,none,undetermined,unknown
68,France,105,Israel,56,Maize (corn),2007,15.0,18619.0,1241.267,14505519.1,892595.0,15398114.1,0.0,0.001,none,undetermined,unknown
38,Sri Lanka,41,"China, mainland",813,"Coir, raw",2011,69.0,85577.0,1240.246,148000.0,0.0,148000.0,0.0,0.578,none,undetermined,unknown
79,Germany,80,Bosnia and Herzegovina,162,Raw cane or beet sugar (centrifugal only),2003,1.0,1239.0,1239.0,3779000.0,23658.0,3802658.0,0.0,0.0,none,undetermined,unknown
131,Malaysia,110,Japan,1242,Margarine and shortening,2000,1239.0,1.0,1239.0,274000.0,2656.0,276656.0,0.004,0.0,none,undetermined,unknown
229,United Kingdom of Great Britain and Northern Ireland,150,Netherlands (Kingdom of the),449,Mushrooms and truffles,2011,4.0,4955.0,1238.75,70740.0,101278.0,172018.0,0.0,0.029,none,undetermined,unknown
170,Peru,33,Canada,403,"Onions and shallots, dry (excluding dehydrated)",2004,1.0,1238.0,1238.0,515459.0,0.0,515459.0,0.0,0.002,none,undetermined,unknown
200,Singapore,131,Malaysia,826,Unmanufactured tobacco,1996,2476.0,2.0,1238.0,2.0,20262.0,20264.0,0.122,0.0,none,undetermined,unknown
106,Italy,84,Greece,44,Barley,2020,5570.07,4.5,1237.793,1123730.0,449563.87,1573293.87,0.004,0.0,none,undetermined,unknown
156,New Zealand,110,Japan,463,"Other vegetables, fresh n.e.c.",1996,8664.0,7.0,1237.714,104200.0,1049.0,105249.0,0.082,0.0,none,undetermined,unknown
165,Pakistan,102,Iran (Islamic Republic of),289,Sesame seed,2016,32.67,40423.5,1237.328,34056.0,21.56,34077.56,0.001,1.186,none,undetermined,unknown
59,Egypt,194,Saudi Arabia,234,"Other nuts (excluding wild edible nuts and groundnuts), in shell, n.e.c.",1998,1237.0,1.0,1237.0,6500.0,23.0,6523.0,0.19,0.0,none,undetermined,unknown
68,France,59,Egypt,162,Raw cane or beet sugar (centrifugal only),1994,2.0,2473.0,1236.5,4364300.0,296025.0,4660325.0,0.0,0.001,none,undetermined,unknown
231,United States of America,110,Japan,826,Unmanufactured tobacco,2009,11.0,13597.0,1236.091,373115.0,197839.0,570954.0,0.0,0.024,none,undetermined,unknown
174,Portugal,217,Togo,564,Wine,2013,1.0,1236.0,1236.0,623134.0,152527.0,775661.0,0.0,0.002,none,undetermined,unknown
230,Ukraine,229,United Kingdom of Great Britain and Northern Ireland,267,Sunflower seed,2009,3707.0,3.0,1235.667,6364000.0,5478.0,6369478.0,0.001,0.0,none,undetermined,unknown
41,"China, mainland",194,Saudi Arabia,723,"Other stimulant, spice and aromatic crops, n.e.c.",2021,1.0,1234.66,1234.66,107169.58,21679.76,128849.34,0.0,0.01,none,undetermined,unknown
119,Latvia,126,Lithuania,1043,"Pig fat, rendered",2010,1.0,1234.0,1234.0,9828.0,61.0,9889.0,0.0,0.125,none,undetermined,unknown
203,Spain,229,United Kingdom of Great Britain and Northern Ireland,767,"Cotton lint, ginned",2001,3701.0,3.0,1233.667,103994.0,27374.0,131368.0,0.028,0.0,none,undetermined,unknown
233,Burkina Faso,150,Netherlands (Kingdom of the),767,"Cotton lint, ginned",2010,11101.0,9.0,1233.444,190000.0,1.0,190001.0,0.058,0.0,none,undetermined,unknown
48,Costa Rica,33,Canada,486,Bananas,1998,120.0,148007.0,1233.392,2101120.0,1589.0,2102709.0,0.0,0.07,none,undetermined,unknown
231,United States of America,58,Ecuador,27,Rice,2008,1233.0,1.0,1233.0,9241170.0,88.0,9241258.0,0.0,0.0,none,undetermined,unknown
57,Belarus,54,Denmark,271,"Rapeseed or canola oil, crude",2006,22180.0,18.0,1232.222,42854.0,7.0,42861.0,0.517,0.0,none,undetermined,unknown
97,Hungary,105,Israel,15,Wheat,2003,20.0,24641.0,1232.05,2941248.0,5392.0,2946640.0,0.0,0.008,none,undetermined,unknown
79,Germany,154,North Macedonia,15,Wheat,2005,1.0,1232.0,1232.0,23692700.0,1440523.0,25133223.0,0.0,0.0,none,undetermined,unknown
165,Pakistan,108,Kazakhstan,495,"Tangerines, mandarins, clementines",2007,8.0,9855.0,1231.875,1413572.0,30.0,1413602.0,0.0,0.007,none,undetermined,unknown
21,Brazil,79,Germany,574,Pineapples,2007,8623.0,7.0,1231.857,2676323.0,1.0,2676324.0,0.003,0.0,none,undetermined,unknown
100,India,179,Qatar,486,Bananas,2015,3042.41,2.47,1231.745,29221000.0,0.0,29221000.0,0.0,0.0,none,undetermined,unknown
101,Indonesia,255,Belgium,257,Palm oil,2005,22.0,27095.0,1231.591,11861615.0,10645.0,11872260.0,0.0,0.002,none,undetermined,unknown
79,Germany,194,Saudi Arabia,162,Raw cane or beet sugar (centrifugal only),2010,1.0,1231.0,1231.0,3640424.0,86103.0,3726527.0,0.0,0.0,none,undetermined,unknown
98,Croatia,223,Türkiye,56,Maize (corn),2009,9.0,11079.0,1231.0,2182521.0,6305.0,2188826.0,0.0,0.005,none,undetermined,unknown
223,Türkiye,102,Iran (Islamic Republic of),1242,Margarine and shortening,2010,2462.0,2.0,1231.0,684814.0,145.0,684959.0,0.004,0.0,none,undetermined,unknown
150,Netherlands (Kingdom of the),106,Italy,44,Barley,2004,3.0,3692.0,1230.667,287600.0,1112472.0,1400072.0,0.0,0.003,none,undetermined,unknown
212,Syrian Arab Republic,211,Switzerland,767,"Cotton lint, ginned",1999,1230.0,1.0,1230.0,306217.0,0.0,306217.0,0.004,0.0,none,undetermined,unknown
54,Denmark,68,France,15,Wheat,2017,30008.3,24.4,1229.848,4834100.0,222335.26,5056435.26,0.006,0.0,none,undetermined,unknown
251,Zambia,181,Zimbabwe,767,"Cotton lint, ginned",2005,29.0,35638.0,1228.897,46850.0,3266.0,50116.0,0.001,0.711,none,undetermined,unknown
209,Eswatini,68,France,162,Raw cane or beet sugar (centrifugal only),2005,42.0,51608.0,1228.762,652735.0,1142.0,653877.0,0.0,0.079,none,undetermined,unknown
174,Portugal,79,Germany,1080,"Meat of turkeys, fresh or chilled",2008,3.0,3686.0,1228.667,42535.0,11126.0,53661.0,0.0,0.069,none,undetermined,unknown
9,Argentina,234,Uruguay,75,Oats,1988,1228.0,1.0,1228.0,450000.0,0.0,450000.0,0.003,0.0,none,undetermined,unknown
68,France,231,United States of America,885,"Cream, fresh",2004,2.0,2456.0,1228.0,342000.0,87184.0,429184.0,0.0,0.006,none,undetermined,unknown
156,New Zealand,110,Japan,402,"Onions and shallots, green",1991,11050.0,9.0,1227.778,90000.0,0.0,90000.0,0.123,0.0,none,undetermined,unknown
237,Viet Nam,10,Australia,234,"Other nuts (excluding wild edible nuts and groundnuts), in shell, n.e.c.",2014,1693.88,1.38,1227.449,5780.38,2524.58,8304.96,0.204,0.0,none,undetermined,unknown
27,Bulgaria,11,Austria,1058,"Meat of chickens, fresh or chilled",2001,1.0,1227.0,1227.0,110000.0,8668.0,118668.0,0.0,0.01,none,undetermined,unknown
150,Netherlands (Kingdom of the),185,Russian Federation,536,Plums and sloes,2003,1227.0,1.0,1227.0,6413.68,34196.0,40609.68,0.03,0.0,none,undetermined,unknown
231,United States of America,41,"China, mainland",60,Oil of maize,1999,2.0,2454.0,1227.0,1077000.0,18824.0,1095824.0,0.0,0.002,none,undetermined,unknown
138,Mexico,33,Canada,394,"Pumpkins, squash and gourds",1999,1226.0,1.0,1226.0,494145.0,1127.0,495272.0,0.002,0.0,none,undetermined,unknown
68,France,211,Switzerland,567,Watermelons,2019,7207.84,5.88,1225.823,13110.0,226906.11000000002,240016.11000000002,0.03,0.0,none,undetermined,unknown
95,Honduras,229,United Kingdom of Great Britain and Northern Ireland,257,Palm oil,2002,3.0,3676.0,1225.333,126500.0,1449.0,127949.0,0.0,0.029,none,undetermined,unknown
79,Germany,174,Portugal,56,Maize (corn),2005,4.0,4900.0,1225.0,4082700.0,1718451.0,5801151.0,0.0,0.001,none,undetermined,unknown
229,United Kingdom of Great Britain and Northern Ireland,79,Germany,211,Other pulses n.e.c.,1992,14689.0,12.0,1224.083,302000.0,1654.0,303654.0,0.048,0.0,none,undetermined,unknown
101,Indonesia,33,Canada,257,Palm oil,2017,42.38,51873.0,1223.997,37965224.0,2107.85,37967331.85,0.0,0.001,none,undetermined,unknown
229,United Kingdom of Great Britain and Northern Ireland,255,Belgium,165,Molasses,2013,20.0,24466.0,1223.3,325000.0,765347.0,1090347.0,0.0,0.022,none,undetermined,unknown
79,Germany,203,Spain,71,Rye,2007,44034.0,36.0,1223.167,2698282.0,166868.0,2865150.0,0.015,0.0,none,undetermined,unknown
126,Lithuania,150,Netherlands (Kingdom of the),898,Skim milk and whey powder,2001,2.0,2445.0,1222.5,13500.0,21352.0,34852.0,0.0,0.07,none,undetermined,unknown
67,Finland,210,Sweden,165,Molasses,2004,1.0,1222.0,1222.0,40000.0,2860.0,42860.0,0.0,0.029,none,undetermined,unknown
68,France,106,Italy,89,Buckwheat,2009,1.0,1222.0,1222.0,114500.0,12074.0,126574.0,0.0,0.01,none,undetermined,unknown
96,"China, Hong Kong SAR",41,"China, mainland",868,"Edible offal of cattle, fresh, chilled or frozen",1997,21987.0,18.0,1221.5,2940.0,50923.0,53863.0,0.408,0.0,none,undetermined,unknown
21,Brazil,255,Belgium,486,Bananas,2008,16.0,19540.0,1221.25,6998150.0,3.0,6998153.0,0.0,0.003,none,undetermined,unknown
203,Spain,229,United Kingdom of Great Britain and Northern Ireland,1036,"Edible offal of pigs, fresh, chilled or frozen",2012,1221.0,1.0,1221.0,386122.06,3529.0,389651.06,0.003,0.0,none,undetermined,unknown
223,Türkiye,110,Japan,826,Unmanufactured tobacco,2010,1.0,1221.0,1221.0,53018.0,50017.0,103035.0,0.0,0.012,none,undetermined,unknown
231,United States of America,138,Mexico,270,Rape or colza seed,1989,21.0,25623.0,1220.143,52000.0,77588.0,129588.0,0.0,0.198,none,undetermined,unknown
138,Mexico,231,United States of America,867,"Meat of cattle with the bone, fresh or chilled",1986,1.0,1220.0,1220.0,1247856.0,689.0,1248545.0,0.0,0.001,none,undetermined,unknown
203,Spain,229,United Kingdom of Great Britain and Northern Ireland,767,"Cotton lint, ginned",1998,3658.0,3.0,1219.333,108434.0,53275.0,161709.0,0.023,0.0,none,undetermined,unknown
202,South Africa,112,Jordan,521,Pears,2011,1.0,1218.0,1218.0,350527.0,201.0,350728.0,0.0,0.003,none,undetermined,unknown
231,United States of America,203,Spain,237,Soya bean oil,2000,9742.0,8.0,1217.75,8355000.0,42865.0,8397865.0,0.001,0.0,none,undetermined,unknown
170,Peru,150,Netherlands (Kingdom of the),619,"Other fruits, n.e.c.",2014,2.53,3079.2,1217.075,124000.0,0.0,124000.0,0.0,0.025,none,undetermined,unknown
96,"China, Hong Kong SAR",41,"China, mainland",51,"Beer of barley, malted",2001,6081.0,5.0,1216.2,53610.27,122854.0,176464.27,0.034,0.0,none,undetermined,unknown
102,Iran (Islamic Republic of),255,Belgium,223,"Pistachios, in shell",2002,1216.0,1.0,1216.0,248665.0,0.0,248665.0,0.005,0.0,none,undetermined,unknown
229,United Kingdom of Great Britain and Northern Ireland,150,Netherlands (Kingdom of the),1069,"Meat of ducks, fresh or chilled",1998,1216.0,1.0,1216.0,40000.0,3573.0,43573.0,0.028,0.0,none,undetermined,unknown
229,United Kingdom of Great Britain and Northern Ireland,211,Switzerland,44,Barley,1995,6.0,7295.0,1215.833,6834000.0,95014.0,6929014.0,0.0,0.001,none,undetermined,unknown
101,Indonesia,131,Malaysia,403,"Onions and shallots, dry (excluding dehydrated)",2005,2.0,2429.0,1214.5,732609.0,22055.0,754664.0,0.0,0.003,none,undetermined,unknown
231,United States of America,79,Germany,268,"Sunflower-seed oil, crude",1993,8.0,9699.0,1212.375,331000.0,70955.0,401955.0,0.0,0.024,none,undetermined,unknown
100,India,215,United Republic of Tanzania,162,Raw cane or beet sugar (centrifugal only),2019,4897.94,4.04,1212.361,34300000.0,985437.98,35285437.98,0.0,0.0,none,undetermined,unknown
41,"China, mainland",150,Netherlands (Kingdom of the),1166,"Other meat n.e.c. (excluding mammals), fresh, chilled or frozen",1990,1212.0,1.0,1212.0,70000.0,128.0,70128.0,0.017,0.0,none,undetermined,unknown
110,Japan,200,Singapore,268,"Sunflower-seed oil, crude",1999,1.0,1212.0,1212.0,2369.0,10237.0,12606.0,0.0,0.096,none,undetermined,unknown
68,France,195,Senegal,867,"Meat of cattle with the bone, fresh or chilled",1988,1.0,1211.0,1211.0,1828000.0,180300.0,2008300.0,0.0,0.001,none,undetermined,unknown
203,Spain,229,United Kingdom of Great Britain and Northern Ireland,894,"Whole milk, evaporated",2002,1211.0,1.0,1211.0,31100.0,1560.0,32660.0,0.037,0.0,none,undetermined,unknown
119,Latvia,150,Netherlands (Kingdom of the),271,"Rapeseed or canola oil, crude",2018,1271.41,1.05,1210.867,52100.0,39397.87,91497.87,0.014,0.0,none,undetermined,unknown
143,Morocco,174,Portugal,414,"Other beans, green",2018,6357.05,5.25,1210.867,210000.0,507.72,210507.72,0.03,0.0,none,undetermined,unknown
21,Brazil,231,United States of America,165,Molasses,2017,2.28,2760.2,1210.614,15900000.0,5215.67,15905215.67,0.0,0.0,none,undetermined,unknown
10,Australia,156,New Zealand,162,Raw cane or beet sugar (centrifugal only),2010,161.0,194857.0,1210.292,4519000.0,28812.0,4547812.0,0.0,0.043,none,undetermined,unknown
113,Kyrgyzstan,185,Russian Federation,531,Cherries,2019,1536.79,1.27,1210.071,4604.13,4372.29,8976.42,0.171,0.0,none,undetermined,unknown
54,Denmark,255,Belgium,1036,"Edible offal of pigs, fresh, chilled or frozen",2000,2420.0,2.0,1210.0,118356.43,12490.0,130846.43,0.018,0.0,none,undetermined,unknown
255,Belgium,79,Germany,222,"Walnuts, in shell",2007,1210.0,1.0,1210.0,520.0,1772.0,2292.0,0.528,0.0,none,undetermined,unknown
231,United States of America,58,Ecuador,236,Soya beans,2017,6062.0,5.01,1209.98,120064970.0,667603.3099999999,120732573.31,0.0,0.0,none,undetermined,unknown
68,France,162,Norway,567,Watermelons,2020,1705.24,1.41,1209.39,24820.0,239760.79,264580.79000000004,0.006,0.0,none,undetermined,unknown
231,United States of America,33,Canada,890,"Whey, condensed",2017,15.02,18164.61,1209.362,49975.0,2441.39,52416.39,0.0,0.347,none,undetermined,unknown
21,Brazil,110,Japan,826,Unmanufactured tobacco,2008,19.0,22963.0,1208.579,851058.0,14311.0,865369.0,0.0,0.027,none,undetermined,unknown
131,Malaysia,200,Singapore,885,"Cream, fresh",2001,1208.0,1.0,1208.0,197.14,2259.0,2456.14,0.492,0.0,none,undetermined,unknown
216,Thailand,131,Malaysia,234,"Other nuts (excluding wild edible nuts and groundnuts), in shell, n.e.c.",2010,2.0,2416.0,1208.0,19197.89,2813.0,22010.89,0.0,0.11,none,undetermined,unknown
272,Serbia,106,Italy,15,Wheat,2020,20989.88,17.38,1207.703,2873503.49,2927.3,2876430.79,0.007,0.0,none,undetermined,unknown
202,South Africa,129,Madagascar,237,Soya bean oil,2009,2.0,2415.0,1207.5,20100.0,137801.0,157901.0,0.0,0.015,none,undetermined,unknown
138,Mexico,131,Malaysia,619,"Other fruits, n.e.c.",2019,1448.99,1.2,1207.492,516642.34,8144.929999999999,524787.27,0.003,0.0,none,undetermined,unknown
131,Malaysia,214,"China, Taiwan Province of",51,"Beer of barley, malted",2009,1207.0,1.0,1207.0,160000.0,27201.0,187201.0,0.006,0.0,none,undetermined,unknown
157,Nicaragua,231,United States of America,165,Molasses,2004,4.0,4825.0,1206.25,144000.0,4.0,144004.0,0.0,0.034,none,undetermined,unknown
256,Luxembourg,68,France,270,Rape or colza seed,2008,6.0,7237.0,1206.167,16493.0,1941.0,18434.0,0.0,0.393,none,undetermined,unknown
104,Ireland,79,Germany,867,"Meat of cattle with the bone, fresh or chilled",2017,2.2,2650.26,1204.664,617000.0,7437.67,624437.67,0.0,0.004,none,undetermined,unknown
229,United Kingdom of Great Britain and Northern Ireland,84,Greece,271,"Rapeseed or canola oil, crude",1995,15656.0,13.0,1204.308,557300.0,52294.0,609594.0,0.026,0.0,none,undetermined,unknown
60,El Salvador,89,Guatemala,165,Molasses,1999,2408.0,2.0,1204.0,187946.0,1795.0,189741.0,0.013,0.0,none,undetermined,unknown
168,Papua New Guinea,79,Germany,252,Coconut oil,2001,2.0,2408.0,1204.0,31590.0,0.0,31590.0,0.0,0.076,none,undetermined,unknown
97,Hungary,223,Türkiye,56,Maize (corn),2012,72.0,86647.0,1203.431,4762710.0,146684.0,4909394.0,0.0,0.018,none,undetermined,unknown
101,Indonesia,200,Singapore,414,"Other beans, green",2010,2.0,2406.0,1203.0,942434.0,23.0,942457.0,0.0,0.003,none,undetermined,unknown
198,Slovenia,106,Italy,900,"Whey, dry",2017,1.0,1202.39,1202.39,4017.94,511.46,4529.4,0.0,0.265,none,undetermined,unknown
131,Malaysia,26,Brunei Darussalam,388,Tomatoes,2016,1.57,1887.24,1202.064,242946.4,2899.7799999999997,245846.18,0.0,0.008,none,undetermined,unknown
59,Egypt,223,Türkiye,165,Molasses,2001,5.0,6005.0,1201.0,545000.0,0.0,545000.0,0.0,0.011,none,undetermined,unknown
41,"China, mainland",53,Benin,667,Tea leaves,2018,8703.14,7.25,1200.433,11800000.0,34541.06,11834541.06,0.001,0.0,none,undetermined,unknown
21,Brazil,220,Trinidad and Tobago,162,Raw cane or beet sugar (centrifugal only),1992,6000.0,5.0,1200.0,9986000.0,100439.0,10086439.0,0.001,0.0,none,undetermined,unknown
79,Germany,210,Sweden,236,Soya beans,2007,1200.0,1.0,1200.0,1000.0,3692755.0,3693755.0,0.0,0.0,none,undetermined,unknown
150,Netherlands (Kingdom of the),11,Austria,15,Wheat,2007,4800.0,4.0,1200.0,1018000.0,4837632.0,5855632.0,0.001,0.0,none,undetermined,unknown
183,Romania,198,Slovenia,56,Maize (corn),2008,1200.0,1.0,1200.0,7849083.0,520325.0,8369408.0,0.0,0.0,none,undetermined,unknown
231,United States of America,40,Chile,268,"Sunflower-seed oil, crude",2007,1200.0,1.0,1200.0,287000.0,71932.0,358932.0,0.003,0.0,none,undetermined,unknown
41,"China, mainland",185,Russian Federation,372,Lettuce and chicory,2005,1199.0,1.0,1199.0,11000000.0,1.0,11000001.0,0.0,0.0,none,undetermined,unknown
106,Italy,167,Czechia,619,"Other fruits, n.e.c.",1994,8.0,9591.0,1198.875,50400.0,15911.0,66311.0,0.0,0.145,none,undetermined,unknown
96,"China, Hong Kong SAR",41,"China, mainland",463,"Other vegetables, fresh n.e.c.",2000,2397.0,2.0,1198.5,20000.0,298822.0,318822.0,0.008,0.0,none,undetermined,unknown
225,United Arab Emirates,238,Ethiopia,56,Maize (corn),2019,1437.58,1.2,1197.983,26072.05,452080.65,478152.7,0.003,0.0,none,undetermined,unknown
231,United States of America,214,"China, Taiwan Province of",1043,"Pig fat, rendered",1993,5989.0,5.0,1197.8,455850.0,6016.0,461866.0,0.013,0.0,none,undetermined,unknown
203,Spain,68,France,894,"Whole milk, evaporated",1998,4791.0,4.0,1197.75,22700.0,2787.0,25487.0,0.188,0.0,none,undetermined,unknown
223,Türkiye,225,United Arab Emirates,15,Wheat,2002,12.0,14372.0,1197.667,19500000.0,1079917.0,20579917.0,0.0,0.001,none,undetermined,unknown
21,Brazil,79,Germany,56,Maize (corn),2021,20400.88,17.04,1197.235,88272116.0,3205562.54,91477678.54,0.0,0.0,none,undetermined,unknown
54,Denmark,79,Germany,1080,"Meat of turkeys, fresh or chilled",2021,2.33,2787.54,1196.369,0.0,5601.38,5601.38,0.0,0.498,none,undetermined,unknown
40,Chile,33,Canada,619,"Other fruits, n.e.c.",1995,3.0,3589.0,1196.333,11547.68,0.0,11547.68,0.0,0.311,none,undetermined,unknown
200,Singapore,131,Malaysia,463,"Other vegetables, fresh n.e.c.",1998,1196.0,1.0,1196.0,9500.0,87414.0,96914.0,0.012,0.0,none,undetermined,unknown
150,Netherlands (Kingdom of the),203,Spain,252,Coconut oil,2006,2.0,2391.0,1195.5,0.0,418544.0,418544.0,0.0,0.006,none,undetermined,unknown
53,Benin,68,France,574,Pineapples,2012,1.0,1195.0,1195.0,434813.0,0.0,434813.0,0.0,0.003,none,undetermined,unknown
100,India,229,United Kingdom of Great Britain and Northern Ireland,165,Molasses,2017,17.17,20514.54,1194.79,9026000.0,57770.71,9083770.71,0.0,0.002,none,undetermined,unknown
216,Thailand,200,Singapore,165,Molasses,1992,22697.0,19.0,1194.579,2394000.0,50.0,2394050.0,0.009,0.0,none,undetermined,unknown
185,Russian Federation,33,Canada,187,"Peas, dry",2015,1.82,2173.36,1194.154,1715742.6,10285.52,1726028.12,0.0,0.001,none,undetermined,unknown
143,Morocco,174,Portugal,568,Cantaloupes and other melons,2018,2149.4,1.8,1194.111,500823.4,267.36,501090.76,0.004,0.0,none,undetermined,unknown
150,Netherlands (Kingdom of the),29,Burundi,51,"Beer of barley, malted",2018,1.78,2124.79,1193.702,2491200.0,499488.2,2990688.2,0.0,0.001,none,undetermined,unknown
231,United States of America,33,Canada,486,Bananas,2020,583545.2,488.86,1193.686,3474.11,4671407.31,4674881.42,0.125,0.0,none,undetermined,unknown
68,France,150,Netherlands (Kingdom of the),252,Coconut oil,2011,7.0,8355.0,1193.571,0.0,47599.0,47599.0,0.0,0.176,none,undetermined,unknown
40,Chile,33,Canada,560,Grapes,1989,26.0,31027.0,1193.346,1037000.0,0.0,1037000.0,0.0,0.03,none,undetermined,unknown
21,Brazil,106,Italy,56,Maize (corn),2012,29804.0,25.0,1192.16,71072810.0,830443.0,71903253.0,0.0,0.0,none,undetermined,unknown
231,United States of America,14,Barbados,83,Sorghum,2001,2384.0,2.0,1192.0,13057220.0,48.0,13057268.0,0.0,0.0,none,undetermined,unknown
231,United States of America,73,Georgia,15,Wheat,2003,42.0,50042.0,1191.476,63803256.0,1047820.0,64851076.0,0.0,0.001,none,undetermined,unknown
44,Colombia,156,New Zealand,165,Molasses,2004,7.0,8340.0,1191.429,618492.0,0.0,618492.0,0.0,0.013,none,undetermined,unknown
223,Türkiye,27,Bulgaria,1242,Margarine and shortening,2006,1.0,1191.0,1191.0,631575.0,166.0,631741.0,0.0,0.002,none,undetermined,unknown
68,France,106,Italy,373,Spinach,2011,1.0,1190.0,1190.0,110466.6,1783.0,112249.6,0.0,0.011,none,undetermined,unknown
68,France,107,Côte d'Ivoire,1035,"Meat of pig with the bone, fresh or chilled",2011,1190.0,1.0,1190.0,2217368.0,81585.0,2298953.0,0.001,0.0,none,undetermined,unknown
203,Spain,229,United Kingdom of Great Britain and Northern Ireland,767,"Cotton lint, ginned",2005,7140.0,6.0,1190.0,113360.0,13804.0,127164.0,0.056,0.0,none,undetermined,unknown
131,Malaysia,15,Belgium-Luxembourg,257,Palm oil,1996,18.0,21412.0,1189.556,8385890.0,14363.0,8400253.0,0.0,0.003,none,undetermined,unknown
40,Chile,33,Canada,536,Plums and sloes,1989,3.0,3565.0,1188.333,98500.0,0.0,98500.0,0.0,0.036,none,undetermined,unknown
174,Portugal,229,United Kingdom of Great Britain and Northern Ireland,116,Potatoes,2006,2376.0,2.0,1188.0,595291.0,282119.0,877410.0,0.003,0.0,none,undetermined,unknown
105,Israel,198,Slovenia,490,Oranges,2015,2672.63,2.25,1187.836,71494.0,0.0,71494.0,0.037,0.0,none,undetermined,unknown
100,India,131,Malaysia,242,"Groundnuts, excluding shelled",2016,5.85,6948.79,1187.827,7413461.75,0.0,7413461.75,0.0,0.001,none,undetermined,unknown
203,Spain,110,Japan,1035,"Meat of pig with the bone, fresh or chilled",2018,76214.51,64.17,1187.697,4530480.0,77281.93,4607761.93,0.017,0.0,none,undetermined,unknown
131,Malaysia,165,Pakistan,1242,Margarine and shortening,2006,23748.0,20.0,1187.4,403100.0,4266.0,407366.0,0.058,0.0,none,undetermined,unknown
15,Belgium-Luxembourg,131,Malaysia,898,Skim milk and whey powder,1986,17783.0,15.0,1185.533,137980.0,25251.0,163231.0,0.109,0.0,none,undetermined,unknown
231,United States of America,100,India,234,"Other nuts (excluding wild edible nuts and groundnuts), in shell, n.e.c.",2014,2074.06,1.75,1185.177,119816.0,75504.61,195320.61,0.011,0.0,none,undetermined,unknown
41,"China, mainland",231,United States of America,223,"Pistachios, in shell",2003,1185.0,1.0,1185.0,30000.0,11433.0,41433.0,0.029,0.0,none,undetermined,unknown
97,Hungary,105,Israel,15,Wheat,2021,189.0,223857.91,1184.433,5290140.0,173037.3,5463177.3,0.0,0.041,none,undetermined,unknown
79,Germany,210,Sweden,1037,Fat of pigs,2015,1183.8,1.0,1183.8,940472.34,31913.65,972385.99,0.001,0.0,none,undetermined,unknown
33,Canada,138,Mexico,267,Sunflower seed,1987,1.0,1183.0,1183.0,52400.0,0.0,52400.0,0.0,0.023,none,undetermined,unknown
79,Germany,255,Belgium,270,Rape or colza seed,2016,147.5,174413.9,1182.467,4579600.0,5487059.319999999,10066659.32,0.0,0.017,none,undetermined,unknown
9,Argentina,110,Japan,826,Unmanufactured tobacco,2007,3.0,3546.0,1182.0,127740.0,2826.0,130566.0,0.0,0.027,none,undetermined,unknown
156,New Zealand,200,Singapore,603,"Other tropical fruits, n.e.c.",1996,1.0,1182.0,1182.0,2200.0,668.0,2868.0,0.0,0.412,none,undetermined,unknown
27,Bulgaria,79,Germany,271,"Rapeseed or canola oil, crude",2019,9895.93,8.38,1180.899,22500.0,344.55,22844.55,0.433,0.0,none,undetermined,unknown
68,France,185,Russian Federation,403,"Onions and shallots, dry (excluding dehydrated)",2000,1.0,1180.0,1180.0,418890.0,90255.0,509145.0,0.0,0.002,none,undetermined,unknown
100,India,202,South Africa,165,Molasses,2007,21235.0,18.0,1179.722,13089000.0,31970.0,13120970.0,0.002,0.0,none,undetermined,unknown
171,Philippines,214,"China, Taiwan Province of",51,"Beer of barley, malted",2009,2358.0,2.0,1179.0,962880.0,468.0,963348.0,0.002,0.0,none,undetermined,unknown
210,Sweden,162,Norway,358,Cabbages,2003,1179.0,1.0,1179.0,17728.0,27954.0,45682.0,0.026,0.0,none,undetermined,unknown
79,Germany,229,United Kingdom of Great Britain and Northern Ireland,397,Cucumbers and gherkins,2011,6.0,7068.0,1178.0,249607.0,490006.0,739613.0,0.0,0.01,none,undetermined,unknown
202,South Africa,147,Namibia,56,Maize (corn),2012,32.0,37649.0,1176.531,12120656.0,238710.0,12359366.0,0.0,0.003,none,undetermined,unknown
119,Latvia,79,Germany,333,Linseed,2005,1.0,1176.0,1176.0,600.0,420.0,1020.0,0.001,1.153,none,undetermined,unknown
150,Netherlands (Kingdom of the),110,Japan,334,Oil of linseed,2002,1176.0,1.0,1176.0,16600.0,33704.0,50304.0,0.023,0.0,none,undetermined,unknown
231,United States of America,33,Canada,333,Linseed,2003,11.0,12929.0,1175.364,267120.0,100936.0,368056.0,0.0,0.035,none,undetermined,unknown
229,United Kingdom of Great Britain and Northern Ireland,150,Netherlands (Kingdom of the),449,Mushrooms and truffles,2007,1.0,1175.0,1175.0,71500.0,99555.0,171055.0,0.0,0.007,none,undetermined,unknown
9,Argentina,150,Netherlands (Kingdom of the),987,"Shorn wool, greasy, including fleece-washed shorn wool",1992,11747.0,10.0,1174.7,110000.0,423.0,110423.0,0.106,0.0,none,undetermined,unknown
79,Germany,104,Ireland,116,Potatoes,2012,4697.0,4.0,1174.25,10665600.0,855280.0,11520880.0,0.0,0.0,none,undetermined,unknown
41,"China, mainland",11,Austria,339,"Other oil seeds, n.e.c.",2020,2.0,2347.73,1173.865,303523.29,9358.12,312881.41,0.0,0.008,none,undetermined,unknown
216,Thailand,28,Myanmar,51,"Beer of barley, malted",2015,140625.84,119.85,1173.349,2356200.0,19125.07,2375325.07,0.059,0.0,none,undetermined,unknown
255,Belgium,171,Philippines,1058,"Meat of chickens, fresh or chilled",2020,23579.53,20.1,1173.111,441300.0,204128.49,645428.49,0.037,0.0,none,undetermined,unknown
15,Belgium-Luxembourg,203,Spain,71,Rye,1995,12.0,14077.0,1173.083,10806.0,25748.0,36554.0,0.0,0.385,none,undetermined,unknown
231,United States of America,79,Germany,237,Soya bean oil,1997,7034.0,6.0,1172.333,7145000.0,27801.0,7172801.0,0.001,0.0,none,undetermined,unknown
236,Venezuela (Bolivarian Republic of),68,France,486,Bananas,1997,1172.0,1.0,1172.0,1122693.0,1.0,1122694.0,0.001,0.0,none,undetermined,unknown
106,Italy,97,Hungary,486,Bananas,2020,1992.03,1.7,1171.782,0.0,781844.0599999999,781844.0599999999,0.003,0.0,none,undetermined,unknown
255,Belgium,203,Spain,44,Barley,2015,11242.6,9.6,1171.104,434140.0,1641809.9,2075949.9,0.005,0.0,none,undetermined,unknown
216,Thailand,131,Malaysia,495,"Tangerines, mandarins, clementines",2007,14.0,16395.0,1171.071,757328.0,11783.0,769111.0,0.0,0.021,none,undetermined,unknown
41,"China, mainland",166,Panama,720,"Ginger, raw",2011,1171.0,1.0,1171.0,470000.0,319.0,470319.0,0.002,0.0,none,undetermined,unknown
68,France,174,Portugal,220,"Chestnuts, in shell",2013,1.0,1171.0,1171.0,9200.0,7609.0,16809.0,0.0,0.07,none,undetermined,unknown
89,Guatemala,231,United States of America,567,Watermelons,1995,43311.0,37.0,1170.568,119600.0,364.0,119964.0,0.361,0.0,none,undetermined,unknown
150,Netherlands (Kingdom of the),203,Spain,889,"Whole milk, condensed",2020,3581.69,3.06,1170.487,393850.0,26137.690000000002,419987.69,0.009,0.0,none,undetermined,unknown
104,Ireland,150,Netherlands (Kingdom of the),51,"Beer of barley, malted",1997,30429.0,26.0,1170.346,1209500.0,75424.0,1284924.0,0.024,0.0,none,undetermined,unknown
200,Singapore,131,Malaysia,463,"Other vegetables, fresh n.e.c.",2012,4681.0,4.0,1170.25,20795.0,77928.0,98723.0,0.047,0.0,none,undetermined,unknown
104,Ireland,229,United Kingdom of Great Britain and Northern Ireland,1062,"Hen eggs in shell, fresh",1994,1.0,1169.0,1169.0,30400.0,2934.0,33334.0,0.0,0.035,none,undetermined,unknown
106,Italy,150,Netherlands (Kingdom of the),1036,"Edible offal of pigs, fresh, chilled or frozen",1997,1169.0,1.0,1169.0,90109.64,6417.0,96526.64,0.012,0.0,none,undetermined,unknown
185,Russian Federation,108,Kazakhstan,176,"Beans, dry",1999,1.0,1168.0,1168.0,5538.0,1314.0,6852.0,0.0,0.17,none,undetermined,unknown
236,Venezuela (Bolivarian Republic of),231,United States of America,165,Molasses,2015,5.2,6073.18,1167.919,186147.0,3.0100000000000002,186150.01,0.0,0.033,none,undetermined,unknown
114,Kenya,226,Uganda,83,Sorghum,2020,35032.25,30.0,1167.742,315000.0,48155.12,363155.12,0.096,0.0,none,undetermined,unknown
171,Philippines,200,Singapore,252,Coconut oil,2002,42029.0,36.0,1167.472,1296227.9,21.0,1296248.9,0.032,0.0,none,undetermined,unknown
21,Brazil,35,Cabo Verde,56,Maize (corn),2008,6.0,7003.0,1167.167,58933347.0,769799.0,59703146.0,0.0,0.0,none,undetermined,unknown
91,Guyana,220,Trinidad and Tobago,165,Molasses,2016,3500.4,3.0,1166.8,100000.0,0.13,100000.13,0.035,0.0,none,undetermined,unknown
100,India,196,Seychelles,56,Maize (corn),2006,4666.0,4.0,1166.5,14110300.0,2000.0,14112300.0,0.0,0.0,none,undetermined,unknown
112,Jordan,179,Qatar,534,Peaches and nectarines,2021,12643.83,10.84,1166.405,101158.0,132.82,101290.82,0.125,0.0,none,undetermined,unknown
150,Netherlands (Kingdom of the),162,Norway,15,Wheat,2012,1.0,1166.0,1166.0,1302002.0,3689628.0,4991630.0,0.0,0.0,none,undetermined,unknown
79,Germany,183,Romania,490,Oranges,2019,10.98,12787.38,1164.607,0.0,461292.37,461292.37,0.0,0.028,none,undetermined,unknown
150,Netherlands (Kingdom of the),100,India,237,Soya bean oil,2020,112.32,130784.48,1164.392,670900.0,99195.76,770095.76,0.0,0.17,none,undetermined,unknown
104,Ireland,229,United Kingdom of Great Britain and Northern Ireland,271,"Rapeseed or canola oil, crude",2010,8.0,9312.0,1164.0,8810.1,24267.0,33077.1,0.0,0.282,none,undetermined,unknown
58,Ecuador,203,Spain,489,Plantains and cooking bananas,2003,5.0,5819.0,1163.8,787568.0,0.0,787568.0,0.0,0.007,none,undetermined,unknown
19,Bolivia (Plurinational State of),44,Colombia,236,Soya beans,2002,23.0,26747.0,1162.913,1246495.0,290926.0,1537421.0,0.0,0.017,none,undetermined,unknown
138,Mexico,231,United States of America,234,"Other nuts (excluding wild edible nuts and groundnuts), in shell, n.e.c.",2019,76.65,89132.89,1162.856,123052.11,412.71,123464.82,0.001,0.722,none,undetermined,unknown
223,Türkiye,84,Greece,181,"Broad beans and horse beans, dry",2009,1.0,1162.0,1162.0,21150.0,918.0,22068.0,0.0,0.053,none,undetermined,unknown
256,Luxembourg,68,France,97,Triticale,2004,1.0,1162.0,1162.0,23086.0,827.0,23913.0,0.0,0.049,none,undetermined,unknown
68,France,198,Slovenia,44,Barley,2000,24.0,27884.0,1161.833,9709332.0,98933.0,9808265.0,0.0,0.003,none,undetermined,unknown
198,Slovenia,106,Italy,900,"Whey, dry",2015,1.74,2020.9,1161.437,4097.93,338.05,4435.9800000000005,0.0,0.456,none,undetermined,unknown
255,Belgium,185,Russian Federation,560,Grapes,2000,5806.0,5.0,1161.2,800.0,105261.0,106061.0,0.055,0.0,none,undetermined,unknown
79,Germany,68,France,890,"Whey, condensed",1994,5805.0,5.0,1161.0,11300.0,59.0,11359.0,0.511,0.0,none,undetermined,unknown
150,Netherlands (Kingdom of the),185,Russian Federation,568,Cantaloupes and other melons,2008,2322.0,2.0,1161.0,2291.58,138766.0,141057.58,0.016,0.0,none,undetermined,unknown
54,Denmark,68,France,270,Rape or colza seed,2010,9284.0,8.0,1160.5,579800.0,259708.0,839508.0,0.011,0.0,none,undetermined,unknown
203,Spain,117,Republic of Korea,1035,"Meat of pig with the bone, fresh or chilled",2016,32175.04,27.74,1159.879,4181090.79,79541.19,4260631.98,0.008,0.0,none,undetermined,unknown
60,El Salvador,231,United States of America,165,Molasses,1999,104.0,120617.0,1159.779,187946.0,1795.0,189741.0,0.001,0.636,none,undetermined,unknown
9,Argentina,110,Japan,826,Unmanufactured tobacco,2012,2.0,2318.0,1159.0,115333.9,8916.0,124249.9,0.0,0.019,none,undetermined,unknown
41,"China, mainland",194,Saudi Arabia,723,"Other stimulant, spice and aromatic crops, n.e.c.",2013,1.0,1159.0,1159.0,97500.0,2520.0,100020.0,0.0,0.012,none,undetermined,unknown
216,Thailand,41,"China, mainland",603,"Other tropical fruits, n.e.c.",1997,15.0,17380.0,1158.667,700000.0,0.0,700000.0,0.0,0.025,none,undetermined,unknown
200,Singapore,101,Indonesia,1058,"Meat of chickens, fresh or chilled",2020,5734.72,4.95,1158.529,73417.61,159666.27000000002,233083.88,0.025,0.0,none,undetermined,unknown
96,"China, Hong Kong SAR",200,Singapore,463,"Other vegetables, fresh n.e.c.",1994,5792.0,5.0,1158.4,60120.0,82996.0,143116.0,0.04,0.0,none,undetermined,unknown
10,Australia,110,Japan,897,Whole milk powder,2012,5791.0,5.0,1158.2,140400.0,8624.0,149024.0,0.039,0.0,none,undetermined,unknown
231,United States of America,110,Japan,393,Cauliflowers and broccoli,2010,12728.0,11.0,1157.091,1196395.0,13948.0,1210343.0,0.011,0.0,none,undetermined,unknown
229,United Kingdom of Great Britain and Northern Ireland,41,"China, mainland",885,"Cream, fresh",2018,9.14,10565.35,1155.946,10386.52,30705.809999999998,41092.33,0.0,0.257,none,undetermined,unknown
150,Netherlands (Kingdom of the),68,France,869,"Cattle fat, unrendered",2013,3.0,3465.0,1155.0,31591.67,20926.0,52517.67,0.0,0.066,none,undetermined,unknown
216,Thailand,214,"China, Taiwan Province of",51,"Beer of barley, malted",2009,2310.0,2.0,1155.0,1843164.0,10192.0,1853356.0,0.001,0.0,none,undetermined,unknown
105,Israel,68,France,536,Plums and sloes,2008,3.0,3463.0,1154.333,25028.0,0.0,25028.0,0.0,0.138,none,undetermined,unknown
150,Netherlands (Kingdom of the),162,Norway,56,Maize (corn),2001,3.0,3463.0,1154.333,242000.0,1915731.0,2157731.0,0.0,0.002,none,undetermined,unknown
233,Burkina Faso,217,Togo,263,Karite nuts (sheanuts),2001,1154.0,1.0,1154.0,65545.3,14.0,65559.3,0.018,0.0,none,undetermined,unknown
231,United States of America,79,Germany,1058,"Meat of chickens, fresh or chilled",1998,21911.0,19.0,1153.211,12875796.0,4152.0,12879948.0,0.002,0.0,none,undetermined,unknown
272,Serbia,223,Türkiye,56,Maize (corn),2014,103.15,118873.48,1152.433,7951582.94,8069.61,7959652.550000001,0.0,0.015,none,undetermined,unknown
233,Burkina Faso,133,Mali,331,Cottonseed oil,2019,2557.65,2.22,1152.095,8000.0,94.5,8094.5,0.316,0.0,none,undetermined,unknown
185,Russian Federation,11,Austria,79,Millet,2006,1152.0,1.0,1152.0,598835.0,496.0,599331.0,0.002,0.0,none,undetermined,unknown
156,New Zealand,106,Italy,619,"Other fruits, n.e.c.",1987,6.0,6902.0,1150.333,16000.0,2313.0,18313.0,0.0,0.377,none,undetermined,unknown
15,Belgium-Luxembourg,174,Portugal,403,"Onions and shallots, dry (excluding dehydrated)",1988,1.0,1150.0,1150.0,20100.0,70874.0,90974.0,0.0,0.013,none,undetermined,unknown
59,Egypt,4,Algeria,165,Molasses,1992,3450.0,3.0,1150.0,401000.0,2.0,401002.0,0.009,0.0,none,undetermined,unknown
84,Greece,15,Belgium-Luxembourg,397,Cucumbers and gherkins,1986,1150.0,1.0,1150.0,155966.0,1.0,155967.0,0.007,0.0,none,undetermined,unknown
84,Greece,229,United Kingdom of Great Britain and Northern Ireland,358,Cabbages,2013,7.0,8046.0,1149.429,146321.81,607.0,146928.81,0.0,0.055,none,undetermined,unknown
32,Cameroon,79,Germany,486,Bananas,2011,1149.0,1.0,1149.0,1394675.0,0.0,1394675.0,0.001,0.0,none,undetermined,unknown
203,Spain,173,Poland,260,Olives,2010,1149.0,1.0,1149.0,7197600.0,4010.0,7201610.0,0.0,0.0,none,undetermined,unknown
165,Pakistan,194,Saudi Arabia,191,"Chick peas, dry",2005,3.0,3446.0,1148.667,868300.0,90034.0,958334.0,0.0,0.004,none,undetermined,unknown
21,Brazil,49,Cuba,1225,Tallow,2002,2296.0,2.0,1148.0,473500.0,11192.0,484692.0,0.005,0.0,none,undetermined,unknown
79,Germany,203,Spain,56,Maize (corn),1994,1148.0,1.0,1148.0,2445993.0,1110588.0,3556581.0,0.0,0.0,none,undetermined,unknown
79,Germany,229,United Kingdom of Great Britain and Northern Ireland,397,Cucumbers and gherkins,2009,4.0,4588.0,1147.0,263277.0,476476.0,739753.0,0.0,0.006,none,undetermined,unknown
131,Malaysia,96,"China, Hong Kong SAR",603,"Other tropical fruits, n.e.c.",1999,1.0,1147.0,1147.0,220000.0,36891.0,256891.0,0.0,0.004,none,undetermined,unknown
166,Panama,14,Barbados,165,Molasses,2020,12100.55,10.55,1146.972,56048.0,0.48,56048.48,0.216,0.0,none,undetermined,unknown
223,Türkiye,194,Saudi Arabia,897,Whole milk powder,2018,1.2,1375.98,1146.65,1000.0,64.8,1064.8,0.001,1.292,none,undetermined,unknown
100,India,215,United Republic of Tanzania,571,"Mangoes, guavas and mangosteens",2012,2293.0,2.0,1146.5,18706000.0,779.0,18706779.0,0.0,0.0,none,undetermined,unknown
231,United States of America,79,Germany,900,"Whey, dry",2007,2292.0,2.0,1146.0,514310.0,7210.0,521520.0,0.004,0.0,none,undetermined,unknown
79,Germany,174,Portugal,388,Tomatoes,2013,1.0,1145.0,1145.0,69258.0,739364.0,808622.0,0.0,0.001,none,undetermined,unknown
231,United States of America,255,Belgium,162,Raw cane or beet sugar (centrifugal only),2004,1145.0,1.0,1145.0,7144000.0,1418070.0,8562070.0,0.0,0.0,none,undetermined,unknown
106,Italy,203,Spain,271,"Rapeseed or canola oil, crude",2002,1.0,1143.0,1143.0,10000.0,158659.0,168659.0,0.0,0.007,none,undetermined,unknown
174,Portugal,68,France,1036,"Edible offal of pigs, fresh, chilled or frozen",2006,1.0,1143.0,1143.0,40438.15,5196.0,45634.15,0.0,0.025,none,undetermined,unknown
231,United States of America,150,Netherlands (Kingdom of the),1058,"Meat of chickens, fresh or chilled",1987,1143.0,1.0,1143.0,7301000.0,1620.0,7302620.0,0.0,0.0,none,undetermined,unknown
223,Türkiye,199,Slovakia,401,"Chillies and peppers, green (Capsicum spp. and Pimenta spp.)",1997,3.0,3428.0,1142.667,1130000.0,520.0,1130520.0,0.0,0.003,none,undetermined,unknown
150,Netherlands (Kingdom of the),170,Peru,886,Butter of cow milk,1987,7995.0,7.0,1142.143,199250.0,231103.0,430353.0,0.019,0.0,none,undetermined,unknown
21,Brazil,110,Japan,826,Unmanufactured tobacco,2020,9.64,11009.93,1142.109,702728.0,6739.66,709467.66,0.0,0.016,none,undetermined,unknown
229,United Kingdom of Great Britain and Northern Ireland,231,United States of America,44,Barley,1990,1.0,1142.0,1142.0,7897000.0,254723.0,8151723.0,0.0,0.0,none,undetermined,unknown
100,India,114,Kenya,162,Raw cane or beet sugar (centrifugal only),2013,19410.0,17.0,1141.765,27737000.0,1244130.0,28981130.0,0.001,0.0,none,undetermined,unknown
48,Costa Rica,220,Trinidad and Tobago,165,Molasses,1998,6849.0,6.0,1141.5,150000.0,1.0,150001.0,0.046,0.0,none,undetermined,unknown
44,Colombia,33,Canada,162,Raw cane or beet sugar (centrifugal only),2000,93601.0,82.0,1141.476,2391324.0,929.0,2392253.0,0.039,0.0,none,undetermined,unknown
173,Poland,27,Bulgaria,234,"Other nuts (excluding wild edible nuts and groundnuts), in shell, n.e.c.",2021,1.02,1163.88,1141.059,0.0,903.13,903.13,0.001,1.289,none,undetermined,unknown
96,"China, Hong Kong SAR",110,Japan,449,Mushrooms and truffles,1995,1141.0,1.0,1141.0,40.0,3527.0,3567.0,0.32,0.0,none,undetermined,unknown
272,Serbia,50,Cyprus,56,Maize (corn),2011,50.0,56976.0,1139.52,6479564.0,3510.0,6483074.0,0.0,0.009,none,undetermined,unknown
229,United Kingdom of Great Britain and Northern Ireland,162,Norway,211,Other pulses n.e.c.,2004,14804.0,13.0,1138.769,547500.0,2099.0,549599.0,0.027,0.0,none,undetermined,unknown
255,Belgium,173,Poland,888,Skim milk of cows,2021,4.35,4950.9,1138.138,2552000.0,253492.21,2805492.21,0.0,0.002,none,undetermined,unknown
79,Germany,229,United Kingdom of Great Britain and Northern Ireland,165,Molasses,2008,16.0,18202.0,1137.625,754000.0,207831.0,961831.0,0.0,0.019,none,undetermined,unknown
40,Chile,79,Germany,592,Kiwi fruit,2006,1137.0,1.0,1137.0,170000.0,0.0,170000.0,0.007,0.0,none,undetermined,unknown
106,Italy,79,Germany,44,Barley,1994,2.0,2274.0,1137.0,1467378.0,484248.0,1951626.0,0.0,0.001,none,undetermined,unknown
150,Netherlands (Kingdom of the),96,"China, Hong Kong SAR",515,Apples,1999,4.0,4548.0,1137.0,570000.0,337789.0,907789.0,0.0,0.005,none,undetermined,unknown
138,Mexico,255,Belgium,619,"Other fruits, n.e.c.",2020,4694.51,4.13,1136.685,539881.0,2286.11,542167.11,0.009,0.0,none,undetermined,unknown
21,Brazil,170,Peru,56,Maize (corn),1997,45.0,51142.0,1136.489,32948044.0,534697.0,33482741.0,0.0,0.002,none,undetermined,unknown
150,Netherlands (Kingdom of the),84,Greece,56,Maize (corn),2011,5.0,5681.0,1136.2,204400.0,3482565.0,3686965.0,0.0,0.002,none,undetermined,unknown
146,Republic of Moldova,106,Italy,267,Sunflower seed,2009,5.0,5680.0,1136.0,284245.0,683.0,284928.0,0.0,0.02,none,undetermined,unknown
106,Italy,27,Bulgaria,486,Bananas,2018,1815.63,1.6,1134.769,0.0,777313.61,777313.61,0.002,0.0,none,undetermined,unknown
198,Slovenia,98,Croatia,236,Soya beans,2019,9.88,11211.29,1134.746,4240.0,6772.53,11012.529999999999,0.001,1.018,none,undetermined,unknown
229,United Kingdom of Great Britain and Northern Ireland,68,France,1225,Tallow,2020,3323.84,2.93,1134.416,187900.0,32409.550000000003,220309.55,0.015,0.0,none,undetermined,unknown
113,Kyrgyzstan,185,Russian Federation,534,Peaches and nectarines,2021,4536.95,4.0,1134.238,11256.15,5556.77,16812.92,0.27,0.0,none,undetermined,unknown
96,"China, Hong Kong SAR",128,"China, Macao SAR",1035,"Meat of pig with the bone, fresh or chilled",2008,5670.0,5.0,1134.0,116000.0,299447.0,415447.0,0.014,0.0,none,undetermined,unknown
231,United States of America,214,"China, Taiwan Province of",75,Oats,2021,1134.0,1.0,1134.0,578220.0,1434489.9,2012709.9,0.001,0.0,none,undetermined,unknown
101,Indonesia,84,Greece,656,"Coffee, green",1994,2266.0,2.0,1133.0,450191.0,825.0,451016.0,0.005,0.0,none,undetermined,unknown
203,Spain,231,United States of America,984,"Cheese from milk of sheep, fresh or processed",2011,3.0,3393.0,1131.0,43200.0,1278.0,44478.0,0.0,0.076,none,undetermined,unknown
229,United Kingdom of Great Britain and Northern Ireland,54,Denmark,1182,Natural honey,2000,1.0,1131.0,1131.0,2870.0,22748.0,25618.0,0.0,0.044,none,undetermined,unknown
231,United States of America,15,Belgium-Luxembourg,372,Lettuce and chicory,1991,1131.0,1.0,1131.0,3210000.0,19780.0,3229780.0,0.0,0.0,none,undetermined,unknown
109,Jamaica,229,United Kingdom of Great Britain and Northern Ireland,463,"Other vegetables, fresh n.e.c.",2010,1.0,1130.0,1130.0,21025.91,283.0,21308.91,0.0,0.053,none,undetermined,unknown
68,France,194,Saudi Arabia,15,Wheat,2017,52476.18,46.45,1129.735,38677896.0,670202.42,39348098.42,0.001,0.0,none,undetermined,unknown
10,Australia,156,New Zealand,15,Wheat,1995,130.0,146773.0,1129.023,16504000.0,0.0,16504000.0,0.0,0.009,none,undetermined,unknown
11,Austria,199,Slovakia,1043,"Pig fat, rendered",2007,2.0,2258.0,1129.0,68400.0,4497.0,72897.0,0.0,0.031,none,undetermined,unknown
101,Indonesia,200,Singapore,234,"Other nuts (excluding wild edible nuts and groundnuts), in shell, n.e.c.",2010,40.0,45160.0,1129.0,88100.0,188.0,88288.0,0.0,0.512,none,undetermined,unknown
106,Italy,110,Japan,826,Unmanufactured tobacco,2010,2.0,2258.0,1129.0,89112.0,15621.0,104733.0,0.0,0.022,none,undetermined,unknown
15,Belgium-Luxembourg,54,Denmark,44,Barley,1991,3.0,3385.0,1128.333,559982.0,1975447.0,2535429.0,0.0,0.001,none,undetermined,unknown
15,Belgium-Luxembourg,106,Italy,15,Wheat,1989,1.0,1128.0,1128.0,1476989.0,838686.0,2315675.0,0.0,0.0,none,undetermined,unknown
44,Colombia,229,United Kingdom of Great Britain and Northern Ireland,486,Bananas,2000,1.0,1128.0,1128.0,1593628.0,115119.0,1708747.0,0.0,0.001,none,undetermined,unknown
183,Romania,97,Hungary,403,"Onions and shallots, dry (excluding dehydrated)",2007,1.0,1128.0,1128.0,324993.0,37445.0,362438.0,0.0,0.003,none,undetermined,unknown
79,Germany,198,Slovenia,56,Maize (corn),2014,6.4,7218.9,1127.953,5142100.0,3062426.69,8204526.6899999995,0.0,0.001,none,undetermined,unknown
44,Colombia,33,Canada,486,Bananas,2020,56.56,63753.61,1127.185,2399607.15,3006.8,2402613.9499999997,0.0,0.027,none,undetermined,unknown
138,Mexico,33,Canada,162,Raw cane or beet sugar (centrifugal only),2016,29685.28,26.34,1127.004,6945000.0,152.81,6945152.81,0.004,0.0,none,undetermined,unknown
173,Poland,79,Germany,1242,Margarine and shortening,1995,1127.0,1.0,1127.0,374000.0,5287.0,379287.0,0.003,0.0,none,undetermined,unknown
216,Thailand,33,Canada,108,Cereals n.e.c.,1988,1.0,1127.0,1127.0,13500.0,44.0,13544.0,0.0,0.083,none,undetermined,unknown
33,Canada,174,Portugal,236,Soya beans,2004,20.0,22530.0,1126.5,3043900.0,512448.0,3556348.0,0.0,0.006,none,undetermined,unknown
41,"China, mainland",101,Indonesia,490,Oranges,1994,4.0,4505.0,1126.25,1680000.0,381.0,1680381.0,0.0,0.003,none,undetermined,unknown
211,Switzerland,21,Brazil,826,Unmanufactured tobacco,1998,1.0,1126.0,1126.0,1506.0,33800.0,35306.0,0.0,0.032,none,undetermined,unknown
231,United States of America,170,Peru,894,"Whole milk, evaporated",2013,1.0,1126.0,1126.0,224911.0,6258.0,231169.0,0.0,0.005,none,undetermined,unknown
202,South Africa,100,India,237,Soya bean oil,2000,25.0,28146.0,1125.84,31866.27,18989.0,50855.270000000004,0.0,0.553,none,undetermined,unknown
138,Mexico,33,Canada,486,Bananas,2012,6.0,6755.0,1125.833,2203861.0,118.0,2203979.0,0.0,0.003,none,undetermined,unknown
110,Japan,214,"China, Taiwan Province of",51,"Beer of barley, malted",2009,3377.0,3.0,1125.667,3036000.0,30722.0,3066722.0,0.001,0.0,none,undetermined,unknown
231,United States of America,171,Philippines,495,"Tangerines, mandarins, clementines",2008,2.0,2251.0,1125.5,478090.0,110789.0,588879.0,0.0,0.004,none,undetermined,unknown
173,Poland,97,Hungary,271,"Rapeseed or canola oil, crude",2016,5739.46,5.1,1125.384,1075000.0,144965.14,1219965.1400000001,0.005,0.0,none,undetermined,unknown
95,Honduras,157,Nicaragua,165,Molasses,2004,3373.0,3.0,1124.333,140000.0,18.0,140018.0,0.024,0.0,none,undetermined,unknown
56,Dominican Republic,203,Spain,489,Plantains and cooking bananas,2013,22474.0,20.0,1123.7,908027.99,0.0,908027.99,0.025,0.0,none,undetermined,unknown
68,France,200,Singapore,271,"Rapeseed or canola oil, crude",2018,1459.88,1.3,1122.985,1782700.0,155666.71,1938366.71,0.001,0.0,none,undetermined,unknown
150,Netherlands (Kingdom of the),11,Austria,56,Maize (corn),2010,6.0,6737.0,1122.833,196903.0,2911583.0,3108486.0,0.0,0.002,none,undetermined,unknown
10,Australia,41,"China, mainland",271,"Rapeseed or canola oil, crude",1998,11225.0,10.0,1122.5,162000.0,0.0,162000.0,0.069,0.0,none,undetermined,unknown
41,"China, mainland",194,Saudi Arabia,723,"Other stimulant, spice and aromatic crops, n.e.c.",2016,1.0,1122.45,1122.45,101037.29,1039.61,102076.9,0.0,0.011,none,undetermined,unknown
84,Greece,68,France,397,Cucumbers and gherkins,2000,1122.0,1.0,1122.0,164124.42,711.0,164835.42,0.007,0.0,none,undetermined,unknown
211,Switzerland,79,Germany,900,"Whey, dry",2017,19448.45,17.34,1121.595,82000.0,8038.7,90038.7,0.216,0.0,none,undetermined,unknown
200,Singapore,10,Australia,237,Soya bean oil,2002,4484.0,4.0,1121.0,3330.57,38178.0,41508.57,0.108,0.0,none,undetermined,unknown
150,Netherlands (Kingdom of the),185,Russian Federation,560,Grapes,2005,4483.0,4.0,1120.75,680.0,183587.0,184267.0,0.024,0.0,none,undetermined,unknown
97,Hungary,146,Republic of Moldova,564,Wine,1995,2241.0,2.0,1120.5,328938.0,3323.0,332261.0,0.007,0.0,none,undetermined,unknown
150,Netherlands (Kingdom of the),229,United Kingdom of Great Britain and Northern Ireland,15,Wheat,2015,37973.46,33.9,1120.161,1300085.0,5681697.51,6981782.51,0.005,0.0,none,undetermined,unknown
54,Denmark,210,Sweden,1036,"Edible offal of pigs, fresh, chilled or frozen",2017,9382.42,8.38,1119.621,111645.34,42731.38,154376.72,0.061,0.0,none,undetermined,unknown
150,Netherlands (Kingdom of the),167,Czechia,270,Rape or colza seed,2018,15.38,17213.78,1119.231,5820.0,270159.62,275979.62,0.0,0.062,none,undetermined,unknown
229,United Kingdom of Great Britain and Northern Ireland,54,Denmark,1182,Natural honey,2001,1.0,1119.0,1119.0,3000.0,26154.0,29154.0,0.0,0.038,none,undetermined,unknown
131,Malaysia,112,Jordan,1242,Margarine and shortening,1993,8950.0,8.0,1118.75,125000.0,1490.0,126490.0,0.071,0.0,none,undetermined,unknown
79,Germany,119,Latvia,236,Soya beans,2011,1.0,1118.0,1118.0,3000.0,3189580.0,3192580.0,0.0,0.0,none,undetermined,unknown
203,Spain,106,Italy,334,Oil of linseed,2021,1252.15,1.12,1117.991,2200.0,3660.51,5860.51,0.214,0.0,none,undetermined,unknown
38,Sri Lanka,110,Japan,836,Natural rubber in primary forms,1986,11172.0,10.0,1117.2,137810.0,0.0,137810.0,0.081,0.0,none,undetermined,unknown
79,Germany,33,Canada,165,Molasses,2016,1.4,1563.0,1116.429,665000.0,109124.88,774124.88,0.0,0.002,none,undetermined,unknown
272,Serbia,198,Slovenia,56,Maize (corn),2018,136.08,151906.33,1116.302,6964770.0,9920.45,6974690.45,0.0,0.022,none,undetermined,unknown
202,South Africa,215,United Republic of Tanzania,162,Raw cane or beet sugar (centrifugal only),2021,4324.01,3.88,1114.436,1906000.0,369153.35,2275153.35,0.002,0.0,none,undetermined,unknown
79,Germany,97,Hungary,567,Watermelons,2019,2.21,2462.58,1114.29,0.0,470839.6,470839.6,0.0,0.005,none,undetermined,unknown
59,Egypt,131,Malaysia,619,"Other fruits, n.e.c.",1996,1114.0,1.0,1114.0,338000.0,1223.0,339223.0,0.003,0.0,none,undetermined,unknown
68,France,79,Germany,888,Skim milk of cows,1993,1114.0,1.0,1114.0,10481100.0,16240.0,10497340.0,0.0,0.0,none,undetermined,unknown
10,Australia,214,"China, Taiwan Province of",463,"Other vegetables, fresh n.e.c.",2016,1.82,2027.19,1113.841,184907.44,457.64,185365.08000000002,0.0,0.011,none,undetermined,unknown
41,"China, mainland",96,"China, Hong Kong SAR",373,Spinach,2017,2.4,2673.0,1113.75,25455039.11,0.0,25455039.11,0.0,0.0,none,undetermined,unknown
102,Iran (Islamic Republic of),16,Bangladesh,577,Dates,2005,16.0,17818.0,1113.625,996770.0,0.0,996770.0,0.0,0.018,none,undetermined,unknown
21,Brazil,171,Philippines,882,Raw milk of cattle,2021,1.05,1169.27,1113.59,36238557.98,42.06,36238600.04,0.0,0.0,none,undetermined,unknown
100,India,203,Spain,813,"Coir, raw",2021,63084.39,56.72,1112.207,1122000.0,241.99,1122241.99,0.056,0.0,none,undetermined,unknown
171,Philippines,101,Indonesia,252,Coconut oil,2016,2502.44,2.25,1112.196,1146000.0,847.74,1146847.74,0.002,0.0,none,undetermined,unknown
203,Spain,150,Netherlands (Kingdom of the),44,Barley,2016,2.23,2479.43,1111.852,9176159.0,1069098.29,10245257.29,0.0,0.0,none,undetermined,unknown
107,Côte d'Ivoire,68,France,603,"Other tropical fruits, n.e.c.",2011,2222.0,2.0,1111.0,47455.78,0.0,47455.78,0.047,0.0,none,undetermined,unknown
112,Jordan,97,Hungary,463,"Other vegetables, fresh n.e.c.",2012,1111.0,1.0,1111.0,76209.6,137.0,76346.6,0.015,0.0,none,undetermined,unknown
106,Italy,104,Ireland,567,Watermelons,2005,1110.0,1.0,1110.0,519463.0,49811.0,569274.0,0.002,0.0,none,undetermined,unknown
110,Japan,214,"China, Taiwan Province of",149,"Edible roots and tubers with high starch or inulin content, n.e.c., fresh",2009,4440.0,4.0,1110.0,62200.0,10300.0,72500.0,0.061,0.0,none,undetermined,unknown
121,Lebanon,194,Saudi Arabia,268,"Sunflower-seed oil, crude",2003,2.0,2220.0,1110.0,3700.0,9914.0,13614.0,0.0,0.163,none,undetermined,unknown
138,Mexico,150,Netherlands (Kingdom of the),687,"Pepper (Piper spp.), raw",1995,1110.0,1.0,1110.0,3599.0,982.0,4581.0,0.242,0.0,none,undetermined,unknown
68,France,195,Senegal,898,Skim milk and whey powder,1992,13.0,14429.0,1109.923,372800.0,99279.0,472079.0,0.0,0.031,none,undetermined,unknown
79,Germany,174,Portugal,56,Maize (corn),2012,3.0,3329.0,1109.667,5514700.0,2215374.0,7730074.0,0.0,0.0,none,undetermined,unknown
150,Netherlands (Kingdom of the),203,Spain,44,Barley,1995,3.0,3329.0,1109.667,202500.0,932850.0,1135350.0,0.0,0.003,none,undetermined,unknown
231,United States of America,109,Jamaica,27,Rice,2001,23295.0,21.0,1109.286,9764480.0,0.0,9764480.0,0.002,0.0,none,undetermined,unknown
11,Austria,198,Slovenia,165,Molasses,2010,2.0,2218.0,1109.0,105239.0,6501.0,111740.0,0.0,0.02,none,undetermined,unknown
41,"China, mainland",10,Australia,339,"Other oil seeds, n.e.c.",2008,1.0,1109.0,1109.0,989859.0,20417.0,1010276.0,0.0,0.001,none,undetermined,unknown
10,Australia,156,New Zealand,165,Molasses,2005,82056.0,74.0,1108.865,1059021.4,259.0,1059280.4,0.077,0.0,none,undetermined,unknown
21,Brazil,171,Philippines,1058,"Meat of chickens, fresh or chilled",2020,59798.96,53.93,1108.826,13787480.28,5155.96,13792636.24,0.004,0.0,none,undetermined,unknown
101,Indonesia,100,India,226,Areca nuts,2013,35481.0,32.0,1108.781,122285.0,48.0,122333.0,0.29,0.0,none,undetermined,unknown
89,Guatemala,60,El Salvador,463,"Other vegetables, fresh n.e.c.",1996,4435.0,4.0,1108.75,125000.0,82.0,125082.0,0.035,0.0,none,undetermined,unknown
231,United States of America,15,Belgium-Luxembourg,333,Linseed,1986,15518.0,14.0,1108.429,293000.0,60403.0,353403.0,0.044,0.0,none,undetermined,unknown
225,United Arab Emirates,118,Kuwait,497,Lemons and limes,2018,5960.07,5.38,1107.82,4847.0,110130.1,114977.1,0.052,0.0,none,undetermined,unknown
229,United Kingdom of Great Britain and Northern Ireland,222,Tunisia,237,Soya bean oil,2001,3.0,3322.0,1107.333,140100.0,42908.0,183008.0,0.0,0.018,none,undetermined,unknown
84,Greece,106,Italy,568,Cantaloupes and other melons,2004,1.0,1107.0,1107.0,175043.0,2343.0,177386.0,0.0,0.006,none,undetermined,unknown
131,Malaysia,231,United States of America,339,"Other oil seeds, n.e.c.",1992,3.0,3320.0,1106.667,94411.74,3110.0,97521.74,0.0,0.034,none,undetermined,unknown
41,"China, mainland",141,Mongolia,463,"Other vegetables, fresh n.e.c.",2005,1.0,1106.0,1106.0,141000000.0,4178.0,141004178.0,0.0,0.0,none,undetermined,unknown
203,Spain,68,France,889,"Whole milk, condensed",2006,2.0,2212.0,1106.0,28000.0,6656.0,34656.0,0.0,0.064,none,undetermined,unknown
100,India,249,Yemen,162,Raw cane or beet sugar (centrifugal only),2003,22110.0,20.0,1105.5,22140000.0,74322.0,22214322.0,0.001,0.0,none,undetermined,unknown
96,"China, Hong Kong SAR",41,"China, mainland",463,"Other vegetables, fresh n.e.c.",1995,4419.0,4.0,1104.75,63278.0,91703.0,154981.0,0.029,0.0,none,undetermined,unknown
210,Sweden,68,France,15,Wheat,2016,64825.4,58.68,1104.727,2834500.0,142352.12,2976852.12,0.022,0.0,none,undetermined,unknown
98,Croatia,167,Czechia,271,"Rapeseed or canola oil, crude",2017,4473.56,4.05,1104.583,3394.0,4663.33,8057.33,0.555,0.001,none,undetermined,unknown
185,Russian Federation,79,Germany,187,"Peas, dry",2002,3308.0,3.0,1102.667,1264831.0,5328.0,1270159.0,0.003,0.0,none,undetermined,unknown
100,India,68,France,813,"Coir, raw",2015,3528.19,3.2,1102.559,560480.0,33.52,560513.52,0.006,0.0,none,undetermined,unknown
231,United States of America,33,Canada,486,Bananas,2016,565564.98,513.02,1102.423,3387.0,4596810.04,4600197.04,0.123,0.0,none,undetermined,unknown
231,United States of America,89,Guatemala,889,"Whole milk, condensed",2005,2.0,2204.0,1102.0,86573.0,19681.0,106254.0,0.0,0.021,none,undetermined,unknown
223,Türkiye,229,United Kingdom of Great Britain and Northern Ireland,165,Molasses,2021,3.41,3756.56,1101.63,754344.04,212894.52000000002,967238.56,0.0,0.004,none,undetermined,unknown
101,Indonesia,68,France,252,Coconut oil,2018,5.94,6540.1,1101.027,951000.0,14354.89,965354.89,0.0,0.007,none,undetermined,unknown
68,France,195,Senegal,898,Skim milk and whey powder,1995,7.0,7707.0,1101.0,350000.0,44989.0,394989.0,0.0,0.02,none,undetermined,unknown
79,Germany,162,Norway,44,Barley,1999,3303.0,3.0,1101.0,13300984.0,433525.0,13734509.0,0.0,0.0,none,undetermined,unknown
97,Hungary,183,Romania,108,Cereals n.e.c.,2012,1.0,1101.0,1101.0,3700.0,2495.0,6195.0,0.0,0.178,none,undetermined,unknown
173,Poland,185,Russian Federation,619,"Other fruits, n.e.c.",2010,1101.0,1.0,1101.0,46980.68,7651.0,54631.68,0.02,0.0,none,undetermined,unknown
150,Netherlands (Kingdom of the),203,Spain,15,Wheat,2013,27505.0,25.0,1100.2,1335105.0,3576139.0,4911244.0,0.006,0.0,none,undetermined,unknown
143,Morocco,223,Türkiye,156,Sugar cane,2017,1100.12,1.0,1100.12,553115.0,49.29,553164.29,0.002,0.0,none,undetermined,unknown
79,Germany,104,Ireland,44,Barley,1995,1100.0,1.0,1100.0,11891143.0,684774.0,12575917.0,0.0,0.0,none,undetermined,unknown
79,Germany,134,Malta,56,Maize (corn),2010,3.0,3300.0,1100.0,4211501.0,1880910.0,6092411.0,0.0,0.001,none,undetermined,unknown
100,India,156,New Zealand,165,Molasses,2011,2200.0,2.0,1100.0,10970000.0,3486.0,10973486.0,0.0,0.0,none,undetermined,unknown
231,United States of America,40,Chile,15,Wheat,1996,42.0,46187.0,1099.69,61982000.0,1313444.0,63295444.0,0.0,0.001,none,undetermined,unknown
230,Ukraine,11,Austria,15,Wheat,2009,21988.0,20.0,1099.4,20886400.0,896.0,20887296.0,0.001,0.0,none,undetermined,unknown
131,Malaysia,200,Singapore,661,Cocoa beans,1999,14.0,15381.0,1098.643,83668.0,59062.0,142730.0,0.0,0.108,none,undetermined,unknown
231,United States of America,60,El Salvador,236,Soya beans,1999,1098.0,1.0,1098.0,72223460.0,105397.0,72328857.0,0.0,0.0,none,undetermined,unknown
138,Mexico,203,Spain,176,"Beans, dry",2021,5160.31,4.7,1097.938,1288806.47,175088.41999999998,1463894.89,0.004,0.0,none,undetermined,unknown
84,Greece,183,Romania,15,Wheat,2015,1097.4,1.0,1097.4,1458705.46,920895.4,2379600.86,0.0,0.0,none,undetermined,unknown
11,Austria,15,Belgium-Luxembourg,1036,"Edible offal of pigs, fresh, chilled or frozen",1998,1097.0,1.0,1097.0,31453.34,984.0,32437.34,0.034,0.0,none,undetermined,unknown
231,United States of America,165,Pakistan,897,Whole milk powder,2010,1097.0,1.0,1097.0,31732.0,7748.0,39480.0,0.028,0.0,none,undetermined,unknown
15,Belgium-Luxembourg,203,Spain,56,Maize (corn),1998,5.0,5484.0,1096.8,251100.0,689002.0,940102.0,0.0,0.006,none,undetermined,unknown
126,Lithuania,185,Russian Federation,564,Wine,2007,21935.0,20.0,1096.75,8858.0,20496.0,29354.0,0.747,0.001,none,undetermined,unknown
231,United States of America,166,Panama,236,Soya beans,2003,5481.0,5.0,1096.2,66782720.0,181675.0,66964395.0,0.0,0.0,none,undetermined,unknown
231,United States of America,200,Singapore,767,"Cotton lint, ginned",2018,1096.0,1.0,1096.0,4003950.0,919.0,4004869.0,0.0,0.0,none,undetermined,unknown
79,Germany,210,Sweden,1036,"Edible offal of pigs, fresh, chilled or frozen",2000,4383.0,4.0,1095.75,455074.29,49587.0,504661.29,0.009,0.0,none,undetermined,unknown
165,Pakistan,229,United Kingdom of Great Britain and Northern Ireland,619,"Other fruits, n.e.c.",2001,4383.0,4.0,1095.75,304424.0,5872.0,310296.0,0.014,0.0,none,undetermined,unknown
229,United Kingdom of Great Britain and Northern Ireland,203,Spain,1043,"Pig fat, rendered",2010,1.0,1095.0,1095.0,13600.0,15544.0,29144.0,0.0,0.038,none,undetermined,unknown
21,Brazil,174,Portugal,56,Maize (corn),2009,15.0,16416.0,1094.4,50719822.0,1137477.0,51857299.0,0.0,0.0,none,undetermined,unknown
150,Netherlands (Kingdom of the),183,Romania,56,Maize (corn),2012,48149.0,44.0,1094.295,191363.0,4027713.0,4219076.0,0.011,0.0,none,undetermined,unknown
131,Malaysia,112,Jordan,1242,Margarine and shortening,1992,19695.0,18.0,1094.167,95000.0,1645.0,96645.0,0.204,0.0,none,undetermined,unknown
10,Australia,110,Japan,83,Sorghum,2012,812.0,888457.0,1094.159,2238912.0,17.0,2238929.0,0.0,0.397,none,undetermined,unknown
101,Indonesia,73,Georgia,257,Palm oil,2015,24063.01,22.0,1093.773,31070015.0,7570.07,31077585.07,0.001,0.0,none,undetermined,unknown
183,Romania,150,Netherlands (Kingdom of the),44,Barley,2019,64293.6,58.8,1093.429,1879950.0,148658.13999999998,2028608.14,0.032,0.0,none,undetermined,unknown
231,United States of America,110,Japan,897,Whole milk powder,1999,4371.0,4.0,1092.75,53520.0,6507.0,60027.0,0.073,0.0,none,undetermined,unknown
223,Türkiye,84,Greece,181,"Broad beans and horse beans, dry",2004,1.0,1092.0,1092.0,30000.0,124.0,30124.0,0.0,0.036,none,undetermined,unknown
203,Spain,194,Saudi Arabia,572,Avocados,2017,3.56,3882.43,1090.57,92936.0,98763.16,191699.16,0.0,0.02,none,undetermined,unknown
173,Poland,150,Netherlands (Kingdom of the),165,Molasses,2005,4362.0,4.0,1090.5,385000.0,12870.0,397870.0,0.011,0.0,none,undetermined,unknown
41,"China, mainland",171,Philippines,507,Pomelos and grapefruits,2015,1101.16,1.01,1090.257,4367908.0,32211.530000000002,4400119.53,0.0,0.0,none,undetermined,unknown
101,Indonesia,238,Ethiopia,257,Palm oil,2013,215.0,234375.0,1090.116,27782004.0,65560.0,27847564.0,0.0,0.008,none,undetermined,unknown
11,Austria,210,Sweden,339,"Other oil seeds, n.e.c.",2013,2.0,2179.0,1089.5,12009.89,8971.0,20980.89,0.0,0.104,none,undetermined,unknown
54,Denmark,84,Greece,187,"Peas, dry",1995,4356.0,4.0,1089.0,282242.0,6439.0,288681.0,0.015,0.0,none,undetermined,unknown
229,United Kingdom of Great Britain and Northern Ireland,68,France,165,Molasses,2008,9.0,9790.0,1087.778,300000.0,824063.0,1124063.0,0.0,0.009,none,undetermined,unknown
150,Netherlands (Kingdom of the),54,Denmark,15,Wheat,2004,6.0,6525.0,1087.5,1223900.0,3366116.0,4590016.0,0.0,0.001,none,undetermined,unknown
11,Austria,203,Spain,15,Wheat,2016,66.0,71746.89,1087.074,1970363.6,922677.3099999999,2893040.91,0.0,0.025,none,undetermined,unknown
33,Canada,110,Japan,56,Maize (corn),2021,76093.97,70.0,1087.057,14610792.0,2843792.13,17454584.13,0.004,0.0,none,undetermined,unknown
96,"China, Hong Kong SAR",128,"China, Macao SAR",868,"Edible offal of cattle, fresh, chilled or frozen",2012,1087.0,1.0,1087.0,1528.8,230812.0,232340.8,0.005,0.0,none,undetermined,unknown
101,Indonesia,112,Jordan,667,Tea leaves,1988,8692.0,8.0,1086.5,133800.0,137.0,133937.0,0.065,0.0,none,undetermined,unknown
106,Italy,98,Croatia,1242,Margarine and shortening,1995,1086.0,1.0,1086.0,135404.0,13305.0,148709.0,0.007,0.0,none,undetermined,unknown
131,Malaysia,26,Brunei Darussalam,567,Watermelons,2018,6.2,6731.4,1085.71,150260.58,137.13,150397.71,0.0,0.045,none,undetermined,unknown
109,Jamaica,231,United States of America,162,Raw cane or beet sugar (centrifugal only),2015,12.15,13179.17,1084.705,128700.0,0.35,128700.35,0.0,0.102,none,undetermined,unknown
100,India,231,United States of America,176,"Beans, dry",2002,3.0,3254.0,1084.667,4047700.0,248829.0,4296529.0,0.0,0.001,none,undetermined,unknown
10,Australia,156,New Zealand,162,Raw cane or beet sugar (centrifugal only),2015,25.6,27766.93,1084.646,4816276.0,89660.31,4905936.31,0.0,0.006,none,undetermined,unknown
79,Germany,105,Israel,162,Raw cane or beet sugar (centrifugal only),2005,2.0,2169.0,1084.5,4049000.0,27732.0,4076732.0,0.0,0.001,none,undetermined,unknown
165,Pakistan,229,United Kingdom of Great Britain and Northern Ireland,619,"Other fruits, n.e.c.",1995,4338.0,4.0,1084.5,321211.0,3733.0,324944.0,0.013,0.0,none,undetermined,unknown
126,Lithuania,162,Norway,271,"Rapeseed or canola oil, crude",2013,66.0,71563.0,1084.288,64947.0,91333.0,156280.0,0.0,0.458,none,undetermined,unknown
171,Philippines,229,United Kingdom of Great Britain and Northern Ireland,252,Coconut oil,2007,6505.0,6.0,1084.167,1322469.1,3064.0,1325533.1,0.005,0.0,none,undetermined,unknown
231,United States of America,84,Greece,1058,"Meat of chickens, fresh or chilled",2007,10837.0,10.0,1083.7,16627438.0,38293.0,16665731.0,0.001,0.0,none,undetermined,unknown
150,Netherlands (Kingdom of the),102,Iran (Islamic Republic of),900,"Whey, dry",2018,1083.17,1.0,1083.17,165000.0,439617.65,604617.65,0.002,0.0,none,undetermined,unknown
107,Côte d'Ivoire,158,Niger,56,Maize (corn),2004,2.0,2166.0,1083.0,619831.0,2198.0,622029.0,0.0,0.003,none,undetermined,unknown
237,Viet Nam,41,"China, mainland",289,Sesame seed,2016,34649.37,32.0,1082.793,43440.6,27735.14,71175.73999999999,0.487,0.0,none,undetermined,unknown
84,Greece,154,North Macedonia,619,"Other fruits, n.e.c.",2010,4330.0,4.0,1082.5,12994.64,1913.0,14907.64,0.29,0.0,none,undetermined,unknown
199,Slovakia,97,Hungary,867,"Meat of cattle with the bone, fresh or chilled",2004,3247.0,3.0,1082.333,25580.0,520.0,26100.0,0.124,0.0,none,undetermined,unknown
131,Malaysia,52,Azerbaijan,257,Palm oil,2008,38.0,41096.0,1081.474,17734440.0,721890.0,18456330.0,0.0,0.002,none,undetermined,unknown
203,Spain,54,Denmark,1080,"Meat of turkeys, fresh or chilled",2018,1653.95,1.53,1081.013,210410.0,37410.56,247820.56,0.007,0.0,none,undetermined,unknown
231,United States of America,79,Germany,237,Soya bean oil,1996,5404.0,5.0,1080.8,6913000.0,76494.0,6989494.0,0.001,0.0,none,undetermined,unknown
150,Netherlands (Kingdom of the),196,Seychelles,51,"Beer of barley, malted",2018,2042.66,1.89,1080.772,2491200.0,499488.2,2990688.2,0.001,0.0,none,undetermined,unknown
41,"China, mainland",194,Saudi Arabia,149,"Edible roots and tubers with high starch or inulin content, n.e.c., fresh",2016,2.8,3025.0,1080.357,50000.0,5.04,50005.04,0.0,0.06,none,undetermined,unknown
216,Thailand,28,Myanmar,257,Palm oil,2018,34644.79,32.07,1080.287,2774800.0,2285.19,2777085.19,0.012,0.0,none,undetermined,unknown
97,Hungary,174,Portugal,56,Maize (corn),2002,18.0,19425.0,1079.167,6120937.0,4093.0,6125030.0,0.0,0.003,none,undetermined,unknown
203,Spain,84,Greece,1225,Tallow,1995,1.0,1079.0,1079.0,20500.0,109017.0,129517.0,0.0,0.008,none,undetermined,unknown
214,"China, Taiwan Province of",110,Japan,420,"Broad beans and horse beans, green",2010,1.0,1079.0,1079.0,51339.0,266.0,51605.0,0.0,0.021,none,undetermined,unknown
131,Malaysia,96,"China, Hong Kong SAR",619,"Other fruits, n.e.c.",1992,3.0,3236.0,1078.667,57000.0,1949.0,58949.0,0.0,0.055,none,undetermined,unknown
165,Pakistan,229,United Kingdom of Great Britain and Northern Ireland,162,Raw cane or beet sugar (centrifugal only),2015,11757.0,10.9,1078.624,5114901.0,25.0,5114926.0,0.002,0.0,none,undetermined,unknown
131,Malaysia,33,Canada,258,Oil of palm kernel,2014,4.86,5239.86,1078.16,2277382.0,249553.24,2526935.24,0.0,0.002,none,undetermined,unknown
229,United Kingdom of Great Britain and Northern Ireland,255,Belgium,271,"Rapeseed or canola oil, crude",2012,67874.0,63.0,1077.365,731700.0,78193.0,809893.0,0.084,0.0,none,undetermined,unknown
97,Hungary,198,Slovenia,270,Rape or colza seed,2005,1077.0,1.0,1077.0,282713.0,5163.0,287876.0,0.004,0.0,none,undetermined,unknown
96,"China, Hong Kong SAR",128,"China, Macao SAR",1058,"Meat of chickens, fresh or chilled",2008,6457.0,6.0,1076.167,38000.0,653408.0,691408.0,0.009,0.0,none,undetermined,unknown
150,Netherlands (Kingdom of the),106,Italy,44,Barley,1997,13.0,13988.0,1076.0,268290.0,896320.0,1164610.0,0.0,0.012,none,undetermined,unknown
231,United States of America,229,United Kingdom of Great Britain and Northern Ireland,89,Buckwheat,1987,1076.0,1.0,1076.0,95000.0,1996.0,96996.0,0.011,0.0,none,undetermined,unknown
144,Mozambique,130,Malawi,329,Cotton seed,2016,2.6,2797.0,1075.769,30000.0,366.65,30366.65,0.0,0.092,none,undetermined,unknown
44,Colombia,203,Spain,486,Bananas,2012,26.0,27963.0,1075.5,1878710.0,4118.0,1882828.0,0.0,0.015,none,undetermined,unknown
79,Germany,150,Netherlands (Kingdom of the),211,Other pulses n.e.c.,2008,1.0,1075.0,1075.0,23626.82,461.0,24087.82,0.0,0.045,none,undetermined,unknown
98,Croatia,106,Italy,51,"Beer of barley, malted",2014,1397.3,1.3,1074.846,341667.0,64622.159999999996,406289.16,0.003,0.0,none,undetermined,unknown
98,Croatia,223,Türkiye,56,Maize (corn),2010,24.0,25794.0,1074.75,2067815.0,22648.0,2090463.0,0.0,0.012,none,undetermined,unknown
41,"China, mainland",214,"China, Taiwan Province of",577,Dates,2000,5.0,5371.0,1074.2,125000.0,1209.0,126209.0,0.0,0.043,none,undetermined,unknown
102,Iran (Islamic Republic of),150,Netherlands (Kingdom of the),165,Molasses,1999,60.0,64445.0,1074.083,335000.0,0.0,335000.0,0.0,0.192,none,undetermined,unknown
203,Spain,185,Russian Federation,372,Lettuce and chicory,1998,1.0,1074.0,1074.0,1018500.0,7436.0,1025936.0,0.0,0.001,none,undetermined,unknown
10,Australia,101,Indonesia,162,Raw cane or beet sugar (centrifugal only),2000,48.0,51508.0,1073.083,5448000.0,2783.0,5450783.0,0.0,0.009,none,undetermined,unknown
202,South Africa,181,Zimbabwe,187,"Peas, dry",2006,8.0,8581.0,1072.625,1050.0,20425.0,21475.0,0.0,0.4,none,undetermined,unknown
79,Germany,84,Greece,44,Barley,2006,43.0,46114.0,1072.419,11966600.0,843786.0,12810386.0,0.0,0.004,none,undetermined,unknown
231,United States of America,104,Ireland,767,"Cotton lint, ginned",2003,5361.0,5.0,1072.2,3974600.0,13897.0,3988497.0,0.001,0.0,none,undetermined,unknown
84,Greece,272,Serbia,463,"Other vegetables, fresh n.e.c.",2018,1596.66,1.49,1071.584,8010.0,6244.84,14254.84,0.112,0.0,none,undetermined,unknown
216,Thailand,141,Mongolia,162,Raw cane or beet sugar (centrifugal only),2019,27.15,29090.02,1071.456,14045044.0,16.13,14045060.13,0.0,0.002,none,undetermined,unknown
21,Brazil,9,Argentina,901,Cheese from whole cow milk,2009,2.0,2142.0,1071.0,39900.0,10633.0,50533.0,0.0,0.042,none,undetermined,unknown
229,United Kingdom of Great Britain and Northern Ireland,106,Italy,885,"Cream, fresh",2005,1.0,1071.0,1071.0,63000.0,30656.0,93656.0,0.0,0.011,none,undetermined,unknown
3,Albania,272,Serbia,515,Apples,2014,3544.65,3.31,1070.891,82060.0,8881.16,90941.16,0.039,0.0,none,undetermined,unknown
216,Thailand,33,Canada,162,Raw cane or beet sugar (centrifugal only),1989,5350.0,5.0,1070.0,4051852.0,0.0,4051852.0,0.001,0.0,none,undetermined,unknown
119,Latvia,59,Egypt,187,"Peas, dry",2019,5466.6,5.11,1069.785,27700.0,45244.64,72944.64,0.075,0.0,none,undetermined,unknown
106,Italy,223,Türkiye,15,Wheat,1995,41.0,43851.0,1069.537,7946080.0,5078844.0,13024924.0,0.0,0.003,none,undetermined,unknown
96,"China, Hong Kong SAR",200,Singapore,463,"Other vegetables, fresh n.e.c.",1991,9625.0,9.0,1069.444,66180.0,99496.0,165676.0,0.058,0.0,none,undetermined,unknown
84,Greece,68,France,526,Apricots,2011,1.0,1069.0,1069.0,66789.58,652.0,67441.58,0.0,0.016,none,undetermined,unknown
223,Türkiye,11,Austria,507,Pomelos and grapefruits,2009,13.0,13885.0,1068.077,190973.0,4899.0,195872.0,0.0,0.071,none,undetermined,unknown
203,Spain,211,Switzerland,572,Avocados,2013,1.0,1068.0,1068.0,69400.0,41035.0,110435.0,0.0,0.01,none,undetermined,unknown
203,Spain,104,Ireland,826,Unmanufactured tobacco,2004,1068.0,1.0,1068.0,40596.0,29013.0,69609.0,0.015,0.0,none,undetermined,unknown
203,Spain,102,Iran (Islamic Republic of),56,Maize (corn),2017,116.0,123840.0,1067.586,3775645.0,7466158.7299999995,11241803.73,0.0,0.011,none,undetermined,unknown
150,Netherlands (Kingdom of the),174,Portugal,56,Maize (corn),2017,9.19,9810.29,1067.496,116711.0,5200616.3100000005,5317327.3100000005,0.0,0.002,none,undetermined,unknown
41,"China, mainland",28,Myanmar,490,Oranges,2018,80.97,86407.31,1067.152,7980178.11,390108.55,8370286.66,0.0,0.01,none,undetermined,unknown
19,Bolivia (Plurinational State of),231,United States of America,220,"Chestnuts, in shell",1992,2132.0,2.0,1066.0,27820.0,0.0,27820.0,0.077,0.0,none,undetermined,unknown
198,Slovenia,98,Croatia,393,Cauliflowers and broccoli,2011,1066.0,1.0,1066.0,1246.0,2827.0,4073.0,0.262,0.0,none,undetermined,unknown
79,Germany,27,Bulgaria,372,Lettuce and chicory,2015,1.1,1172.3,1065.727,343082.51,289043.76999999996,632126.28,0.0,0.002,none,undetermined,unknown
131,Malaysia,200,Singapore,574,Pineapples,1999,16.0,17046.0,1065.375,245000.0,10.0,245010.0,0.0,0.07,none,undetermined,unknown
79,Germany,183,Romania,534,Peaches and nectarines,2017,3.25,3462.01,1065.234,561.76,321007.02,321568.78,0.0,0.011,none,undetermined,unknown
256,Luxembourg,68,France,15,Wheat,2013,13.0,13843.0,1064.846,91057.0,113239.0,204296.0,0.0,0.068,none,undetermined,unknown
41,"China, mainland",171,Philippines,720,"Ginger, raw",2009,5324.0,5.0,1064.8,350000.0,780.0,350780.0,0.015,0.0,none,undetermined,unknown
210,Sweden,68,France,44,Barley,1988,5.0,5324.0,1064.8,1878700.0,9516.0,1888216.0,0.0,0.003,none,undetermined,unknown
104,Ireland,203,Spain,1058,"Meat of chickens, fresh or chilled",2000,1.0,1064.0,1064.0,86000.0,44189.0,130189.0,0.0,0.008,none,undetermined,unknown
223,Türkiye,198,Slovenia,619,"Other fruits, n.e.c.",2004,4253.0,4.0,1063.25,86450.0,6.0,86456.0,0.049,0.0,none,undetermined,unknown
21,Brazil,162,Norway,497,Lemons and limes,2019,1.95,2073.29,1063.226,1514811.0,4024.6299999999997,1518835.63,0.0,0.001,none,undetermined,unknown
9,Argentina,33,Canada,268,"Sunflower-seed oil, crude",2013,1.0,1063.0,1063.0,1074724.0,4.0,1074728.0,0.0,0.001,none,undetermined,unknown
81,Ghana,217,Togo,234,"Other nuts (excluding wild edible nuts and groundnuts), in shell, n.e.c.",1998,1063.0,1.0,1063.0,1010.0,4.0,1014.0,1.048,0.001,none,undetermined,unknown
231,United States of America,40,Chile,83,Sorghum,2009,1063.0,1.0,1063.0,9693210.0,138.0,9693348.0,0.0,0.0,none,undetermined,unknown
68,France,210,Sweden,1036,"Edible offal of pigs, fresh, chilled or frozen",2016,1530.18,1.44,1062.625,278634.74,71749.0,350383.74,0.004,0.0,none,undetermined,unknown
107,Côte d'Ivoire,195,Senegal,489,Plantains and cooking bananas,2018,23.65,25125.2,1062.376,1955670.0,0.06,1955670.06,0.0,0.013,none,undetermined,unknown
131,Malaysia,26,Brunei Darussalam,358,Cabbages,2015,1.35,1434.11,1062.304,277202.0,129691.62,406893.62,0.0,0.004,none,undetermined,unknown
203,Spain,150,Netherlands (Kingdom of the),211,Other pulses n.e.c.,2009,1062.0,1.0,1062.0,18029.0,13063.0,31092.0,0.034,0.0,none,undetermined,unknown
80,Bosnia and Herzegovina,79,Germany,268,"Sunflower-seed oil, crude",2014,2654.88,2.5,1061.952,31325.0,67407.47,98732.47,0.027,0.0,none,undetermined,unknown
231,United States of America,110,Japan,897,Whole milk powder,2009,2123.0,2.0,1061.5,27016.0,21732.0,48748.0,0.044,0.0,none,undetermined,unknown
231,United States of America,84,Greece,15,Wheat,2002,15920.0,15.0,1061.333,43703968.0,1915657.0,45619625.0,0.0,0.0,none,undetermined,unknown
131,Malaysia,200,Singapore,486,Bananas,1999,31.0,32863.0,1060.097,545000.0,1.0,545001.0,0.0,0.06,none,undetermined,unknown
101,Indonesia,159,Nigeria,257,Palm oil,2002,140977.0,133.0,1059.977,9622344.0,9499.0,9631843.0,0.015,0.0,none,undetermined,unknown
68,France,79,Germany,103,Mixed grain,2006,12698.0,12.0,1058.167,239510.0,6620.0,246130.0,0.052,0.0,none,undetermined,unknown
104,Ireland,15,Belgium-Luxembourg,51,"Beer of barley, malted",1997,2116.0,2.0,1058.0,1209500.0,75424.0,1284924.0,0.002,0.0,none,undetermined,unknown
231,United States of America,60,El Salvador,15,Wheat,1999,188315.0,178.0,1057.949,62567284.0,2214564.0,64781848.0,0.003,0.0,none,undetermined,unknown
79,Germany,198,Slovenia,270,Rape or colza seed,2018,2210.41,2.09,1057.612,3677200.0,5746370.44,9423570.440000001,0.0,0.0,none,undetermined,unknown
131,Malaysia,110,Japan,1242,Margarine and shortening,1999,7400.0,7.0,1057.143,157000.0,54.0,157054.0,0.047,0.0,none,undetermined,unknown
21,Brazil,19,Bolivia (Plurinational State of),236,Soya beans,1996,1057.0,1.0,1057.0,23166874.0,936287.0,24103161.0,0.0,0.0,none,undetermined,unknown
84,Greece,79,Germany,407,Leeks and other alliaceous vegetables,2009,1057.0,1.0,1057.0,42100.62,636.0,42736.62,0.025,0.0,none,undetermined,unknown
106,Italy,104,Ireland,826,Unmanufactured tobacco,2001,1057.0,1.0,1057.0,130487.0,26314.0,156801.0,0.007,0.0,none,undetermined,unknown
79,Germany,181,Zimbabwe,15,Wheat,2015,31700.3,30.0,1056.677,26549500.0,4542136.72,31091636.72,0.001,0.0,none,undetermined,unknown
203,Spain,68,France,889,"Whole milk, condensed",2009,2.0,2113.0,1056.5,28000.0,8531.0,36531.0,0.0,0.058,none,undetermined,unknown
229,United Kingdom of Great Britain and Northern Ireland,210,Sweden,271,"Rapeseed or canola oil, crude",2008,2.0,2113.0,1056.5,747500.0,125604.0,873104.0,0.0,0.002,none,undetermined,unknown
150,Netherlands (Kingdom of the),185,Russian Federation,568,Cantaloupes and other melons,2002,1056.0,1.0,1056.0,2000.0,81706.0,83706.0,0.013,0.0,none,undetermined,unknown
231,United States of America,59,Egypt,237,Soya bean oil,1995,19002.0,18.0,1055.667,7082000.0,36268.0,7118268.0,0.003,0.0,none,undetermined,unknown
203,Spain,203,Spain,901,Cheese from whole cow milk,2003,1055.0,1.0,1055.0,134400.0,122878.0,257278.0,0.004,0.0,none,undetermined,unknown
223,Türkiye,225,United Arab Emirates,767,"Cotton lint, ginned",2019,1055.0,1.0,1055.0,814000.0,946105.0,1760105.0,0.001,0.0,none,undetermined,unknown
100,India,110,Japan,56,Maize (corn),2017,6358.0,6.03,1054.395,27099085.11,82019.96,27181105.07,0.0,0.0,none,undetermined,unknown
84,Greece,119,Latvia,536,Plums and sloes,2008,1.0,1054.0,1054.0,12536.5,827.0,13363.5,0.0,0.079,none,undetermined,unknown
21,Brazil,44,Colombia,56,Maize (corn),1995,24.0,25295.0,1053.958,36266951.0,1309333.0,37576284.0,0.0,0.001,none,undetermined,unknown
272,Serbia,80,Bosnia and Herzegovina,531,Cherries,2008,2.0,2107.0,1053.5,29551.0,21.0,29572.0,0.0,0.071,none,undetermined,unknown
107,Côte d'Ivoire,131,Malaysia,767,"Cotton lint, ginned",2018,26331.0,25.0,1053.24,165400.0,3.0,165403.0,0.159,0.0,none,undetermined,unknown
84,Greece,106,Italy,568,Cantaloupes and other melons,2003,1.0,1053.0,1053.0,192775.95,1663.0,194438.95,0.0,0.005,none,undetermined,unknown
211,Switzerland,171,Philippines,897,Whole milk powder,1997,1.0,1053.0,1053.0,9295.0,5159.0,14454.0,0.0,0.073,none,undetermined,unknown
119,Latvia,7,Angola,15,Wheat,2019,15500.0,14.72,1052.989,2371000.0,472281.49,2843281.49,0.005,0.0,none,undetermined,unknown
100,India,221,Oman,463,"Other vegetables, fresh n.e.c.",2016,3337.39,3.17,1052.804,25550696.87,158.55,25550855.42,0.0,0.0,none,undetermined,unknown
101,Indonesia,79,Germany,252,Coconut oil,2019,54.9,57787.03,1052.587,895000.0,26612.24,921612.24,0.0,0.063,none,undetermined,unknown
131,Malaysia,104,Ireland,252,Coconut oil,2002,2.0,2104.0,1052.0,45000.0,137268.0,182268.0,0.0,0.012,none,undetermined,unknown
173,Poland,256,Luxembourg,97,Triticale,2021,12465.72,11.85,1051.959,5349420.0,2986.85,5352406.85,0.002,0.0,none,undetermined,unknown
150,Netherlands (Kingdom of the),162,Norway,15,Wheat,2014,1.0,1051.94,1051.94,1304054.0,4185612.7199999997,5489666.72,0.0,0.0,none,undetermined,unknown
97,Hungary,174,Portugal,56,Maize (corn),1999,118.0,124126.0,1051.915,7149000.0,2464.0,7151464.0,0.0,0.017,none,undetermined,unknown
171,Philippines,200,Singapore,252,Coconut oil,2008,4206.0,4.0,1051.5,1414361.6,6.0,1414367.6,0.003,0.0,none,undetermined,unknown
150,Netherlands (Kingdom of the),96,"China, Hong Kong SAR",237,Soya bean oil,1996,2.0,2102.0,1051.0,728200.0,21849.0,750049.0,0.0,0.003,none,undetermined,unknown
231,United States of America,117,Republic of Korea,27,Rice,1998,15764.0,15.0,1050.933,8366190.0,12.0,8366202.0,0.002,0.0,none,undetermined,unknown
48,Costa Rica,21,Brazil,176,"Beans, dry",1986,7.0,7350.0,1050.0,28038.0,236.0,28274.0,0.0,0.26,none,undetermined,unknown
184,Rwanda,114,Kenya,667,Tea leaves,2009,19947.0,19.0,1049.842,89000.0,121.0,89121.0,0.224,0.0,none,undetermined,unknown
231,United States of America,110,Japan,270,Rape or colza seed,2017,10496.0,10.0,1049.6,1394190.0,623939.03,2018129.03,0.005,0.0,none,undetermined,unknown
131,Malaysia,73,Georgia,257,Palm oil,2010,68219.0,65.0,1049.523,16993717.0,1289260.0,18282977.0,0.004,0.0,none,undetermined,unknown
84,Greece,173,Poland,826,Unmanufactured tobacco,2019,1.96,2056.03,1048.995,22530.0,23296.45,45826.45,0.0,0.045,none,undetermined,unknown
233,Burkina Faso,223,Türkiye,767,"Cotton lint, ginned",2014,9.0,9439.0,1048.778,300000.0,5.0,300005.0,0.0,0.031,none,undetermined,unknown
100,India,200,Singapore,162,Raw cane or beet sugar (centrifugal only),2007,3145.0,3.0,1048.333,30780000.0,383.0,30780383.0,0.0,0.0,none,undetermined,unknown
229,United Kingdom of Great Britain and Northern Ireland,79,Germany,15,Wheat,2018,3.1,3249.69,1048.287,13555000.0,2148066.02,15703066.02,0.0,0.0,none,undetermined,unknown
54,Denmark,162,Norway,162,Raw cane or beet sugar (centrifugal only),1999,4.0,4193.0,1048.25,600265.0,2409.0,602674.0,0.0,0.007,none,undetermined,unknown
230,Ukraine,110,Japan,56,Maize (corn),2011,121591.0,116.0,1048.198,22837900.0,45831.0,22883731.0,0.005,0.0,none,undetermined,unknown
222,Tunisia,68,France,723,"Other stimulant, spice and aromatic crops, n.e.c.",2005,1.0,1048.0,1048.0,2454.9,2804.0,5258.9,0.0,0.199,none,undetermined,unknown
203,Spain,229,United Kingdom of Great Britain and Northern Ireland,165,Molasses,1989,5.0,5239.0,1047.8,338300.0,154837.0,493137.0,0.0,0.011,none,undetermined,unknown
106,Italy,229,United Kingdom of Great Britain and Northern Ireland,486,Bananas,1999,2095.0,2.0,1047.5,363.59,601932.0,602295.59,0.003,0.0,none,undetermined,unknown
156,New Zealand,54,Denmark,592,Kiwi fruit,1989,8378.0,8.0,1047.25,190000.0,0.0,190000.0,0.044,0.0,none,undetermined,unknown
168,Papua New Guinea,106,Italy,252,Coconut oil,2001,4.0,4189.0,1047.25,31590.0,0.0,31590.0,0.0,0.133,none,undetermined,unknown
9,Argentina,231,United States of America,1225,Tallow,2001,2.0,2094.0,1047.0,143500.0,15299.0,158799.0,0.0,0.013,none,undetermined,unknown
11,Austria,183,Romania,897,Whole milk powder,1991,2.0,2094.0,1047.0,9969.0,2128.0,12097.0,0.0,0.173,none,undetermined,unknown
68,France,231,United States of America,402,"Onions and shallots, green",1988,2094.0,2.0,1047.0,39000.0,290.0,39290.0,0.053,0.0,none,undetermined,unknown
95,Honduras,138,Mexico,257,Palm oil,1987,2.0,2094.0,1047.0,73800.0,0.0,73800.0,0.0,0.028,none,undetermined,unknown
100,India,38,Sri Lanka,463,"Other vegetables, fresh n.e.c.",1999,10470.0,10.0,1047.0,19059400.0,76.0,19059476.0,0.001,0.0,none,undetermined,unknown
183,Romania,97,Hungary,116,Potatoes,2012,4185.0,4.0,1046.25,2465150.0,86547.0,2551697.0,0.002,0.0,none,undetermined,unknown
9,Argentina,79,Germany,1141,"Meat of rabbits and hares, fresh or chilled",1998,1046.0,1.0,1046.0,7040.0,0.0,7040.0,0.149,0.0,none,undetermined,unknown
106,Italy,198,Slovenia,176,"Beans, dry",2000,1046.0,1.0,1046.0,20274.0,85635.0,105909.0,0.01,0.0,none,undetermined,unknown
223,Türkiye,167,Czechia,667,Tea leaves,2002,1046.0,1.0,1046.0,791700.0,1539.0,793239.0,0.001,0.0,none,undetermined,unknown
173,Poland,230,Ukraine,507,Pomelos and grapefruits,2018,2656.66,2.54,1045.929,0.0,58880.479999999996,58880.479999999996,0.045,0.0,none,undetermined,unknown
231,United States of America,100,India,577,Dates,2012,2.0,2091.0,1045.5,28213.0,22631.0,50844.0,0.0,0.041,none,undetermined,unknown
11,Austria,84,Greece,15,Wheat,2005,8.0,8363.0,1045.375,1453072.0,265840.0,1718912.0,0.0,0.005,none,undetermined,unknown
68,France,131,Malaysia,897,Whole milk powder,2003,1.0,1045.0,1045.0,216259.0,13376.0,229635.0,0.0,0.005,none,undetermined,unknown
216,Thailand,200,Singapore,720,"Ginger, raw",2012,1.0,1045.0,1045.0,156068.17,6833.0,162901.17,0.0,0.006,none,undetermined,unknown
131,Malaysia,26,Brunei Darussalam,388,Tomatoes,2014,1.5,1567.06,1044.707,162384.0,5438.9,167822.9,0.0,0.009,none,undetermined,unknown
210,Sweden,173,Poland,888,Skim milk of cows,2019,1.01,1054.76,1044.317,1051315.78,185.18,1051500.96,0.0,0.001,none,undetermined,unknown
255,Belgium,54,Denmark,1035,"Meat of pig with the bone, fresh or chilled",2019,2652.11,2.54,1044.138,1038990.0,51147.79,1090137.79,0.002,0.0,none,undetermined,unknown
231,United States of America,138,Mexico,162,Raw cane or beet sugar (centrifugal only),2010,148210.0,142.0,1043.732,7193650.0,2022808.0,9216458.0,0.016,0.0,none,undetermined,unknown
251,Zambia,215,United Republic of Tanzania,165,Molasses,2017,1.45,1512.66,1043.214,130000.0,6.23,130006.23,0.0,0.012,none,undetermined,unknown
79,Germany,108,Kazakhstan,15,Wheat,2010,10.0,10432.0,1043.2,23782955.0,3992308.0,27775263.0,0.0,0.0,none,undetermined,unknown
96,"China, Hong Kong SAR",200,Singapore,463,"Other vegetables, fresh n.e.c.",1990,6259.0,6.0,1043.167,62460.0,81507.0,143967.0,0.043,0.0,none,undetermined,unknown
173,Poland,150,Netherlands (Kingdom of the),463,"Other vegetables, fresh n.e.c.",2015,1168.2,1.12,1043.036,826807.0,28666.16,855473.16,0.001,0.0,none,undetermined,unknown
106,Italy,3,Albania,15,Wheat,1999,30.0,31260.0,1042.0,7742800.0,5952776.0,13695576.0,0.0,0.002,none,undetermined,unknown
156,New Zealand,156,New Zealand,977,"Meat of sheep, fresh or chilled",2013,1.0,1042.0,1042.0,480619.0,2959.0,483578.0,0.0,0.002,none,undetermined,unknown
184,Rwanda,68,France,656,"Coffee, green",2011,1.0,1042.0,1042.0,21820.4,194.0,22014.4,0.0,0.047,none,undetermined,unknown
231,United States of America,19,Bolivia (Plurinational State of),897,Whole milk powder,2001,1042.0,1.0,1042.0,18800.0,4573.0,23373.0,0.045,0.0,none,undetermined,unknown
238,Ethiopia,27,Bulgaria,656,"Coffee, green",2003,1042.0,1.0,1042.0,126188.0,0.0,126188.0,0.008,0.0,none,undetermined,unknown
126,Lithuania,7,Angola,15,Wheat,2021,41255.03,39.61,1041.531,4248850.0,71144.5,4319994.5,0.01,0.0,none,undetermined,unknown
68,France,150,Netherlands (Kingdom of the),165,Molasses,2005,8329.0,8.0,1041.125,1032500.0,297466.0,1329966.0,0.006,0.0,none,undetermined,unknown
59,Egypt,98,Croatia,403,"Onions and shallots, dry (excluding dehydrated)",2007,1040.0,1.0,1040.0,1485933.0,0.0,1485933.0,0.001,0.0,none,undetermined,unknown
100,India,200,Singapore,372,Lettuce and chicory,2008,1040.0,1.0,1040.0,970325.63,31.0,970356.63,0.001,0.0,none,undetermined,unknown
101,Indonesia,200,Singapore,403,"Onions and shallots, dry (excluding dehydrated)",2012,1.0,1040.0,1040.0,964221.0,58370.0,1022591.0,0.0,0.001,none,undetermined,unknown
203,Spain,84,Greece,56,Maize (corn),1998,2.0,2080.0,1040.0,4349100.0,2616384.0,6965484.0,0.0,0.0,none,undetermined,unknown
131,Malaysia,26,Brunei Darussalam,574,Pineapples,2018,1.4,1455.27,1039.479,322459.52,2661.58,325121.10000000003,0.0,0.004,none,undetermined,unknown
170,Peru,231,United States of America,489,Plantains and cooking bananas,2008,23908.0,23.0,1039.478,1792928.0,0.0,1792928.0,0.013,0.0,none,undetermined,unknown
272,Serbia,198,Slovenia,236,Soya beans,2016,15.01,15594.61,1038.948,576446.0,11723.0,588169.0,0.0,0.027,none,undetermined,unknown
173,Poland,79,Germany,898,Skim milk and whey powder,1992,9345.0,9.0,1038.333,139800.0,2392.0,142192.0,0.066,0.0,none,undetermined,unknown
233,Burkina Faso,237,Viet Nam,767,"Cotton lint, ginned",2015,42.0,43597.0,1038.024,280000.0,4.0,280004.0,0.0,0.156,none,undetermined,unknown
50,Cyprus,79,Germany,564,Wine,1994,41517.0,40.0,1037.925,48500.0,296.0,48796.0,0.851,0.001,none,undetermined,unknown
10,Australia,28,Myanmar,889,"Whole milk, condensed",2017,2.17,2251.88,1037.733,19244.23,2196.34,21440.57,0.0,0.105,none,undetermined,unknown
156,New Zealand,150,Netherlands (Kingdom of the),619,"Other fruits, n.e.c.",1986,9.0,9327.0,1036.333,9400.0,1663.0,11063.0,0.001,0.843,none,undetermined,unknown
79,Germany,210,Sweden,397,Cucumbers and gherkins,2002,1.0,1036.0,1036.0,238785.0,407681.0,646466.0,0.0,0.002,none,undetermined,unknown
167,Czechia,11,Austria,867,"Meat of cattle with the bone, fresh or chilled",2010,1036.0,1.0,1036.0,74259.0,4614.0,78873.0,0.013,0.0,none,undetermined,unknown
173,Poland,84,Greece,888,Skim milk of cows,2013,1.0,1036.0,1036.0,4113720.0,4039.0,4117759.0,0.0,0.0,none,undetermined,unknown
97,Hungary,183,Romania,108,Cereals n.e.c.,2020,2.85,2950.69,1035.33,9250.0,17.39,9267.39,0.0,0.318,none,undetermined,unknown
40,Chile,44,Colombia,75,Oats,2003,17.0,17600.0,1035.294,488050.0,3.0,488053.0,0.0,0.036,none,undetermined,unknown
100,India,203,Spain,571,"Mangoes, guavas and mangosteens",2012,1035.0,1.0,1035.0,18706000.0,779.0,18706779.0,0.0,0.0,none,undetermined,unknown
229,United Kingdom of Great Britain and Northern Ireland,255,Belgium,334,Oil of linseed,2002,1.0,1035.0,1035.0,8800.0,5543.0,14343.0,0.0,0.072,none,undetermined,unknown
229,United Kingdom of Great Britain and Northern Ireland,67,Finland,1225,Tallow,2004,3.0,3104.0,1034.667,168000.0,0.0,168000.0,0.0,0.018,none,undetermined,unknown
68,France,59,Egypt,162,Raw cane or beet sugar (centrifugal only),2000,17.0,17588.0,1034.588,4590000.0,126826.0,4716826.0,0.0,0.004,none,undetermined,unknown
79,Germany,174,Portugal,236,Soya beans,2005,3103.0,3.0,1034.333,0.0,3884467.0,3884467.0,0.001,0.0,none,undetermined,unknown
150,Netherlands (Kingdom of the),203,Spain,15,Wheat,1991,1.0,1034.0,1034.0,944146.0,1505689.0,2449835.0,0.0,0.0,none,undetermined,unknown
216,Thailand,200,Singapore,149,"Edible roots and tubers with high starch or inulin content, n.e.c., fresh",2020,3670.11,3.55,1033.834,287099.21,4894.4,291993.61000000004,0.013,0.0,none,undetermined,unknown
171,Philippines,194,Saudi Arabia,486,Bananas,2004,73.0,75465.0,1033.767,5631250.0,0.0,5631250.0,0.0,0.013,none,undetermined,unknown
100,India,149,Nepal,270,Rape or colza seed,2019,10.0,10331.19,1033.119,9255660.0,1.8,9255661.8,0.0,0.001,none,undetermined,unknown
68,France,104,Ireland,270,Rape or colza seed,2012,1033.0,1.0,1033.0,5463185.5,474405.0,5937590.5,0.0,0.0,none,undetermined,unknown
150,Netherlands (Kingdom of the),68,France,75,Oats,2000,1033.0,1.0,1033.0,13300.0,19066.0,32366.0,0.032,0.0,none,undetermined,unknown
84,Greece,229,United Kingdom of Great Britain and Northern Ireland,490,Oranges,2019,1310.71,1.27,1032.055,849080.0,3939.0,853019.0,0.002,0.0,none,undetermined,unknown
228,USSR,49,Cuba,268,"Sunflower-seed oil, crude",1987,70.0,72230.0,1031.857,1481000.0,305108.0,1786108.0,0.0,0.04,none,undetermined,unknown
101,Indonesia,73,Georgia,257,Palm oil,2012,22693.0,22.0,1031.5,26015519.0,616.0,26016135.0,0.001,0.0,none,undetermined,unknown
107,Côte d'Ivoire,63,Estonia,661,Cocoa beans,2012,49512.0,48.0,1031.5,1485882.0,0.0,1485882.0,0.033,0.0,none,undetermined,unknown
79,Germany,104,Ireland,1062,"Hen eggs in shell, fresh",2002,1.0,1031.0,1031.0,868000.0,257810.0,1125810.0,0.0,0.001,none,undetermined,unknown
146,Republic of Moldova,84,Greece,267,Sunflower seed,2004,4.0,4123.0,1030.75,335183.0,525.0,335708.0,0.0,0.012,none,undetermined,unknown
215,United Republic of Tanzania,100,India,187,"Peas, dry",2010,76275.0,74.0,1030.743,85000.0,411.0,85411.0,0.893,0.001,none,undetermined,unknown
238,Ethiopia,229,United Kingdom of Great Britain and Northern Ireland,463,"Other vegetables, fresh n.e.c.",2008,2061.0,2.0,1030.5,463187.67,2675.0,465862.67,0.004,0.0,none,undetermined,unknown
11,Austria,211,Switzerland,71,Rye,2000,3.0,3090.0,1030.0,182781.0,26087.0,208868.0,0.0,0.015,none,undetermined,unknown
97,Hungary,79,Germany,1166,"Other meat n.e.c. (excluding mammals), fresh, chilled or frozen",1998,1030.0,1.0,1030.0,8737.27,2.0,8739.27,0.118,0.0,none,undetermined,unknown
89,Guatemala,231,United States of America,568,Cantaloupes and other melons,1995,59.0,60748.0,1029.627,64070.0,196.0,64266.0,0.001,0.945,none,undetermined,unknown
216,Thailand,41,"China, mainland",720,"Ginger, raw",2021,3231.33,3.14,1029.086,173028.9,9757.22,182786.12,0.018,0.0,none,undetermined,unknown
68,France,15,Belgium-Luxembourg,339,"Other oil seeds, n.e.c.",1997,1029.0,1.0,1029.0,716.0,6237.0,6953.0,0.148,0.0,none,undetermined,unknown
222,Tunisia,228,USSR,261,Olive oil,1987,7200.0,7.0,1028.571,95000.0,0.0,95000.0,0.076,0.0,none,undetermined,unknown
96,"China, Hong Kong SAR",128,"China, Macao SAR",1058,"Meat of chickens, fresh or chilled",2006,4112.0,4.0,1028.0,29000.0,493646.0,522646.0,0.008,0.0,none,undetermined,unknown
100,India,200,Singapore,394,"Pumpkins, squash and gourds",2015,1.55,1591.99,1027.09,4065000.0,0.0,4065000.0,0.0,0.0,none,undetermined,unknown
11,Austria,198,Slovenia,162,Raw cane or beet sugar (centrifugal only),1995,1.0,1027.0,1027.0,481000.0,4619.0,485619.0,0.0,0.002,none,undetermined,unknown
154,North Macedonia,110,Japan,826,Unmanufactured tobacco,2010,1.0,1027.0,1027.0,30280.0,4437.0,34717.0,0.0,0.03,none,undetermined,unknown
202,South Africa,181,Zimbabwe,331,Cottonseed oil,2012,2054.0,2.0,1027.0,13000.0,11440.0,24440.0,0.084,0.0,none,undetermined,unknown
150,Netherlands (Kingdom of the),126,Lithuania,449,Mushrooms and truffles,2017,7.47,7659.66,1025.39,300000.0,29748.57,329748.57,0.0,0.023,none,undetermined,unknown
96,"China, Hong Kong SAR",41,"China, mainland",51,"Beer of barley, malted",2000,11278.0,11.0,1025.273,28281.41,128003.0,156284.41,0.072,0.0,none,undetermined,unknown
79,Germany,84,Greece,271,"Rapeseed or canola oil, crude",1999,1.0,1025.0,1025.0,1743000.0,51143.0,1794143.0,0.0,0.001,none,undetermined,unknown
231,United States of America,81,Ghana,27,Rice,2011,6150.0,6.0,1025.0,8388780.0,20.0,8388800.0,0.001,0.0,none,undetermined,unknown
138,Mexico,49,Cuba,15,Wheat,2003,11274.0,11.0,1024.909,2715800.0,3499912.0,6215712.0,0.002,0.0,none,undetermined,unknown
21,Brazil,169,Paraguay,388,Tomatoes,2007,8.0,8198.0,1024.75,3431232.0,0.0,3431232.0,0.0,0.002,none,undetermined,unknown
203,Spain,106,Italy,334,Oil of linseed,2017,3297.66,3.22,1024.118,1800.0,2463.61,4263.610000000001,0.773,0.001,none,undetermined,unknown
41,"China, mainland",131,Malaysia,486,Bananas,2006,1024.0,1.0,1024.0,6901200.0,387826.0,7289026.0,0.0,0.0,none,undetermined,unknown
41,"China, mainland",110,Japan,237,Soya bean oil,1998,5119.0,5.0,1023.8,1927000.0,830927.0,2757927.0,0.002,0.0,none,undetermined,unknown
223,Türkiye,49,Cuba,15,Wheat,2001,13300.0,13.0,1023.077,19000000.0,328878.0,19328878.0,0.001,0.0,none,undetermined,unknown
203,Spain,84,Greece,897,Whole milk powder,2010,2.0,2046.0,1023.0,1100.0,16792.0,17892.0,0.0,0.114,none,undetermined,unknown
10,Australia,221,Oman,463,"Other vegetables, fresh n.e.c.",2017,1.07,1094.07,1022.495,188114.29,588.06,188702.35,0.0,0.006,none,undetermined,unknown
68,France,150,Netherlands (Kingdom of the),271,"Rapeseed or canola oil, crude",1988,25560.0,25.0,1022.4,454100.0,29038.0,483138.0,0.053,0.0,none,undetermined,unknown
171,Philippines,200,Singapore,252,Coconut oil,2001,19421.0,19.0,1022.158,1741640.4,23.0,1741663.4,0.011,0.0,none,undetermined,unknown
202,South Africa,251,Zambia,176,"Beans, dry",2005,7.0,7149.0,1021.286,69820.0,52997.0,122817.0,0.0,0.058,none,undetermined,unknown
203,Spain,203,Spain,515,Apples,1989,18377.0,18.0,1020.944,810000.0,42896.0,852896.0,0.022,0.0,none,undetermined,unknown
255,Belgium,105,Israel,15,Wheat,2012,3.0,3062.0,1020.667,1834624.0,3995300.0,5829924.0,0.0,0.001,none,undetermined,unknown
97,Hungary,183,Romania,108,Cereals n.e.c.,2016,3.73,3806.88,1020.611,12559.0,1847.5200000000002,14406.52,0.0,0.264,none,undetermined,unknown
185,Russian Federation,230,Ukraine,397,Cucumbers and gherkins,2021,11736.4,11.5,1020.557,1602606.0,46786.2,1649392.2,0.007,0.0,none,undetermined,unknown
41,"China, mainland",217,Togo,667,Tea leaves,1999,4082.0,4.0,1020.5,2939000.0,1858.0,2940858.0,0.001,0.0,none,undetermined,unknown
27,Bulgaria,79,Germany,270,Rape or colza seed,2018,48.54,49531.69,1020.43,472590.0,13086.1,485676.1,0.0,0.102,none,undetermined,unknown
96,"China, Hong Kong SAR",41,"China, mainland",1058,"Meat of chickens, fresh or chilled",1999,700957.0,687.0,1020.316,63000.0,1061032.0,1124032.0,0.624,0.001,none,undetermined,unknown
181,Zimbabwe,67,Finland,162,Raw cane or beet sugar (centrifugal only),1998,14.0,14280.0,1020.0,595000.0,0.0,595000.0,0.0,0.024,none,undetermined,unknown
185,Russian Federation,230,Ukraine,15,Wheat,2007,292694.0,287.0,1019.84,49367973.0,465437.0,49833410.0,0.006,0.0,none,undetermined,unknown
68,France,54,Denmark,44,Barley,1999,20390.0,20.0,1019.5,9376404.2,25094.0,9401498.2,0.002,0.0,none,undetermined,unknown
184,Rwanda,68,France,656,"Coffee, green",2012,1.0,1019.0,1019.0,19995.0,239.0,20234.0,0.0,0.05,none,undetermined,unknown
231,United States of America,150,Netherlands (Kingdom of the),162,Raw cane or beet sugar (centrifugal only),2007,4075.0,4.0,1018.75,7396000.0,1701940.0,9097940.0,0.0,0.0,none,undetermined,unknown
272,Serbia,198,Slovenia,56,Maize (corn),2020,571.69,582268.01,1018.503,7872607.29,3497.39,7876104.68,0.0,0.074,none,undetermined,unknown
79,Germany,105,Israel,267,Sunflower seed,2003,5.0,5091.0,1018.2,73043.0,283630.0,356673.0,0.0,0.014,none,undetermined,unknown
105,Israel,68,France,406,Green garlic,1999,11200.0,11.0,1018.182,4200.0,303492.0,307692.0,0.036,0.0,none,undetermined,unknown
21,Brazil,68,France,257,Palm oil,1998,1018.0,1.0,1018.0,88600.0,37516.0,126116.0,0.008,0.0,none,undetermined,unknown
101,Indonesia,216,Thailand,403,"Onions and shallots, dry (excluding dehydrated)",2008,27.0,27475.0,1017.593,853615.0,38885.0,892500.0,0.0,0.031,none,undetermined,unknown
230,Ukraine,13,Bahrain,15,Wheat,2013,27464.0,27.0,1017.185,22279300.0,1778.0,22281078.0,0.001,0.0,none,undetermined,unknown
138,Mexico,231,United States of America,260,Olives,2013,9.0,9152.0,1016.889,26303.0,0.0,26303.0,0.0,0.348,none,undetermined,unknown
67,Finland,228,USSR,1062,"Hen eggs in shell, fresh",1986,9150.0,9.0,1016.667,84000.0,0.0,84000.0,0.109,0.0,none,undetermined,unknown
21,Brazil,110,Japan,826,Unmanufactured tobacco,2019,9.6,9758.63,1016.524,769801.0,5364.46,775165.46,0.0,0.013,none,undetermined,unknown
68,France,84,Greece,888,Skim milk of cows,2009,3.0,3049.0,1016.333,10942380.0,84679.0,11027059.0,0.0,0.0,none,undetermined,unknown
131,Malaysia,200,Singapore,600,Papayas,1999,25.0,25404.0,1016.16,56000.0,45.0,56045.0,0.0,0.453,none,undetermined,unknown
44,Colombia,203,Spain,162,Raw cane or beet sugar (centrifugal only),1990,2032.0,2.0,1016.0,1588800.0,0.0,1588800.0,0.001,0.0,none,undetermined,unknown
54,Denmark,203,Spain,977,"Meat of sheep, fresh or chilled",1994,1.0,1016.0,1016.0,1700.0,4688.0,6388.0,0.0,0.159,none,undetermined,unknown
124,Libya,229,United Kingdom of Great Britain and Northern Ireland,406,Green garlic,1990,1016.0,1.0,1016.0,3500.0,40.0,3540.0,0.287,0.0,none,undetermined,unknown
60,El Salvador,214,"China, Taiwan Province of",162,Raw cane or beet sugar (centrifugal only),2014,17705.65,17.43,1015.815,739000.0,10.64,739010.64,0.024,0.0,none,undetermined,unknown
171,Philippines,79,Germany,252,Coconut oil,2010,178.0,180786.0,1015.652,1746300.0,10.0,1746310.0,0.0,0.104,none,undetermined,unknown
33,Canada,9,Argentina,15,Wheat,1991,13199.0,13.0,1015.308,31945600.0,19356.0,31964956.0,0.0,0.0,none,undetermined,unknown
68,France,105,Israel,56,Maize (corn),2006,3.0,3045.0,1015.0,12903718.5,252911.0,13156629.5,0.0,0.0,none,undetermined,unknown
79,Germany,210,Sweden,1036,"Edible offal of pigs, fresh, chilled or frozen",2015,12067.3,11.9,1014.059,636627.43,77122.1,713749.53,0.017,0.0,none,undetermined,unknown
33,Canada,14,Barbados,75,Oats,1988,18.0,18252.0,1014.0,2993100.0,397.0,2993497.0,0.0,0.006,none,undetermined,unknown
181,Zimbabwe,110,Japan,826,Unmanufactured tobacco,2013,1.0,1014.0,1014.0,147068.07,19181.0,166249.07,0.0,0.006,none,undetermined,unknown
185,Russian Federation,110,Japan,44,Barley,2017,4652.0,4.59,1013.508,20628955.0,168593.33,20797548.33,0.0,0.0,none,undetermined,unknown
100,India,79,Germany,162,Raw cane or beet sugar (centrifugal only),2003,2027.0,2.0,1013.5,22140000.0,74322.0,22214322.0,0.0,0.0,none,undetermined,unknown
67,Finland,162,Norway,75,Oats,2003,3.0,3038.0,1012.667,1294500.0,28.0,1294528.0,0.0,0.002,none,undetermined,unknown
79,Germany,110,Japan,44,Barley,2014,60750.0,60.0,1012.5,11562800.0,1199634.1,12762434.1,0.005,0.0,none,undetermined,unknown
216,Thailand,200,Singapore,165,Molasses,1993,14175.0,14.0,1012.5,1623000.0,30.0,1623030.0,0.009,0.0,none,undetermined,unknown
131,Malaysia,96,"China, Hong Kong SAR",600,Papayas,1999,17.0,17212.0,1012.471,56000.0,45.0,56045.0,0.0,0.307,none,undetermined,unknown
11,Austria,229,United Kingdom of Great Britain and Northern Ireland,15,Wheat,1999,1012.0,1.0,1012.0,1416200.0,174803.0,1591003.0,0.001,0.0,none,undetermined,unknown
67,Finland,210,Sweden,44,Barley,2021,8499.82,8.4,1011.883,1045500.0,28794.35,1074294.35,0.008,0.0,none,undetermined,unknown
216,Thailand,96,"China, Hong Kong SAR",490,Oranges,2019,1.23,1244.17,1011.52,521478.48,7545.139999999999,529023.62,0.0,0.002,none,undetermined,unknown
41,"China, mainland",101,Indonesia,242,"Groundnuts, excluding shelled",2001,1.0,1011.0,1011.0,14415748.0,341.0,14416089.0,0.0,0.0,none,undetermined,unknown
203,Spain,117,Republic of Korea,1035,"Meat of pig with the bone, fresh or chilled",2014,25627.95,25.37,1010.168,3555606.0,77981.95,3633587.95,0.007,0.0,none,undetermined,unknown
44,Colombia,138,Mexico,656,"Coffee, green",2008,1010.0,1.0,1010.0,688680.0,9604.0,698284.0,0.001,0.0,none,undetermined,unknown
173,Poland,183,Romania,889,"Whole milk, condensed",2009,1.0,1010.0,1010.0,0.0,1980.0,1980.0,0.001,0.51,none,undetermined,unknown
200,Singapore,96,"China, Hong Kong SAR",889,"Whole milk, condensed",2007,1.0,1010.0,1010.0,53165.7,15012.0,68177.7,0.0,0.015,none,undetermined,unknown
203,Spain,214,"China, Taiwan Province of",564,Wine,2009,1010.0,1.0,1010.0,3250610.0,38887.0,3289497.0,0.0,0.0,none,undetermined,unknown
210,Sweden,162,Norway,1242,Margarine and shortening,2010,1.0,1010.0,1010.0,120000.0,19550.0,139550.0,0.0,0.007,none,undetermined,unknown
68,France,167,Czechia,44,Barley,2010,6.0,6059.0,1009.833,10101597.1,76672.0,10178269.1,0.0,0.001,none,undetermined,unknown
101,Indonesia,63,Estonia,257,Palm oil,2018,72680.7,72.0,1009.454,40567230.0,722.75,40567952.75,0.002,0.0,none,undetermined,unknown
97,Hungary,183,Romania,894,"Whole milk, evaporated",2021,4.39,4431.4,1009.431,6068.46,380.66999999999996,6449.13,0.001,0.687,none,undetermined,unknown
44,Colombia,211,Switzerland,656,"Coffee, green",2012,19.0,19172.0,1009.053,462000.0,63017.0,525017.0,0.0,0.037,none,undetermined,unknown
150,Netherlands (Kingdom of the),81,Ghana,977,"Meat of sheep, fresh or chilled",2009,1.0,1009.0,1009.0,14190.0,12745.0,26935.0,0.0,0.037,none,undetermined,unknown
229,United Kingdom of Great Britain and Northern Ireland,67,Finland,15,Wheat,2000,1009.0,1.0,1009.0,16703526.0,1160786.0,17864312.0,0.0,0.0,none,undetermined,unknown
41,"China, mainland",229,United Kingdom of Great Britain and Northern Ireland,406,Green garlic,2000,13112.0,13.0,1008.615,7380000.0,67.0,7380067.0,0.002,0.0,none,undetermined,unknown
255,Belgium,231,United States of America,60,Oil of maize,2010,2017.0,2.0,1008.5,60300.0,14378.0,74678.0,0.027,0.0,none,undetermined,unknown
79,Germany,21,Brazil,897,Whole milk powder,1996,3.0,3024.0,1008.0,84070.0,34683.0,118753.0,0.0,0.025,none,undetermined,unknown
131,Malaysia,96,"China, Hong Kong SAR",237,Soya bean oil,1999,28.0,28212.0,1007.571,95945.46,113786.0,209731.46000000002,0.0,0.135,none,undetermined,unknown
21,Brazil,211,Switzerland,486,Bananas,2000,2.0,2015.0,1007.5,5663360.0,18.0,5663378.0,0.0,0.0,none,undetermined,unknown
138,Mexico,48,Costa Rica,56,Maize (corn),2005,6045.0,6.0,1007.5,19338700.0,5743678.0,25082378.0,0.0,0.0,none,undetermined,unknown
33,Canada,56,Dominican Republic,176,"Beans, dry",2018,1047.44,1.04,1007.154,341100.0,86325.70999999999,427425.70999999996,0.002,0.0,none,undetermined,unknown
100,India,150,Netherlands (Kingdom of the),571,"Mangoes, guavas and mangosteens",2011,20141.0,20.0,1007.05,17650000.0,630.0,17650630.0,0.001,0.0,none,undetermined,unknown
231,United States of America,33,Canada,486,Bananas,2019,583214.57,579.41,1006.566,3452.33,4676918.06,4680370.39,0.125,0.0,none,undetermined,unknown
10,Australia,15,Belgium-Luxembourg,51,"Beer of barley, malted",1986,2.0,2013.0,1006.5,1862711.0,10120.0,1872831.0,0.0,0.001,none,undetermined,unknown
41,"China, mainland",200,Singapore,372,Lettuce and chicory,1995,4025.0,4.0,1006.25,4500000.0,1086.0,4501086.0,0.001,0.0,none,undetermined,unknown
41,"China, mainland",214,"China, Taiwan Province of",51,"Beer of barley, malted",2009,25155.0,25.0,1006.2,41621800.0,40499.0,41662299.0,0.001,0.0,none,undetermined,unknown
89,Guatemala,229,United Kingdom of Great Britain and Northern Ireland,463,"Other vegetables, fresh n.e.c.",1990,1006.0,1.0,1006.0,162423.0,206.0,162629.0,0.006,0.0,none,undetermined,unknown
203,Spain,150,Netherlands (Kingdom of the),44,Barley,2014,4.6,4625.7,1005.587,6983109.0,401797.55000000005,7384906.55,0.0,0.001,none,undetermined,unknown
79,Germany,97,Hungary,495,"Tangerines, mandarins, clementines",2018,4.41,4433.97,1005.435,0.0,363357.73,363357.73,0.0,0.012,none,undetermined,unknown
33,Canada,200,Singapore,268,"Sunflower-seed oil, crude",2001,1.0,1005.0,1005.0,24800.0,33059.0,57859.0,0.0,0.017,none,undetermined,unknown
229,United Kingdom of Great Britain and Northern Ireland,231,United States of America,165,Molasses,1991,2010.0,2.0,1005.0,400000.0,650388.0,1050388.0,0.002,0.0,none,undetermined,unknown
173,Poland,54,Denmark,1037,Fat of pigs,2010,2009.0,2.0,1004.5,319901.3,5392.0,325293.3,0.006,0.0,none,undetermined,unknown
185,Russian Federation,79,Germany,271,"Rapeseed or canola oil, crude",2011,5.0,5021.0,1004.2,170972.0,1253.0,172225.0,0.0,0.029,none,undetermined,unknown
10,Australia,214,"China, Taiwan Province of",564,Wine,2009,1004.0,1.0,1004.0,1182624.0,61600.0,1244224.0,0.001,0.0,none,undetermined,unknown
10,Australia,137,Mauritius,1225,Tallow,2002,2008.0,2.0,1004.0,422000.0,26.0,422026.0,0.005,0.0,none,undetermined,unknown
100,India,173,Poland,723,"Other stimulant, spice and aromatic crops, n.e.c.",1986,1.0,1004.0,1004.0,502400.0,1414.0,503814.0,0.0,0.002,none,undetermined,unknown
198,Slovenia,80,Bosnia and Herzegovina,560,Grapes,2009,4015.0,4.0,1003.75,112855.0,10349.0,123204.0,0.033,0.0,none,undetermined,unknown
222,Tunisia,185,Russian Federation,463,"Other vegetables, fresh n.e.c.",2015,1344.94,1.34,1003.687,108086.52,98.96,108185.48000000001,0.012,0.0,none,undetermined,unknown
23,Belize,33,Canada,162,Raw cane or beet sugar (centrifugal only),2000,23082.0,23.0,1003.565,122199.0,0.0,122199.0,0.189,0.0,none,undetermined,unknown
150,Netherlands (Kingdom of the),214,"China, Taiwan Province of",51,"Beer of barley, malted",2009,58205.0,58.0,1003.534,2564000.0,259231.0,2823231.0,0.021,0.0,none,undetermined,unknown
216,Thailand,200,Singapore,882,Raw milk of cattle,2007,10.0,10034.0,1003.4,729098.0,46.0,729144.0,0.0,0.014,none,undetermined,unknown
10,Australia,110,Japan,83,Sorghum,2000,758.0,760321.0,1003.062,2115912.0,0.0,2115912.0,0.0,0.359,none,undetermined,unknown
225,United Arab Emirates,118,Kuwait,56,Maize (corn),2020,20381.87,20.32,1003.045,26405.0,556537.8300000001,582942.8300000001,0.035,0.0,none,undetermined,unknown
203,Spain,105,Israel,406,Green garlic,1999,70.0,70200.0,1002.857,178074.0,8256.0,186330.0,0.0,0.377,none,undetermined,unknown
97,Hungary,104,Ireland,56,Maize (corn),2014,1203.3,1.2,1002.75,9315100.0,241201.44,9556301.44,0.0,0.0,none,undetermined,unknown
63,Estonia,104,Ireland,15,Wheat,2021,7678.22,7.66,1002.379,736270.0,10121.61,746391.61,0.01,0.0,none,undetermined,unknown
199,Slovakia,183,Romania,267,Sunflower seed,2020,8307.82,8.29,1002.15,137210.0,23761.61,160971.61,0.052,0.0,none,undetermined,unknown
131,Malaysia,150,Netherlands (Kingdom of the),252,Coconut oil,2019,25301.28,25.25,1002.031,47300.0,223912.72000000003,271212.72000000003,0.093,0.0,none,undetermined,unknown
84,Greece,174,Portugal,564,Wine,1992,1002.0,1.0,1002.0,404100.0,5423.0,409523.0,0.002,0.0,none,undetermined,unknown
210,Sweden,79,Germany,1043,"Pig fat, rendered",2013,1.0,1002.0,1002.0,18500.0,4363.0,22863.0,0.0,0.044,none,undetermined,unknown
230,Ukraine,79,Germany,165,Molasses,2003,5009.0,5.0,1001.8,670000.0,9070.0,679070.0,0.007,0.0,none,undetermined,unknown
203,Spain,143,Morocco,564,Wine,1991,8014.0,8.0,1001.75,3139000.0,9631.0,3148631.0,0.003,0.0,none,undetermined,unknown
209,Eswatini,231,United States of America,165,Molasses,1997,10.0,10016.0,1001.6,142000.0,152.0,142152.0,0.0,0.07,none,undetermined,unknown
131,Malaysia,117,Republic of Korea,661,Cocoa beans,2020,1302.0,1.3,1001.538,706.0,384682.07,385388.07,0.003,0.0,none,undetermined,unknown
100,India,200,Singapore,897,Whole milk powder,2013,2.0,2003.0,1001.5,1941.45,344.0,2285.45,0.001,0.876,none,undetermined,unknown
67,Finland,104,Ireland,44,Barley,2021,3293.31,3.29,1001.006,1045500.0,28794.35,1074294.35,0.003,0.0,none,undetermined,unknown
15,Belgium-Luxembourg,59,Egypt,237,Soya bean oil,1999,3.0,3003.0,1001.0,185700.0,227712.0,413412.0,0.0,0.007,none,undetermined,unknown
229,United Kingdom of Great Britain and Northern Ireland,11,Austria,271,"Rapeseed or canola oil, crude",2011,1.0,1001.0,1001.0,783100.0,97269.0,880369.0,0.0,0.001,none,undetermined,unknown
255,Belgium,32,Cameroon,237,Soya bean oil,2007,4.0,4004.0,1001.0,179067.39,186039.0,365106.39,0.0,0.011,none,undetermined,unknown
11,Austria,106,Italy,882,Raw milk of cattle,1993,3002.0,3.0,1000.667,3269622.0,3106.0,3272728.0,0.001,0.0,none,undetermined,unknown
272,Serbia,106,Italy,15,Wheat,2016,24413.45,24.4,1000.551,2884537.0,630.35,2885167.35,0.008,0.0,none,undetermined,unknown
68,France,104,Ireland,237,Soya bean oil,1997,4002.0,4.0,1000.5,89600.0,66653.0,156253.0,0.026,0.0,none,undetermined,unknown
183,Romania,179,Qatar,15,Wheat,2016,21000.0,20.99,1000.476,8431131.0,2155962.6999999997,10587093.7,0.002,0.0,none,undetermined,unknown
44,Colombia,236,Venezuela (Bolivarian Republic of),156,Sugar cane,2014,5241.72,5.24,1000.328,38157132.0,25.0,38157157.0,0.0,0.0,none,undetermined,unknown
14,Barbados,231,United States of America,162,Raw cane or beet sugar (centrifugal only),2014,7.06,7062.0,1000.283,15745.03,3320.71,19065.74,0.0,0.37,none,undetermined,unknown
230,Ukraine,7,Angola,15,Wheat,2021,22000.01,22.0,1000.0,32183300.0,17694.9,32200994.9,0.001,0.0,none,undetermined,unknown
