polity_code,polity_name,start_year,end_year,duration_years,polity_type,continent,iso3_code,cow_code,polygon_source,predecessor,successor,data_sources,verification_status,notes
CPV-1800-2025,Cabo Verde,1800,2025,226,national,Africa,CPV,404,CShapes 2.0,NA,NA,FT; FAOSTAT; M49; CShapes,VERIFIED,NA
GMB-1800-2025,Gambia,1800,2025,226,national,Africa,GMB,420,CShapes 2.0,NA,NA,FT; FAOSTAT; M49; CShapes,VERIFIED,NA
MUS-1800-2025,Mauritius,1800,2025,226,national,Africa,MUS,590,CShapes 2.0,NA,NA,FT; FAOSTAT; M49; CShapes,VERIFIED,NA
STP-1800-2025,Sao Tome and Principe,1800,2025,226,national,Africa,STP,411,CShapes 2.0,NA,NA,FT; FAOSTAT; M49; CShapes,VERIFIED,NA
SLE-1800-2025,Sierra Leone,1800,2025,226,national,Africa,SLE,451,CShapes 2.0,NA,NA,FT; FAOSTAT; M49; CShapes,VERIFIED,NA
AGO-1816-2025,Angola,1816,2025,210,national,Africa,AGO,540,CShapes 2.0,ANG-1891-1905; KSJ-1800-1911,NA,FT; FAOSTAT; M49; CShapes,VERIFIED,NA
MOZ-1816-2025,Mozambique,1816,2025,210,national,Africa,MOZ,541,CShapes 2.0,MOZ-1800-1891; GZE-1824-1895,NA,FT; FAOSTAT; M49; CShapes,VERIFIED,NA
ZAF-1828-2025,South Africa,1828,2025,198,national,Africa,ZAF,560,CShapes 2.0,ZUL-1816-1879,NA,FT; FAOSTAT; M49; CShapes,VERIFIED,NA
DZA-1831-2025,Algeria,1831,2025,195,national,Africa,DZA,615,CShapes 2.0,NA,NA,FT; FAOSTAT; M49; CShapes,VERIFIED,NA
LBR-1847-2025,Liberia,1847,2025,179,national,Africa,LBR,450,CShapes 2.0,NA,NA,FT; FAOSTAT; M49; CShapes,VERIFIED,NA
GNB-1879-2025,Guinea-Bissau,1879,2025,147,national,Africa,GNB,NA,CShapes 2.0,NA,NA,FT; FAOSTAT; M49; CShapes,VERIFIED,NA
TUN-1881-2025,Tunisia,1881,2025,145,national,Africa,TUN,616,CShapes 2.0,TUN-1800-1881,NA,FT; FAOSTAT; M49; CShapes,VERIFIED,NA
ERI-1882-2025,Eritrea,1882,2025,144,national,Africa,ERI,531,CShapes 2.0,NA,NA,FT; FAOSTAT; M49; CShapes,VERIFIED,NA
MDG-1882-2025,Madagascar,1882,2025,144,national,Africa,MDG,580,CShapes 2.0,NA,NA,FT; FAOSTAT; M49; CShapes,VERIFIED,NA
NAM-1884-2025,Namibia,1884,2025,142,national,Africa,NAM,565,CShapes 2.0,NA,NA,FT; FAOSTAT; M49; CShapes,VERIFIED,NA
ZWE-1890-2025,Zimbabwe,1890,2025,136,national,Africa,ZWE,552,CShapes 2.0,NDB-1823-1894,NA,FT; FAOSTAT; M49; CShapes,VERIFIED,NA
SWZ-1894-2025,Eswatini,1894,2025,132,national,Africa,SWZ,572,CShapes 2.0,SWK-1800-1894,NA,FT; FAOSTAT; M49; CShapes,VERIFIED,NA
SYC-1903-2025,Seychelles,1903,2025,123,national,Africa,SYC,591,CShapes 2.0,NA,NA,FT; FAOSTAT; M49; CShapes,VERIFIED,NA
LBY-1951-2025,Libya,1951,2025,75,national,Africa,LBY,620,CShapes 2.0,LBY-1943-1949,NA,FAOSTAT; M49; CShapes,VERIFIED,NA
GHA-1957-2025,Ghana,1957,2025,69,national,Africa,GHA,452,CShapes 2.0,GHA-1898-1956,NA,FAOSTAT; M49; CShapes,VERIFIED,NA
GIN-1958-2025,Guinea,1958,2025,68,national,Africa,GIN,438,CShapes 2.0,FTJ-1800-1896; GIN-1894-1958,NA,FAOSTAT; M49; CShapes,VERIFIED,NA
BEN-1960-2025,Benin,1960,2025,66,national,Africa,BEN,434,CShapes 2.0,DHY-1800-1894; PNV-1800-1882; BEN-1898-1960,NA,FAOSTAT; M49; CShapes,VERIFIED,NA
BFA-1960-2025,Burkina Faso,1960,2025,66,national,Africa,BFA,439,CShapes 2.0,MOS-1800-1897; BFA-1947-1960,NA,FAOSTAT; M49; CShapes,VERIFIED,NA
CAF-1960-2025,Central African Republic,1960,2025,66,national,Africa,CAF,482,CShapes 2.0,CAF-1919-1960,NA,FAOSTAT; M49; CShapes,VERIFIED,NA
TCD-1960-2025,Chad,1960,2025,66,national,Africa,TCD,483,CShapes 2.0,WAD-1800-1912; TCD-1920-1960,NA,FAOSTAT; M49; CShapes,VERIFIED,NA
COG-1960-2025,Congo,1960,2025,66,national,Africa,COG,484,CShapes 2.0,COG-1919-1960,NA,FAOSTAT; M49; CShapes,VERIFIED,NA
CIV-1960-2025,Côte d'Ivoire,1960,2025,66,national,Africa,CIV,437,CShapes 2.0,CIV-1947-1960,NA,FAOSTAT; M49; CShapes,VERIFIED,NA
COD-1960-2025,Democratic Republic of the Congo,1960,2025,66,national,Africa,COD,490,CShapes 2.0,LBA-1800-1885; LND-1800-1887; COD-1910-1960,NA,FAOSTAT; M49; CShapes,VERIFIED,NA
GAB-1960-2025,Gabon,1960,2025,66,national,Africa,GAB,481,CShapes 2.0,GAB-1919-1960,NA,FAOSTAT; M49; CShapes,VERIFIED,NA
MLI-1960-2025,Mali,1960,2025,66,national,Africa,MLI,432,CShapes 2.0,NA,NA,FAOSTAT; M49; CShapes,VERIFIED,NA
NER-1960-2025,Niger,1960,2025,66,national,Africa,NER,436,CShapes 2.0,DMG-1800-1899,NA,FAOSTAT; M49; CShapes,VERIFIED,NA
SEN-1960-2025,Senegal,1960,2025,66,national,Africa,SEN,433,CShapes 2.0,CAY-1800-1886; BND-1800-1887; FTT-1800-1862; WLO-1800-1855; SNE-1800-1887; JOL-1800-1890; SLM-1800-1887; SEN-1886-1959,NA,FAOSTAT; M49; CShapes,VERIFIED,NA
SOM-1960-2025,Somalia,1960,2025,66,national,Africa,SOM,520,CShapes 2.0,NA,NA,FAOSTAT; M49; CShapes,VERIFIED,NA
TGO-1960-2025,Togo,1960,2025,66,national,Africa,TGO,461,CShapes 2.0,NA,NA,FAOSTAT; M49; CShapes,VERIFIED,NA
CMR-1961-2025,Cameroon,1961,2025,65,national,Africa,CMR,471,CShapes 2.0,CMR-1960-1961,NA,FAOSTAT; M49; CShapes,VERIFIED,NA
NGA-1961-2025,Nigeria,1961,2025,65,national,Africa,NGA,475,CShapes 2.0,NGA-1914-1961; NGA-1960-1961; EGB-1830-1914,NA,FAOSTAT; M49; CShapes,VERIFIED,NA
BDI-1962-2025,Burundi,1962,2025,64,national,Africa,BDI,516,CShapes 2.0,BDK-1800-1890,NA,FAOSTAT; M49; CShapes,VERIFIED,NA
RWA-1962-2025,Rwanda,1962,2025,64,national,Africa,RWA,517,CShapes 2.0,RWK-1800-1890; RWA-1920-1962,NA,FAOSTAT; M49; CShapes,VERIFIED,NA
UGA-1962-2025,Uganda,1962,2025,64,national,Africa,UGA,500,CShapes 2.0,BGA-1800-1894; BNY-1800-1899; NKR-1800-1901; UGA-1926-1962,NA,FAOSTAT; M49; CShapes,VERIFIED,NA
KEN-1963-2025,Kenya,1963,2025,63,national,Africa,KEN,501,CShapes 2.0,KEN-1926-1963,NA,FAOSTAT; M49; CShapes,VERIFIED,NA
MWI-1964-2025,Malawi,1964,2025,62,national,Africa,MWI,553,CShapes 2.0,NA,NA,FAOSTAT; M49; CShapes,VERIFIED,NA
TZA-1964-2025,Tanzania,1964,2025,62,national,Africa,TZA,510,CShapes 2.0,TZA-1961-1964,NA,FAOSTAT; M49; CShapes,VERIFIED,NA
ZMB-1964-2025,Zambia,1964,2025,62,national,Africa,ZMB,551,CShapes 2.0,BMB-1800-1899; LZI-1800-1890; KZM-1800-1899,NA,FAOSTAT; M49; CShapes,VERIFIED,NA
BWA-1966-2025,Botswana,1966,2025,60,national,Africa,BWA,571,CShapes 2.0,NA,NA,FAOSTAT; M49; CShapes,VERIFIED,NA
LSO-1966-2025,Lesotho,1966,2025,60,national,Africa,LSO,570,CShapes 2.0,LST-1822-1868; LSO-1886-1966,NA,FAOSTAT; M49; CShapes,VERIFIED,NA
GNQ-1968-2025,Equatorial Guinea,1968,2025,58,national,Africa,GNQ,NA,CShapes 2.0,GNQ-1900-1968,NA,FAOSTAT; M49; CShapes,VERIFIED,NA
COM-1975-2025,Comoros,1975,2025,51,national,Africa,COM,403,CShapes 2.0,COM-1946-1975,NA,FAOSTAT; M49; CShapes,VERIFIED,NA
DJI-1977-2025,Djibouti,1977,2025,49,national,Africa,DJI,522,CShapes 2.0,DJI-1900-1977,NA,FAOSTAT; M49; CShapes,VERIFIED,NA
EGY-1979-2025,Egypt,1979,2025,47,national,Africa,EGY,651,CShapes 2.0,EGY-1967-1979,NA,FAOSTAT; M49; CShapes,VERIFIED,NA
MRT-1979-2025,Mauritania,1979,2025,47,national,Africa,MRT,435,CShapes 2.0,MRT-1975-1979,NA,FAOSTAT; M49; CShapes,VERIFIED,NA
MAR-1979-2025,Morocco,1979,2025,47,national,Africa,MAR,600,CShapes 2.0,MAR-1975-1979; MOR-1956-1958,NA,FAOSTAT; M49; CShapes,VERIFIED,NA
ETH-1993-2025,Ethiopia,1993,2025,33,national,Africa,ETH,530,CShapes 2.0,ETH-1952-1993,NA,FAOSTAT; M49; CShapes,VERIFIED,NA
SSD-2011-2025,South Sudan,2011,2025,15,national,Africa,SSD,626,CShapes 2.0,SUD-1956-2011,NA,FAOSTAT; M49; CShapes,VERIFIED,NA
SDN-2011-2025,Sudan,2011,2025,15,national,Africa,SDN,625,CShapes 2.0,SUD-1956-2011,NA,FAOSTAT; M49; CShapes,VERIFIED,NA
ALG-1830-1902,Algeria (to 1902),1830,1902,73,national,Africa,ALG,NA,CShapes 2.0,NA,ALG-1902-1919,FT; CShapes,FIXED,Start corrected from 1800 to 1830 (French invasion). Was Regency of Algiers (Ottoman) before 1830. Cliopatria has Regency of Algiers polygons.
ANG-1800-1890,Angola (to 1890),1800,1890,91,national,Africa,ANG,NA,CShapes 2.0 (dependencies=TRUE),NA,ANG-1890-1891,FT; CShapes,VERIFIED,NA
BOT-1885-1890,Botswana (to 1890),1885,1890,6,national,Africa,BOT,NA,CShapes 2.0,NA,BOT-1890-1895,FT; CShapes,FIXED,Start corrected from 1800 to 1885 (Bechuanaland Protectorate established). Independent Tswana kingdoms before 1885.
COG-1882-1898,Congo (to 1898),1882,1898,17,national,Africa,COG,NA,CShapes 2.0,NA,NA,FT; CShapes,FIXED,Start corrected from 1800 to 1882 (French Parliament ratified Brazza treaties). Loango and Teke kingdoms before 1882.
COD-1885-1891,Democratic Republic of the Congo (to 1891),1885,1891,7,national,Africa,COD,NA,CShapes 2.0,LBA-1800-1885; LND-1800-1887,COD-1891-1894,FT; CShapes,FIXED,Start corrected from 1800 to 1885 (Congo Free State recognized at Berlin Conference). Luba Lunda and Kongo kingdoms before 1885. Paine et al. (2024) has pre-colonial state polygons.
EGY-1800-1899,Egypt (to 1899),1800,1899,100,national,Africa,EGY,651,"Cliopatria (Muhammad Ali dynasty 1848-1864, 1.83M km2)",NA,EGY-1899-1925,FT; CShapes,VERIFIED,Khedivate of Egypt including Sudan (conquered 1820-24) and Equatoria. Cliopatria polygon represents mid-century extent (~1.83M km2). Egypt lost Sudan to Mahdist revolt by 1885. Pre-1820: Egypt proper only (~1M km2).
EGY-1800-1922,Egypt (to 1922),1800,1922,123,national,Africa,EGY,651,CShapes 2.0,NA,NA,FT; CShapes,VERIFIED,NA
ERI-1882-1889,Eritrea (to 1889),1882,1889,8,national,Africa,ERI,531,CShapes 2.0,NA,ERI-1889-1900,FT; CShapes,FIXED,Start corrected from 1800 to 1882 (Italy purchased Assab). Was Ethiopian Empire highlands and Ottoman coast before 1882.
ETH-1800-1889,Ethiopia (to 1889),1800,1889,90,national,Africa,ETH,530,"Cliopatria (Ethiopian Empire 1769-1889, 240K km2)",NA,ETH-1889-1897,FT; CShapes,VERIFIED,"Pre-Menelik Ethiopia. Zemene Mesafint (Era of Princes). Highland core only: Gondar, Gojjam, Shewa, Tigray, Wello. ~240,000 km2. Cliopatria polygon replaces back-projected CShapes which was 2-3x too large."
GAB-1839-1912,Gabon (to 1912),1839,1912,74,national,Africa,GAB,481,CShapes 2.0,NA,GAB-1912-1919,FT; CShapes,FIXED,Start corrected from 1800 to 1839 (first French treaty with King Denis at Gabon Estuary). Mpongwe and Orungu coastal polities before 1839.
GHA-1821-1888,Ghana (to 1888),1821,1888,68,national,Africa,GHA,452,CShapes 2.0,NA,GHA-1888-1898,FT; CShapes,FIXED,Start corrected from 1800 to 1821 (British Crown took over forts). Ashanti Empire dominated the region in 1800. Paine et al. (2024) has Ashanti polygon.
LAG-1861-1906,Lagos (to 1906),1861,1906,46,national,Africa,LAG,NA,CShapes 2.0,NA,NA,FT; CShapes,FIXED,Start corrected from 1800 to 1861 (British annexation 6 Aug 1861). Yoruba kingdom of Lagos before 1861.
MAD-1800-1912,Madagascar (to 1912),1800,1912,113,national,Africa,MAD,NA,"Cliopatria (Merina Kingdom 1840-1894, 427K km2)",NA,MAD-1912-1946,FT; CShapes,VERIFIED,Merina Kingdom. Expanded from central highlands: 85K km2 (1796) -> 113K (1803) -> 173K (1820) -> 245K (1822) -> 375K (1825) -> 427K (1840-1894). Cliopatria polygon uses 1840 extent (~75% of island). Western Sakalava never fully subjugated. French colonization 1896. POLYGON CAVEAT: Polygon represents Merina Kingdom at 1840 peak extent (427K km2). Before 1840 the kingdom was 2-5x smaller (85K km2 in 1800). After 1894/96 the kingdom ceased to exist (French colonization). Polygon is a poor fit for both ends of the date range.
MOR-1800-1904,Morocco (to 1904),1800,1904,105,national,Africa,MOR,NA,"Cliopatria (Morocco 1769-1860, 388K km2)",NA,MOR-1904-1956,FT; CShapes,VERIFIED,"Alaouite Morocco. Cliopatria polygon (388K km2). Note: fixed borders remain conceptually anachronistic. Historical Morocco had Bled al-makhzen (governed territory) vs Bled es-siba (nominal allegiance only, Rif/Atlas). Southern border was non-existent."
MOZ-1800-1891,Mozambique (to 1891),1800,1891,92,national,Africa,MOZ,541,CShapes 2.0 (dependencies=TRUE),NA,MOZ-1816-2025; MOZ-1891-1975,FT; CShapes,VERIFIED,NA
SIE-1800-1889,Sierra Leone (to 1889),1800,1889,90,national,Africa,SIE,NA,CShapes 2.0,NA,NA,FT; CShapes,VERIFIED,NA
ZAN-1856-1964,Zanzibar,1856,1964,109,national,Africa,ZAN,NA,"Cliopatria (Zanzibar Sultanate 1856-1884, 28K km2 mainland)",NA,NA,FT; FAOSTAT; CShapes; WHEP-fix,FIXED,"Zanzibar Sultanate including mainland coastal strip (Cape Delgado to near Mogadishu, 1500km). Cliopatria polygon includes mainland (28K km2). Mainland lost 1886-1890 via Anglo-German treaties. Post-1890: islands only."
ORA-1848-1910,Orange Free State (to 1910),1848,1910,63,national,Africa,ORA,NA,CShapes 2.0,NA,NA,FT; CShapes; WHEP-fix,"FIXED: merged duplicate, code ORA-1800-1910->ORA-1848-1910",NA
GHA-1888-1898,Ghana (1888-1898),1888,1898,11,national,Africa,GHA,452,CShapes 2.0,GHA-1821-1888,GHA-1898-1956,FT; CShapes,VERIFIED,NA
KEN-1888-1891,Kenya (1888-1891),1888,1891,4,national,Africa,KEN,501,CShapes 2.0,NA,KEN-1891-1894,FT; CShapes,VERIFIED,NA
COT-1889-1932,Côte d'Ivoire (1889-1932),1889,1932,44,national,Africa,COT,NA,CShapes 2.0,NA,COT-1932-1947,FT; CShapes,VERIFIED,NA
ETH-1889-1897,Ethiopia (1889-1897),1889,1897,9,national,Africa,ETH,530,CShapes 2.0,ETH-1800-1889,ETH-1897-1902,FT; CShapes,VERIFIED,NA
ZIM-1889-1891,Zimbabwe (1889-1891),1889,1891,3,national,Africa,ZIM,NA,CShapes 2.0,NDB-1823-1894,ZIM-1891-1900,FT; CShapes,VERIFIED,NA
ANG-1890-1891,Angola (1890-1891),1890,1891,2,national,Africa,ANG,NA,CShapes 2.0 (dependencies=TRUE),ANG-1800-1890,ANG-1891-1905,FT; CShapes,VERIFIED,NA
BOT-1890-1895,Botswana (1890-1895),1890,1895,6,national,Africa,BOT,NA,CShapes 2.0,BOT-1885-1890,BOT-1895-1966,FT; CShapes,VERIFIED,NA
ZAN-1890-1964,Zanzibar (1890-1964),1890,1964,75,national,Africa,ZAN,NA,CShapes 2.0,NA,NA,FT; FAOSTAT; CShapes; WHEP-fix,VERIFIED,NA
ANG-1891-1905,Angola (1891-1905),1891,1905,15,national,Africa,ANG,NA,CShapes 2.0 (dependencies=TRUE),ANG-1890-1891,AGO-1816-2025; ANG-1905-1975,FT; CShapes,VERIFIED,NA
COD-1891-1894,Democratic Republic of the Congo (1891-1894),1891,1894,4,national,Africa,COD,NA,CShapes 2.0,COD-1885-1891,COD-1894-1910,FT; CShapes,VERIFIED,NA
KEN-1891-1894,Kenya (1891-1894),1891,1894,4,national,Africa,KEN,501,CShapes 2.0,KEN-1888-1891,KEN-1894-1902,FT; CShapes,VERIFIED,NA
ZIM-1891-1900,Zimbabwe (1891-1900),1891,1900,10,national,Africa,ZIM,NA,CShapes 2.0,ZIM-1889-1891,NA,FT; CShapes,VERIFIED,NA
COD-1894-1910,Democratic Republic of the Congo (1894-1910),1894,1910,17,national,Africa,COD,NA,CShapes 2.0,COD-1891-1894,COD-1910-1960,FT; CShapes,VERIFIED,NA
KEN-1894-1902,Kenya (1894-1902),1894,1902,9,national,Africa,KEN,501,CShapes 2.0,KEN-1891-1894,KEN-1902-1906,FT; CShapes,VERIFIED,NA
UGA-1894-1902,Uganda (1894-1902),1894,1902,9,national,Africa,UGA,500,CShapes 2.0,BGA-1800-1894; BNY-1800-1899; NKR-1800-1901,UGA-1902-1910,FT; CShapes,VERIFIED,NA
BEN-1895-1898,Benin (1895-1898),1895,1898,4,national,Africa,BEN,434,CShapes 2.0,DHY-1800-1894,BEN-1898-1960,FT; CShapes,VERIFIED,NA
ETH-1897-1902,Ethiopia (1897-1902),1897,1902,6,national,Africa,ETH,530,CShapes 2.0,ETH-1889-1897,ETH-1902-1907,FT; CShapes,VERIFIED,NA
COG-1898-1900,Congo (1898-1900),1898,1900,3,national,Africa,COG,NA,CShapes 2.0,NA,COG-1900-1906,FT; CShapes,VERIFIED,NA
GHA-1898-1956,Ghana (1898-1956),1898,1956,59,national,Africa,GHA,452,CShapes 2.0,ASH-1800-1896; GHA-1888-1898; DGM-1800-1899,GHA-1957-2025,FT; CShapes,VERIFIED,NA
EGY-1899-1925,Egypt (1899-1925),1899,1925,27,national,Africa,EGY,651,CShapes 2.0,EGY-1800-1899,NA,FT; CShapes,VERIFIED,NA
NNI-1899-1904,Northern Nigeria (1899-1904),1899,1904,6,national,Africa,NNI,385,CShapes 2.0,SOK-1804-1903; BNU-1800-1893; NUP-1800-1897; IGL-1800-1901,NNI-1904-1913,FT; CShapes,VERIFIED,NA
SNI-1899-1906,Southern Nigeria (1899-1906),1899,1906,8,national,Africa,SNI,NA,CShapes 2.0,BKN-1800-1897; IBD-1829-1893; IJB-1800-1892,SNI-1906-1913,FT; CShapes,VERIFIED,NA
SUD-1899-1902,Sudan (1899-1902),1899,1902,4,national,Africa,SUD,NA,CShapes 2.0,DFR-1800-1874,SUD-1902-1910,FT; CShapes,VERIFIED,NA
TCD-1900-1912,Chad (1900-1912),1900,1912,13,national,Africa,TCD,NA,CShapes 2.0,WAD-1800-1912,TCD-1912-1919,FT; CShapes,VERIFIED,NA
COG-1900-1906,Congo (1900-1906),1900,1906,7,national,Africa,COG,NA,CShapes 2.0,COG-1898-1900,COG-1906-1912,FT; CShapes,VERIFIED,NA
NRH-1900-1911,Northeastern Rhodesia (1900-1911),1900,1911,12,national,Africa,NRH,NA,CShapes 2.0,NA,NA,FT; CShapes,VERIFIED,NA
NWR-1900-1905,Northwestern Rhodesia (1900-1905),1900,1905,6,national,Africa,NWR,NA,CShapes 2.0,NA,NNI-1904-1913,FT; CShapes,VERIFIED,NA
ALG-1902-1919,Algeria (1902-1919),1902,1919,18,national,Africa,ALG,NA,CShapes 2.0,ALG-1830-1902,NA,FT; CShapes,VERIFIED,NA
ETH-1902-1907,Ethiopia (1902-1907),1902,1907,6,national,Africa,ETH,530,CShapes 2.0,ETH-1897-1902,ETH-1907-1952,FT; CShapes,VERIFIED,NA
KEN-1902-1906,Kenya (1902-1906),1902,1906,5,national,Africa,KEN,501,CShapes 2.0,KEN-1894-1902,KEN-1907-1924,FT; CShapes,VERIFIED,NA
SUD-1902-1910,Sudan (1902-1910),1902,1910,9,national,Africa,SUD,NA,CShapes 2.0,SUD-1899-1902,SUD-1910-1934,FT; CShapes,VERIFIED,NA
UGA-1902-1910,Uganda (1902-1910),1902,1910,9,national,Africa,UGA,500,CShapes 2.0,UGA-1894-1902,UGA-1910-1926,FT; CShapes,VERIFIED,NA
MAU-1904-1912,Mauritania (1904-1912),1904,1912,9,national,Africa,MAU,NA,CShapes 2.0,NA,MAU-1912-1944,FT; CShapes,VERIFIED,NA
MOR-1904-1956,Morocco (1904-1956),1904,1956,53,national,Africa,MOR,NA,CShapes 2.0,MOR-1800-1904,MOR-1956-1958,FT; CShapes,VERIFIED,NA
NNI-1904-1913,Northern Nigeria (1904-1913),1904,1913,10,national,Africa,NNI,385,CShapes 2.0,NNI-1899-1904; NWR-1900-1905,NGA-1914-1961,FT; CShapes,VERIFIED,NA
MLI-1905-1919,Mali (1905-1919),1905,1919,15,national,Africa,MLI,NA,CShapes 2.0,NA,MLI-1919-1932,FT; CShapes,VERIFIED,NA
NER-1905-1932,Niger (1905-1932),1905,1932,28,national,Africa,NER,NA,CShapes 2.0,NA,NA,FT; CShapes,VERIFIED,NA
NWR-1905-1911,Northwestern Rhodesia (1905-1911),1905,1911,7,national,Africa,NWR,NA,CShapes 2.0,NA,NA,FT; CShapes,VERIFIED,NA
CEN-1906-1912,Central African Republic (1906-1912),1906,1912,7,national,Africa,CEN,NA,CShapes 2.0,NA,CEN-1912-1919,FT; CShapes,VERIFIED,NA
COG-1906-1912,Congo (1906-1912),1906,1912,7,national,Africa,COG,NA,CShapes 2.0,COG-1900-1906,COG-1912-1919,FT; CShapes,VERIFIED,NA
SNI-1906-1913,Southern Nigeria (1906-1913),1906,1913,8,national,Africa,SNI,NA,CShapes 2.0,SNI-1899-1906,NGA-1914-1961,FT; CShapes,VERIFIED,NA
ETH-1907-1952,Ethiopia (1907-1952),1907,1952,46,national,Africa,ETH,530,CShapes 2.0,ETH-1902-1907,ETH-1952-1993,FT; CShapes,VERIFIED,NA
KEN-1907-1924,Kenya (1907-1924),1907,1924,18,national,Africa,KEN,501,CShapes 2.0,KEN-1902-1906,KEN-1924-1926; KEN-1926-1963,FT; CShapes,VERIFIED,NA
SUD-1910-1934,Sudan (1910-1934),1910,1934,25,national,Africa,SUD,NA,CShapes 2.0,SUD-1902-1910,SUD-1934-2011,FT; CShapes,VERIFIED,NA
UGA-1910-1926,Uganda (1910-1926),1910,1926,17,national,Africa,UGA,500,CShapes 2.0,UGA-1902-1910,UGA-1926-1962,FT; CShapes,VERIFIED,NA
MAR-1911-1958,Morocco (to 1958),1911,1958,48,national,Africa,MAR,600,CShapes 2.0,NA,MAR-1958-1975,FT; CShapes,VERIFIED,NA
CEN-1912-1919,Central African Republic (1912-1919),1912,1919,8,national,Africa,CEN,NA,CShapes 2.0,CEN-1906-1912,NA,FT; CShapes,VERIFIED,NA
TCD-1912-1919,Chad (1912-1919),1912,1919,8,national,Africa,TCD,NA,CShapes 2.0,TCD-1900-1912,TCD-1920-1960,FT; CShapes,VERIFIED,NA
COG-1912-1919,Congo (1912-1919),1912,1919,8,national,Africa,COG,NA,CShapes 2.0,COG-1906-1912,COG-1919-1960,FT; CShapes,VERIFIED,NA
GAB-1912-1919,Gabon (1912-1919),1912,1919,8,national,Africa,GAB,481,CShapes 2.0,GAB-1839-1912,GAB-1919-1960,FT; CShapes,VERIFIED,NA
LIB-1912-1919,Libya (1912-1919),1912,1919,8,national,Africa,LIB,NA,CShapes 2.0,NA,LIB-1919-1925,FT; CShapes,VERIFIED,NA
MAD-1912-1946,Madagascar (1912-1946),1912,1946,35,national,Africa,MAD,NA,CShapes 2.0,MAD-1800-1912,NA,FT; CShapes,VERIFIED,NA
MAU-1912-1944,Mauritania (1912-1944),1912,1944,33,national,Africa,MAU,NA,CShapes 2.0,MAU-1904-1912,MAU-1944-1975,FT; CShapes,VERIFIED,NA
NGA-1914-1961,Nigeria (1914-1961),1914,1961,48,national,Africa,NGA,NA,CShapes 2.0,NNI-1904-1913; SNI-1906-1913; BRG-1800-1897,NGA-1961-2025; NGA-1960-1961,FT; FAOSTAT; CShapes,VERIFIED,NA
LIB-1919-1925,Libya (1919-1925),1919,1925,7,national,Africa,LIB,NA,CShapes 2.0,LIB-1912-1919,LIB-1925-1934,FT; CShapes,VERIFIED,NA
MLI-1919-1932,Mali (1919-1932),1919,1932,14,national,Africa,MLI,NA,CShapes 2.0,MLI-1905-1919,MLI-1932-1944,FT; CShapes,VERIFIED,NA
EGY-1922-1925,Egypt (1922-1925),1922,1925,4,national,Africa,EGY,651,CShapes 2.0,NA,EGY-1925-1967,FT; CShapes,VERIFIED,NA
KEN-1924-1926,Kenya (1924-1926),1924,1926,3,national,Africa,KEN,501,CShapes 2.0,KEN-1907-1924,KEN-1926-1963,FT; CShapes,VERIFIED,NA
EGY-1925-1967,Egypt (1925-1967),1925,1967,43,national,Africa,EGY,651,CShapes 2.0,EGY-1922-1925,EGY-1967-1979,FT; FAOSTAT; CShapes,VERIFIED,NA
LIB-1925-1934,Libya (1925-1934),1925,1934,10,national,Africa,LIB,NA,CShapes 2.0,LIB-1919-1925,NA,FT; CShapes,VERIFIED,NA
COT-1932-1947,Côte d'Ivoire (1932-1947),1932,1947,16,national,Africa,COT,NA,CShapes 2.0,COT-1889-1932,NA,FT; CShapes,VERIFIED,NA
MLI-1932-1944,Mali (1932-1944),1932,1944,13,national,Africa,MLI,NA,CShapes 2.0,MLI-1919-1932,MLI-1944-1947,FT; CShapes,VERIFIED,NA
NER-1932-1947,Niger (1932-1947),1932,1947,16,national,Africa,NER,NA,CShapes 2.0,NA,NA,FT; CShapes,VERIFIED,NA
SUD-1934-2011,Sudan (1934-2011),1934,2011,78,national,Africa,SUD,NA,CShapes 2.0,SUD-1910-1934,NA,FT; FAOSTAT; M49; CShapes,VERIFIED,NA
MLI-1944-1947,Mali (1944-1947),1944,1947,4,national,Africa,MLI,NA,CShapes 2.0,MLI-1932-1944,NA,CShapes,VERIFIED,NA
MAU-1944-1975,Mauritania (1944-1975),1944,1975,32,national,Africa,MAU,NA,CShapes 2.0,MAU-1912-1944,NA,FAOSTAT; M49; CShapes,VERIFIED,NA
MLI-1947-1959,Mali (1947-1959),1947,1959,13,national,Africa,MLI,NA,CShapes 2.0,NA,MLI-1959-1960,CShapes,VERIFIED,NA
ETH-1952-1993,Ethiopia (1952-1993),1952,1993,42,national,Africa,ETH,530,CShapes 2.0,ETH-1907-1952,ETH-1993-2025,FAOSTAT; M49; CShapes,VERIFIED,NA
MOR-1956-1958,Morocco (1956-1958),1956,1958,3,national,Africa,MOR,NA,CShapes 2.0,MOR-1904-1956,MAR-1979-2025,CShapes,VERIFIED,NA
SUD-1956-2011,Sudan (1956-2011),1956,2011,56,national,Africa,SUD,NA,CShapes 2.0,NA,SDN-2011-2025; SSD-2011-2025,FAOSTAT; M49; CShapes,VERIFIED,NA
MAR-1958-1975,Morocco (1958-1975),1958,1975,18,national,Africa,MAR,600,CShapes 2.0,MAR-1911-1958,MAR-1975-1979,FAOSTAT; M49; CShapes,VERIFIED,NA
ESH-1958-1975,Western Sahara (1958-1975),1958,1975,18,national,Africa,ESH,NA,CShapes 2.0,SWA-1912-1958,NA,FAOSTAT; M49; CShapes,VERIFIED,NA
MLI-1959-1960,Mali (1959-1960),1959,1960,2,national,Africa,MLI,NA,CShapes 2.0,MLI-1947-1959,NA,CShapes,VERIFIED,NA
CMR-1960-1961,Cameroon (1960-1961),1960,1961,2,national,Africa,CMR,471,CShapes 2.0,NA,CMR-1961-2025,FAOSTAT; CShapes,VERIFIED,NA
MRT-1960-1975,Mauritania (1960-1975),1960,1975,16,national,Africa,MRT,435,CShapes 2.0,NA,MRT-1975-1979,FAOSTAT; M49; CShapes,VERIFIED,NA
NGA-1960-1961,Nigeria (1960-1961),1960,1961,2,national,Africa,NGA,475,CShapes 2.0,NGA-1914-1961,NGA-1961-2025,FAOSTAT; CShapes,VERIFIED,NA
EGY-1967-1979,Egypt (1967-1979),1967,1979,13,national,Africa,EGY,651,CShapes 2.0,EGY-1925-1967,EGY-1979-2025,FAOSTAT; M49; CShapes,VERIFIED,NA
MRT-1975-1979,Mauritania (1975-1979),1975,1979,5,national,Africa,MRT,435,CShapes 2.0,MRT-1960-1975,MRT-1979-2025,FAOSTAT; M49; CShapes,VERIFIED,NA
MAR-1975-1979,Morocco (1975-1979),1975,1979,5,national,Africa,MAR,600,CShapes 2.0,MAR-1958-1975,MAR-1979-2025,FAOSTAT; M49; CShapes,VERIFIED,NA
BSO-1884-1960,British Protectorate (British Somaliland) (to 1960),1884,1960,77,national,Africa,BSO,NA,CShapes 2.0 (dependencies=TRUE),NA,NA,FT; CShapes,FIXED,Start corrected from 1800 to 1884 (first British treaties with Somali clans). Somali clan societies and sultanates before 1884.
KAM-1884-1912,Cameroon (Kamerun) (to 1912),1884,1912,29,national,Africa,KAM,NA,CShapes 2.0 (dependencies=TRUE),NA,KAM-1912-1919,FT; CShapes,FIXED,Start corrected from 1800 to 1884 (Nachtigal signed treaties 5 Jul 1884). Bamoun Kingdom Fulani lamidates and Duala polities before 1884.
CAP-1800-1895,Cape Colony (to 1895),1800,1895,96,national,Africa,CAP,NA,CShapes 2.0 (dependencies=TRUE),NA,CAP-1895-1910,FT; CShapes,VERIFIED,NA
NAT-1843-1895,Natal (to 1895),1843,1895,53,national,Africa,NAT,NA,CShapes 2.0 (dependencies=TRUE),ZUL-1816-1879,NAT-1895-1910,FT; CShapes,FIXED,Start corrected from 1800 to 1843 (British annexation 4 May 1843). Nguni peoples and Zulu Kingdom before 1843. Paine et al. (2024) has Zulu polygon.
OIL-1884-1898,Oil Rivers Protectorate (to 1898),1884,1898,15,national,Africa,OIL,NA,CShapes 2.0 (dependencies=TRUE),NDD-1800-1884,NA,FT; CShapes,FIXED,Start corrected from 1800 to 1884 (protectorate proclaimed). Niger Delta city-states (Bonny Brass Calabar) before 1884.
SNA-1800-1982,Spanish North Africa,1800,1982,183,national,Africa,SNA,NA,CShapes 2.0 (dependencies=TRUE),NA,NA,FT; FAOSTAT; M49; CShapes,VERIFIED,NA
SWA-1884-1912,Spanish West Africa (to 1912),1884,1912,29,national,Africa,SWA,NA,CShapes 2.0 (dependencies=TRUE),NA,SMO-1912-1956,FT; CShapes,FIXED,Start corrected from 1800 to 1884 (Bonelli treaty 28 Nov 1884). Sahrawi tribal territories before 1884.
TRA-1856-1910,Transvaal (to 1910),1856,1910,55,national,Africa,TRA,NA,CShapes 2.0 (dependencies=TRUE),NA,NA,FT; CShapes,VERIFIED,NA
FRS-1884-1977,French Somalia,1884,1977,94,national,Africa,FRS,NA,CShapes 2.0 (dependencies=TRUE),NA,NA,FT; FAOSTAT; M49; CShapes; WHEP-fix,VERIFIED,NA
GWA-1884-1914,German West Africa,1884,1914,31,national,Africa,GWA,NA,CShapes 2.0 (dependencies=TRUE),NA,NA,FT; CShapes,VERIFIED,NA
BBE-1885-1895,British Bechuanaland,1885,1895,11,national,Africa,BBE,NA,CShapes 2.0 (dependencies=TRUE),NA,NA,FT; CShapes,VERIFIED,NA
GTO-1887-1888,German Togoland (1887-1888),1887,1888,2,national,Africa,GTO,255,CShapes 2.0 (dependencies=TRUE),NA,GTO-1888-1896,FT; CShapes,VERIFIED,NA
GTO-1888-1896,German Togoland (1888-1896),1888,1896,9,national,Africa,GTO,255,CShapes 2.0 (dependencies=TRUE),GTO-1887-1888,GTO-1897-1919,FT; CShapes,VERIFIED,NA
ISM-1889-1924,Italian Somaliland (1889-1924),1889,1924,36,national,Africa,ISM,325,CShapes 2.0 (dependencies=TRUE),NA,NA,FT; CShapes,VERIFIED,NA
CAP-1895-1910,Cape Colony (1895-1910),1895,1910,16,national,Africa,CAP,NA,CShapes 2.0 (dependencies=TRUE),CAP-1800-1895,NA,FT; CShapes,VERIFIED,NA
FWA-1895-1898,French West Africa (1895-1898),1895,1898,4,national,Africa,FWA,NA,CShapes 2.0 (dependencies=TRUE),NA,FWA-1898-1902,FT; CShapes,VERIFIED,NA
NAT-1895-1910,Natal (1895-1910),1895,1910,16,national,Africa,NAT,NA,CShapes 2.0 (dependencies=TRUE),NAT-1843-1895,NA,FT; CShapes,VERIFIED,NA
GTO-1897-1919,German Togoland (1897-1919),1897,1919,23,national,Africa,GTO,255,CShapes 2.0 (dependencies=TRUE),GTO-1888-1896,GTO-1919-1922,FT; CShapes,VERIFIED,NA
FWA-1898-1902,French West Africa (1898-1902),1898,1902,5,national,Africa,FWA,NA,CShapes 2.0 (dependencies=TRUE),FWA-1895-1898,FWA-1902-1904,FT; CShapes,VERIFIED,NA
FWA-1902-1904,French West Africa (1902-1904),1902,1904,3,national,Africa,FWA,NA,CShapes 2.0 (dependencies=TRUE),FWA-1898-1902,NA,FT; CShapes,VERIFIED,NA
KAM-1912-1919,Cameroon (Kamerun) (1912-1919),1912,1919,8,national,Africa,KAM,NA,CShapes 2.0 (dependencies=TRUE),KAM-1884-1912,NA,FT; CShapes,VERIFIED,NA
SMO-1912-1956,Spanish Morocco (1912-1956),1912,1956,45,national,Africa,SMO,NA,CShapes 2.0 (dependencies=TRUE),SWA-1884-1912,NA,FT; CShapes,VERIFIED,NA
SWA-1912-1958,Spanish West Africa (1912-1958),1912,1958,47,national,Africa,SWA,NA,CShapes 2.0 (dependencies=TRUE),NA,ESH-1958-1975,FT; CShapes,VERIFIED,NA
GTO-1919-1922,German Togoland (1919-1922),1919,1922,4,national,Africa,GTO,255,CShapes 2.0 (dependencies=TRUE),GTO-1897-1919,NA,FT; CShapes,VERIFIED,NA
BTO-1922-1955,British Togoland (1922-1955),1922,1955,34,national,Africa,BTO,NA,CShapes 2.0 (dependencies=TRUE),NA,NA,FT; CShapes,VERIFIED,NA
ISM-1924-1960,Italian Somaliland (1924-1960),1924,1960,37,national,Africa,ISM,325,CShapes 2.0 (dependencies=TRUE),NA,NA,FT; CShapes,VERIFIED,NA
FRN-1953-1964,Federation of Rhodesia and Nyasaland (1953-1964),1953,1964,12,national,Africa,FRN,NA,CShapes 2.0 (dependencies=TRUE),NA,NA,FAOSTAT; CShapes,VERIFIED,NA
SZM-1956-1958,Southern zone of Spanish Morocco (1956-1958),1956,1958,3,national,Africa,SZM,NA,CShapes 2.0 (dependencies=TRUE),NA,NA,CShapes,VERIFIED,NA
ICN-1800-2025,Canary Islands,1800,2025,226,national,Africa,ICN,20,GADM 4.1,NA,NA,FT; FAOSTAT; M49; CShapes,VERIFIED,NA
CEU-1800-2025,Ceuta Y Melilla,1800,2025,226,national,Africa,CEU,NA,GADM 4.1,NA,NA,FT; FAOSTAT; M49; CShapes,VERIFIED,NA
SHN-1800-2025,"Saint Helena, Ascension and Tristan da Cunha",1800,2025,226,national,Africa,SHN,NA,GADM 4.1,NA,NA,FT; FAOSTAT; M49; CShapes,VERIFIED,NA
REU-1816-2025,Réunion,1816,2025,210,national,Africa,REU,NA,GADM 4.1,NA,NA,FT; FAOSTAT; M49; CShapes,VERIFIED,NA
MYT-1843-1914,Mayotte and Noissi-be,1843,1914,72,national,Africa,MYT,NA,GADM 4.1,NA,NA,FT; CShapes,VERIFIED,NA
MYT-2002-2025,Mayotte,2002,2025,24,national,Africa,MYT,NA,GADM 4.1,NA,NA,FAOSTAT; M49; CShapes,VERIFIED,NA
GEA-1884-2025,German East Africa (Tanganyika),1884,2025,142,national,Africa,GEA,NA,CShapes 2.0 (dependencies=TRUE),NA,NA,FT; FAOSTAT; M49; CShapes,VERIFIED,NA
TAN-1891-1920,Tanzania (1891-1920),1891,1920,30,national,Africa,TAN,NA,CShapes 2.0,NA,TAN-1920-1922,FT; CShapes,VERIFIED,NA
BCA-1919-1961,British Cameroon (1919-1961),1919,1961,43,national,Africa,BCA,NA,CShapes 2.0 (dependencies=TRUE),NA,NA,FT; FAOSTAT; CShapes,VERIFIED,NA
CMR-1919-1961,Cameroon (1919-1961),1919,1961,43,national,Africa,CMR,NA,CShapes 2.0,NA,NA,FT; FAOSTAT; CShapes,VERIFIED,NA
RWA-1920-1962,Rwanda and Burundi (1920-1962),1920,1962,43,national,Africa,RWA,517,CShapes 2.0 (dependencies=TRUE),RWK-1800-1890; BDK-1800-1890,RWA-1962-2025,FT; FAOSTAT; CShapes,VERIFIED,NA
TAN-1920-1922,Tanzania (1920-1922),1920,1922,3,national,Africa,TAN,NA,CShapes 2.0,TAN-1891-1920,TAN-1922-1964,FT; CShapes,VERIFIED,NA
TAN-1922-1964,Tanzania (1922-1964),1922,1964,43,national,Africa,TAN,NA,CShapes 2.0,TAN-1920-1922,NA,FT; FAOSTAT; CShapes,VERIFIED,NA
TZA-1961-1964,Tanzania (1961-1964),1961,1964,4,national,Africa,TZA,510,CShapes 2.0,NA,TZA-1964-2025,FAOSTAT; CShapes,VERIFIED,NA
ESH-1800-2025,Western Sahara,1800,2025,226,national,Africa,ESH,NA,CShapes 2.0,NA,NA,FT; FAOSTAT; M49; CShapes,VERIFIED,NA
F62-1800-1993,Ethiopia PDR,1800,1993,194,national,Africa,NA,NA,CShapes 2.0,NA,NA,FT; FAOSTAT; M49; CShapes,REGION,NA
GOL-1843-2025,Gold Coast,1843,2025,183,national,Africa,GOL,NA,CShapes 2.0 (dependencies=TRUE),NA,NA,FT; FAOSTAT; M49; CShapes,VERIFIED,NA
SGN-1858-2025,Spanish Guinea,1858,2025,168,national,Africa,SGN,NA,CShapes 2.0 (dependencies=TRUE),NA,NA,FT; FAOSTAT; M49; CShapes,VERIFIED,NA
SUD-1882-2025,Sudan (Anglo-Egyptian),1882,2025,144,national,Africa,SUD,NA,CShapes 2.0 (dependencies=TRUE),NA,NA,FT; FAOSTAT; M49; CShapes,VERIFIED,NA
BAS-1884-2025,Basutoland,1884,2025,142,national,Africa,BAS,NA,CShapes 2.0 (dependencies=TRUE),NA,NA,FT; FAOSTAT; M49; CShapes,VERIFIED,NA
BSO-1884-2025,British Protectorate (British Somaliland),1884,2025,142,national,Africa,BSO,NA,CShapes 2.0 (dependencies=TRUE),NA,NA,FT; FAOSTAT; M49; CShapes,VERIFIED,NA
CMR-1884-2025,Cameroon (Kamerun),1884,2025,142,national,Africa,CMR,471,CShapes 2.0 (dependencies=TRUE),NA,NA,FT; FAOSTAT; M49; CShapes,VERIFIED,NA
BEC-1885-2025,Bechuanaland Protectorate,1885,2025,141,national,Africa,BEC,NA,CShapes 2.0 (dependencies=TRUE),NA,NA,FT; FAOSTAT; M49; CShapes,VERIFIED,NA
BCG-1885-2025,Belgian Congo,1885,2025,141,national,Africa,BCG,211,CShapes 2.0 (dependencies=TRUE),NA,NA,FT; FAOSTAT; M49; CShapes,VERIFIED,NA
FRS-1887-2025,French Somaliland,1887,2025,139,national,Africa,FRS,987,CShapes 2.0 (dependencies=TRUE),NA,NA,FT; FAOSTAT; M49; CShapes,REGION,NA
NYA-1891-2025,Nyasaland Protectorate (Malawi),1891,2025,135,national,Africa,NYA,NA,CShapes 2.0 (dependencies=TRUE),NA,NA,FT; FAOSTAT; M49; CShapes,VERIFIED,NA
BEA-1895-2025,British East Africa,1895,2025,131,national,Africa,BEA,NA,CShapes 2.0 (dependencies=TRUE),NA,NA,FT; FAOSTAT; M49; CShapes,VERIFIED,NA
FWA-1895-2025,French West Africa,1895,2025,131,national,Africa,FWA,NA,CShapes 2.0 (dependencies=TRUE),NA,NA,FT; FAOSTAT; M49; CShapes,REGION,NA
ITS-1908-2025,Italian Somaliland,1908,2025,118,national,Africa,ITS,NA,CShapes 2.0 (dependencies=TRUE),NA,NA,FT; FAOSTAT; M49; CShapes,VERIFIED,NA
FEA-1910-2025,French Equatorial Africa,1910,2025,116,national,Africa,FEA,NA,CShapes 2.0 (dependencies=TRUE),NA,NA,FT; FAOSTAT; M49; CShapes,REGION,NA
ITL-1911-2025,Italian Libia Cyrenaica (Lybia),1911,2025,115,national,Africa,ITL,NA,CShapes 2.0 (dependencies=TRUE),NA,NA,FT; FAOSTAT; M49; CShapes,VERIFIED,NA
BCA-1914-2025,British Cameroon,1914,2025,112,national,Africa,BCA,NA,CShapes 2.0 (dependencies=TRUE),NA,NA,FT; FAOSTAT; M49; CShapes,VERIFIED,NA
RWB-1919-2025,Rwanda and Burundi,1919,2025,107,national,Africa,RWB,NA,CShapes 2.0 (dependencies=TRUE),NA,NA,FT; FAOSTAT; M49; CShapes,VERIFIED,NA
ATA-1800-2025,Antarctica,1800,2025,226,national,Antarctica,ATA,NA,GADM 4.1,NA,NA,FT; FAOSTAT; M49; CShapes,VERIFIED,NA
BVT-1800-2025,Bouvet Island,1800,2025,226,national,Antarctica,BVT,NA,GADM 4.1,NA,NA,FT; FAOSTAT; M49; CShapes,VERIFIED,NA
DRO-1800-1982,Dronning Maud Land,1800,1982,183,national,Antarctica,DRO,NA,Constructed (Antarctic sector claim),NA,NA,FT; FAOSTAT; M49; CShapes,VERIFIED,NA
ATF-1800-2025,French Southern Territories,1800,2025,226,national,Antarctica,ATF,NA,GADM 4.1,NA,NA,FT; FAOSTAT; M49; CShapes,VERIFIED,NA
BHR-1800-2025,Bahrain,1800,2025,226,national,Asia,BHR,692,CShapes 2.0,NA,NA,FT; FAOSTAT; M49; CShapes,VERIFIED,NA
BTN-1800-2025,Bhutan,1800,2025,226,national,Asia,BTN,NA,CShapes 2.0,NA,NA,FT; FAOSTAT; M49; CShapes,VERIFIED,NA
IRN-1800-1828,Persia (Qajar to 1828),1800,1828,29,national,Asia,IRN,630,Cliopatria (Seshat),NA,IRN-1828-2025,FT,FIXED,"Split from IRN-1800-2025. Qajar Iran including South Caucasus (modern Azerbaijan Armenia eastern Georgia). Lost to Russia via Treaty of Gulistan (1813) and Treaty of Turkmenchay (1828) ~170000+ km2. Cliopatria has Qajar boundaries. Cliopatria polygon: Qajar Dynasty 1800-1804. Qajar Iran including South Caucasus, pre-Treaty of Turkmenchay."
IRN-1828-2025,Iran,1828,2025,198,national,Asia,IRN,630,CShapes 2.0,IRN-1800-1828,NA,FT; FAOSTAT; M49; CShapes,FIXED,Split from IRN-1800-2025. Post-Turkmenchay borders. CShapes polygon (1622521 km2) approximately matches modern Iran.
KWT-1800-2025,Kuwait,1800,2025,226,national,Asia,KWT,690,CShapes 2.0,NA,NA,FT; FAOSTAT; M49; CShapes,VERIFIED,NA
MDV-1800-2025,Maldives,1800,2025,226,national,Asia,MDV,781,CShapes 2.0,NA,NA,FT; FAOSTAT; M49; CShapes,VERIFIED,NA
PHL-1800-2025,Philippines,1800,2025,226,national,Asia,PHL,840,CShapes 2.0,NA,NA,FT; FAOSTAT; M49; CShapes,VERIFIED,NA
QAT-1800-2025,Qatar,1800,2025,226,national,Asia,QAT,694,CShapes 2.0,NA,NA,FT; FAOSTAT; M49; CShapes,VERIFIED,NA
LKA-1800-2025,Sri Lanka,1800,2025,226,national,Asia,LKA,780,CShapes 2.0,NA,NA,FT; FAOSTAT; M49; CShapes,VERIFIED,NA
TLS-1800-2025,Timor-Leste,1800,2025,226,national,Asia,TLS,860,CShapes 2.0,NA,NA,FT; FAOSTAT; M49; CShapes,VERIFIED,NA
CYP-1879-2025,Cyprus,1879,2025,147,national,Asia,CYP,352,CShapes 2.0,NA,NA,FT; FAOSTAT; M49; CShapes,VERIFIED,NA
BRN-1888-2025,Brunei Darussalam,1888,2025,138,national,Asia,BRN,835,CShapes 2.0,BRN-1816-1888,NA,FT; FAOSTAT; M49; CShapes,VERIFIED,NA
THA-1909-2025,Thailand,1909,2025,117,national,Asia,THA,800,CShapes 2.0,THA-1907-1909,NA,FT; FAOSTAT; M49; CShapes,VERIFIED,NA
MNG-1911-2025,Mongolia,1911,2025,115,national,Asia,MNG,712,CShapes 2.0,NA,NA,FT; FAOSTAT; M49; CShapes,VERIFIED,NA
JOR-1918-2025,Jordan,1918,2025,108,national,Asia,JOR,663,CShapes 2.0,NA,NA,FT; FAOSTAT; M49; CShapes,VERIFIED,NA
AFG-1919-2025,Afghanistan,1919,2025,107,national,Asia,AFG,700,CShapes 2.0,AFG-1893-1919,NA,FT; FAOSTAT; M49; CShapes,VERIFIED,NA
IRQ-1921-2025,Iraq,1921,2025,105,national,Asia,IRQ,645,CShapes 2.0,NA,NA,FT; FAOSTAT; M49; CShapes,VERIFIED,NA
LBN-1944-2025,Lebanon,1944,2025,82,national,Asia,LBN,660,CShapes 2.0,LBN-1920-1944,NA,FAOSTAT; M49; CShapes,VERIFIED,NA
PRK-1948-2025,North Korea,1948,2025,78,national,Asia,PRK,731,CShapes 2.0,NA,NA,FAOSTAT; M49; CShapes,VERIFIED,NA
KOR-1948-2025,South Korea,1948,2025,78,national,Asia,KOR,732,CShapes 2.0,NA,NA,FAOSTAT; M49; CShapes,VERIFIED,NA
IND-1949-2025,India,1949,2025,77,national,Asia,IND,750,CShapes 2.0,IND-1947-1949,NA,FAOSTAT; M49; CShapes,VERIFIED,NA
KHM-1953-2025,Cambodia,1953,2025,73,national,Asia,KHM,811,CShapes 2.0,KHM-1907-1953,NA,FAOSTAT; M49; CShapes,VERIFIED,NA
LAO-1954-2025,Laos,1954,2025,72,national,Asia,LAO,812,CShapes 2.0,LAO-1896-1953,NA,FAOSTAT; M49; CShapes,VERIFIED,NA
MYS-1965-2025,Malaysia,1965,2025,61,national,Asia,MYS,820,CShapes 2.0,MYS-1963-1965,NA,FAOSTAT; M49; CShapes,VERIFIED,NA
SGP-1965-2025,Singapore,1965,2025,61,national,Asia,SGP,830,CShapes 2.0,NA,NA,FAOSTAT; M49; CShapes,VERIFIED,NA
SYR-1967-2025,Syrian Arab Republic,1967,2025,59,national,Asia,SYR,652,CShapes 2.0,SYR-1946-1967,NA,FAOSTAT; M49; CShapes,VERIFIED,NA
BGD-1971-2025,Bangladesh,1971,2025,55,national,Asia,BGD,771,CShapes 2.0,PAK-1949-1971,NA,FAOSTAT; M49; CShapes,VERIFIED,NA
PAK-1971-2025,Pakistan,1971,2025,55,national,Asia,PAK,770,CShapes 2.0,PAK-1949-1971,NA,FAOSTAT; M49; CShapes,VERIFIED,NA
ARE-1971-2025,United Arab Emirates,1971,2025,55,national,Asia,ARE,696,CShapes 2.0,ARE-1913-1971,NA,FAOSTAT; M49; CShapes,VERIFIED,NA
VNM-1975-2025,Vietnam,1975,2025,51,national,Asia,VNM,816,CShapes 2.0,NA,NA,FAOSTAT; M49; CShapes,VERIFIED,NA
ISR-1979-2025,Israel,1979,2025,47,national,Asia,ISR,666,CShapes 2.0,ISR-1967-1979,NA,FAOSTAT; M49; CShapes,VERIFIED,NA
ARM-1991-2025,Armenia,1991,2025,35,national,Asia,ARM,371,CShapes 2.0,F228-1945-1991,NA,FAOSTAT; M49; CShapes,VERIFIED,NA
AZE-1991-2025,Azerbaijan,1991,2025,35,national,Asia,AZE,373,CShapes 2.0,F228-1945-1991,NA,FAOSTAT; M49; CShapes,VERIFIED,NA
GEO-1991-2025,Georgia,1991,2025,35,national,Asia,GEO,372,CShapes 2.0,F228-1945-1991,NA,FAOSTAT; M49; CShapes,VERIFIED,NA
KAZ-1991-2025,Kazakhstan,1991,2025,35,national,Asia,KAZ,705,CShapes 2.0,F228-1945-1991,NA,FAOSTAT; M49; CShapes,VERIFIED,NA
KGZ-1991-2025,Kyrgyzstan,1991,2025,35,national,Asia,KGZ,703,CShapes 2.0,F228-1945-1991,NA,FAOSTAT; M49; CShapes,VERIFIED,NA
TJK-1991-2025,Tajikistan,1991,2025,35,national,Asia,TJK,702,CShapes 2.0,F228-1945-1991,NA,FAOSTAT; M49; CShapes,VERIFIED,NA
TKM-1991-2025,Turkmenistan,1991,2025,35,national,Asia,TKM,701,CShapes 2.0,F228-1945-1991,NA,FAOSTAT; M49; CShapes,VERIFIED,NA
UZB-1991-2025,Uzbekistan,1991,2025,35,national,Asia,UZB,704,CShapes 2.0,F228-1945-1991,NA,FAOSTAT; M49; CShapes,VERIFIED,NA
SAU-2000-2025,Saudi Arabia,2000,2025,26,national,Asia,SAU,670,CShapes 2.0,SAU-1932-2000,NA,FAOSTAT; M49; CShapes,VERIFIED,NA
YEM-2000-2025,Yemen,2000,2025,26,national,Asia,YEM,678,CShapes 2.0,YEM-1990-2000,NA,FAOSTAT; M49; CShapes,VERIFIED,NA
IDN-2002-2025,Indonesia,2002,2025,24,national,Asia,IDN,850,CShapes 2.0,IDN-1976-2002,NA,FAOSTAT; M49; CShapes,VERIFIED,NA
ABU-1800-1971,Abu Dhabi,1800,1971,172,national,Asia,ABU,NA,CShapes 2.0,NA,NA,FT; FAOSTAT; M49; CShapes,VERIFIED,NA
AFG-1800-1888,Afghanistan (to 1888),1800,1888,89,national,Asia,AFG,700,CShapes 2.0,NA,AFG-1888-1893,FT; CShapes; WHEP-fix,VERIFIED,NA
AJM-1800-1971,Ajman,1800,1971,172,national,Asia,AJM,NA,CShapes 2.0,NA,NA,FT; FAOSTAT; M49; CShapes,VERIFIED,NA
BKH-1800-1873,Badakhshan,1800,1873,74,national,Asia,BKH,267,GADM 4.1 or Natural Earth,NA,NA,FT,VERIFIED,NA
BUK-1800-1920,Bukhara,1800,1920,121,national,Asia,BUK,NA,CShapes 2.0,NA,NA,FT; CShapes,VERIFIED,NA
BOK-1800-1920,Bukhara (to 1920),1800,1920,121,national,Asia,BOK,NA,CShapes 2.0,NA,NA,FT; CShapes,VERIFIED,NA
KHM-1800-1904,Cambodia (to 1904),1800,1904,105,national,Asia,KHM,NA,CShapes 2.0,NA,KHM-1904-1907,FT; CShapes,VERIFIED,NA
CHN-1800-1895,China (to 1895),1800,1895,96,national,Asia,CHN,710,CShapes 2.0,NA,CHN-1895-1912,FT; CShapes,VERIFIED,NA
DNI-1800-1845,Danish India,1800,1845,46,national,Asia,DNI,NA,GADM 4.1 or Natural Earth,NA,NA,FT,VERIFIED,NA
HRT-1800-1862,Herat,1800,1862,63,national,Asia,HRT,NA,GADM 4.1 or Natural Earth,NA,NA,FT,VERIFIED,NA
IND-1800-1893,India (to 1893),1800,1893,94,national,Asia,IND,750,CShapes 2.0,NA,NA,FT; CShapes,VERIFIED,NA
IDN-1800-1889,Indonesia (to 1889),1800,1889,90,national,Asia,IDN,750,CShapes 2.0,NA,IDN-1889-1949,FT; CShapes,VERIFIED,NA
KHI-1800-1873,Khiva,1800,1873,74,national,Asia,KHI,NA,GADM 4.1 or Natural Earth,NA,NA,FT,VERIFIED,NA
KHI-1800-1920,Khiva (to 1920),1800,1920,121,national,Asia,KHI,NA,CShapes 2.0,NA,NA,FT; CShapes,VERIFIED,NA
KOK-1800-1876,Kokand,1800,1876,77,national,Asia,KOK,NA,GADM 4.1 or Natural Earth,NA,NA,FT; WHEP-fix,FIXED: end 1883->1876,NA
OKO-1800-1910,Korea (to 1910),1800,1910,111,national,Asia,OKO,730,CShapes 2.0,NA,NA,FT; CShapes; WHEP-fix,VERIFIED,NA
PEK-1800-1896,Perak (to 1896),1800,1896,97,national,Asia,PEK,NA,CShapes 2.0,NA,NA,FT; CShapes,VERIFIED,NA
SEL-1800-1896,Selangore (to 1896),1800,1896,97,national,Asia,SEL,NA,CShapes 2.0,NA,NA,FT; CShapes,VERIFIED,NA
THA-1800-1893,Thailand (to 1893),1800,1893,94,national,Asia,THA,800,CShapes 2.0,NA,THA-1893-1904,FT; CShapes,VERIFIED,NA
VNM-1800-1893,Vietnam (to 1893),1800,1893,94,national,Asia,VNM,816,CShapes 2.0,NA,VNM-1893-1954,FT; CShapes,VERIFIED,NA
BRN-1816-1888,Brunei (greater),1816,1888,73,national,Asia,BRN,835,CShapes 2.0,NA,BRN-1888-2025; BRN-1888-1983,FT; CShapes,VERIFIED,NA
CCH-1816-1857,Chechnya,1816,1857,42,national,Asia,CCH,NA,GADM 4.1 or Natural Earth,NA,NA,FT,VERIFIED,NA
CIR-1816-1861,Circassia,1816,1861,46,national,Asia,CIR,NA,GADM 4.1 or Natural Earth,NA,NA,FT,VERIFIED,NA
YUN-1856-1871,Yunnan,1856,1871,16,national,Asia,YUN,NA,GADM 4.1 (subnational),NA,NA,FT,VERIFIED,NA
PAH-1888-1896,Pahang (1888-1896),1888,1896,9,national,Asia,PAH,NA,CShapes 2.0,NA,NA,FT; CShapes,VERIFIED,NA
IDN-1889-1949,Indonesia (1889-1949),1889,1949,61,national,Asia,IDN,750,CShapes 2.0,IDN-1800-1889,IDN-1945-1949,FT; CShapes,VERIFIED,NA
IND-1893-1914,India (1893-1914),1893,1914,22,national,Asia,IND,750,CShapes 2.0,NA,IND-1914-1937,FT; CShapes,VERIFIED,NA
THA-1893-1904,Thailand (1893-1904),1893,1904,12,national,Asia,THA,800,CShapes 2.0,THA-1800-1893,THA-1904-1907,FT; CShapes,VERIFIED,NA
VIE-1893-1954,Vietnam (1893-1954),1893,1954,62,national,Asia,VIE,NA,CShapes 2.0,NA,NA,FT; CShapes,VERIFIED,NA
CHN-1895-1912,China (1895-1912),1895,1912,18,national,Asia,CHN,710,CShapes 2.0,CHN-1800-1895,CHN-1913-1914,FT; CShapes,VERIFIED,NA
KHM-1904-1907,Cambodia (1904-1907),1904,1907,4,national,Asia,KHM,NA,CShapes 2.0,KHM-1800-1904,KHM-1907-1953,FT; CShapes,VERIFIED,NA
THA-1904-1907,Thailand (1904-1907),1904,1907,4,national,Asia,THA,800,CShapes 2.0,THA-1893-1904,THA-1907-1909,FT; CShapes,VERIFIED,NA
SKH-1905-1945,Southern Sakhalin Island (1905-1945),1905,1945,41,national,Asia,SKH,NA,CShapes 2.0,NA,NA,FT; CShapes,VERIFIED,NA
THA-1907-1909,Thailand (1907-1909),1907,1909,3,national,Asia,THA,800,CShapes 2.0,THA-1904-1907,THA-1909-2025,FT; CShapes,VERIFIED,NA
CHN-1913-1914,China (1913-1914),1913,1914,2,national,Asia,CHN,710,CShapes 2.0,CHN-1895-1912,CHN-1914-1921,FT; CShapes,VERIFIED,NA
TIB-1913-1914,Tibet (1913-1914),1913,1914,2,national,Asia,TIB,NA,CShapes 2.0,NA,TIB-1914-1950,FT; CShapes,VERIFIED,NA
CHN-1914-1921,China (1914-1921),1914,1921,8,national,Asia,CHN,710,CShapes 2.0,CHN-1913-1914,CHN-1921-1945,FT; CShapes,VERIFIED,NA
IND-1914-1937,India (1914-1937),1914,1937,24,national,Asia,IND,750,CShapes 2.0,IND-1893-1914,IND-1937-1947,FT; CShapes,VERIFIED,NA
TIB-1914-1950,Tibet (1914-1950),1914,1950,37,national,Asia,TIB,NA,CShapes 2.0,TIB-1913-1914,NA,FT; CShapes,VERIFIED,NA
F246-1918-1990,North Yemen,1918,1990,73,national,Asia,NA,679,CShapes 2.0,NA,NA,FT; FAOSTAT; M49; CShapes,REGION,NA
JOR-1920-1923,Jordan (1920-1923),1920,1923,4,national,Asia,JOR,663,CShapes 2.0,NA,JOR-1925-1946,FT; CShapes,VERIFIED,NA
SYR-1920-1967,Syrian Arab Republic (1920-1967),1920,1967,48,national,Asia,SYR,652,CShapes 2.0,NA,NA,FT; FAOSTAT; CShapes,VERIFIED,NA
CHN-1921-1945,China (1921-1945),1921,1945,25,national,Asia,CHN,710,CShapes 2.0,CHN-1914-1921,CHN-1945-1947,FT; CShapes,VERIFIED,NA
SAU-1924-1932,Saudi Arabia (1924-1932),1924,1932,9,national,Asia,SAU,670,CShapes 2.0,OTT-1908-1912,SAU-1932-2000,FT; CShapes,VERIFIED,"Pre-1924 Arabian interior (Nejd, Hejaz, Asir) has no polygon source. CShapes starts Saudi at 1927. The Hejaz coast was Ottoman until 1916 (Arab Revolt), then Kingdom of Hejaz 1916-1925. Nejd (interior) was the Emirate of Nejd under Ibn Saud from 1902. No freely available GIS boundary data exists for these pre-unification entities."
SAU-1932-2000,Saudi Arabia (1932-2000),1932,2000,69,national,Asia,SAU,670,CShapes 2.0,SAU-1924-1932,SAU-2000-2025,FT; FAOSTAT; M49; CShapes,VERIFIED,NA
IND-1937-1947,India (1937-1947),1937,1947,11,national,Asia,IND,750,CShapes 2.0,IND-1914-1937,IND-1947-1949,FT; CShapes,VERIFIED,NA
CHN-1945-1947,China (1945-1947),1945,1947,3,national,Asia,CHN,710,CShapes 2.0,CHN-1921-1945,CHN-1947-1949,CShapes,VERIFIED,NA
IDN-1945-1949,Indonesia (1945-1949),1945,1949,5,national,Asia,IDN,850,CShapes 2.0,IDN-1889-1949,IDN-1949-1969,CShapes,VERIFIED,NA
MYS-1946-1963,Malaysia (1946-1963),1946,1963,18,national,Asia,MYS,NA,CShapes 2.0,NA,NA,FAOSTAT; CShapes,VERIFIED,NA
SYR-1946-1967,Syrian Arab Republic (1946-1967),1946,1967,22,national,Asia,SYR,652,CShapes 2.0,SYR-1922-1945,SYR-1967-2025,FAOSTAT; CShapes,VERIFIED,NA
CHN-1947-1949,China (1947-1949),1947,1949,3,national,Asia,CHN,710,CShapes 2.0,CHN-1945-1947,CHN-1949-1950,CShapes,VERIFIED,NA
IND-1947-1949,India (1947-1949),1947,1949,3,national,Asia,IND,750,CShapes 2.0,IND-1937-1947,IND-1949-2025,CShapes,VERIFIED,NA
JKS-1947-1949,Jammu and Kashmir (1947-1949),1947,1949,3,national,Asia,JKS,NA,CShapes 2.0,NA,NA,CShapes,VERIFIED,NA
KAS-1947-1949,Kashmir (North Azad) (1947-1949),1947,1949,3,national,Asia,KAS,NA,CShapes 2.0,NA,NA,CShapes,VERIFIED,NA
PAK-1947-1949,Pakistan (1947-1949),1947,1949,3,national,Asia,PAK,770,CShapes 2.0,NA,PAK-1949-1971,CShapes,VERIFIED,NA
ISR-1948-1967,Israel (1948-1967),1948,1967,20,national,Asia,ISR,666,CShapes 2.0,NA,ISR-1967-1979,FAOSTAT; CShapes,VERIFIED,NA
CHN-1949-1950,China (1949-1950),1949,1950,2,national,Asia,CHN,710,CShapes 2.0,CHN-1947-1949,CHN-1950-2025,CShapes,VERIFIED,NA
IDN-1949-1969,Indonesia (1949-1969),1949,1969,21,national,Asia,IDN,850,CShapes 2.0,IDN-1945-1949,IDN-1969-1976,FAOSTAT; CShapes,VERIFIED,NA
PAK-1949-1971,Pakistan (1949-1971),1949,1971,23,national,Asia,PAK,770,CShapes 2.0,PAK-1947-1949,PAK-1971-2025; BGD-1971-2025,FAOSTAT; M49; CShapes,VERIFIED,NA
NVI-1954-1975,North Vietnam,1954,1975,22,national,Asia,NVI,NA,CShapes 2.0,NA,NA,FAOSTAT; M49; CShapes,VERIFIED,NA
SVI-1954-1975,South Vietnam,1954,1975,22,national,Asia,SVI,NA,CShapes 2.0,NA,NA,FAOSTAT; M49; CShapes,VERIFIED,NA
MYS-1957-1963,Malaysia (1957-1963),1957,1963,7,national,Asia,MYS,820,CShapes 2.0,NA,MYS-1963-1965,FAOSTAT; CShapes,VERIFIED,NA
FSA-1962-1967,Federation of South Arabia (1962-1967),1962,1967,6,national,Asia,FSA,NA,CShapes 2.0,NA,NA,FAOSTAT; CShapes,VERIFIED,NA
MYS-1963-1965,Malaysia (1963-1965),1963,1965,3,national,Asia,MYS,820,CShapes 2.0,MYS-1957-1963,MYS-1965-2025,FAOSTAT; CShapes,VERIFIED,NA
ISR-1967-1979,Israel (1967-1979),1967,1979,13,national,Asia,ISR,666,CShapes 2.0,ISR-1948-1967,ISR-1979-2025,FAOSTAT; M49; CShapes,VERIFIED,NA
F247-1967-1990,South Yemen,1967,1990,24,national,Asia,NA,680,CShapes 2.0,NA,NA,FAOSTAT; M49; CShapes,REGION,NA
IDN-1969-1976,Indonesia (1969-1976),1969,1976,8,national,Asia,IDN,850,CShapes 2.0,IDN-1949-1969,IDN-1976-2002,FAOSTAT; M49; CShapes,VERIFIED,NA
IDN-1976-2002,Indonesia (1976-2002),1976,2002,27,national,Asia,IDN,850,CShapes 2.0,IDN-1969-1976,IDN-2002-2025,FAOSTAT; M49; CShapes,VERIFIED,NA
YEM-1990-2000,Yemen (1990-2000),1990,2000,11,national,Asia,YEM,678,CShapes 2.0,NA,YEM-2000-2025,FAOSTAT; M49; CShapes,VERIFIED,NA
STR-1800-1946,Straits Settlement (to 1946),1800,1946,147,national,Asia,STR,NA,CShapes 2.0 (dependencies=TRUE),NA,NA,FT; CShapes,VERIFIED,NA
UNF-1800-1909,Unfederated Malay States (to 1909),1800,1909,110,national,Asia,UNF,NA,CShapes 2.0 (dependencies=TRUE),NA,UNF-1909-1946,FT; CShapes,VERIFIED,NA
STR-1826-1922,Straits Settlement,1826,1922,97,national,Asia,STR,NA,CShapes 2.0 (dependencies=TRUE),NA,NA,FT; CShapes,VERIFIED,NA
ADE-1839-1967,Aden,1839,1967,129,national,Asia,ADE,NA,CShapes 2.0 (dependencies=TRUE),NA,NA,FT; FAOSTAT; CShapes,VERIFIED,NA
SAB-1888-1963,Sabah (British Borneo) (1888-1963),1888,1963,76,national,Asia,SAB,NA,CShapes 2.0 (dependencies=TRUE),NA,NA,FT; FAOSTAT; CShapes,VERIFIED,NA
SRW-1888-1963,Sarawak (1888-1963),1888,1963,76,national,Asia,SRW,338,CShapes 2.0 (dependencies=TRUE),NA,NA,FT; FAOSTAT; CShapes,VERIFIED,NA
FED-1895-1922,Federated Malay States,1895,1922,28,national,Asia,FED,NA,CShapes 2.0 (dependencies=TRUE),NA,NA,FT; CShapes,REGION,NA
FED-1896-1909,Federated Malay States (1896-1909),1896,1909,14,national,Asia,FED,NA,CShapes 2.0 (dependencies=TRUE),NA,FED-1909-1946,FT; CShapes,VERIFIED,NA
KIA-1898-1922,Kiautchou,1898,1922,25,national,Asia,KIA,NA,CShapes 2.0 (dependencies=TRUE),NA,NA,FT; CShapes,VERIFIED,NA
FED-1909-1946,Federated Malay States (1909-1946),1909,1946,38,national,Asia,FED,NA,CShapes 2.0 (dependencies=TRUE),FED-1896-1909,NA,FT; CShapes,VERIFIED,NA
UNF-1909-1946,Unfederated Malay States (1909-1946),1909,1946,38,national,Asia,UNF,NA,CShapes 2.0 (dependencies=TRUE),UNF-1800-1909,NA,FT; CShapes,VERIFIED,NA
ADE-1937-1962,Aden (1937-1962),1937,1962,26,national,Asia,ADE,NA,CShapes 2.0 (dependencies=TRUE),NA,NA,FT; FAOSTAT; CShapes,VERIFIED,NA
EAS-1937-1962,East Aden Protectorate (1937-1962),1937,1962,26,national,Asia,EAS,NA,CShapes 2.0 (dependencies=TRUE),NA,NA,FT; FAOSTAT; CShapes,VERIFIED,NA
IOT-1965-2025,British Indian Ocean Territory,1965,2025,61,national,Asia,IOT,NA,GADM 4.1,NA,NA,FT; FAOSTAT; M49; CShapes,VERIFIED,Start year corrected: 1800 -> 1965 (BIOT created 1965 from Mauritius/Seychelles)
GAZ-1948-1982,Gaza Strip,1948,1982,35,national,Asia,GAZ,NA,GADM 4.1,NA,NA,FT; FAOSTAT; M49; CShapes,VERIFIED,Start year corrected: 1800 -> 1948 (Gaza Strip created after 1948 Arab-Israeli War)
MAC-1800-2025,Macao,1800,2025,226,national,Asia,MAC,NA,GADM 4.1,NA,NA,FT; FAOSTAT; M49; CShapes,VERIFIED,NA
NEU-1800-1982,Neutral Zone,1800,1982,183,national,Asia,NEU,NA,Constructed (Uqair Protocol 1922 boundaries),NA,NA,FT; FAOSTAT; M49; CShapes,VERIFIED,NA
RYU-1800-1982,Ryukyu Islands,1800,1982,183,national,Asia,RYU,NA,GADM 4.1,NA,NA,FT; FAOSTAT; M49; CShapes,VERIFIED,NA
HKG-1841-2025,Hong Kong,1841,2025,185,national,Asia,HKG,NA,GADM 4.1,NA,NA,FT; FAOSTAT; M49; CShapes,VERIFIED,NA
GAZ-1948-1967,Gaza Strip (1948-1967),1948,1967,20,national,Asia,GAZ,NA,GADM 4.1,NA,NA,FAOSTAT; CShapes,VERIFIED,NA
WBK-1948-1967,West Bank (1948-1967),1948,1967,20,national,Asia,WBK,NA,GADM 4.1,NA,NA,FAOSTAT; CShapes,VERIFIED,NA
PAL-1918-2025,Palestine/Jordan,1918,2025,108,national,Asia,PAL,NA,CShapes 2.0,NA,NA,FT; FAOSTAT; M49; CShapes,VERIFIED,NA
PAL-1920-1948,Palestine (1920-1948),1920,1948,29,national,Asia,PAL,NA,CShapes 2.0,NA,NA,FT; CShapes,VERIFIED,NA
MAN-1932-1945,Manchukuo,1932,1945,14,national,Asia,MAN,NA,CShapes 2.0,NA,NA,FT; CShapes; WHEP-fix,FIXED: end 2025->1945,NA
TWN-1896-2025,Taiwan,1896,2025,130,national,Asia,TWN,713,CShapes 2.0,NA,NA,FT; FAOSTAT; M49; CShapes,VERIFIED,NA
PSE-1999-2025,Palestine,1999,2025,27,national,Asia,PSE,NA,CShapes 2.0,NA,NA,FAOSTAT; M49; CShapes,VERIFIED,NA
DEI-1800-2025,Dutch East Indies (Indonesia),1800,2025,226,national,Asia,DEI,NA,CShapes 2.0 (dependencies=TRUE),NA,NA,FT; FAOSTAT; M49; CShapes,VERIFIED,NA
FRI-1800-2025,French India,1800,2025,226,national,Asia,FRI,NA,CShapes 2.0 (dependencies=TRUE),NA,NA,FT; FAOSTAT; M49; CShapes,REGION,NA
POR-1800-2025,Portuguese India,1800,2025,226,national,Asia,POR,NA,CShapes 2.0 (dependencies=TRUE),NA,NA,FT; FAOSTAT; M49; CShapes,VERIFIED,NA
SHA-1800-2025,Sharjah,1800,2025,226,national,Asia,SHA,NA,CShapes 2.0,NA,NA,FT; FAOSTAT; M49; CShapes,VERIFIED,NA
SIK-1800-2025,Sikkim,1800,2025,226,national,Asia,SIK,NA,CShapes 2.0,NA,NA,FT; FAOSTAT; M49; CShapes,VERIFIED,NA
SRW-1841-2025,Sarawak,1841,2025,185,national,Asia,SRW,338,CShapes 2.0 (dependencies=TRUE),NA,NA,FT; FAOSTAT; M49; CShapes,VERIFIED,NA
FUJ-1886-2025,Fujairah,1886,2025,140,national,Asia,FUJ,NA,CShapes 2.0,NA,NA,FT; FAOSTAT; M49; CShapes,REGION,NA
FID-1887-2025,French Indochina,1887,2025,139,national,Asia,FID,NA,CShapes 2.0 (dependencies=TRUE),NA,NA,FT; FAOSTAT; M49; CShapes,REGION,NA
SAB-1888-2025,Sabah (British Borneo),1888,2025,138,national,Asia,SAB,NA,CShapes 2.0 (dependencies=TRUE),NA,NA,FT; FAOSTAT; M49; CShapes,VERIFIED,NA
UMM-1892-2025,Umm al Qawain,1892,2025,134,national,Asia,UMM,NA,CShapes 2.0,NA,NA,FT; FAOSTAT; M49; CShapes,VERIFIED,NA
KCW-1898-2025,Kwang-Chou-Wan,1898,2025,128,national,Asia,KCW,NA,CShapes 2.0 (dependencies=TRUE),NA,NA,FT; FAOSTAT; M49; CShapes,VERIFIED,NA
KWA-1898-2025,Kwantung (Port Arthur),1898,2025,128,national,Asia,KWA,NA,CShapes 2.0 (dependencies=TRUE),NA,NA,FT; FAOSTAT; M49; CShapes,VERIFIED,NA
SYR-1918-2025,Syria and Lebanon,1918,2025,108,national,Asia,SYR,652,CShapes 2.0,NA,NA,FT; FAOSTAT; M49; CShapes,VERIFIED,NA
RAS-1919-2025,Ras al Khaimah,1919,2025,107,national,Asia,RAS,NA,CShapes 2.0,NA,NA,FT; FAOSTAT; M49; CShapes,VERIFIED,NA
BMA-1922-2025,British Malaya,1922,2025,104,national,Asia,BMA,NA,CShapes 2.0 (dependencies=TRUE),NA,NA,FT; FAOSTAT; M49; CShapes,VERIFIED,NA
F351-1950-2025,China,1950,2025,76,national,Asia,NA,NA,CShapes 2.0,NA,NA,FAOSTAT; M49; CShapes,REGION,NA
AND-1800-2025,Andorra,1800,2025,226,national,Europe,AND,NA,CShapes 2.0,NA,NA,FT; FAOSTAT; M49; CShapes,VERIFIED,NA
VAT-1800-2025,Holy See,1800,2025,226,national,Europe,VAT,NA,CShapes 2.0,NA,NA,FT; FAOSTAT; M49; CShapes,VERIFIED,NA
ISL-1800-2025,Iceland,1800,2025,226,national,Europe,ISL,395,CShapes 2.0,NA,NA,FT; FAOSTAT; M49; CShapes,VERIFIED,NA
LIE-1800-2025,Liechtenstein,1800,2025,226,national,Europe,LIE,NA,CShapes 2.0,NA,NA,FT; FAOSTAT; M49; CShapes,VERIFIED,NA
MLT-1800-2025,Malta,1800,2025,226,national,Europe,MLT,NA,CShapes 2.0,NA,NA,FT; FAOSTAT; M49; CShapes,VERIFIED,NA
MCO-1800-2025,Monaco,1800,2025,226,national,Europe,MCO,NA,CShapes 2.0,NA,NA,FT; FAOSTAT; M49; CShapes,VERIFIED,NA
NOR-1800-2025,Norway,1800,2025,226,national,Europe,NOR,385,CShapes 2.0,NA,NA,FT; FAOSTAT; M49; CShapes,VERIFIED,NA
PRT-1800-2025,Portugal,1800,2025,226,national,Europe,PRT,235,CShapes 2.0,NA,NA,FT; FAOSTAT; M49; CShapes,VERIFIED,NA
SMR-1800-2025,San Marino,1800,2025,226,national,Europe,SMR,339,CShapes 2.0,NA,NA,FT; FAOSTAT; M49; CShapes,VERIFIED,NA
ESP-1800-2025,Spain,1800,2025,226,national,Europe,ESP,230,CShapes 2.0,NA,NA,FT; FAOSTAT; M49; CShapes,VERIFIED,NA
SWE-1800-2025,Sweden,1800,2025,226,national,Europe,SWE,380,CShapes 2.0,NA,NA,FT; FAOSTAT; M49; CShapes,VERIFIED,NA
CHE-1800-2025,Switzerland,1800,2025,226,national,Europe,CHE,225,CShapes 2.0,NA,NA,FT; FAOSTAT; M49; CShapes,VERIFIED,NA
BEL-1831-2025,Belgium,1831,2025,195,national,Europe,BEL,211,CShapes 2.0,NLD-1800-1830,NA,FT; FAOSTAT; M49; CShapes,VERIFIED,NA
ALB-1913-2025,Albania,1913,2025,113,national,Europe,ALB,400,CShapes 2.0,NA,NA,FT; FAOSTAT; M49; CShapes,VERIFIED,NA
AUT-1919-2025,Austria,1919,2025,107,national,Europe,AUT,305,CShapes 2.0,AUT-1918-1919,NA,FT; FAOSTAT; M49; CShapes,VERIFIED,NA
FRA-1919-2025,France,1919,2025,107,national,Europe,FRA,220,CShapes 2.0,FRA-1800-1919,NA,FT; FAOSTAT; M49; CShapes,REGION,NA
GRC-1919-2025,Greece,1919,2025,107,national,Europe,GRC,350,CShapes 2.0,GRC-1913-1919,NA,FT; FAOSTAT; M49; CShapes,VERIFIED,NA
ITA-1919-2025,Italy,1919,2025,107,national,Europe,ITA,325,CShapes 2.0,ITA-1861-1919,NA,FT; FAOSTAT; M49; CShapes,VERIFIED,NA
DNK-1920-2025,Denmark,1920,2025,106,national,Europe,DNK,390,CShapes 2.0,DNK-1864-1920,NA,FT; FAOSTAT; M49; CShapes,VERIFIED,NA
TUR-1920-2025,Türkiye,1920,2025,106,national,Europe,TUR,640,CShapes 2.0,TUR-1918-1920,NA,FT; FAOSTAT; M49; CShapes,VERIFIED,NA
IRL-1921-2025,Ireland,1921,2025,105,national,Europe,IRL,205,CShapes 2.0,NA,NA,FT; FAOSTAT; M49; CShapes,VERIFIED,NA
GBR-1921-2025,United Kingdom,1921,2025,105,national,Europe,GBR,200,CShapes 2.0,GBR-1800-1921,NA,FT; FAOSTAT; M49; CShapes,VERIFIED,NA
BGR-1940-2025,Bulgaria,1940,2025,86,national,Europe,BGR,355,CShapes 2.0,BGR-1919-1940,NA,FAOSTAT; M49; CShapes,VERIFIED,NA
FIN-1940-2025,Finland,1940,2025,86,national,Europe,FIN,375,CShapes 2.0,FIN-1917-1940,NA,FAOSTAT; M49; CShapes,REGION,NA
ROU-1940-2025,Romania,1940,2025,86,national,Europe,ROU,360,CShapes 2.0,ROU-1920-1940,NA,FAOSTAT; M49; CShapes,VERIFIED,NA
POL-1945-2025,Poland,1945,2025,81,national,Europe,POL,290,CShapes 2.0,POL-1921-1945,NA,FAOSTAT; M49; CShapes,VERIFIED,NA
HUN-1947-2025,Hungary,1947,2025,79,national,Europe,HUN,310,CShapes 2.0,HUN-1938-1947,NA,FAOSTAT; M49; CShapes,VERIFIED,NA
DEU-1990-2025,Germany,1990,2025,36,national,Europe,DEU,260,CShapes 2.0,F78-1949-1990; F77-1949-1990,NA,FAOSTAT; M49; CShapes,VERIFIED,NA
BLR-1991-2025,Belarus,1991,2025,35,national,Europe,BLR,370,CShapes 2.0,F228-1945-1991,NA,FAOSTAT; M49; CShapes,VERIFIED,NA
EST-1991-2025,Estonia,1991,2025,35,national,Europe,EST,366,CShapes 2.0,F228-1945-1991,NA,FAOSTAT; M49; CShapes,VERIFIED,NA
LVA-1991-2025,Latvia,1991,2025,35,national,Europe,LVA,367,CShapes 2.0,F228-1945-1991,NA,FAOSTAT; M49; CShapes,VERIFIED,NA
LTU-1991-2025,Lithuania,1991,2025,35,national,Europe,LTU,368,CShapes 2.0,F228-1945-1991,NA,FAOSTAT; M49; CShapes,VERIFIED,NA
MDA-1991-2025,Moldova,1991,2025,35,national,Europe,MDA,359,CShapes 2.0,F228-1945-1991,NA,FAOSTAT; M49; CShapes,VERIFIED,NA
MKD-1991-2025,North Macedonia,1991,2025,35,national,Europe,MKD,343,CShapes 2.0,F248-1920-1991; F248-1991-1992,NA,FAOSTAT; M49; CShapes,VERIFIED,NA
BIH-1992-2025,Bosnia and Herzegovina,1992,2025,34,national,Europe,BIH,346,CShapes 2.0,F248-1991-1992,NA,FAOSTAT; M49; CShapes,VERIFIED,NA
HRV-1992-2025,Croatia,1992,2025,34,national,Europe,HRV,344,CShapes 2.0,F248-1991-1992,NA,FAOSTAT; M49; CShapes,VERIFIED,NA
SVN-1992-2025,Slovenia,1992,2025,34,national,Europe,SVN,349,CShapes 2.0,F248-1991-1992,NA,FAOSTAT; M49; CShapes,VERIFIED,NA
CZE-1993-2025,Czechia,1993,2025,33,national,Europe,CZE,316,CShapes 2.0,F51-1947-1993; CZE-1947-1992,NA,FAOSTAT; M49; CShapes,VERIFIED,NA
SVK-1993-2025,Slovakia,1993,2025,33,national,Europe,SVK,317,CShapes 2.0,F51-1947-1993,NA,FAOSTAT; M49; CShapes,VERIFIED,NA
LUX-1839-2025,Luxembourg,1839,2025,187,national,Europe,LUX,212,CShapes 2.0,NA,NA,FAOSTAT; M49; CShapes; research,VERIFIED,Independent from Netherlands 1839. Personal union with Netherlands until 1890. FAOSTAT tracked as Belgium-Luxembourg until 1999.
MNE-2006-2025,Montenegro,2006,2025,20,national,Europe,MNE,341,CShapes 2.0,SCG-1992-2006,NA,FAOSTAT; M49; CShapes,VERIFIED,NA
SRB-2008-2025,Serbia,2008,2025,18,national,Europe,SRB,345,CShapes 2.0,SER-2006-2008,NA,FAOSTAT; M49; CShapes,VERIFIED,NA
RUS-2014-2025,Russia,2014,2025,12,national,Europe,RUS,365,CShapes 2.0,RUS-1991-2014,NA,FAOSTAT; M49; CShapes,VERIFIED,NA
UKR-2014-2025,Ukraine,2014,2025,12,national,Europe,UKR,369,CShapes 2.0,UKR-1991-2014,NA,FAOSTAT; M49; CShapes,VERIFIED,NA
AUH-1800-1859,Austrian Empire (to 1859),1800,1859,60,national,Europe,AUH,300,Cliopatria (Seshat) + CShapes 2.0,NA,AUH-1859-1866,FT; CShapes,FIXED,"Merged AUH-1800-1867 + AUH-1867-1908. The 1867 Ausgleich was constitutional, not territorial. CShapes polygon starts 1886; pre-1886 uses Cliopatria."
AUH-1859-1866,Austrian Empire (1859-1866),1859,1866,8,national,Europe,AUH,300,Cliopatria (Seshat) + CShapes 2.0,AUH-1800-1859,AUH-1866-1908,FT; CShapes,FIXED,"Merged AUH-1800-1867 + AUH-1867-1908. The 1867 Ausgleich was constitutional, not territorial. CShapes polygon starts 1886; pre-1886 uses Cliopatria."
AUH-1866-1908,Austria-Hungary (1866-1908),1866,1908,43,national,Europe,AUH,300,Cliopatria (Seshat) + CShapes 2.0,AUH-1859-1866,AUH-1908-1918,FT; CShapes,FIXED,"Merged AUH-1800-1867 + AUH-1867-1908. The 1867 Ausgleich was constitutional, not territorial. CShapes polygon starts 1886; pre-1886 uses Cliopatria."
BAV-1800-1871,Bavaria,1800,1871,72,national,Europe,BAV,245,CShapes-Europe,NA,NA,FT; WHEP-fix,VERIFIED,NA
BOS-1878-1908,Bosnia (1878-1908),1878,1908,31,national,Europe,BOS,NA,CShapes 2.0 + CShapes-Europe,NA,NA,FT; CShapes,FIXED,Start date corrected from 1800 to 1878 (Austro-Hungarian occupation after Congress of Berlin). Was Ottoman vilayet (Bosnia Vilayet) before 1878.
BRE-1800-1871,Bremen (city-state),1800,1871,72,national,Europe,BRE,NA,GADM 4.1 or Natural Earth,NA,NA,FT; WHEP-fix,VERIFIED,NA
DNK-1800-1864,Denmark (with Schleswig-Holstein),1800,1864,65,national,Europe,DNK,390,CShapes-Europe,NA,DNK-1864-1920,FT; CShapes,FIXED,Split from DNK-1800-1920. Pre-1864 Denmark including Schleswig-Holstein (~57086 km2). CShapes-Europe has pre-1864 polygon. Resolves documented known limitation.
DNK-1864-1920,Denmark (to 1920),1864,1920,57,national,Europe,DNK,390,CShapes 2.0 + CShapes-Europe,DNK-1800-1864,DNK-1920-2025,FT; CShapes,FIXED,Split from DNK-1800-1920. Post-Second Schleswig War Denmark without Schleswig-Holstein (-33% territory ~38496 km2).
DMO-1800-1860,Duchy Modena,1800,1860,61,national,Europe,DMO,332,Cliopatria (Duchy of Modena and Reggio 1815-1847),NA,ITA-1861-1919,FT,VERIFIED,NA
DPA-1800-1860,Duchy Parma,1800,1860,61,national,Europe,DPA,335,Cliopatria (Duchy of Parma and Piacenza 1815-1847),NA,ITA-1861-1919,FT,VERIFIED,NA
FRA-1800-1919,France (to 1919),1800,1919,120,national,Europe,FRA,220,CShapes 2.0 + CShapes-Europe,NA,FRA-1919-2025,FT; CShapes,REGION,NA
DEU-1800-1866,Prussia (to 1866),1800,1866,67,national,Europe,DEU,255,CShapes 2.0 + CShapes-Europe,NA,DEU-1866-1871,FT; CShapes,VERIFIED,NA
DEU-1866-1871,North German Confederation (1866-1871),1866,1871,6,national,Europe,DEU,255,CShapes 2.0 + CShapes-Europe,DEU-1800-1866,DEU-1871-1919,FT; CShapes,VERIFIED,NA
DEU-1871-1919,German Empire (1871-1919),1871,1919,49,national,Europe,DEU,255,CShapes 2.0 + CShapes-Europe,DEU-1866-1871,DEU-1919-1920,FT; CShapes,VERIFIED,NA
GRC-1830-1913,Greece (to 1913),1830,1913,84,national,Europe,GRC,350,CShapes 2.0 + CShapes-Europe,NA,GRC-1913-1919,FT; CShapes,FIXED,Start date corrected from 1800 to 1830 (Greek independence). Greece was Ottoman territory before 1830. Polygon back-projected from CShapes 1886 (63711 km2); Cliopatria has more accurate 1830-era boundaries (~47000 km2).
HAN-1800-1866,Hanover,1800,1866,67,national,Europe,HAN,240,Cliopatria (Electorate of Hanover 1800-1802),NA,NA,FT; WHEP-fix,VERIFIED,NA
HZG-1878-1908,Herzegovina (1878-1908),1878,1908,31,national,Europe,HZG,NA,CShapes 2.0 + CShapes-Europe,NA,NA,FT; CShapes,FIXED,Start date corrected from 1800 to 1878 (Austro-Hungarian occupation after Congress of Berlin). Was Ottoman territory before 1878.
HES-1800-1871,Hesse,1800,1871,72,national,Europe,HES,275,GADM 4.1 or Natural Earth,NA,NA,FT; WHEP-fix,VERIFIED,NA
MEK-1800-1871,Mecklenburg,1800,1871,72,national,Europe,MEK,280,GADM 4.1 or Natural Earth,NA,NA,FT; WHEP-fix,VERIFIED,NA
OLD-1800-1871,Oldenburg,1800,1871,72,national,Europe,OLD,NA,GADM 4.1 or Natural Earth,NA,NA,FT; WHEP-fix,VERIFIED,NA
PAP-1800-1870,Papal States,1800,1870,71,national,Europe,PAP,327,Cliopatria (Papal States 1800-1802),NA,ITA-1861-1919,FT,VERIFIED,NA
SAR-1800-1860,Sardinia,1800,1860,61,national,Europe,SAR,338,Cliopatria (Kingdom of Sardinia 1800-1813),NA,ITA-1861-1919,FT,VERIFIED,NA
SAX-1800-1871,Saxony,1800,1871,72,national,Europe,SAX,269,Cliopatria (Electorate of Saxony 1800-1802),NA,NA,FT; WHEP-fix,VERIFIED,NA
SHL-1800-1866,Schleswig-Holstein,1800,1866,67,national,Europe,SHL,NA,GADM 4.1 or Natural Earth,NA,NA,FT; WHEP-fix,VERIFIED,NA
SWE-1800-1809,Sweden (with Finland to 1809),1800,1809,10,national,Europe,SWE,380,Cliopatria (Seshat),NA,SWE-1809-1814,FT; CShapes,FIXED,"Split from SWE-1800-1905. Sweden including Finland (~800000 km2). Lost Finland to Russia in Treaty of Fredrikshamn 1809 (-42% territory). Cliopatria and histmaps R package have boundaries. Cliopatria polygon: Swedish Empire 1763-1808. Swedish Empire including Finland, pre-Treaty of Fredrikshamn."
SWE-1809-1814,Sweden (1809-1814),1809,1814,6,national,Europe,SWE,380,Cliopatria (Seshat),SWE-1800-1809,SWE-1814-1905,FT; CShapes,FIXED,"Split from SWE-1800-1905. Sweden without Finland before gaining Norway. ~443000 km2. Cliopatria polygon: Swedish Empire 1809-1811. Sweden without Finland, before union with Norway."
SWE-1814-1905,Sweden-Norway (1814-1905),1814,1905,92,national,Europe,SWE,380,CShapes 2.0 + CShapes-Europe,SWE-1809-1814,NA,FT; CShapes,FIXED,Split from SWE-1800-1905. Personal union with Norway (Treaty of Kiel 1814). CShapes 2.0 polygon (761932 km2) valid for 1886-1905 portion.
THU-1800-1871,Thuringia,1800,1871,72,national,Europe,THU,NA,GADM 4.1 or Natural Earth,NA,NA,FT; WHEP-fix,VERIFIED,NA
TUS-1800-1860,Tuscany,1800,1860,61,national,Europe,TUS,337,Cliopatria (Grand Duchy of Tuscany 1800-1802),NA,ITA-1861-1919,FT,VERIFIED,NA
TWO-1800-1860,Two Sicilies,1800,1860,61,national,Europe,TWO,329,Cliopatria (Kingdom of the Two Sicilies 1815-1819),NA,ITA-1861-1919,FT; WHEP-fix,"FIXED: merged duplicate ""Kingdom Two sicilies""",NA
GBR-1800-1921,United Kingdom (to 1921),1800,1921,122,national,Europe,GBR,200,CShapes 2.0 + CShapes-Europe,NA,GBR-1921-2025,FT; CShapes,VERIFIED,NA
WUR-1800-1871,Württemberg,1800,1871,72,national,Europe,WUR,271,GADM 4.1 or Natural Earth,NA,NA,FT,VERIFIED,NA
ION-1815-1864,Ionian islands,1815,1864,50,national,Europe,ION,NA,GADM 4.1 or Natural Earth,NA,NA,FT; WHEP-fix,FIXED: end 1862->1864,NA
ANB-1816-1864,Anhalt-Bernburg,1816,1864,49,national,Europe,ANB,NA,CShapes-Europe,NA,NA,FT,VERIFIED,NA
ANH-1816-1863,Anhalt-Dessau,1816,1863,48,national,Europe,ANH,NA,CShapes-Europe,NA,NA,FT,VERIFIED,NA
CRA-1816-1846,Cracow (Free City),1816,1846,31,national,Europe,CRA,NA,CShapes-Europe,NA,NA,FT; WHEP-fix,VERIFIED,NA
FFK-1816-1866,Frankfurt (Free City),1816,1866,51,national,Europe,FFK,220,CShapes-Europe,NA,NA,FT; WHEP-fix,VERIFIED,NA
HHO-1816-1866,Hesse-Homburg,1816,1866,51,national,Europe,HHO,NA,GADM 4.1 or Natural Earth,NA,NA,FT; WHEP-fix,VERIFIED,NA
HOG-1816-1818,Hohengeroldseck,1816,1818,3,national,Europe,HOG,NA,GADM 4.1 or Natural Earth,NA,NA,FT,VERIFIED,NA
HHE-1816-1850,Hohenzollern-Hechingen,1816,1850,35,national,Europe,HHE,NA,GADM 4.1 or Natural Earth,NA,NA,FT,VERIFIED,NA
HSI-1816-1850,Hohenzollern-Sigmaringen,1816,1850,35,national,Europe,HSI,NA,GADM 4.1 or Natural Earth,NA,NA,FT,VERIFIED,NA
NAP-1816-1861,Kingdom of Naples,1816,1861,46,national,Europe,NAP,329,CShapes-Europe,NA,NA,FT,VERIFIED,NA
LIP-1816-1870,Lippe-Detmold,1816,1870,55,national,Europe,LIP,NA,GADM 4.1 or Natural Earth,NA,NA,FT,VERIFIED,NA
LUC-1816-1847,Lucca,1816,1847,32,national,Europe,LUC,NA,CShapes-Europe,NA,NA,FT,VERIFIED,NA
MAS-1816-1829,Massa,1816,1829,14,national,Europe,MAS,NA,CShapes-Europe,NA,NA,FT,VERIFIED,NA
NAS-1816-1866,Nassau,1816,1866,51,national,Europe,NAS,NA,Cliopatria (Duchy of Nassau 1815-1819),NA,NA,FT,VERIFIED,NA
PIE-1816-1861,Piedmont,1816,1861,46,national,Europe,PIE,338,CShapes-Europe,NA,NA,FT,VERIFIED,NA
RSU-1816-1870,Reuss,1816,1870,55,national,Europe,RSU,NA,Cliopatria (Principality of Reuss-Gera 1815-1819),NA,NA,FT,VERIFIED,NA
SCS-1816-1826,Saxe-Coburg-Saalfeld,1816,1826,11,national,Europe,SCS,NA,GADM 4.1 or Natural Earth,NA,NA,FT,VERIFIED,NA
SGA-1816-1826,Saxe-Gotha-Altenberg,1816,1826,11,national,Europe,SGA,NA,GADM 4.1 or Natural Earth,NA,NA,FT,VERIFIED,NA
SHI-1816-1826,Saxe-Hildburgchausen,1816,1826,11,national,Europe,SHI,NA,GADM 4.1 or Natural Earth,NA,NA,FT,VERIFIED,NA
SME-1816-1870,Saxe-Meiningen,1816,1870,55,national,Europe,SME,NA,GADM 4.1 or Natural Earth,NA,NA,FT,VERIFIED,NA
SWM-1816-1870,Saxe-Weimar,1816,1870,55,national,Europe,SWM,NA,GADM 4.1 or Natural Earth,NA,NA,FT,VERIFIED,NA
SCL-1816-1870,Schaumburg-Lippe,1816,1870,55,national,Europe,SCL,NA,GADM 4.1 or Natural Earth,NA,NA,FT,VERIFIED,NA
SER-1816-1913,Serbia (1816-1913),1816,1913,98,national,Europe,SER,345,CShapes 2.0 + CShapes-Europe,NA,SER-1913-1918; SER-1913-1915,FT; CShapes; WHEP-fix,VERIFIED,NA
WAL-1816-1870,Waldeck,1816,1870,55,national,Europe,WAL,NA,Cliopatria (Principality of Waldeck and Pyrmont 1814-1819),NA,NA,FT,VERIFIED,NA
WOL-1816-1870,Wolfenbüttel,1816,1870,55,national,Europe,WOL,NA,GADM 4.1 or Natural Earth,NA,NA,FT,VERIFIED,NA
SAL-1827-1870,Saxe-Altenburg,1827,1870,44,national,Europe,SAL,NA,GADM 4.1 or Natural Earth,NA,NA,FT,VERIFIED,NA
SCK-1827-1870,Saxe-Coburg-Gotha,1827,1870,44,national,Europe,SCK,NA,GADM 4.1 or Natural Earth,NA,NA,FT,VERIFIED,NA
ROU-1859-1913,Romania (to 1913),1859,1913,55,national,Europe,ROU,360,CShapes 2.0 + CShapes-Europe,NA,ROU-1913-1918,FT; CShapes,VERIFIED,NA
ITA-1861-1919,Italy (to 1919),1861,1919,59,national,Europe,ITA,325,CShapes 2.0 + CShapes-Europe,SAR-1800-1860; TWO-1800-1860; PAP-1800-1870; TUS-1800-1860; DMO-1800-1860; DPA-1800-1860,ITA-1919-2025,FT; CShapes,VERIFIED,NA
ANH-1864-1870,Anhalt,1864,1870,7,national,Europe,ANH,NA,Cliopatria (Duchy of Anhalt 1864-1865),NA,NA,FT,VERIFIED,NA
BGR-1878-1913,Bulgaria (to 1913),1878,1913,36,national,Europe,BGR,355,CShapes 2.0 + CShapes-Europe,NA,BGR-1913-1918,FT; CShapes,VERIFIED,NA
MNE-1878-1913,Montenegro (to 1913),1878,1913,36,national,Europe,MNE,341,CShapes 2.0 + CShapes-Europe,NA,MNE-1913-1915,FT; CShapes,VERIFIED,NA
CRE-1898-1913,Crete,1898,1913,16,national,Europe,CRE,NA,CShapes 2.0,NA,NA,FT; CShapes,VERIFIED,NA
F228-1905-1914,Russian Empire (1905-1914),1905,1914,10,national,Europe,NA,365,CShapes 2.0,F228-1856-1905,F228-1914-1917,FT; CShapes,REGION,NA
AUH-1908-1918,Austria-Hungary (1908-1918),1908,1918,11,national,Europe,AUH,300,CShapes 2.0,AUH-1866-1908,AUT-1918-1919; HUN-1918-1919; F51-1918-1938; F248-1918-1919; POL-1918-1919,FT; CShapes,VERIFIED,NA
BGR-1913-1918,Bulgaria (1913-1918),1913,1918,6,national,Europe,BGR,355,CShapes 2.0,BGR-1878-1913,BGR-1918-1919,FT; CShapes,VERIFIED,NA
GRC-1913-1919,Greece (1913-1919),1913,1919,7,national,Europe,GRC,350,CShapes 2.0,GRC-1830-1913,GRC-1919-2025,FT; CShapes,VERIFIED,NA
MNE-1913-1915,Montenegro (1913-1915),1913,1915,3,national,Europe,MNE,341,CShapes 2.0,MNE-1878-1913,NA,FT; CShapes,VERIFIED,NA
MON-1913-1918,Montenegro (1913-1918),1913,1918,6,national,Europe,MON,NA,CShapes 2.0,NA,NA,FT; CShapes,VERIFIED,NA
ROU-1913-1918,Romania (1913-1918),1913,1918,6,national,Europe,ROU,360,CShapes 2.0,ROU-1859-1913,ROU-1918-1919,FT; CShapes,VERIFIED,NA
SER-1913-1915,Serbia (1913-1915),1913,1915,3,national,Europe,SER,345,CShapes 2.0,SER-1816-1913,SER-1913-1918,FT; CShapes,VERIFIED,NA
SER-1913-1918,Serbia (1913-1918),1913,1918,6,national,Europe,SER,345,CShapes 2.0,SER-1816-1913; SER-1913-1915,F248-1918-1919,FT; CShapes,VERIFIED,NA
TUR-1913-1914,Türkiye (1913-1914),1913,1914,2,national,Europe,TUR,640,CShapes 2.0,OTT-1908-1912,TUR-1914-1918,FT; CShapes,VERIFIED,NA
TUR-1914-1918,Türkiye (1914-1918),1914,1918,5,national,Europe,TUR,640,CShapes 2.0,TUR-1913-1914,TUR-1918-1920,FT; CShapes,VERIFIED,NA
F228-1914-1917,Russian Empire (1914-1917),1914,1917,4,national,Europe,NA,365,CShapes 2.0,F228-1905-1914,F228-1917-1918,FT; CShapes,REGION,NA
FIN-1917-1940,Finland (1917-1940),1917,1940,24,national,Europe,FIN,375,CShapes 2.0,F228-1914-1917,FIN-1940-2025,FT; CShapes,REGION,NA
F228-1917-1918,Russia (1917-1918),1917,1918,2,national,Europe,NA,365,CShapes 2.0,F228-1914-1917,F228-1918-1920,FT; CShapes,REGION,NA
AUT-1918-1919,Austria (1918-1919),1918,1919,2,national,Europe,AUT,305,CShapes 2.0,AUH-1908-1918,AUT-1919-2025,FT; CShapes,VERIFIED,NA
BGR-1918-1919,Bulgaria (1918-1919),1918,1919,2,national,Europe,BGR,355,CShapes 2.0,BGR-1913-1918,BGR-1919-1940,FT; CShapes,VERIFIED,NA
F51-1918-1938,Czechoslovakia (1918-1938),1918,1938,21,national,Europe,NA,315,CShapes 2.0,AUH-1908-1918,F51-1938-1945,FT; CShapes,REGION,NA
EST-1918-1940,Estonia (1918-1940),1918,1940,23,national,Europe,EST,366,CShapes 2.0,NA,NA,FT; CShapes,VERIFIED,NA
HUN-1918-1919,Hungary (1918-1919),1918,1919,2,national,Europe,HUN,310,CShapes 2.0,AUH-1908-1918,HUN-1919-1920,FT; CShapes,VERIFIED,NA
LVA-1918-1940,Latvia (1918-1940),1918,1940,23,national,Europe,LVA,367,CShapes 2.0,NA,NA,FT; CShapes,VERIFIED,NA
LTU-1918-1920,Lithuania (1918-1920),1918,1920,3,national,Europe,LTU,368,CShapes 2.0,NA,LTU-1920-1940,FT; CShapes,VERIFIED,NA
POL-1918-1919,Poland (1918-1919),1918,1919,2,national,Europe,POL,290,CShapes 2.0,AUH-1908-1918; F228-1917-1918; DEU-1800-1866,POL-1919-1920,FT; CShapes,VERIFIED,NA
ROU-1918-1919,Romania (1918-1919),1918,1919,2,national,Europe,ROU,360,CShapes 2.0,ROU-1913-1918,ROU-1919-1920,FT; CShapes,VERIFIED,NA
TUR-1918-1920,Türkiye (1918-1920),1918,1920,3,national,Europe,TUR,640,CShapes 2.0,TUR-1914-1918,TUR-1920-2025,FT; CShapes,VERIFIED,NA
F228-1918-1920,RSFSR (1918-1920),1918,1920,3,national,Europe,NA,365,CShapes 2.0,F228-1917-1918,F228-1920-1921,FT; CShapes,REGION,NA
F248-1918-1919,Yugoslavia (1918-1919),1918,1919,2,national,Europe,NA,345,CShapes 2.0,AUH-1908-1918; SER-1913-1918,F248-1919-1920,FT; CShapes,REGION,NA
BGR-1919-1940,Bulgaria (1919-1940),1919,1940,22,national,Europe,BGR,355,CShapes 2.0,BGR-1918-1919,BGR-1940-2025,FT; CShapes,VERIFIED,NA
DEU-1919-1920,Germany (1919-1920),1919,1920,2,national,Europe,DEU,260,CShapes 2.0,DEU-1871-1919,DEU-1920-1938,FT; CShapes,VERIFIED,NA
HUN-1919-1920,Hungary (1919-1920),1919,1920,2,national,Europe,HUN,310,CShapes 2.0,HUN-1918-1919,HUN-1920-1938,FT; CShapes,VERIFIED,NA
POL-1919-1920,Poland (1919-1920),1919,1920,2,national,Europe,POL,290,CShapes 2.0,POL-1918-1919,POL-1920-1921,FT; CShapes,VERIFIED,NA
ROU-1919-1920,Romania (1919-1920),1919,1920,2,national,Europe,ROU,360,CShapes 2.0,ROU-1918-1919,ROU-1920-1940,FT; CShapes,VERIFIED,NA
F248-1919-1920,Yugoslavia (1919-1920),1919,1920,2,national,Europe,NA,345,CShapes 2.0,F248-1918-1919,F248-1920-1991,FT; CShapes,REGION,NA
DEU-1920-1938,Germany (1920-1938),1920,1938,19,national,Europe,DEU,260,CShapes 2.0,DEU-1919-1920,DEU-1938-1945,FT; CShapes,VERIFIED,NA
HUN-1920-1938,Hungary (1920-1938),1920,1938,19,national,Europe,HUN,310,CShapes 2.0,HUN-1919-1920,HUN-1938-1947,FT; CShapes,VERIFIED,NA
LTU-1920-1940,Lithuania (1920-1940),1920,1940,21,national,Europe,LTU,368,CShapes 2.0,LTU-1918-1920,NA,FT; CShapes,VERIFIED,NA
POL-1920-1921,Poland (1920-1921),1920,1921,2,national,Europe,POL,290,CShapes 2.0,POL-1919-1920,POL-1921-1945,FT; CShapes,VERIFIED,NA
ROU-1920-1940,Romania (1920-1940),1920,1940,21,national,Europe,ROU,360,CShapes 2.0,ROU-1919-1920,ROU-1940-2025,FT; CShapes,VERIFIED,NA
F228-1920-1921,RSFSR (1920-1921),1920,1921,2,national,Europe,NA,365,CShapes 2.0,F228-1918-1920,F228-1921-1940,FT; CShapes,REGION,NA
F248-1920-1991,Yugoslavia (1920-1991),1920,1991,72,national,Europe,NA,345,CShapes 2.0,F248-1919-1920,MKD-1991-2025,FT; FAOSTAT; M49; CShapes,REGION,NA
POL-1921-1945,Poland (1921-1945),1921,1945,25,national,Europe,POL,290,CShapes 2.0,POL-1920-1921,POL-1945-2025,FT; CShapes,VERIFIED,NA
F228-1921-1940,RSFSR/USSR (1921-1940),1921,1940,20,national,Europe,NA,365,CShapes 2.0,F228-1920-1921,F228-1940-1945,FT; CShapes,REGION,NA
F51-1938-1945,Czechoslovakia (1938-1945),1938,1945,8,national,Europe,NA,315,CShapes 2.0,F51-1918-1938,F51-1945-1947,FT; CShapes,REGION,NA
DEU-1938-1945,Germany (1938-1945),1938,1945,8,national,Europe,DEU,260,CShapes 2.0,DEU-1920-1938,F77-1949-1990; F78-1949-1990,FT; CShapes,VERIFIED,NA
HUN-1938-1947,Hungary (1938-1947),1938,1947,10,national,Europe,HUN,310,CShapes 2.0,HUN-1920-1938,HUN-1947-2025,FT; CShapes,VERIFIED,NA
F228-1940-1945,USSR (1940-1945),1940,1945,6,national,Europe,NA,365,CShapes 2.0,F228-1921-1940,F228-1945-1991,CShapes,REGION,NA
F51-1945-1947,Czechoslovakia (1945-1947),1945,1947,3,national,Europe,NA,315,CShapes 2.0,F51-1938-1945,F51-1947-1993,CShapes,REGION,NA
F228-1945-1991,USSR (1945-1991),1945,1991,47,national,Europe,NA,365,CShapes 2.0,F228-1940-1945,RUS-1991-2014; BLR-1991-2025; EST-1991-2025; LTU-1991-2025; LVA-1991-2025; MDA-1991-2025; UKR-1991-2014; ARM-1991-2025; AZE-1991-2025; GEO-1991-2025; KAZ-1991-2025; KGZ-1991-2025; TJK-1991-2025; TKM-1991-2025; UZB-1991-2025,FAOSTAT; M49; CShapes,REGION,NA
CZE-1947-1992,Czechoslovakia (1947-1992),1947,1992,46,national,Europe,CZE,316,CShapes 2.0,NA,CZE-1993-2025,FAOSTAT; M49; CShapes,VERIFIED,NA
F51-1947-1993,Czechoslovakia (1947-1993),1947,1993,47,national,Europe,NA,315,CShapes 2.0,NA,CZE-1993-2025; SVK-1993-2025,FAOSTAT; M49; CShapes,REGION,NA
F77-1949-1990,East Germany,1949,1990,42,national,Europe,NA,265,CShapes 2.0,DEU-1938-1945,DEU-1990-2025,FAOSTAT; M49; CShapes,REGION,NA
F78-1949-1990,West Germany,1949,1990,42,national,Europe,NA,260,CShapes 2.0,DEU-1938-1945,DEU-1990-2025,FAOSTAT; M49; CShapes,REGION,NA
RUS-1991-2014,Russia (1991-2014),1991,2014,24,national,Europe,RUS,365,CShapes 2.0,F228-1945-1991,RUS-2014-2025,FAOSTAT; M49; CShapes,VERIFIED,NA
UKR-1991-2014,Ukraine (1991-2014),1991,2014,24,national,Europe,UKR,369,CShapes 2.0,F228-1945-1991,UKR-2014-2025,FAOSTAT; M49; CShapes,VERIFIED,NA
F248-1991-1992,Yugoslavia (1991-1992),1991,1992,2,national,Europe,NA,345,CShapes 2.0,F248-1920-1991,SVN-1992-2025; HRV-1992-2025; BIH-1992-2025; SCG-1992-2006; MKD-1991-2025,FAOSTAT; M49; CShapes,REGION,NA
SCG-1992-2006,Serbia and Montenegro,1992,2006,15,national,Europe,SCG,345,CShapes 2.0,F248-1991-1992,SER-2006-2008; MNE-2006-2025,FAOSTAT; M49; CShapes,VERIFIED,NA
YUG-1992-2006,Yugoslavia (1992-2006),1992,2006,15,national,Europe,YUG,NA,CShapes 2.0,NA,NA,FAOSTAT; M49; CShapes,VERIFIED,NA
SER-2006-2008,Serbia (2006-2008),2006,2008,3,national,Europe,SER,345,CShapes 2.0,SCG-1992-2006,SRB-2008-2025; KOS-2008-2025,FAOSTAT; M49; CShapes,VERIFIED,NA
BAD-1800-1871,Baden,1800,1871,72,national,Europe,BAD,267,GADM 4.1 or Natural Earth,NA,NA,FT; WHEP-fix,VERIFIED,NA
CHI-1800-2023,Channel Islands,1800,2023,224,national,Europe,CHI,NA,GADM 4.1,NA,NA,FT; FAOSTAT; M49; CShapes,VERIFIED,NA
GEB-1949-1982,East Berlin,1949,1982,34,national,Europe,GEB,NA,GADM 4.1,NA,NA,FT; FAOSTAT; M49; CShapes,VERIFIED,Start year corrected: 1800 -> 1949 (East Berlin created with DDR 1949)
FRO-1800-2025,Faroe Islands,1800,2025,226,national,Europe,FRO,NA,GADM 4.1,NA,NA,FT; FAOSTAT; M49; CShapes,REGION,NA
GIB-1800-2025,Gibraltar,1800,2025,226,national,Europe,GIB,NA,GADM 4.1,NA,NA,FT; FAOSTAT; M49; CShapes,VERIFIED,NA
GRL-1800-2025,Greenland,1800,2025,226,national,Europe,GRL,NA,GADM 4.1,NA,NA,FT; FAOSTAT; M49; CShapes,VERIFIED,NA
IMN-1800-2025,Isle of Man,1800,2025,226,national,Europe,IMN,NA,GADM 4.1,NA,NA,FT; FAOSTAT; M49; CShapes,VERIFIED,NA
SJM-1800-2025,Svalbard and Jan Mayen,1800,2025,226,national,Europe,SJM,NA,GADM 4.1,NA,NA,FT; FAOSTAT; M49; CShapes,VERIFIED,NA
GWB-1949-1982,West Berlin,1949,1982,34,national,Europe,GWB,NA,GADM 4.1,NA,NA,FT; FAOSTAT; M49; CShapes,VERIFIED,Start year corrected: 1800 -> 1949 (West Berlin created 1949)
GGY-2005-2025,Guernsey,2005,2025,21,national,Europe,GGY,NA,GADM 4.1,NA,NA,FAOSTAT; M49; CShapes,VERIFIED,NA
JEY-2005-2025,Jersey,2005,2025,21,national,Europe,JEY,NA,GADM 4.1,NA,NA,FAOSTAT; M49; CShapes,VERIFIED,NA
F285-2011-2023,Sark,2011,2023,13,national,Europe,NA,NA,GADM 4.1,NA,NA,FAOSTAT; M49; CShapes,REGION,NA
DZG-1919-1938,Danzig (1919-1938),1919,1938,20,national,Europe,DZG,NA,CShapes 2.0,NA,NA,FT; CShapes,VERIFIED,NA
KOS-2008-2025,Kosovo,2008,2025,18,national,Europe,KOS,347,CShapes 2.0,SER-2006-2008,NA,FAOSTAT; M49; CShapes,VERIFIED,NA
F15-1800-1999,Belgium-Luxembourg,1800,1999,200,aggregate,Europe,NA,NA,CShapes 2.0,NA,NA,FT; FAOSTAT; M49; CShapes,REGION,NA
DOD-1912-2025,Dodecanese Is.,1912,2025,114,national,Europe,DOD,NA,CShapes 2.0 (dependencies=TRUE),NA,NA,FT; FAOSTAT; M49; CShapes,VERIFIED,NA
ATG-1800-2025,Antigua and Barbuda,1800,2025,226,national,North America,ATG,NA,CShapes 2.0,NA,NA,FT; FAOSTAT; M49; CShapes,VERIFIED,NA
BHS-1800-2025,Bahamas,1800,2025,226,national,North America,BHS,31,CShapes 2.0,NA,NA,FT; FAOSTAT; M49; CShapes,VERIFIED,NA
BRB-1800-2025,Barbados,1800,2025,226,national,North America,BRB,53,CShapes 2.0,NA,NA,FT; FAOSTAT; M49; CShapes,VERIFIED,NA
BLZ-1800-2025,Belize,1800,2025,226,national,North America,BLZ,80,CShapes 2.0,NA,NA,FT; FAOSTAT; M49; CShapes,VERIFIED,NA
CRI-1800-2025,Costa Rica,1800,2025,226,national,North America,CRI,94,CShapes 2.0,NA,NA,FT; FAOSTAT; M49; CShapes,VERIFIED,NA
CUB-1800-2025,Cuba,1800,2025,226,national,North America,CUB,40,CShapes 2.0,NA,NA,FT; FAOSTAT; M49; CShapes,VERIFIED,Island territory constant at ~109K km2 (no >10% area change). Political transitions: Spanish colony to 1898; US occupation 1899-1902; Republic (Platt Amendment) 1902; full sovereignty 1934; Cuban Revolution 1959. CShapes has 5 status periods. Not split because territory did not change.
DMA-1800-2025,Dominica,1800,2025,226,national,North America,DMA,56,CShapes 2.0,NA,NA,FT; FAOSTAT; M49; CShapes,VERIFIED,NA
DOM-1800-2025,Dominican Republic,1800,2025,226,national,North America,DOM,42,CShapes 2.0,NA,NA,FT; FAOSTAT; M49; CShapes,VERIFIED,NA
HTI-1800-2025,Haiti,1800,2025,226,national,North America,HTI,41,CShapes 2.0,NA,NA,FT; FAOSTAT; M49; CShapes,VERIFIED,NA
HND-1800-2025,Honduras,1800,2025,226,national,North America,HND,91,CShapes 2.0,NA,NA,FT; FAOSTAT; M49; CShapes,VERIFIED,NA
JAM-1800-2025,Jamaica,1800,2025,226,national,North America,JAM,51,CShapes 2.0,NA,NA,FT; FAOSTAT; M49; CShapes,VERIFIED,NA
NIC-1800-2025,Nicaragua,1800,2025,226,national,North America,NIC,93,CShapes 2.0,NA,NA,FT; FAOSTAT; M49; CShapes,VERIFIED,NA
KNA-1800-2025,Saint Kitts and Nevis,1800,2025,226,national,North America,KNA,60,CShapes 2.0,NA,NA,FT; FAOSTAT; M49; CShapes,VERIFIED,NA
LCA-1800-2025,Saint Lucia,1800,2025,226,national,North America,LCA,57,CShapes 2.0,NA,NA,FT; FAOSTAT; M49; CShapes,VERIFIED,NA
VCT-1800-2025,Saint Vincent and the Grenadines,1800,2025,226,national,North America,VCT,58,CShapes 2.0,NA,NA,FT; FAOSTAT; M49; CShapes,VERIFIED,NA
TTO-1800-2025,Trinidad and Tobago,1800,2025,226,national,North America,TTO,52,CShapes 2.0,NA,NA,FT; FAOSTAT; M49; CShapes,VERIFIED,NA
SLV-1821-2025,El Salvador,1821,2025,205,national,North America,SLV,92,CShapes 2.0,NA,NA,FT; FAOSTAT; M49; CShapes,VERIFIED,NA
GTM-1821-2025,Guatemala,1821,2025,205,national,North America,GTM,90,CShapes 2.0,NA,NA,FT; FAOSTAT; M49; CShapes,VERIFIED,NA
PAN-1903-2025,Panama,1903,2025,123,national,North America,PAN,95,CShapes 2.0,NA,NA,FT; FAOSTAT; M49; CShapes,VERIFIED,NA
CAN-1948-2025,Canada,1948,2025,78,national,North America,CAN,20,CShapes 2.0,CAN-1866-1948,NA,FAOSTAT; M49; CShapes,VERIFIED,NA
USA-1959-2025,United States of America,1959,2025,67,national,North America,USA,2,CShapes 2.0,USA-1867-1959,NA,FAOSTAT; M49; CShapes,VERIFIED,NA
BLM-2007-2025,Saint Barthélemy,2007,2025,19,national,North America,BLM,NA,CShapes 2.0,NA,NA,FAOSTAT; M49; CShapes,VERIFIED,NA
CUW-2010-2025,Curaçao,2010,2025,16,national,North America,CUW,NA,CShapes 2.0,NA,NA,FAOSTAT; M49; CShapes,VERIFIED,NA
ALK-1800-1959,Alaska (to 1959),1800,1959,160,national,North America,ALK,NA,CShapes 2.0,NA,NA,FT; CShapes,VERIFIED,NA
CTE-1938-1982,Canton and Enderbury Islands,1938,1982,45,national,North America,CTE,NA,CShapes 2.0,NA,NA,FT; FAOSTAT; M49; CShapes,VERIFIED,Start year corrected: 1800 -> 1938 (Canton & Enderbury jointly claimed US/UK 1938)
GRD-1800-1833,Grenada,1800,1833,34,national,North America,GRD,55,GADM 4.1 or Natural Earth,NA,NA,FT,VERIFIED,NA
LOW-1800-1866,Lower Quebec,1800,1866,67,national,North America,LOW,NA,GADM 4.1 (subnational),NA,NA,FT,VERIFIED,NA
NBW-1800-1866,New Brunswick,1800,1866,67,national,North America,NBW,NA,GADM 4.1 (subnational),NA,NA,FT,VERIFIED,NA
NFL-1800-1948,Newfoundland (to 1948),1800,1948,149,national,North America,NFL,NA,CShapes 2.0,NA,NA,FT; CShapes,VERIFIED,NA
NOV-1800-1866,Nova Scotia  Cape Breton Isl.,1800,1866,67,national,North America,NOV,NA,GADM 4.1 (subnational),NA,NA,FT,VERIFIED,NA
ONT-1800-1866,Ontario,1800,1866,67,national,North America,ONT,NA,GADM 4.1 (subnational),NA,NA,FT,VERIFIED,NA
PAN-1800-1979,Panama (before Canal Zone),1800,1979,180,national,North America,PAN,95,CShapes 2.0,NA,NA,FT; FAOSTAT; M49; CShapes,VERIFIED,NA
PEI-1800-1866,Prince Edward Island,1800,1866,67,national,North America,PEI,NA,GADM 4.1 (subnational),NA,NA,FT,VERIFIED,NA
LCA-1800-1838,St. Lucía,1800,1838,39,national,North America,NA,NA,GADM 4.1 or Natural Earth,NA,NA,FT,VERIFIED,NA
VCT-1800-1833,St. Vincent,1800,1833,34,national,North America,NA,NA,GADM 4.1 or Natural Earth,NA,NA,FT,VERIFIED,NA
STM-1816-1878,St Martin and St Barthélemy,1816,1878,63,national,North America,STM,NA,GADM 4.1 or Natural Earth,NA,NA,FT,VERIFIED,NA
VCI-1849-1866,Vancouver's Island,1849,1866,18,national,North America,VCI,NA,GADM 4.1 or Natural Earth,NA,NA,FT,VERIFIED,NA
CAN-1866-1948,Canada (to 1948),1866,1948,83,national,North America,CAN,20,CShapes 2.0,CAN-1800-1866,CAN-1948-2025,FT; CShapes,VERIFIED,NA
BCO-1858-1866,British Columbia,1858,1866,9,national,North America,BCO,NA,GADM 4.1 (subnational),NA,NA,FT,VERIFIED,NA
AIA-1800-2025,Anguilla,1800,2025,226,national,North America,AIA,NA,GADM 4.1,NA,NA,FT; FAOSTAT; M49; CShapes,VERIFIED,NA
BMU-1800-2025,Bermuda,1800,2025,226,national,North America,BMU,NA,GADM 4.1,NA,NA,FT; FAOSTAT; M49; CShapes,VERIFIED,NA
VGB-1800-2025,British Virgin Islands,1800,2025,226,national,North America,VGB,NA,GADM 4.1,NA,NA,FT; FAOSTAT; M49; CShapes,VERIFIED,NA
CYM-1800-2025,Cayman Islands,1800,2025,226,national,North America,CYM,NA,GADM 4.1,NA,NA,FT; FAOSTAT; M49; CShapes,VERIFIED,NA
GLP-1800-2025,Guadeloupe,1800,2025,226,national,North America,GLP,NA,GADM 4.1,NA,NA,FT; FAOSTAT; M49; CShapes,VERIFIED,NA
LEE-1800-2025,"Leeward Islands (Antigua, Dominica, St.Christopher, Montserrat, Nevis, Virgin Island)",1800,2025,226,national,North America,LEE,NA,GADM 4.1,NA,NA,FT; FAOSTAT; M49; CShapes,VERIFIED,NA
MTQ-1800-2025,Martinique,1800,2025,226,national,North America,MTQ,NA,GADM 4.1,NA,NA,FT; FAOSTAT; M49; CShapes,VERIFIED,NA
MSR-1800-2025,Montserrat,1800,2025,226,national,North America,MSR,NA,GADM 4.1,NA,NA,FT; FAOSTAT; M49; CShapes,VERIFIED,NA
ANT-1800-1986,Netherlands Antilles (original),1800,1986,187,national,North America,ANT,NA,GADM 4.1,NA,NA,FT; FAOSTAT; M49; CShapes,VERIFIED,NA
PRI-1800-2025,Puerto Rico,1800,2025,226,national,North America,PRI,NA,GADM 4.1,NA,NA,FT; FAOSTAT; M49; CShapes,VERIFIED,NA
SAI-1800-1982,Saint Kitts-Nevis-Anguilla,1800,1982,183,national,North America,SAI,NA,GADM 4.1,NA,NA,FT; FAOSTAT; M49; CShapes,VERIFIED,NA
SPM-1800-2025,Saint Pierre and Miquelon,1800,2025,226,national,North America,SPM,NA,GADM 4.1,NA,NA,FT; FAOSTAT; M49; CShapes,VERIFIED,NA
TCA-1800-2025,Turks and Caicos Islands,1800,2025,226,national,North America,TCA,NA,GADM 4.1,NA,NA,FT; FAOSTAT; M49; CShapes,VERIFIED,NA
VIR-1917-2025,United States Virgin Islands,1917,2025,109,national,North America,VIR,NA,GADM 4.1,NA,NA,FT; FAOSTAT; M49; CShapes,VERIFIED,Start year corrected: 1800 -> 1917 (US purchased Danish West Indies 1917)
ABW-1986-2025,Aruba,1986,2025,40,national,North America,ABW,NA,GADM 4.1,NA,NA,FAOSTAT; M49; CShapes,VERIFIED,NA
ANT-1986-2010,Netherlands Antilles,1986,2010,25,national,North America,ANT,NA,GADM 4.1,NA,NA,FAOSTAT; M49; CShapes,VERIFIED,NA
ALA-2003-2025,Åland Islands,2003,2025,23,national,North America,ALA,NA,GADM 4.1,NA,NA,FAOSTAT; M49; CShapes,VERIFIED,NA
MAF-2007-2025,Saint Martin (French part),2007,2025,19,national,North America,MAF,NA,GADM 4.1,NA,NA,FAOSTAT; M49; CShapes,VERIFIED,NA
BES-2010-2025,"Bonaire, Sint Eustatius and Saba",2010,2025,16,national,North America,BES,NA,GADM 4.1,NA,NA,FAOSTAT; M49; CShapes,VERIFIED,NA
SXM-2010-2025,Sint Maarten (Dutch part),2010,2025,16,national,North America,SXM,NA,GADM 4.1,NA,NA,FAOSTAT; M49; CShapes,VERIFIED,NA
DVI-1800-2025,Danish Virgin Islands,1800,2025,226,national,North America,DVI,NA,CShapes 2.0,NA,NA,FT; FAOSTAT; M49; CShapes,VERIFIED,NA
DWI-1800-2025,Dutch West Indies (Netherland Antilles),1800,2025,226,national,North America,DWI,NA,CShapes 2.0 (dependencies=TRUE),NA,NA,FT; FAOSTAT; M49; CShapes,VERIFIED,NA
NFL-1816-2025,Newfoundland,1816,2025,210,national,North America,NFL,NA,CShapes 2.0,NA,NA,FT; FAOSTAT; M49; CShapes,VERIFIED,NA
KIR-1800-2025,Kiribati,1800,2025,226,national,Oceania,KIR,946,CShapes 2.0,NA,NA,FT; FAOSTAT; M49; CShapes,VERIFIED,NA
TON-1800-2025,Tonga,1800,2025,226,national,Oceania,TON,955,CShapes 2.0,NA,NA,FT; FAOSTAT; M49; CShapes,VERIFIED,NA
TUV-1800-2025,Tuvalu,1800,2025,226,national,Oceania,TUV,947,CShapes 2.0,NA,NA,FT; FAOSTAT; M49; CShapes,VERIFIED,NA
VUT-1800-2025,Vanuatu,1800,2025,226,national,Oceania,VUT,935,CShapes 2.0,NA,NA,FT; FAOSTAT; M49; CShapes,VERIFIED,NA
FJI-1874-2025,Fiji,1874,2025,152,national,Oceania,FJI,950,CShapes 2.0,NA,NA,FT; FAOSTAT; M49; CShapes,REGION,NA
MHL-1874-2025,Marshall Islands,1874,2025,152,national,Oceania,MHL,983,CShapes 2.0,NA,NA,FT; FAOSTAT; M49; CShapes,VERIFIED,NA
SLB-1885-2025,Solomon Islands,1885,2025,141,national,Oceania,SLB,940,CShapes 2.0,NA,NA,FT; FAOSTAT; M49; CShapes,VERIFIED,NA
NRU-1888-2025,Nauru,1888,2025,138,national,Oceania,NRU,970,CShapes 2.0,NA,NA,FT; FAOSTAT; M49; CShapes,VERIFIED,NA
WSM-1900-2025,Samoa,1900,2025,126,national,Oceania,WSM,990,CShapes 2.0,NA,NA,FT; FAOSTAT; M49; CShapes,VERIFIED,NA
AUS-1901-2025,Australia,1901,2025,125,national,Oceania,AUS,900,CShapes 2.0,NSW-1800-1900; QUE-1859-1900; AUSA-1836-1900; TAS-1825-1900; VIC-1851-1900; AUWA-1829-1900,NA,FT; FAOSTAT; M49; CShapes,VERIFIED,NA
NZL-1907-2025,New Zealand,1907,2025,119,national,Oceania,NZL,920,CShapes 2.0,NZL-1840-1907,NA,FT; FAOSTAT; M49; CShapes,VERIFIED,NA
PNG-1975-2025,Papua New Guinea,1975,2025,51,national,Oceania,PNG,910,CShapes 2.0,NA,NA,FAOSTAT; M49; CShapes,VERIFIED,NA
FSM-1991-2025,Micronesia,1991,2025,35,national,Oceania,FSM,987,CShapes 2.0,NA,NA,FAOSTAT; M49; CShapes,REGION,NA
PLW-1991-2025,Palau,1991,2025,35,national,Oceania,PLW,986,CShapes 2.0,NA,NA,FAOSTAT; M49; CShapes,VERIFIED,NA
NGN-1884-1920,New Guinea (to 1920),1884,1920,37,national,Oceania,NGN,NA,CShapes 2.0,NA,NGN-1920-1949,FT; CShapes,VERIFIED,Start year corrected: 1800 -> 1884 (German New Guinea / British New Guinea from 1884)
NSW-1800-1900,New South Wales (to 1900),1800,1900,101,national,Oceania,NSW,NA,CShapes 2.0,NA,AUS-1901-2025,FT; CShapes,VERIFIED,NA
PUA-1800-1949,Papua (to 1949),1800,1949,150,national,Oceania,PUA,327,CShapes 2.0,NA,NA,FT; CShapes,VERIFIED,NA
QUE-1859-1900,Queensland (to 1900),1859,1900,42,national,Oceania,QUE,NA,CShapes 2.0,NA,AUS-1901-2025,FT; CShapes,VERIFIED,Start year corrected: 1800 -> 1859 (Queensland separated from NSW 1859)
AUSA-1836-1900,South Australia (to 1900),1836,1900,65,national,Oceania,AUS,NA,CShapes 2.0,NA,AUS-1901-2025,FT; CShapes,VERIFIED,Start year corrected: 1800 -> 1836 (South Australia proclaimed 1836)
TAS-1825-1900,Van Diemen's Land (Tasmania) (to 1900),1825,1900,76,national,Oceania,TAS,NA,CShapes 2.0,NA,AUS-1901-2025,FT; CShapes,VERIFIED,Start year corrected: 1800 -> 1825 (Van Diemen's Land separated from NSW 1825)
VIC-1851-1900,Victoria (to 1900),1851,1900,50,national,Oceania,VIC,NA,CShapes 2.0,NA,AUS-1901-2025,FT; CShapes,VERIFIED,Start year corrected: 1800 -> 1851 (Victoria separated from NSW 1851)
AUWA-1829-1900,Western Australia (to 1900),1829,1900,72,national,Oceania,AUS,NA,CShapes 2.0,NA,AUS-1901-2025,FT; CShapes,VERIFIED,Start year corrected: 1800 -> 1829 (Western Australia proclaimed 1829)
MRQ-1844-1903,Marquesas Island,1844,1903,60,national,Oceania,MRQ,NA,CShapes 2.0,NA,NA,FT; CShapes,VERIFIED,NA
SOC-1844-1903,Society Islands  (Tahiti),1844,1903,60,national,Oceania,SOC,NA,CShapes 2.0,NA,NA,FT; CShapes,VERIFIED,NA
BON-1846-1873,Bonin island,1846,1873,28,national,Oceania,BON,NA,GADM 4.1 or Natural Earth,NA,NA,FT,VERIFIED,NA
GAM-1881-1903,Gambier Island,1881,1903,23,national,Oceania,GAM,NA,CShapes 2.0,NA,NA,FT; CShapes,VERIFIED,NA
PLM-1889-1912,Palmyra Island,1889,1912,24,national,Oceania,PLM,NA,CShapes 2.0,NA,NA,FT; CShapes,VERIFIED,NA
SOL-1893-1899,Solomon Islands (1893-1899),1893,1899,7,national,Oceania,SOL,NA,CShapes 2.0,NA,NA,FT; CShapes,VERIFIED,NA
HAW-1898-1959,Hawaii (1898-1959),1898,1959,62,national,Oceania,HAW,NA,CShapes 2.0,NA,NA,FT; CShapes,VERIFIED,NA
GSI-1885-1899,German Solomon Islands (to 1899),1885,1899,15,national,Oceania,GSI,255,CShapes 2.0 (dependencies=TRUE),NA,NA,FT; CShapes,VERIFIED,Start year corrected: 1800 -> 1885 (German Solomon Islands protectorate from 1885)
DNG-1949-1969,Dutch new Guinea (1949-1969),1949,1969,21,national,Oceania,DNG,NA,CShapes 2.0 (dependencies=TRUE),NA,NA,FAOSTAT; CShapes,VERIFIED,NA
CXR-1888-2025,Christmas Island,1888,2025,138,national,Oceania,CXR,NA,GADM 4.1,NA,NA,FT; FAOSTAT; M49; CShapes,VERIFIED,Start year corrected: 1800 -> 1888 (Christmas Island annexed by Britain 1888)
CCK-1826-2025,Cocos (Keeling) Islands,1826,2025,200,national,Oceania,CCK,NA,GADM 4.1,NA,NA,FT; FAOSTAT; M49; CShapes,VERIFIED,Start year corrected: 1800 -> 1826 (Cocos Islands first settled 1826)
PYF-1800-2025,French Polynesia,1800,2025,226,national,Oceania,PYF,NA,GADM 4.1,NA,NA,FT; FAOSTAT; M49; CShapes,VERIFIED,NA
GUM-1800-2025,Guam,1800,2025,226,national,Oceania,GUM,NA,GADM 4.1,NA,NA,FT; FAOSTAT; M49; CShapes,VERIFIED,NA
HMD-1833-2025,Heard Island and McDonald Islands,1833,2025,193,national,Oceania,HMD,NA,GADM 4.1,NA,NA,FT; FAOSTAT; M49; CShapes,VERIFIED,Start year corrected: 1800 -> 1833 (Heard Island discovered 1833)
JTN-1800-1982,Johnston Island,1800,1982,183,national,Oceania,JTN,NA,GADM 4.1,NA,NA,FT; FAOSTAT; M49; CShapes,VERIFIED,NA
NFK-1800-1901,Norfolk Island,1800,1901,102,national,Oceania,NFK,NA,GADM 4.1,NA,NA,FT; CShapes,VERIFIED,NA
UMI-1800-2025,United States Minor Outlying Islands,1800,2025,226,national,Oceania,UMI,NA,GADM 4.1,NA,NA,FT; FAOSTAT; M49; CShapes,VERIFIED,NA
UNI-1800-1982,United States miscellaneous Pacific Islands,1800,1982,183,national,Oceania,UNI,NA,GADM 4.1,NA,NA,FT; FAOSTAT; M49; CShapes,VERIFIED,NA
PCN-1839-2025,Pitcairn,1839,2025,187,national,Oceania,PCN,NA,GADM 4.1,NA,NA,FT; FAOSTAT; M49; CShapes,VERIFIED,NA
WLF-1842-2025,Wallis and Futuna,1842,2025,184,national,Oceania,WLF,NA,GADM 4.1,NA,NA,FT; FAOSTAT; M49; CShapes,VERIFIED,NA
NCL-1853-2025,New Caledonia,1853,2025,173,national,Oceania,NCL,NA,GADM 4.1,NA,NA,FT; FAOSTAT; M49; CShapes,VERIFIED,NA
MID-1859-1982,Midway Islands,1859,1982,124,national,Oceania,MID,NA,GADM 4.1,NA,NA,FT; FAOSTAT; M49; CShapes,VERIFIED,NA
USS-1859-2025,US settlement Oceania,1859,2025,167,national,Oceania,USS,NA,GADM 4.1,NA,NA,FT; FAOSTAT; M49; CShapes,VERIFIED,NA
TKL-1877-2025,Tokelau,1877,2025,149,national,Oceania,TKL,NA,GADM 4.1,NA,NA,FT; FAOSTAT; M49; CShapes,VERIFIED,NA
COK-1893-2025,Cook Islands,1893,2025,133,national,Oceania,COK,NA,GADM 4.1,NA,NA,FT; FAOSTAT; M49; CShapes,VERIFIED,NA
WAK-1898-1982,Wake Island,1898,1982,85,national,Oceania,WAK,NA,GADM 4.1,NA,NA,FT; FAOSTAT; M49; CShapes,VERIFIED,NA
ASM-1900-2025,American Samoa,1900,2025,126,national,Oceania,ASM,NA,GADM 4.1,NA,NA,FT; FAOSTAT; M49; CShapes,VERIFIED,NA
NIU-1900-2025,Niue,1900,2025,126,national,Oceania,NIU,NA,GADM 4.1,NA,NA,FT; FAOSTAT; M49; CShapes,VERIFIED,NA
MNP-1991-2025,Northern Mariana Islands,1991,2025,35,national,Oceania,MNP,NA,GADM 4.1,NA,NA,FAOSTAT; M49; CShapes,VERIFIED,NA
F164-1920-1990,Pacific Islands Trust Territory,1920,1990,71,national,Oceania,NA,NA,CShapes 2.0,NA,NA,FT; FAOSTAT; M49; CShapes,REGION,Start year corrected: 1800 -> 1920 (League of Nations mandate from 1920)
NGN-1920-1949,New Guinea (1920-1949),1920,1949,30,national,Oceania,NGN,NA,CShapes 2.0,NGN-1884-1920,NA,FT; CShapes,VERIFIED,NA
MRI-1800-2025,Mariana Island,1800,2025,226,national,Oceania,MRI,NA,CShapes 2.0,NA,NA,FT; FAOSTAT; M49; CShapes,VERIFIED,NA
BOC-1839-2025,British settlement Oceania,1839,2025,187,national,Oceania,BOC,NA,CShapes 2.0 (dependencies=TRUE),NA,NA,FT; FAOSTAT; M49; CShapes,VERIFIED,NA
FOC-1844-2025,French Settlements in Oceania,1844,2025,182,national,Oceania,FOC,NA,CShapes 2.0 (dependencies=TRUE),NA,NA,FT; FAOSTAT; M49; CShapes,REGION,NA
BNG-1884-2025,British New Guinea,1884,2025,142,national,Oceania,BNG,NA,CShapes 2.0 (dependencies=TRUE),NA,NA,FT; FAOSTAT; M49; CShapes,VERIFIED,NA
GCO-1884-2025,German colonies Oceania,1884,2025,142,national,Oceania,GCO,255,CShapes 2.0 (dependencies=TRUE),NA,NA,FT; FAOSTAT; M49; CShapes,VERIFIED,NA
NGN-1884-2025,New Guinea,1884,2025,142,national,Oceania,NGN,NA,CShapes 2.0,NA,NA,FT; FAOSTAT; M49; CShapes,VERIFIED,NA
CAR-1885-2025,Caroline Island,1885,2025,141,national,Oceania,CAR,NA,CShapes 2.0,NA,NA,FT; FAOSTAT; M49; CShapes,VERIFIED,NA
GIL-1892-2025,Gilbert and Ellice Island,1892,2025,134,national,Oceania,GIL,NA,CShapes 2.0 (dependencies=TRUE),NA,NA,FT; FAOSTAT; M49; CShapes,VERIFIED,NA
DNG-1898-2025,Dutch new Guinea,1898,2025,128,national,Oceania,DNG,NA,CShapes 2.0 (dependencies=TRUE),NA,NA,FT; FAOSTAT; M49; CShapes,VERIFIED,NA
NHB-1906-2025,New Hebrides,1906,2025,120,national,Oceania,NHB,NA,CShapes 2.0 (dependencies=TRUE),NA,NA,FT; FAOSTAT; M49; CShapes,VERIFIED,NA
GUY-1800-2025,Guyana,1800,2025,226,national,South America,GUY,110,CShapes 2.0,NA,NA,FT; FAOSTAT; M49; CShapes,VERIFIED,NA
VEN-1821-2025,Venezuela,1821,2025,205,national,South America,VEN,101,CShapes 2.0,NA,NA,FT; FAOSTAT; M49; CShapes,VERIFIED,NA
URY-1828-2025,Uruguay,1828,2025,198,national,South America,URY,165,CShapes 2.0,NA,NA,FT; FAOSTAT; M49; CShapes,VERIFIED,NA
ARG-1902-2025,Argentina,1902,2025,124,national,South America,ARG,160,CShapes 2.0,ARG-1899-1902,NA,FT; FAOSTAT; M49; CShapes,VERIFIED,NA
CHL-1902-2025,Chile,1902,2025,124,national,South America,CHL,155,CShapes 2.0,CHL-1899-1902,NA,FT; FAOSTAT; M49; CShapes,VERIFIED,NA
BRA-1909-2025,Brazil,1909,2025,117,national,South America,BRA,140,CShapes 2.0,BRA-1903-1909,NA,FT; FAOSTAT; M49; CShapes,VERIFIED,NA
COL-1922-2025,Colombia,1922,2025,104,national,South America,COL,100,CShapes 2.0,COL-1903-1922,NA,FT; FAOSTAT; M49; CShapes,VERIFIED,NA
BOL-1938-2025,Bolivia,1938,2025,88,national,South America,BOL,145,CShapes 2.0,BOL-1909-1938,NA,FT; FAOSTAT; M49; CShapes,VERIFIED,NA
PRY-1938-2025,Paraguay,1938,2025,88,national,South America,PRY,150,CShapes 2.0,PRY-1811-1938,NA,FT; FAOSTAT; M49; CShapes,VERIFIED,NA
ECU-1942-2025,Ecuador,1942,2025,84,national,South America,ECU,130,CShapes 2.0,ECU-1800-1942,NA,FAOSTAT; M49; CShapes,VERIFIED,NA
PER-1942-2025,Peru,1942,2025,84,national,South America,PER,135,CShapes 2.0,PER-1922-1942,NA,FAOSTAT; M49; CShapes,VERIFIED,NA
SUR-1975-2025,Suriname,1975,2025,51,national,South America,SUR,115,CShapes 2.0,SUR-1954-1975,NA,FAOSTAT; M49; CShapes,VERIFIED,NA
ARG-1800-1899,Argentina (to 1899),1800,1899,100,national,South America,ARG,160,CShapes 2.0,NA,ARG-1899-1902,FT; CShapes,VERIFIED,NA
BRA-1800-1903,Brazil (to 1903),1800,1903,104,national,South America,BRA,140,CShapes 2.0,NA,BRA-1903-1909,FT; CShapes,VERIFIED,NA
ECU-1800-1942,Ecuador (to 1942),1800,1942,143,national,South America,ECU,130,CShapes 2.0,NA,ECU-1942-2025,FT; CShapes,VERIFIED,NA
CHL-1810-1899,Chile (to 1899),1810,1899,90,national,South America,CHL,155,CShapes 2.0,NA,CHL-1899-1902,FT; CShapes,VERIFIED,NA
PRY-1811-1938,Paraguay (to 1938),1811,1938,128,national,South America,PRY,150,CShapes 2.0,NA,PRY-1938-2025,FT; CShapes,VERIFIED,NA
BOL-1825-1903,Bolivia (to 1903),1825,1903,79,national,South America,BOL,145,CShapes 2.0,NA,BOL-1903-1909,FT; CShapes,VERIFIED,NA
PER-1825-1909,Peru (to 1909),1825,1909,85,national,South America,PER,135,CShapes 2.0,NA,PER-1909-1922,FT; CShapes,VERIFIED,NA
ARG-1899-1902,Argentina (1899-1902),1899,1902,4,national,South America,ARG,160,CShapes 2.0,ARG-1800-1899,ARG-1902-2025,FT; CShapes,VERIFIED,NA
CHL-1899-1902,Chile (1899-1902),1899,1902,4,national,South America,CHL,155,CShapes 2.0,CHL-1810-1899,CHL-1902-2025,FT; CShapes,VERIFIED,NA
BOL-1903-1909,Bolivia (1903-1909),1903,1909,7,national,South America,BOL,145,CShapes 2.0,BOL-1825-1903,BOL-1909-1938,FT; CShapes,VERIFIED,NA
BRA-1903-1909,Brazil (1903-1909),1903,1909,7,national,South America,BRA,140,CShapes 2.0,BRA-1800-1903,BRA-1909-2025,FT; CShapes,VERIFIED,NA
COL-1903-1922,Colombia (1903-1922),1903,1922,20,national,South America,COL,100,CShapes 2.0,COL-1830-1903,COL-1922-2025,FT; CShapes,VERIFIED,NA
BOL-1909-1938,Bolivia (1909-1938),1909,1938,30,national,South America,BOL,145,CShapes 2.0,BOL-1903-1909,BOL-1938-2025,FT; CShapes,VERIFIED,NA
PER-1909-1922,Peru (1909-1922),1909,1922,14,national,South America,PER,135,CShapes 2.0,PER-1825-1909,PER-1922-1942,FT; CShapes,VERIFIED,NA
PER-1922-1942,Peru (1922-1942),1922,1942,21,national,South America,PER,135,CShapes 2.0,PER-1909-1922,PER-1942-2025,FT; CShapes,VERIFIED,NA
INI-1930-1946,Inini (1930-1946),1930,1946,17,national,South America,INI,NA,CShapes 2.0 (dependencies=TRUE),NA,NA,FT; CShapes,VERIFIED,NA
GUF-1800-2025,French Guiana,1800,2025,226,national,South America,GUF,NA,GADM 4.1,NA,NA,FT; FAOSTAT; M49; CShapes,VERIFIED,NA
GUF-1800-1930,French Guiana (to 1930),1800,1930,131,national,South America,GUF,NA,GADM 4.1,NA,NA,FT; CShapes,VERIFIED,NA
SGS-1800-2025,South Georgia and the South Sandwich Islands,1800,2025,226,national,South America,SGS,NA,GADM 4.1,NA,NA,FT; FAOSTAT; M49; CShapes,VERIFIED,NA
FLK-1833-2025,Falkland Islands,1833,2025,193,national,South America,FLK,NA,GADM 4.1,NA,NA,FT; FAOSTAT; M49; CShapes,REGION,NA
GUF-1930-1946,French Guiana (1930-1946),1930,1946,17,national,South America,GUF,NA,GADM 4.1,NA,NA,FT; CShapes,VERIFIED,NA
DGU-1800-2025,Dutch Guayana,1800,2025,226,national,South America,DGU,NA,CShapes 2.0 (dependencies=TRUE),NA,NA,FT; FAOSTAT; M49; CShapes,VERIFIED,NA
USAL-1959-2025,Alabama (State),1959,2025,67,subnational,North America,USA,NA,GADM 3.6 (subnational),USAL-1820-1958,NA,GADM,VERIFIED,Parent: USA-1959-2025; GADM GID: USA.1_1
USAK-1959-2025,Alaska (State),1959,2025,67,subnational,North America,USA,NA,GADM 3.6 (subnational),USAK-1920-1958,NA,GADM,VERIFIED,Parent: USA-1959-2025; GADM GID: USA.2_1
USAZ-1959-2025,Arizona (State),1959,2025,67,subnational,North America,USA,NA,GADM 3.6 (subnational),USAZ-1912-1958,NA,GADM,VERIFIED,Parent: USA-1959-2025; GADM GID: USA.3_1
USAR-1959-2025,Arkansas (State),1959,2025,67,subnational,North America,USA,NA,GADM 3.6 (subnational),USAR-1850-1958,NA,GADM,VERIFIED,Parent: USA-1959-2025; GADM GID: USA.4_1
USCA-1959-2025,California (State),1959,2025,67,subnational,North America,USA,NA,GADM 3.6 (subnational),USCA-1870-1958,NA,GADM,VERIFIED,Parent: USA-1959-2025; GADM GID: USA.5_1
USCO-1959-2025,Colorado (State),1959,2025,67,subnational,North America,USA,NA,GADM 3.6 (subnational),USCO-1900-1958,NA,GADM,VERIFIED,Parent: USA-1959-2025; GADM GID: USA.6_1
USCT-1959-2025,Connecticut (State),1959,2025,67,subnational,North America,USA,NA,GADM 3.6 (subnational),USCT-1800-1958,NA,GADM,VERIFIED,Parent: USA-1959-2025; GADM GID: USA.7_1
USDE-1959-2025,Delaware (State),1959,2025,67,subnational,North America,USA,NA,GADM 3.6 (subnational),USDE-1800-1958,NA,GADM,VERIFIED,Parent: USA-1959-2025; GADM GID: USA.8_1
USDC-1959-2025,District of Columbia (Federal District),1959,2025,67,subnational,North America,USA,NA,GADM 3.6 (subnational),USDC-1800-1958,NA,GADM,VERIFIED,Parent: USA-1959-2025; GADM GID: USA.9_1
USFL-1959-2025,Florida (State),1959,2025,67,subnational,North America,USA,NA,GADM 3.6 (subnational),USFL-1850-1958,NA,GADM,VERIFIED,Parent: USA-1959-2025; GADM GID: USA.10_1
USGA-1959-2025,Georgia (State),1959,2025,67,subnational,North America,USA,NA,GADM 3.6 (subnational),USGA-1800-1958,NA,GADM,VERIFIED,Parent: USA-1959-2025; GADM GID: USA.11_1
USHI-1959-2025,Hawaii (State),1959,2025,67,subnational,North America,USA,NA,GADM 3.6 (subnational),USHI-1900-1958,NA,GADM,VERIFIED,Parent: USA-1959-2025; GADM GID: USA.12_1
USID-1959-2025,Idaho (State),1959,2025,67,subnational,North America,USA,NA,GADM 3.6 (subnational),USID-1900-1958,NA,GADM,VERIFIED,Parent: USA-1959-2025; GADM GID: USA.13_1
USIL-1959-2025,Illinois (State),1959,2025,67,subnational,North America,USA,NA,GADM 3.6 (subnational),USIL-1820-1958,NA,GADM,VERIFIED,Parent: USA-1959-2025; GADM GID: USA.14_1
USIN-1959-2025,Indiana (State),1959,2025,67,subnational,North America,USA,NA,GADM 3.6 (subnational),USIN-1820-1958,NA,GADM,VERIFIED,Parent: USA-1959-2025; GADM GID: USA.15_1
USIA-1959-2025,Iowa (State),1959,2025,67,subnational,North America,USA,NA,GADM 3.6 (subnational),USIA-1850-1958,NA,GADM,VERIFIED,Parent: USA-1959-2025; GADM GID: USA.16_1
USKS-1959-2025,Kansas (State),1959,2025,67,subnational,North America,USA,NA,GADM 3.6 (subnational),USKS-1870-1958,NA,GADM,VERIFIED,Parent: USA-1959-2025; GADM GID: USA.17_1
USKY-1959-2025,Kentucky (State),1959,2025,67,subnational,North America,USA,NA,GADM 3.6 (subnational),USKY-1800-1958,NA,GADM,VERIFIED,Parent: USA-1959-2025; GADM GID: USA.18_1
USLA-1959-2025,Louisiana (State),1959,2025,67,subnational,North America,USA,NA,GADM 3.6 (subnational),USLA-1820-1958,NA,GADM,VERIFIED,Parent: USA-1959-2025; GADM GID: USA.19_1
USME-1959-2025,Maine (State),1959,2025,67,subnational,North America,USA,NA,GADM 3.6 (subnational),USME-1820-1958,NA,GADM,VERIFIED,Parent: USA-1959-2025; GADM GID: USA.20_1
USMD-1959-2025,Maryland (State),1959,2025,67,subnational,North America,USA,NA,GADM 3.6 (subnational),USMD-1800-1958,NA,GADM,VERIFIED,Parent: USA-1959-2025; GADM GID: USA.21_1
USMA-1959-2025,Massachusetts (State),1959,2025,67,subnational,North America,USA,NA,GADM 3.6 (subnational),USMA-1800-1958,NA,GADM,VERIFIED,Parent: USA-1959-2025; GADM GID: USA.22_1
USMI-1959-2025,Michigan (State),1959,2025,67,subnational,North America,USA,NA,GADM 3.6 (subnational),USMI-1850-1958,NA,GADM,VERIFIED,Parent: USA-1959-2025; GADM GID: USA.23_1
USMN-1959-2025,Minnesota (State),1959,2025,67,subnational,North America,USA,NA,GADM 3.6 (subnational),USMN-1870-1958,NA,GADM,VERIFIED,Parent: USA-1959-2025; GADM GID: USA.24_1
USMS-1959-2025,Mississippi (State),1959,2025,67,subnational,North America,USA,NA,GADM 3.6 (subnational),USMS-1820-1958,NA,GADM,VERIFIED,Parent: USA-1959-2025; GADM GID: USA.25_1
USMO-1959-2025,Missouri (State),1959,2025,67,subnational,North America,USA,NA,GADM 3.6 (subnational),USMO-1850-1958,NA,GADM,VERIFIED,Parent: USA-1959-2025; GADM GID: USA.26_1
USMT-1959-2025,Montana (State),1959,2025,67,subnational,North America,USA,NA,GADM 3.6 (subnational),USMT-1900-1958,NA,GADM,VERIFIED,Parent: USA-1959-2025; GADM GID: USA.27_1
USNE-1959-2025,Nebraska (State),1959,2025,67,subnational,North America,USA,NA,GADM 3.6 (subnational),USNE-1870-1958,NA,GADM,VERIFIED,Parent: USA-1959-2025; GADM GID: USA.28_1
USNV-1959-2025,Nevada (State),1959,2025,67,subnational,North America,USA,NA,GADM 3.6 (subnational),USNV-1870-1958,NA,GADM,VERIFIED,Parent: USA-1959-2025; GADM GID: USA.29_1
USNH-1959-2025,New Hampshire (State),1959,2025,67,subnational,North America,USA,NA,GADM 3.6 (subnational),USNH-1800-1958,NA,GADM,VERIFIED,Parent: USA-1959-2025; GADM GID: USA.30_1
USNJ-1959-2025,New Jersey (State),1959,2025,67,subnational,North America,USA,NA,GADM 3.6 (subnational),USNJ-1800-1958,NA,GADM,VERIFIED,Parent: USA-1959-2025; GADM GID: USA.31_1
USNM-1959-2025,New Mexico (State),1959,2025,67,subnational,North America,USA,NA,GADM 3.6 (subnational),USNM-1912-1958,NA,GADM,VERIFIED,Parent: USA-1959-2025; GADM GID: USA.32_1
USNY-1959-2025,New York (State),1959,2025,67,subnational,North America,USA,NA,GADM 3.6 (subnational),USNY-1800-1958,NA,GADM,VERIFIED,Parent: USA-1959-2025; GADM GID: USA.33_1
USNC-1959-2025,North Carolina (State),1959,2025,67,subnational,North America,USA,NA,GADM 3.6 (subnational),USNC-1800-1958,NA,GADM,VERIFIED,Parent: USA-1959-2025; GADM GID: USA.34_1
USND-1959-2025,North Dakota (State),1959,2025,67,subnational,North America,USA,NA,GADM 3.6 (subnational),USND-1900-1958,NA,GADM,VERIFIED,Parent: USA-1959-2025; GADM GID: USA.35_1
USOH-1959-2025,Ohio (State),1959,2025,67,subnational,North America,USA,NA,GADM 3.6 (subnational),USOH-1820-1958,NA,GADM,VERIFIED,Parent: USA-1959-2025; GADM GID: USA.36_1
USOK-1959-2025,Oklahoma (State),1959,2025,67,subnational,North America,USA,NA,GADM 3.6 (subnational),USOK-1912-1958,NA,GADM,VERIFIED,Parent: USA-1959-2025; GADM GID: USA.37_1
USOR-1959-2025,Oregon (State),1959,2025,67,subnational,North America,USA,NA,GADM 3.6 (subnational),USOR-1870-1958,NA,GADM,VERIFIED,Parent: USA-1959-2025; GADM GID: USA.38_1
USPA-1959-2025,Pennsylvania (State),1959,2025,67,subnational,North America,USA,NA,GADM 3.6 (subnational),USPA-1800-1958,NA,GADM,VERIFIED,Parent: USA-1959-2025; GADM GID: USA.39_1
USRI-1959-2025,Rhode Island (State),1959,2025,67,subnational,North America,USA,NA,GADM 3.6 (subnational),USRI-1800-1958,NA,GADM,VERIFIED,Parent: USA-1959-2025; GADM GID: USA.40_1
USSC-1959-2025,South Carolina (State),1959,2025,67,subnational,North America,USA,NA,GADM 3.6 (subnational),USSC-1800-1958,NA,GADM,VERIFIED,Parent: USA-1959-2025; GADM GID: USA.41_1
USSD-1959-2025,South Dakota (State),1959,2025,67,subnational,North America,USA,NA,GADM 3.6 (subnational),USSD-1900-1958,NA,GADM,VERIFIED,Parent: USA-1959-2025; GADM GID: USA.42_1
USTN-1959-2025,Tennessee (State),1959,2025,67,subnational,North America,USA,NA,GADM 3.6 (subnational),USTN-1800-1958,NA,GADM,VERIFIED,Parent: USA-1959-2025; GADM GID: USA.43_1
USTX-1959-2025,Texas (State),1959,2025,67,subnational,North America,USA,NA,GADM 3.6 (subnational),USTX-1850-1958,NA,GADM,VERIFIED,Parent: USA-1959-2025; GADM GID: USA.44_1
USUT-1959-2025,Utah (State),1959,2025,67,subnational,North America,USA,NA,GADM 3.6 (subnational),USUT-1900-1958,NA,GADM,VERIFIED,Parent: USA-1959-2025; GADM GID: USA.45_1
USVT-1959-2025,Vermont (State),1959,2025,67,subnational,North America,USA,NA,GADM 3.6 (subnational),USVT-1800-1958,NA,GADM,VERIFIED,Parent: USA-1959-2025; GADM GID: USA.46_1
USVA-1959-2025,Virginia (State),1959,2025,67,subnational,North America,USA,NA,GADM 3.6 (subnational),USVA-1800-1958,NA,GADM,VERIFIED,Parent: USA-1959-2025; GADM GID: USA.47_1
USWA-1959-2025,Washington (State),1959,2025,67,subnational,North America,USA,NA,GADM 3.6 (subnational),USWA-1900-1958,NA,GADM,VERIFIED,Parent: USA-1959-2025; GADM GID: USA.48_1
USWV-1959-2025,West Virginia (State),1959,2025,67,subnational,North America,USA,NA,GADM 3.6 (subnational),USWV-1870-1958,NA,GADM,VERIFIED,Parent: USA-1959-2025; GADM GID: USA.49_1
USWI-1959-2025,Wisconsin (State),1959,2025,67,subnational,North America,USA,NA,GADM 3.6 (subnational),USWI-1850-1958,NA,GADM,VERIFIED,Parent: USA-1959-2025; GADM GID: USA.50_1
USWY-1959-2025,Wyoming (State),1959,2025,67,subnational,North America,USA,NA,GADM 3.6 (subnational),USWY-1900-1958,NA,GADM,VERIFIED,Parent: USA-1959-2025; GADM GID: USA.51_1
CAAB-1999-2025,Alberta (Province),1999,2025,27,subnational,North America,CAN,NA,GADM 3.6 (subnational),NA,NA,GADM,VERIFIED,Parent: CAN-1948-2025; GADM GID: CAN.1_1
CABC-1999-2025,British Columbia (Province),1999,2025,27,subnational,North America,CAN,NA,GADM 3.6 (subnational),NA,NA,GADM,VERIFIED,Parent: CAN-1948-2025; GADM GID: CAN.2_1
CAMB-1999-2025,Manitoba (Province),1999,2025,27,subnational,North America,CAN,NA,GADM 3.6 (subnational),NA,NA,GADM,VERIFIED,Parent: CAN-1948-2025; GADM GID: CAN.3_1
CANB-1999-2025,New Brunswick (Province),1999,2025,27,subnational,North America,CAN,NA,GADM 3.6 (subnational),NA,NA,GADM,VERIFIED,Parent: CAN-1948-2025; GADM GID: CAN.4_1
CANF-1999-2025,Newfoundland and Labrador (Province),1999,2025,27,subnational,North America,CAN,NA,GADM 3.6 (subnational),NA,NA,GADM,VERIFIED,Parent: CAN-1948-2025; GADM GID: CAN.5_1
CANT-1999-2025,Northwest Territories (Territory),1999,2025,27,subnational,North America,CAN,NA,GADM 3.6 (subnational),NA,NA,GADM,VERIFIED,Parent: CAN-1948-2025; GADM GID: CAN.6_1
CANS-1999-2025,Nova Scotia (Province),1999,2025,27,subnational,North America,CAN,NA,GADM 3.6 (subnational),NA,NA,GADM,VERIFIED,Parent: CAN-1948-2025; GADM GID: CAN.7_1
CANU-1999-2025,Nunavut (Territory),1999,2025,27,subnational,North America,CAN,NA,GADM 3.6 (subnational),NA,NA,GADM,VERIFIED,Parent: CAN-1948-2025; GADM GID: CAN.8_1
CAON-1999-2025,Ontario (Province),1999,2025,27,subnational,North America,CAN,NA,GADM 3.6 (subnational),NA,NA,GADM,VERIFIED,Parent: CAN-1948-2025; GADM GID: CAN.9_1
CAPE-1999-2025,Prince Edward Island (Province),1999,2025,27,subnational,North America,CAN,NA,GADM 3.6 (subnational),NA,NA,GADM,VERIFIED,Parent: CAN-1948-2025; GADM GID: CAN.10_1
CAQC-1999-2025,Québec (Province),1999,2025,27,subnational,North America,CAN,NA,GADM 3.6 (subnational),NA,NA,GADM,VERIFIED,Parent: CAN-1948-2025; GADM GID: CAN.11_1
CASK-1999-2025,Saskatchewan (Province),1999,2025,27,subnational,North America,CAN,NA,GADM 3.6 (subnational),NA,NA,GADM,VERIFIED,Parent: CAN-1948-2025; GADM GID: CAN.12_1
CAYT-1999-2025,Yukon (Territory),1999,2025,27,subnational,North America,CAN,NA,GADM 3.6 (subnational),NA,NA,GADM,VERIFIED,Parent: CAN-1948-2025; GADM GID: CAN.13_1
BRAC-1988-2025,Acre (State),1988,2025,38,subnational,South America,BRA,NA,GADM 3.6 (subnational),BRAC-1980-1987,NA,GADM,VERIFIED,Parent: BRA-1909-2025; GADM GID: BRA.1_1
BRAL-1988-2025,Alagoas (State),1988,2025,38,subnational,South America,BRA,NA,GADM 3.6 (subnational),BRAL-1900-1987,NA,GADM,VERIFIED,Parent: BRA-1909-2025; GADM GID: BRA.2_1
BRAP-1988-2025,Amapá (State),1988,2025,38,subnational,South America,BRA,NA,GADM 3.6 (subnational),BRAP-1960-1987,NA,GADM,VERIFIED,Parent: BRA-1909-2025; GADM GID: BRA.3_1
BRAM-1988-2025,Amazonas (State),1988,2025,38,subnational,South America,BRA,NA,GADM 3.6 (subnational),BRAM-1872-1987,NA,GADM,VERIFIED,Parent: BRA-1909-2025; GADM GID: BRA.4_1
BRBA-1988-2025,Bahia (State),1988,2025,38,subnational,South America,BRA,NA,GADM 3.6 (subnational),BRBA-1872-1987,NA,GADM,VERIFIED,Parent: BRA-1909-2025; GADM GID: BRA.5_1
BRCE-1988-2025,Ceará (State),1988,2025,38,subnational,South America,BRA,NA,GADM 3.6 (subnational),BRCE-1872-1987,NA,GADM,VERIFIED,Parent: BRA-1909-2025; GADM GID: BRA.6_1
BRDF-1988-2025,Distrito Federal (Federal District),1988,2025,38,subnational,South America,BRA,NA,GADM 3.6 (subnational),BRDF-1980-1987,NA,GADM,VERIFIED,Parent: BRA-1909-2025; GADM GID: BRA.7_1
BRES-1988-2025,Espírito Santo (State),1988,2025,38,subnational,South America,BRA,NA,GADM 3.6 (subnational),BRES-1940-1987,NA,GADM,VERIFIED,Parent: BRA-1909-2025; GADM GID: BRA.8_1
BRGO-1988-2025,Goiás (State),1988,2025,38,subnational,South America,BRA,NA,GADM 3.6 (subnational),BRGO-1940-1987,NA,GADM,VERIFIED,Parent: BRA-1909-2025; GADM GID: BRA.9_1
BRMA-1988-2025,Maranhão (State),1988,2025,38,subnational,South America,BRA,NA,GADM 3.6 (subnational),BRMA-1872-1987,NA,GADM,VERIFIED,Parent: BRA-1909-2025; GADM GID: BRA.10_1
BRMT-1988-2025,Mato Grosso (State),1988,2025,38,subnational,South America,BRA,NA,GADM 3.6 (subnational),BRMT-1940-1987,NA,GADM,VERIFIED,Parent: BRA-1909-2025; GADM GID: BRA.12_1
BRMS-1988-2025,Mato Grosso do Sul (State),1988,2025,38,subnational,South America,BRA,NA,GADM 3.6 (subnational),BRMS-1980-1987,NA,GADM,VERIFIED,Parent: BRA-1909-2025; GADM GID: BRA.11_1
BRMG-1988-2025,Minas Gerais (State),1988,2025,38,subnational,South America,BRA,NA,GADM 3.6 (subnational),BRMG-1940-1987,NA,GADM,VERIFIED,Parent: BRA-1909-2025; GADM GID: BRA.13_1
BRPR-1988-2025,Paraná (State),1988,2025,38,subnational,South America,BRA,NA,GADM 3.6 (subnational),BRPR-1872-1987,NA,GADM,VERIFIED,Parent: BRA-1909-2025; GADM GID: BRA.16_1
BRPB-1988-2025,Paraíba (State),1988,2025,38,subnational,South America,BRA,NA,GADM 3.6 (subnational),BRPB-1940-1987,NA,GADM,VERIFIED,Parent: BRA-1909-2025; GADM GID: BRA.15_1
BRPA-1988-2025,Pará (State),1988,2025,38,subnational,South America,BRA,NA,GADM 3.6 (subnational),BRPA-1872-1987,NA,GADM,VERIFIED,Parent: BRA-1909-2025; GADM GID: BRA.14_1
BRPE-1988-2025,Pernambuco (State),1988,2025,38,subnational,South America,BRA,NA,GADM 3.6 (subnational),BRPE-1872-1987,NA,GADM,VERIFIED,Parent: BRA-1909-2025; GADM GID: BRA.17_1
BRPI-1988-2025,Piauí (State),1988,2025,38,subnational,South America,BRA,NA,GADM 3.6 (subnational),BRPI-1940-1987,NA,GADM,VERIFIED,Parent: BRA-1909-2025; GADM GID: BRA.18_1
BRRN-1988-2025,Rio Grande do Norte (State),1988,2025,38,subnational,South America,BRA,NA,GADM 3.6 (subnational),BRRN-1872-1987,NA,GADM,VERIFIED,Parent: BRA-1909-2025; GADM GID: BRA.20_1
BRRS-1988-2025,Rio Grande do Sul (State),1988,2025,38,subnational,South America,BRA,NA,GADM 3.6 (subnational),BRRS-1872-1987,NA,GADM,VERIFIED,Parent: BRA-1909-2025; GADM GID: BRA.21_1
BRRJ-1988-2025,Rio de Janeiro (State),1988,2025,38,subnational,South America,BRA,NA,GADM 3.6 (subnational),BRRJ-1872-1987,NA,GADM,VERIFIED,Parent: BRA-1909-2025; GADM GID: BRA.19_1
BRRO-1988-2025,Rondônia (State),1988,2025,38,subnational,South America,BRA,NA,GADM 3.6 (subnational),BRRO-1980-1987,NA,GADM,VERIFIED,Parent: BRA-1909-2025; GADM GID: BRA.22_1
BRRR-1988-2025,Roraima (State),1988,2025,38,subnational,South America,BRA,NA,GADM 3.6 (subnational),BRRR-1960-1987,NA,GADM,VERIFIED,Parent: BRA-1909-2025; GADM GID: BRA.23_1
BRSC-1988-2025,Santa Catarina (State),1988,2025,38,subnational,South America,BRA,NA,GADM 3.6 (subnational),BRSC-1940-1987,NA,GADM,VERIFIED,Parent: BRA-1909-2025; GADM GID: BRA.24_1
BRSE-1988-2025,Sergipe (State),1988,2025,38,subnational,South America,BRA,NA,GADM 3.6 (subnational),BRSE-1872-1987,NA,GADM,VERIFIED,Parent: BRA-1909-2025; GADM GID: BRA.26_1
BRSP-1988-2025,São Paulo (State),1988,2025,38,subnational,South America,BRA,NA,GADM 3.6 (subnational),BRSP-1872-1987,NA,GADM,VERIFIED,Parent: BRA-1909-2025; GADM GID: BRA.25_1
BRTO-1988-2025,Tocantins (State),1988,2025,38,subnational,South America,BRA,NA,GADM 3.6 (subnational),NA,NA,GADM,VERIFIED,Parent: BRA-1909-2025; GADM GID: BRA.27_1
AUAS-1901-2025,Ashmore and Cartier Islands (Territory),1901,2025,125,subnational,Oceania,AUS,NA,GADM 3.6 (subnational),NA,NA,GADM,VERIFIED,Parent: AUS-1901-2025; GADM GID: AUS.1_1
AUAC-1901-2025,Australian Capital Territory (Territory),1901,2025,125,subnational,Oceania,AUS,NA,GADM 3.6 (subnational),NA,NA,GADM,VERIFIED,Parent: AUS-1901-2025; GADM GID: AUS.2_1
AUCR-1901-2025,Coral Sea Islands Territory (Territory),1901,2025,125,subnational,Oceania,AUS,NA,GADM 3.6 (subnational),NA,NA,GADM,VERIFIED,Parent: AUS-1901-2025; GADM GID: AUS.3_1
AUJB-1901-2025,Jervis Bay Territory (Territory),1901,2025,125,subnational,Oceania,AUS,NA,GADM 3.6 (subnational),NA,NA,GADM,VERIFIED,Parent: AUS-1901-2025; GADM GID: AUS.4_1
AUNS-1901-2025,New South Wales (State),1901,2025,125,subnational,Oceania,AUS,NA,GADM 3.6 (subnational),NA,NA,GADM,VERIFIED,Parent: AUS-1901-2025; GADM GID: AUS.5_1
AUNT-1901-2025,Northern Territory (Territory),1901,2025,125,subnational,Oceania,AUS,NA,GADM 3.6 (subnational),NA,NA,GADM,VERIFIED,Parent: AUS-1901-2025; GADM GID: AUS.6_1
AUQL-1901-2025,Queensland (State),1901,2025,125,subnational,Oceania,AUS,NA,GADM 3.6 (subnational),NA,NA,GADM,VERIFIED,Parent: AUS-1901-2025; GADM GID: AUS.7_1
AUSA-1901-2025,South Australia (State),1901,2025,125,subnational,Oceania,AUS,NA,GADM 3.6 (subnational),NA,NA,GADM,VERIFIED,Parent: AUS-1901-2025; GADM GID: AUS.8_1
AUTS-1901-2025,Tasmania (State),1901,2025,125,subnational,Oceania,AUS,NA,GADM 3.6 (subnational),NA,NA,GADM,VERIFIED,Parent: AUS-1901-2025; GADM GID: AUS.9_1
AUVI-1901-2025,Victoria (State),1901,2025,125,subnational,Oceania,AUS,NA,GADM 3.6 (subnational),NA,NA,GADM,VERIFIED,Parent: AUS-1901-2025; GADM GID: AUS.10_1
AUWA-1901-2025,Western Australia (State),1901,2025,125,subnational,Oceania,AUS,NA,GADM 3.6 (subnational),NA,NA,GADM,VERIFIED,Parent: AUS-1901-2025; GADM GID: AUS.11_1
CNAH-1997-2025,Anhui (Province),1997,2025,29,subnational,Asia,CHN,NA,GADM 3.6 (subnational),NA,NA,GADM,VERIFIED,Parent: F351-1950-2025; GADM GID: CHN.1_1
CNBJ-1997-2025,Beijing (Municipality),1997,2025,29,subnational,Asia,CHN,NA,GADM 3.6 (subnational),NA,NA,GADM,VERIFIED,Parent: F351-1950-2025; GADM GID: CHN.2_1
CNCQ-1997-2025,Chongqing (Municipality),1997,2025,29,subnational,Asia,CHN,NA,GADM 3.6 (subnational),NA,NA,GADM,VERIFIED,Parent: F351-1950-2025; GADM GID: CHN.3_1
CNFJ-1997-2025,Fujian (Province),1997,2025,29,subnational,Asia,CHN,NA,GADM 3.6 (subnational),NA,NA,GADM,VERIFIED,Parent: F351-1950-2025; GADM GID: CHN.4_1
CNGS-1997-2025,Gansu (Province),1997,2025,29,subnational,Asia,CHN,NA,GADM 3.6 (subnational),NA,NA,GADM,VERIFIED,Parent: F351-1950-2025; GADM GID: CHN.5_1
CNGD-1997-2025,Guangdong (Province),1997,2025,29,subnational,Asia,CHN,NA,GADM 3.6 (subnational),NA,NA,GADM,VERIFIED,Parent: F351-1950-2025; GADM GID: CHN.6_1
CNGX-1997-2025,Guangxi (Autonomous Region),1997,2025,29,subnational,Asia,CHN,NA,GADM 3.6 (subnational),NA,NA,GADM,VERIFIED,Parent: F351-1950-2025; GADM GID: CHN.7_1
CNGZ-1997-2025,Guizhou (Province),1997,2025,29,subnational,Asia,CHN,NA,GADM 3.6 (subnational),NA,NA,GADM,VERIFIED,Parent: F351-1950-2025; GADM GID: CHN.8_1
CNHA-1997-2025,Hainan (Province),1997,2025,29,subnational,Asia,CHN,NA,GADM 3.6 (subnational),NA,NA,GADM,VERIFIED,Parent: F351-1950-2025; GADM GID: CHN.9_1
CNHB-1997-2025,Hebei (Province),1997,2025,29,subnational,Asia,CHN,NA,GADM 3.6 (subnational),NA,NA,GADM,VERIFIED,Parent: F351-1950-2025; GADM GID: CHN.10_1
CNHL-1997-2025,Heilongjiang (Province),1997,2025,29,subnational,Asia,CHN,NA,GADM 3.6 (subnational),NA,NA,GADM,VERIFIED,Parent: F351-1950-2025; GADM GID: CHN.11_1
CNHE-1997-2025,Henan (Province),1997,2025,29,subnational,Asia,CHN,NA,GADM 3.6 (subnational),NA,NA,GADM,VERIFIED,Parent: F351-1950-2025; GADM GID: CHN.12_1
CNHU-1997-2025,Hubei (Province),1997,2025,29,subnational,Asia,CHN,NA,GADM 3.6 (subnational),NA,NA,GADM,VERIFIED,Parent: F351-1950-2025; GADM GID: CHN.13_1
CNHN-1997-2025,Hunan (Province),1997,2025,29,subnational,Asia,CHN,NA,GADM 3.6 (subnational),NA,NA,GADM,VERIFIED,Parent: F351-1950-2025; GADM GID: CHN.14_1
CNJS-1997-2025,Jiangsu (Province),1997,2025,29,subnational,Asia,CHN,NA,GADM 3.6 (subnational),NA,NA,GADM,VERIFIED,Parent: F351-1950-2025; GADM GID: CHN.15_1
CNJX-1997-2025,Jiangxi (Province),1997,2025,29,subnational,Asia,CHN,NA,GADM 3.6 (subnational),NA,NA,GADM,VERIFIED,Parent: F351-1950-2025; GADM GID: CHN.16_1
CNJL-1997-2025,Jilin (Province),1997,2025,29,subnational,Asia,CHN,NA,GADM 3.6 (subnational),NA,NA,GADM,VERIFIED,Parent: F351-1950-2025; GADM GID: CHN.17_1
CNLN-1997-2025,Liaoning (Province),1997,2025,29,subnational,Asia,CHN,NA,GADM 3.6 (subnational),NA,NA,GADM,VERIFIED,Parent: F351-1950-2025; GADM GID: CHN.18_1
CNNM-1997-2025,Nei Mongol (Autonomous Region),1997,2025,29,subnational,Asia,CHN,NA,GADM 3.6 (subnational),NA,NA,GADM,VERIFIED,Parent: F351-1950-2025; GADM GID: CHN.19_1
CNNX-1997-2025,Ningxia Hui (Autonomous Region),1997,2025,29,subnational,Asia,CHN,NA,GADM 3.6 (subnational),NA,NA,GADM,VERIFIED,Parent: F351-1950-2025; GADM GID: CHN.20_1
CNQH-1997-2025,Qinghai (Province),1997,2025,29,subnational,Asia,CHN,NA,GADM 3.6 (subnational),NA,NA,GADM,VERIFIED,Parent: F351-1950-2025; GADM GID: CHN.21_1
CNSA-1997-2025,Shaanxi (Province),1997,2025,29,subnational,Asia,CHN,NA,GADM 3.6 (subnational),NA,NA,GADM,VERIFIED,Parent: F351-1950-2025; GADM GID: CHN.22_1
CNSD-1997-2025,Shandong (Province),1997,2025,29,subnational,Asia,CHN,NA,GADM 3.6 (subnational),NA,NA,GADM,VERIFIED,Parent: F351-1950-2025; GADM GID: CHN.23_1
CNSH-1997-2025,Shanghai (Municipality),1997,2025,29,subnational,Asia,CHN,NA,GADM 3.6 (subnational),NA,NA,GADM,VERIFIED,Parent: F351-1950-2025; GADM GID: CHN.24_1
CNSX-1997-2025,Shanxi (Province),1997,2025,29,subnational,Asia,CHN,NA,GADM 3.6 (subnational),NA,NA,GADM,VERIFIED,Parent: F351-1950-2025; GADM GID: CHN.25_1
CNSC-1997-2025,Sichuan (Province),1997,2025,29,subnational,Asia,CHN,NA,GADM 3.6 (subnational),NA,NA,GADM,VERIFIED,Parent: F351-1950-2025; GADM GID: CHN.26_1
CNTJ-1997-2025,Tianjin (Municipality),1997,2025,29,subnational,Asia,CHN,NA,GADM 3.6 (subnational),NA,NA,GADM,VERIFIED,Parent: F351-1950-2025; GADM GID: CHN.27_1
CNXJ-1997-2025,Xinjiang Uygur (Autonomous Region),1997,2025,29,subnational,Asia,CHN,NA,GADM 3.6 (subnational),NA,NA,GADM,VERIFIED,Parent: F351-1950-2025; GADM GID: CHN.28_1
CNXZ-1997-2025,Xizang (Autonomous Region),1997,2025,29,subnational,Asia,CHN,NA,GADM 3.6 (subnational),NA,NA,GADM,VERIFIED,Parent: F351-1950-2025; GADM GID: CHN.29_1
CNYN-1997-2025,Yunnan (Province),1997,2025,29,subnational,Asia,CHN,NA,GADM 3.6 (subnational),NA,NA,GADM,VERIFIED,Parent: F351-1950-2025; GADM GID: CHN.30_1
CNZJ-1997-2025,Zhejiang (Province),1997,2025,29,subnational,Asia,CHN,NA,GADM 3.6 (subnational),NA,NA,GADM,VERIFIED,Parent: F351-1950-2025; GADM GID: CHN.31_1
RUAD-1993-2025,Adygey (Republic),1993,2025,33,subnational,Europe,RUS,NA,GADM 3.6 (subnational),NA,NA,GADM,VERIFIED,Parent: RUS-2014-2025; GADM GID: RUS.1_1
RUAL-1993-2025,Altay (Territory),1993,2025,33,subnational,Europe,RUS,NA,GADM 3.6 (subnational),NA,NA,GADM,VERIFIED,Parent: RUS-2014-2025; GADM GID: RUS.2_1
RUAM-1993-2025,Amur (Region),1993,2025,33,subnational,Europe,RUS,NA,GADM 3.6 (subnational),NA,NA,GADM,VERIFIED,Parent: RUS-2014-2025; GADM GID: RUS.3_1
RUAR-1993-2025,Arkhangel'sk (Region),1993,2025,33,subnational,Europe,RUS,NA,GADM 3.6 (subnational),NA,NA,GADM,VERIFIED,Parent: RUS-2014-2025; GADM GID: RUS.4_1
RUAS-1993-2025,Astrakhan' (Region),1993,2025,33,subnational,Europe,RUS,NA,GADM 3.6 (subnational),NA,NA,GADM,VERIFIED,Parent: RUS-2014-2025; GADM GID: RUS.5_1
RUBK-1993-2025,Bashkortostan (Republic),1993,2025,33,subnational,Europe,RUS,NA,GADM 3.6 (subnational),NA,NA,GADM,VERIFIED,Parent: RUS-2014-2025; GADM GID: RUS.6_1
RUBL-1993-2025,Belgorod (Region),1993,2025,33,subnational,Europe,RUS,NA,GADM 3.6 (subnational),NA,NA,GADM,VERIFIED,Parent: RUS-2014-2025; GADM GID: RUS.7_1
RUBR-1993-2025,Bryansk (Region),1993,2025,33,subnational,Europe,RUS,NA,GADM 3.6 (subnational),NA,NA,GADM,VERIFIED,Parent: RUS-2014-2025; GADM GID: RUS.8_1
RUBU-1993-2025,Buryat (Republic),1993,2025,33,subnational,Europe,RUS,NA,GADM 3.6 (subnational),NA,NA,GADM,VERIFIED,Parent: RUS-2014-2025; GADM GID: RUS.9_1
RUCN-1993-2025,Chechnya (Republic),1993,2025,33,subnational,Europe,RUS,NA,GADM 3.6 (subnational),NA,NA,GADM,VERIFIED,Parent: RUS-2014-2025; GADM GID: RUS.10_1
RUCL-1993-2025,Chelyabinsk (Region),1993,2025,33,subnational,Europe,RUS,NA,GADM 3.6 (subnational),NA,NA,GADM,VERIFIED,Parent: RUS-2014-2025; GADM GID: RUS.11_1
RUCK-1993-2025,Chukot (Autonomous Province),1993,2025,33,subnational,Europe,RUS,NA,GADM 3.6 (subnational),NA,NA,GADM,VERIFIED,Parent: RUS-2014-2025; GADM GID: RUS.12_1
RUCV-1993-2025,Chuvash (Republic),1993,2025,33,subnational,Europe,RUS,NA,GADM 3.6 (subnational),NA,NA,GADM,VERIFIED,Parent: RUS-2014-2025; GADM GID: RUS.13_1
RUSP-1993-2025,City of St. Petersburg (City),1993,2025,33,subnational,Europe,RUS,NA,GADM 3.6 (subnational),NA,NA,GADM,VERIFIED,Parent: RUS-2014-2025; GADM GID: RUS.14_1
RUDA-1993-2025,Dagestan (Republic),1993,2025,33,subnational,Europe,RUS,NA,GADM 3.6 (subnational),NA,NA,GADM,VERIFIED,Parent: RUS-2014-2025; GADM GID: RUS.15_1
RUGA-1993-2025,Gorno-Altay (Republic),1993,2025,33,subnational,Europe,RUS,NA,GADM 3.6 (subnational),NA,NA,GADM,VERIFIED,Parent: RUS-2014-2025; GADM GID: RUS.16_1
RUIN-1993-2025,Ingush (Republic),1993,2025,33,subnational,Europe,RUS,NA,GADM 3.6 (subnational),NA,NA,GADM,VERIFIED,Parent: RUS-2014-2025; GADM GID: RUS.17_1
RUIK-1993-2025,Irkutsk (Region),1993,2025,33,subnational,Europe,RUS,NA,GADM 3.6 (subnational),NA,NA,GADM,VERIFIED,Parent: RUS-2014-2025; GADM GID: RUS.18_1
RUIV-1993-2025,Ivanovo (Region),1993,2025,33,subnational,Europe,RUS,NA,GADM 3.6 (subnational),NA,NA,GADM,VERIFIED,Parent: RUS-2014-2025; GADM GID: RUS.19_1
RUKB-1993-2025,Kabardin-Balkar (Republic),1993,2025,33,subnational,Europe,RUS,NA,GADM 3.6 (subnational),NA,NA,GADM,VERIFIED,Parent: RUS-2014-2025; GADM GID: RUS.20_1
RUKN-1993-2025,Kaliningrad (Region),1993,2025,33,subnational,Europe,RUS,NA,GADM 3.6 (subnational),NA,NA,GADM,VERIFIED,Parent: RUS-2014-2025; GADM GID: RUS.21_1
RUKL-1993-2025,Kalmyk (Republic),1993,2025,33,subnational,Europe,RUS,NA,GADM 3.6 (subnational),NA,NA,GADM,VERIFIED,Parent: RUS-2014-2025; GADM GID: RUS.22_1
RUKG-1993-2025,Kaluga (Region),1993,2025,33,subnational,Europe,RUS,NA,GADM 3.6 (subnational),NA,NA,GADM,VERIFIED,Parent: RUS-2014-2025; GADM GID: RUS.23_1
RUKQ-1993-2025,Kamchatka (Territory),1993,2025,33,subnational,Europe,RUS,NA,GADM 3.6 (subnational),NA,NA,GADM,VERIFIED,Parent: RUS-2014-2025; GADM GID: RUS.24_1
RUKC-1993-2025,Karachay-Cherkess (Republic),1993,2025,33,subnational,Europe,RUS,NA,GADM 3.6 (subnational),NA,NA,GADM,VERIFIED,Parent: RUS-2014-2025; GADM GID: RUS.25_1
RUKI-1993-2025,Karelia (Republic),1993,2025,33,subnational,Europe,RUS,NA,GADM 3.6 (subnational),NA,NA,GADM,VERIFIED,Parent: RUS-2014-2025; GADM GID: RUS.26_1
RUKE-1993-2025,Kemerovo (Region),1993,2025,33,subnational,Europe,RUS,NA,GADM 3.6 (subnational),NA,NA,GADM,VERIFIED,Parent: RUS-2014-2025; GADM GID: RUS.27_1
RUKH-1993-2025,Khabarovsk (Territory),1993,2025,33,subnational,Europe,RUS,NA,GADM 3.6 (subnational),NA,NA,GADM,VERIFIED,Parent: RUS-2014-2025; GADM GID: RUS.28_1
RUKK-1993-2025,Khakass (Republic),1993,2025,33,subnational,Europe,RUS,NA,GADM 3.6 (subnational),NA,NA,GADM,VERIFIED,Parent: RUS-2014-2025; GADM GID: RUS.29_1
RUKM-1993-2025,Khanty-Mansiy (Autonomous Province),1993,2025,33,subnational,Europe,RUS,NA,GADM 3.6 (subnational),NA,NA,GADM,VERIFIED,Parent: RUS-2014-2025; GADM GID: RUS.30_1
RUKV-1993-2025,Kirov (Region),1993,2025,33,subnational,Europe,RUS,NA,GADM 3.6 (subnational),NA,NA,GADM,VERIFIED,Parent: RUS-2014-2025; GADM GID: RUS.31_1
RUKO-1993-2025,Komi (Republic),1993,2025,33,subnational,Europe,RUS,NA,GADM 3.6 (subnational),NA,NA,GADM,VERIFIED,Parent: RUS-2014-2025; GADM GID: RUS.32_1
RUKT-1993-2025,Kostroma (Region),1993,2025,33,subnational,Europe,RUS,NA,GADM 3.6 (subnational),NA,NA,GADM,VERIFIED,Parent: RUS-2014-2025; GADM GID: RUS.33_1
RUKD-1993-2025,Krasnodar (Territory),1993,2025,33,subnational,Europe,RUS,NA,GADM 3.6 (subnational),NA,NA,GADM,VERIFIED,Parent: RUS-2014-2025; GADM GID: RUS.34_1
RUKX-1993-2025,Krasnoyarsk (Territory),1993,2025,33,subnational,Europe,RUS,NA,GADM 3.6 (subnational),NA,NA,GADM,VERIFIED,Parent: RUS-2014-2025; GADM GID: RUS.35_1
RUKU-1993-2025,Kurgan (Region),1993,2025,33,subnational,Europe,RUS,NA,GADM 3.6 (subnational),NA,NA,GADM,VERIFIED,Parent: RUS-2014-2025; GADM GID: RUS.36_1
RUKS-1993-2025,Kursk (Region),1993,2025,33,subnational,Europe,RUS,NA,GADM 3.6 (subnational),NA,NA,GADM,VERIFIED,Parent: RUS-2014-2025; GADM GID: RUS.37_1
RULN-1993-2025,Leningrad (Region),1993,2025,33,subnational,Europe,RUS,NA,GADM 3.6 (subnational),NA,NA,GADM,VERIFIED,Parent: RUS-2014-2025; GADM GID: RUS.38_1
RULP-1993-2025,Lipetsk (Region),1993,2025,33,subnational,Europe,RUS,NA,GADM 3.6 (subnational),NA,NA,GADM,VERIFIED,Parent: RUS-2014-2025; GADM GID: RUS.39_1
RUMG-1993-2025,Maga Buryatdan (Region),1993,2025,33,subnational,Europe,RUS,NA,GADM 3.6 (subnational),NA,NA,GADM,VERIFIED,Parent: RUS-2014-2025; GADM GID: RUS.40_1
RUME-1993-2025,Mariy-El (Republic),1993,2025,33,subnational,Europe,RUS,NA,GADM 3.6 (subnational),NA,NA,GADM,VERIFIED,Parent: RUS-2014-2025; GADM GID: RUS.41_1
RUMR-1993-2025,Mordovia (Republic),1993,2025,33,subnational,Europe,RUS,NA,GADM 3.6 (subnational),NA,NA,GADM,VERIFIED,Parent: RUS-2014-2025; GADM GID: RUS.42_1
RUMW-1993-2025,Moscow City (City),1993,2025,33,subnational,Europe,RUS,NA,GADM 3.6 (subnational),NA,NA,GADM,VERIFIED,Parent: RUS-2014-2025; GADM GID: RUS.43_1
RUMS-1993-2025,Moskva (Region),1993,2025,33,subnational,Europe,RUS,NA,GADM 3.6 (subnational),NA,NA,GADM,VERIFIED,Parent: RUS-2014-2025; GADM GID: RUS.44_1
RUMM-1993-2025,Murmansk (Region),1993,2025,33,subnational,Europe,RUS,NA,GADM 3.6 (subnational),NA,NA,GADM,VERIFIED,Parent: RUS-2014-2025; GADM GID: RUS.45_1
RUNN-1993-2025,Nenets (Autonomous Province),1993,2025,33,subnational,Europe,RUS,NA,GADM 3.6 (subnational),NA,NA,GADM,VERIFIED,Parent: RUS-2014-2025; GADM GID: RUS.46_1
RUNZ-1993-2025,Nizhegorod (Region),1993,2025,33,subnational,Europe,RUS,NA,GADM 3.6 (subnational),NA,NA,GADM,VERIFIED,Parent: RUS-2014-2025; GADM GID: RUS.47_1
RUNO-1993-2025,North Ossetia (Republic),1993,2025,33,subnational,Europe,RUS,NA,GADM 3.6 (subnational),NA,NA,GADM,VERIFIED,Parent: RUS-2014-2025; GADM GID: RUS.48_1
RUNG-1993-2025,Novgorod (Region),1993,2025,33,subnational,Europe,RUS,NA,GADM 3.6 (subnational),NA,NA,GADM,VERIFIED,Parent: RUS-2014-2025; GADM GID: RUS.49_1
RUNS-1993-2025,Novosibirsk (Region),1993,2025,33,subnational,Europe,RUS,NA,GADM 3.6 (subnational),NA,NA,GADM,VERIFIED,Parent: RUS-2014-2025; GADM GID: RUS.50_1
RUOM-1993-2025,Omsk (Region),1993,2025,33,subnational,Europe,RUS,NA,GADM 3.6 (subnational),NA,NA,GADM,VERIFIED,Parent: RUS-2014-2025; GADM GID: RUS.51_1
RUOL-1993-2025,Orel (Region),1993,2025,33,subnational,Europe,RUS,NA,GADM 3.6 (subnational),NA,NA,GADM,VERIFIED,Parent: RUS-2014-2025; GADM GID: RUS.52_1
RUOB-1993-2025,Orenburg (Region),1993,2025,33,subnational,Europe,RUS,NA,GADM 3.6 (subnational),NA,NA,GADM,VERIFIED,Parent: RUS-2014-2025; GADM GID: RUS.53_1
RUPZ-1993-2025,Penza (Region),1993,2025,33,subnational,Europe,RUS,NA,GADM 3.6 (subnational),NA,NA,GADM,VERIFIED,Parent: RUS-2014-2025; GADM GID: RUS.54_1
RUPE-1993-2025,Perm' (Territory),1993,2025,33,subnational,Europe,RUS,NA,GADM 3.6 (subnational),NA,NA,GADM,VERIFIED,Parent: RUS-2014-2025; GADM GID: RUS.55_1
RUPR-1993-2025,Primor'ye (Territory),1993,2025,33,subnational,Europe,RUS,NA,GADM 3.6 (subnational),NA,NA,GADM,VERIFIED,Parent: RUS-2014-2025; GADM GID: RUS.56_1
RUPS-1993-2025,Pskov (Region),1993,2025,33,subnational,Europe,RUS,NA,GADM 3.6 (subnational),NA,NA,GADM,VERIFIED,Parent: RUS-2014-2025; GADM GID: RUS.57_1
RURO-1993-2025,Rostov (Region),1993,2025,33,subnational,Europe,RUS,NA,GADM 3.6 (subnational),NA,NA,GADM,VERIFIED,Parent: RUS-2014-2025; GADM GID: RUS.58_1
RURZ-1993-2025,Ryazan' (Region),1993,2025,33,subnational,Europe,RUS,NA,GADM 3.6 (subnational),NA,NA,GADM,VERIFIED,Parent: RUS-2014-2025; GADM GID: RUS.59_1
RUSK-1993-2025,Sakha (Republic),1993,2025,33,subnational,Europe,RUS,NA,GADM 3.6 (subnational),NA,NA,GADM,VERIFIED,Parent: RUS-2014-2025; GADM GID: RUS.60_1
RUSL-1993-2025,Sakhalin (Region),1993,2025,33,subnational,Europe,RUS,NA,GADM 3.6 (subnational),NA,NA,GADM,VERIFIED,Parent: RUS-2014-2025; GADM GID: RUS.61_1
RUSA-1993-2025,Samara (Region),1993,2025,33,subnational,Europe,RUS,NA,GADM 3.6 (subnational),NA,NA,GADM,VERIFIED,Parent: RUS-2014-2025; GADM GID: RUS.62_1
RUSR-1993-2025,Saratov (Region),1993,2025,33,subnational,Europe,RUS,NA,GADM 3.6 (subnational),NA,NA,GADM,VERIFIED,Parent: RUS-2014-2025; GADM GID: RUS.63_1
RUSM-1993-2025,Smolensk (Region),1993,2025,33,subnational,Europe,RUS,NA,GADM 3.6 (subnational),NA,NA,GADM,VERIFIED,Parent: RUS-2014-2025; GADM GID: RUS.64_1
RUST-1993-2025,Stavropol' (Territory),1993,2025,33,subnational,Europe,RUS,NA,GADM 3.6 (subnational),NA,NA,GADM,VERIFIED,Parent: RUS-2014-2025; GADM GID: RUS.65_1
RUSV-1993-2025,Sverdlovsk (Region),1993,2025,33,subnational,Europe,RUS,NA,GADM 3.6 (subnational),NA,NA,GADM,VERIFIED,Parent: RUS-2014-2025; GADM GID: RUS.66_1
RUTB-1993-2025,Tambov (Region),1993,2025,33,subnational,Europe,RUS,NA,GADM 3.6 (subnational),NA,NA,GADM,VERIFIED,Parent: RUS-2014-2025; GADM GID: RUS.67_1
RUTT-1993-2025,Tatarstan (Republic),1993,2025,33,subnational,Europe,RUS,NA,GADM 3.6 (subnational),NA,NA,GADM,VERIFIED,Parent: RUS-2014-2025; GADM GID: RUS.68_1
RUTO-1993-2025,Tomsk (Region),1993,2025,33,subnational,Europe,RUS,NA,GADM 3.6 (subnational),NA,NA,GADM,VERIFIED,Parent: RUS-2014-2025; GADM GID: RUS.69_1
RUTL-1993-2025,Tula (Region),1993,2025,33,subnational,Europe,RUS,NA,GADM 3.6 (subnational),NA,NA,GADM,VERIFIED,Parent: RUS-2014-2025; GADM GID: RUS.70_1
RUTU-1993-2025,Tuva (Republic),1993,2025,33,subnational,Europe,RUS,NA,GADM 3.6 (subnational),NA,NA,GADM,VERIFIED,Parent: RUS-2014-2025; GADM GID: RUS.71_1
RUTV-1993-2025,Tver' (Region),1993,2025,33,subnational,Europe,RUS,NA,GADM 3.6 (subnational),NA,NA,GADM,VERIFIED,Parent: RUS-2014-2025; GADM GID: RUS.72_1
RUTY-1993-2025,Tyumen' (Region),1993,2025,33,subnational,Europe,RUS,NA,GADM 3.6 (subnational),NA,NA,GADM,VERIFIED,Parent: RUS-2014-2025; GADM GID: RUS.73_1
RUUD-1993-2025,Udmurt (Republic),1993,2025,33,subnational,Europe,RUS,NA,GADM 3.6 (subnational),NA,NA,GADM,VERIFIED,Parent: RUS-2014-2025; GADM GID: RUS.74_1
RUUL-1993-2025,Ul'yanovsk (Region),1993,2025,33,subnational,Europe,RUS,NA,GADM 3.6 (subnational),NA,NA,GADM,VERIFIED,Parent: RUS-2014-2025; GADM GID: RUS.75_1
RUVL-1993-2025,Vladimir (Region),1993,2025,33,subnational,Europe,RUS,NA,GADM 3.6 (subnational),NA,NA,GADM,VERIFIED,Parent: RUS-2014-2025; GADM GID: RUS.76_1
RUVG-1993-2025,Volgograd (Region),1993,2025,33,subnational,Europe,RUS,NA,GADM 3.6 (subnational),NA,NA,GADM,VERIFIED,Parent: RUS-2014-2025; GADM GID: RUS.77_1
RUVO-1993-2025,Vologda (Region),1993,2025,33,subnational,Europe,RUS,NA,GADM 3.6 (subnational),NA,NA,GADM,VERIFIED,Parent: RUS-2014-2025; GADM GID: RUS.78_1
RUVR-1993-2025,Voronezh (Region),1993,2025,33,subnational,Europe,RUS,NA,GADM 3.6 (subnational),NA,NA,GADM,VERIFIED,Parent: RUS-2014-2025; GADM GID: RUS.79_1
RUYN-1993-2025,Yamal-Nenets (Autonomous Province),1993,2025,33,subnational,Europe,RUS,NA,GADM 3.6 (subnational),NA,NA,GADM,VERIFIED,Parent: RUS-2014-2025; GADM GID: RUS.80_1
RUYS-1993-2025,Yaroslavl' (Region),1993,2025,33,subnational,Europe,RUS,NA,GADM 3.6 (subnational),NA,NA,GADM,VERIFIED,Parent: RUS-2014-2025; GADM GID: RUS.81_1
RUYV-1993-2025,Yevrey (Autonomous Region),1993,2025,33,subnational,Europe,RUS,NA,GADM 3.6 (subnational),NA,NA,GADM,VERIFIED,Parent: RUS-2014-2025; GADM GID: RUS.82_1
RUZB-1993-2025,Zabaykal'ye (Territory),1993,2025,33,subnational,Europe,RUS,NA,GADM 3.6 (subnational),NA,NA,GADM,VERIFIED,Parent: RUS-2014-2025; GADM GID: RUS.83_1
ASH-1800-1896,Ashanti Empire,1800,1896,97,national,Africa,NA,NA,Paine et al. (2024) + Cliopatria,NA,GHA-1898-1956,WHEP-fix,VERIFIED,"Pre-colonial kingdom in modern Ghana interior. ~154,508 km². Founded c.1670. Defeated by British 1896 (4th Anglo-Ashanti War). Cliopatria: 20 time-steps 1797-1894."
SOK-1804-1903,Sokoto Caliphate,1804,1903,100,national,Africa,NA,NA,Paine et al. (2024) + Cliopatria,GOB-1800-1808,NNI-1899-1904,WHEP-fix,VERIFIED,"Largest state in 19th-century Africa. ~792,706 km². Founded by Usman dan Fodio's jihad 1804. Conquered by British 1903. Modern northern Nigeria/Niger/Cameroon. Cliopatria: 6 time-steps.. Includes Kano Emirate (caliphate's most commercially important vassal: trans-Saharan trade terminus, textile/indigo production center) and Katsina Emirate (leather, cloth). Both subsumed after Fulani jihad 1804-1808."
DHY-1800-1894,Kingdom of Dahomey,1800,1894,95,national,Africa,NA,NA,Paine et al. (2024),NA,BEN-1895-1898; BEN-1960-2025,WHEP-fix,VERIFIED,Pre-colonial kingdom in modern Benin. Founded c.1600. Conquered by France 1894 (Second Franco-Dahomean War). Not in Cliopatria by name.
ZUL-1816-1879,Zulu Kingdom,1816,1879,64,national,Africa,NA,NA,Paine et al. (2024) + Cliopatria,NA,NAT-1843-1895; ZAF-1828-2025,WHEP-fix,VERIFIED,"Pre-colonial kingdom in modern KwaZulu-Natal, South Africa. ~25,464 km². Founded by Shaka kaSenzangakhona. Defeated at Battle of Ulundi 1879 (Anglo-Zulu War). Cliopatria: 5 time-steps 1820-1894."
BNU-1800-1893,Bornu Empire,1800,1893,94,national,Africa,NA,NA,Paine et al. (2024) + Cliopatria,NA,NNI-1899-1904,WHEP-fix,VERIFIED,"Pre-colonial empire in NE Nigeria/Chad/Niger. ~227,106 km². Successor to Kanem-Bornu (founded c.1380). Conquered by Rabih az-Zubayr 1893. Cliopatria: 8 time-steps 1636-1894."
WAD-1800-1912,Wadai Empire,1800,1912,113,national,Africa,NA,NA,Paine et al. (2024) + Cliopatria,NA,TCD-1900-1912; TCD-1960-2025,WHEP-fix,VERIFIED,Pre-colonial empire in eastern Chad. Founded c.1501. Conquered by France 1912. Cliopatria: 2 time-steps 1636-1894.
DFR-1800-1874,Sultanate of Darfur,1800,1874,75,national,Africa,NA,NA,Paine et al. (2024) + Cliopatria,NA,SUD-1899-1902,WHEP-fix,VERIFIED,Pre-colonial sultanate in western Sudan. Founded c.1603. Conquered by Khedivate of Egypt 1874. Briefly re-independent 1898-1916 under Ali Dinar. Cliopatria: 3 time-steps 1636-1876.
BGA-1800-1894,Kingdom of Buganda,1800,1894,95,national,Africa,NA,NA,Paine et al. (2024),NA,UGA-1894-1902; UGA-1962-2025,WHEP-fix,VERIFIED,Pre-colonial kingdom in central Uganda. Founded c.1300. British protectorate established 1894. Core of modern Uganda (name derived from Buganda).
BNY-1800-1899,Kingdom of Bunyoro,1800,1899,100,national,Africa,NA,NA,Paine et al. (2024),NA,UGA-1894-1902; UGA-1962-2025,WHEP-fix,VERIFIED,Pre-colonial kingdom in western Uganda. Founded c.1300. Once the dominant power in the Great Lakes region. Conquered by British 1899.
BKN-1800-1897,Kingdom of Benin,1800,1897,98,national,Africa,NA,NA,Paine et al. (2024),NA,SNI-1899-1906,WHEP-fix,VERIFIED,"Pre-colonial kingdom in modern Edo State, Nigeria (NOT modern Republic of Benin). Founded c.1180. Famous for Benin Bronzes. Conquered by British 1897 (Punitive Expedition)."
LBA-1800-1885,Luba Empire,1800,1885,86,national,Africa,NA,NA,Paine et al. (2024),NA,COD-1885-1891; COD-1960-2025,WHEP-fix,VERIFIED,"Pre-colonial empire in Katanga region, modern DRC. Founded c.1585. Absorbed into Congo Free State 1885."
LND-1800-1887,Lunda Empire,1800,1887,88,national,Africa,NA,NA,Paine et al. (2024),NA,COD-1960-2025; COD-1885-1891,WHEP-fix,VERIFIED,"Pre-colonial empire spanning modern DRC, Angola, and Zambia. Founded c.1665. Split between Belgian, Portuguese, and British colonial territories by 1887."
FTJ-1800-1896,Imamate of Futa Jallon,1800,1896,97,national,Africa,NA,NA,Paine et al. (2024),NA,GIN-1958-2025,WHEP-fix,VERIFIED,Pre-colonial Fula theocratic state in Guinea highlands. Founded 1727. Conquered by France 1896. One of the first jihad states in West Africa.
NDB-1823-1894,Ndebele Kingdom,1823,1894,72,national,Africa,NA,NA,Paine et al. (2024),NA,ZIM-1889-1891; ZWE-1890-2025,WHEP-fix,VERIFIED,"Pre-colonial kingdom in Matabeleland, modern Zimbabwe. Founded by Mzilikazi after fleeing Shaka's Zulu Kingdom. Conquered by Cecil Rhodes' BSAC 1893-94 (First Matabele War)."
GZE-1824-1895,Gaza Empire,1824,1895,72,national,Africa,NA,NA,Paine et al. (2024),NA,MOZ-1816-2025,WHEP-fix,VERIFIED,Pre-colonial Nguni kingdom in southern Mozambique. Founded by Soshangane after the Mfecane. Conquered by Portugal 1895. Last king Ngungunhane exiled to Azores.
OYO-1800-1836,Oyo Empire,1800,1836,37,national,Africa,NA,NA,Paine et al. (2024),NA,IBD-1829-1893,WHEP-fix,VERIFIED,Pre-colonial Yoruba empire in southwestern Nigeria. At peak controlled much of Yorubaland and Dahomey. Collapsed by 1836 from Fulani jihad and internal revolt. Capital Old Oyo abandoned.
RWK-1800-1890,Kingdom of Rwanda,1800,1890,91,national,Africa,NA,NA,Paine et al. (2024),NA,RWA-1920-1962; RWA-1962-2025,WHEP-fix,VERIFIED,Pre-colonial kingdom. Existed from c.15th century. Came under German East Africa sphere c.1890. Continued as monarchy under colonial rule until 1961.
BDK-1800-1890,Kingdom of Burundi,1800,1890,91,national,Africa,NA,NA,Paine et al. (2024),NA,RWA-1920-1962; BDI-1962-2025,WHEP-fix,VERIFIED,Pre-colonial kingdom. Existed from c.17th century. Came under German East Africa sphere c.1890. Continued as monarchy under colonial rule. Paired with Rwanda as Ruanda-Urundi mandate.
LST-1822-1868,Basotho Kingdom,1822,1868,47,national,Africa,NA,NA,Paine et al. (2024),NA,LSO-1966-2025,WHEP-fix,VERIFIED,Pre-colonial kingdom founded by Moshoeshoe I. Unified Sotho peoples against Zulu/Ndebele pressure. Became British protectorate Basutoland 1868 at Moshoeshoe's request to avoid Boer expansion. Modern Lesotho.
SWK-1800-1894,Swazi Kingdom,1800,1894,95,national,Africa,NA,NA,Paine et al. (2024),NA,SWZ-1894-2025,WHEP-fix,VERIFIED,Pre-colonial kingdom in modern Eswatini. Founded c.1750. Came under joint Boer-British administration 1894. Modern Eswatini preserves the monarchy.
LZI-1800-1890,Lozi Kingdom (Barotseland),1800,1890,91,national,Africa,NA,NA,Paine et al. (2024),NA,ZMB-1964-2025,WHEP-fix,VERIFIED,Pre-colonial kingdom in western Zambia (Barotseland). Founded c.17th century. Became British protectorate under BSAC 1890 (Lochner Concession).
BRG-1800-1897,Borgu Confederacy,1800,1897,98,national,Africa,NA,NA,Paine et al. (2024),NA,NGA-1914-1961,WHEP-fix,VERIFIED,"Confederation of states (Bussa, Nikki, Illo, Kaiama) on Nigeria-Benin border. Partitioned between British and French 1897-98."
DGM-1800-1899,Kingdom of Dagbon (Dagomba),1800,1899,100,national,Africa,NA,NA,Paine et al. (2024),NA,GHA-1898-1956,WHEP-fix,VERIFIED,"Pre-colonial kingdom in northern Ghana. Founded c.1400s. German protectorate 1899, then British after WWI."
MOS-1800-1897,Mossi Kingdoms,1800,1897,98,national,Africa,NA,NA,Paine et al. (2024),NA,BFA-1960-2025,WHEP-fix,VERIFIED,"Mossi states (Ouagadougou, Yatenga, Tenkodogo) in modern Burkina Faso. Founded c.15th century. Conquered by France 1896-97."
DMG-1800-1899,Sultanate of Damagaram,1800,1899,100,national,Africa,NA,NA,Paine et al. (2024),NA,NER-1960-2025,WHEP-fix,VERIFIED,"Sultanate centered on Zinder, modern Niger. Founded c.1736. Conquered by France 1899 (Battle of Tirmini)."
GOB-1800-1808,Kingdom of Gobir,1800,1808,9,national,Africa,NA,NA,Paine et al. (2024),NA,SOK-1804-1903,WHEP-fix,VERIFIED,Hausa state in northern Nigeria. One of the original Hausa Bakwai. Conquered by Sokoto Caliphate 1808 during Usman dan Fodio's jihad. Continued resistance from exile at Tsibiri.
PNV-1800-1882,Kingdom of Porto-Novo,1800,1882,83,national,Africa,NA,NA,Paine et al. (2024),NA,BEN-1960-2025,WHEP-fix,VERIFIED,"Gbe kingdom on the coast of modern Benin (capital of modern Benin). Founded c.16th century. French protectorate from 1863, formally 1882."
BND-1800-1887,Kingdom of Bundu,1800,1887,88,national,Africa,NA,NA,Paine et al. (2024),NA,SEN-1960-2025,WHEP-fix,VERIFIED,Fula Islamic state on Senegal-Mali border (Faleme River valley). Founded c.1690s. Conquered by France ~1887.
FTT-1800-1862,Imamate of Futa Toro,1800,1862,63,national,Africa,NA,NA,Paine et al. (2024),NA,SEN-1960-2025,WHEP-fix,VERIFIED,"Fula Islamic state along middle Senegal River (northern Senegal). Founded 1776. French conquest began 1855, effective control 1859-62."
IGL-1800-1901,Igala Kingdom,1800,1901,102,national,Africa,NA,NA,Paine et al. (2024),NA,NNI-1899-1904,WHEP-fix,VERIFIED,"Pre-colonial kingdom at Niger-Benue confluence (Kogi State, Nigeria). Founded c.16th century. Came under British Royal Niger Company 1901."
WLO-1800-1855,Kingdom of Waalo,1800,1855,56,national,Africa,NA,NA,Paine et al. (2024),NA,SEN-1960-2025,WHEP-fix,VERIFIED,Wolof kingdom at the mouth of the Senegal River (Saint-Louis area). One of the oldest Wolof states. Conquered by France 1855 (Governor Faidherbe).
CAY-1800-1886,Kingdom of Cayor,1800,1886,87,national,Africa,NA,NA,Paine et al. (2024),NA,SEN-1960-2025,WHEP-fix,VERIFIED,Wolof kingdom in western Senegal (between Dakar and Saint-Louis). Founded c.1549. Last Damel Lat Dior killed 1886 resisting French railway construction.
SNE-1800-1887,Kingdom of Sine,1800,1887,88,national,Africa,NA,NA,Paine et al. (2024),NA,SEN-1960-2025,WHEP-fix,VERIFIED,"Serer kingdom in Sine-Saloum region, Senegal. Founded c.14th century. French protectorate 1887."
JOL-1800-1890,Kingdom of Jolof,1800,1890,91,national,Africa,NA,NA,Paine et al. (2024),NA,SEN-1960-2025,WHEP-fix,VERIFIED,Wolof kingdom in interior Senegal. Rump of the former Jolof Empire (fragmented c.1550). Conquered by France ~1890.
SLM-1800-1887,Kingdom of Saloum,1800,1887,88,national,Africa,NA,NA,Paine et al. (2024),NA,SEN-1960-2025,WHEP-fix,VERIFIED,"Serer kingdom in Sine-Saloum region, Senegal (paired with Sine). Founded c.14th century. French protectorate 1887."
NKR-1800-1901,Kingdom of Nkore (Ankole),1800,1901,102,national,Africa,NA,NA,Paine et al. (2024),NA,UGA-1894-1902; UGA-1962-2025,WHEP-fix,VERIFIED,Pre-colonial kingdom in southwestern Uganda. Founded c.15th century. Incorporated into Uganda Protectorate 1901.
KSJ-1800-1911,Kingdom of Kasanje,1800,1911,112,national,Africa,NA,NA,Paine et al. (2024),NA,AGO-1816-2025,WHEP-fix,VERIFIED,"Imbangala kingdom in the Kwango valley, Angola. Founded c.1620. Major slave trade hub. Effectively subjugated by Portuguese by early 1900s, fully absorbed ~1911."
TUN-1800-1881,Beylik of Tunis,1800,1881,82,national,Africa,TUN,616,Paine et al. (2024),NA,TUN-1881-2025,WHEP-fix,VERIFIED,Autonomous Ottoman beylik in modern Tunisia. Husainid dynasty from 1705. French protectorate (Treaty of Bardo) 1881.
BMB-1800-1899,Bemba Kingdom,1800,1899,100,national,Africa,NA,NA,Paine et al. (2024),NA,ZMB-1964-2025,WHEP-fix,VERIFIED,Pre-colonial kingdom in northern Zambia (Chitimukulu paramount). Founded c.17th century. BSAC control 1899.
IBD-1829-1893,Ibadan City-State,1829,1893,65,national,Africa,NA,NA,Paine et al. (2024),OYO-1800-1836,SNI-1899-1906,WHEP-fix,VERIFIED,Yoruba military republic and successor to Oyo Empire hegemony. Founded ~1829 by warriors fleeing Fulani advance. Dominant Yoruba power by 1840s. British treaty 1893.
EGB-1830-1914,Egba United Government (Abeokuta),1830,1914,85,national,Africa,NA,NA,Paine et al. (2024),NA,NGA-1961-2025,WHEP-fix,VERIFIED,Yoruba state centered on Abeokuta. Founded ~1830 by Egba refugees from the Oyo collapse. Had formal self-government; recognized as independent by Britain until 1914.
IJB-1800-1892,Ijebu Kingdom,1800,1892,93,national,Africa,NA,NA,Paine et al. (2024),NA,SNI-1899-1906,WHEP-fix,VERIFIED,Yoruba kingdom in southwestern Nigeria. Major trade power controlling access to Lagos lagoon. Conquered by Britain 1892 (Ijebu Expedition).
KZM-1800-1899,Kingdom of Kazembe,1800,1899,100,national,Africa,NA,NA,Paine et al. (2024),NA,ZMB-1964-2025,WHEP-fix,VERIFIED,Eastern Lunda kingdom in Luapula valley (Zambia/DRC border). Offshoot of Lunda Empire (Mwata Kazembe). Major copper and salt trade. BSAC control ~1899.
CNXZ-1820-1912,Xizang (Tibet),1820,1912,93,subnational,Asia,CHN,NA,CHGIS v6 (subnational),NA,NA,CHGIS,VERIFIED,"Parent: CHN-1800-1895; CHGIS v6 1820 province: Xizang (è¥¿è); Area: 1,262,256 km2"
CNXJ-1820-1912,Xinjiang (Province),1820,1912,93,subnational,Asia,CHN,NA,CHGIS v6 (subnational),NA,NA,CHGIS,VERIFIED,"Parent: CHN-1800-1895; CHGIS v6 1820 province: Xinjiang (æ°ç); Area: 2,178,235 km2"
CNSJ-1820-1912,Shengjing (Manchuria),1820,1912,93,subnational,Asia,CHN,NA,CHGIS v6 (subnational),NA,NA,CHGIS,VERIFIED,"Parent: CHN-1800-1895; CHGIS v6 1820 province: Shengjing (çäº¬); Area:   100,224 km2"
CNYN-1820-1912,Yunnan (Province),1820,1912,93,subnational,Asia,CHN,NA,CHGIS v6 (subnational),NA,NA,CHGIS,VERIFIED,"Parent: CHN-1800-1895; CHGIS v6 1820 province: Yunnan (äºå); Area:   407,784 km2"
CNHL-1820-1912,Heilongjiang (Manchuria),1820,1912,93,subnational,Asia,CHN,NA,CHGIS v6 (subnational),NA,NA,CHGIS,VERIFIED,"Parent: CHN-1800-1895; CHGIS v6 1820 province: Heilongjiang (é»é¾æ±); Area:   898,434 km2"
CNJL-1820-1912,Jilin (Manchuria),1820,1912,93,subnational,Asia,CHN,NA,CHGIS v6 (subnational),NA,NA,CHGIS,VERIFIED,"Parent: CHN-1800-1895; CHGIS v6 1820 province: Jinlin (åæ); Area:   926,557 km2"
CNWL-1820-1912,Wuliyasutai (Outer Mongolia),1820,1912,93,subnational,Asia,CHN,NA,CHGIS v6 (subnational),NA,NA,CHGIS,VERIFIED,"Parent: CHN-1800-1895; CHGIS v6 1820 province: Wuliyasutai (ä¹ééèå°); Area: 1,933,751 km2"
CNQH-1820-1912,Qinghai (Province),1820,1912,93,subnational,Asia,CHN,NA,CHGIS v6 (subnational),NA,NA,CHGIS,VERIFIED,"Parent: CHN-1800-1895; CHGIS v6 1820 province: Qinghai (éæµ·); Area:   613,008 km2"
CNSA-1820-1912,Shaanxi (Province),1820,1912,93,subnational,Asia,CHN,NA,CHGIS v6 (subnational),NA,NA,CHGIS,VERIFIED,"Parent: CHN-1800-1895; CHGIS v6 1820 province: Shaanxi (éè¥¿); Area:   190,520 km2"
CNAH-1820-1912,Anhui (Province),1820,1912,93,subnational,Asia,CHN,NA,CHGIS v6 (subnational),NA,NA,CHGIS,VERIFIED,"Parent: CHN-1800-1895; CHGIS v6 1820 province: Anhui (å®å¾½); Area:   143,593 km2"
CNHU-1820-1912,Hubei (Province),1820,1912,93,subnational,Asia,CHN,NA,CHGIS v6 (subnational),NA,NA,CHGIS,VERIFIED,"Parent: CHN-1800-1895; CHGIS v6 1820 province: Hubei (æ¹å); Area:   183,553 km2"
CNHN-1820-1912,Hunan (Province),1820,1912,93,subnational,Asia,CHN,NA,CHGIS v6 (subnational),NA,NA,CHGIS,VERIFIED,"Parent: CHN-1800-1895; CHGIS v6 1820 province: Hunan (æ¹å); Area:   212,462 km2"
CNGD-1820-1912,Guangdong (Province),1820,1912,93,subnational,Asia,CHN,NA,CHGIS v6 (subnational),NA,NA,CHGIS,VERIFIED,"Parent: CHN-1800-1895; CHGIS v6 1820 province: Guangdong (å¹¿ä¸); Area:   225,604 km2"
CNFJ-1820-1912,Fujian (Province),1820,1912,93,subnational,Asia,CHN,NA,CHGIS v6 (subnational),NA,NA,CHGIS,VERIFIED,"Parent: CHN-1800-1895; CHGIS v6 1820 province: Fujian (ç¦å»º); Area:   157,377 km2"
CNZJ-1820-1912,Zhejiang (Province),1820,1912,93,subnational,Asia,CHN,NA,CHGIS v6 (subnational),NA,NA,CHGIS,VERIFIED,"Parent: CHN-1800-1895; CHGIS v6 1820 province: Zhejiang (æµæ±); Area:   101,870 km2"
CNZL-1820-1912,Zhili (Province),1820,1912,93,subnational,Asia,CHN,NA,CHGIS v6 (subnational),NA,NA,CHGIS,VERIFIED,"Parent: CHN-1800-1895; CHGIS v6 1820 province: Zhili (ç´é¶); Area:   352,858 km2"
CNHE-1820-1912,Henan (Province),1820,1912,93,subnational,Asia,CHN,NA,CHGIS v6 (subnational),NA,NA,CHGIS,VERIFIED,"Parent: CHN-1800-1895; CHGIS v6 1820 province: Henan (æ²³å); Area:   166,796 km2"
CNNM-1820-1912,Nei Mongol (Inner Mongolia),1820,1912,93,subnational,Asia,CHN,NA,CHGIS v6 (subnational),NA,NA,CHGIS,VERIFIED,"Parent: CHN-1800-1895; CHGIS v6 1820 province: Neimenggu (åèå¤); Area:   940,108 km2"
CNSX-1820-1912,Shanxi (Province),1820,1912,93,subnational,Asia,CHN,NA,CHGIS v6 (subnational),NA,NA,CHGIS,VERIFIED,"Parent: CHN-1800-1895; CHGIS v6 1820 province: Shanxi (å±±è¥¿); Area:   183,424 km2"
CNGS-1820-1912,Gansu (Province),1820,1912,93,subnational,Asia,CHN,NA,CHGIS v6 (subnational),NA,NA,CHGIS,VERIFIED,"Parent: CHN-1800-1895; CHGIS v6 1820 province: Gansu (çè); Area:   528,654 km2"
CNSC-1820-1912,Sichuan (Province),1820,1912,93,subnational,Asia,CHN,NA,CHGIS v6 (subnational),NA,NA,CHGIS,VERIFIED,"Parent: CHN-1800-1895; CHGIS v6 1820 province: Sichuan (åå·); Area:   611,597 km2"
CNGZ-1820-1912,Guizhou (Province),1820,1912,93,subnational,Asia,CHN,NA,CHGIS v6 (subnational),NA,NA,CHGIS,VERIFIED,"Parent: CHN-1800-1895; CHGIS v6 1820 province: Guizhou (è´µå·); Area:   175,344 km2"
CNJX-1820-1912,Jiangxi (Province),1820,1912,93,subnational,Asia,CHN,NA,CHGIS v6 (subnational),NA,NA,CHGIS,VERIFIED,"Parent: CHN-1800-1895; CHGIS v6 1820 province: Jiangxi (æ±è¥¿); Area:   164,353 km2"
CNGX-1820-1912,Guangxi (Province),1820,1912,93,subnational,Asia,CHN,NA,CHGIS v6 (subnational),NA,NA,CHGIS,VERIFIED,"Parent: CHN-1800-1895; CHGIS v6 1820 province: Guangxi (å¹¿è¥¿); Area:   222,437 km2"
CNSD-1820-1912,Shandong (Province),1820,1912,93,subnational,Asia,CHN,NA,CHGIS v6 (subnational),NA,NA,CHGIS,VERIFIED,"Parent: CHN-1800-1895; CHGIS v6 1820 province: Shandong (å±±ä¸); Area:   151,357 km2"
CNJS-1820-1912,Jiangsu (Province),1820,1912,93,subnational,Asia,CHN,NA,CHGIS v6 (subnational),NA,NA,CHGIS,VERIFIED,"Parent: CHN-1800-1895; CHGIS v6 1820 province: Jiangsu (æ±è); Area:   103,781 km2"
USAK-1920-1958,Alaska Territory (Territory),1920,1958,39,subnational,North America,USA,NA,USAboundaries/Newberry (subnational),NA,USAK-1959-2025,USAboundaries,VERIFIED,Parent: USA-1800-1959; Source: Newberry Library Atlas of Historical County Boundaries; Snapshot: 1958-07-04; Type: Territory
USAL-1820-1958,Alabama (State),1820,1958,139,subnational,North America,USA,NA,USAboundaries/Newberry (subnational),NA,USAL-1959-2025,USAboundaries,VERIFIED,Parent: USA-1800-1959; Source: Newberry Library Atlas of Historical County Boundaries; Snapshot: 1958-07-04; Type: State
USAR-1850-1958,Arkansas (State),1850,1958,109,subnational,North America,USA,NA,USAboundaries/Newberry (subnational),NA,USAR-1959-2025,USAboundaries,VERIFIED,Parent: USA-1800-1959; Source: Newberry Library Atlas of Historical County Boundaries; Snapshot: 1958-07-04; Type: State
USAZ-1912-1958,Arizona (State),1912,1958,47,subnational,North America,USA,NA,USAboundaries/Newberry (subnational),NA,USAZ-1959-2025,USAboundaries,VERIFIED,Parent: USA-1800-1959; Source: Newberry Library Atlas of Historical County Boundaries; Snapshot: 1958-07-04; Type: State
USCA-1870-1958,California (State),1870,1958,89,subnational,North America,USA,NA,USAboundaries/Newberry (subnational),NA,USCA-1959-2025,USAboundaries,VERIFIED,Parent: USA-1800-1959; Source: Newberry Library Atlas of Historical County Boundaries; Snapshot: 1958-07-04; Type: State
USCO-1900-1958,Colorado (State),1900,1958,59,subnational,North America,USA,NA,USAboundaries/Newberry (subnational),NA,USCO-1959-2025,USAboundaries,VERIFIED,Parent: USA-1800-1959; Source: Newberry Library Atlas of Historical County Boundaries; Snapshot: 1958-07-04; Type: State
USCT-1800-1958,Connecticut (State),1800,1958,159,subnational,North America,USA,NA,USAboundaries/Newberry (subnational),NA,USCT-1959-2025,USAboundaries,VERIFIED,Parent: USA-1800-1959; Source: Newberry Library Atlas of Historical County Boundaries; Snapshot: 1958-07-04; Type: State
USDC-1800-1958,District of Columbia (Territory),1800,1958,159,subnational,North America,USA,NA,USAboundaries/Newberry (subnational),NA,USDC-1959-2025,USAboundaries,VERIFIED,Parent: USA-1800-1959; Source: Newberry Library Atlas of Historical County Boundaries; Snapshot: 1958-07-04; Type: District of Columbia
USDE-1800-1958,Delaware (State),1800,1958,159,subnational,North America,USA,NA,USAboundaries/Newberry (subnational),NA,USDE-1959-2025,USAboundaries,VERIFIED,Parent: USA-1800-1959; Source: Newberry Library Atlas of Historical County Boundaries; Snapshot: 1958-07-04; Type: State
USFL-1850-1958,Florida (State),1850,1958,109,subnational,North America,USA,NA,USAboundaries/Newberry (subnational),NA,USFL-1959-2025,USAboundaries,VERIFIED,Parent: USA-1800-1959; Source: Newberry Library Atlas of Historical County Boundaries; Snapshot: 1958-07-04; Type: State
USGA-1800-1958,Georgia (State),1800,1958,159,subnational,North America,USA,NA,USAboundaries/Newberry (subnational),NA,USGA-1959-2025,USAboundaries,VERIFIED,Parent: USA-1800-1959; Source: Newberry Library Atlas of Historical County Boundaries; Snapshot: 1958-07-04; Type: State
USHI-1900-1958,Hawaii Territory (Territory),1900,1958,59,subnational,North America,USA,NA,USAboundaries/Newberry (subnational),NA,USHI-1959-2025,USAboundaries,VERIFIED,Parent: USA-1800-1959; Source: Newberry Library Atlas of Historical County Boundaries; Snapshot: 1958-07-04; Type: Territory
USIA-1850-1958,Iowa (State),1850,1958,109,subnational,North America,USA,NA,USAboundaries/Newberry (subnational),NA,USIA-1959-2025,USAboundaries,VERIFIED,Parent: USA-1800-1959; Source: Newberry Library Atlas of Historical County Boundaries; Snapshot: 1958-07-04; Type: State
USID-1900-1958,Idaho (State),1900,1958,59,subnational,North America,USA,NA,USAboundaries/Newberry (subnational),NA,USID-1959-2025,USAboundaries,VERIFIED,Parent: USA-1800-1959; Source: Newberry Library Atlas of Historical County Boundaries; Snapshot: 1958-07-04; Type: State
USIL-1820-1958,Illinois (State),1820,1958,139,subnational,North America,USA,NA,USAboundaries/Newberry (subnational),NA,USIL-1959-2025,USAboundaries,VERIFIED,Parent: USA-1800-1959; Source: Newberry Library Atlas of Historical County Boundaries; Snapshot: 1958-07-04; Type: State
USIN-1820-1958,Indiana (State),1820,1958,139,subnational,North America,USA,NA,USAboundaries/Newberry (subnational),NA,USIN-1959-2025,USAboundaries,VERIFIED,Parent: USA-1800-1959; Source: Newberry Library Atlas of Historical County Boundaries; Snapshot: 1958-07-04; Type: State
USKS-1870-1958,Kansas (State),1870,1958,89,subnational,North America,USA,NA,USAboundaries/Newberry (subnational),NA,USKS-1959-2025,USAboundaries,VERIFIED,Parent: USA-1800-1959; Source: Newberry Library Atlas of Historical County Boundaries; Snapshot: 1958-07-04; Type: State
USKY-1800-1958,Kentucky (State),1800,1958,159,subnational,North America,USA,NA,USAboundaries/Newberry (subnational),NA,USKY-1959-2025,USAboundaries,VERIFIED,Parent: USA-1800-1959; Source: Newberry Library Atlas of Historical County Boundaries; Snapshot: 1958-07-04; Type: State
USLA-1820-1958,Louisiana (State),1820,1958,139,subnational,North America,USA,NA,USAboundaries/Newberry (subnational),NA,USLA-1959-2025,USAboundaries,VERIFIED,Parent: USA-1800-1959; Source: Newberry Library Atlas of Historical County Boundaries; Snapshot: 1958-07-04; Type: State
USMA-1800-1958,Massachusetts (State),1800,1958,159,subnational,North America,USA,NA,USAboundaries/Newberry (subnational),NA,USMA-1959-2025,USAboundaries,VERIFIED,Parent: USA-1800-1959; Source: Newberry Library Atlas of Historical County Boundaries; Snapshot: 1958-07-04; Type: State
USMD-1800-1958,Maryland (State),1800,1958,159,subnational,North America,USA,NA,USAboundaries/Newberry (subnational),NA,USMD-1959-2025,USAboundaries,VERIFIED,Parent: USA-1800-1959; Source: Newberry Library Atlas of Historical County Boundaries; Snapshot: 1958-07-04; Type: State
USME-1820-1958,Maine (State),1820,1958,139,subnational,North America,USA,NA,USAboundaries/Newberry (subnational),NA,USME-1959-2025,USAboundaries,VERIFIED,Parent: USA-1800-1959; Source: Newberry Library Atlas of Historical County Boundaries; Snapshot: 1958-07-04; Type: State
USMI-1850-1958,Michigan (State),1850,1958,109,subnational,North America,USA,NA,USAboundaries/Newberry (subnational),NA,USMI-1959-2025,USAboundaries,VERIFIED,Parent: USA-1800-1959; Source: Newberry Library Atlas of Historical County Boundaries; Snapshot: 1958-07-04; Type: State
USMN-1870-1958,Minnesota (State),1870,1958,89,subnational,North America,USA,NA,USAboundaries/Newberry (subnational),NA,USMN-1959-2025,USAboundaries,VERIFIED,Parent: USA-1800-1959; Source: Newberry Library Atlas of Historical County Boundaries; Snapshot: 1958-07-04; Type: State
USMO-1850-1958,Missouri (State),1850,1958,109,subnational,North America,USA,NA,USAboundaries/Newberry (subnational),NA,USMO-1959-2025,USAboundaries,VERIFIED,Parent: USA-1800-1959; Source: Newberry Library Atlas of Historical County Boundaries; Snapshot: 1958-07-04; Type: State
USMS-1820-1958,Mississippi (State),1820,1958,139,subnational,North America,USA,NA,USAboundaries/Newberry (subnational),NA,USMS-1959-2025,USAboundaries,VERIFIED,Parent: USA-1800-1959; Source: Newberry Library Atlas of Historical County Boundaries; Snapshot: 1958-07-04; Type: State
USMT-1900-1958,Montana (State),1900,1958,59,subnational,North America,USA,NA,USAboundaries/Newberry (subnational),NA,USMT-1959-2025,USAboundaries,VERIFIED,Parent: USA-1800-1959; Source: Newberry Library Atlas of Historical County Boundaries; Snapshot: 1958-07-04; Type: State
USNC-1800-1958,North Carolina (State),1800,1958,159,subnational,North America,USA,NA,USAboundaries/Newberry (subnational),NA,USNC-1959-2025,USAboundaries,VERIFIED,Parent: USA-1800-1959; Source: Newberry Library Atlas of Historical County Boundaries; Snapshot: 1958-07-04; Type: State
USND-1900-1958,North Dakota (State),1900,1958,59,subnational,North America,USA,NA,USAboundaries/Newberry (subnational),NA,USND-1959-2025,USAboundaries,VERIFIED,Parent: USA-1800-1959; Source: Newberry Library Atlas of Historical County Boundaries; Snapshot: 1958-07-04; Type: State
USNE-1870-1958,Nebraska (State),1870,1958,89,subnational,North America,USA,NA,USAboundaries/Newberry (subnational),NA,USNE-1959-2025,USAboundaries,VERIFIED,Parent: USA-1800-1959; Source: Newberry Library Atlas of Historical County Boundaries; Snapshot: 1958-07-04; Type: State
USNH-1800-1958,New Hampshire (State),1800,1958,159,subnational,North America,USA,NA,USAboundaries/Newberry (subnational),NA,USNH-1959-2025,USAboundaries,VERIFIED,Parent: USA-1800-1959; Source: Newberry Library Atlas of Historical County Boundaries; Snapshot: 1958-07-04; Type: State
USNJ-1800-1958,New Jersey (State),1800,1958,159,subnational,North America,USA,NA,USAboundaries/Newberry (subnational),NA,USNJ-1959-2025,USAboundaries,VERIFIED,Parent: USA-1800-1959; Source: Newberry Library Atlas of Historical County Boundaries; Snapshot: 1958-07-04; Type: State
USNM-1912-1958,New Mexico (State),1912,1958,47,subnational,North America,USA,NA,USAboundaries/Newberry (subnational),NA,USNM-1959-2025,USAboundaries,VERIFIED,Parent: USA-1800-1959; Source: Newberry Library Atlas of Historical County Boundaries; Snapshot: 1958-07-04; Type: State
USNV-1870-1958,Nevada (State),1870,1958,89,subnational,North America,USA,NA,USAboundaries/Newberry (subnational),NA,USNV-1959-2025,USAboundaries,VERIFIED,Parent: USA-1800-1959; Source: Newberry Library Atlas of Historical County Boundaries; Snapshot: 1958-07-04; Type: State
USNY-1800-1958,New York (State),1800,1958,159,subnational,North America,USA,NA,USAboundaries/Newberry (subnational),NA,USNY-1959-2025,USAboundaries,VERIFIED,Parent: USA-1800-1959; Source: Newberry Library Atlas of Historical County Boundaries; Snapshot: 1958-07-04; Type: State
USOH-1820-1958,Ohio (State),1820,1958,139,subnational,North America,USA,NA,USAboundaries/Newberry (subnational),NA,USOH-1959-2025,USAboundaries,VERIFIED,Parent: USA-1800-1959; Source: Newberry Library Atlas of Historical County Boundaries; Snapshot: 1958-07-04; Type: State
USOK-1912-1958,Oklahoma (State),1912,1958,47,subnational,North America,USA,NA,USAboundaries/Newberry (subnational),NA,USOK-1959-2025,USAboundaries,VERIFIED,Parent: USA-1800-1959; Source: Newberry Library Atlas of Historical County Boundaries; Snapshot: 1958-07-04; Type: State
USOR-1870-1958,Oregon (State),1870,1958,89,subnational,North America,USA,NA,USAboundaries/Newberry (subnational),NA,USOR-1959-2025,USAboundaries,VERIFIED,Parent: USA-1800-1959; Source: Newberry Library Atlas of Historical County Boundaries; Snapshot: 1958-07-04; Type: State
USPA-1800-1958,Pennsylvania (State),1800,1958,159,subnational,North America,USA,NA,USAboundaries/Newberry (subnational),NA,USPA-1959-2025,USAboundaries,VERIFIED,Parent: USA-1800-1959; Source: Newberry Library Atlas of Historical County Boundaries; Snapshot: 1958-07-04; Type: State
USRI-1800-1958,Rhode Island (State),1800,1958,159,subnational,North America,USA,NA,USAboundaries/Newberry (subnational),NA,USRI-1959-2025,USAboundaries,VERIFIED,Parent: USA-1800-1959; Source: Newberry Library Atlas of Historical County Boundaries; Snapshot: 1958-07-04; Type: State
USSC-1800-1958,South Carolina (State),1800,1958,159,subnational,North America,USA,NA,USAboundaries/Newberry (subnational),NA,USSC-1959-2025,USAboundaries,VERIFIED,Parent: USA-1800-1959; Source: Newberry Library Atlas of Historical County Boundaries; Snapshot: 1958-07-04; Type: State
USSD-1900-1958,South Dakota (State),1900,1958,59,subnational,North America,USA,NA,USAboundaries/Newberry (subnational),NA,USSD-1959-2025,USAboundaries,VERIFIED,Parent: USA-1800-1959; Source: Newberry Library Atlas of Historical County Boundaries; Snapshot: 1958-07-04; Type: State
USTN-1800-1958,Tennessee (State),1800,1958,159,subnational,North America,USA,NA,USAboundaries/Newberry (subnational),NA,USTN-1959-2025,USAboundaries,VERIFIED,Parent: USA-1800-1959; Source: Newberry Library Atlas of Historical County Boundaries; Snapshot: 1958-07-04; Type: State
USTX-1850-1958,Texas (State),1850,1958,109,subnational,North America,USA,NA,USAboundaries/Newberry (subnational),NA,USTX-1959-2025,USAboundaries,VERIFIED,Parent: USA-1800-1959; Source: Newberry Library Atlas of Historical County Boundaries; Snapshot: 1958-07-04; Type: State
USUT-1900-1958,Utah (State),1900,1958,59,subnational,North America,USA,NA,USAboundaries/Newberry (subnational),NA,USUT-1959-2025,USAboundaries,VERIFIED,Parent: USA-1800-1959; Source: Newberry Library Atlas of Historical County Boundaries; Snapshot: 1958-07-04; Type: State
USVA-1800-1958,Virginia (State),1800,1958,159,subnational,North America,USA,NA,USAboundaries/Newberry (subnational),NA,USVA-1959-2025,USAboundaries,VERIFIED,Parent: USA-1800-1959; Source: Newberry Library Atlas of Historical County Boundaries; Snapshot: 1958-07-04; Type: State
USVT-1800-1958,Vermont (State),1800,1958,159,subnational,North America,USA,NA,USAboundaries/Newberry (subnational),NA,USVT-1959-2025,USAboundaries,VERIFIED,Parent: USA-1800-1959; Source: Newberry Library Atlas of Historical County Boundaries; Snapshot: 1958-07-04; Type: State
USWA-1900-1958,Washington (State),1900,1958,59,subnational,North America,USA,NA,USAboundaries/Newberry (subnational),NA,USWA-1959-2025,USAboundaries,VERIFIED,Parent: USA-1800-1959; Source: Newberry Library Atlas of Historical County Boundaries; Snapshot: 1958-07-04; Type: State
USWI-1850-1958,Wisconsin (State),1850,1958,109,subnational,North America,USA,NA,USAboundaries/Newberry (subnational),NA,USWI-1959-2025,USAboundaries,VERIFIED,Parent: USA-1800-1959; Source: Newberry Library Atlas of Historical County Boundaries; Snapshot: 1958-07-04; Type: State
USWV-1870-1958,West Virginia (State),1870,1958,89,subnational,North America,USA,NA,USAboundaries/Newberry (subnational),NA,USWV-1959-2025,USAboundaries,VERIFIED,Parent: USA-1800-1959; Source: Newberry Library Atlas of Historical County Boundaries; Snapshot: 1958-07-04; Type: State
USWY-1900-1958,Wyoming (State),1900,1958,59,subnational,North America,USA,NA,USAboundaries/Newberry (subnational),NA,USWY-1959-2025,USAboundaries,VERIFIED,Parent: USA-1800-1959; Source: Newberry Library Atlas of Historical County Boundaries; Snapshot: 1958-07-04; Type: State
BRAC-1980-1987,Acre (State),1980,1987,8,subnational,South America,BRA,NA,geobr/IBGE (subnational),NA,BRAC-1988-2025,geobr,VERIFIED,Parent: BRA-1822-2025; Source: IBGE Evolucao da Divisao Territorial; Snapshot: 1980; First census appearance: 1980
BRAL-1900-1987,Alagoas (State),1900,1987,88,subnational,South America,BRA,NA,geobr/IBGE (subnational),NA,BRAL-1988-2025,geobr,VERIFIED,Parent: BRA-1822-2025; Source: IBGE Evolucao da Divisao Territorial; Snapshot: 1980; First census appearance: 1900
BRAM-1872-1987,Amazonas (Province),1872,1987,116,subnational,South America,BRA,NA,geobr/IBGE (subnational),NA,BRAM-1988-2025,geobr,VERIFIED,Parent: BRA-1822-2025; Source: IBGE Evolucao da Divisao Territorial; Snapshot: 1980; First census appearance: 1872
BRBA-1872-1987,Bahia (Province),1872,1987,116,subnational,South America,BRA,NA,geobr/IBGE (subnational),NA,BRBA-1988-2025,geobr,VERIFIED,Parent: BRA-1822-2025; Source: IBGE Evolucao da Divisao Territorial; Snapshot: 1980; First census appearance: 1872
BRDF-1980-1987,Brasília (State),1980,1987,8,subnational,South America,BRA,NA,geobr/IBGE (subnational),NA,BRDF-1988-2025,geobr,VERIFIED,Parent: BRA-1822-2025; Source: IBGE Evolucao da Divisao Territorial; Snapshot: 1980; First census appearance: 1980
BRCE-1872-1987,Ceará (Province),1872,1987,116,subnational,South America,BRA,NA,geobr/IBGE (subnational),NA,BRCE-1988-2025,geobr,VERIFIED,Parent: BRA-1822-2025; Source: IBGE Evolucao da Divisao Territorial; Snapshot: 1980; First census appearance: 1872
BRES-1940-1987,Espírito Santo (State),1940,1987,48,subnational,South America,BRA,NA,geobr/IBGE (subnational),NA,BRES-1988-2025,geobr,VERIFIED,Parent: BRA-1822-2025; Source: IBGE Evolucao da Divisao Territorial; Snapshot: 1980; First census appearance: 1940
BRGO-1940-1987,Goiás (State),1940,1987,48,subnational,South America,BRA,NA,geobr/IBGE (subnational),NA,BRGO-1988-2025,geobr,VERIFIED,Parent: BRA-1822-2025; Source: IBGE Evolucao da Divisao Territorial; Snapshot: 1980; First census appearance: 1940
BRMA-1872-1987,Maranhão (Province),1872,1987,116,subnational,South America,BRA,NA,geobr/IBGE (subnational),NA,BRMA-1988-2025,geobr,VERIFIED,Parent: BRA-1822-2025; Source: IBGE Evolucao da Divisao Territorial; Snapshot: 1980; First census appearance: 1872
BRMT-1940-1987,Mato Grosso (State),1940,1987,48,subnational,South America,BRA,NA,geobr/IBGE (subnational),NA,BRMT-1988-2025,geobr,VERIFIED,Parent: BRA-1822-2025; Source: IBGE Evolucao da Divisao Territorial; Snapshot: 1980; First census appearance: 1940
BRMS-1980-1987,Mato Grosso do Sul (State),1980,1987,8,subnational,South America,BRA,NA,geobr/IBGE (subnational),NA,BRMS-1988-2025,geobr,VERIFIED,Parent: BRA-1822-2025; Source: IBGE Evolucao da Divisao Territorial; Snapshot: 1980; First census appearance: 1980
BRMG-1940-1987,Minas Gerais (State),1940,1987,48,subnational,South America,BRA,NA,geobr/IBGE (subnational),NA,BRMG-1988-2025,geobr,VERIFIED,Parent: BRA-1822-2025; Source: IBGE Evolucao da Divisao Territorial; Snapshot: 1980; First census appearance: 1940
BRPA-1872-1987,Pará (Province),1872,1987,116,subnational,South America,BRA,NA,geobr/IBGE (subnational),NA,BRPA-1988-2025,geobr,VERIFIED,Parent: BRA-1822-2025; Source: IBGE Evolucao da Divisao Territorial; Snapshot: 1980; First census appearance: 1872
BRPB-1940-1987,Paraíba (State),1940,1987,48,subnational,South America,BRA,NA,geobr/IBGE (subnational),NA,BRPB-1988-2025,geobr,VERIFIED,Parent: BRA-1822-2025; Source: IBGE Evolucao da Divisao Territorial; Snapshot: 1980; First census appearance: 1940
BRPR-1872-1987,Paraná (Province),1872,1987,116,subnational,South America,BRA,NA,geobr/IBGE (subnational),NA,BRPR-1988-2025,geobr,VERIFIED,Parent: BRA-1822-2025; Source: IBGE Evolucao da Divisao Territorial; Snapshot: 1980; First census appearance: 1872
BRPE-1872-1987,Pernambuco (Province),1872,1987,116,subnational,South America,BRA,NA,geobr/IBGE (subnational),NA,BRPE-1988-2025,geobr,VERIFIED,Parent: BRA-1822-2025; Source: IBGE Evolucao da Divisao Territorial; Snapshot: 1980; First census appearance: 1872
BRPI-1940-1987,Piauí (State),1940,1987,48,subnational,South America,BRA,NA,geobr/IBGE (subnational),NA,BRPI-1988-2025,geobr,VERIFIED,Parent: BRA-1822-2025; Source: IBGE Evolucao da Divisao Territorial; Snapshot: 1980; First census appearance: 1940
BRRJ-1872-1987,Rio de Janeiro (Province),1872,1987,116,subnational,South America,BRA,NA,geobr/IBGE (subnational),NA,BRRJ-1988-2025,geobr,VERIFIED,Parent: BRA-1822-2025; Source: IBGE Evolucao da Divisao Territorial; Snapshot: 1980; First census appearance: 1872
BRRN-1872-1987,Rio Grande do Norte (Province),1872,1987,116,subnational,South America,BRA,NA,geobr/IBGE (subnational),NA,BRRN-1988-2025,geobr,VERIFIED,Parent: BRA-1822-2025; Source: IBGE Evolucao da Divisao Territorial; Snapshot: 1980; First census appearance: 1872
BRRS-1872-1987,Rio Grande do Sul (Province),1872,1987,116,subnational,South America,BRA,NA,geobr/IBGE (subnational),NA,BRRS-1988-2025,geobr,VERIFIED,Parent: BRA-1822-2025; Source: IBGE Evolucao da Divisao Territorial; Snapshot: 1980; First census appearance: 1872
BRSC-1940-1987,Santa Catarina (State),1940,1987,48,subnational,South America,BRA,NA,geobr/IBGE (subnational),NA,BRSC-1988-2025,geobr,VERIFIED,Parent: BRA-1822-2025; Source: IBGE Evolucao da Divisao Territorial; Snapshot: 1980; First census appearance: 1940
BRSP-1872-1987,São Paulo (Province),1872,1987,116,subnational,South America,BRA,NA,geobr/IBGE (subnational),NA,BRSP-1988-2025,geobr,VERIFIED,Parent: BRA-1822-2025; Source: IBGE Evolucao da Divisao Territorial; Snapshot: 1980; First census appearance: 1872
BRSE-1872-1987,Sergipe (Province),1872,1987,116,subnational,South America,BRA,NA,geobr/IBGE (subnational),NA,BRSE-1988-2025,geobr,VERIFIED,Parent: BRA-1822-2025; Source: IBGE Evolucao da Divisao Territorial; Snapshot: 1980; First census appearance: 1872
BRRO-1980-1987,Território de Rondônia (State),1980,1987,8,subnational,South America,BRA,NA,geobr/IBGE (subnational),NA,BRRO-1988-2025,geobr,VERIFIED,Parent: BRA-1822-2025; Source: IBGE Evolucao da Divisao Territorial; Snapshot: 1980; First census appearance: 1980
BRRR-1960-1987,Território de Roraima (State),1960,1987,28,subnational,South America,BRA,NA,geobr/IBGE (subnational),NA,BRRR-1988-2025,geobr,VERIFIED,Parent: BRA-1822-2025; Source: IBGE Evolucao da Divisao Territorial; Snapshot: 1980; First census appearance: 1960
BRAP-1960-1987,Território do Amapá (State),1960,1987,28,subnational,South America,BRA,NA,geobr/IBGE (subnational),NA,BRAP-1988-2025,geobr,VERIFIED,Parent: BRA-1822-2025; Source: IBGE Evolucao da Divisao Territorial; Snapshot: 1980; First census appearance: 1960
ES04-1833-2025,Almería (Province),1833,2025,193,subnational,Europe,ESP,NA,mapSpain/IGN (subnational),NA,NA,mapSpain,VERIFIED,Parent: ESP-1800-2025; Source: IGN SIANE via mapSpain; INE code: 04; CCAA: Andalucía; Provinces stable since 1833 Burgos reform
ES11-1833-2025,Cádiz (Province),1833,2025,193,subnational,Europe,ESP,NA,mapSpain/IGN (subnational),NA,NA,mapSpain,VERIFIED,Parent: ESP-1800-2025; Source: IGN SIANE via mapSpain; INE code: 11; CCAA: Andalucía; Provinces stable since 1833 Burgos reform
ES14-1833-2025,Córdoba (Province),1833,2025,193,subnational,Europe,ESP,NA,mapSpain/IGN (subnational),NA,NA,mapSpain,VERIFIED,Parent: ESP-1800-2025; Source: IGN SIANE via mapSpain; INE code: 14; CCAA: Andalucía; Provinces stable since 1833 Burgos reform
ES18-1833-2025,Granada (Province),1833,2025,193,subnational,Europe,ESP,NA,mapSpain/IGN (subnational),NA,NA,mapSpain,VERIFIED,Parent: ESP-1800-2025; Source: IGN SIANE via mapSpain; INE code: 18; CCAA: Andalucía; Provinces stable since 1833 Burgos reform
ES21-1833-2025,Huelva (Province),1833,2025,193,subnational,Europe,ESP,NA,mapSpain/IGN (subnational),NA,NA,mapSpain,VERIFIED,Parent: ESP-1800-2025; Source: IGN SIANE via mapSpain; INE code: 21; CCAA: Andalucía; Provinces stable since 1833 Burgos reform
ES23-1833-2025,Jaén (Province),1833,2025,193,subnational,Europe,ESP,NA,mapSpain/IGN (subnational),NA,NA,mapSpain,VERIFIED,Parent: ESP-1800-2025; Source: IGN SIANE via mapSpain; INE code: 23; CCAA: Andalucía; Provinces stable since 1833 Burgos reform
ES29-1833-2025,Málaga (Province),1833,2025,193,subnational,Europe,ESP,NA,mapSpain/IGN (subnational),NA,NA,mapSpain,VERIFIED,Parent: ESP-1800-2025; Source: IGN SIANE via mapSpain; INE code: 29; CCAA: Andalucía; Provinces stable since 1833 Burgos reform
ES41-1833-2025,Sevilla (Province),1833,2025,193,subnational,Europe,ESP,NA,mapSpain/IGN (subnational),NA,NA,mapSpain,VERIFIED,Parent: ESP-1800-2025; Source: IGN SIANE via mapSpain; INE code: 41; CCAA: Andalucía; Provinces stable since 1833 Burgos reform; EN: Seville
ES22-1833-2025,Huesca (Province),1833,2025,193,subnational,Europe,ESP,NA,mapSpain/IGN (subnational),NA,NA,mapSpain,VERIFIED,Parent: ESP-1800-2025; Source: IGN SIANE via mapSpain; INE code: 22; CCAA: Aragón; Provinces stable since 1833 Burgos reform
ES44-1833-2025,Teruel (Province),1833,2025,193,subnational,Europe,ESP,NA,mapSpain/IGN (subnational),NA,NA,mapSpain,VERIFIED,Parent: ESP-1800-2025; Source: IGN SIANE via mapSpain; INE code: 44; CCAA: Aragón; Provinces stable since 1833 Burgos reform
ES50-1833-2025,Zaragoza (Province),1833,2025,193,subnational,Europe,ESP,NA,mapSpain/IGN (subnational),NA,NA,mapSpain,VERIFIED,Parent: ESP-1800-2025; Source: IGN SIANE via mapSpain; INE code: 50; CCAA: Aragón; Provinces stable since 1833 Burgos reform
ES33-1833-2025,Asturias (Province),1833,2025,193,subnational,Europe,ESP,NA,mapSpain/IGN (subnational),NA,NA,mapSpain,VERIFIED,Parent: ESP-1800-2025; Source: IGN SIANE via mapSpain; INE code: 33; CCAA: Principado de Asturias; Provinces stable since 1833 Burgos reform
ES07-1833-2025,Baleares (Province),1833,2025,193,subnational,Europe,ESP,NA,mapSpain/IGN (subnational),NA,NA,mapSpain,VERIFIED,Parent: ESP-1800-2025; Source: IGN SIANE via mapSpain; INE code: 07; CCAA: Illes Balears; Provinces stable since 1833 Burgos reform; EN: Balearic Islands
ES35-1833-2025,Las Palmas (Province),1833,2025,193,subnational,Europe,ESP,NA,mapSpain/IGN (subnational),NA,NA,mapSpain,VERIFIED,Parent: ESP-1800-2025; Source: IGN SIANE via mapSpain; INE code: 35; CCAA: Canarias; Provinces stable since 1833 Burgos reform
ES38-1833-2025,Santa Cruz de Tenerife (Province),1833,2025,193,subnational,Europe,ESP,NA,mapSpain/IGN (subnational),NA,NA,mapSpain,VERIFIED,Parent: ESP-1800-2025; Source: IGN SIANE via mapSpain; INE code: 38; CCAA: Canarias; Provinces stable since 1833 Burgos reform
ES39-1833-2025,Cantabria (Province),1833,2025,193,subnational,Europe,ESP,NA,mapSpain/IGN (subnational),NA,NA,mapSpain,VERIFIED,Parent: ESP-1800-2025; Source: IGN SIANE via mapSpain; INE code: 39; CCAA: Cantabria; Provinces stable since 1833 Burgos reform
ES05-1833-2025,Ávila (Province),1833,2025,193,subnational,Europe,ESP,NA,mapSpain/IGN (subnational),NA,NA,mapSpain,VERIFIED,Parent: ESP-1800-2025; Source: IGN SIANE via mapSpain; INE code: 05; CCAA: Castilla y León; Provinces stable since 1833 Burgos reform
ES09-1833-2025,Burgos (Province),1833,2025,193,subnational,Europe,ESP,NA,mapSpain/IGN (subnational),NA,NA,mapSpain,VERIFIED,Parent: ESP-1800-2025; Source: IGN SIANE via mapSpain; INE code: 09; CCAA: Castilla y León; Provinces stable since 1833 Burgos reform
ES24-1833-2025,León (Province),1833,2025,193,subnational,Europe,ESP,NA,mapSpain/IGN (subnational),NA,NA,mapSpain,VERIFIED,Parent: ESP-1800-2025; Source: IGN SIANE via mapSpain; INE code: 24; CCAA: Castilla y León; Provinces stable since 1833 Burgos reform
ES34-1833-2025,Palencia (Province),1833,2025,193,subnational,Europe,ESP,NA,mapSpain/IGN (subnational),NA,NA,mapSpain,VERIFIED,Parent: ESP-1800-2025; Source: IGN SIANE via mapSpain; INE code: 34; CCAA: Castilla y León; Provinces stable since 1833 Burgos reform
ES37-1833-2025,Salamanca (Province),1833,2025,193,subnational,Europe,ESP,NA,mapSpain/IGN (subnational),NA,NA,mapSpain,VERIFIED,Parent: ESP-1800-2025; Source: IGN SIANE via mapSpain; INE code: 37; CCAA: Castilla y León; Provinces stable since 1833 Burgos reform
ES40-1833-2025,Segovia (Province),1833,2025,193,subnational,Europe,ESP,NA,mapSpain/IGN (subnational),NA,NA,mapSpain,VERIFIED,Parent: ESP-1800-2025; Source: IGN SIANE via mapSpain; INE code: 40; CCAA: Castilla y León; Provinces stable since 1833 Burgos reform
ES42-1833-2025,Soria (Province),1833,2025,193,subnational,Europe,ESP,NA,mapSpain/IGN (subnational),NA,NA,mapSpain,VERIFIED,Parent: ESP-1800-2025; Source: IGN SIANE via mapSpain; INE code: 42; CCAA: Castilla y León; Provinces stable since 1833 Burgos reform
ES47-1833-2025,Valladolid (Province),1833,2025,193,subnational,Europe,ESP,NA,mapSpain/IGN (subnational),NA,NA,mapSpain,VERIFIED,Parent: ESP-1800-2025; Source: IGN SIANE via mapSpain; INE code: 47; CCAA: Castilla y León; Provinces stable since 1833 Burgos reform
ES49-1833-2025,Zamora (Province),1833,2025,193,subnational,Europe,ESP,NA,mapSpain/IGN (subnational),NA,NA,mapSpain,VERIFIED,Parent: ESP-1800-2025; Source: IGN SIANE via mapSpain; INE code: 49; CCAA: Castilla y León; Provinces stable since 1833 Burgos reform
ES02-1833-2025,Albacete (Province),1833,2025,193,subnational,Europe,ESP,NA,mapSpain/IGN (subnational),NA,NA,mapSpain,VERIFIED,Parent: ESP-1800-2025; Source: IGN SIANE via mapSpain; INE code: 02; CCAA: Castilla-La Mancha; Provinces stable since 1833 Burgos reform
ES13-1833-2025,Ciudad Real (Province),1833,2025,193,subnational,Europe,ESP,NA,mapSpain/IGN (subnational),NA,NA,mapSpain,VERIFIED,Parent: ESP-1800-2025; Source: IGN SIANE via mapSpain; INE code: 13; CCAA: Castilla-La Mancha; Provinces stable since 1833 Burgos reform
ES16-1833-2025,Cuenca (Province),1833,2025,193,subnational,Europe,ESP,NA,mapSpain/IGN (subnational),NA,NA,mapSpain,VERIFIED,Parent: ESP-1800-2025; Source: IGN SIANE via mapSpain; INE code: 16; CCAA: Castilla-La Mancha; Provinces stable since 1833 Burgos reform
ES19-1833-2025,Guadalajara (Province),1833,2025,193,subnational,Europe,ESP,NA,mapSpain/IGN (subnational),NA,NA,mapSpain,VERIFIED,Parent: ESP-1800-2025; Source: IGN SIANE via mapSpain; INE code: 19; CCAA: Castilla-La Mancha; Provinces stable since 1833 Burgos reform
ES45-1833-2025,Toledo (Province),1833,2025,193,subnational,Europe,ESP,NA,mapSpain/IGN (subnational),NA,NA,mapSpain,VERIFIED,Parent: ESP-1800-2025; Source: IGN SIANE via mapSpain; INE code: 45; CCAA: Castilla-La Mancha; Provinces stable since 1833 Burgos reform
ES08-1833-2025,Barcelona (Province),1833,2025,193,subnational,Europe,ESP,NA,mapSpain/IGN (subnational),NA,NA,mapSpain,VERIFIED,Parent: ESP-1800-2025; Source: IGN SIANE via mapSpain; INE code: 08; CCAA: Cataluña; Provinces stable since 1833 Burgos reform
ES17-1833-2025,Gerona (Province),1833,2025,193,subnational,Europe,ESP,NA,mapSpain/IGN (subnational),NA,NA,mapSpain,VERIFIED,Parent: ESP-1800-2025; Source: IGN SIANE via mapSpain; INE code: 17; CCAA: Cataluña; Provinces stable since 1833 Burgos reform; EN: Girona
ES25-1833-2025,Lérida (Province),1833,2025,193,subnational,Europe,ESP,NA,mapSpain/IGN (subnational),NA,NA,mapSpain,VERIFIED,Parent: ESP-1800-2025; Source: IGN SIANE via mapSpain; INE code: 25; CCAA: Cataluña; Provinces stable since 1833 Burgos reform; EN: Lleida
ES43-1833-2025,Tarragona (Province),1833,2025,193,subnational,Europe,ESP,NA,mapSpain/IGN (subnational),NA,NA,mapSpain,VERIFIED,Parent: ESP-1800-2025; Source: IGN SIANE via mapSpain; INE code: 43; CCAA: Cataluña; Provinces stable since 1833 Burgos reform
ES03-1833-2025,Alicante (Province),1833,2025,193,subnational,Europe,ESP,NA,mapSpain/IGN (subnational),NA,NA,mapSpain,VERIFIED,Parent: ESP-1800-2025; Source: IGN SIANE via mapSpain; INE code: 03; CCAA: Comunidad Valenciana; Provinces stable since 1833 Burgos reform
ES12-1833-2025,Castellón (Province),1833,2025,193,subnational,Europe,ESP,NA,mapSpain/IGN (subnational),NA,NA,mapSpain,VERIFIED,Parent: ESP-1800-2025; Source: IGN SIANE via mapSpain; INE code: 12; CCAA: Comunidad Valenciana; Provinces stable since 1833 Burgos reform
ES46-1833-2025,Valencia (Province),1833,2025,193,subnational,Europe,ESP,NA,mapSpain/IGN (subnational),NA,NA,mapSpain,VERIFIED,Parent: ESP-1800-2025; Source: IGN SIANE via mapSpain; INE code: 46; CCAA: Comunidad Valenciana; Provinces stable since 1833 Burgos reform
ES06-1833-2025,Badajoz (Province),1833,2025,193,subnational,Europe,ESP,NA,mapSpain/IGN (subnational),NA,NA,mapSpain,VERIFIED,Parent: ESP-1800-2025; Source: IGN SIANE via mapSpain; INE code: 06; CCAA: Extremadura; Provinces stable since 1833 Burgos reform
ES10-1833-2025,Cáceres (Province),1833,2025,193,subnational,Europe,ESP,NA,mapSpain/IGN (subnational),NA,NA,mapSpain,VERIFIED,Parent: ESP-1800-2025; Source: IGN SIANE via mapSpain; INE code: 10; CCAA: Extremadura; Provinces stable since 1833 Burgos reform
ES15-1833-2025,La Coruña (Province),1833,2025,193,subnational,Europe,ESP,NA,mapSpain/IGN (subnational),NA,NA,mapSpain,VERIFIED,Parent: ESP-1800-2025; Source: IGN SIANE via mapSpain; INE code: 15; CCAA: Galicia; Provinces stable since 1833 Burgos reform; EN: A Coruña
ES27-1833-2025,Lugo (Province),1833,2025,193,subnational,Europe,ESP,NA,mapSpain/IGN (subnational),NA,NA,mapSpain,VERIFIED,Parent: ESP-1800-2025; Source: IGN SIANE via mapSpain; INE code: 27; CCAA: Galicia; Provinces stable since 1833 Burgos reform
ES32-1833-2025,Orense (Province),1833,2025,193,subnational,Europe,ESP,NA,mapSpain/IGN (subnational),NA,NA,mapSpain,VERIFIED,Parent: ESP-1800-2025; Source: IGN SIANE via mapSpain; INE code: 32; CCAA: Galicia; Provinces stable since 1833 Burgos reform; EN: Ourense
ES36-1833-2025,Pontevedra (Province),1833,2025,193,subnational,Europe,ESP,NA,mapSpain/IGN (subnational),NA,NA,mapSpain,VERIFIED,Parent: ESP-1800-2025; Source: IGN SIANE via mapSpain; INE code: 36; CCAA: Galicia; Provinces stable since 1833 Burgos reform
ES28-1833-2025,Madrid (Province),1833,2025,193,subnational,Europe,ESP,NA,mapSpain/IGN (subnational),NA,NA,mapSpain,VERIFIED,Parent: ESP-1800-2025; Source: IGN SIANE via mapSpain; INE code: 28; CCAA: Comunidad de Madrid; Provinces stable since 1833 Burgos reform
ES30-1833-2025,Murcia (Province),1833,2025,193,subnational,Europe,ESP,NA,mapSpain/IGN (subnational),NA,NA,mapSpain,VERIFIED,Parent: ESP-1800-2025; Source: IGN SIANE via mapSpain; INE code: 30; CCAA: Región de Murcia; Provinces stable since 1833 Burgos reform
ES31-1833-2025,Navarra (Province),1833,2025,193,subnational,Europe,ESP,NA,mapSpain/IGN (subnational),NA,NA,mapSpain,VERIFIED,Parent: ESP-1800-2025; Source: IGN SIANE via mapSpain; INE code: 31; CCAA: Comunidad Foral de Navarra; Provinces stable since 1833 Burgos reform
ES01-1833-2025,Álava (Province),1833,2025,193,subnational,Europe,ESP,NA,mapSpain/IGN (subnational),NA,NA,mapSpain,VERIFIED,Parent: ESP-1800-2025; Source: IGN SIANE via mapSpain; INE code: 01; CCAA: País Vasco; Provinces stable since 1833 Burgos reform
ES20-1833-2025,Guipúzcoa (Province),1833,2025,193,subnational,Europe,ESP,NA,mapSpain/IGN (subnational),NA,NA,mapSpain,VERIFIED,Parent: ESP-1800-2025; Source: IGN SIANE via mapSpain; INE code: 20; CCAA: País Vasco; Provinces stable since 1833 Burgos reform; EN: Gipuzkoa
ES48-1833-2025,Vizcaya (Province),1833,2025,193,subnational,Europe,ESP,NA,mapSpain/IGN (subnational),NA,NA,mapSpain,VERIFIED,Parent: ESP-1800-2025; Source: IGN SIANE via mapSpain; INE code: 48; CCAA: País Vasco; Provinces stable since 1833 Burgos reform; EN: Biscay
ES26-1833-2025,La Rioja (Province),1833,2025,193,subnational,Europe,ESP,NA,mapSpain/IGN (subnational),NA,NA,mapSpain,VERIFIED,Parent: ESP-1800-2025; Source: IGN SIANE via mapSpain; INE code: 26; CCAA: La Rioja; Provinces stable since 1833 Burgos reform
ES51-1833-2025,Ceuta (Province),1833,2025,193,subnational,Europe,ESP,NA,mapSpain/IGN (subnational),NA,NA,mapSpain,VERIFIED,Parent: ESP-1800-2025; Source: IGN SIANE via mapSpain; INE code: 51; CCAA: Ciudad de Ceuta; Provinces stable since 1833 Burgos reform
ES52-1833-2025,Melilla (Province),1833,2025,193,subnational,Europe,ESP,NA,mapSpain/IGN (subnational),NA,NA,mapSpain,VERIFIED,Parent: ESP-1800-2025; Source: IGN SIANE via mapSpain; INE code: 52; CCAA: Ciudad de Melilla; Provinces stable since 1833 Burgos reform
NZL-1840-1907,New Zealand (colony),1840,1907,68,national,Oceania,NZL,NA,CShapes 2.0,NA,NZL-1907-2025,CShapes; WHEP-fix,VERIFIED,British crown colony 1840; dominion from 1907
CAN-1800-1866,Canada (pre-Confederation),1800,1866,67,national,North America,CAN,NA,CShapes 2.0,NA,CAN-1866-1948,CShapes; WHEP-fix,VERIFIED,British North America; Confederation 1867
CHN-1950-2025,China (PRC),1950,2025,76,national,Asia,CHN,NA,CShapes 2.0,CHN-1949-1950,NA,CShapes; FAOSTAT; M49; WHEP-fix,VERIFIED,People's Republic of China
JPAI-1888-2025,Aichi (Prefecture),1888,2025,138,subnational,Asia,JPN,NA,GADM 4.1 (subnational),NA,NA,GADM,VERIFIED,Parent: JPN-1800-2025; GADM GID: JPN.1_1; Boundaries stable since 1888 Meiji reforms
JPAK-1888-2025,Akita (Prefecture),1888,2025,138,subnational,Asia,JPN,NA,GADM 4.1 (subnational),NA,NA,GADM,VERIFIED,Parent: JPN-1800-2025; GADM GID: JPN.2_1; Boundaries stable since 1888 Meiji reforms
JPAO-1888-2025,Aomori (Prefecture),1888,2025,138,subnational,Asia,JPN,NA,GADM 4.1 (subnational),NA,NA,GADM,VERIFIED,Parent: JPN-1800-2025; GADM GID: JPN.3_1; Boundaries stable since 1888 Meiji reforms
JPCH-1888-2025,Chiba (Prefecture),1888,2025,138,subnational,Asia,JPN,NA,GADM 4.1 (subnational),NA,NA,GADM,VERIFIED,Parent: JPN-1800-2025; GADM GID: JPN.4_1; Boundaries stable since 1888 Meiji reforms
JPEH-1888-2025,Ehime (Prefecture),1888,2025,138,subnational,Asia,JPN,NA,GADM 4.1 (subnational),NA,NA,GADM,VERIFIED,Parent: JPN-1800-2025; GADM GID: JPN.5_1; Boundaries stable since 1888 Meiji reforms
JPFI-1888-2025,Fukui (Prefecture),1888,2025,138,subnational,Asia,JPN,NA,GADM 4.1 (subnational),NA,NA,GADM,VERIFIED,Parent: JPN-1800-2025; GADM GID: JPN.6_1; Boundaries stable since 1888 Meiji reforms
JPFO-1888-2025,Fukuoka (Prefecture),1888,2025,138,subnational,Asia,JPN,NA,GADM 4.1 (subnational),NA,NA,GADM,VERIFIED,Parent: JPN-1800-2025; GADM GID: JPN.7_1; Boundaries stable since 1888 Meiji reforms
JPFS-1888-2025,Fukushima (Prefecture),1888,2025,138,subnational,Asia,JPN,NA,GADM 4.1 (subnational),NA,NA,GADM,VERIFIED,Parent: JPN-1800-2025; GADM GID: JPN.8_1; Boundaries stable since 1888 Meiji reforms
JPGF-1888-2025,Gifu (Prefecture),1888,2025,138,subnational,Asia,JPN,NA,GADM 4.1 (subnational),NA,NA,GADM,VERIFIED,Parent: JPN-1800-2025; GADM GID: JPN.9_1; Boundaries stable since 1888 Meiji reforms
JPGM-1888-2025,Gunma (Prefecture),1888,2025,138,subnational,Asia,JPN,NA,GADM 4.1 (subnational),NA,NA,GADM,VERIFIED,Parent: JPN-1800-2025; GADM GID: JPN.10_1; Boundaries stable since 1888 Meiji reforms
JPHS-1888-2025,Hiroshima (Prefecture),1888,2025,138,subnational,Asia,JPN,NA,GADM 4.1 (subnational),NA,NA,GADM,VERIFIED,Parent: JPN-1800-2025; GADM GID: JPN.11_1; Boundaries stable since 1888 Meiji reforms
JPHK-1888-2025,Hokkaido (Circuit),1888,2025,138,subnational,Asia,JPN,NA,GADM 4.1 (subnational),NA,NA,GADM,VERIFIED,Parent: JPN-1800-2025; GADM GID: JPN.12_1; Boundaries stable since 1888 Meiji reforms
JPHG-1888-2025,Hyōgo (Prefecture),1888,2025,138,subnational,Asia,JPN,NA,GADM 4.1 (subnational),NA,NA,GADM,VERIFIED,Parent: JPN-1800-2025; GADM GID: JPN.13_1; Boundaries stable since 1888 Meiji reforms
JPIB-1888-2025,Ibaraki (Prefecture),1888,2025,138,subnational,Asia,JPN,NA,GADM 4.1 (subnational),NA,NA,GADM,VERIFIED,Parent: JPN-1800-2025; GADM GID: JPN.14_1; Boundaries stable since 1888 Meiji reforms
JPIS-1888-2025,Ishikawa (Prefecture),1888,2025,138,subnational,Asia,JPN,NA,GADM 4.1 (subnational),NA,NA,GADM,VERIFIED,Parent: JPN-1800-2025; GADM GID: JPN.15_1; Boundaries stable since 1888 Meiji reforms
JPIW-1888-2025,Iwate (Prefecture),1888,2025,138,subnational,Asia,JPN,NA,GADM 4.1 (subnational),NA,NA,GADM,VERIFIED,Parent: JPN-1800-2025; GADM GID: JPN.16_1; Boundaries stable since 1888 Meiji reforms
JPKG-1888-2025,Kagawa (Prefecture),1888,2025,138,subnational,Asia,JPN,NA,GADM 4.1 (subnational),NA,NA,GADM,VERIFIED,Parent: JPN-1800-2025; GADM GID: JPN.17_1; Boundaries stable since 1888 Meiji reforms
JPKS-1888-2025,Kagoshima (Prefecture),1888,2025,138,subnational,Asia,JPN,NA,GADM 4.1 (subnational),NA,NA,GADM,VERIFIED,Parent: JPN-1800-2025; GADM GID: JPN.18_1; Boundaries stable since 1888 Meiji reforms
JPKN-1888-2025,Kanagawa (Prefecture),1888,2025,138,subnational,Asia,JPN,NA,GADM 4.1 (subnational),NA,NA,GADM,VERIFIED,Parent: JPN-1800-2025; GADM GID: JPN.19_1; Boundaries stable since 1888 Meiji reforms
JPKC-1888-2025,Kochi (Prefecture),1888,2025,138,subnational,Asia,JPN,NA,GADM 4.1 (subnational),NA,NA,GADM,VERIFIED,Parent: JPN-1800-2025; GADM GID: JPN.20_1; Boundaries stable since 1888 Meiji reforms
JPKM-1888-2025,Kumamoto (Prefecture),1888,2025,138,subnational,Asia,JPN,NA,GADM 4.1 (subnational),NA,NA,GADM,VERIFIED,Parent: JPN-1800-2025; GADM GID: JPN.21_1; Boundaries stable since 1888 Meiji reforms
JPKY-1888-2025,Kyoto (Urban Prefecture),1888,2025,138,subnational,Asia,JPN,NA,GADM 4.1 (subnational),NA,NA,GADM,VERIFIED,Parent: JPN-1800-2025; GADM GID: JPN.22_1; Boundaries stable since 1888 Meiji reforms
JPME-1888-2025,Mie (Prefecture),1888,2025,138,subnational,Asia,JPN,NA,GADM 4.1 (subnational),NA,NA,GADM,VERIFIED,Parent: JPN-1800-2025; GADM GID: JPN.23_1; Boundaries stable since 1888 Meiji reforms
JPMG-1888-2025,Miyagi (Prefecture),1888,2025,138,subnational,Asia,JPN,NA,GADM 4.1 (subnational),NA,NA,GADM,VERIFIED,Parent: JPN-1800-2025; GADM GID: JPN.24_1; Boundaries stable since 1888 Meiji reforms
JPMZ-1888-2025,Miyazaki (Prefecture),1888,2025,138,subnational,Asia,JPN,NA,GADM 4.1 (subnational),NA,NA,GADM,VERIFIED,Parent: JPN-1800-2025; GADM GID: JPN.25_1; Boundaries stable since 1888 Meiji reforms
JPNN-1888-2025,Nagano (Prefecture),1888,2025,138,subnational,Asia,JPN,NA,GADM 4.1 (subnational),NA,NA,GADM,VERIFIED,Parent: JPN-1800-2025; GADM GID: JPN.26_1; Boundaries stable since 1888 Meiji reforms
JPNS-1888-2025,Naoasaki (Prefecture),1888,2025,138,subnational,Asia,JPN,NA,GADM 4.1 (subnational),NA,NA,GADM,VERIFIED,Parent: JPN-1800-2025; GADM GID: JPN.27_1; Boundaries stable since 1888 Meiji reforms
JPNR-1888-2025,Nara (Prefecture),1888,2025,138,subnational,Asia,JPN,NA,GADM 4.1 (subnational),NA,NA,GADM,VERIFIED,Parent: JPN-1800-2025; GADM GID: JPN.28_1; Boundaries stable since 1888 Meiji reforms
JPNI-1888-2025,Niigata (Prefecture),1888,2025,138,subnational,Asia,JPN,NA,GADM 4.1 (subnational),NA,NA,GADM,VERIFIED,Parent: JPN-1800-2025; GADM GID: JPN.29_1; Boundaries stable since 1888 Meiji reforms
JPOT-1888-2025,Oita (Prefecture),1888,2025,138,subnational,Asia,JPN,NA,GADM 4.1 (subnational),NA,NA,GADM,VERIFIED,Parent: JPN-1800-2025; GADM GID: JPN.30_1; Boundaries stable since 1888 Meiji reforms
JPOY-1888-2025,Okayama (Prefecture),1888,2025,138,subnational,Asia,JPN,NA,GADM 4.1 (subnational),NA,NA,GADM,VERIFIED,Parent: JPN-1800-2025; GADM GID: JPN.31_1; Boundaries stable since 1888 Meiji reforms
JPON-1888-2025,Okinawa (Prefecture),1888,2025,138,subnational,Asia,JPN,NA,GADM 4.1 (subnational),NA,NA,GADM,VERIFIED,Parent: JPN-1800-2025; GADM GID: JPN.32_1; Boundaries stable since 1888 Meiji reforms
JPOS-1888-2025,Osaka (Urban Prefecture),1888,2025,138,subnational,Asia,JPN,NA,GADM 4.1 (subnational),NA,NA,GADM,VERIFIED,Parent: JPN-1800-2025; GADM GID: JPN.33_1; Boundaries stable since 1888 Meiji reforms
JPSG-1888-2025,Saga (Prefecture),1888,2025,138,subnational,Asia,JPN,NA,GADM 4.1 (subnational),NA,NA,GADM,VERIFIED,Parent: JPN-1800-2025; GADM GID: JPN.34_1; Boundaries stable since 1888 Meiji reforms
JPST-1888-2025,Saitama (Prefecture),1888,2025,138,subnational,Asia,JPN,NA,GADM 4.1 (subnational),NA,NA,GADM,VERIFIED,Parent: JPN-1800-2025; GADM GID: JPN.35_1; Boundaries stable since 1888 Meiji reforms
JPSH-1888-2025,Shiga (Prefecture),1888,2025,138,subnational,Asia,JPN,NA,GADM 4.1 (subnational),NA,NA,GADM,VERIFIED,Parent: JPN-1800-2025; GADM GID: JPN.36_1; Boundaries stable since 1888 Meiji reforms
JPSM-1888-2025,Shimane (Prefecture),1888,2025,138,subnational,Asia,JPN,NA,GADM 4.1 (subnational),NA,NA,GADM,VERIFIED,Parent: JPN-1800-2025; GADM GID: JPN.37_1; Boundaries stable since 1888 Meiji reforms
JPSZ-1888-2025,Shizuoka (Prefecture),1888,2025,138,subnational,Asia,JPN,NA,GADM 4.1 (subnational),NA,NA,GADM,VERIFIED,Parent: JPN-1800-2025; GADM GID: JPN.38_1; Boundaries stable since 1888 Meiji reforms
JPTC-1888-2025,Tochigi (Prefecture),1888,2025,138,subnational,Asia,JPN,NA,GADM 4.1 (subnational),NA,NA,GADM,VERIFIED,Parent: JPN-1800-2025; GADM GID: JPN.39_1; Boundaries stable since 1888 Meiji reforms
JPTS-1888-2025,Tokushima (Prefecture),1888,2025,138,subnational,Asia,JPN,NA,GADM 4.1 (subnational),NA,NA,GADM,VERIFIED,Parent: JPN-1800-2025; GADM GID: JPN.40_1; Boundaries stable since 1888 Meiji reforms
JPTK-1888-2025,Tokyo (Metropolis),1888,2025,138,subnational,Asia,JPN,NA,GADM 4.1 (subnational),NA,NA,GADM,VERIFIED,Parent: JPN-1800-2025; GADM GID: JPN.41_1; Boundaries stable since 1888 Meiji reforms
JPTT-1888-2025,Tottori (Prefecture),1888,2025,138,subnational,Asia,JPN,NA,GADM 4.1 (subnational),NA,NA,GADM,VERIFIED,Parent: JPN-1800-2025; GADM GID: JPN.42_1; Boundaries stable since 1888 Meiji reforms
JPTY-1888-2025,Toyama (Prefecture),1888,2025,138,subnational,Asia,JPN,NA,GADM 4.1 (subnational),NA,NA,GADM,VERIFIED,Parent: JPN-1800-2025; GADM GID: JPN.43_1; Boundaries stable since 1888 Meiji reforms
JPWK-1888-2025,Wakayama (Prefecture),1888,2025,138,subnational,Asia,JPN,NA,GADM 4.1 (subnational),NA,NA,GADM,VERIFIED,Parent: JPN-1800-2025; GADM GID: JPN.44_1; Boundaries stable since 1888 Meiji reforms
JPYT-1888-2025,Yamagata (Prefecture),1888,2025,138,subnational,Asia,JPN,NA,GADM 4.1 (subnational),NA,NA,GADM,VERIFIED,Parent: JPN-1800-2025; GADM GID: JPN.45_1; Boundaries stable since 1888 Meiji reforms
JPYC-1888-2025,Yamaguchi (Prefecture),1888,2025,138,subnational,Asia,JPN,NA,GADM 4.1 (subnational),NA,NA,GADM,VERIFIED,Parent: JPN-1800-2025; GADM GID: JPN.46_1; Boundaries stable since 1888 Meiji reforms
JPYN-1888-2025,Yamanashi (Prefecture),1888,2025,138,subnational,Asia,JPN,NA,GADM 4.1 (subnational),NA,NA,GADM,VERIFIED,Parent: JPN-1800-2025; GADM GID: JPN.47_1; Boundaries stable since 1888 Meiji reforms
GBENG-1800-2025,England (Country),1800,2025,226,subnational,Europe,GBR,NA,GADM 4.1 (dissolved subnational),NA,NA,GADM,VERIFIED,Parent: GBR-1921-2025; Dissolved from GADM admin-1 England
GBSCT-1800-2025,Scotland (Country),1800,2025,226,subnational,Europe,GBR,NA,GADM 4.1 (dissolved subnational),NA,NA,GADM,VERIFIED,Parent: GBR-1921-2025; Dissolved from GADM admin-1 Scotland
GBWLS-1800-2025,Wales (Country),1800,2025,226,subnational,Europe,GBR,NA,GADM 4.1 (dissolved subnational),NA,NA,GADM,VERIFIED,Parent: GBR-1921-2025; Dissolved from GADM admin-1 Wales
GBNIR-1921-2025,Northern Ireland (Country),1921,2025,105,subnational,Europe,GBR,NA,GADM 4.1 (dissolved subnational),NA,NA,GADM,VERIFIED,Parent: GBR-1921-2025; Dissolved from GADM admin-1 Northern Ireland
SAA-1920-1935,Saar Territory (League of Nations),1920,1935,16,national,Europe,NA,NA,GADM 4.1 (Saarland proxy),NA,NA,research,VERIFIED,League of Nations mandate; governed by commission; returned to Germany 1935 plebiscite (90.7% for reunification)
MEM-1920-1923,Memel Territory,1920,1923,4,national,Europe,NA,NA,GADM 4.1 (Klaipeda County proxy),NA,NA,research,VERIFIED,French-administered League mandate; seized by Lithuania Jan 1923; Klaipeda Convention 1924
FIU-1920-1924,Free City of Fiume,1920,1924,5,national,Europe,NA,NA,Constructed (point buffer ~28 km2),NA,NA,research,VERIFIED,Treaty of Rapallo 1920; Italian annexation 1924 (Treaty of Rome). Rijeka/Fiume. ~28 km2.
MNG-1911-1921,Bogd Khanate of Mongolia,1911,1921,11,national,Asia,MNG,NA,CShapes 2.0 (earliest Mongolia polygon),NA,NA,research,VERIFIED,Bogd Khan declared independence from Qing China Dec 1911. De facto independent until 1921 Soviet-backed revolution. Predecessor of Mongolian People's Republic.
JPN-1800-1895,Japan (to 1895),1800,1895,96,national,Asia,JPN,NA,CShapes 2.0,NA,JPN-1895-1945,CShapes; research,VERIFIED,"Pre-imperial Japan. Home islands only (~370,776 km2). Treaty of Shimonoseki (1895) marks beginning of colonial expansion."
JPN-1895-1945,Japanese Empire,1895,1945,51,national,Asia,JPN,NA,CShapes 2.0 (union: Japan + Taiwan + Korea + S. Sakhalin),JPN-1800-1895,JPN-1945-1952,CShapes; research,VERIFIED,"Empire period. +Taiwan (Treaty of Shimonoseki 1895), +S. Sakhalin (Treaty of Portsmouth 1905), +Korea (annexed 1910). ~658,000 km2 at peak. Manchukuo (1932-45) tracked separately as MAN-1932-1945."
JPN-1945-1952,Japan (occupied),1945,1952,8,national,Asia,JPN,NA,CShapes 2.0,JPN-1895-1945,JPN-1952-2025,CShapes; research,VERIFIED,US occupation (SCAP). All colonies stripped. Treaty of San Francisco (1952-04-28) restores sovereignty.
JPN-1952-2025,Japan,1952,2025,74,national,Asia,JPN,NA,CShapes 2.0,JPN-1945-1952,NA,CShapes; research,VERIFIED,Post-occupation. Okinawa reverted 1972. Kuril Islands dispute with Russia unresolved.
NDD-1800-1884,Niger Delta City-States,1800,1884,85,national,Africa,NGA,NA,NA,NA,OIL-1884-1898,research,VERIFIED,"Composite: Bonny, Opobo (1870-1887), New Calabar (Kalabari), Brass (Nembe), Old Calabar (Efik). World's largest palm oil exporters. Predecessor to Oil Rivers Protectorate. Territory: Niger Delta mangrove coast, Cross River estuary."
NUP-1800-1897,Nupe Kingdom (Bida Emirate),1800,1897,98,national,Africa,NGA,NA,NA,NA,NNI-1899-1904,research,VERIFIED,"Middle Niger River trade hub. Famous for brass and glass bead manufacture, cloth production. Nominally under Sokoto/Gwandu but operationally autonomous. Conquered by Royal Niger Company Jan 1897 (Bida fell Jan 29). Capital: Bida (6.01E, 9.08N)."
MEX-1800-1848,Mexico (to 1848),1800,1848,49,national,North America,MEX,NA,"Cliopatria (Federated Republic of Mexico 1825-1835, 3.19M km2)",NA,MEX-1848-2025,CShapes; Cliopatria; research,VERIFIED,"Pre-Treaty of Guadalupe Hidalgo. Included Central America until 1823 (~4.4M km2), then ~3.2M km2. Lost Texas de facto 1836. Treaty of Guadalupe Hidalgo (1848-02-02) ceded California, Nevada, Utah, Arizona, New Mexico to US (~55% loss)."
MEX-1848-2025,Mexico,1848,2025,178,national,North America,MEX,NA,CShapes 2.0,MEX-1800-1848,NA,CShapes; research,VERIFIED,"Post-Treaty of Guadalupe Hidalgo. Gadsden Purchase (1854, -77K km2) is sub-threshold (-3.9%). Territory stable at ~1.96M km2 since 1854."
NLD-1800-1830,United Kingdom of the Netherlands,1800,1830,31,national,Europe,NLD,210,Cliopatria (Netherlands 1815-1819),NA,NLD-1830-2025; BEL-1831-2025; LUX-1839-2025,CShapes; Cliopatria; research,VERIFIED,United Kingdom of Netherlands (1815-1830) including Belgium and Luxembourg. ~71K km2. Belgian Revolution 1830 led to -42% territory loss.
NLD-1830-2025,Netherlands,1830,2025,196,national,Europe,NLD,210,Cliopatria (Netherlands 1834-1839),NLD-1800-1830,NA,CShapes; Cliopatria; research,VERIFIED,Netherlands after Belgian secession. ~41K km2. Luxembourg personal union until 1890.
NPL-1800-1816,Greater Nepal,1800,1816,17,national,Asia,NPL,NA,Cliopatria (Nepal 1800-1802),NA,NPL-1816-2025,CShapes; Cliopatria; research,VERIFIED,"Greater Nepal under Prithvi Narayan Shah's successors. ~227K km2 at peak (1814). Treaty of Sugauli (1816) ceded Sikkim, Kumaon, Garhwal, western Terai to British India. -34% territory loss."
NPL-1816-2025,Nepal,1816,2025,210,national,Asia,NPL,NA,Cliopatria (Nepal 1820-1835),NPL-1800-1816,NA,CShapes; Cliopatria; research,VERIFIED,Nepal post-Sugauli Treaty. ~149K km2. Borders largely stable since 1816.
OMN-1800-1856,Omani Empire,1800,1856,57,national,Asia,OMN,NA,Cliopatria (Sultanate of Oman 1840-1855),NA,OMN-1856-2025,CShapes; Cliopatria; research,VERIFIED,"Omani Empire including East African coast (Zanzibar, Pemba, mainland strip). Said bin Sultan ruled from Zanzibar (moved capital 1840). ~176K km2 at peak. Split on his death 1856: Zanzibar and Oman became separate sultanates."
OMN-1856-2025,Sultanate of Oman,1856,2025,170,national,Asia,OMN,NA,Cliopatria (Sultanate of Oman 1856-1858),OMN-1800-1856,NA,CShapes; Cliopatria; research,VERIFIED,Sultanate of Oman (Muscat) after separation from Zanzibar 1856. ~80-310K km2 (varying with interior tribal control). Zanzibar tracked separately as ZAN-1856-1964.
COL-1800-1830,Gran Colombia,1800,1830,31,national,South America,COL,NA,Cliopatria (Gran Colombia 1822-1823),NA,COL-1830-1903,CShapes; Cliopatria; research,VERIFIED,Includes Gran Colombia period (1819-1830): Colombia + Venezuela + Ecuador + Panama. ~4.3M km2 at peak. Dissolved 1830: Venezuela and Ecuador seceded. -34% loss.
COL-1830-1903,Colombia (to 1903),1830,1903,74,national,South America,COL,NA,Cliopatria (Gran Colombia 1830-1833),COL-1800-1830,COL-1903-1922,CShapes; Cliopatria; research,VERIFIED,Republic of New Granada / Colombia after Gran Colombia. ~2.8M km2. Lost Panama 1903.
USA-1800-1803,United States (original),1800,1803,4,national,North America,USA,NA,Cliopatria (United States of America 1800-1802),NA,USA-1803-1848,CShapes; Cliopatria; research,VERIFIED,"Original 13 states + early territories (Ohio, Kentucky, Tennessee, Vermont). ~1.2M km2. Louisiana Purchase (1803) doubles territory."
USA-1803-1848,United States (1803-1848),1803,1848,46,national,North America,USA,NA,Cliopatria (United States of America 1842-1845),USA-1800-1803,USA-1848-1867,CShapes; Cliopatria; research,VERIFIED,"Post-Louisiana Purchase (1803, +2.1M km2). Florida (Adams-Onis 1819). Texas annexation (1845). Oregon Treaty (1846). ~3.5M km2 by 1845. Treaty of Guadalupe Hidalgo (1848) triggers next split."
USA-1848-1867,United States (1848-1867),1848,1867,20,national,North America,USA,NA,Cliopatria (United States of America 1859-1860),USA-1803-1848,USA-1867-1959,CShapes; Cliopatria; research,VERIFIED,"Post-Mexican Cession (Guadalupe Hidalgo 1848, +1.4M km2). Gadsden Purchase (1854). Civil War (1861-1865). ~4.3M km2 pre-Alaska. Alaska Purchase (1867) triggers next split."
USA-1867-1959,United States (1867-1959),1867,1959,93,national,North America,USA,NA,Cliopatria (United States of America 1877-1879),USA-1848-1867,USA-1959-2025,CShapes; Cliopatria; research,VERIFIED,"Alaska Purchase (1867, +1.7M km2). Territory stable at ~9.4M km2. Hawaii Territory (1898). Admitted as 49th and 50th states 1959."
F228-1800-1856,Russian Empire (to 1856),1800,1856,57,national,Europe,RUS,365,Cliopatria (Russian Empire 1815-1823),NA,F228-1856-1905,CShapes; Cliopatria; research,VERIFIED,"Russian Empire pre-Crimean War. ~17.4M km2. Acquisitions: Georgia (1801), Finland (1809), Bessarabia (1812), Congress Poland (1815). Caucasus conquest ongoing. Crimean War (1853-56) ends this period."
F228-1856-1905,Russian Empire (1856-1905),1856,1905,50,national,Europe,RUS,365,Cliopatria (Russian Empire 1885-1894),F228-1800-1856,F228-1905-1914,CShapes; Cliopatria; research,VERIFIED,"Russian Empire post-Crimean War. Massive Central Asian expansion: Tashkent (1865), Bukhara protectorate (1868), Khiva (1873), Kokand (1876), Merv (1884). Far East: Amur/Ussuri (1858-60), Sakhalin (1875). ~22M km2 by 1900. Russo-Japanese War (1904-05) triggers next period."
MMR-1800-1826,Konbaung Burma (to 1826),1800,1826,27,national,Asia,MMR,NA,Cliopatria (Burma 1822-1824),NA,MMR-1826-1852,CShapes; Cliopatria; research,VERIFIED,"Konbaung Dynasty at peak. ~798K km2 including Arakan, Manipur, Assam. First Anglo-Burmese War (1824-26) ends with Treaty of Yandabo: lost Arakan, Tenasserim, Assam, Manipur. -31% territory."
MMR-1826-1852,Burma (1826-1852),1826,1852,27,national,Asia,MMR,NA,Cliopatria (Burma 1828-1833),MMR-1800-1826,MMR-1852-1885,CShapes; Cliopatria; research,VERIFIED,Post-First Anglo-Burmese War. ~553K km2. Second Anglo-Burmese War (1852): Britain seizes Lower Burma (Pegu). -21% territory.
MMR-1852-1885,Upper Burma (1852-1885),1852,1885,34,national,Asia,MMR,NA,Cliopatria (Burma 1853-1858),MMR-1826-1852,MMR-1885-2025,CShapes; Cliopatria; research,VERIFIED,Upper Burma only. ~437K km2. Third Anglo-Burmese War (1885): Britain conquers Upper Burma. Kingdom abolished 1 Jan 1886.
MMR-1885-2025,Myanmar,1885,2025,141,national,Asia,MMR,NA,Cliopatria (Burma 1948-1962),MMR-1852-1885,NA,CShapes; Cliopatria; research,VERIFIED,British Burma 1886-1948. Independence 1948. Military rule 1962-2011. Name changed to Myanmar 1989.
BHS-1886-1973,Bahamas (1886-1973),1886,1973,88,national,North America,BHS,31,CShapes 2.0 (dependencies=TRUE),NA,NA,CShapes,VERIFIED,"Colonial period. CShapes status=colony, ruler=GBR."
JAM-1886-1962,Jamaica (1886-1962),1886,1962,77,national,North America,JAM,51,CShapes 2.0 (dependencies=TRUE),NA,NA,CShapes,VERIFIED,"Colonial period. CShapes status=colony, ruler=GBR."
TTO-1886-1962,Trinidad and Tobago (1886-1962),1886,1962,77,national,North America,TTO,52,CShapes 2.0 (dependencies=TRUE),NA,NA,CShapes,VERIFIED,"Colonial period. CShapes status=colony, ruler=GBR."
BRB-1886-1966,Barbados (1886-1966),1886,1966,81,national,North America,BRB,53,CShapes 2.0 (dependencies=TRUE),NA,NA,CShapes,VERIFIED,"Colonial period. CShapes status=colony, ruler=GBR."
BLZ-1886-1970,Belize (1886-1970),1886,1970,85,national,North America,BLZ,80,CShapes 2.0 (dependencies=TRUE),NA,BLZ-1970-1981,CShapes,VERIFIED,"Colonial period. CShapes status=colony, ruler=GBR."
BLZ-1970-1981,Belize (1970-1981),1970,1981,12,national,North America,BLZ,80,CShapes 2.0 (dependencies=TRUE),BLZ-1886-1970,NA,CShapes,VERIFIED,"Colonial period. CShapes status=colony, ruler=GBR."
GUY-1886-1966,Guyana (1886-1966),1886,1966,81,national,South America,GUY,110,CShapes 2.0 (dependencies=TRUE),NA,NA,CShapes,VERIFIED,"Colonial period. CShapes status=colony, ruler=GBR."
SUR-1886-1954,Suriname (1886-1954),1886,1954,69,national,South America,SUR,115,CShapes 2.0 (dependencies=TRUE),NA,SUR-1954-1975,CShapes,VERIFIED,"Colonial period. CShapes status=colony, ruler=NLD."
SUR-1954-1975,Suriname (1954-1975),1954,1975,22,national,South America,SUR,115,CShapes 2.0 (dependencies=TRUE),SUR-1886-1954,SUR-1975-2025,CShapes,VERIFIED,"Colonial period. CShapes status=colony, ruler=NLD."
CPV-1886-1975,Cape Verde (1886-1975),1886,1975,90,national,Africa,CPV,402,CShapes 2.0 (dependencies=TRUE),NA,NA,CShapes,VERIFIED,"Colonial period. CShapes status=colony, ruler=PRT."
GNB-1886-1942,Guinea-Bissau (1886-1942),1886,1942,57,national,Africa,GNB,404,CShapes 2.0 (dependencies=TRUE),NA,GNB-1942-1974,CShapes,VERIFIED,"Colonial period. CShapes status=colony, ruler=PRT."
GNB-1942-1974,Guinea-Bissau (1942-1974),1942,1974,33,national,Africa,GNB,404,CShapes 2.0 (dependencies=TRUE),GNB-1886-1942,NA,CShapes,VERIFIED,"Colonial period. CShapes status=colony, ruler=PRT."
GNQ-1886-1900,Equatorial Guinea (1886-1900),1886,1900,15,national,Africa,GNQ,411,CShapes 2.0 (dependencies=TRUE),NA,GNQ-1900-1968,CShapes,VERIFIED,"Colonial period. CShapes status=colony, ruler=ESP."
GNQ-1900-1968,Equatorial Guinea (1900-1968),1900,1968,69,national,Africa,GNQ,411,CShapes 2.0 (dependencies=TRUE),GNQ-1886-1900,GNQ-1968-2025,CShapes,VERIFIED,"Colonial period. CShapes status=colony, ruler=ESP."
GMB-1889-1965,Gambia (1889-1965),1889,1965,77,national,Africa,GMB,420,CShapes 2.0 (dependencies=TRUE),NA,NA,CShapes,VERIFIED,"Colonial period. CShapes status=colony, ruler=GBR."
SEN-1886-1959,Senegal (1886-1959),1886,1959,74,national,Africa,SEN,433,CShapes 2.0 (dependencies=TRUE),NA,SEN-1960-2025,CShapes,VERIFIED,"Colonial period. CShapes status=colony, ruler=FRA."
BEN-1898-1960,Benin (1898-1960),1898,1960,63,national,Africa,BEN,434,CShapes 2.0 (dependencies=TRUE),BEN-1895-1898,BEN-1960-2025,CShapes,VERIFIED,"Colonial period. CShapes status=colony, ruler=FRA."
CIV-1889-1893,Côte d'Ivoire (1889-1893),1889,1893,5,national,Africa,CIV,437,CShapes 2.0 (dependencies=TRUE),NA,CIV-1893-1900,CShapes,VERIFIED,"Colonial period. CShapes status=protectorate, ruler=FRA."
CIV-1893-1900,Côte d'Ivoire (1893-1900),1893,1900,8,national,Africa,CIV,437,CShapes 2.0 (dependencies=TRUE),CIV-1889-1893,CIV-1902-1932,CShapes,VERIFIED,"Colonial period. CShapes status=colony, ruler=FRA."
CIV-1902-1932,Côte d'Ivoire (1902-1932),1902,1932,31,national,Africa,CIV,437,CShapes 2.0 (dependencies=TRUE),CIV-1893-1900,CIV-1933-1947,CShapes,VERIFIED,"Colonial period. CShapes status=colony, ruler=FRA."
CIV-1933-1947,Côte d'Ivoire (1933-1947),1933,1947,15,national,Africa,CIV,437,CShapes 2.0 (dependencies=TRUE),CIV-1902-1932,CIV-1947-1960,CShapes,VERIFIED,"Colonial period. CShapes status=colony, ruler=FRA."
CIV-1947-1960,Côte d'Ivoire (1947-1960),1947,1960,14,national,Africa,CIV,437,CShapes 2.0 (dependencies=TRUE),CIV-1933-1947,CIV-1960-2025,CShapes,VERIFIED,"Colonial period. CShapes status=colony, ruler=FRA."
GIN-1894-1958,Guinea (1894-1958),1894,1958,65,national,Africa,GIN,438,CShapes 2.0 (dependencies=TRUE),NA,GIN-1958-2025,CShapes,VERIFIED,"Colonial period. CShapes status=colony, ruler=FRA."
BFA-1919-1932,Burkina Faso (1919-1932),1919,1932,14,national,Africa,BFA,439,CShapes 2.0 (dependencies=TRUE),NA,NA,CShapes,VERIFIED,"Colonial period. CShapes status=colony, ruler=FRA."
BFA-1947-1960,Burkina Faso (1947-1960),1947,1960,14,national,Africa,BFA,439,CShapes 2.0 (dependencies=TRUE),NA,BFA-1960-2025,CShapes,VERIFIED,"Colonial period. CShapes status=colony, ruler=FRA."
SLE-1886-1889,Sierra Leone (1886-1889),1886,1889,4,national,Africa,SLE,451,CShapes 2.0 (dependencies=TRUE),NA,SLE-1889-1895,CShapes,VERIFIED,"Colonial period. CShapes status=colony, ruler=GBR."
SLE-1889-1895,Sierra Leone (1889-1895),1889,1895,7,national,Africa,SLE,451,CShapes 2.0 (dependencies=TRUE),SLE-1886-1889,SLE-1895-1961,CShapes,VERIFIED,"Colonial period. CShapes status=colony, ruler=GBR."
SLE-1895-1961,Sierra Leone (1895-1961),1895,1961,67,national,Africa,SLE,451,CShapes 2.0 (dependencies=TRUE),SLE-1889-1895,NA,CShapes,VERIFIED,"Colonial period. CShapes status=colony, ruler=GBR."
GAB-1919-1960,Gabon (1919-1960),1919,1960,42,national,Africa,GAB,481,CShapes 2.0 (dependencies=TRUE),GAB-1912-1919,GAB-1960-2025,CShapes,VERIFIED,"Colonial period. CShapes status=colony, ruler=FRA."
CAF-1906-1912,Central African Republic (1906-1912),1906,1912,7,national,Africa,CAF,482,CShapes 2.0 (dependencies=TRUE),NA,CAF-1912-1919,CShapes,VERIFIED,"Colonial period. CShapes status=colony, ruler=FRA."
CAF-1912-1919,Central African Republic (1912-1919),1912,1919,8,national,Africa,CAF,482,CShapes 2.0 (dependencies=TRUE),CAF-1906-1912,CAF-1919-1960,CShapes,VERIFIED,"Colonial period. CShapes status=colony, ruler=FRA."
CAF-1919-1960,Central African Republic (1919-1960),1919,1960,42,national,Africa,CAF,482,CShapes 2.0 (dependencies=TRUE),CAF-1912-1919,CAF-1960-2025,CShapes,VERIFIED,"Colonial period. CShapes status=colony, ruler=FRA."
TCD-1920-1960,Chad (1920-1960),1920,1960,41,national,Africa,TCD,483,CShapes 2.0 (dependencies=TRUE),TCD-1912-1919,TCD-1960-2025,CShapes,VERIFIED,"Colonial period. CShapes status=colony, ruler=FRA."
COG-1919-1960,Congo (1919-1960),1919,1960,42,national,Africa,COG,484,CShapes 2.0 (dependencies=TRUE),COG-1912-1919,COG-1960-2025,CShapes,VERIFIED,"Colonial period. CShapes status=colony, ruler=FRA."
COD-1910-1960,DR Congo (1910-1960),1910,1960,51,national,Africa,COD,490,CShapes 2.0 (dependencies=TRUE),COD-1894-1910,COD-1960-2025,CShapes,VERIFIED,"Colonial period. CShapes status=colony, ruler=BEL."
UGA-1926-1962,Uganda (1926-1962),1926,1962,37,national,Africa,UGA,500,CShapes 2.0 (dependencies=TRUE),UGA-1910-1926,UGA-1962-2025,CShapes,VERIFIED,"Colonial period. CShapes status=protectorate, ruler=GBR."
KEN-1926-1963,Kenya (1926-1963),1926,1963,38,national,Africa,KEN,501,CShapes 2.0 (dependencies=TRUE),KEN-1907-1924; KEN-1924-1926,KEN-1963-2025,CShapes,VERIFIED,"Colonial period. CShapes status=colony, ruler=GBR."
RWB-1922-1962,Ruanda-Urundi (1922-1962),1922,1962,41,national,Africa,RWB,515,CShapes 2.0 (dependencies=TRUE),NA,NA,CShapes,VERIFIED,"Colonial period. CShapes status=mandate, ruler=BEL."
DJI-1886-1900,Djibouti (1886-1900),1886,1900,15,national,Africa,DJI,522,CShapes 2.0 (dependencies=TRUE),NA,DJI-1900-1977,CShapes,VERIFIED,"Colonial period. CShapes status=colony, ruler=FRA."
DJI-1900-1977,Djibouti (1900-1977),1900,1977,78,national,Africa,DJI,522,CShapes 2.0 (dependencies=TRUE),DJI-1886-1900,DJI-1977-2025,CShapes,VERIFIED,"Colonial period. CShapes status=colony, ruler=FRA."
ERI-1889-1900,Eritrea (1889-1900),1889,1900,12,national,Africa,ERI,531,CShapes 2.0 (dependencies=TRUE),ERI-1882-1889,ERI-1900-1941,CShapes,VERIFIED,"Colonial period. CShapes status=colony, ruler=ITA."
ERI-1900-1941,Eritrea (1900-1941),1900,1941,42,national,Africa,ERI,531,CShapes 2.0 (dependencies=TRUE),ERI-1889-1900,ERI-1941-1952,CShapes,VERIFIED,"Colonial period. CShapes status=colony, ruler=ITA."
ERI-1941-1952,Eritrea (1941-1952),1941,1952,12,national,Africa,ERI,531,CShapes 2.0 (dependencies=TRUE),ERI-1900-1941,NA,CShapes,VERIFIED,"Colonial period. CShapes status=occupied, ruler=ITA."
ANG-1905-1975,Angola (1905-1975),1905,1975,71,national,Africa,ANG,540,CShapes 2.0 (dependencies=TRUE),ANG-1891-1905,NA,CShapes,VERIFIED,"Colonial period. CShapes status=colony, ruler=PRT."
MOZ-1891-1975,Mozambique (1891-1975),1891,1975,85,national,Africa,MOZ,541,CShapes 2.0 (dependencies=TRUE),MOZ-1800-1891,NA,CShapes,VERIFIED,"Colonial period. CShapes status=colony, ruler=PRT."
ZMB-1911-1953,Zambia (1911-1953),1911,1953,43,national,Africa,ZMB,551,CShapes 2.0 (dependencies=TRUE),NA,NA,CShapes,VERIFIED,"Colonial period. CShapes status=colony, ruler=GBR."
ZWE-1891-1900,Zimbabwe (1891-1900),1891,1900,10,national,Africa,ZWE,552,CShapes 2.0 (dependencies=TRUE),NA,ZWE-1900-1953,CShapes,VERIFIED,"Colonial period. CShapes status=colony, ruler=GBR."
ZWE-1900-1953,Zimbabwe (1900-1953),1900,1953,54,national,Africa,ZWE,552,CShapes 2.0 (dependencies=TRUE),ZWE-1891-1900,NA,CShapes,VERIFIED,"Colonial period. CShapes status=colony, ruler=GBR."
MWI-1891-1953,Malawi (1891-1953),1891,1953,63,national,Africa,MWI,553,CShapes 2.0 (dependencies=TRUE),NA,NA,CShapes,VERIFIED,"Colonial period. CShapes status=protectorate, ruler=GBR."
NAM-1886-1915,Namibia (1886-1915),1886,1915,30,national,Africa,NAM,565,CShapes 2.0 (dependencies=TRUE),NA,NAM-1915-1920,CShapes,VERIFIED,"Colonial period. CShapes status=colony, ruler=ZAF."
NAM-1915-1920,Namibia (1915-1920),1915,1920,6,national,Africa,NAM,565,CShapes 2.0 (dependencies=TRUE),NAM-1886-1915,NAM-1920-1966,CShapes,VERIFIED,"Colonial period. CShapes status=occupied, ruler=ZAF."
NAM-1920-1966,Namibia (1920-1966),1920,1966,47,national,Africa,NAM,565,CShapes 2.0 (dependencies=TRUE),NAM-1915-1920,NAM-1966-1990,CShapes,VERIFIED,"Colonial period. CShapes status=mandate, ruler=ZAF."
NAM-1966-1990,Namibia (1966-1990),1966,1990,25,national,Africa,NAM,565,CShapes 2.0 (dependencies=TRUE),NAM-1920-1966,NA,CShapes,VERIFIED,"Colonial period. CShapes status=colony, ruler=ZAF."
LSO-1886-1966,Lesotho (1886-1966),1886,1966,81,national,Africa,LSO,570,CShapes 2.0 (dependencies=TRUE),NA,LSO-1966-2025,CShapes,VERIFIED,"Colonial period. CShapes status=colony, ruler=GBR."
BOT-1895-1966,Botswana (1895-1966),1895,1966,72,national,Africa,BOT,571,CShapes 2.0 (dependencies=TRUE),BOT-1890-1895,NA,CShapes,VERIFIED,"Colonial period. CShapes status=protectorate, ruler=GBR."
SWZ-1895-1902,Eswatini (1895-1902),1895,1902,8,national,Africa,SWZ,572,CShapes 2.0 (dependencies=TRUE),NA,SWZ-1902-1968,CShapes,VERIFIED,"Colonial period. CShapes status=colony, ruler=GBR."
SWZ-1902-1968,Eswatini (1902-1968),1902,1968,67,national,Africa,SWZ,572,CShapes 2.0 (dependencies=TRUE),SWZ-1895-1902,NA,CShapes,VERIFIED,"Colonial period. CShapes status=colony, ruler=GBR."
MDG-1886-1896,Madagascar (1886-1896),1886,1896,11,national,Africa,MDG,580,CShapes 2.0 (dependencies=TRUE),NA,MDG-1896-1912,CShapes,VERIFIED,"Colonial period. CShapes status=protectorate, ruler=FRA."
MDG-1896-1912,Madagascar (1896-1912),1896,1912,17,national,Africa,MDG,580,CShapes 2.0 (dependencies=TRUE),MDG-1886-1896,MDG-1912-1946,CShapes,VERIFIED,"Colonial period. CShapes status=colony, ruler=FRA."
MDG-1912-1946,Madagascar (1912-1946),1912,1946,35,national,Africa,MDG,580,CShapes 2.0 (dependencies=TRUE),MDG-1896-1912,MDG-1946-1960,CShapes,VERIFIED,"Colonial period. CShapes status=colony, ruler=FRA."
MDG-1946-1960,Madagascar (1946-1960),1946,1960,15,national,Africa,MDG,580,CShapes 2.0 (dependencies=TRUE),MDG-1912-1946,NA,CShapes,VERIFIED,"Colonial period. CShapes status=colony, ruler=FRA."
COM-1946-1975,Comoros (1946-1975),1946,1975,30,national,Africa,COM,581,CShapes 2.0 (dependencies=TRUE),NA,COM-1975-2025,CShapes,VERIFIED,"Colonial period. CShapes status=colony, ruler=FRA."
MUS-1886-1968,Mauritius (1886-1968),1886,1968,83,national,Africa,MUS,590,CShapes 2.0 (dependencies=TRUE),NA,NA,CShapes,VERIFIED,"Colonial period. CShapes status=colony, ruler=GBR."
DZA-1886-1901,Algeria (1886-1901),1886,1901,16,national,Africa,DZA,615,CShapes 2.0 (dependencies=TRUE),NA,DZA-1902-1919,CShapes,VERIFIED,"Colonial period. CShapes status=colony, ruler=FRA."
DZA-1902-1919,Algeria (1902-1919),1902,1919,18,national,Africa,DZA,615,CShapes 2.0 (dependencies=TRUE),DZA-1886-1901,DZA-1919-1962,CShapes,VERIFIED,"Colonial period. CShapes status=colony, ruler=FRA."
DZA-1919-1962,Algeria (1919-1962),1919,1962,44,national,Africa,DZA,615,CShapes 2.0 (dependencies=TRUE),DZA-1902-1919,NA,CShapes,VERIFIED,"Colonial period. CShapes status=colony, ruler=FRA."
TUN-1886-1955,Tunisia (1886-1955),1886,1955,70,national,Africa,TUN,616,CShapes 2.0 (dependencies=TRUE),NA,NA,CShapes,VERIFIED,"Colonial period. CShapes status=protectorate, ruler=FRA."
LBY-1912-1919,Libya (1912-1919),1912,1919,8,national,Africa,LBY,620,CShapes 2.0 (dependencies=TRUE),NA,LBY-1919-1925,CShapes,VERIFIED,"Colonial period. CShapes status=colony, ruler=ITA."
LBY-1919-1925,Libya (1919-1925),1919,1925,7,national,Africa,LBY,620,CShapes 2.0 (dependencies=TRUE),LBY-1912-1919,LBY-1925-1934,CShapes,VERIFIED,"Colonial period. CShapes status=colony, ruler=ITA."
LBY-1925-1934,Libya (1925-1934),1925,1934,10,national,Africa,LBY,620,CShapes 2.0 (dependencies=TRUE),LBY-1919-1925,LBY-1934-1943,CShapes,VERIFIED,"Colonial period. CShapes status=colony, ruler=ITA."
LBY-1934-1943,Libya (1934-1943),1934,1943,10,national,Africa,LBY,620,CShapes 2.0 (dependencies=TRUE),LBY-1925-1934,LBY-1943-1949,CShapes,VERIFIED,"Colonial period. CShapes status=colony, ruler=ITA."
LBY-1943-1949,Libya (1943-1949),1943,1949,7,national,Africa,LBY,620,CShapes 2.0 (dependencies=TRUE),LBY-1934-1943,LBY-1951-2025,CShapes,VERIFIED,"Colonial period. CShapes status=occupied, ruler=ITA."
SDN-1899-1902,Sudan (1899-1902),1899,1902,4,national,Africa,SDN,625,CShapes 2.0 (dependencies=TRUE),NA,SDN-1902-1910,CShapes,VERIFIED,"Colonial period. CShapes status=colony, ruler=GBR."
SDN-1902-1910,Sudan (1902-1910),1902,1910,9,national,Africa,SDN,625,CShapes 2.0 (dependencies=TRUE),SDN-1899-1902,SDN-1910-1914,CShapes,VERIFIED,"Colonial period. CShapes status=colony, ruler=GBR."
SDN-1910-1914,Sudan (1910-1914),1910,1914,5,national,Africa,SDN,625,CShapes 2.0 (dependencies=TRUE),SDN-1902-1910,SDN-1914-1934,CShapes,VERIFIED,"Colonial period. CShapes status=colony, ruler=GBR."
SDN-1914-1934,Sudan (1914-1934),1914,1934,21,national,Africa,SDN,625,CShapes 2.0 (dependencies=TRUE),SDN-1910-1914,SDN-1934-1955,CShapes,VERIFIED,"Colonial period. CShapes status=colony, ruler=GBR."
SDN-1934-1955,Sudan (1934-1955),1934,1955,22,national,Africa,SDN,625,CShapes 2.0 (dependencies=TRUE),SDN-1914-1934,NA,CShapes,VERIFIED,"Colonial period. CShapes status=colony, ruler=GBR."
SYR-1922-1945,Syria (1922-1945),1922,1945,24,national,Asia,SYR,652,CShapes 2.0 (dependencies=TRUE),NA,SYR-1946-1967,CShapes,VERIFIED,"Colonial period. CShapes status=mandate, ruler=FRA."
LBN-1920-1944,Lebanon (1920-1944),1920,1944,25,national,Asia,LBN,660,CShapes 2.0 (dependencies=TRUE),NA,LBN-1944-2025,CShapes,VERIFIED,"Colonial period. CShapes status=mandate, ruler=FRA."
JOR-1925-1946,Jordan (1925-1946),1925,1946,22,national,Asia,JOR,663,CShapes 2.0 (dependencies=TRUE),JOR-1920-1923,NA,CShapes,VERIFIED,"Colonial period. CShapes status=mandate, ruler=GBR."
ARE-1892-1913,UAE (1892-1913),1892,1913,22,national,Asia,ARE,696,CShapes 2.0 (dependencies=TRUE),NA,ARE-1913-1971,CShapes,VERIFIED,"Colonial period. CShapes status=protectorate, ruler=GBR."
ARE-1913-1971,UAE (1913-1971),1913,1971,59,national,Asia,ARE,696,CShapes 2.0 (dependencies=TRUE),ARE-1892-1913,ARE-1971-2025,CShapes,VERIFIED,"Colonial period. CShapes status=protectorate, ruler=GBR."
AFG-1888-1893,Afghanistan (1888-1893),1888,1893,6,national,Asia,AFG,700,CShapes 2.0 (dependencies=TRUE),AFG-1800-1888,AFG-1893-1919,CShapes,VERIFIED,"Colonial period. CShapes status=protectorate, ruler=GBR."
AFG-1893-1919,Afghanistan (1893-1919),1893,1919,27,national,Asia,AFG,700,CShapes 2.0 (dependencies=TRUE),AFG-1888-1893,AFG-1919-2025,CShapes,VERIFIED,"Colonial period. CShapes status=protectorate, ruler=GBR."
KOR-1905-1910,Korea (1905-1910),1905,1910,6,national,Asia,KOR,730,CShapes 2.0 (dependencies=TRUE),NA,KOR-1910-1945,CShapes,VERIFIED,"Colonial period. CShapes status=protectorate, ruler=JPN."
KOR-1910-1945,Korea (1910-1945),1910,1945,36,national,Asia,KOR,730,CShapes 2.0 (dependencies=TRUE),KOR-1905-1910,NA,CShapes,VERIFIED,"Colonial period. CShapes status=colony, ruler=JPN."
LKA-1886-1948,Sri Lanka (1886-1948),1886,1948,63,national,Asia,LKA,780,CShapes 2.0 (dependencies=TRUE),NA,NA,CShapes,VERIFIED,"Colonial period. CShapes status=colony, ruler=GBR."
KHM-1907-1953,Cambodia (1907-1953),1907,1953,47,national,Asia,KHM,811,CShapes 2.0 (dependencies=TRUE),KHM-1904-1907,KHM-1953-2025,CShapes,VERIFIED,"Colonial period. CShapes status=colony, ruler=FRA."
LAO-1893-1896,Laos (1893-1896),1893,1896,4,national,Asia,LAO,812,CShapes 2.0 (dependencies=TRUE),NA,LAO-1896-1953,CShapes,VERIFIED,"Colonial period. CShapes status=colony, ruler=FRA."
LAO-1896-1953,Laos (1896-1953),1896,1953,58,national,Asia,LAO,812,CShapes 2.0 (dependencies=TRUE),LAO-1893-1896,LAO-1954-2025,CShapes,VERIFIED,"Colonial period. CShapes status=colony, ruler=FRA."
VNM-1893-1954,Vietnam (1893-1954),1893,1954,62,national,Asia,VNM,815,CShapes 2.0 (dependencies=TRUE),VNM-1800-1893,NA,CShapes,VERIFIED,"Colonial period. CShapes status=colony, ruler=FRA."
SGP-1946-1962,Singapore (1946-1962),1946,1962,17,national,Asia,SGP,830,CShapes 2.0 (dependencies=TRUE),NA,NA,CShapes,VERIFIED,"Colonial period. CShapes status=colony, ruler=GBR."
BRN-1888-1983,Brunei (1888-1983),1888,1983,96,national,Asia,BRN,835,CShapes 2.0 (dependencies=TRUE),BRN-1816-1888,NA,CShapes,VERIFIED,"Colonial period. CShapes status=protectorate, ruler=GBR."
PHL-1886-1898,Philippines (1886-1898),1886,1898,13,national,Asia,PHL,840,CShapes 2.0 (dependencies=TRUE),NA,PHL-1898-1946,CShapes,VERIFIED,"Colonial period. CShapes status=colony, ruler=ESP."
PHL-1898-1946,Philippines (1898-1946),1898,1946,49,national,Asia,PHL,840,CShapes 2.0 (dependencies=TRUE),PHL-1886-1898,NA,CShapes,VERIFIED,"Colonial period. CShapes status=colony, ruler=ESP."
SLB-1893-1899,Solomon Islands (1893-1899),1893,1899,7,national,Oceania,SLB,940,CShapes 2.0 (dependencies=TRUE),NA,SLB-1899-1951,CShapes,VERIFIED,"Colonial period. CShapes status=protectorate, ruler=GBR."
SLB-1899-1951,Solomon Islands (1899-1951),1899,1951,53,national,Oceania,SLB,940,CShapes 2.0 (dependencies=TRUE),SLB-1893-1899,SLB-1952-1978,CShapes,VERIFIED,"Colonial period. CShapes status=protectorate, ruler=GBR."
SLB-1952-1978,Solomon Islands (1952-1978),1952,1978,27,national,Oceania,SLB,940,CShapes 2.0 (dependencies=TRUE),SLB-1899-1951,NA,CShapes,VERIFIED,"Colonial period. CShapes status=protectorate, ruler=GBR."
FJI-1886-1970,Fiji (1886-1970),1886,1970,85,national,Oceania,FJI,950,CShapes 2.0 (dependencies=TRUE),NA,NA,CShapes,VERIFIED,"Colonial period. CShapes status=colony, ruler=GBR."
OTT-1800-1886,Ottoman Empire (to 1886),1800,1886,87,national,Europe,OTT,640,"Cliopatria (Ottoman Empire 1800-1802, 2.66M km2)",NA,OTT-1886-1908,FT; CShapes,VERIFIED,"Ottoman Empire at near-maximum extent. Lost Greece (1832), parts of Caucasus to Russia, Algeria to France (1830). Cliopatria polygon represents 1800 extent (~2.66M km2). Actual territory contracted significantly during this period."
OTT-1886-1908,Ottoman Empire (1886-1908),1886,1908,23,national,Europe,OTT,640,CShapes 2.0,OTT-1800-1886,OTT-1908-1912,FT; CShapes,VERIFIED,"Ottoman Empire post-1878 losses (Romania, Serbia, Montenegro, Bulgaria autonomous). Still holds Bosnia (occupied by Austria-Hungary), Libya, Hejaz, Mesopotamia, Levant."
OTT-1908-1912,Ottoman Empire (1908-1912),1908,1912,5,national,Europe,OTT,640,CShapes 2.0,OTT-1886-1908,TUR-1913-1914; SAU-1924-1932,FT; CShapes,VERIFIED,Ottoman Empire after Bosnia formally annexed by Austria-Hungary (1908). Lost Libya to Italy (1911-12). Balkan Wars (1912-13) cost most remaining European territory. Collapse led to modern Turkey and Arab states.
X06-1800-2025,Africa,1800,2025,226,aggregate,Global,NA,NA,none (statistical aggregate),NA,NA,FT; FAOSTAT; M49; CShapes,REGION,NA
X21-1800-2025,Americas,1800,2025,226,aggregate,Global,NA,NA,none (statistical aggregate),NA,NA,FT; FAOSTAT; M49; CShapes,REGION,NA
F5848-1800-2025,Annex I countries,1800,2025,226,aggregate,Global,NA,NA,none (statistical aggregate),NA,NA,FT; FAOSTAT; M49; CShapes,REGION,NA
F5600-1800-2025,Antarctic Region,1800,2025,226,aggregate,Global,NA,NA,none (statistical aggregate),NA,NA,FT; FAOSTAT; M49; CShapes,REGION,NA
F5300-1800-2025,Asia,1800,2025,226,aggregate,Global,NA,NA,none (statistical aggregate),NA,NA,FT; FAOSTAT; M49; CShapes,REGION,NA
F5501-1800-2025,Australia and New Zealand,1800,2025,226,aggregate,Global,NA,NA,none (statistical aggregate),NA,NA,FT; FAOSTAT; M49; CShapes,REGION,NA
F5206-1800-2025,Caribbean,1800,2025,226,aggregate,Global,NA,NA,none (statistical aggregate),NA,NA,FT; FAOSTAT; M49; CShapes,REGION,NA
F5857-1800-2025,Caucasus and Central Asia,1800,2025,226,aggregate,Global,NA,NA,none (statistical aggregate),NA,NA,FT; FAOSTAT; M49; CShapes,REGION,NA
F5204-1800-2025,Central America,1800,2025,226,aggregate,Global,NA,NA,none (statistical aggregate),NA,NA,FT; FAOSTAT; M49; CShapes,REGION,NA
F5101-1800-2025,Eastern Africa,1800,2025,226,aggregate,Global,NA,NA,none (statistical aggregate),NA,NA,FT; FAOSTAT; M49; CShapes,REGION,NA
F5302-1800-2025,Eastern Asia,1800,2025,226,aggregate,Global,NA,NA,none (statistical aggregate),NA,NA,FT; FAOSTAT; M49; CShapes,REGION,NA
F5829-1800-2025,Eastern Asia (excluding Japan and China),1800,2025,226,aggregate,Global,NA,NA,none (statistical aggregate),NA,NA,FT; FAOSTAT; M49; CShapes,REGION,NA
F5307-1800-2025,Eastern Asia and South-eastern Asia,1800,2025,226,aggregate,Global,NA,NA,none (statistical aggregate),NA,NA,FT; FAOSTAT; M49; CShapes,REGION,NA
F5401-1800-2025,Eastern Europe,1800,2025,226,aggregate,Global,NA,NA,none (statistical aggregate),NA,NA,FT; FAOSTAT; M49; CShapes,REGION,NA
F5400-1800-2025,Europe,1800,2025,226,aggregate,Global,NA,NA,none (statistical aggregate),NA,NA,FT; FAOSTAT; M49; CShapes,REGION,NA
EUR-1800-2025,"Europe, Northern America, Australia and New Zealand",1800,2025,226,aggregate,Global,EUR,NA,none (statistical aggregate),NA,NA,FT; FAOSTAT; M49; CShapes,VERIFIED,NA
F5707-1800-2025,European Union (27),1800,2025,226,aggregate,Global,NA,NA,none (statistical aggregate),NA,NA,FT; FAOSTAT; M49; CShapes,REGION,NA
F99029-1800-2025,"FAO Major Fishing Area: Atlantic, Eastern Central (14.4.1)",1800,2025,226,aggregate,Global,NA,NA,none (statistical aggregate),NA,NA,FT; FAOSTAT; M49; CShapes,REGION,NA
F99024-1800-2025,"FAO Major Fishing Area: Atlantic, Northeast (14.4.1)",1800,2025,226,aggregate,Global,NA,NA,none (statistical aggregate),NA,NA,FT; FAOSTAT; M49; CShapes,REGION,NA
F99023-1800-2025,"FAO Major Fishing Area: Atlantic, Northwest (14.4.1)",1800,2025,226,aggregate,Global,NA,NA,none (statistical aggregate),NA,NA,FT; FAOSTAT; M49; CShapes,REGION,NA
F99026-1800-2025,"FAO Major Fishing Area: Atlantic, Southeast (14.4.1)",1800,2025,226,aggregate,Global,NA,NA,none (statistical aggregate),NA,NA,FT; FAOSTAT; M49; CShapes,REGION,NA
F99030-1800-2025,"FAO Major Fishing Area: Atlantic, Southwest (14.4.1)",1800,2025,226,aggregate,Global,NA,NA,none (statistical aggregate),NA,NA,FT; FAOSTAT; M49; CShapes,REGION,NA
F99028-1800-2025,"FAO Major Fishing Area: Atlantic, Western Central (14.4.1)",1800,2025,226,aggregate,Global,NA,NA,none (statistical aggregate),NA,NA,FT; FAOSTAT; M49; CShapes,REGION,NA
F99025-1800-2025,"FAO Major Fishing Area: Indian Ocean, Eastern (14.4.1)",1800,2025,226,aggregate,Global,NA,NA,none (statistical aggregate),NA,NA,FT; FAOSTAT; M49; CShapes,REGION,NA
F99027-1800-2025,"FAO Major Fishing Area: Indian Ocean, Western (14.4.1)",1800,2025,226,aggregate,Global,NA,NA,none (statistical aggregate),NA,NA,FT; FAOSTAT; M49; CShapes,REGION,NA
F99032-1800-2025,FAO Major Fishing Area: Mediterranean and Black Sea (14.4.1),1800,2025,226,aggregate,Global,NA,NA,none (statistical aggregate),NA,NA,FT; FAOSTAT; M49; CShapes,REGION,NA
F99018-1800-2025,"FAO Major Fishing Area: Pacific, Eastern Central (14.4.1)",1800,2025,226,aggregate,Global,NA,NA,none (statistical aggregate),NA,NA,FT; FAOSTAT; M49; CShapes,REGION,NA
F99019-1800-2025,"FAO Major Fishing Area: Pacific, Northeast (14.4.1)",1800,2025,226,aggregate,Global,NA,NA,none (statistical aggregate),NA,NA,FT; FAOSTAT; M49; CShapes,REGION,NA
F99020-1800-2025,"FAO Major Fishing Area: Pacific, Northwest (14.4.1)",1800,2025,226,aggregate,Global,NA,NA,none (statistical aggregate),NA,NA,FT; FAOSTAT; M49; CShapes,REGION,NA
F99031-1800-2025,"FAO Major Fishing Area: Pacific, Southeast (14.4.1)",1800,2025,226,aggregate,Global,NA,NA,none (statistical aggregate),NA,NA,FT; FAOSTAT; M49; CShapes,REGION,NA
F99022-1800-2025,"FAO Major Fishing Area: Pacific, Southwest (14.4.1)",1800,2025,226,aggregate,Global,NA,NA,none (statistical aggregate),NA,NA,FT; FAOSTAT; M49; CShapes,REGION,NA
F99021-1800-2025,"FAO Major Fishing Area: Pacific, Western Central (14.4.1)",1800,2025,226,aggregate,Global,NA,NA,none (statistical aggregate),NA,NA,FT; FAOSTAT; M49; CShapes,REGION,NA
F9010-1800-2025,High-income economies,1800,2025,226,aggregate,Global,NA,NA,none (statistical aggregate),NA,NA,FT; FAOSTAT; M49; CShapes,REGION,NA
F5823-1800-2025,International Centres (FAO) (2.5.1.a),1800,2025,226,aggregate,Global,NA,NA,none (statistical aggregate),NA,NA,FT; FAOSTAT; M49; CShapes,REGION,NA
F5802-1800-2025,Land Locked Developing Countries (LLDCs),1800,2025,226,aggregate,Global,NA,NA,none (statistical aggregate),NA,NA,FT; FAOSTAT; M49; CShapes,REGION,NA
F348-1800-2025,Latin America,1800,2025,226,aggregate,Global,NA,NA,none (statistical aggregate),NA,NA,FT; FAOSTAT; M49; CShapes,REGION,NA
F5205-1800-2025,Latin America and the Caribbean,1800,2025,226,aggregate,Global,NA,NA,none (statistical aggregate),NA,NA,FT; FAOSTAT; M49; CShapes,REGION,NA
F5801-1800-2025,Least Developed Countries (LDCs),1800,2025,226,aggregate,Global,NA,NA,none (statistical aggregate),NA,NA,FT; FAOSTAT; M49; CShapes,REGION,NA
F5815-1800-2025,Low Income Food Deficit Countries (LIFDCs),1800,2025,226,aggregate,Global,NA,NA,none (statistical aggregate),NA,NA,FT; FAOSTAT; M49; CShapes,REGION,NA
F5858-1800-2025,Low-income economies,1800,2025,226,aggregate,Global,NA,NA,none (statistical aggregate),NA,NA,FT; FAOSTAT; M49; CShapes,REGION,NA
F5859-1800-2025,Lower-middle-income economies,1800,2025,226,aggregate,Global,NA,NA,none (statistical aggregate),NA,NA,FT; FAOSTAT; M49; CShapes,REGION,NA
F5502-1800-2025,Melanesia,1800,2025,226,aggregate,Global,NA,NA,none (statistical aggregate),NA,NA,FT; FAOSTAT; M49; CShapes,REGION,NA
F5102-1800-2025,Middle Africa,1800,2025,226,aggregate,Global,NA,NA,none (statistical aggregate),NA,NA,FT; FAOSTAT; M49; CShapes,REGION,NA
F5817-1800-2025,Net Food Importing Developing Countries (NFIDCs),1800,2025,226,aggregate,Global,NA,NA,none (statistical aggregate),NA,NA,FT; FAOSTAT; M49; CShapes,REGION,NA
F5849-1800-2025,Non-Annex I countries,1800,2025,226,aggregate,Global,NA,NA,none (statistical aggregate),NA,NA,FT; FAOSTAT; M49; CShapes,REGION,NA
F336-1800-2025,North and Central America,1800,2025,226,aggregate,Global,NA,NA,none (statistical aggregate),NA,NA,FT; FAOSTAT; M49; CShapes,REGION,NA
F5103-1800-2025,Northern Africa,1800,2025,226,aggregate,Global,NA,NA,none (statistical aggregate),NA,NA,FT; FAOSTAT; M49; CShapes,REGION,NA
F429-1800-2025,Northern Africa (excluding Sudan),1800,2025,226,aggregate,Global,NA,NA,none (statistical aggregate),NA,NA,FT; FAOSTAT; M49; CShapes,REGION,NA
F5203-1800-2025,Northern America,1800,2025,226,aggregate,Global,NA,NA,none (statistical aggregate),NA,NA,FT; FAOSTAT; M49; CShapes,REGION,NA
F5208-1800-2025,Northern America and Europe,1800,2025,226,aggregate,Global,NA,NA,none (statistical aggregate),NA,NA,FT; FAOSTAT; M49; CShapes,REGION,NA
F5402-1800-2025,Northern Europe,1800,2025,226,aggregate,Global,NA,NA,none (statistical aggregate),NA,NA,FT; FAOSTAT; M49; CShapes,REGION,NA
F5873-1800-2025,OECD,1800,2025,226,aggregate,Global,NA,NA,none (statistical aggregate),NA,NA,FT; FAOSTAT; M49; CShapes,REGION,NA
F5500-1800-2025,Oceania,1800,2025,226,aggregate,Global,NA,NA,none (statistical aggregate),NA,NA,FT; FAOSTAT; M49; CShapes,REGION,NA
F5807-1800-2025,Oceania excluding Australia and New Zealand,1800,2025,226,aggregate,Global,NA,NA,none (statistical aggregate),NA,NA,FT; FAOSTAT; M49; CShapes,REGION,NA
F5504-1800-2025,Polynesia,1800,2025,226,aggregate,Global,NA,NA,none (statistical aggregate),NA,NA,FT; FAOSTAT; M49; CShapes,REGION,NA
F5822-1800-2025,Regional Centres (FAO) (2.5.1.a),1800,2025,226,aggregate,Global,NA,NA,none (statistical aggregate),NA,NA,FT; FAOSTAT; M49; CShapes,REGION,NA
F5803-1800-2025,Small Island Developing States (SIDS),1800,2025,226,aggregate,Global,NA,NA,none (statistical aggregate),NA,NA,FT; FAOSTAT; M49; CShapes,REGION,NA
F5207-1800-2025,South America,1800,2025,226,aggregate,Global,NA,NA,none (statistical aggregate),NA,NA,FT; FAOSTAT; M49; CShapes,REGION,NA
F5306-1800-2005,South-Central Asia,1800,2005,206,aggregate,Global,NA,NA,none (statistical aggregate),NA,NA,FT; FAOSTAT; M49; CShapes,REGION,NA
F5304-1800-2025,South-eastern Asia,1800,2025,226,aggregate,Global,NA,NA,none (statistical aggregate),NA,NA,FT; FAOSTAT; M49; CShapes,REGION,NA
F5104-1800-2025,Southern Africa,1800,2025,226,aggregate,Global,NA,NA,none (statistical aggregate),NA,NA,FT; FAOSTAT; M49; CShapes,REGION,NA
F5855-1800-2025,Southern Asia (excluding India),1800,2025,226,aggregate,Global,NA,NA,none (statistical aggregate),NA,NA,FT; FAOSTAT; M49; CShapes,REGION,NA
F5403-1800-2025,Southern Europe,1800,2025,226,aggregate,Global,NA,NA,none (statistical aggregate),NA,NA,FT; FAOSTAT; M49; CShapes,REGION,NA
F5810-1800-2025,Sub-Saharan Africa (including Sudan),1800,2025,226,aggregate,Global,NA,NA,none (statistical aggregate),NA,NA,FT; FAOSTAT; M49; CShapes,REGION,NA
F9011-1800-2025,Upper-middle-income economies,1800,2025,226,aggregate,Global,NA,NA,none (statistical aggregate),NA,NA,FT; FAOSTAT; M49; CShapes,REGION,NA
F5105-1800-2025,Western Africa,1800,2025,226,aggregate,Global,NA,NA,none (statistical aggregate),NA,NA,FT; FAOSTAT; M49; CShapes,REGION,NA
F5305-1800-2025,Western Asia,1800,2025,226,aggregate,Global,NA,NA,none (statistical aggregate),NA,NA,FT; FAOSTAT; M49; CShapes,REGION,NA
F5828-1800-2025,"Western Asia (exc. Armenia, Azerbaijan, Cyprus, Israel and Georgia)",1800,2025,226,aggregate,Global,NA,NA,none (statistical aggregate),NA,NA,FT; FAOSTAT; M49; CShapes,REGION,NA
F5308-1800-2025,Western Asia and Northern Africa,1800,2025,226,aggregate,Global,NA,NA,none (statistical aggregate),NA,NA,FT; FAOSTAT; M49; CShapes,REGION,NA
F5404-1800-2025,Western Europe,1800,2025,226,aggregate,Global,NA,NA,none (statistical aggregate),NA,NA,FT; FAOSTAT; M49; CShapes,REGION,NA
X01-1800-2025,World,1800,2025,226,aggregate,Global,NA,NA,none (statistical aggregate),NA,NA,FT; FAOSTAT; M49; CShapes,REGION,NA
F5301-2005-2025,Central Asia,2005,2025,21,aggregate,Global,NA,NA,none (statistical aggregate),NA,NA,FAOSTAT; M49; CShapes,REGION,NA
F5303-2005-2025,Southern Asia,2005,2025,21,aggregate,Global,NA,NA,none (statistical aggregate),NA,NA,FAOSTAT; M49; CShapes,REGION,NA
F420-2017-2025,Sub-Saharan Africa,2017,2025,9,aggregate,Global,NA,NA,none (statistical aggregate),NA,NA,FAOSTAT; M49; CShapes,REGION,NA
DEDREG-2021-2025,Developed regions,2021,2025,5,aggregate,Global,NA,NA,none (statistical aggregate),NA,NA,FAOSTAT; M49,VERIFIED,NA
DNGREG-2021-2025,Developing regions,2021,2025,5,aggregate,Global,NA,NA,none (statistical aggregate),NA,NA,FAOSTAT; M49,VERIFIED,NA
F5503-1800-2025,Micronesia (Oceania region),1800,2025,226,aggregate,Oceania,NA,NA,none (statistical aggregate),NA,NA,FT; FAOSTAT; M49; CShapes,REGION,NA
