continent,country,notes
AFRICA,Algeria,"French invaded and settled in Algiers in 1830. From 1848 until independence, France administered the whole Mediterranean region of Algeria as an integral part and département of the nation. We use the series from Mitchell (2007), where there is no information on bullion or re-exports. We deflate with Federico-Tena price indexes."
AFRICA,Angola,"The Portuguese were present in some – mostly coastal – points of the territory of what is now Angola, from the 16th to the 19th century, interacting in diverse ways with the peoples who lived there. In the 19th century, they slowly and hesitantly began to establish themselves in the interior. Angola as a Portuguese colony encompassing the present territory was not established before the end of the 19th century, and ""effective occupation"". We use data for current imports and exports for the years 1901-1936 in sterling pounds from Salgado (1939; “Mapa nº3” and “Mapa nº6”) which excludes bullion. We extend these series backwards to 1848, with the series of ‘National and nationalized Portuguese Exports and Imports from African colonies’ by Clarence-Smith (1983, p.404) and exports only to 1828 with the series of current exports from Ghana. We deflate with the Federico-Tena price indexes for British Gambia until 1850, and with Federico-Tena price indexes for Angola and Mozambique thereafter."
AFRICA,Belgian Congo (Zaire),"The Kingdom of Kongo was a powerful kingdom that existed from the 14th to the 18th century. It was the dominant force in the region until the arrival of the Portuguese. The Congo Free State (1885–1908) was a corporate state privately controlled by Leopold II of Belgium through the Association Internationale African, a non-governmental organization. Leopold was the sole shareholder and chairman. The state included the entire area of the present Democratic Republic of the Congo and Roger Casement's famous 1904 report estimated in ten million people. On 15 November 1908 King Léopold II of Belgium formally relinquished personal control of the Congo Free State. The renamed Belgian Congo came under the administration of the Belgian parliament, which lasted until independence was granted in 1960. We obtain a series of exports and imports in current Belgian francs from the Belgium Statistical Yearbook with some additiona from Mitchell (2007). Before 1887, we assume that trade was registered in trade statistics of neighboring polities. We deflate with Federico-Tena export and import price indexes since 1887."
AFRICA,British Cameroons,"It was a British Mandate territory in West Africa from 1922 to 1938. The area of present-day Cameroon was claimed by Germany as a protectorate during the ""Scramble for Africa"" at the end of the 19th century. During World War I, it was occupied by British, French and Belgian troops, and later mandated to Great Britain and France by the League of Nations in 1922. Northern Cameroons became a region of Nigeria on 31 May 1961, while Southern Cameroons became part of Cameroon later that year on 1 October 1961. In the meantime, the area was administered as a United Kingdom Trust Territory (UKTT). Britain's territory, a strip bordering Nigeria from the sea to Lake Chad, with an equal population was ruled from Lagos as Cameroons (British Cameroons). The trade of British Cameroons is included in trade of Nigeria (see United Kindgom (Colonies). Trade Statistics 1937 p.209)."
AFRICA,British East Africa (Kenya and Uganda),"The British East Africa  ""sphere of influence"", agreed at the Berlin Conference of 1885, extended up the coast and inland across the future Kenya and after 1890 included Uganda as well. Mombasa was the administrative center at this time. Exports and imports current data in pounds from 1895-1938 are the sum of Kenia and Uganda protectorate trade data. We use the series from United Kingdom (colonies). Statistical Yearbook for Uganda 1895-1913 and for both colonies since 1914, while for Kenya 1895-1914 we resort to data from Mitchell (2007).  We extrapolate backwards trade to 1828 with the series for Mauritius. We subtract re-exports according to the data from the same Statistical yearbook since 1913, using the 1913 figure (ca 10% - i.e. about a half of the percentage in interwar years) for the previous years.  We deflate with Federico-Tena export and import price indexes for Mauritius for 1828-1850 and for British East Africa thereafter."
AFRICA,British Protectorate (British Somaliland),"In 1888, after signing successive treaties with the then ruling Somali Sultans, the British established a protectorate in the region referred to as British Somaliland. Exports and imports current data in pounds from 1891-1938 came from United Kingdom (colonies). Statistical Yearbook. We extrapolate backwards to 1850 with the series for the Mauritius. We subtract re-exports according to the data from the same Statistical yearbook since 1913, using the 1913 figure (ca 10% - i.e. about a half of the percentage in interwar years) for the previous years. We deflate with Federico-Tena British Somaliland export and import price indexes."
AFRICA,Cape Verde (Cabo Verde),"Positioned on the great trade routes between Africa, Europe, and the New World, the archipelago under Portuguese rule prospered from the transatlantic slave trade, in the 16th century.  The 19th-century decline of the lucrative slave trade was only overcome because the British used Cape Verde as a storage depot for coal which was bound for the Americas. We use data for current imports and exports for the years 1901-1936 in sterling pounds from Salgado (1939; “Mapa nº3” and “ Mapa nº6”) which excludes bullion. We extrapolate the series at current prices to 1850 and in 1937-1938 with the trade data of Mauritius We deflate with Federico-Tena price indexes for Angola and Mozambique."
AFRICA,Cameroon (Kamerun),"Beginning on July 5, 1884, all of present-day Cameroon and parts of several of its neighbors became a German colony. In World War I the British invaded Cameroon from Nigeria in 1914.  After the war this colony was partitioned between the United Kingdom and France under a June 28, 1919 League of Nations mandates (Class B). France gained the larger geographical share, transferred Neukamerun back to neighboring French colonies, and ruled the rest from Yaoundé as Cameroun (French Cameroons). Britain's territory, a strip bordering Nigeria from the sea to Lake Chad, with an equal population was ruled from Lagos as Cameroons (British Cameroons). So we assume that it is German colony to 1914, and French since 1919.  Current exports and imports data came from Mitchell (2007) since 1891 (until 1914 in marks and in French Francs thereafter). We extrapolate to 1850 and in 1915-1918 with the series of trade of Ghana-Gold Coast respective exports and imports series. We deflate with Federico-Tena export and import price indexes."
AFRICA,Canary Islands,"Gran Canaria, a colony of Castile since March 6, 1480 and Tenerife, a Spanish colony since 1495, had separate governors. Canary Island was an independent trade policy unit before 1953, when it was incorporated to the Spanish trade statistical territory. Current prices for exports and imports are obtained from different sources - Quintana Navarro 1992 (reporting data from British Consular Reports) for 1826, 1853-56, 1861-69, 1872-73, 1884-1893, Martin-Hernandez (1992, p.97) for 1877-1881, both in pounds, and Spain. Statistical yearbook 1935 (in gold pesetas, without bullion) for 1931-1934. We have filled the gaps according to the Spanish exports and imports. We use for deflation the Federico-Tena Guatemala export and import price index, as the Canary had a similar export bundle."
AFRICA,Ceuta y Melilla,"In 1415, during the Battle of Ceuta, the city was captured by the Portuguese during the reign of John I of Portugal. During this time, Ceuta attracted many residents of Spanish origin. Ceuta became the only city of the Portuguese Empire that sided with Spain when Portugal regained its independence in 1640, and war broke out between the two countries. Melilla was conquered virtually without a fight in 1497, a few years after Castile had taken control of the Kingdom of Granada.  Ceuta y Melilla as the Canary Island are independent trade policies units before 1953 when both were incorporated to the Spanish trade statistical territory. We start from the data on total trade (in gold pesetas without bullion) for 1931-1934 in Spain. Statistical yearbook 1935, and we extrapolate them backwards to 1826 (for exports) and to 1850 (for imports) and forward to 1938 with the Canary trade series. We use for deflation the Federico-Tena Morocco price indexes."
AFRICA,Egypt,"Muhammad Ali emerged as a dominant figure and in 1805 was acknowledged by the Sultan in Istanbul as his viceroy in Egypt; the title implied subordination to the Sultan but this was in fact a polite fiction. Egypt annexed Northern Sudan (1820–1824), Syria (1833), and parts of Arabia and Anatolia; but in 1841 the European powers forced to return most of this conquests to the Ottomans, with the exception of Sudan. The Suez Canal, built in 1869 with the French and British partnership.  British rule lasted from 1882 when the British succeeded in defeating the Egyptian Army and took control of the country, to 1952. Current export and import series came from Mitchell (2007) in Egyptian Pounds, which we convert in dollars with the exchange rate from Appendix. We deflate these current price series with Federico-Tena price indexes for 1850-1885 and with the Hansen-Lucas (1978) indexes from 1885 to 1938."
AFRICA,Eritrea:,"In the period following the opening of the Suez Canal in 1869, when European powers scrambled for territory in Africa and tried to establish coaling stations for their ships, Italy invaded Ethiopia and occupied Eritrea. On 1 January 1890, Eritrea officially became a colony of Italy. In 1936, it became a province of Italian East Africa (Africa Orientale Italiana), along with Ethiopia and Italian Somaliland. We use the current exports and imports data from the League of Nations. Trade Statistics. Review in 1929-1938 and we extrapolate backwards to 1850 with the series for British Somalia. We also use the Federico-Tena British Somalia export and import price index for deflation."
AFRICA,Ethiopia,"Ethiopia was the only African country to defeat a European colonial power and retain its sovereignty as an independent country before 1936 became an Italian colony for a few years. It was the first independent African member of the League of Nations. We start from current exports from the League of Nations. Trade Statistics. Review for 1931-1934, we assume imports in the same proportion as British Somaliland and we extrapolate with the series of British Somaliland exports and imports backwards to 1850 and forward to 1938. We deflate with the Federico-Tena export and import price indexes for British Somaliland."
AFRICA,French Equatorial Africa (Congo and Chad),"France first established its presence in 1841 but the French consolidated their legal claim to the area through an 1887 convention with Congo Free State. However, the French did not consolidate their control over the area until 1903 after established colonial administration throughout the territory before in 1910, it became one of the four territories of the Federation of French Equatorial Africa (A.E.F.).  From the economic point of view, the French Equatorial Africa is divided in two regions. On one side, the territories of the Atlantic border that are part administratively of the Gabón Colonie as the ports of Libreville, Cap Lopez, Sette Cama and  Loango. On the other side, the territories close to the river Congo of the High Congo formed by the colonies of du Moyen Congo and I'Oubangui, Chari Tchad. Most the foreign trade pass across the port of Brazzaville and the Congo Belga border. Includes present-day Central African  Republic (colony 1906-1910), Chad (1891-1910), Gabon (protectorate 1839-1885, colony 1885-1910), French Congo (1882-1910). We obtain data of exports and imports since 1865 onwards from Mitchell (2007) and we extrapolate them backwards to 1850 assuming trade being nil in that year as landlocked territory.  From 1884 onwards, we piece together an annual series from French sources - France (colonies- Gulfe de Guinee et Congo). Trade statistics for 1884-1891, Gouvernment AEF (1913) for 1892  to 1912, and France. Statistical Yearbook (1939 p.223) from 1913 to 1921 (labeled Congo A.E.F.) and 1938 (Afrique Équatoriale Francaise).[1]  The data are deflated with Federico-Tena price indexes for French Equatorial Africa from 1850 to 1924 and with the indexes by Poquin (1957 Appendix) from 1924 to 1938."
AFRICA,French Somalia,"French colony in the Horn of Africa. It was established between 1883 and 1887, after the ruling Somali and Afar Sultans signed various treaties with the French. This arrangement lasted until 1946, when the polity became an overseas territory of France. In 1977, it became the independent country of Djibouti. We use current exports and imports series for Cóte des Somalies France. Statistical Yearbook (1939 p.220). We move that level backwards to 1828 according to British Somaliland trade. For constant prices we deflate using the Federico-Tena British Somaliland export and import price index."
AFRICA,French West Africa,"The Four Communes of Senegal were entitled to elect a Deputy to represent them in the French Parliament in the years 1848–1852, 1871–1876, and 1879–1940.  As the French pursued their part in the scramble for Africa in the 1880s and 1890s, they conquered large inland areas, and at first ruled them as either a part of the Senegal colony, or as independent entities. In the late 1890s, the French government began to rein in the territorial expansion of its ""officers on the ground"", and transferred all the territories west of Gabon to a single Governor based in Senegal. The first Governor General of Senegal was named in 1895, and in 1904, the territories he oversaw were formally named French West Africa (AOF). Gabon would later become the seat of its own federation French Equatorial Africa (AEF).  Administratively the colonial territory is formed on one side by five maritime territories: Mauritania (port Etienne), Senegal (Port Saint Louis and the big port of Dakar), French Guiney (Conakry), Ivory Coast (Port Bouet) and The Dahomey (Cotonou).  We assume that trade of the landlocked territories (French Sudan, High Volta and the Niger) are included in the series of French West Africa. From 1839 to 1891 we proxy total trade with the series for French Senegal, inclusive of Saint Louis and Coree, from France (colonies) Statistical Yearbook for 1839-1881 and France. Trade Statistics (1892) for 1881-1891. Since 1892 we use the data from France. Statistical Yearbook (1939) referring to Dahomey, Cote de Ivory, French Niguer, High Senegal and Niguer until 1920 and to the French West Africa thereafter.  Since 1922 we sum the trade of French Togoland, formerly part of German West Africa, even if formally it did not belong to the colony. We have extended backwards the export series from 1838 to 1830 following the series of Algerie. We deflate the current imports from 1850 with a Federico-Tena price index for French West Africa, exports with a Federico-Tena price index from 1850 to 1924,  and with the price index from Poquin (1957, Appendix) from 1924 onwards."
AFRICA,Gambia,"The British established the military post of Bathurst (now Banjul) in 1816. In the ensuing years, Banjul was at times under the jurisdiction of the British Governor General in Sierra Leone. In 1888 Gambia became a separate colony. An agreement with the French Republic in 1889 established the present boundaries. The Gambia became a British Crown colony called British Gambia. We get data of exports and imports from United Kingdom (colonies) Statistical Yearbook (ad annum) from 1828 to 1914 and from 1922 to 1938 and from Mitchell (2007) for 1915-1921.  We subtract re-exports according to the data from the same Statistical yearbook since 1913, using the 1913 figure (ca 1% - i.e. less than a third of the percentage in interwar years) for the previous years. We extrapolate the export series to 1817 by reflating the series of British commodity imports from West Africa at constant prices from Inikori (1983) with the Liverpool Palm oil price index (Latham 1973 p.292-293). We deflate the series with Federico-Tena price indexes from 1817 onwards."
AFRICA,German South West Africa (Namibia),"German South-West Africa (German: Deutsch-Südwestafrika, DSWA) was a colony of the German Empire from 1884 until 1915, when it was taken over by the Union of South Africa (as part of the British Empire) and administered as South-West Africa, finally becoming Namibia in 1990. Data on trade at current prices are reported by two British sources, United Kingdom (foreign countries). Statistical yearbook for 1901-1912 (pp.304-305) and the United Kingdom (colonies) Statistical yearbook from 1919 to 1938. Since 1922, the data refer to exports of domestic products. In that year, re-exports accounted for about 7% of total exports: we use this figure to subtract re-exports in 1901-1921. We extrapolate backward trade to 1850 according to the series for Ghana-Gold Coast. Finally, we deflate with Federico-Tena German South West Africa export and import price indexes."
AFRICA,Gold Coast-Ghana,"The Gold Coast was the region of West Africa that is now the nation of Ghana. Early uses of the term refer literally to the coast and not the interior. It was not until the 19th century that the term came to refer to areas that are far from the coast. In 1850 all of the settlements became part of the British Gold Coast. We get data of exports and imports from United Kingdom (colonies) Statistical Yearbook (ad annum) from 1828 to 1914 and from 1922 to 1938 and from Mitchell (2007) for 1915-1921.  We subtract re-exports according to the data from the same Statistical yearbook since 1913, using the 1913 figure (ca 0.2% - i.e. almost one fourth of the percentage in interwar years) for the previous years. We extrapolate the export series to 1817 by reflating the series of British commodity imports from West Africa at constant prices from Inikori (1983) with the Liverpool Palm oil price index (Latham 1973 p.292-293). The series after 1850 are deflated with Federico-Tena Gold Coast price indexes, while for exports 1817-1850 we use the Federico-Tena Gambia price index."
AFRICA,Guinea Bissau,"It then became the Portuguese colony of Portuguese Guinea in the early 19th century. Upon independence, declared in 1973. We used data for current imports and exports for the years 1901-1936 in sterling pounds from Salgado (1939; “Mapa nº3” and “ Mapa nº6”) which excludes bullion. We extend these series backwards to 1850 with the Gambia import and export series and we use Federico –Tena price indexes for Gambia to deflate."
AFRICA,Italian Libia Cyrenaica,"Italian Cyrenaica was an Italian colony, located in present-day eastern Libya, that existed from 1927 to 1934. It was part of the Italian North African territory conquered from the Ottoman Empire in 1911. Current exports and imports have been estimated in 1913 assuming a population in around 1 millon in that year, and a similar per capita exports than British Somaliland in the same year.  We use export and imports current data from League of Nations. Trade Statisics. We move the respective levels according the same bilateral trade series with Italy from 1910 to 1925 and backwards following the respective series of Tunisia. We obtain constant price series by deflating with the Federico-Tena British Somaliland export and import price indexes."
AFRICA,Italian Somalia,"Italian Somalia, was a colony of the Kingdom of Italy from the 1880s until 1936 in the region of modern-day Somalia. In 1936, the region was integrated into Africa Orientale Italiana as part of the Italian Empire. Data on trade of the area are available only after 1929, from League of Nations. Trade statistics. Review.  We project the level of exports and imports in 1929 backwards to 1913 with a simple average of indexes of imports from Somalia into Italy (Italy. Trade statistics) and from Italian East Africa into Aden from United Kingdom (colonies) Statistical Yearbook. We extrapolate the 1913 level back to 1850 with the series of British Somalia respective trade and we use the Federico-Tena British Somaliland export and import price indexes to deflate."
AFRICA,Liberia:,"Liberia is the only country in Africa founded by United States colonization while occupied by native Africans. Beginning in 1820, the region was colonized by black people  from the United States, most of whom were freed slaves. The only available series of Liberian trade, from Mitchell (2007) starts in 1930. We extrapolate imports and exports in that year to 1850 with the series for the French Equatorial Africa and we deflate the resulting series with the price indexes for French Equatorial Africa."
AFRICA,Madagascar,"The policy unit comprises the island of Madagascar, as well as numerous smaller peripheral islands. Beginning in the early 19th century, most of the island was united and ruled as the Kingdom of Madagascar by a series of Native nobles but under western different political and commercial alliance. The monarchy collapsed in 1897 when the island was absorbed into the French colonial empire. We get series of imports and exports at current prices from France. Statistical yearbook (1939) since 1881. We extrapolate the level of exports to 1850 by interpolating and extrapolating the scattered data 1864-1880 for the port of Toamasina, the main harbor of the island, from Campbell (1983 p.581) and the level of imports with the series for the Mauritius. We deflate the series with Federico-Tena price indexes."
AFRICA,Malawi (Nyasaland),"In 1889, a British protectorate was proclaimed over the Shire Highlands, which was extended in 1891 to include the whole of present day Malawi as the British Central Africa Protectorate. In 1907, the protectorate was renamed Nyasaland, a name it retained for the remainder of its time under British rule. We use export and import current data from Mitchell (2007) for 1894-1921 United Kingdom (colonies) Statistical Yearbook from 1922 onwards. From 1850-1894 we follow Mauritius exports and imports. United Kingdom (colonies) Statistical Yearbook provides data on re-exports and we assume the share to have remained constant at 6% before 1913.  We deflate export and import from 1850 to 1938 with Federico-Tena exports and imports price indexes, and exports from 1828 to 1850 with the Mauritius export price index."
AFRICA,Mauritius,"The British took control of Mauritius in 1810 during the Napoleonic Wars. This polity unit remained under British rule until it became an independent Commonwealth realm on 12 March 1968 and a republic within the Commonwealth on 12 March 1992. We use current exports and imports from United Kingdom (colonies). Statistical Yearbook from 1828 to 1938, filling the gap in 1915-1921 with the data from Mitchell (2007). We subtract re-exports with the data from the Yearbook in 1913 and after 1922, while before 1913 we assume the share to have remained constant at 2% (about a half of the percentage after 1922). We deflate with Federico-Tena price indexes."
AFRICA,Morocco,"The United Kingdom (Foreign Countries). Statistical Yearbook reports data on sea-borne import and export trade of the Empire of Morocco in pound sterling (excluding bullion) in 1835, 1839, 1852-1857 and 1862-64, and the France. Statistical Yearbook (1939) a continuous series since 1904. We extrapolate exports and imports to 1827 and 1850 respectively, and fill the gaps either by linear interpolarion between close-by years or by assuming that total exports moved in parallel to imports in France from Morocco, and total imports in parallel to imports in Algeria. We deflate with Federico-Tena price indexes."
AFRICA,Mozambique,"Colonized by Portugal from 1505, after over four centuries of Portuguese rule, Mozambique gained independence in 1975. During the 19th century other European powers, particularly the British (British South Africa Company) and the French (Madagascar), became increasingly involved in the trade and politics of the region around the Portuguese East African territories. We use data for current imports and exports for the years 1901-1936 in sterling pounds from Salgado (1939; “Mapa nº3” and “Mapa nº6”) which excludes bullion. We extend this series backwards to 1848, with the series of ‘National and nationalized Portuguese Exports and Imports from African colonies’ by Clarence-Smith (1983, p.404) and exports to 1828 with the Mauritius export series. We deflate exports from 1828 to 1850 with the Mauritius price index, while after 1850 we use the Federico-Tena Angola-Mozambique price indexes for both imports and exports."
AFRICA,Nyasaland Protectorate (Malawi),"In 1889, a British protectorate was proclaimed over the Shire Highlands, which was extended in 1891 to include the whole of present day Malawi as the British Central Africa Protectorate. In 1907, the protectorate was renamed Nyasaland, a name it retained for the remainder of its time under British rule. We use export and import current data from Mitchell (2007) for 1894-1921 United Kingdom (colonies) Statistical Yearbook from 1922 onwards. From 1850-1894 we follow Mauritius exports and imports. United Kingdom (colonies) Statistical Yearbook provides data on re-exports and we assume the share to have remained constant at 6% before 1913.  We deflate export and import from 1850 to 1938 with Federico-Tena exports and imports price indexes, and exports from 1828 to 1850 with the Mauritius export price index."
AFRICA,Nigeria,"First organized settlements of British people, in what later became Nigeria, was in Lagos Colony centered on the port of Lagos in what is now southern Nigeria. Lagos was annexed on 6 August 1861 and declared a colony on 5 March 1862. In 1885, British claims to a West African sphere of influence received recognition from other European nations, but only on 1 January 1901, Nigeria became a British protectorate, part of the British Empire. The independent kingdoms of what later became Nigeria fought many wars against the British Empire in the late 19th and early 20th centuries trying to regain independence. By war, the British conquered Benin in 1897, and in the Anglo-Aro War from 1901—1902 defeated other opponents. The restraint or complete destruction of these states opened up the Niger area to British rule. In 1914, the British formally united the Niger area as the Colony and Protectorate of Nigeria. We get data of exports and imports from United Kingdom (colonies) Statistical Yearbook (ad annum) from 1828 to 1914 and from 1922 to 1938 and from Mitchell (2007) for 1915-1921.  We subtract re-exports according to the data from the same Statistical yearbook in 1913 and since 1922, using the 1913 figure (ca 9% - a bit higher than in interwar years) for the previous years. We extrapolate the export series to 1817 by reflating the series of British commodity imports from West Africa at constant prices from Inikori (1983) with the Liverpool Palm oil price index (Latham 1973 p.292-293). We deflate the export series before 1850 with the Federico-Tena price index for Sierra Leone, both series from 1850 to 1900 with Federico-Tena price indexes and since 1902 with the Fisher price indexes by Birnberg and Resnick (1975 tab. A34)."
AFRICA,Reunion,"East of Madagascar, and southwest of Mauritius, Administratively, Reunion is even today one of the overseas departments of France. Colonization started in 1665, when the French East India Company sent the first 20 settlers. It was under French rule except for a few years after Napoleonic defeat. We use the Mitchell (2007) series for exports since 1838 and for imports since 1850 and we deflate them with the Federico-Tena Mauritius respective price indexes."
AFRICA,Rhodesia,"Rhodesia comprised the region now known as Zimbabwe (Southern Rhodesia) and Zambia (Nothern Rhodesia). We know that, de facto, in the interwar years existed only the former British colony of Southern Rhodesia (which had achieved responsible government in 1923). We have not estimated a series for this colony before 1906 because the United Kingdom (colonies) Statistical Yearbook (1916 p.60) states that the trade of Bechuanaland Protectorate, Southern Rhodesia and Northern Rhodesia was included in the figures for the Cape of Good Hope. This source reports separate series for Southern and Northern Rhodesia, apparently excluding transit, since 1906. We thus sum them and we compute series at constant prices with Federico-Tena price indexes."
AFRICA,Rwanda-Burundi,"Until 1918 part of the German East Africa. The Treaty of Versailles broke up the colony, giving the north-western area to Belgium as Rwanda-Burundi. We have obtained data for exports and imports 1929, 1932, 1935, 1936, 1937 and 1938 from League of Nations. Trade statistics. Review (1938). We interpolate the missing years and we extrapolate the series to 1922 to 1929 with the Tanganica series. We deflate with the exports and imports price indexes for Tanganica."
AFRICA,São Tomé and Príncipe,"The islands of São Tomé and Príncipe were uninhabited before the arrival of the Portuguese sometime around 1470.  By the mid-16th century the Portuguese settlers had turned the islands into Africa's foremost exporter of sugar. In the early 19th century, two new cash crops, coffee and cocoa, were introduced. By 1908, São Tomé had become the world's largest producer of cocoa, which remains the country's most important crop. We use data for current imports and exports for the years 1901-1936 in sterling pounds from Salgado (1939; “Mapa nº3” and “ Mapa nº6”) which excludes bullion. We extend the series to 1850 and to 1938 with import and export series for Gambia. We deflate exports with the adjusted London price of cocoa and imports with the Federico-Tena index for Angola and Mozambique."
AFRICA,Seychelles,"A transit point for trade between Africa and Asia, the 115 islands northeast of the island of Madagascar, were occasionally used by pirates until the French began to take control starting in 1756.  The British contested control over the islands between 1794 and 1810. Britain eventually assumed full control upon the surrender of Mauritius in 1810, formalized in 1814 at the Treaty of Paris. Seychelles became a crown colony separate from Mauritius in 1903 but it apparently enjoy from the beginning an autonomous administration. We get series of exports and imports for 1890-1938 from the United Kingdom (colonies). Statistical Yearbook (ad annum). We extrapolate exports to 1828 and imports to 1850 with the Mauritius series and we deflate the results with the Federico-Tena price indexes for Mauritius."
AFRICA,Sierra Leone,"In 1787 a settlement was founded in Sierra Leone in what was called the ""Province of Freedom”. In 1800 Sierra Leone was still only a small colony extending a few miles up the peninsula from Freetown.   Over the course of the 19th century that gradually changed: the British and Creoles in the Freetown area increased their involvement in—and their control over—the surrounding territory.   Although formally a Protectorate, Sierra Leone was more in the nature of a unilateral acquisition of territory by Britain. The United Kingdom (colonies) Statistical Yearbook (ad annum) reports data of imports and exports at current prices 1828 to 1914 and from 1922 to 1938, which we supplement with data from Mitchell (2007) for 1915-1921.  We subtract re-exports according to the data from the same Statistical yearbook in 1913 and since 1922, using the 1913 figure (ca 1% - very close to the share after 1922) for the previous years. We extrapolate the export series to 1817 by reflating the series of British commodity imports from West Africa at constant prices from Inikori (1983) with the Liverpool Palm oil price index (Latham 1973 p.292-293).  We deflate the series with Federico-Tena price indexes."
AFRICA,South Africa,"In 1652, a century and a half after the discovery of the Cape Sea Route, Jan van Riebeeck established a refreshment station at the Cape of Good Hope, at what would become Cape Town, on behalf of the Dutch East India Company. The British fought for the control of the South African mineral wealth. Cape Town became a British colony in 1806. During the 1830s, approximately 12,000 Boers (later known as Voortrekkers), departed from the Cape Colony, where they had been subjected to British control. They migrated to the future Natal, Orange Free State, and Transvaal regions. The Boers founded the Boer Republics: the South African Republic (now Gauteng, Limpopo, Mpumalanga and North West provinces) and the Orange Free State (Free State). The discovery of diamonds in 1867 and gold in 1884 in the interior started the Mineral Revolution and increased economic growth and immigration. This intensified the European-South African subjugation of the indigenous people. The struggle to control these important economic resources was a factor in relations between Europeans and the indigenous population and also between the Boers and the British. Eight years after the end of the Second Boer War and after four years of negotiation, an act of the British Parliament (South Africa Act 1909) created the Union of South Africa on 31 May 1910. The Union was a British dominion that included the former territories of the Cape and Natal colonies, as well as the republics of Orange Free State and Transvaal. All our data are from United Kingdom (colonies) Statistical Yearbooks several years series for the Cape of Good Hope from 1828 to 1849, aand a sum of the Cape of Good Hope  and Natal from 1850 to 1888. From 1889 to 1909, following United Kingdom (colonies) Statistical Yearbooks it is possible to sum Natal + Cape of Good Hope + Basutholand + Bechuonaland + Swaziland + Orage River Colonie + Transval total foreign trade for these regions that will constitute the Union of South Africa in 1910. The Board of Trade offer two series for exports and imports of the respective regions. The first that include the interstate trade between the mentioned regions, the second that exclude “as far as possible” that trade. Dimention of interstate trade records is very tiny between 1890-1900 but difference between series with or witout interregional trade arrive to be very significant (the first, in some years, threefold the levels of the second) from 1901 to 1909.  Our assumption is that land loked interstate trade regions double counting trade already record in the main ports of the open sea regions. That is the classical fail to distiguiss “transit trade”. So we have used the second series that exclude interstate trade (“as far as possible”) that are also much more consistent with the official Union of South Africa data in 1910.  Since 1910, the United Kingdom (colonies) Statistical Yearbook (ad annum) report data for the whole South Africa. We subtract re-exports according to the data from the same Statistical yearbook in 1913 and since 1922, using the 1913 figure (ca 2% about half the share after 1922) for the previous years. We deflate with Federico-Tena price indexes."
AFRICA,Sudan,"With the opening of the Suez Canal in 1869, Egypt and Sudan's economic and strategic importance increased enormously, attracting the imperial attentions of the Great Powers, particularly the United Kingdom. In 1882, the British bombarded Alexandria, Egypt's and Sudan's primary seaport, and subsequently invaded the country. British forces overthrew the government in Cairo and proceeded to occupy the rest of Egypt and Sudan in 1882. From 1885 to 1898 the population of Sudan collapsed from eight to three million due to war, famine and disease. Whereas British influence in Egypt was officially advisory (though in reality it was far more direct), the British insisted that their role in Sudan be formalized. Thus, an agreement was reached in 1899 establishing Anglo-Egyptian rule, under which Sudan was to be administered by a governor-general appointed by Egypt with British consent. We use current export and import series from United Kingdom (colonies). Statistical Yearbook (ad annum) from 1907 to 1938, subtract ing re-exports and bullion. The source reports data after 1911, while for 1907-1910 we assume the share to have remained constant at its 1911 level. We extrapolate backwards imports and exports to 1850 with the series of British Somaliland and we deflate with Federico –Tena price indexes."
AFRICA,Tanganica (German East Africa),"German East Africa (German: Deutsch-Ostafrika) was a German colony in East Africa established on March 1885, which included what are now Burundi, Rwanda and Tanganyika (the mainland part of present Tanzania). The Treaty of Versailles broke up the colony, giving the north-western area to Belgium as Ruanda-Urundi, the small Kionga Triangle south of the Rovuma River to Portugal to become part of Mozambique, and the remainder to Britain, which named it Tanganika. We piece together a series after 1891 with data from Mitchell (2007) for 1891-1900,  United Kingdom (foreign countries). Statistical Yearbook (1901-1912 pp.304-305) for 1901-1912 and United Kingdom (colonies) Statistical Yearbook from 1922 onwards. We extrapolate backwards imports to 1850 and exports to 1828 with the Mauritius trade. We deflate exports before 1850 with the Mauritius price index and imports and export thereafter with Federico-Tena Tanganica indexes."
AFRICA,Togo (German West Africa),"Togoland was a German protectorate in West Africa from 1884 to 1914, encompassing what is now the nation of Togo and most of what is now the Volta Region of Ghana. At the outbreak of the First World War in 1914 the colony was drawn into the conflict. It was invaded and quickly overrun by British and French forces and divided into separate British and French administrative zones, and this was formalized in 1922 with the creation of British Togoland and French Togoland. From 1922 we have included French Togoland with French West Africa and British Togoland with Gold Coast, because from that year it was administered from the British neighboring colony. We use current exports and imports from United Kingdom (colonies) Statistical Yearbook from 1914-1921 and data from Mitchell (2007) for the years 1892-1913. We extrapolate the level of trade in 1892 to 1850 with the series of Ghana-Gold Coast and we deflate with the Federico-Tena indexes for Ghana."
AFRICA,Tunisia,The first Ottoman conquest of Tunis took place in 1534 retaining it until the French occupation of Tunisia in 1881. We get series of special trade from Mitchell (2007) for 1876 to 1891 and from France Statistical Yearbook 1939  thereafter. We extrapolate backwards to 1830 with the average of the Algerie and Egypt exports and imports series. We deflate the series with a Federico-Tena price indexes.
AFRICA,Zanzibar:,"Is a semi-autonomous part of Tanzania, in East Africa and consists of numerous small islands and two large ones: Unguja (the main island, referred to informally as Zanzibar), and Pemba. The relationship between Britain and the German Empire, at that time the nearest relevant colonial power, was formalized by the 1890 Heligoland-Zanzibar Treaty, in which Germany agreed to ""recognize the British protectorate over the islands of Zanzibar and Pemba. That year, Zanzibar became a protectorate (not a colony) of Britain. We use current exports and imports from United Kingdom (colonies) Statistical Yearbook from 1900 to 1938, filling the gaps for 1892-1899 and 1915-1921 with Mitchell (2007). We subtract re-exports according to the data from United Kingdom (colonies) Statistical yearbook in 1913 and since 1922, using the 1913 figure (ca 37% - very similar to the share after the war) for the previous years. We deflate trade after 1850 with Federico-Tena price indexes and exports 1828-1849 with the Federico-Tena Mauritius price index."
AMERICA,Argentina,"Buenos Aires became the capital of the Viceroyalty of the Río de la Plata in 1776, with territories from the Viceroyalty of Peru. What today is commonly referred as the Independence of Argentina was declared on July 9, 1816 by the Congress of Tucumán.   The congress continued its work in Buenos Aires in 1817, but it dissolved in 1820 after the Battle of Cepeda. Argentine current export and constant series from 1870-1914 are taken from Tena-Willebald (2013).  We extrapolate the  series at current prices backward to 1820 and forward to 1938 with data from Ferreres (2005). [2] Imports series are deflated for 1820-1938 with Federico-Tena price indexes and exports series with the exception of 1870-1914 too."
AMERICA,Bahamas,"The Bahamas became a British Crown colony in 1718.  After the American War of Independence, Americans and British set up a plantation slave economy until slavery in the Bahamas was abolished in 1834.  Turks and Caicos Islands remained a part of Bahamas until the 1840s. We piece together a series of trade at current prices with data from Danson (1849) for 1827-1846, USA Statistical Abstract (1909) for 1850-1852 and from United Kingdom (colonies) Statistical Yearbook from 1853 to 1940.[3] We extrapolate exports to 1816 with British imports from the West Indies 1816 to 1826, from Umited Kingdom Yearbook 1830. We subtract re-exports according to the data from United Kingdom (colonies) Statistical yearbook in 1913 and since 1922, using the 1913 figure (ca 1% -  decidedly lower than the share after the war) for the years before 1913. We deflate exports 1816-1850 with the Federico-Tena index for Barbados, imports 1827-1850 with the Federico-Tena import price index for Jamaica, and imports and exports with Federico-Tena specific Bahamas price indexes after 1850."
AMERICA,Barbados,"In 1627 the first permanent settlers arrived from England, and it became an English and later British colony. Sugar quickly replaced tobacco plantations as the main export commodity. We piece together a series of trade at current prices from Danson (1849) for 1827-1846, Mitchell (2007) for 1846-1852 and United Kingdom (colonies) Statistical Yearbook for 1853-1938. [4]   We extrapolate exports to 1816 with British imports from the West Indies 1816 to 1826, from Umited Kingdom Yearbooks 1830.We subtract re-exports according to the data from United Kingdom (colonies) Statistical yearbook in 1913 and since 1922, using the 1913 figure (ca  26%-  a bit higher than the share after the war)  for the years before 1913. We deflate exports and with Federico-Tena price index throughout the whole period, except for imports 1827-1849 that we use Federico-Tena price index for Jamaica."
AMERICA,Bermuda,"Bermuda spent much of the 18th century in a protracted legal battle with the Bahamas (which had itself been colonized by Bermudians in 1647) over the Turks Islands.  The British government eventually assigned political control to the Bahamas, which the Turks and Caicos remained a part of until the 1840s. The United Kingdom (colonies) Statistical Yearbook reports series since 1853, which we extrapolate to 1820 using the Bahamas series [5]. We subtract re-exports according to the data from United Kingdom (colonies) Statistical yearbook in 1913 and since 1922, using the 1913 figure (ca 4% - decidedly lower than the share after the war)  for the years before 1913. We deflate trade after 1850 with Federico-Tena price indexes, and exports 1820-1850 with the Federico-Tena export price index for Barbados."
AMERICA,Bolivia,"Bolivian historiography dates the proclamation of independence to 1809, but 16 years of struggle followed before the establishment of a republic, named for Simón Bolívar. During the War of the Pacific (1879–83), Bolivia lost its seacoast and the adjoining nitrate rich fields to Chile and later when a large portion of Gran Chaco was surrendered to Paraguay in in the Chaco War (1932–1936). We obtain exports and imports in current US dollars since 1900 to 1909 MOXLAD and from 1910 to 1938 from  Peres Cajías. J.A. & Carreras Marin (fortcoming). "" and we extrapolate the data backwards, respectively to 1820 and 1850, following the series for Chile. We deflate with Federico-Tena price indexes"
AMERICA,Brazil,"In 1821, Pedro, the elder son of the Portuguese king, stayed in his stead as regent of Brazil. One year later, Pedro stated the reasons for the secession of Brazil from Portugal and led the Independence War, instituted a constitutional monarchy in Brazil.  For imports and exports 1914-1938 , we use the series from IPEA DATA (2009), while for imports and exports 1820-1913 we rely on the revised current estimates by Absell and Tena (2017) and Absell and Tena (2016) respectively. Imports 1820-1913 are deflated with 1827-1913 import price indexes from Absell-Tena (forthcoming) linked with 1820-1827 Federico-Tena import price index. Exports 1820-1913 are deflated with the exports price index obtained from Absell and Tena (2016). Exports and imports  1914 -1938 are deflated by price index obtained from  IBGE (2003) Historical Statistics.(1) (1) We adjust the data to the calendar year and we re-scale the level when necessary. Statistics of imports are on a 'general' trade basis to 1957 and those of exports are on a 'general' trade basis to 1930. Bullion is apparently included until 1930."
AMERICA,British Guiana:,"The Dutch were the first Europeans to settle there, starting in the early 17th century, when they founded the colonies of Essequibo and Berbice, adding Demerara in the mid-eighteenth century. In 1796, Great Britain took over these three colonies during hostilities with the French, who occupied the Netherlands. The colonies were officially ceded to the United Kingdom in 1814, and consolidated into a single colony in 1831. We piece together a series of trade at current prices with data from Danson (1849) for 1827-1846, Mitchell (2007) for 1846-1852 and from United Kingdom (colonies) Statistical Yearbook from 1853 to 1940.[7] We extrapolate exports to 1816 with British imports from the West Indies 1816 to 1826, from Umited Kingdom Yearbooks 1830. We subtract re-exports according to the data from United Kingdom (colonies) Statistical yearbook in 1913 and since 1922, using the 1913 figure (ca 3% -  similar to interwar years).  Before 1913 we deflate exports 1820-1938 and imports 1850-1938 with Federico-Tena price indexes, and imports 1820-1850 with the Federico-Tena import price index for Jamaica."
AMERICA,British Honduras (Belize),"The Treaty of Versailles (1783) between Britain and Spain, gave the British rights to cut logwood between the Hondo and Belize rivers. In 1862, the Settlement of Belize in the Bay of Honduras was declared a British colony, called British Honduras, and the crown's representative was elevated to a lieutenant governor, subordinate to the governor of Jamaica. According Bulmer-Thomas re-exports were particularly important for British –Honduras (Belice) as total exports per capita data show.  We have used Bulmer-Thomas domestic exports and imports estimations bench-marks interpolation from 1820-1938 according total exports adjustment to re-exports and retained imports in Table A.11 and C.6 in Bulmer-Thomas (2012). We deflate exports 1820-1938 and imports 1850-1938 with Federico-Tena price indexes, and imports 1820-1849 with the Federico-Tena import price index for Jamaica."
AMERICA,British Virgin Island,"The prefix ""British"" is often used to distinguish it from the neighboring American territory which changed its name from the ""Danish West Indies"" to ""Virgin Islands of the United States"" in 1917.  The British Virgin Islands consist of the main islands of Tortola, Virgin Gorda, Anegada, and Jost Van Dyke, along with over fifty other smaller islands and cays. The British Virgin Islands were administered variously as part of the British Leeward Islands or with St. Kitts and Nevis, with an administrator representing the British Government on the Islands.  The British introduced sugar cane which was to become the main crop and source of foreign trade, and slaves were brought from Africa to work on the sugar cane plantations. We use the estimates by Bulmer-Thomas (2012) – Tables A.11 and C.6 for domestic exports at current prices, A.25 and C.20 for retained imports at current prices, A.14 and A.26 for exports and imports at 1860 prices (interpolating between benchmark years) and C.9 and C.21 for exports and imports at 1930 prices."
AMERICA,Canada,"Beginning in the late 15th century French and British expeditions explored, and later settled, along the Atlantic coast. France ceded nearly all of its colonies in North America to Britain in 1763 after the Seven Years' War.  The rebellions of 1837 against the British colonial government took place in both Upper and Lower Canada that impulse the amalgamation of Upper and Lower Canada for the deliberate assimilation of the French-speaking population. The Canadas were merged into a single colony, the United Province of Canada, by the 1840 Act of Union, and responsible government was achieved in 1848, but real formation of modern Canada arrived only with the formation of the Dominion of Canada on July 1, 1867. In 1866, the Colony of British Columbia and the Colony of Vancouver Island merged into a single Colony of British Columbia, until their incorporation into the Canadian Confederation in 1871.  In 1873, Prince Edward Island, the Maritime colony that had opted not to join Confederation in 1867, was admitted into the country union of three British North American colonies through Confederation, Canada was formed as a federal dominion of four provinces.  We get data on trade at current prices from Danson (1849) for 1827-1846, and from United Kingdom (colonies) Statistical Yearbook as sum of Canada (Ports of Quebec and Montreal), Nova Scotia and Cape Breton, New Brunswick and Prince Edward Island 1847-1867, and from Historical Statistics Canada after 1868. We extrapolate exports backwards to 1816 with British imports from from Nothern British colonies 1816 to 1826, from Umited Kingdom Yearbooks 1830. We deflate with Federico-Tena price indexes until 1868 and with indexes from Historical Statistics Canada (series G.386 and G387) from 1869 to 1938."
AMERICA,Chile,"By the 16th century, Spanish conquistadors began to subdue and colonize the region of present-day Chile, and the territory became a colony between 1540 and 1818, when it gained independence from Spain. A declaration of independence was officially issued by Chile on February 12, 1818 and formally recognized by Spain in 1840, when full diplomatic relations were established. As a result of the War of the Pacific with Peru and Bolivia (1879–1883), Chile expanded its territory northward by almost one-third and acquired valuable nitrate deposits, the exploitation of which led to an era of national affluence. We use the series by Díaz, J.; Lüders. R. y Wagner, G. (2016) in current dollars from 1810 to 1938. We use constant prices and implicit export prices for export offered too in Díaz, J.; Lüders. R. y Wagner, G. (2016) Series 5001/5011. In contrast, we deflate imports with Federico-Tena price index because it is more accurate than that used by Díaz, J et al."
AMERICA,Colombia,"In 1549, the institution of the Spanish Royal Audiencia in Bogotá gave that city the status of capital of New Granada, which comprised in large part what is now territory of Colombia. This Viceroyalty included some other provinces of northwestern South America which had previously been under the jurisdiction of the Viceroyalties of New Spain or Peru and correspond mainly to today's Venezuela, Ecuador and Panama. So, Bogotá became one of the principal administrative centers of the Spanish possessions in the New World, along with Lima and Mexico City. Political independence from Spain was got after a quick military campaign leaded by Simón Bolibar that ended at the Battle of Boyacá, on August 7, 1819. That year, the Congress of Angostura established the Republic of Gran Colombia, which included all territories under jurisdiction of the former Viceroyalty of New Granada. The Federation of Gran Colombia was dissolved in 1830, and became a new country, the Republic of New Granada (re-named Colombia since 1863). We obtain export and import current series extrapolating several years fom 1832 for imports and 1835 for exports to 1904 in pesos oro (equivalent to one US dollar), converting from fiscal to calendar years from the data offered by Ocampo (1983). For previous years we estimate current exports 1818-1835 as sum of recorded imports from Colombia in the official statistics of United Kingdom, France and United Stated. From 1905 for exports and imports we use GRECO (2002) series in US $.  We deflate exports with a Federico-Tena price index 1818-1845 and imports with the Federico-Tena Peru import price index 1830 to 1845. For the years 1845-1904 we use the respective export and import price indexes offred by Ocampo (1983) (for exports Table 3.4, p. 96 and for imports Table. 2.5 p.95, except for the years 1869-1880, with no data in Ocampo, that we linked Ocampo with the weighted export price index share of UK, France and USA according Colombia country import geographical distribution).  Later, for 1905-1938, we use export and import price indexes from GRECO (2002). We estimate trade at 1913 borders, excluding Panama bilateral trade from Colombia from the Special trade series from 1906 (year of the Panama Independence) to 1818in exports and 1830 on imports.  We use a fix percentage respectively for exports (0.6%) and imports (0.14%) a long the series, that is the result of the average of the respective exports and imports Colombian-Panama bilateral trade average from 1922-1933 (from Colombia Yearlybook (1933, p.324)."
AMERICA,Costa Rica,"During most of the colonial period, Costa Rica was the southernmost province of the Captaincy General of Guatemala, which was nominally part of the Viceroyalty of New Spain (i.e., Mexico), but which in practice operated as a largely autonomous entity within the Spanish Empire. In New Spain, all of the fighting by those seeking independence was done in the center of that area from 1810 to 1821, what today is central Mexico. Once the Viceroy was defeated in the capital city –today Mexico City- in 1821, the news of independence was sent to all the territories of New Spain including the Intendancies of the former Captaincy of Guatemala; accepting this as a fact, Costa Rica joined the other Central American Intendancies in a joint declaration of independence from Spain. Following independence, Costa Ricans found themselves with no regular trade routes to get their coffee to European markets until it was reestablished in 1843. We piece together a series of trade at current prices in million gold pesos from León Saenz, Jorje (1997 Cuadro 1, pp.323-324) for 1820-1900 and MOXLAD 1901-1938 in dollars. We deflate imports 1850-1938 and exports 1820-1939 with Federico-Tena price indexes, while for imports 1820-1849 we use the Federico-Tena Cuba import price index."
AMERICA,Cuba,"Spanish trade laws made it difficult for Cubans to keep up with the 17th and 18th century advances in processing sugar cane pioneered in British Barbados and French Saint Domingue (Haiti). Spain also restricted Cuba's access to the slave trade, which was dominated by the British, French, and Dutch. As a result of the political upheavals caused by the Iberian Peninsula War and the removal of Ferdinand VII from the Spanish throne, a separatist rebellion emerged among the Cuban Creole aristocracy in 1809 and 1810. The main reason for the lack of support for these efforts was that the vast majority of Creoles, especially the plantation owners, rejected any kind of separatism, considering Spain's power essential to the maintenance of slavery. Following the 1868–1878 rebellion of the Ten Years' War, all slavery was abolished by 1886, making Cuba the second-to-last country in the Western Hemisphere to abolish slavery, with Brazil being the last. By 1860, Cuba was devoted to growing sugar, having to import all other necessary goods. Cuba was particularly dependent on the United States, which bought 80 percent of its sugar. The Cuban struggle for independence was long but it was decisive the US Congress declaration of war to Spain on 19 April 1898 to liberate Cuba after the battleship US Maine exploded in the Havana. After losing the Philippines and Puerto Rico, which had also been invaded by the United States, and with no hope of holding on to Cuba, Spain surrended on 17 July 1898. We estimate trade at current prices before 1902 in two steps. First, we use Schroeder  (1982 Table XIV) for 1803-1816 and 1826-1862  and 1899-1901 and in million pesos Fuertes and Neumann-Spallart (1887) for 1876-1882, in Deutche marks. We fill gaps in the resulting series with the sume of the bilateral imports trends of France, United Kingdom and the United States with Cuba. Since 1902, as Zanetti (1975), we use the series from Ministerio de Estado (1949 p. 289) in millions pesos. We assume the ‘peso fuerte’ to be equivalent to one dollar before 1900, and the marks exchange rate and the pesos/USdollar from Appendix F. We deflate with Federico-Tena price indexes before 1901 and with price indexes from MOXLAD after 1902."
AMERICA,Danish Virgin Island,"Also spelled Danish Antilles was a Danish colony in the Caribbean, first under the United Kingdoms of Denmark-Norway and later, after the 1814 Treaty of Kiel, Denmark alone. The islands were sold to the United States in 1916 under the terms of the Treaty of the Danish West Indies and were organized as the United States Virgin Islands in 1917. According Bulmer-Thomas re-exports were particularly important for Danish Virgin Island. We get all data from Bulmer-Thomas (2012) – Tables A.11 and C.6 for domestic exports at current prices, A.25 and C.20 for retained imports at current prices. We deflate with the implicit price index obtained from A.14 and A.26 exports and imports at 1860 prices (interpolating between benchmark years) and C.9 and C.21 for exports and imports at 1930 prices."
AMERICA,Dominican Republic,"After three centuries of Spanish rule, with French and Haitian interludes, the country became independent in 1821. The ruler, José Núñez de Cáceres, intended that the Dominican Republic be part of the nation of Gran Colombia, but he was quickly removed by the Haitian government occupation and ""Dominican"" slave revolts. Victorious in the Dominican War of Independence from Haiti in 1844, Dominicans experienced mostly internal strife, and also a brief return to Spanish rule in 1861-65. Our main sources for trade at current prices are the United Kingdom (foreign countries). Statistical Yearbook, which reports data of exports and imports for 1846-1856 in pounds, and Mitchell (2007) which provides data for 1868-1872 (imports only), 1872, 1880-85, 1887, 1889-94, 1896-98 and 1905-1938 in gold pesos. We extrapolate backwards to 1820 the 1846 data with the sum of imports from the Dominican Republic in the United Kingdom, France, United States and Belgium, while we fill the gaps in the Mitchell series with linear interpolation. We deflate with Federico-Tena price indexes."
AMERICA,Duch Antilles,"The Netherlands Antilles consisted of two island groups, both in the Lesser Antilles. The ABC islands of Aruba, Bonaire, and Curaçao are in the Leeward Antilles just off the Venezuelan coast, and the SSS islands of Saint Maarten (actually a territory covering approximately half an island), Saba, and Saint Eustatius are in the Leeward Islands southeast of the Virgin Islands. The total of six islands were colonized by the Dutch in the 17th century and from 1815 onwards, Curaçao and Dependencies formed a colony of the Kingdom of the Netherlands. Slavery was abolished in 1863, and in 1865 a government regulation for Curaçao was enacted that allowed for some very limited autonomy for the colony. According Bulmer-Thomas re-exports were particularly important for Duch Antillles. We get all data from Bulmer-Thomas (2012) – Tables A.11 and C.6 for domestic exports at current prices, A.25 and C.20 for retained imports at current prices. We deflate with the implicit price index obtained from  A.14 and A.26 exports and imports at 1860 prices (interpolating between benchmark years) and C.9 and C.21 for exports and imports at 1930 prices."
AMERICA,Ecuador,"Between 1544 and 1563, Ecuador was an integral Spain's colonies in the New World under the Viceroyalty of Peru, having no administrative status independent of Lima. It remained a part of the Viceroyalty of Peru until 1720, when it joined the newly created Viceroyalty of New Granada.  Ecuador's struggle for emancipation from Spain began in Guayaquil, where independence of the city from Spanish rule was proclaimed in October 1820. Ecuador joined Simón Bolívar's Republic of Gran Colombia – joining with modern-day Colombia and Venezuela. In 1830 it separated from those nations and became an independent republic. We build our series at current prices with data from United Kingdom (foreign countries). Statistical Yearbook for 1848-1849, and 1855-1865.  We interpolate from 1865 to 1882 for exports and 1884 for import. Finally, and we use Mitchell (2007) for 1883-1893, 1896-1938 for exports and: 1884,1889-1893 and 1897-1938 for imports, in million Sucres, with interpolation between years.[9]  We have extrapolated exports backwards from 1848 to 1820 with general current imports average of United Kingdom, France, United States and Spain. We deflate exports 1820-1938 with Federico-Tena price indexes and imports 1848-1938 with the Federico-Tena import price index for Peru."
AMERICA,El Salvador,"During the colonial period, El Salvador was part of the Captaincy General of Guatemala, also known as the Kingdom of Guatemala (Spanish: Reino de Guatemala), created in 1609 as an administrative division of New Spain.  On September 15, 1821, in light of unrest in Guatemala, Spanish authorities capitulated and signed the Acta de Independencia (Deed of Independence) which released all of the Captaincy of Guatemala (comprising current territories of Guatemala, El Salvador, Honduras, Nicaragua and Costa Rica and the Mexican state of Chiapas) from Spanish rule and declared its independence.  In 1821, El Salvador joined Costa Rica, Guatemala, Honduras and Nicaragua in a union named the Federal Republic of Central America. When the Federal Republic of Central America dissolved in 1841, El Salvador maintained its own government. We get series in current pesos from Schoonover (1989, Tables 19-20, pp.114-117) for 1818-1900 for exports (interpolating from 1835 to 1845 and from 1894 onwards) and for 1845-1900 for imports (interpolating to 1901) and from Mitchell (2007) for 1901-1938 [10]. Until 1900, one peso exchanged for one dollar (Schoonover 1989), while afterwards we get exchange rates from MOXLAD. We deflate exports with Federico-Tena price indexes, proxying import prices 1845-1850 with the index for Cuba."
AMERICA,Falkland Island,"At various times, the islands have had French, British, Spanish, and Argentine settlements. Britain re-established its rule in 1833, though the islands continue to be claimed by Argentina but in 1840 the Falklands officially became a Crown British Colony until today. The source of data is the United Kingdom (colonies) Statistical Yearbook, which report yearly data since 1853 to 1938. We use 1913 re-exports data percentage (0.12%) as a fix percentage to be deducted along both series. From 1853 to 1820 we move exports an imports following Argentine respective series. We deflate also using Argentine exports and import price index."
AMERICA,French Guiana,"Following the Treaty of Breda on 31 July 1667 the area was given back to France.  In 1848 France abolished slavery and in 1853, gold was discovered in the interior, precipitating border disputes with Brazil and Suriname (these were later settled in 1891, 1899 and 1915, though a small region of the border with Suriname remains in dispute). We get series of trade at current prices in French francs from France. Statistical Yearbook (1939) since 1881 and Statistical Yearbook. France (colonies) Tableau, for the years 1821-1880. This source before 1841 reports only bilateral trade trends export and imports with France that we use to move the series backwards to 1821 from 1841 bases. As France series of exports and imports from 1847 backwards are valued in fixed prices we reflate that series to get current prices using French Guiana Federico-Tena exports and imports respective price index. Then We deflate imports and exports from 1820-1938 with the same exports and imports price index, with the exception of imports 1850-1820 that we use Federico-Tena Jamaica imports price indexes."
AMERICA,Granada (Winward Island),"Control of the island was disputed by Great Britain and France in the 18th century, with the British ultimately prevailing. Slavery was abolished in the 1830s. In 1885, the island became the capital of the British Windward Islands. We piece together a series of trade at current prices from Danson (1849) for 1827-1846, United Kingdom (colonies) Statistical Yearbook for 1853-1938. [11] We interpolate linearly the figures in 1847-1852 and we we extrapolate exports to 1816 with British imports from the West Indies 1816 to 1826, from United Kingdom Yearbooks 1830. We subtract re-exports according to the data from United Kingdom (colonies) Statistical yearbook in 1913 and since 1922, using the 1913 figure (ca 0.5% -  a bit lower than the share after the war)  for the years before 1913. We deflate imports 1827-1849 with the Federico-Tena Jamaica price index and all other figures with the Federico-Tena indexes for Trinidad and Tobago."
AMERICA,Guadalupe,"Guadeloupe was royally annexed into the Kingdom of France in 1674. In 1714, the French general government of the American islands divided in two, and Guadeloupe was placed under the control of the governor on Martinique. The British again held the island for three years beginning in 1810. It was ceded to Sweden in 1813 before French control of the island was recognized in the Treaty of Vienna in 1815. In 1848, slavery was abolished completely.  We get series of trade at current prices in French francs from France. Statistical Yearbook (1939) since 1881 and Statistical Yearbook. France (colonies) Tableau, for the years 1821-1880. This source before 1841 reports only bilateral trade trends export and imports with France that we use to move the series backwards to 1821 from 1841 bases. As France series of exports and imports from 1847 backwards are valued in fixed prices we reflate that series to get current prices using Guadalupe Federico-Tena exports and Jamaica imports respective price index. Then we deflate imports before 1850 with the previous index and imports and exports since 1850 with the respective Federico-Tena price indexes for Guadalupe."
AMERICA,Guatemala,"Conquered Guatemala was part of the Spanish Empire for nearly 300 years until it became independent in 1821. It was first part of the First Mexican Empire (1821–23), for a period it belonged to a federation called the United Provinces of Central America, until becoming fully independent in the 1840s. We use the series by Schoonover (1989, Tables 19-20, pp.114-117) in current pesos for 1835-1900 for exports and for 1839-1900 for imports and by Mitchell (2007) for 1901-1938. [12] We extrapolate exports in 1831-1835 with the series for British Honduras and imports to 1818 with the imports from Guatemala to United Kingdom offered  in Trade Staristics United Kingdom .  Until 1900, one peso exchanged for one dollar (Schoonover 1989), while afterwards we get exchange rates from MOXLAD. We deflate exports with Federico-Tena price indexes, proxying the import price 1839-1850 with the Federico-Tena index for Cuba."
AMERICA,Haiti,"In 1664, the newly established French West India Company took control of the new colony, and France formally claimed control of the western portion of the island of Hispaniola.  In 1665 they established a French settlement on the mainland of Hispaniola opposite Tortuga at Port-de-Paix. Under the 1697 Treaty of Ryswick, Spain officially ceded the western third of Hispaniola to France which renamed the colony Saint-Domingue. By that time, planters outnumbered buccaneers and, with the encouragement of Louis XIV, they had begun to grow tobacco, indigo, cotton, and cacao on the fertile northern plain, thus prompting the importation of African slaves. The labor for these plantations was provided by an estimated 790,000 African slaves (accounting in 1783–91 for a third of the entire Atlantic slave trade). When it gained independence in 1804, it was the first independent nation of Latin America and the Caribbean, the first black-led republic in the world, the second republic and the only predominantly Francophone independent nation in the Americas. We get all series from Bulmer-Thomas (2012), who estimates exports since 1817 and imports since 1820 at current and constant prices."
AMERICA,Honduras,"Honduras was organized as a province of the ""Kingdom of Guatemala"" and the capital was fixed, first at Trujillo on the Atlantic coast. Honduras became independent from Spain in 1821 and was for a time part of the First Mexican Empire until 1823 when it became part of the United Provinces of Central America federation. After 1838 it was an independent republic. We use the series by Schoonover (1989, Tables 19-20, pp.114-117) in current pesos for 1835-1900 for exports and for 1839-1900 for imports and by Mitchell (2007) for 1901-1938 [13]. We extrapolate exports in 1831-1835 with the series for British Honduras and to 1818 with United Kingdom imports from Guatemala.  Exchange rate Until 1900, is (Schoonover 1989) asumtion of one peso exchanged for one dollar, while afterwards we get exchange rates from MOXLAD. We deflate exports with Federico-Tena price indexes, proxying the import price 1839-1850 with the Federico-Tena index for Cuba."
AMERICA,Jamaica,"The Spanish settled in Jamaica in 1509, the third largest Caribbean island, and held the island against many privateer raids before Jamaica was conquered by the English, in 1655, although the Spanish did not relinquish their claim to the island until 1670.  By the eighteenth century, sugarcane became the most important export of the island. Until slavery was abolished by Parliament in 1833, the island sugar plantations were highly dependent on slave labor. The British also used Jamaica's free people of color, 10,000 strong by 1800, to keep the enslaved population in check. The Jamaican slaves were bound (indentured) to their former owners' service, albeit with a guarantee of rights, until 1838 under what was called the Apprenticeship System. The freed population faced significant hardships. We piece together a series of trade at current prices from Danson (1849) for 1827-1846, United Kingdom (colonies) Statistical Yearbook for 1853-1938.[14]  We interpolate the series from 1847 to 1852 and we extrapolate exports to 1816 with British imports from the West Indies 1816 to 1826, from United Kingdom Yearbooks 1830. We subtract re-exports according to the data from United Kingdom (colonies) Statistical yearbook in 1913 and since 1922, using the 1913 figure (ca 1.4% -  a bit lower than the share after the war) for the years before 1913. We deflate imports and exports before 1885 with Federico-Tena indexes and thereafter with Fisher price indexes from Birnberg and Resnick (1975 tab A 26). Leeward Islands (Antigua, Dominica, St.Christopher, Montserrat, Nevis, Virgin Island) The British Leeward Islands was a British colony existing between 1833 and 1960, and consisting of Antigua, Barbuda, the British Virgin Islands, Montserrat, Saint Kitts, Nevis, Anguilla and (to 1940) Dominica. The previous colony of the Leeward Islands had existed since 1671, but in 1816 it was divided in two, with Antigua, Barbuda and Montserrat in one colony, and Saint Christopher, Nevis, Anguilla, and the Virgin Islands in another. We piece together a series of trade at current prices from Danson (1849) for 1827-1846, United Kingdom (colonies) Statistical Yearbook for 1853-1938 [15].  We interpolate linearly the figures in 1847-1852 and we extrapolate exports to 1816 with British imports from the West Indies 1816 to 1826, from United Kingdom Yearbooks 1830. We subtract re-exports according to the data from United Kingdom (colonies) Statistical yearbook in 1913 and since 1922, using the 1913 figure (ca 9% -  a bit higher than the share after the war) for the years before 1913. We deflate imports 1827-1849 with the Federico-Tena Jamaica price index and all other figures with the Federico-Tena indexes for Trinidad and Tobago."
AMERICA,Martinique (French Colonies),"Martinique was charted by Columbus in 1493, but Spain had little interest in the territory. Martinique was occupied several times by the British, including once during the Seven Years' War and twice during the Napoleonic Wars at the conclusion it was traded back to France. Martinique has remained a French possession since then. We get series of trade at current prices in French francs from France. Statistical Yearbook (1939) since 1881 and Statistical Yearbook. France (colonies) Tableau, for the years 1821-1880. This source before 1841 reports only bilateral trade trends export and imports with France that we use to move the series backwards to 1821 from 1841 bases. As France series of exports and imports from 1847 backwards are valued in fixed prices we reflate that series to get current prices using Martinica Federico-Tena exports and Jamaica imports respective price index. Then we deflate imports before 1850 with the Federico-Tena price index for Jamaica, and since 1850 to 1938 imports and exports with Federico-Tena price indexes for Martinique."
AMERICA,Mexico,"From 1519, the Spaniards absorbed the Mexican native peoples into Spain's vast colonial empire for three centuries. During this period, Mexico was part of the much larger Viceroyalty of New Spain, which included Cuba, Puerto Rico, Central America as far south as Costa Rica, the southwestern United States including Florida, and the Philippines.  After a protracted struggle Mexico declared its independence from Spain on Sept. 27, 1821, after independence, Mexican politics was chaotic, with the presidency changing hands 75 times in the next 55 years (1821–76), the Mexican American War of 1846, with Mexico ceding almost half of its territory to the United States or later in the 19th century France invasion of Mexico (1861) setting Maximilian I on the Mexican throne until 1867. We get data at current prices from fourth different sources: first, for the years1800-1820 from the Historical Statistics. Mexico (Table 19.2. pp.810-811), which we adjust from fiscal to calendar year; second, for 1821-1869 from the estimations for export and imports current data from Kuntz&Tena (forthcoming), for 1870-1929 from Kuntz-Fiker (2007 Cuadro A.3 and A.5 pp. 470 and 475) and fourth, from 1930-1938 from League of Nations (1925). Memorandum on International Trade and Balance of Payments 1910-1924, Volume II (edt.1925): and 1913-1927, Volume II (edt. 1929):  Trade Statistics of sixty-four countries. Economic and Financial Section, Geneva. League of Nations (1933,1936, 1938). International Trade Statistics. (ad annum). Economic Intelligence Service, Geneva. Following the literature recommendations we have included bullion and spice in the especial trade coverage along the export series. From 1800 to 1870 silver and gold exports according Kuntz-Tena (forthcoming) represented between 70 to 90 per cent of total exports. As late as 1930´s this practice is recommended by League of Nations (1933-38). We deflate imports 1800-1850 with the Federico-Tena Chile import price index and for imports 1850-1870 and exports 1800-1870 with Kuntz-Tena indexes for Mexico; imports and exports 1870-1929  with the respective indexes offered by Kuntz-Fiker  (2007, Cuadro B.1, pp.495-96) and imports and exports 1929-1938 with unit values index from MOXLAD"
AMERICA,New Foundland,"Is now the Canadian province of Newfoundland and Labrador. In the Treaty of Utrecht (1713), France acknowledged British ownership of the island but French fishermen were given the right to land and cure fish on the ""French Shore"" on the western coast. Newfoundland received a colonial assembly in 1832, which was and still is referred to as the House of Assembly. Canada and Nova Scotia obtained ""responsible"" government in 1848 (whereby the assembly had the final word, not the royal governor), and Newfoundland followed in 1855 when self-government was a reality. Newfoundland remained a colony until acquiring dominion status on 26 September 1907, along with New Zealand. We piece together a series of trade at current prices from Danson (1849) for 1827-1846, United Kingdom (colonies) Statistical Yearbook for 1853-1938.[18]  We interpolate linearly the figures in 1847-1852 and we extrapolate exports backwards to 1816 with British imports from Nothern British colonies 1816 to 1826, from Umited Kingdom Yearbooks 1830. We deflate imports with Federico-Tena  price indexes for 1850-1938 and exports with Federico-Tena  price indexes for 1800-1938."
AMERICA,Nicaragua,"Nicaragua was first discovered by Europeans when Christopher Columbus arrived from Honduras and explored the eastern coast on his fourth voyage in 1502.  In 1538, the Viceroyalty of New Spain was established, encompassing all of Mexico and Central America, except Panama. Nicaragua became a part of the First Mexican Empire and then gained its independence as a part of the United Provinces of Central America in 1821, then as an independent republic in its own right in 1838. We join the series at current prices for 1841 to 1899 by Schoonover (1989 Tables 19-20, pp114-117) and from 1899 to 1938 by Mitchell (2007). Both sources report data in pesos, which we assume to be equivalent to dollars. We extrapolate backwards exports to 1820 following the series for Guatemala. We deflate imports 1841 -1849 with Federico-Tena price indexes for  Cuba and all other data with Federico-Tena price indexes for Nicaragua."
AMERICA,Panama,"Panama was part of the the Viceroyalty of New Granada (northern South America. In 1819 the liberation of New Granada (Colombia) was achieved, finally gaining its freedom from Spain. Panama and the other regions of former New Granada were therefore technically free. The union between Panama and the Republic of New Granada (Colombia) was made possible by the active participation of U.S.A. under the 1846 Bidlack Mallarino treaty until 1903. The extensive list of interventions by the U.S. armed forces had made in Panama since 1850 and the final Panama Canal construction by the U.S. Army Corps of Engineers between 1904 and 1914 helps to explain Panama political independence of Colombia came in 1906. We use current price trade data from 1906 to 1938 from Mitchell (2007) that is the same data than that offered by MOXLAD in balboas.  We get the exchange rate between balboas and dollars from Global Financial Data (that assume 1/1 exchange rate for the whole period very close to that offred by MOXLAD). We deflate with Federico-Tena export and import price indexes."
AMERICA,Paraguay,"In 1542, Paraguay became part of the newly established Viceroyalty of Peru, with its seat in Lima. Beginning in 1559, the Audiencia of Charcas (present-day Sucre) controlled the province's legal affairs. Buenos Aires, is made in 1776 the capital of the new viceroyalty of La Plata. Resentment of the pretensions of the new capital is no doubt part of the reason why the citizens of Asunción refuse to join Buenos Aires in 1810 in its declaration of independence from Spain.  Far from bolstering the cabildo's position, this move instantly ignited an uprising and the overthrow of Spanish authority in Paraguay on May 14 and 15, 1811. We use current price trade data for imports and exports from Mitchell (2007) in thousand gold pesos from 1879 to 1938 and we extrapolate backwards them to 1820 with the series of Brazil. We deflate with the Federico-Tena price indexes for Brazil from 1820 to 1850 and with Federico -Tena price indexes for Paraguay from 1850 to 1938."
AMERICA,Peru,"It was conquered by the Spanish Empire in the 16th century, which established a Viceroyalty with jurisdiction over most of its South American domains. The nation declared independence from Spain in 1821 but consolidated only after the Battle of Ayacucho, three years later. Spain made futile attempts to regain its former colonies, such as at the Battle of Callao, and only in 1879 finally recognized Peruvian independence. Mitchell (2007) reports scattered data on imports and exports at current prices in millions pesos (soles since 1863) for some years from 1821 to 1878 and a continuous series from 1883 to 1938, interpolating the missing values and converting from local currency into dollars with Global Financial data. For current exports we have preferred the recent estimation of Zegarra (forthcoming) from 1830-1930, extending backward to 1800 and forward to 1938 following Seminario (2015).  We deflate imports and exports from 1800 to 1938 with Federico-Tena price indexes, except for exports 1830-1930 that we use Zegarra (forthcoming) export price index from Appendix) that is and adjustment of the quantum index by Hunt (1973, Table 9, p.28)."
AMERICA,Puerto Rico,"Throughout most of the 19th century, and until the conclusion of the Spanish–American War in 1898, Porto Rico and Cuba were the last two Spanish colonies in the Americas. We get all data from Bulmer-Thomas (2012) – Tables A.11 for domestic exports at current prices, A.25 for retained imports at current prices. We used implicit price index from Tables A.14 and A.26 for exports and imports at 1860 prices (interpolating between benchmark years). Our series ends in 1900 because since 1901 trade of Porto Rico is included in the American statistics. St. Barthelemy (Norvegian Colonies) The island was given to Sweden in 1784 in exchange for trade rights in Gothenburg. Following a referendum in 1877, Sweden gave the island back to France in 1878, after which it was administered as part of Guadeloupe. We offer data only for 1820 to 1870. All data are taken from Bulmer Thomas (2012) Tables A.11 for domestic exports at current prices, A.25 for retained imports at current prices. We used implicit price index from Tables A.14 and A.26 for exports and imports at 1860 prices (interpolating between benchmark years). St. Vincent (Winward Island) While the English were the first to lay claim to St. Vincent in 1627, the French centered on the island of Martinique would be the first European settlers on the island in 1719 and finally regained by the British under the Treaty of Versailles (1783). St. Vincent passed through various stages of colonial status under the British before a Crown Colony government was installed in 1877. Decades after the success of the Haitian Revolution, the British abolished slavery in 1834. The resulting labour shortages on the plantations attracted Portuguese immigrants in the 1840s and East Indians in the 1860s as laborers. We get data of trade at current prices from Danson (1849) for 1827-1846, United Kingdom (colonies) Statistical Yearbook for 1853-1938. We interpolate linearly the figures in 1847-1852 and we extrapolate exports to 1816 with British imports from the West Indies 1816 to 1826, from United Kingdom Yearbooks 1830 and from United Kingdom (colonies) Statistical Yearbook from 1853 to 1938.[21] We subtract re-exports according to the data from United Kingdom (colonies) Statistical yearbook in 1913 and since 1922, using the 1913 figure (only 0.6% - as much as in the interwar years) before 1913. We deflate imports 1827-1849 with the Federico-Tena import price index for Jamaica, and all other figures with the indexes for Trinidad and Tobago. St.Lucia (Winward Island) Saint Lucia was named after Saint Lucy of Syracuse by the French, Britain took control of the island from 1663 to 1667; in ensuing years, it was at war with France 14 times and rule of the island changed frequently before British took definitive control of the island in 1814 considering St Lucia part of the British Windward Islands colony. We get data of trade at current prices from Danson (1849) for 1827-1846 and from United Kingdom (colonies) Statistical Yearbook from 1853 to 1940[22]. We interpolate the series from 1847 to 1852 and we extrapolate exports to 1816 with British imports from the West Indies 1816 to 1826, from United Kingdom Yearbooks 1830 and from United Kingdom (colonies) Statistical Yearbook from 1853 to 1938.[23]  We subtract re-exports according to the data from United Kingdom (colonies) Statistical yearbook in 1913 and since 1922, using the 1913 figure (only 3.4% - a bit less than after 1922) before 1913. We deflate imports 1827-1849 with the Federico-Tena import price index for Jamaica, and all other figures with the indexes for Trinidad and Tobago. St.Pierre and Miquelon Is one of early settlement by Europeans taking advantage of the rich fishing grounds near New Founland, and is characterized by periods of conflict between the French and British. France finally reclaimed the islands after Napoleon's second abdication in 1815, and there followed 70 years of prosperity for the French fishing industry and residents. We get series of trade at current prices in French francs from France. Statistical Yearbook (1939) since 1881 and Statistical Yearbook. France (colonies) Tableau, for the years 1841-1880. As France series of exports and imports from 1847 backwards are valued in fixed prices we reflate export series to get current prices from 1841-1847 using Newfounland Federico-Tena price index. We extrapolate backwards exports from 1841 to 1820 with the USA exports series. We finally deflate current series to get constant prices with New Founland  Federico-Tena price index for the whole series."
AMERICA,Surinam (Duch Guyana):,"The first attempts to settle the area by Europeans was in 1630. By the Treaty of Breda, the Dutch could keep occupying Suriname and the British the formerly Dutch Colony, New Amsterdam, (modern-day New York).  The slave plantations were producing sugar, coffee, cocoa, cotton which were exported for the Amsterdam market. The Dutch abolished slavery only in 1863, but the slaves were, however, not released until 1873; up to that date they conducted obligatory but paid work at the plantations. Mitchell (2007) reports data of exports and imports in million guldens since 1850. We extrapolate exports with the series for British Guyana to 1820. We deflate exports before 1850 with the Federico-Tena price index for Martinique, exports after 1850 and imports 1850-1938 with Federico-Tena price indexes."
AMERICA,Trinidad & Tobago (Winward Island),"The island of Trinidad was a Spanish colony until the arrival of a British fleet on 18 February 1797.  Trinidad and Tobago (remaining separate until 1889) were ceded to Britain in 1802 under the Treaty of Amiens. The Abolitionist movement and/or the decreased economic viability of slavery as a means of procuring labour, both resulted in the abolition of slavery in 1833. We get data of trade at current prices from Danson (1849) for 1827-1846 and from United Kingdom (colonies) Statistical Yearbook from 1853 to 1940.[24] We interpolate the series from 1847 to 1852 and we extrapolate exports to 1816 with British imports from the West Indies 1816 to 1826, from United Kingdom Yearbooks. We subtract re-exports according to the data from United Kingdom (colonies) Statistical yearbook in 1913 and since 1922, using the 1913 figure (about 25% - a bit above the interwar level) before 1913. We deflate imports 1827-1849 with the Federico-Tena import price index for Jamaica, and all other figures with the indexes for Trinidad and Tobago."
AMERICA,Turks and Caicos Islands,"The islands were claimed by several European powers with the British Empire eventually gaining control. The islands were governed by the British indirectly through Bermuda, the Bahamas, and Jamaica. Bermuda spent much of the 18th Century in a protracted legal battle with the Bahamas (which had itself been colonized by Bermudian Puritans in 1647) over the Turks Islands. Under British law, no colony could hold colonies of its own. Under Bermudian control along the eighteen century the islands remained part of the Bahamas from the end of Napoleonic wars to 1848, when the islands remained a dependency of Jamaica until 1959. The United Kingdom (colonies). Statistical Yearbook (ad annum) provides series of trade after 1855, which we extrapolate to 1816 with the series for the Bahames.[25]  We subtract re-exports according to the data from United Kingdom (colonies) Statistical yearbook in 1913 and since 1922, using the 1913 figure (around 6% - similar to the level in interwar years). We deflate with the Federico-Tena prices indexes for the Barbados before 1850 and for the Bahamas after 1950."
AMERICA,United States,"Trade statistics for the United States are available since 1799. The data to 1900 have been re-estimated by North (1960) and Simon (1960), while since 1901 it is possible to rely on the official series as reported by the Historical Statistics (2006).    All these data need some reworking, as they include transit trade (imports and re-exports), are valued f.o.b. at the port of embark rather than c.i.f., and are for fiscal years ending September 30th to 1842 and June 30th 1843 to 1915.  It is thus necessary: a) to subtract re-exports from both imports and exports; b) to add freights on the import side and c) to convert the data in calendar years. The series for 1799-1860 are estimated by using the data provided by North (1960). For the period to 1819, imports are based on his series of “actual consumption” (tab A.1), which, unlike his own estimate (“accepted”) exclude re-exports. From 1805 to 1819, the series omits duty-free goods, which are added (net of re-exports of the same goods) according to North’s own estimate (tab A.2). The resulting series is then augmented by 4%, to take into account the partial omission of freights.    Exports for 1799-1819 are the “accepted” series by North (tab. A.1) less re-exports (i.e. the difference between “actual consumption” and North’s “accepted” series).   Imports for 1820-1860 are obtained by multiplying the “accepted” series by North (tab B.1), which include re-exports, by the ratio of imports for domestic consumption to total imports (Historical Statistics 2006 series Ee369/Ee368).  Freights are added by multiplying North’s estimate of freights (tab B.2).  Exports for 1820-1860 are obtained by multiplying North’s series (tab. B1) by the ratio of US goods to total exports (Historical Statistics 2006 series Ee366/Ee365). Imports 1861-1900 are based on “adjusted” series by Simon (1960), which includes corrections for smuggling and for the different base of value assessment for the period 1883 to 1890 (production place rather than port of embarkment). The data are in gold dollars (Simon 1960 p.631).  Transit trade is estimated as the ratio of imports for domestic consumption to total imports (Historical Statistics 2006 series Ee369/Ee368), while the percentage of freights on imports is taken from Simon (1960 p.546).  Likewise, the series for exports are computed by multiplying the series by Simon (1960), who corrects for the omission of overland exports before 1892, by the ratio of exports of American products to total exports (Historical Statistics 2006 series Ee366/Ee365).  After 1900, the data are taken from Historical Statistics 2006. The series are labelled imports for consumption (Ee 369) and exports of US goods (Ee366) and thus they are net of transit. The freights on imports are estimated by as the ratio of import and export of transportation services (“receipts and payments on account of ocean freight” to 1919 and “international freight fares” afterwards, Historical Statistics 1975 series U3 and U10) to total trade (import and exports). All the series are then converted into calendar years. Puerto Rico, Hawai and Alaska, were incorporated in the trade statistical territory of the US from 1900 and are part of the current border series from that year on. Current prices are then deflated with a price index for imports and exports obtained chaining indexes from North (1960), Simon (1960), Lipsey (1973) and official sources, all from Historical Statistics 2006 series Ee 431-444."
AMERICA,Uruguay,"The first permanent settlement on the territory of present-day Uruguay was founded by the Spanish in 1624, but Motevideo was not funded until the early 18th century as a Spanish military stronghold. Uruguay's early 19th century history was shaped by ongoing fights between the British, Spanish, Portuguese, and colonial forces for dominance in the La Plata.  Independence from Spanish rule arrived early in 1814, when José Gervasio Artigas, formed the Liga Federal (Federal League) of which he was declared Protector. In 1821, the Eastern Province of the Río de la Plata (present-day Uruguay), was annexed by Brazil.  But the answer was an insurrection for the independence of Oriental Province, that open a long conflict that finished with the Treaty of Montevideo, fostered by Britain, that gave birth to Uruguay as an independent state. The nation's first constitution was adopted on July 18, 1830. In the second half of 19th century Montevideo became a major economic center of the region, thanks to its natural harbor that became an entrepot for goods from Argentina, Brazil and Paraguay. We piece together a series of trade for Uruguay at current prices from different sources - Macgregor (1850 Vol. II, p.406) for 1835-1836, United Kingdom (Foreign countries) Statistical Yearbook for 1861-1866, the Uruguay Statistical Yearbook (1937, pp.6-7) for 1867-1869 and 1914-1937 and Bonino et al (2015) for 1870-1913. We extrapolate exports backwards to 1820 with the sum of the imports from ‘Buenos Aires and Montevideo ports’ into the United Kingdom, France and United States. We convert the data in pesos from Uruguay Statistical Yearbook (1937) into dollars assuming a unit exchange rate (see Bonino et at. (2015).  We deflate imports and exports before 1870 with Federico-Tena price indexes, while for exports after 1870 we rely on Bonino et al (2015) until 1914 and on Bertola (1991) for the period 1914-1938."
AMERICA,Venezuela,"The Province of Venezuela always under the Spanish rule during the 16th and 17th centuries administered by the Viceroyalties of New Spain until in the early 18th century came under the jurisdiction of the Viceroyalty of New Granada (established in 1717). Like no other Spanish American dependency, Venezuela had more contacts with Europe through the British and French islands in the Caribbean. It became one of the first Spanish American colonies to declare independence (in 1811) but did not securely establish independence until 1821 (as a department of the federal republic of Gran Colombia, gaining full independence in 1830). We prefer to use the exports and imports series in current dollars from Historical Statistics. United States of America (1909): Statistical Abstract of Foreign Countries for 1831-1900 and MOXLAD for 1900 to 1938 rather than the data from Baptista (1997) or Mitchell (2007) in bolivares, because no exchange rate with dollar is available before 1900. We deflate with the export and import price indexes by Baptista (1997 Cuadro F2, F3 y F4, pp. 310-315)."
ASIA,Afghanistan,"As far as we know, there are no trade statistics for Afghanistan. Only Von Neumann-Spallart (1885-1895) and the Statesman Yearbook (1913) venture to put forward very tentative figures, respectively for 1890-1894 and 1910-1912.[26] Unfortunately they are not consistent.  On the eve of World War One, imports at current prices would be 20% lower, and exports 40% lower than twenty years before. In the same years, Afghan population increased by 15% and world-wide prices by 20%. Thus, the two estimates jointly imply a fall by 45% in imports and by 60% in exports per capita at constant prices and this is hardly plausible.  Rather than trying to reconcile these figures, we prefer to trust the estimate from the Statesman Yearbook, which seems more plausible for a very poor, land-locked country. It corresponds to about 1.1 $ per capita for imports and 0.9 for exports  - i.e. 40% more than China in the same years.  We extrapolate these figures over the whole period  1850-1938 with a geometric averages of three indexes – the population of Afghanistan, the total trade of Iran and the land trade between India and Afghanistan  – in both cases at constant prices, using imports (exports) of the trading partner as proxy for Afghan exports (imports) [27]. We thus obtain a series at constant price, which we convert in current prices with a geometric mean of the implicit price indexes for India and from Iran."
ASIA,British Malaya,"The Malayan peninsula became a British crown colony in 1922, re-uniting several polities, which had fallen under (different levels) of British control in a complex historical process: i) the Straits Settlement (the three main ports, Malacca, Penang and Singapore), which had been managed by the East India Company since 1826 and had become a British colony in 1867; ii) the isle of Labuan, on the Borneo coast, which had been a separate colony from 1848 to 1890 and  a part of British North Borneo (Sabah)  from 1890 to 1905; [1] iii) four native states (Selangor, Perak, Negeri Sembilan, Panang), which had accepted an early protectorate in 1874 and had united in a Federation since 1895; iv)  the state of Johore, which had accepted a protectorate in 1885 without entering the federation; v)  four other native states (Kedan, Kelantan, Terengganu, Perlis), formerly under the Siamese king, which had become British protectorates in 1909. These latter states and Johore were known as Unfederated Malay states.  Thus, in 1913 there were three formally independent polities - the Strait Settlements, the Federate Malay States and the Unfederated Malay states - and we should compute three different sets of series.  However, this solution has proven to be impractical. In fact, separate data on trade by polity are simply not available after 1922. Furthermore, the rationale of treating the native states as independent polities is not really compelling, as their foreign and trade policy was under British control. We thus consider British Malaya as a single polity since 1850 – and correspondingly we assume trade at 1913 and current borders to coincide. The United Kingdom (colonies). Statistical Yearbook (ad annum) provides a series of trade of the whole British Malaya, net of intra-Malayan trade, in 1913 and since 1915. We fill the gap for 1914 with the sum of trade of the Strait Settlements and “other Malaya” – as in 1912 and earlier years.   From 1915 to 1922, the data include flows of bullion, which we subtract by assuming that they accounted for the same percentage of total trade as in the Strait Settlement.  The series include transit trade, which of course was very substantial in Singapore, one of the busiest ports in Asia.  unfortunately, the Yearbook does not report data on re-exports for Malaya (and for few other minor polities) after 1913 as it does for all colonies.  On the other hand, it is possible to obtain a crude estimate of the missing re-exports from the summary tables of the same Yearbook.[2]  Furthermore, it is possible to estimate directly re-exports from data on commerce by product, available since 1890, under the fairlyplausible assumption that intra-industry trade was minimal.[3]  We thus divide the estimate by total trade, assuming no re-exports for other goods (Table A.1, Federico-Tena col a), or by trade in covered goods (col b) – the former being a lower and the latter an upper bound [1] We neglect this change and we treat Labuan as part of Malaya. [2] In fact the Board of Trade states that “an approximate distribution of total export trade between exports of domestic produce and re-exports has been made for the purpose of the grand totals shown in the summary tables” for Malaya, Brunei, Sabah, Sarawak and Tongan Island (Yearbook  1931 p.ix).  This estimate is clearly the difference between total re-exports and the cumulated re-exports from all other polities. We allocate this difference entirely to re-exports from Malaya, because the trade of the four other polities was very small. [3] We estimate transit trade by summing imports of exportables (defined as products with a positive trade balance) and exports of importables (the goods with negative trade balance). The collection of data is limited to products exceeding 5% of imports and exports. Before 1923 the data (Statistical Yearbook of British Empire)  refer to Strait Settlements only."
ASIA,Source: see text,"The two sets of series are remarkably and reassuringly similar. We thus feel confident to use the implicit estimate from the United Kingdom (colonies). Statistical Yearbook (ad annum) after 1922, while before 1913 we simply assume re-exports to have been equivalent to 30% of imports. Before 1913, we estimate trade for British Malaya as the sum of three different series, for Strait Settlement and Labuan, for the Federated States and the Un-Federated States, net of intra-Malayan trade.  We rely massively on the United Kingdom (colonies). Statistical Yearbook (ad annum), which reports series of trade of Labuan since 1852/1853, of Strait Settlements since1858/59, of the Federates States since 1883 and of the Un-federated states since 1909. [31] We start by estimating the series for the Strait Settlements and Labuan.  First, we produce a continuous series in calendar years, by interpolating the missing figures with a TRAMO routine, adjusting to calendar years before 1867, and subtracting bullion and species as a fixed proportion of total trade (20% for the Straits and 10% for Labuan). [32]  Second, we subtract the intra-Malayan trade. After 1867 we use the data (inclusive of bullion) from the Statistical Yearbook, reducing by the proportion of bullion on total trade. Before 1867, we assume intra-Malayan to have accounted for as 8% of total trade (net of bullion), as it was on average in 1867-1872. Finally, we have to subtract re-exports.  We have only the figures from Table A.1, which are not too precise. We thus assume conservatively that re-exports accounted for 30% of imports in the Strait Settlement, net of imports from the Malayan states, and we subtract them from both imports and exports in the same year. As said, the series for Federated States start in 1883, while data for the rest of the peninsula are available only since 1909.[33]  By then, trade of the Unfederated states was very small – equivalent to 6% of imports and 1.5% of exports of the Federated states (and less than 1% of imports and exports of the Strait Settlements). The ratios were to rise quite fast in the next decades, up to over 90% for imports and to about 20% of exports in the early 1920s. We obtain a series for Unfederated states from 1883 by assuming the ratios to trade of the Federated ones to have remained constant at their level of the early 1910s. The Statistical Yearbook supplies data on intra-Malayan trade only for Federated States and only after 1905. We thus simply use our estimate for the Strait Settlements – i.e. we subtract export from the Strait Settlement from imports of the rest of Malaya and vice-versa. [34] In theory, this procedure omits flows between Federated and Un-federated states which did involve any of the Strait Settlements. However, these flows were in all likelihood negligible. For the same reason, we do not adjust for re-exports, which were surely negligible.  This procedure yields a series since 1883, which we extrapolate backwards to 1850 with the series of trade of the Strait Settlements. Our final series of trade for Malaya is thus the sum of the series for the Strait Settlement and “other Malaya” (the Federated and Unfederated states net of intra-Malayan trade) from 1850 to 1912 and in 1914 and the series for unified British Malaya in 1913 and 1915-1938. [35] We deflate it with a Federico-Tena index. [36]"
ASIA,Brunei,"The polity was a British protectorate after 1888. United Kingdom (colonies) Statistical Yearbook from 1909 to 1923 reports series of import and exports at current prices for 1911-1913 (in Strait dollars) and then since 1915 in pounds.[1] We convert the data in Strait dollars in pounds with the rate from GlobalFinancialData, we fill the gap for 1914 and we deflate the series with a geometric mean of our indexes for Indonesia and British Malaya. We extrapolate the series at constant prices from 1911 to 1850 with a geometric mean of three indexes (1911=1) – population growth,  trade of British Malaya, and  trade of  Indonesia. Finally, we obtain a series at current prices 1850-1911 by reflating with a geometric average of price indexes for Indonesia and British Malaya. [1] The yearbook does not report data on re-exports in any year before 1938  and thus we omit the adjustment."
ASIA,China,"The Imperial Maritime Customs started to collect and publish trade statistics for China in 1864. Hsiao (1974) has carefully re-worked the original data at (domestic) market values (Tab 1) to obtain series at cif/fob basis (Table 11).[38]  The figures refer to current boundaries of China and thus they omit Manchukuo after 1932 (Hsiao 1974 pp.8-9) and are expressed in an unit of account, the so-called Haikwan tael. We convert them in dollars with the exchange rates tael-pound until 1879 and tael-dollar thereafter (Hsiao 1974 tab 9a). We deflate the data at current prices for 1867-1936 with the series by Hou (1965 table 52), which we extrapolate to 1938 with an indexes got from Germany (Statistical yearbook), 1939/40.[39]  Finally, we adjust the series to 1913 boundaries by subtract ing trade with Manchukuo (or Kwantung Lease territories, as they were called in Chinese statistics), since 1932 (Hsiao 1974 tab 6). We extrapolate backwards these series at current prices to 1850 (for imports) and to 1830 (for exports) with two different procedures.  From 1850 to 1864, we build an index of imports at current prices by summing up exports of opium from India (United Kingdom (colonies) Statistical Yearbook. and the total British exports to China (United Kingdom. Statistical Yearbook, while we proxy exports with the sum of imports from China to the United Kingdom, United States and France. [40]  We extrapolate exports at current prices back from 1850 to 1830 with an estimate of the value of exports of tea and silk.[41]  We deflate the export series with a Federico-Tena price index, while for imports 1850-1864 we estimate a Fisher price index with British export prices (Imlah 1958) and an index of Indian opium prices.  We compute this latter by piecing together the unit value of exports from 1850 to 1855 (United Kingdom (colonies) Statistical Yearbook and the price in Bombay (Richards 2002 tab 5) for 1856-1867."
ASIA,Dutch East Indies (Indonesia),"Korthals Altes (1991 tab 1A, 1B, 2A and 2B) provides series of trade at current prices since 1822. They include transit (until 1914 for imports and until 1879 for exports) and, before 1874, refer to Java and Madura only.  The source does not report any information about transit, while it does reports estimates of trade of the so-called “other islands” in 1849 and 1873 (Korthals Altes 1991 p.24). We interpolate and extrapolate them to obtain a series of the ratio of the share of Other Islands to trade of Java, which we use to compute the trade of the Other Islands. Deflation is an issue.  There are three indexes at local prices for exports, by Korthals Altes (1991 Appendix A) for 1820-1938, Van Ark (1988 tab 4) for 1825-1938 and Federico and Chilosi (2013) for 1849-1913.  The pairwise coefficients of correlation between these indexes are quite high, ranging, over the whole period, from 0.74 to 0.95. From the import side, however, we have only the index by Korthals Altes from 1925, and its movements are quite odd. In fact, import prices fell by two thirds from the 1820s to the early 1870s and by (almost) two thirds from the 1870s to World War One – i.e. a 90% collapse in a century.  No other country features such a fast, steady and prolonged decline.  One might explain the fall in the first period as a consequence of the abolition of the Dutch monopoly under the Cultivation System, but this explanation does not hold for the second half of the 19th century.   Furthermore, the combination of stable albeit fluctuating, export prices and fast falling import price would yield a spectacular improvements in terms of trade. For these reasons, we have decided to use the index by Korthals Altes for exports, while for imports before 1913 we substitute it with a Federico-Tena index. This latter declines from the 1820s to the eve of World War One only by a quarter – i.e. slightly less than the index for India."
ASIA,Formosa (Taiwan),"Until 1896, Taiwan was a Chinese province. It became a Japanese colony in 1896, and thus, in our definition, a trading polity, after the treaty of Shimonoseki. We use the figures from Birnberg-Resnick (1975 tab A41)[42].  We deflate the series with the indexes by Mizoguchi (1974). We prefer it to the index by Birnberg-Resnick (1975 tab. A41) as this latter takes into account fewer goods and covers a shorter period – 1906-1936 for imports and 1900-1936 for exports. Anyway, these two indexes are almost identical, with coefficients of correlation 0.96 (imports) and 0.94 (exports) in levels and 0.93 and 0.89 in first differences. In theory, we should estimate trade at 1913 borders by adding the commerce between China and Taiwan before 1896, which would have been international trade after 1896. We omit this correction because we have no data on this flow."
ASIA,[polity 1800 1938],"The series is based on French sources, France (Colonies). Statistical Yearbook (several years) for 1835-1881 and France.Statistical Yearbook (ad annum) thereafter, supplemented for few years with data from the United Kingdom (foreign countries) Statistical Yearbook (ad annum) and Von Neumann-Spallart.[43]  The series is then extrapolated backwards to 1830 with the series of trade of British India. [44] We deflate the series with the price index for British India, adjusting for the movement of the exchange rate between French Franc and British pound."
ASIA,French Indochina,"The French colonial authorities started to collect data on foreign trade of Indochina in 1877 publishing them in the France (Colonies). Statistical Yearbook and, since 1884, in France. Statistical Yearbook.[45]  Before 1907, the figures, which are reproduced also by Mitchell (2007), exclude bullion but include transit.  We compute this latter before 1907 by multiplying total trade by the ratio special/general – a simple linear interpolation between the share in the late 1870s (less than 2%) and in 1907 (about 20% of general imports and 13% of exports) in the mid-1900s. The League of Nation, Review (1938)  publishes an index of prices for for 1925- 1937: we extrapolate it forwards to 1938 and backwards to 1877 with Federico-Tena indexes.   Finally we assume that from 1850 to 1876 per capita trade at constant prices remained constant and we obtain the corresponding series at current prices by reflating the series with Federico-Tena price indexes."
ASIA,India,"The East India Company started to register trade of its Indian domains very early. Chaudhuri (1982) reports data on trade for Bengal, from 1795/96 to 1803/04 (imports) or to 1805/06 (exports) and from 1812/13 to 1827/28 (tab. 10.3A), for Bengal, Madras and Bombay from 1828/29 to 1833/34 (tab. 10.5) and for the whole British India since 1834/35 (tab. 10.7). All these series are in rupees, a silver currency, but the United Kingdom (colonies). Statistical Yearbook (ad annum) conveniently reports the same series in pounds since 1850/51. Thus, sources are abundant, but they need some adjustments. In fact, all data refer to fiscal years, ending March 30th, and, while they exclude bullion, they exclude also trade via land frontiers (e.g. with Afghanistan and Iran), trade of native states (not formally part of British India) and, after 1937/38, trade of Burma.[46]  On the other hand, according to the Anglo-Saxon definition of trade, they include transit.  In particular: i) we add land trade, which the Indian customs recorded from 1876/77 to 1924/1925  [47]. We estimate land trade in the other years as fixed shares of sea trade –  10% for imports and 6% for exports until 1875/76 (as in the late 1870s) and 6% and 5%  since 1925/26 (as in the early 1920s). ii) we add an estimate of the trade of native states. The United Kingdom (colonies). Statistical Yearbook reports that in 1937/38 and 1938/39, it amounted to about 2.5% of commerce of British India. The percentage may seem too low, as the native states accounted for between a fifth and a quarter of the population of British India (Sivasubramonian 2000 tab.1.2).  However, the data refer explicitly to the two only native maritime states, Travancore and Kathiawar.  We infer that all the sea-born trade of the other states flowed through ports of British (or Portuguese, or French) India, and thus was captured by trade statistics of other Indian polities. We thus increase trade of British India by 3% from 1850/51 onwards all over the period. iii) We add the (sea-borne) trade of Burma, net of trade with British India, in 1937/38 and 1938/39, with data from Statistic Yearbook India. iv) Finally, we subtract re-exports from both imports and exports (in the same year). The Unite kingdom (colonies) Statistical Yearbooks. reports them separately in 1913/1914 and since 1922/1923, while in the missing years we compute them as exports times the share of re-exports. We obtain this latter from 1914/15 to 1921/22 by linear interpolation, while we assume it to have remained stable at 2% of exports until 1912/1913. Then we extend our series to 1799/1800 with the data for EIC territories from Chaudhuri (1982), implicitly assuming that these latter shared trends in trade with the rest of India. We convert Chaudhuri’s figures from rupees to pounds with the series pieced together from different sources by Chilosi and Federico (2013). We fill the gap in the early 1800s with a TRAMO interpolation. Last but not least, we convert the whole series from 1799/1800 onwards from fiscal to calendar years by assuming trade to have been equally distributed in the year. As a last step, we have to deflate the series at current prices. As far as we know, there are five (sets of) prices indexes, by Williamson (2003) for 1800-1850, Chaudhuri (1982 tab 11.A1) from 1861 to 1947, Birnberg-Resnick (1975 Tab A 25) for 1880-1936, Blattman et al (2007) for 1861-1939, exports only, and by the Indian statistical office from 1923/24 onwards (League of Nations, Review 1938).   Williamson (2003) and Blattman et al (2007) build a Laspeyres price index with British prices.  Both Chaudhuri and Birnberg and Resnick use Indian prices, but we prefer the latter. In fact, it is a Fisher index for 48 products on the import side and 50 on the export side, while Chaudhuri is a simple un-weighted average of indexes for 28 imported goods and 11 exported ones. We extrapolate the series to 1938 with the index of the Indian Statistical office and to 1800 with Federico-Tena indexes. [48]"
ASIA,Iraq,"Our main source is the Trade statistics Iraq, which report data, in dinar, for 1921-1927 and 1932-1938. We convert the data in calendar years, subtract re-exports and compute the shares of trade with other former Ottoman territories.[49]  We fill the gap for the period 1928-1931 with data from Mitchell (2007). We convert from dinar in dollar with data from the GlobalFinancialData until 1929, and from the League of Nations (1933-38), thereafter. We deflate with Federico-Tena price indexes."
ASIA,Korea,"We use the series, at current and constant prices by Park and Kim (2009).[50] Their baseline estimate, which relies on official trade statistics, starts in 1884.  Korea had opened to world trade few years earlier, in 1876, by signing a trade treaty with Japan.  We extend the series to 1877 by extrapolating the baseline estimate with the “alternative” one by the same authors, based on a number of different sources, and we assume that trade in 1876 was half its 1877 level."
ASIA,Japan,"Japan (1979) The Historical statistics of Japan reports series of trade at current prices since 1868 and at constant prices since 1874  (Vol III, tab 10.3 and 10.1), as well as series of exchange rate yen/dollar since 1874  ((vol III tab.10-11-a).[51] We extrapolate the series of trade at current prices to 1860, the year after the opening of Japan, with the series from Mitchell (2007), which refer to Yokohama, Nagasaki and Hakodate only, and we extrapolate the exchange rate with the price of silver in dollar from Jastram (1981).[52]  Finally, we deflate the series at current prices in 1860-1873 with Federico-Tena price indexes."
ASIA,[polity 1932-1938],"League of Nations (1933-38), reports data of trade for Japanese-controlled Manchuria onwards, in yuan, separately for trade with (mainland) China and with all other polities, as well as data for re-exports until 1935.[53]   We estimate these latter in 1936-1938 assuming the share on total exports to have remained constant at their 1932-1935 average.  We convert in dollars with the exchange rates from League ogf Nations (1933-38) Review of World Trade, using the gold content of the yuan relative to the dollar as proxy for the exchange rate in 1913, which we need in order to estimate trade at constant (1913) prices. We deflate import with the index for (mainland) China, and exports with a Federico-Tena index."
ASIA,Nepal,"The Kingdom of Nepal remained formally independent throughout the period, but there is no data whatsoever on its trade before 1938. We thus assume that in 1936-1938 per capita imports and exports was about a third of imports and exports of Afghanistan (as in the 1950s and 1960s) and we let them move as import per capite of Afghanistan. We obtain the series at constant prices by multiplying by the population and we reflate it with the price index for Afghanistan."
ASIA,Ottoman Empire/Turkey,"Given the poor quality of the Ottoman trade statistics, Pamuk (1987 tab A.1.1) estimates trade at current prices from 1830 to 1913 by summing up the trade with the Empire from the statistics of neighbouring countries (Bulgaria, Romania etc.), of major Western countries (United Kingdom, France etc.) and the USA. After the war, we use the series from the Turkey Statistics yearbook Turkey, equal to Mitchell (2007). They start in 1923:  we assume arbitrarily that trade in 1922, a year of war and political turmoil, was 80% of the commerce in the following year. The Pamuk series are in pound, while we convert the post-war figures from Turkish liras to dollar with the rates from the Germany Statistical Yearbook (1924-25) for 1922  and from Gormez and Yigit (2014 series TR3D_A) from 1923 to 1937. We deflate the figures for 1854-1913 with the Fisher price indexes by Pamuk (1987 tab. A.2.1). We extrapolate this index to 1850 for imports and to 1830 for exports with Federico-Tena indexes and we deflate with (different) Federico-Tena indexes also the post-war series. The Ottoman Empire has been spawning new polities throughout the period – Greece in 1832,  Romania in 1859, Bulgaria, Cyprus and perhaps Montenegro in 1879, Crete in 1898, Libya and the Dodecanese (islands in the Aegean sea), seized by Italy, in 1912, Albania in 1913 and Syria/Lebanon, Palestine/Jordan, Irak and the states of Arabian peninsula in 1918.[1]  These changes have to be handled differently to estimate trade at 1913 boundaries before and after World War One.  Before 1913, our series of trade at current borders include trade between the Empire and the new polities after they became independent, but it exclude the same flows while the new polities still belonged to the Empire. Vice-versa, the total (Turkish) trade statistics after 1918 include the commerce with the lost territories, which was still domestic trade before the war. Therefore, we could get series at 1913 borders before the war by adding (an estimate of) the bilateral trade with the new polities before their independence, while after the war we must subtract the bilateral commerce.  Unfortunately, we have no data on bilateral trade between the Empire and the new polities in any pre-war year. We thus crudely estimate these flows before the independence as the population of the new polities times a tenth of the trade per capita of the Empire in the same years.[2]  The coefficient implies that domestic trade equivalent to 10% of total Ottoman trade (scaled by population): of course totally arbitrary, but results not implausible and anyway the difference is small.  From 1830 to 1858, when the Empire at its full extension (after the loss of Greece), our estimate of trade at 1913 borders is 6% higher than the estimate at current borders. The adjustment to 1913 boundaries after 1918 is comparatively straightforward. We simply subtract the trade with the lost territories from total trade of Turkey (Statistical yearbook Turkey). [3] [1] Both Romania and Montenegro are border cases. Moldavia and Wallachia, which were to constitute Romania, and some areas of Montenegro enjoyed a quasi-independent status although  the Ottoman Empire did not formally relinquish its suzerainty until 1859 and 1879 respectively.  We implicitly assume that the statistical offices of the Western states, which Pamuk has used to build his series, considered the official status of these areas rather than the situation on the ground and registered trade with them in the total trade of the Empire. We have decided to not to adjust for the (formal) loss of Montenegro because it does not feature in our data-base given its small size and the total lack of data. For the same reason, we ignore the Ottoman annexation of Quatar in 1871 and the loss of the Aegean Islands to Italy in 1912. [2] We neglect the adjustment for Greece, whose independence had already been sanctioned by the Western powers and Russia in 1830, when our series for the Ottoman start. [3] We ignore the trade with the new states of the Arabic peninsula (Yemen, Saudi Arabia, Quatar Sharjah) as the Yearbook does not quote it probably because the value of the flows was negligible. We use the 1923 shares for 1922."
ASIA,Palestine and Jordan (Transjordan),"The Palestine. Statistical Yearbook (1928 and 1938) provides data at current prices, in Palestinian pounds (equal to British sterling), net of re-exports and of bullion, since 1923. It also provides data on trade with other new polities created in the territories of the former Ottoman Empire – Turkey, Syria, Iraq and the Arabian Peninsula. We obtain data for 1920-1922 from the United Kingdom (colonies) Statistical Yearbooks. For those years, we convert the data from fiscal to calendar year and we estimate re-exports and trade with former Ottoman areas as constant shares, at their 1923-1925 level. Finally, we deflate the resulting series with Federico-Tena price indexes."
ASIA,Persia (Iran),"The Persian statistics series start, as far as it is possible to ascertain from Western sources, in 1901[57]. We get the data at current prices (for years ending March 30th) from United Lingdom (foreign countries) Statistical Yearboooks. 1900-1912 and Mitchell (2007).  However, the United Kingdom Annual Statement of Trade registered trade between Persia and the United Kingdom and Entner (1965) estimates a series of trade with Russia in gold roubles.  We build an index of Persian trade as sum of these two flows and we use it to extrapolate trade backwards to 1850. We convert the the data are in local currency, kran (renamed rial after 1930s). We build a series of exchange rates from two different sources, United Lingdom (foreign countries) Statistical Yearboooks (1900-1912 p.67) for 1901-1912 and the League of Nations (1933-38) Review of World Trade for 1922-1938. We interpolate linearly the rates in 1913-1921. Finally, we deflate the series with Federico-Tena indexes."
ASIA,Philippines,"We use two different sources for our series of foreign trade of the Philippine at current prices – the book by Legarda (1997 tab. 1) who reports data from 1810 to 1895 and a working paper by Nagano (1997) for the period after 1898. We adjust the Legarda series by subtracting re-exports from imports in 1810-1820 and by interpolate the missing years (1811-1817, 1819-1824, 1826, 1832-1834, 1842, 1868-1869 ad 1871) with a TRAMO routine. We fill the gap 1896-98 with data from Mitchell.[58]   The main source is a working paper by Nagano (1997), which reports series at current prices in pesos since 1855, with few gaps. We fill these gaps and we extend the series to 1850 with a TRAMO routine. The Philippines peso was a silver currency until 1903 and pegged to dollar at a fixed rate thereafter.  We piece together a series of exchange rates using the data from Legarda (1997 tab 16 and 17), with interpolations and extrapolations, until 1903, the official parity with the dollar from 1904 to 1921 and the rates from the League of Nations (1933-38) after 1922.[59]   We deflate the export and import series with a Federico-Tena index before 1901 and with the Fisher price index by Birnberg-Resnick (1975 tab A.37) from 1902 to 1938."
ASIA,Portuguese India,"Ribero-Salgado (1939) provides series of current prices, in pound sterling net of bullion, but including re-export, after 1901, while Von Neumann Spallart (1880-1895) estimates trade in 1890-1893. However, we discard this figures as implausibly low – a mere 10% of the Ribero-Salgado ones. Thus we extrapolate the Ribeiro-Salgado series backwards to 1850 with the series for British India and we deflate the resulting series with the price indexes for British India.[60]"
ASIA,Sabah (British North Borneo),"The area, on the Northern coast of Borneo, became a British protectorate in 1888, but the United Kingdom (colonies). Statistical Yearbook (ad annum) publishes series of its imports and exports since 1884. They include bullion and re-exports and are denominated in Strait dollars until 1906. We subtract bullion and we convert the figures in pound with the official exchange rate from the Statistical Yearbook, while we do not adjust for re-exports.[61]  We deflate the series with Federico-Tena indexes. We extrapolate the level of trade at constant prices in 1884 to 1850 with a geometric mean of three index (all with 1884=1) – the trade (imports and exports) of British Malaya, the trade of Indonesia and for the growth of local population. Then, we obtain the series at current prices by reflating the data at constant prices with Federico-Tena price indexes"
ASIA,Sarawak,"Sarawak was an independent kingdom, ruled by a British dynasty, on the Northern coast of Borneo. United Kingdom (colonies) Statistical Yearboooks (ad annum) and later British Empire provides series of trade at current prices since 1883, in Strait dollars to 1906 and in pounds thereafter. We convert the data into sterling with the exchange rates from the same source and we deflate the series with Federico-Tena indexes. We obtain a series of trade at constant prices 1850-1884 by extrapolating trade in 1884 with a geometric mean of three index (all with 1884=1) – the trade (imports and exports) of British Malaya, the trade of Indonesia and for the growth of local population.  We reflate the series to get series at current prices with the same set of Federico-Tena price indexes."
ASIA,Saudi Arabia,"There are no data whatsoever on trade of Arabian peninsula, which, after the collapse of the Ottoman Empire, was divided in several tribal states (Hejaz etc.), to be formally unified only in 1932. We simply reproduce the series for North Yemen, which in 1951 had a comparable population of about 3.5 millions (Maddison 2010) and was similarly poor (the production of oil in Saudi Arabia started in 1949)."
ASIA,Siam (Thailand),"Manarungsan (1989 tab A7) reports data of trade at current prices, in baht, from 1850 onwards. We subtract 3% for exports of bullion, included in 1885-1895, and we interpolate missing data (1851-1858, 1860-1861 and 1868-1869 for imports, 1851-1863 and 1868-1869 for exports) with a TRAMO routine.  The baht was a silver currency, although until 1882 it was officially pegged to sterling at 8 baht per pound. We thus compute the exchange rate with dollar according to the silver content of the currency, valued at the US price of silver (Jastram 1980).  The official peg was abandoned in 1883 and since 1902, the baht was slowly re-valued until 1908 when it was pegged again to the pound at 13 baht/pound. In those years, we use the official exchange rate (Manarungsan 1989 tab A 12), while after 1922 we prefer to use the series of the League of Nations (1933-38) Review of World Trade.  We deflate the series at current prices with the price indexes by Birnberg and Resnick (1975 tab A. 50), which cover the period 1896-1938 for exports and 1905-1938 for imports. For imports, we extrapolate the series for imports backwards to 1865 with price series from Manarungsam (1989 tab A7) and then to 1850 with a Federico-Tena index. In contrast, from export side we use only the Federico-Tena index, as the series by Manarungsam remains suspiciously constant from 1865 to 1888. [62]"
ASIA,Sri Lanka  (Ceylon),"The series of trade at current prices, in pounds, are taken from the United Kingdom (colonies) Statistical Yearboooks (ad annum) and later  British, Empire with few adjustments and additions.  As for India, we subtract re-exports from both imports and exports with the data from the same source for 1913 and 1922-1938, while before 1912 we assume them to have accounted for 3.5% of exports (vs 3.76% in 1913). We subtract bullion from 1828 to 1850 by assuming its share to have been constant at its 1851 level.  After 1891, we deflate the series with the Fisher price indexes for imports and exports from Birnberg-Resnick (1975 tab A 5), which we extrapolate to 1850 for imports and exports and to 1825 for imports only with Federico-Tena price index. [63]"
ASIA,Syria and Lebanon,"The series from France, Statistical Yearbook 1939, reproduced by Mitchell (2007), refer to general trade from 1920 to 1935, and to special trade in 1936-1938. In those three years, special trade accounted for 72% of imports and 62% of exports and we reduce by the same percentage the data on trade.  The same source provides data on the percentage of trade with other former Ottoman territories after 1931. We assume that their shares in 1920-1929 were equal to their average in 1931-1933. We convert the data in dollar with the exchange rate of the French Franc and we deflate with Federico-Tena indexes"
ASIA,Yemen (North),"North Yemen became an independent kingdom in 1918, after the collapse of the Ottoman Empire, while the South Yemen (the area around Aden) had been a British protectorate since the 1830s. The North Yemen did not publish any record of its international trade, but the Statistical Yearbook of the British Empire reports data of trade by land of Aden. We use imports (exports) via land as proxy for total exports (imports) of North Yemen, which was likely to use the port of Aden for most of its trade.  This is clearly a very tentative assumption as Aden may have traded by land with Saudi Arabia, or North Yemen may have traded also by sea from its own ports or by land with Saudi Arabia. However, without any further information, we refrain from correcting the data. We deflate the series with the Federico-Tena index for Somaliland, which seems to have been pretty similar country to North Yemen in terms of resource endowment and level of income."
EUROPE,Albania,"Albania became independent in 1913, but foreign trade statistics are available only since 1920, from the League of Nations (1925), and Mitchell (2007). We estimate trade in 1913 by assuming it to have been equal in constant value to its level in 1920-1922 (population was 4% lower according to Maddison).  The sources quote data in “gold Francs”, which we convert in dollars before 1933 at the pre-war parity (5.18 Francs per dollar)[64]. After 1933 we adjust for the devaluation of the dollar with the series of the League ogf Nations (1933-38). We deflate the data at current prices with Federico-Tena price indexes, adjusting for changes in the gold price of pound in the 1930s (from E-net)."
EUROPE,Austria,"We obtain a series at current prices, net of bullion (“gold and silver”), for 1920 and 1922-1937 from Statistics Yearbook Austria and we interpolate it in 1921 with the figure from Mitchell (2007)[65].  The data are expressed until 1923 in gold kronen (i.e. at the pre-war gold parity with dollar) and then in shilling, which we convert in dollars with rates from Statistical Yearbook Germany (1924-5, 1926 and 1930) until1929 and from the League of Nations (1933-38) Review of World Trade after 1929.  We deflate this series at current prices with the unit values series from the United Nations (1962) for 1922-1937, which we extrapolate backwards to 1920 with a Federico-Tena price index, adjusting for the devaluation of pound sterling relative to dollar before 1925. [66] As explained in more detail in Appendix B, the adjustment of trade of successor states to their 1913 borders (i.e. to the boundaries of the defunct Austrian-Hungarian Empire) involves two distinct operations. First, we subtract trade with areas which belonged to the dual monarchy in 1913 – i.e. the total bilateral commerce with Czechoslovakia and Hungary and an estimate of trade with the former Austrian territories of Poland. This latter is assumed to account for a third of total trade between post-war Austria and Poland (coefficient α in Appendix B), according to the share of former Austrian territories on total Polish population after the war.[67]  Then we add an estimate of the trade between former Austrian territories and the rest of post-war Poland, which would have been international trade at 1913 borders.  Unfortunately, we do not have any data on domestic trade within Poland after the war. Thus, we augment the estimated bilateral trade between the rest of post war Poland and Austria  by 10% - i.e. the share of Galicia (the former Austrian territories transferred to Poland) on total Austrian GDP before the war (Schulze 2007 tab 4). However, this figure refers to the whole trade between Galicia and the three successor states: we assume that the share of Austria was equal to its percentage on the combined GDP of Austria, Hungary and Czechoslovakia (Maddison 2010).[68]  The data for 1920-1921 are missing and so we use the estimated coefficient for 1922."
EUROPE,Austria-Hungary,"The series of Austro-Hungarian trade from Mitchell (2003) cannot be used as such for two reasons. First and foremost, before 1875, the statistical office updated prices only occasionally (e.g. in 1852, 1858, 1863) and for some items only (Lampe 2005), so that the figures an unknown mix of current and constant prices. Second, the geographical coverage does not coincide with the territory of the Empire. The series data omit Dalmatia before 1880 and Bosnia-Hercegovina before 1908, although the former had belonged to the empire since the late 18th century (but for a spell of French rule under Napoleon) and the latter had been an Austrian protectorate since 1879. [69]  Therefore: i) we estimate new series of trade at constant prices from 1831 to 1913 by multiplying 1913 prices by yearly series of quantities of major commodities (Statistical yearbook Austria and Statistical Yearbook Hungary).  The set of products differs in time, accounting for 30.2% of  imports and 22.8% of exports in 1831-1840, for 39.2% and 29.4% in  1841-1850, for  42.4% and 39.2% in 1851-1872   and for 47.1% and 44.5% in 1873-1917. ii) we use the official series of trade at current prices from Mitchell for the period 1875-1913 and we extrapolate them backward to 1831 with a new index, which we obtain by multiplying the quantities times the British prices, adjusted for changes in freights. iii) We extend the series to 1830 by assuming that in that year trade was 2% lower than in 1831 and from 1913 to 1918 with the data from Schulze (2005 tab.3.21).[70] iv) We add trade of Dalmatia from 1830 to 1879, and of Bosnia-Hercegovina from 1880 to 1907, respectively as 2% and as 1.5% of total trade. [71] v) We convert the series into dollars, using before 1914 the cross-rate between sterling and (differently denominated) Austrian currency (Denzel 2010 tab 5.1) and for 1914-1918 the exchange rates from GlobalFinancialData."
EUROPE,Belgium,"Belgium became officially independent in 1830 and it started to publish trade statistics the next year. However, they overstated the amount of trade by including some transit trade. Horlings (2002) has recently published series at current and constant prices, correcting for this overvaluation, since 1835 (with a break for 1914-1918). We extrapolate his series at current prices backwards to 1831 with data from Trade Statistics Belgium (1914).  We deflate the resulting series in 1831-1835 with a linear interpolation of the implicit price indexes for import and export in 1831 and 1837 by Capelle (1938).  We assume that trade in 1830 was 5% lower than in 1831.[72] We obtain the series of exchange rates from three different sources, the GlobalFinancialData for 1831-1919 (substituting the gold parity to market exchange rates from 1861 to 1878), the German Statistic yearbook (1924-25, 1926) for 1920-1926 and the League ogf Nations (1933-38) Review of World Trade (ad annum) since 1927."
EUROPE,Bulgaria,"Bulgaria became independent after the Berlin conference in 1878. We build our series of its trade at current prices from three different sources, Mitchell (2007) for 1870-1886, the data-base by Morys and Ivanov for 1887-1919 and the League ogf Nations (1933-38), and League of Nations (1925).  This latter is the only series which explicitly excludes bullion. We convert the figures in leva into dollars with the series by Dimitrieva and Ivanov (forthcoming). It starts in 1886 and thus we extrapolate it backwards to 1879 assuming that the agio increased from zero in 1879 to 6.5% in 1886. We deflate the resulting series at current prices with a Federico-Tena index. [73]"
EUROPE,Crete,"We consider Crete as an independent polity as it was an international protectorate from 1898 to December 1913, after having been a Turkish province and before being annexed to Greece.  Indeed, the United Kingdom (foreign countries) Yearbook (1912) publishes series of trade for 1901-1911 in pound sterling. We extend them back to 1898 and forward to 1913 assuming trade to have been constant at the level of 1901 and 1911. We deflate imports with an average of the indexes for Greece and Cyprus, and exports with the price of olive oil, the sole staple of the island."
EUROPE,Cyprus,"Cyprus became a British protectorate after the treaty of Berlin (1878), but the Statistic Yearbook British Empire (ad annum) publishes trade data only since 1883-1884. We extrapolate the series to1880-1881 with the figures by Mitchell (2007), inclusive of bullion, and then to 1878-1879, assuming arbitrarily that trade was growing at 10% per year, as in the early 1880s.  We subtract re-exports, with data from the United Kingdom (foreign countries) Yearbook: we estimate the missing years (1879-1912 and 1914-1921) as 4% of exports in the same year.  Finally, we deflate the series with Federico-Tena price indexes"
EUROPE,Czechoslovakia,"We obtain data at current prices (excluding bullion and precious metals, but including improvement) from 1922 to 1936 from Statistics Yearbook Czechoslovakia 1936, while the figures for 1937 are from Mitchell (2007).  We estimate trade at 1913 borders with the procedure outlined for Austria, with data on trade with Austria, Hungary and Poland from Statistics Yearbook Czechoslovakia (1936). Then we convert the Koruna into dollars with the series from the Statistical yearbook Germany (1924-1925, 1926, 1930) until 1929 and with the League of Nations (1933-38) from 1930 to 1939.   The League of Nations (1938) publishes official indexes of prices of imports, 1923-1937, and exports, 1923-1932. We extrapolate forward this latter to 1937 and both indexes backwards to 1913 with Federico-Tena price indexes."
EUROPE,Denmark,"Johansen, in his well-known collection of Danish historical statistics (1985, pp.186-189), reports series of trade at current prices, in kroner, since 1818 for exports and since 1841 for imports. [74] We piece together a series of exchange rate of the Danish currency (called rigsdaler until 1874) with dollar  from 1848 onwards by joining a cross rate with sterling from Denzel (2010 tab.9.1)  until 1913, and the direct rates from GlobalFinancialdata, for 1914-1919, Statistical Yearbook Germany (1924-1925, 1930) for 1920-1929  and League of Nations, Review (ad annum) for 1930-1938. We extrapolate the series from 1848 to 1818 with the exchange rate with the Hamburg Banko, a silver-based currency (Denzel 2010 tab. 9.1) times the price of silver in the United States (Jastram 1981 tab.15). The series are then deflated with the price indexes for import and export from Johansen (1985 pp.216)."
EUROPE,Estonia,"We take the series of trade at current prices, in millions kroon, from League of Nations (1925), Memorandum on International Trade and Balance of Payments for 1920-1922 and from Trade statistics. Estonia (1938)  for 1923-1938. We convert into dollars with exchange rates from Statistic Yearbook Germany (1924-1925, 1926 and 1940) for 1921-1929 and then to 1938 from the League of Nations (1935 and 1938). [75] As Estonia before 1913 was entirely within the borders of the Russian Empire, we compute its trade at 1913 borders by subtracting trade with Latvia, Lithuania, the Soviet Union and the former Russian territories of Poland according to Trade Statistics. Estonia  (1938).[76]  We deflate the series with official indexes of import and export prices, 1925-1938 (the League of Nations (1933-38), which we extrapolate backwards to 1913 with Federico-Tena indexes"
EUROPE,Finland,"Since 1809, Finland was a Grand-duchy, with the Russian Emperor as Grand duke. Indeed, Mitchell (2007) reports series of trade at current prices in markka since 1812, which after 1859 coincides with the series available in the standard estimate of Finnish national accounts (Hjerrpe 1996 pp.141-143).  Since 1864 we convert the markka into dollar with rates from Autio (1992).  The markka had replaced the rouble as currency in Finland four years earlier, at a fixed ratio. We hypothesize that Mitchell’s series were originally in roubles and thus we extrapolate backwards our exchange rate from 1864 to 1812 with the gold content of paper rouble by Mironov.[77] We deflate the resulting series with the price indexes from Hjerppe (1996). The series starts in 1860 for exports and in 1865 for imports: we extrapolate backwards exports to 1812 and imports to 1850 with Federico-Tena price indexes."
EUROPE,France,"France started to collect trade statistics well before 1800, but the retrospective section of the Statistical Yearbooks (1951 pp.189*-190*) publishes a complete series only since 1827. We extend it to 1800 with the series from Levasseur (1911 vol.II pp.100 and 148), which are identical to the figures in Mitchell (2007).  From 1827 to 1846, trade was evaluated on the basis of 1826 prices (“valeurs officielles”), as stated by an ""ordonnance royale de 1826"" (Trade Statistics. France 1827-1836 and 1847-1856  p.XIV) . The data exclude bullion throughout the period, but they include transit before 1824 and  exclude improvement  trade from 1857 to 1929 (White 1933 p. 36, Trade Statistics France 1930  fn 1 p.18). [78] Thus, in order to obtain consistent series of French trade at current and constant prices: i) we estimate transit before 1824 as a fifth of general trade, according to the ratio special/general trade in 1825-1830 (0.76 for imports and 0.83 for exports) and we subtract this estimate from the available figures ii) we add improvement trade from 1857 to 1929, with data from Trade Statistics France (1857-1866, 1867-1876 and 1877-1886 and 1914-1929) and White (1933 p.36). iii) we deflate data 1800-1826 and we reflate before 1847, with Federico-Tena indexes.[79] iv) we deflate the official series at current prices from 1847 onwards. To this aim, we could use the price indexes by Levy-Leboyer (1970) for 1809-1925, Flux (1900) for 1847-1898, de Foville (1912) for 1881-1910, White (1933 pp. 232-233) for 1880-1913, Villa (1993 p.445) for 1896-1938 and the official French trade statistics from 1923 to 1938 (League of Nations (1933-38). Table 1 reports the pairwise coefficients of correlation between these series, when they overlap (coefficients for imports in italics). v) we convert the data in Francs into dollars with a new series of exchange rates, which we piece together with data from Denzel (2010), tab 6 for 1800-1913 (using the cross-rate with the pound in 1800-1878, and interpolating some years with a TRAMO routine), GlobalFinancialData for 1914-1919, Statistical Yearbook. Germany (1924-1925, 1926 and 1930) for 1920-1929  and from the League ogf Nations (1933-38) from 1930 to 1938."
EUROPE,Table 1,"The coefficients are quite high between all pairs, which do not include the series by Villa (1993).[80] This latter is also poorly correlated with the official series in 1923-1938 (0.22 for imports and 0.21 for exports). Thus we use the series by Levy-Leboyer (1970), the longest one, from 1847 to 1925 and we extrapolate them to 1938 with the official series."
EUROPE,Germany,"Germany is an exception to our basic definition of trade at current borders, given its extremely complex political history. Estimating trade between all its polities before unification would be plainly impossible. Thus, our series refer to the country in its 1871 borders, which by and large coincide with the Zollverein at the end of the process of expansion since its establishment in 1836. Predictably, no single source provides series for the whole period and thus we piece together different series: i) We build an index of exports at current prices from 1800 to 1833 by piecing together series of exports to the United Kingdom (1800-1833), France (1800-1833), Austria-Hungary (1814-1833), USA (1821-1833) and Russia (1827-1833) from Kuntz (1974) [1]. We extrapolate this index to 1836 with the sum of imports of the same five countries. We produce an index of exports at constant prices by deflating with a Federico-Tena price index based on German prices from Jacobs-Richter (1935). [2] We then link the indexes to the 1836 level of trade. ii) Since 1836,  the Zollverein started to publish data on traded quantities, which have been used by Hoffmann et al (1965 tabs. 125 and 129) to produce a series of ‘German’  imports and exports at constant prices. Unfortunately, as pointed out by Lewis (1981 pp.29-30), they have taken the official data at their face value without trying to correct two major shortcomings, the failure to adjust for changes in borders of the Zollverein, which causes a spurious increase in commerce every time a polity joined the custom union and the addition of transit in 1872-1879 (which causes a spurious boom in trade and a similarly spurious collapse in 1879). Thus, we have estimated a new series of trade at 1913 prices by extrapolating the 1880 level from Hoffmann et al (1965) with a series of yearly changes. We obtain these latter from three different sources, Borries (1970 tab.11) from 1836-37 to 1855-1856, Lewis (1981) from 1856-1857 to 1879-1880 for exports and Hoffmann et al. (1965) for imports.  We correct this latter for the spurious inclusion of transit by arbitrarily assuming that imports increased by 3% both in 1871-1872 (rather than growing by 22%) and in 1879-1880 (rather than falling by 26%).  Then, we compute trade at current prices by reflating the series at constant prices with indexes for imports and exports.  For the sake of consistency with the estimate at constant prices, we use the implicit prices from Hoffmann et al (1965) for imports and Lewis (1981) for exports. The former series starts in 1880, the latter in 1847: we extrapolate both series to 1836 the Federico-Tena price index computed with domestic prices from Jacobs-Richter (1935). [3] iii) From 1880 we use the new series by  Hungerland and Wolf (2017) at current prices, which  take into account  the inclusion of Hamburg and Bremen in the trade boundaries of the Empire after 1888  and.[4] We deflate the series with the implicit price index from Hoffman et al (1965) iv)  The German Statistical Office ceased to publish trade data in 1913, but for the five war years we can rely on the estimate at current and constant (gold) marks by Hardach, as reported by Ritschl (2005 tab. 2.7).  As far as we know, there are no data for 1919, while the German Statistical Yearbook (1924-1925) estimates trade at 1913 prices for 1920-1924 and the United Nations (1962) report series (allegedly) in gold dollars at current prices since 1921.  However, we suspect that the United Nations have simply converted in gold dollars the data in pre-1913 (gold) marks because the implicit price index barely changes (except for exports in 1922).  Thus, we prefer not to use these data. We obtain a series at current prices for 1920-1923 by reflating the data from German Statistical Yearbook with Federico-Tena price indexes.  We crudely estimate trade in 1919 with linear interpolation. iv) We use the Hoffmann (1965) series data without further change since 1923 (current prices) or 1925 (constant prices) As said, we have to omit corrections for changes in borders before 1880 and thus, relative to an ideal series at current borders, our series at current boundaries undervalue trade by the amount of trade between German polities before their accession to the Zollverein and overvalue its growth. In contrast, we do estimate trade at 1913 borders for Germany after World War One.  To this aim, we subtract 15% of trade with Poland (the share of former German territories on post-war Poland) and the whole trade with Danzig and the Saar, and we add 5% of the trade of the rest of Poland with Germany – the share of lost territories on pre-war Germany population[5]. The sources report data for 1920 and since 1922: we interpolate linearly the figures for 1921 and 1922 and we use the 1920 shares for 1919. Last but not least, we convert the data from Kunz (1974) in dollars with the exchange rates of each trading partner, while for 1836 to 1913 we rely on Denzel  (2010 tab. 4.4), who reports exchange rates between Prussian thaler and pound sterling since 1813 and between Reichsmark and dollar since 1873.  For 1913-1923, we use the gold parity of the Reichsmark and for 1924 to 1938 the exchange rate from the League of Nations. [1] These series have been downloaded from https://histat.gesis.org/histat/, Accessed August 2017. They cover exports of cereals, wool and wood to UK (series A13-A16), total exports from France (series B 4 and B24), Austria-Hungary (series D02 and D03) United States (series G06) and Russia (series E01). [2] We have also computed a standard Federico-Tena index with British prices. If adjusted to local currency, with the silver Thaler/gold ratio, the results are quite similar (coefficient of correlation 0.76)  but for an anomalous spike in 1826-1827. [3] The coefficient of correlation with the standard Federico-Tena index with British prices (adjusted for changes in the silver/gold ratio) from 1836 to 1880 is 0.687 on import and 0.735 on export side [4] Although these new series share the long-term upward trend with Hoffman et al (1965), short-term movements differ substantially. The simple coefficient of correlation between the series is 0.455 for imports and 0.395 for exports. [5] We estimate this share (the coefficient γ in Appendix B) with the population of these provinces on the total of the Empire in 1913 – about 5.5 millions out of 65  (German Statistical Yearbook 1915 p.3)."
EUROPE,Greece,"We get series of trade at current prices from 1849 to 1919, linearly interpolating the figure for 1850, from Mitchell (2007).  These data are expressed in gold drachmas, equivalent to 1.12 French Francs until 1882 and to 1 Franc until 1913 (Petmezas 2011 p. 450 fn. 8).  After 1920, we prefer to use the series of the League ogf Nations (1933-38) and League of Nations (1925), which explicitly excludes bullion.  We convert the series in dollars with the rates for GlobalFinancialData for 1914-1919, Statistical Yearbook. Germany (1924-25 and 1930) for 1920-1929 and the League ogf Nations (1933-38) for 1929-1938.[85]  We estimate trade at constant prices with Federico-Tena price indexes.[86] Greece increased hugely its territory and population from its independency to the 1920s. However, almost all these gains were obtained at the expense of the Ottoman Empire and thus do not fall in our definition of boundary changes (Appendix B). The two exceptions are the annexations of the Ionian Islands in 1862, formerly a British colony, and of Crete, which had seceded from the Ottoman Empire in 1897, becoming officially an independent polity, in 1914. However, in order to compute Greek trade at 1913 borders we have to treat them differently, as their political status in 1913 was different.  The islands were already a Greek province and thus we have to add their total trade, less after having subtract ed 10% to take into account the trade with mainland.[87] In contrast, we have to reduce Greek trade after 1913 by the amount of trade originating in the island of Crete. We have no data on this latter, and thus we assume it to have accounted for 10% of total Greek trade, roughly the share of the Cretan population on Greek total."
EUROPE,Hungary,"The Statistics Hungary (ad annum) provides series of trade at current prices, in million gold kronen from 1920 to 1925 and then in pengos. Thus, we convert the data in dollars with the gold parity before 1925 and with the market exchange rate from the League ogf Nations (1933-38) from 1926 to 1938.  We adjust trade at 1913 borders with the same procedure outlined for Austria. Finally, we deflate with the price indexes from League ogf Nations (1933-38). They cover the period 1923-1938 and we extend them back to 1920 with a Federico-Tena index."
EUROPE,Iceland,"The series of trade at current prices (Iceland Historical Statistics 1997 tab.10.23) start in 1849.We interpolate the gaps in 1850-1855 and 1856-1861 with a TRAMO routine. Iceland issued its own currency, the Icelandic Krona, only since 1874 and it remained pegged to the Danish one until 1918. We thus use the exchange rate for the Danish Krona until 1918 and the rates for Iceland from the GlobalFinancialData from 1919 to 1938.  The same source reports series at constant prices since 1862 for exports and 1864 foe imports: we compute the implicit price series, which we extrapolate to 1850 using the series of exports from Denmark for imports and vice-versa."
EUROPE,Ionian Islands,"These islands were a British colony from 1832 to 1862 and then they were ceded to Greece. United Kingdom (colonies) Statistical Yearboooks (ad annum) reports data of trade at current prices in pounds for 1850-1862, with a gap in 1860, which we interpolate linearly. As all statistics from that source, the data include transit trade, which must have very substantial. In fact, the figure corresponds, on average, to 21$ imports and 13$ exports per capita vs. 1.8 and 1 for Greece in the same years. Thus, we arbitrarily assume that re-exports accounted for two thirds of total imports and we reduce imports and exports by the same amount. [88] We deflate the series with the Federico-Tena indexes for Greece."
EUROPE,Ireland,"The Statistical Yearbook. Ireland (1938) reports series of imports for domestic consumption and exports of domestic products from 1924 to 1938. We extrapolate Irish imports and exports to 1923 with British exports and imports to Eire, augmenting by a quarter as the original figures (Mitchell 1988 p.511) refer to April-December only. Without any information, we simply assume that trade in 1922 was half the trade in 1923.  We adjust to 1913 boundaries by subtracting trade with the United Kingdom from Statistical Yearbook. Ireland (1938).  The series start in 1924 and we assume the shares to have remained constant since 1922. We convert in dollars with the exchange rate of sterling, to which the Irish punt was pegged. We compute trade at 1913 prices with the price indexes from Statistical Yearbook. Ireland (1938), extrapolated to 1913 with Federico-Tena price index."
EUROPE,Italy,"After the congress of Vienna, the Italian peninsula was divided in six independent polities, the Kingdom of Sardinia (which, in contrast with the official name, consisted mainly of Piedmont and Liguria), the Granduchy of Tuscany, the Duchy of Parma, the Duchy of Modena and Reggio, the Papal States and the Kingdom of Two Sicilies (including the Continental South and Sicily). Lombardy and Venetia, formally an independent kingdom, belonged to the Austrian empire and their trade was registered in Austrian statistics.  We have estimated series of exports, 1823-1858, and of imports, 1850-1858 for these six polities. We discuss the work in detail in Federico-Tena (2013, Appendix). Here suffice to remind some key points. i) We rely on available historical works for Sardinia (Romeo 1975), Tuscany after 1850 (Parenti  1959), the Papal States (Bonelli 1961), the Continental South (Graziani 1960)  and Sicily (Battaglia 1983) and we estimate crudely the trade of the Duchies and Tuscany before 1850.  These sources yield a series of trade at constant (1851) prices in local currency, which we convert in (1851) dollars   with exchange rates from Giusti (1957) ii) we build price indexes by extrapolating the series by Federico-Vasta (2010) for 1862-1913  backwards to 1823 for exports and to 1850 for imports with an average of price indexes of Italy’s main trading partners. We use these series to convert the figures from 1851 to 1913 dollars and to compute series at current prices iii) we estimate trade among Italian polities in 1850-1858 with a mix of direct information (for  Continental South and the kingdom of Sardinia) and guesstimates and we subtract it from trade at current borders to get trade at 1913 borders iv) there is no information on interregional trade before 1850: we simply assume its share on total exports to have remained constant at its 1850-1852 level. The Italian wars started in April 1859, and all states but Sardinia ceased to register trade. However, the Sardinian figures for 1859 show a highly suspicious export boom. [89]  On the other hand, Sardinian territory was not directly affected by war operations and thus we assume its trade to have remained constant in 1859 at its 1858 level and to have decreased by 10% in 1860. We also assume that trade declined by a similar amount in other polities if not directly affected by the war and by political turmoil (i.e. South and Papal States in 1859, Lombardo-Veneto, Tuscany and the Duchies in 1860) and by 20% in war-stricken polities (Tuscany and the Duchies in 1859, the Papal States and the South in 1860).  Italy was re-unified in March 1861. The new kingdom included all the six independent polities, but for a rump Papal States (Latium), which remained independent until 1870, and the whole Lombardy. Venetia remained under Austria until 1866. [90] The new Kingdom started to issue its trade statistics Italy already by 1861, but in that year records from Sicilian custom offices were incomplete and prices are not updated in the early years. We use the revised estimates by Federico and Vasta (2010) for 1861-1865 and the series by Federico et al. (2011) thereafter. We convert in US dollars with the exchange rates from Ciocca-Ulizzi 1990 tab.1.[91] The resulting series omit Latium before 1870. The Trade Statistics Italy (ad annum) report data on the trade between the Kingdom and the Papal States (i.e. Latium) until 1870, while we estimate trade of the Papal States with the rest of the world by assuming that trade per capita had remained constant at its1858 level. [92] We add all trade of Latium to the series of the Kingdom of Italy to get the series of Italy at current borders 1862-1870 while we compute the series trade at 1913 borders by adding only the commerce between Latium and the rest of world."
EUROPE,Latvia,"The Trade Statistics Latvia (1938) reports a series of foreign trade of Latvia at current prices from 1920. All the figures are in lat, the Latvian currency which had been introduced in 1922 and made convertible in gold in 1924. The source does not explain how the Latvian statistical office converted the original figures for 1920-1921 from Latvian roubles in lat.  However, the 1922 parity (and thus the 1922 exchange rate with dollar) yields implausibly high estimates of trade. We thus assume that the figures before 1924 are in gold lat, while for 1924-1929 we use the exchange rates from Statistical Yearbook. Germany (1924-25, 1930)  and thereafter the rates from League of Nations, Review ( ad annum)  for 1930-1939.[93]  We adjust at 1913 borders by subtracting trade with Lithuania, Estonia, the Soviet Union and 55% of trade with Poland, the share of former Russian territories on post-war Poland, from the Trade Statistics Latvia (1938) . This source does not report the distribution by country for imports after 1936 and for exports after 1935 and thus we use the latest available shares to estimate the missing years.  Finally, we deflate the series with the price indexes from League of Nations (1933-38). They cover the period 1923-1938 and we extrapolate them backwards to 1920 with Federico-Tena price indexes."
EUROPE,Lithuania,"We take data at current prices in litas from the League of Nations, Yearbook (ad annum) for 1920-1922 and from Statistical Yearbook Lithuania (1938) thereafter.  The source quotes data also for 1920-1922, when the lita had not yet been created.  As for Latvia, we assume that the League of Nations used the gold parity of the lita to convert the original data.  We use for conversion the exchange rates from Germany Statistical yearbook (1924-25, 1930) for 1923-1929 and League of Nations (1933-38) for 1930-1938.[94]  We adjust at 1913 borders as for Latvia, assuming that the distribution by country remained constant from 1920 to 1924, and we deflate the data at current prices with Federico-Tena price indexes."
EUROPE,Netherlands,"The Netherlands started to publish its trade statistics as early as 1846, but until 1916 prices were updated haphazardly and the data included transit (Lindblad and Van Zanden (1989).  Thus the series were massively overvalued, by up to 2.3 times. Thus, for the period 1800-1913, we  use the series of trade published by Smits et al (2000 tab H.1) as part of their estimates of Dutch national accounts. Thus, the figures refer to the Netherlands in its 1913 borders, excluding the present-day Belgium, which belonged to the Kingdom from 1815 to 1830.  We interpolate 1800-1 and 1810-13 with a TRAMO routine and we extend to 1916 the series with a personal communication by the author.  After 1917, and a thorough revision of the procedures, the series are considered reliable.  We piece together series of exchange rates of gulden with the US dollar with cross-rates with the pound from Denzel (2010 tab.2.1) for 1800-1807 and 1813-1913, Globalfinancialdata for 1808-1812 and 1914-1919, Germany Statistical yearbook (1924-1925, 1926 and 1930) 1919-1929 and the League ogf Nations (1933-38) for 1930-1938. Similarly, we piece together series of import and export prices with the data by Horlings (2002) for 1800-1850 (interpolating the same years as current prices), Smits (1995) for 1850-1913, Federico and Tena for 1914-1920 and the Netherlands. Yearbook (1951) for 1921-1938."
EUROPE,Norway,"Trade Statistics. Norway (2010) and Mitchell (2003) publish series of Norwegian general trade since 1851, but Mitchell warns that until 1865 the data “are calculated on the basis of fixed estimated prices”.  As an alternative, one could use the series from the recent estimate of national accounts by Grytten (2003 tab. 5 and 6). However, they include at transit and trade in services, which was quite substantial.[95]  Therefore we use the series by Grytten to extrapolate backwards the series at current prices from 1866 to 1830, reducing the figures by 5% in order to take transit into account. We deflate the data with the series by Klovland (2013 tab A3) until 1920, extrapolated to 1938 with the series of unit values from Historical Statistics Norway.[96]  Finally, we convert the Norwegian Krona in dollars with the exchange rates from Klovland (2004 tab A.1)."
EUROPE,Poland,"Poland. Statistical Yearbooks (1924, 1927, 1929, 1930) and the Trade statistics Poland (1933, 1935 and 1938) publish series of trade in zloty from 1922 to 1938, which are then reproduced by Mitchell (2007).  The zloty was introduced only in 1924 and was stabilized only three years later (Feinstein-Temin and Toniolo 1997).  As for Baltic countries, we hypothesize that figures for 1920-1922 were converted in zloty at its 1924 parity and we convert the figures into dollar in 1924-1929 with exchange rates from Statistical yearbook Germany (1924-25, 1926, 1930)  and for 1930-1938 from League of Nations, Review  (ad annum) for 1930-1938. Finally, we deflate the series with Federico-Tena price indexes for imports and exports. We estimate trade of “Poland” after the war at 1913 borders according to the procedure outlined in Appendix B. First, we subtract trade between former German, Russian and Austrian territories in post-war Poland and Germany, Russia or successor states of the Austro-Hungarian Empire, which would have been domestic trade at 1913 boundaries. We lack any data on foreign trade by (post-war) Polish regions and thus we assume that foreign trade distributed among them according to their population. German, Russian and Austrian territories accounted for respectively 14.5%, 57.1% and 28.4% of Polish population according to the 1921 Census (Statistical Yearbook Poland 1924 tab III) and for  13.5%, 59.2% and 27.3% according to the 1931 one (Statistics Poland 1937 tab 5).  We round these figures, increasing slightly the share of the more advanced areas in the West (the coefficients α in Appendix). Thus, we reduce the trade of post-war Poland with Germany by 15%, the trade between Poland and URSS by 55% and the trade between Poland and the successor states of the Dual Monarchy (i.e. Austria, Hungary and Czechoslovakia) by 30%.  On the other hand, we add the trade between regions of Poland which in 1913 belonged to different polities.  We assume this trade to have been 5% of the trade between Germany and former Austrian and Russian Poland (i.e. of 85% of the trade between Germany and Poland – the rest being trade between Germany and former German Poland) and 10% of the trade between successor states and former German and Russian Poland. We estimate the trade between URSS and former Austrian and German Poland with different shares for imports (10%) and exports (5%).[97]"
EUROPE,Portugal,"Series of trade at current prices, from official trade statistics, are available from three sources, Valerio (2001 tab. 10.1), from 1776 onwards, from Lains (2006) from 1842 to 1938 and Batista  et al (1997)  from 1910 to 1938 [98]. These figures are net of transit and movements of bullion. We interpolate the missing years (1842-1851, 1852-1854, 1856-1861 and 1861-1865) with an improved TRAMO routine. [99] We convert the figures in escudos with the exchange rates from Denzel 2010 tab 1.1.3 (cross rate with sterling) until 1890 and Valerio (2001 tab. 10.6) thereafter.   We compute series of imports and export prices for 1865-1913 from Lains (2006) and we extend them first to 1842 interpolated the scattered years from Lains (2007), interpolated with a TRAMO routine and then to 1800 with Federico-Tena price indexes."
EUROPE,Romania,"Romania was created in 1859, joining the Principalty of Moldovia and Wallachia, which since the beginning of the 19th century had been ruled by local princes under the formal Ottoman suzerainty. Axenciuc (2000 tab. 129)  reports a series of Romanian trade at current prices, in millions leu since the beginning.[100] The leu was created in 1867, and, as in other cases, we assume that earlier data in piasters have been converted into the new currency at its official (gold) parity.  We assume that the leu remained at its gold parity from 1867 to 1879, while from 1880 to 1891 we add the agio from Stoenescu et al (2011).  We convert the leu in dollars with the exchange rate pound/leu from Axenciuc (2000 vol III tab.5) for 1892-1913, the series from the Statistical Yearbook Germany (1926 and 1930) for 1920-1929 and of the the the League ogf Nations (1933-38 (ad annum) from 1930 onwards. [101]   We deflate the series with Federico-Tena price indexes.[102]"
EUROPE,Russia/USSR,"We piece together a series of Russian, and later Soviet, trade in gold roubles, from 1800 to 1938 with data kindly provided by prof. Boris Mironov (St Petersburg) for the period to 1917 and from Dohan (1969 tab XIV.3) for the Soviet period. [103]  We fill the gap from 1918 to 1922 by reflating with Federico-Tena price indexes the series at 1913 prices in gold roubles by Dohan (1919 tab. III.19). We deflate the series at current prices with Federico-Tena indexes, for exports only from 1800 to 1850 and for both imports and exports from 1850 to 1913.  For the period 1913-1922 we use the quoted series by Dohan at 1913 prices, which we extrapolate to 1938 with a geometric average of his indexes of volume with weights, 1913, 1932 and 1937 (tabs XIV.4 and XIV.5).  The resulting series are highly correlated with the official indexes of quantity published by the the League ogf Nations (1933-38) - 0.97 for imports (1924-1929) and 0.98 for exports (1924-1938) -. We estimate series at 1913 borders after 1918 with data from Trade Statistics USSR and Yanson 1934. [104]  We subtract the trade with Baltic States and 55% of the trade with Poland (our estimate of the share of Granduchy of Warsaw, the former Russian territories, on total trade of post-war Poland) and we add the trade within Poland which would have been international trade at 1913 borders. This latter is obtained as 45% of the trade with Poland (i.e. the share of former German and Austrian territories) times the share of former Russian Poland on total trade of the Russian empire in 1913 (i.e. the coefficient γ of Appendix B). According to an official Soviet estimate (Dohan 1969 tab. III.24) the territories lost after the war accounted for 14.2% for exports and 26.7% for imports of Russia in its 1913 borders.  We assume that the Granduchy of Warsaw  accounted for about a third of this trade, according to its share on the population of lost territories, 11.9 million out of 32 (Markevitch-Harrison 2011 Appendix tab A7).  We use the coefficients for 1922 to estimate also 1920-1921."
EUROPE,Serbia /Yugoslavia,"We get the series at current prices from two different sources, Sundhaussen (1989) for the period  1835-1912 and the League of Nations (1925), and League ogf Nations (1933-38) for 1920 onwards.[105]  When overlapping, the two series are equal.  The resulting series has some gaps (1876-1878 and 1913 for both series and 1830-1834 and 1839-1842 for exports only), which we interpolate with a TRAMO routine.  All these data are expressed in dinars, although this currency was first issued only in 1875.  It was pegged to the French franc, but Sundhaussen (1989 tab. 93) reports a series of the premium of gold for 1887-1894, while the exchange rates from the GlobalFinancialData remain higher than the parity until 1901. Without any information, we assume that the dinar remained at the gold parity until 1887, and then we add the agio. From 1894 to 1919 we convert the dinar in dollars with the series from GlobalFinancialData, while for the post-war years we rely on Statistical Yearbook. Germany (1924-1925, 1926 and 1930) and League of Nations, Review (ad annum), although in this case differences with the series of Globalfinancialdata are really small. Then we extrapolate backward the price indexes estimate by the Yugoslavian National Bank since 1926 (the League ogf Nations (1933-38)) with Federico-Tena indexes to 1850 for imports and to 1830 for exports. [106]"
EUROPE,Spain,"We get series of Spanish trade at current and constant prices since 1821 from Tena (2007).  The series at constant prices stops in 1935 and thus for 1936-1938, civil war years, we deflate the series to 1938 at current prices with a weighted average of price index for main trading partners (Belgium, France, Germany, Italy, United Kingdom and United States), with shares around 90% of total trade. We convert the series in dollars with the exchange rate from Carreras-Tafunell 2005 tab 9.19 (before 1900 with a cross-rate with British pound)."
EUROPE,Sweden,"The Historical Statistics Sweden (1972 tab 4.2) reports series of Swedish trade at current prices and net of bullion since 1871.  Mitchell (200?) publishes the same data, but his series starts in 1832. We extrapolate the series backwards to 1800 with an index of total trade (including services) from the estimate of of Swedish national accounts by Krantz and Schon (2012 tab III). All these data are in Krona, even if this currency was created only in 1872 when Sweden adopted the gold standard. We convert the data in dollars before 1873 with dollar/Krona ratio at its gold parity.[107]  We piece together a series of Krona/dollar exchange rates with data from Denzel (2010 tab.10.1) for 1874-1913 (cross rate with pound until 1908), GlobalFinancialData for 1914-1919, German Statistical Yearbook (1924-1925, 1926, 1930) for 1920-1929 and the League ogf Nations (1933-38) for 1930-1938. Finally, we deflate the series at current prices with implicit indexes of import and export prices computed from Krantz and Schon (2012)."
EUROPE,Switzerland,"The continuous Swiss series at current prices start in 1886, although there are scattered data for  1840, 1845 (exports only), 1851, 1854, 1861, 1875, 1879 and 1885 (Historical Statistics Switzerland, on-line, tab L03 and L54).[108]  However, Bernegger (Historical Statistics. Switzerland, on-line, tab L01 and L02) has estimated a volume index of imports and exports from 1851 to 1913.  We use his work to estimate a series at constant (1913) prices by extrapolating backwards the level of trade in 1913 and also to produce a series of trade at current prices for the missing years in the period 1851-1885. To this aim we compute the series of implicit prices for all available years, we interpolate them with a TRAMO routine and we use the results to reflate the series at constant prices. After 1913, we deflate the series at current prices with new indexes for imports and exports, obtained  by linking indexes by Federico-Tena for 1913-1922, the League ogf Nations (1933-38) 1923-1937 and Bairoch (1978 p.48) for  1938. [109]  This work yields a series of trade 1851-1938, which we extrapolate to 1850 for imports and to 1830 for exports. For imports, we simply assume that trade in 1850 was 95% of trade in the next year.  In contrast, we extrapolate the series of exports back from 1851 to 1830 at current prices, with an index based  on statistics of France (Trade Statistics France, ad annum)  and from 1830 to 1851 and Belgium (Trade statistics Belgium, ad annum) from 1841 to 1830 and we deflate the resulting series with Federico-Tena price indexes. Last but not least, we convert the series from Swiss Francs to dollars. We piece together a series of exchange rates with data from Denzel (2010 tab 8.1) for 1852-1913, using until 1897 the cross rate with pound, and  the Historical Statistics. Switzerland (tab O22a) from 1914 to 1938. Before 1850, each canton had its own (silver) currency, but the underlying data for exports are mostly from French trade statistics and thus we extrapolate the 1851 exchange rate with the rate for French Franc to dollar."
EUROPE,United Kingdom,"We get the basic series at current prices from 1800 to 1913 from Imlah (1958 tab. 8), and from 1914 onwards from Mitchell (1988 p.453).  Both sources report separately exports and re-exports, which we subtract from imports as well. After 1854 we add the net exports of ships and we interpolate linearly the missing value for 1813.[110]  We convert the data in dollars with the exchange rate from Historical Statistics. United States of America (2006) series Ee618 (keeping the gold parity from 1861 to 1878).  We piece together an index of British import and export prices by joining the series by Imlah (1958 tab 8) for 1800-1913, Federico-Tena for 1914-1919 and the Board of trade since 1920 (Mitchell 1988 p.527). We obtain the trade at 1913 borders by subtracting the trade with the Republic of Ireland from the United Kindgom. Statistical Yearbook (1924-1938).[111]"
OCEANIA,Australia,"Officially the Commonwealth of Australia is a country comprising the mainland of the Australian continent, the island of Tasmania, and numerous smaller islands.  A British settlement was established in Van Diemen's Land, now known as Tasmania, in 1803 and it became a separate colony in 1825. The United Kingdom formally claimed the western part of Western Australia (the Swan River Colony) in 1828. Separate colonies were carved from parts of New South Wales: South Australia in 1836, Victoria in 1851, and Queensland in 1859.  Between 1855 and 1890, the six colonies individually gained responsible government, managing most of their own affairs while remaining part of the British Empire. On 1 January 1901, federation of the colonies was achieved after a decade of planning, consultation and voting. The Commonwealth of Australia was established and it became a dominion of the British Empire in 1907. We use the series from Mitchell (2007) from 1826 to 1860 and from Australia.Historical Statistics from 1861 to 1938.[112]  We deflate with Federico-Tena price indexes imports from 1826 to 1870 and exports from 1826 to 1859, and exports from 1826 to 1859, and with indexes from Australia.Historical Statistics thereafter."
OCEANIA,British Settlements Oceania,"The British Western Pacific Territories was the name of a British colonial entity, created in 1877, of a series of relatively minor Pacific islands in and around Oceania. We follow as much as possible that territory division. Using United Kingdom (colonies) Statistical Yearboooks (ad annum) and later British Empire.  Composed by: Fiji (1877 to 1952) - now independent; Gilbert and Ellice Islands (1916 to 1971) - now independent as Kiribati and Tuvalu; Cook Islands (1893 to 1901) - now a self-governing state in free association with New Zealand; Nauru (1914 to 1921) - now independent; New Hebrides (1906 to 1971) - now independent as Vanuatu;  Pitcairn Islands (1898 to 1952) - still a British overseas territory;   Solomon Islands (1893 to 1971) - now independent; Tonga (1900 to 1952) - now independent; Tuvalu (1892 to 1916) - now independent; Savage Island (1900 to 1901) - now Niue, a self-governing state in free association with New Zealand; Union Islands (1877 to 1926) - now Tokelau, a dependent territory of New Zealand. The United Kingdom (colonies) Statistical Yearboooks (ad annum) provide data for Fiji for 1875-1914 and 1922 -1938, Gilbert and Ellice Islands for 1900-1914 and 1922-1938; British New Guinea for 1890-1904 and 1922-1938; Solomon Islands for 1922-1938 and Tonga for 1922-1938. We use the series for the Fiji to fill gaps in data for other islands, while we interpolate all series from 1915 to 1921 with the series for French Settlements and we extrapolate them to 1850 with the series for the Hawaii. We deflate with Federico-Tena price indexes."
OCEANIA,French Settlements in Oceania (French Polynesia),"Having declared a protectorate over Tahuata in 1842, the French regarded the entire Marquesas Islands as French. In the 1880s, France claimed the Tuamotu Archipelago, which formerly belonged to the Pōmare Dynasty, without formally annexing it. The first official name for the colony was Établissements de l'Océanie (Settlements in Oceania); in 1903 the general council was changed to an advisory council and the colony's name was changed to Établissements Français de l'Océanie (French Settlements in Oceania). We have added to the French Polynesia the other relevant French territory in Oceania that is New Caledonia (Nouvelle Caledonie). We get series for all islands since 1884 from the Statistical Yearbook. France (1938, p.220*) and we extrapolate the data to 1850 following the Hawaii series. We deflate with Federico-Tena price indexes."
OCEANIA,German Colonies in Oceania,"We have included here German New Guinea, Nauru and territory of Western Samoa. The first one was the biggest (German: Deutsch-Neuguinea) and was part of the German colonial empire. It was a protectorate from 1884 until 1914, later (in 1920) became Mandate Territory of New Guinea, under Australian administration. Nauru is an island country in Micronesia in the South Pacific. Nauru was annexed by Germany in 1888 and incorporated into Germany's Marshall Island Protectorate. The Germans ruled Nauru for almost three decades. In 1923, the League of Nations gave Australia a trustee mandate over Nauru, with the United Kingdom and New Zealand as co-trustees. The western part of the Samoan, by far the greater landmass, became known as German Samoa (Islands in the South Pacific Ocean). From the end of World War I until 1962, New Zealand controlled Samoa under trusteeship through the League of Nations. The Germany.Statistical Yearbook (1913) provides data for the years 1901-1912 and the United Kingdom (colonies) Statistical Yearboooks (ad annum) for the years 1924-1938. We have extrapolated the series backwards to 1850 and from 1913 to 1923 with data for the French Settlements in Oceania. We deflate with Federico-Tema price indexes."
OCEANIA,Hawaii:,"The Kingdom of Hawaii was sovereign from 1810 until 1893 when the monarchy was overthrown by resident American (and some European) businessmen. It was an independent republic from 1894 until 1898, when it was annexed by the United States as a territory, becoming a state in 1959. We obtain series of trade at current prices in US dollars for 1834-1901 from Schmitt (1977) and we extrapolate backwards to 1826 with the Australian series. The series stops in 1900 because since 1901 trade of the islands was included in the United States statistics. We deflate with Federico-Tena price indexes."
OCEANIA,New Zealand:,"New Zealand, originally part of the colony of New South Wales, became a separate Colony of New Zealand on 1 July 1841. The colony gained a representative government in 1852 and the 1st New Zealand Parliament met in 1854.   In 1907, at the request of the New Zealand Parliament, King Edward VII proclaimed New Zealand a dominion within the British Empire. We get series of trade at current prices in british sterling pounds from 1842 onwards from Bloomfield (1984  tab VII.2) and we extrapolate exports to 1826 following the Australian series. We deflate exports with Federico-Tena price indexes before 1850, with the Australian index for 1851-1853 and from 1853 to 1938 with an index from Bloomfield (1984) table IX. 13 and IX.14. We deflate imports with Australian import price index from 1850-55 and the Federico-Tena import price index for New Zealand from 1856 to 1925 and Bloomfield (1984) table IX.14 1926-1938."
OCEANIA,FOOTNOTES,"[1] The source states that statistics since 1892, although less precise than the French one, are rather good, with a clear distinction of special from general trade (p.5)."
OCEANIA,[2] Ferreres export series are from Newland (1998),"[3] The source does not report data on trade in bullion, which we assume negligible [4] The source does not report data on trade in bullion, which we assume negligible [5] The source does not report data on trade in bullion, which we assume negligible [6] We adjust the data to the calendar year and we re-scale the level when necessary. Statistics of imports are on a 'general' trade basis to 1957 and those of exports are on a 'general' trade basis to 1930. Bullion is apparently included until 1930. [7] The source does not report data on trade in bullion, which we assume negligible [8] The source does not report data on trade in bullion, which we assume negligible [9] Mitchell suggests that data refer to general trade, exclusive of bullion and specie and that imports are valued f.o.b. before 1935. Without further confirmation and with no evidence, we have preferred not to correct. [10] Since 1925, the peso was replaced by the quetzal at the rate of sixty pesos for one quetzal.Exchange rate from Appendix F. [11] The source does not report data on trade in bullion, which we assume negligible [12] Since 1925, the peso was replaced by the quetzal at the rate of sixty pesos for one quetzal. [13] Since 1925, the peso was replaced by the quetzal at the rate of sixty pesos for one quetzal. [14] The source does not report data on trade in bullion, which we assume negligible [15] The source does not report data on trade in bullion, which we assume negligible [16]  By instance, For 1820-1870, we use USA imports data from Mexico that includes silver and gold following Salvucci (1991), Table 2, D column. Difference between nominal and bracket data in that table is reduced of the oficial imports of US from Mexico for the Civil War years 1862-1865.  This difference is assumed by Salvucci (1991) as transit imports of USA produced raw cotton coming from Mexican ports because the Union Blockade ports during the War. The estimation is for imports f.o.b. and exports f.o.b. and as mention is in current dollars and include gold and argent bullion and spice (apparently fiscal years’ adjustment until 1917 but it is not estimated because it is not completely clear in the official sources). F.o.b. series has been adjusted by the Latin American import freight factor offered in the Federico-Tena Price Index Appendix I. [17] For 1825-1849 we have not used Berrneker (2006) Table 3 p.127, because it is incomplete for Great Britain) and we prefer to interpolate imports levels from 1828 to 1850. [18] The source does not report data on trade in bullion, which we assume negligible [19] Apparently data includes bullion and specie until 1910 but there is no break in the series in that year. [20] As an alternative we could have used the data from Dietz (1986 p.18), for 1841-1870 and von Neumann-Spallart (1897), for 1876-1885 and 1890-93. [21] The source does not report data on trade in bullion, which we assume negligible [22] The source does not report data on trade in bullion, which we assume negligible [23] The source does not report data on trade in bullion, which we assume negligible [24] The source does not report data on trade in bullion, which we assume negligible [25] The source does not report data on trade in bullion, which we assume negligible [26] Von Neumann-Spallart (1880-1895) does not supply any detail on his method, while the Statesman Yearbook quotes trade with India and Bukhara – i.e. Russian Central Asia. Imports from India in Afghanistan according to the Statistical Yearbook British empire (1900-1914) on the eve of World War One amounted to 0.97 $ per capita and exports to 0.60. Needless to say, this estimate is exceedingly tentative. [27] The United Kingdom (colonies) British Statistical Abstract from Colonies reports data from 1891/92 to 1924/25.  We reduce by a third the figures from 1891/1892 to 1899/1900, because a comparison between the 1890-1904 and later issues of the Yearbook suggest  an overvaluation by the same amount. We assume that trade with Afghanistan accounted for 13% of land imports and for 15% of land exports before 1891/92 and for 10% of both flows after 1924/1925. [28] We neglect this change and we treat Labuan as part of Malaya. [29] In fact the Board of Trade states that “an approximate distribution of total export trade between exports of domestic produce and re-exports has been made for the purpose of the grand totals shown in the summary tables” for Malaya, Brunei, Sabah, Sarawak and Tongan Island (Yearbook  1931 p.ix).  This estimate is clearly the difference between total re-exports and the cumulated re-exports from all other polities. We allocate this difference entirely to re-exports from Malaya, because the trade of the four other polities was very small. [30] We estimate transit trade by summing imports of exportables (defined as products with a positive trade balance) and exports of importables (the goods with negative trade balance). The collection of data is limited to products exceeding 5% of imports and exports. Before 1923 the data (Statistical Yearbook of British Empire)  refer to Strait Settlements only. [31] All series in fiscal years ending April 30th  until 1866/67 and in calendar years thereafter. Imports in the Strait Settlement are missing in 1859/1860 and 1860/61 and exports in 1859/1860.  The data include bullion, which is reported in a separate table, with gaps from 1859/60 to 1862/63 and in 1865/&& and 1866/67.  The series for Federate States before 1909 are expressed until 1908 in Strait dollars, a silver-based currency which remained legal tender until 1906. They are converted into sterling with data from United Kingdom (colonies) Statistical Yearbook. [32] These shares, even if apparently too high, are slightly inferior to the actual percentage of bullion trade whenever computable with the available data. [33] All these series are net of bullion. [34] This procedure yields implausibly low or even negative figures for imports in the early 1880s. We correct crudely by increasing them to the level of the late 1880s. [35] The two methods can be used in 1913-1921. The results are fairly close: the average difference in 5% for imports and 5% for exports and the coefficients of correlation 0.998 and 0.971. [36] The League of Nations (Review) reports a quantum series of exports for British Malaya, 1927-1937. The coefficient of correlation with our estimate is 0.61. [37] The yearbook does not report data on re-exports in any year before 1938  and thus we omit the adjustment. [38] Unfortunately, the author does not specify whether his revised series are net or gross of  re-exports. On balance, the former hypothesis seems more plausible. The Imperial Maritime Customs,  following the Anglo-Saxon system, included re-exports in trade, but reported them also separately - and  indeed Hsiao (1974 tab 1) publishes series for “imports”, “re-exports”, “net imports” and “exports”,  as well as columns for total trade (“net imports and exports”) and balance of trade. These two columns are net of re-exports.  On this basis, we infer that the author deemed figures net of re-exports to be more representative  of Chinese trade – and thus we hypothesise that he adjusted them in Table 11. [39]  Hou revises the Nankai import and export prices to adjust them to import cif/export fob basis. The correlation with the index by Blattman et al 2007 for export only in 1860-1939 is negative (-0.12). [40] All these data, including the American ones, are in gold currencies and thus they do not need a currency conversion. In 1864-1870, the United Kingdom officially accounted  for 30% of imports (plus 42.5% via Hong Kong) and 63% of exports, the United States for  2% and 12%  while France  was included in a category “Continental Europe”, absorbing 4.5% of Chinese exports. [41] We compute the value of exports of silk  and tea by multiplying the quantities from Morse (1910, I p.366)  by the British prices from Gayer et al. (1953), adjusted for freights. Morse reports five-years averages before 1842, which we convert into yearly data, for silk only, with the figures of British imports from Noel 1906 p.669. Silk and tea accounted for 83% of total exports in the late 1860s, the earliest available data (Hsiao 1974 tab. 3). [42] These figures exclude bullion but in all likelihood they refer to general trade, as stated by the League of Nations, Yearbook (1942/44).  There are no data on transit to correct this bias, which anyway is unlikely to be large.  Mitchell (200?) reports different, and at times substantially higher figures, from 1896 to 1919.  In some years, his data are rather implausible, as a simple comparison with trade of Japan, its colonial master and main trading partner can show. Total exports and imports of Taiwan (including trade with other countries) amounted to about 10% of Japanese trade before the war and in the 1920s but, according to Mitchell, they zoomed to 34% of Japanese  imports and 28% of Japanese exports in 1915. One might argue that the war caused an exceptional rise in trade between Japan and its colony, but no such rise is evident in the trade of Korea. [43] We use the British Abstract for 1859-1861, 1863-1865 and 1867 and Von Neumann-Spallart for 1875 and 1879-1880. In some years, the Statistique Coloniale reports only trade with France. We estimate the trade with countries other than France assuming that their share on total trade of the French India (including the trade with France) had remained constant. [44] The coefficient(s) of correlation between trade of French and British India in 1882-1913 are 0.75 for imports and 0.86 for exports. [45] We have preferred not to use the series by Bassino and Lan Huong (2000) because it is almost identical in most years and in the others it shows some implausibly large movements. [46] We neglect the acquisition of Danish Indies (the Andaman islands and the trading posts of Serampore and Tranquebar) in 1845. [47] The source reports also data for 1937/1938 and 1938/1939, but they refer to trade with Afghanistan only [48] We use data of composition of trade from Chaudhuri (1982). The correlation with an alternative index with composition from the Statistical Abstract British colonies (ad annum) is very high – 0.92 for imports and 0.95 for exports. [49] The source reports only general trade, inclusive of transit, from 1921/22 to 1924/1925. Special trade is estimated by assuming that the share of transit was constant at its 1925-26 level.  Data on trade with other areas of the former Ottoman Empire from Trade statistics Iraq are available from 1921/22 to 1927/1928 and for 1935-1938 – the gap is filled by linear interpolation. [50] The coefficient of correlation between this new price indexes and the previous indexes by Mizoguchi (1974) is very high on the import side (0.96) but fairly low for exports (only 0.37). [51] Until 1903, the Japanese trade statistics, reproduced by Mitchell (2007) and by Historical Statistics of Japan (1979 vol III,  tab.10-3)  registered imports at the port of shipment rather than cif in Japan, and omitted packing charges from exports.  The coefficient of correlation between  implicit price indexes from Historical Statistics of Japan (1979) and the index by Blattman et al (2007), when overlapping, is 0.762. [52] The coefficient of correlation between this series and the exchange rate before 1893, when the yen was pegged to gold, is 0.995. [54] Both Romania and Montenegro are border cases. Moldavia and Wallachia, which were to constitute Romania, and some areas of Montenegro enjoyed a quasi-independent status although  the Ottoman Empire did not formally relinquish its suzerainty until 1859 and 1879 respectively.  We implicitly assume that the statistical offices of the Western states, which Pamuk has used to build his series, considered the official status of these areas rather than the situation on the ground and registered trade with them in the total trade of the Empire. We have decided to not to adjust for the (formal) loss of Montenegro because it does not feature in our data-base given its small size and the total lack of data. For the same reason, we ignore the Ottoman annexation of Quatar in 1871 and the loss of the Aegean Islands to Italy in 1912. [55] We neglect the adjustment for Greece, whose independence had already been sanctioned by the Western powers and Russia in 1830, when our series for the Ottoman start. [56] We ignore the trade with the new states of the Arabic peninsula (Yemen, Saudi Arabia, Quatar Sharjah) as the Yearbook does not quote it probably because the value of the flows was negligible. We use the 1923 shares for 1922. [57] Von Neumann Spallart (1880-1895) reports some estimates in the 1870s and 1880s, using different sources (including foreign trade statistics). We have decided to ignore them as they are about 2-2.5 higher than other estimates [58] The figures for 1898, reported also by Nagano, refer to August-December period. [59] Legarda reports series of exchange rate of the peso in pounds 1818-1898, with gaps in 1819-1828, 1830, 1832, 1885, 1891 and  1893-1896.  The  series feature a massive devaluation of the Philippine. currency in 1897, which coincides with a monetary reform, the final act of Spain as colonial power before the revolution.  We thus interpolate the series by Legarda with a TRAMO routine, using the price of silver as auxiliary regressor, only until 1896. We extrapolate the series from 1810 to 1818 and from 1898 to June 1903 with the movements of price of silver (Jastram 1981). The gold peso was introduced in June 1903 at 2 pesos per dollar. [60] The simple coefficients of correlation between the two series, when overlapping , are 0.65 for imports and 0. 87 for exports. [61] The Statistical Yearbook does not report data on bullion trade in 1885-1890 and we assume it to have accounted for 15% of imports and for 5%  of exports, as in the early 1890s. [62] The coefficient(s) of correlation between the series of Manarungsan (1987) and Birnberg and Resnick (1975) when overlapping are very high (0.971 for imports and 0.981 for exports). [63]  The coefficient of correlation with the Blattman et al (2007) series for exports is 0.529 [64] Although the source do not specify whether it was pre or post-war parity (25.51 FF/$), we have opted for the former solution and the post-war parity yields an implausibly low level of trade [65] Figures from Mitchell and Statistics Yearbook Austria, gross of bullion, are equal in all years but 1925.  The series of the League of Nations is slightly different. [66] This adjustment is necessary as all figures are expressed in gold-based currency, (pre-war) gold crowns from 1920 to 1923 and (gold) shilling after 1924. Ivanov-Morys have estimated an index of prices for Austria with British prices: the coefficient of correlation, 1920-1937, is 0.96 with our unadjusted series and 0.89 with the adjusted. [67] Cf. for references the discussion under Poland above. [68] Thus, with the notation of Appendix B, the coefficient α is 33%,  the coefficient γ is 10% and the coefficient σ varies yearly. [69] We do not add Bosnia-Hercegovina before the congress of Berlin, as it still belonged to the Ottoman Empire. Likewise, we do not correct for the transfer of Lombardia (1859) and Venetia to Italy (1866). [70] We compute the total trade of 1918 as 12/10 of the figure in the table, which refers only to the first ten months of the year. [71] The figure for Dalmatia is the share on GDP of the Austro-Hungarian empire in 1870 and 1880 (Schulze 2007 tab.4), while for Bosnia we halve its share on total population of the empire (data from Mitchell 2007, linearly interpolated). [72] Note that the series for the Netherlands 1800-1815 do not include the Southern Low Countries – i.e. the future area of Belgium. [73] The coefficient of correlation with the Ivanov-Morys index of export prices is 0.666 with our currency-adjusted series and 0.833 with the un-adjusted one [74] We use the nominal (rigsdaler) series. The series for exports is highly correlated with the price index by Blattman et al (2007) from period 1860 to 1939 (coefficient 0.956). [75] The German Statistic Yearbook does not quote the rate for 1920, which is computed by extrapolating the rate for 1921 with the change of the inverse of the exchange rates from GlobalFinancialData. This latter is expressed as US cents per kroon rather than as currency per US dollars, as it should be the rule in that source. [76] We assume shares in 1920-1922 to have been equal to those in 1923 and that former Russian Poland accounted for 55% of post-war Polish trade (cf. the discussion about Poland) [77] We adjust for the sudden change in 1840.  The series is available at Global Price and income history group, http://ghip.ucdavis.edu, accessed 10 June 2010. [78]  White (1933 pp.36-39) states that trade figures were biased downward, because unit values in trade statistics were lower than market prices for the same goods and mail parcels were assessed at a uniform, very low, rate.  He suggests to increase imports by 3%  and exports by 5-15%. He does not bring much quantitative evidence for this claim, which seems less plausible for France than for other countries. In fact, unit values were set by a committee of experts rather than declared by traders, who might have some incentive to hide part of their turnover.  We prefer not to follow his advice, consistently with our overall policy not to correct official data unless there is very strong evidence for such a move. [79] We prefer this solution to the alternative of using the series by Levy-Leboyer (1970) because this latter starts only in 1809 and his sources in 1827- 1847 are unclear. As Toutain (1997) somewhat unhelpfully reminds, no prices were collected (or otherwise estimated) and thus Levy-Leboyer is likely to have used domestic rather than border prices.  The coefficient of correlation between the two estimates from 1809  to 1847 is anyway quite high (0.86 for imports and 0.81 for exports). [80] The high correlation between indexes by Villa and Levy-Leboyer is only apparently an exception, as it depends on trends during the war. In fact, the coefficients for 1896-1913 are 0.20 for imports and 0.84 for exports [81] We have also computed a standard Federico-Tena index with British prices: for the same period, if adjusted to local currency, the coefficient of correlation with the Jacobs-Richter price index is 0.63  for imports and 0.66 for exports. We cannot use Borries (1970) as he reports data at current prices only for three-year averages. [82] We have also computed a standard Federico-Tena index with British prices. If adjusted to local currency, with the silver Thaler/gold ratio, the results are quite similar (coefficient of correlation 0.76)  but for an anomalous spike in 1826-1827. [83] Hamburg and Bremen entered the German trade border only in 1888 – and thus we should also include the trade between them and the rest of the empire. [84] We estimate this share (the coefficient γ in Appendix B) with the population of these provinces on the total of the Empire in 1913 – about 5.5 millions out of 65  (German Statistical Yearbook 1915 p.3). [85] The series of GFD starts only in 1901 and before the war is deeply flawed. In 1901, the exchange rate would be about twice its gold parity (2.8 drachmas per dollar vs. 5.2 francs per dollar). [86] The coefficients of correlation of our index for exports with the indexes by Blattman et al 2007  and by Ivanov and Morys are high although not very high (0.87 and 0.79 respectively). [87] The figure is crudely estimated from the shares of trade with Greece in 1858-1859 (Statistical Yearbook British Empire). [88] The result corresponds to 3 $ and 1.15 $ per capita for imports and exports – still higher than in Greece but the gaps seems plausible. [89] In fact, exports allegedly increased by 68%, while imports only by 3%. The boom in exports reflects a whopping increase of exports of silk by 282%. In all likelihood, this was Lombard silk which was exported via Piedmont to avoid the war-related disruptions to trade. [90]  We ignore the impact on trade of transfer of Venetia, as it involved existing polities (Italy and Austria-Hungary) . Likewise, we ignore the effect of the further transfers of territories from the dissolved empire to Italy after World War. [91] We use the cross rate with sterling until 1878 and we fill a gap in 1919 with the rate from Global Financial Data. [92] We estimate the population of Latium as a linear interpolation of data for 1861 and 1870 from SVIMEZ (1961 pp.12-13) [93]  The GlobalFinancialData data refer to US dollars per lat rather than to lat per US dollars, as for other countries, and diverge slightly from the League of Nations figures in the late 1930s. [94] According to the League of Nations, the litas remained at its gold parity throughout the period, re-valuating relative to the dollar.  The GFD data are expressed US dollars per litas rather than as currency per US dollars, as for other countries, but if corrected, are almost identical (the coefficient of correlation is 0.998). [95] When overlapping, in 1866-1875, the Grytten (2003) series exceed the Trade Statistics Norway by 30% for imports and by 90% for exports. [96]  The coefficient of correlation with the price index for Norwegian exports by Blattman et al (2007) is 0.63 1870-1939 [97] We derive these shares with data on regional distribution of GDP for Austria-Hungary, of population for Germany and of trade and population for Russia. See for the sources the discussion in the respective polities [98] In principle, the boundaries included also the Azores and Madeira and thus the Portuguese statistics should cover also the trade of these islands, although the actual coverage of these flows changed over time (personal communication by P. Lains, 17 June 2013). We have decided not to use the revision by Lains (2007) for the period before 1913 because it implies a major discontinuity with the (uncorrected) series after 1914. [99] We improve the precision of the interpolation of the export series by taking into account combined imports from Portugal into France, Belgium and the United States. [100] The series have a gap in 1870-1871.  We  compute the missing value for 1870 with the change from 1860 to 1870 of the series (in piasters) from Mitchell (2007), while the data for 1871 has been kindly provided by M. Ivanov. [101] In this case,  the GFD series is badly mistaken, as it features a ten-fold jump (i.e. a de-valuation) in 1929. [102]  The coefficient of correlation with the series of exports prices by Ivanov-Morys for the period 1870-1938 is 0.98. [103] We interpolate the missing figures for 1801 with a simple average of the data for 1800 and 1802, we convert the Mironov data, originally gold roubles of 1.1614 grams and we have converted it into gold roubles at the 1913 parity (0.77423 grams) and we estimate a series at calendar years after  witht the auschange data from1922/23 to 1928/29 from fiscal to calendar years with the standard assumption about the distribution of trade by month. [104] We neglect the effects of the annexation of the Central Asian polities (the Emirate of Bokhara, the Khanates of Khiva and Kokand) for lack of data, even on their population, at the time of the annexation. The bias is likely to be very small, as most of the commerce of these polities was transit trade. [105] This series, unlike Mitchell (200?) excludes bullion, but only after 1927.  Import of bullion were substantial in the mid-1930s, but negligible in the late 1920s (less than 0.1%) and thus we do not correct. [106] Our series for exports is highly correlated with two alternative ones by Blattman et al 2007 (0.89) and by Ivanov and Morys (0.86). [107]  The Krona replaced the rixdaler  mynt, a silver currency, which in turn had replaced in 1858 the rixdaler specie, a paper currency (Denzel 2010 p.540).  Converting the series at current prices at the gold parity of the Krona reproduces the levels and movements of the implicit price indexes, a conversion with the market exchange rates of the Rixdaler (Denzel 2010 tab. 9.1 and Edvinsson et al 2010), yields implausibly high levels of implicit prices in the early 19th century. [108] The data include gold movements before 1926, but we have no data to correct the bias.  We do not use the estimates by Von Neumann-Spallart (1885-1895) for the five-year period 1880-1885 because they are only three quarters of the registered trade in 1885. [109]   Bairoch (1978 p.48) estimates only index for exports, and we assume the same variation for imports as well – i.e. that terms of trade remained constant from 1937 to 1938. The coefficient of correlation between our series and his series of export in volume (1978) from 1921 to 1938 is 0.96"
OCEANIA,[110] Mitchell 2003 has ships only since 1900,[111] The trade with Ireland was excluded since April 1st 1923 and thus the coefficient of adjustment for that year is 9/12 of the coefficient for 1924. [112] Both source use the adjustment by Butlin (1961).
