polity_code,polity_name,polity_type,continent,start_year,end_year,iso3_code,node_type,in_degree,out_degree,total_degree
CPV-1800-2025,Cabo Verde,sovereign,Africa,1800,2025,CPV,polity,1,1,2
GMB-1800-2025,Gambia,sovereign,Africa,1800,2025,GMB,polity,1,1,2
MUS-1800-2025,Mauritius,sovereign,Africa,1800,2025,MUS,polity,1,1,2
STP-1800-2025,Sao Tome and Principe,sovereign,Africa,1800,2025,STP,polity,1,1,2
SLE-1800-2025,Sierra Leone,sovereign,Africa,1800,2025,SLE,polity,1,1,2
AGO-1816-2025,Angola,sovereign,Africa,1816,2025,AGO,polity,2,1,3
MOZ-1816-2025,Mozambique,sovereign,Africa,1816,2025,MOZ,polity,2,1,3
ZAF-1828-2025,South Africa,sovereign,Africa,1828,2025,ZAF,polity,4,1,5
DZA-1831-2025,Algeria,sovereign,Africa,1831,2025,DZA,polity,1,1,2
LBR-1847-2025,Liberia,sovereign,Africa,1847,2025,LBR,polity,1,1,2
GNB-1879-2025,Guinea-Bissau,sovereign,Africa,1879,2025,GNB,polity,1,1,2
TUN-1881-2025,Tunisia,sovereign,Africa,1881,2025,TUN,polity,4,1,5
ERI-1882-2025,Eritrea,sovereign,Africa,1882,2025,ERI,polity,1,1,2
MDG-1882-2025,Madagascar,sovereign,Africa,1882,2025,MDG,polity,1,1,2
NAM-1884-2025,Namibia,sovereign,Africa,1884,2025,NAM,polity,1,1,2
ZWE-1890-2025,Zimbabwe,sovereign,Africa,1890,2025,ZWE,polity,3,1,4
SWZ-1894-2025,Eswatini,sovereign,Africa,1894,2025,SWZ,polity,3,1,4
SYC-1903-2025,Seychelles,sovereign,Africa,1903,2025,SYC,polity,1,1,2
LBY-1951-2025,Libya,sovereign,Africa,1951,2025,LBY,polity,1,1,2
GHA-1957-2025,Ghana,sovereign,Africa,1957,2025,GHA,polity,4,1,5
GIN-1958-2025,Guinea,sovereign,Africa,1958,2025,GIN,polity,3,1,4
BEN-1960-2025,Benin,sovereign,Africa,1960,2025,BEN,polity,4,1,5
BFA-1960-2025,Burkina Faso,sovereign,Africa,1960,2025,BFA,polity,3,1,4
CAF-1960-2025,Central African Republic,sovereign,Africa,1960,2025,CAF,polity,1,1,2
TCD-1960-2025,Chad,sovereign,Africa,1960,2025,TCD,polity,3,1,4
COG-1960-2025,Congo,sovereign,Africa,1960,2025,COG,polity,1,1,2
CIV-1960-2025,Côte d'Ivoire,sovereign,Africa,1960,2025,CIV,polity,1,1,2
COD-1960-2025,Democratic Republic of the Congo,sovereign,Africa,1960,2025,COD,polity,4,1,5
GAB-1960-2025,Gabon,sovereign,Africa,1960,2025,GAB,polity,1,1,2
MLI-1960-2025,Mali,sovereign,Africa,1960,2025,MLI,polity,1,1,2
NER-1960-2025,Niger,sovereign,Africa,1960,2025,NER,polity,2,1,3
SEN-1960-2025,Senegal,sovereign,Africa,1960,2025,SEN,polity,9,1,10
SOM-1960-2025,Somalia,sovereign,Africa,1960,2025,SOM,polity,1,1,2
TGO-1960-2025,Togo,sovereign,Africa,1960,2025,TGO,polity,1,1,2
CMR-1961-2025,Cameroon,sovereign,Africa,1961,2025,CMR,polity,5,1,6
NGA-1961-2025,Nigeria,sovereign,Africa,1961,2025,NGA,polity,8,1,9
BDI-1962-2025,Burundi,sovereign,Africa,1962,2025,BDI,polity,3,1,4
RWA-1962-2025,Rwanda,sovereign,Africa,1962,2025,RWA,polity,6,2,8
UGA-1962-2025,Uganda,sovereign,Africa,1962,2025,UGA,polity,5,1,6
KEN-1963-2025,Kenya,sovereign,Africa,1963,2025,KEN,polity,1,1,2
MWI-1964-2025,Malawi,sovereign,Africa,1964,2025,MWI,polity,1,1,2
TZA-1964-2025,Tanzania,sovereign,Africa,1964,2025,TZA,polity,4,2,6
ZMB-1964-2025,Zambia,sovereign,Africa,1964,2025,ZMB,polity,5,1,6
BWA-1966-2025,Botswana,sovereign,Africa,1966,2025,BWA,polity,1,1,2
LSO-1966-2025,Lesotho,sovereign,Africa,1966,2025,LSO,polity,3,1,4
GNQ-1968-2025,Equatorial Guinea,sovereign,Africa,1968,2025,GNQ,polity,1,1,2
COM-1975-2025,Comoros,sovereign,Africa,1975,2025,COM,polity,1,1,2
DJI-1977-2025,Djibouti,sovereign,Africa,1977,2025,DJI,polity,1,1,2
EGY-1979-2025,Egypt,sovereign,Africa,1979,2025,EGY,polity,4,1,5
MRT-1979-2025,Mauritania,sovereign,Africa,1979,2025,MRT,polity,4,1,5
MAR-1979-2025,Morocco,sovereign,Africa,1979,2025,MAR,polity,5,1,6
ETH-1993-2025,Ethiopia,sovereign,Africa,1993,2025,ETH,polity,5,1,6
SSD-2011-2025,South Sudan,sovereign,Africa,2011,2025,SSD,polity,3,1,4
SDN-2011-2025,Sudan,sovereign,Africa,2011,2025,SDN,polity,3,1,4
ALG-1830-1902,Algeria (to 1902),historical,Africa,1830,1902,ALG,polity,0,4,4
ANG-1800-1890,Angola (to 1890),historical,Africa,1800,1890,ANG,polity,0,4,4
BOT-1885-1890,Botswana (to 1890),historical,Africa,1885,1890,BOT,polity,0,4,4
CON-1882-1898,Congo (to 1898),historical,Africa,1882,1898,CON,polity,0,1,1
CON-1885-1891,Democratic Republic of the Congo (to 1891),historical,Africa,1885,1891,CON,polity,3,4,7
EGY-1800-1899,Egypt (to 1899),historical,Africa,1800,1899,EGY,polity,0,3,3
EGY-1800-1922,Egypt (to 1922),historical,Africa,1800,1922,EGY,polity,0,1,1
ERI-1882-1889,Eritrea (to 1889),historical,Africa,1882,1889,ERI,polity,0,1,1
ETH-1800-1889,Ethiopia (to 1889),historical,Africa,1800,1889,ETH,polity,1,4,5
GAB-1839-1912,Gabon (to 1912),historical,Africa,1839,1912,GAB,polity,0,4,4
GHA-1821-1888,Ghana (to 1888),historical,Africa,1821,1888,GHA,polity,0,4,4
LAG-1861-1906,Lagos (to 1906),historical,Africa,1861,1906,LAG,polity,0,1,1
MAD-1800-1912,Madagascar (to 1912),historical,Africa,1800,1912,MAD,polity,0,4,4
MOR-1800-1904,Morocco (to 1904),historical,Africa,1800,1904,MOR,polity,0,4,4
MOZ-1800-1891,Mozambique (to 1891),historical,Africa,1800,1891,MOZ,polity,0,1,1
SIE-1800-1889,Sierra Leone (to 1889),historical,Africa,1800,1889,SIE,polity,0,1,1
ZAN-1856-1964,Zanzibar,historical,Africa,1856,1964,ZAN,polity,0,1,1
ORA-1848-1910,Orange Free State (to 1910),historical,Africa,1848,1910,ORA,polity,0,1,1
GHA-1888-1898,Ghana (1888-1898),historical,Africa,1888,1898,GHA,polity,3,4,7
KEN-1888-1891,Kenya (1888-1891),historical,Africa,1888,1891,KEN,polity,0,4,4
COT-1889-1932,Côte d'Ivoire (1889-1932),historical,Africa,1889,1932,COT,polity,0,4,4
ETH-1889-1897,Ethiopia (1889-1897),historical,Africa,1889,1897,ETH,polity,4,4,8
ZIM-1889-1891,Zimbabwe (1889-1891),historical,Africa,1889,1891,ZIM,polity,2,4,6
ANG-1890-1891,Angola (1890-1891),historical,Africa,1890,1891,ANG,polity,3,4,7
BOT-1890-1895,Botswana (1890-1895),historical,Africa,1890,1895,BOT,polity,3,1,4
ZAN-1890-1964,Zanzibar (1890-1964),historical,Africa,1890,1964,ZAN,polity,0,1,1
ANG-1891-1905,Angola (1891-1905),historical,Africa,1891,1905,ANG,polity,3,1,4
CON-1891-1894,Democratic Republic of the Congo (1891-1894),historical,Africa,1891,1894,CON,polity,3,4,7
KEN-1891-1894,Kenya (1891-1894),historical,Africa,1891,1894,KEN,polity,3,4,7
ZIM-1891-1900,Zimbabwe (1891-1900),historical,Africa,1891,1900,ZIM,polity,3,1,4
CON-1894-1910,Democratic Republic of the Congo (1894-1910),historical,Africa,1894,1910,CON,polity,3,1,4
KEN-1894-1902,Kenya (1894-1902),historical,Africa,1894,1902,KEN,polity,3,4,7
UGA-1894-1902,Uganda (1894-1902),historical,Africa,1894,1902,UGA,polity,6,4,10
BEN-1895-1898,Benin (1895-1898),historical,Africa,1895,1898,BEN,polity,2,1,3
ETH-1897-1902,Ethiopia (1897-1902),historical,Africa,1897,1902,ETH,polity,4,4,8
CON-1898-1900,Congo (1898-1900),historical,Africa,1898,1900,CON,polity,0,4,4
GHA-1898-1956,Ghana (1898-1956),historical,Africa,1898,1956,GHA,polity,6,4,10
EGY-1899-1925,Egypt (1899-1925),historical,Africa,1899,1925,EGY,polity,2,1,3
NOR-1899-1904,Northern Nigeria (1899-1904),historical,Africa,1899,1904,NOR,polity,8,3,11
SOU-1899-1906,Southern Nigeria (1899-1906),historical,Africa,1899,1906,SOU,polity,8,6,14
SUD-1899-1902,Sudan (1899-1902),historical,Africa,1899,1902,SUD,polity,2,4,6
CHA-1900-1912,Chad (1900-1912),historical,Africa,1900,1912,CHA,polity,1,5,6
CON-1900-1906,Congo (1900-1906),historical,Africa,1900,1906,CON,polity,3,4,7
NOR-1900-1911,Northeastern Rhodesia (1900-1911),historical,Africa,1900,1911,NOR,polity,0,1,1
NOR-1900-1905,Northwestern Rhodesia (1900-1905),historical,Africa,1900,1905,NOR,polity,0,4,4
ALG-1902-1919,Algeria (1902-1919),historical,Africa,1902,1919,ALG,polity,3,1,4
ETH-1902-1907,Ethiopia (1902-1907),historical,Africa,1902,1907,ETH,polity,4,4,8
KEN-1902-1906,Kenya (1902-1906),historical,Africa,1902,1906,KEN,polity,3,4,7
SUD-1902-1910,Sudan (1902-1910),historical,Africa,1902,1910,SUD,polity,4,4,8
UGA-1902-1910,Uganda (1902-1910),historical,Africa,1902,1910,UGA,polity,3,4,7
MAU-1904-1912,Mauritania (1904-1912),historical,Africa,1904,1912,MAU,polity,0,4,4
MOR-1904-1956,Morocco (1904-1956),historical,Africa,1904,1956,MOR,polity,3,4,7
NOR-1904-1913,Northern Nigeria (1904-1913),historical,Africa,1904,1913,NOR,polity,5,3,8
MAL-1905-1919,Mali (1905-1919),historical,Africa,1905,1919,MAL,polity,0,4,4
NIG-1905-1932,Niger (1905-1932),historical,Africa,1905,1932,NIG,polity,0,1,1
NOR-1905-1911,Northwestern Rhodesia (1905-1911),historical,Africa,1905,1911,NOR,polity,0,1,1
CEN-1906-1912,Central African Republic (1906-1912),historical,Africa,1906,1912,CEN,polity,0,4,4
CON-1906-1912,Congo (1906-1912),historical,Africa,1906,1912,CON,polity,3,4,7
SOU-1906-1913,Southern Nigeria (1906-1913),historical,Africa,1906,1913,SOU,polity,2,3,5
ETH-1907-1952,Ethiopia (1907-1952),historical,Africa,1907,1952,ETH,polity,4,4,8
KEN-1907-1924,Kenya (1907-1924),historical,Africa,1907,1924,KEN,polity,3,4,7
SUD-1910-1934,Sudan (1910-1934),historical,Africa,1910,1934,SUD,polity,4,4,8
UGA-1910-1926,Uganda (1910-1926),historical,Africa,1910,1926,UGA,polity,3,1,4
MAR-1911-1958,Morocco (to 1958),historical,Africa,1911,1958,MAR,polity,0,4,4
CEN-1912-1919,Central African Republic (1912-1919),historical,Africa,1912,1919,CEN,polity,3,1,4
CHA-1912-1919,Chad (1912-1919),historical,Africa,1912,1919,CHA,polity,3,2,5
CON-1912-1919,Congo (1912-1919),historical,Africa,1912,1919,CON,polity,3,1,4
GAB-1912-1919,Gabon (1912-1919),historical,Africa,1912,1919,GAB,polity,3,1,4
LIB-1912-1919,Libya (1912-1919),historical,Africa,1912,1919,LIB,polity,0,4,4
MAD-1912-1946,Madagascar (1912-1946),historical,Africa,1912,1946,MAD,polity,3,1,4
MAU-1912-1944,Mauritania (1912-1944),historical,Africa,1912,1944,MAU,polity,3,4,7
NIG-1914-1961,Nigeria (1914-1961),historical,Africa,1914,1961,NIG,polity,5,5,10
LIB-1919-1925,Libya (1919-1925),historical,Africa,1919,1925,LIB,polity,3,4,7
MAL-1919-1932,Mali (1919-1932),historical,Africa,1919,1932,MAL,polity,3,4,7
EGY-1922-1925,Egypt (1922-1925),historical,Africa,1922,1925,EGY,polity,0,4,4
KEN-1924-1926,Kenya (1924-1926),historical,Africa,1924,1926,KEN,polity,3,1,4
EGY-1925-1967,Egypt (1925-1967),historical,Africa,1925,1967,EGY,polity,3,4,7
LIB-1925-1934,Libya (1925-1934),historical,Africa,1925,1934,LIB,polity,3,1,4
COT-1932-1947,Côte d'Ivoire (1932-1947),historical,Africa,1932,1947,COT,polity,3,1,4
MAL-1932-1944,Mali (1932-1944),historical,Africa,1932,1944,MAL,polity,3,4,7
NIG-1932-1947,Niger (1932-1947),historical,Africa,1932,1947,NIG,polity,0,1,1
SUD-1934-2011,Sudan (1934-2011),historical,Africa,1934,2011,SUD,polity,4,1,5
MAL-1944-1947,Mali (1944-1947),historical,Africa,1944,1947,MAL,polity,3,4,7
MAU-1944-1975,Mauritania (1944-1975),historical,Africa,1944,1975,MAU,polity,3,1,4
MAL-1947-1959,Mali (1947-1959),historical,Africa,1947,1959,MAL,polity,0,4,4
ETH-1952-1993,Ethiopia (1952-1993),historical,Africa,1952,1993,ETH,polity,4,4,8
MOR-1956-1958,Morocco (1956-1958),historical,Africa,1956,1958,MOR,polity,3,2,5
SUD-1956-2011,Sudan (1956-2011),historical,Africa,1956,2011,SUD,polity,1,5,6
MAR-1958-1975,Morocco (1958-1975),historical,Africa,1958,1975,MAR,polity,3,4,7
SPA-1958-1975,Western Sahara (1958-1975),historical,Africa,1958,1975,SPA,polity,4,3,7
MAL-1959-1960,Mali (1959-1960),historical,Africa,1959,1960,MAL,polity,3,1,4
CMR-1960-1961,Cameroon (1960-1961),historical,Africa,1960,1961,CMR,polity,1,4,5
MRT-1960-1975,Mauritania (1960-1975),historical,Africa,1960,1975,MRT,polity,0,4,4
NGA-1960-1961,Nigeria (1960-1961),historical,Africa,1960,1961,NGA,polity,3,4,7
EGY-1967-1979,Egypt (1967-1979),historical,Africa,1967,1979,EGY,polity,3,4,7
MRT-1975-1979,Mauritania (1975-1979),historical,Africa,1975,1979,MRT,polity,3,4,7
MAR-1975-1979,Morocco (1975-1979),historical,Africa,1975,1979,MAR,polity,3,4,7
BRI-1885-1895,British Bechuanaland (to 1895),colonial,Africa,1885,1895,BRI,polity,1,1,2
BRI-1884-1960,British Protectorate (British Somaliland) (to 1960),colonial,Africa,1884,1960,BRI,polity,1,1,2
KAM-1884-1912,Cameroon (Kamerun) (to 1912),colonial,Africa,1884,1912,KAM,polity,0,4,4
CAP-1800-1895,Cape Colony (to 1895),colonial,Africa,1800,1895,CAP,polity,0,4,4
NAT-1843-1895,Natal (to 1895),colonial,Africa,1843,1895,NAT,polity,2,4,6
OIL-1884-1898,Oil Rivers Protectorate (to 1898),colonial,Africa,1884,1898,OIL,polity,2,1,3
SPA-1800-1982,Spanish North Africa,colonial,Africa,1800,1982,SPA,polity,2,1,3
SPA-1884-1912,Spanish West Africa (to 1912),colonial,Africa,1884,1912,SPA,polity,2,4,6
TRA-1856-1910,Transvaal (to 1910),colonial,Africa,1856,1910,TRA,polity,0,1,1
FSO-1884-1977,French Somalia,colonial,Africa,1884,1977,FSO,polity,2,1,3
GWA-1884-1914,German West Africa,colonial,Africa,1884,1914,GWA,polity,1,1,2
BBE-1885-1895,British Bechuanaland,colonial,Africa,1885,1895,BBE,polity,1,1,2
GER-1887-1888,German Togoland (1887-1888),colonial,Africa,1887,1888,GER,polity,3,4,7
GER-1888-1896,German Togoland (1888-1896),colonial,Africa,1888,1896,GER,polity,6,4,10
ITA-1889-1924,Italian Somaliland (1889-1924),colonial,Africa,1889,1924,ITA,polity,3,1,4
CAP-1895-1910,Cape Colony (1895-1910),colonial,Africa,1895,1910,CAP,polity,3,1,4
FRE-1895-1898,French West Africa (1895-1898),colonial,Africa,1895,1898,FRE,polity,1,4,5
NAT-1895-1910,Natal (1895-1910),colonial,Africa,1895,1910,NAT,polity,3,1,4
GER-1897-1919,German Togoland (1897-1919),colonial,Africa,1897,1919,GER,polity,6,4,10
FRE-1898-1902,French West Africa (1898-1902),colonial,Africa,1898,1902,FRE,polity,4,4,8
FRE-1902-1904,French West Africa (1902-1904),colonial,Africa,1902,1904,FRE,polity,4,1,5
KAM-1912-1919,Cameroon (Kamerun) (1912-1919),colonial,Africa,1912,1919,KAM,polity,3,1,4
SPA-1912-1956,Spanish Morocco (1912-1956),colonial,Africa,1912,1956,SPA,polity,5,1,6
SPA-1912-1958,Spanish West Africa (1912-1958),colonial,Africa,1912,1958,SPA,polity,3,4,7
GER-1919-1922,German Togoland (1919-1922),colonial,Africa,1919,1922,GER,polity,6,1,7
BRI-1922-1955,British Togoland (1922-1955),colonial,Africa,1922,1955,BRI,polity,1,1,2
ITA-1924-1960,Italian Somaliland (1924-1960),colonial,Africa,1924,1960,ITA,polity,2,1,3
FED-1953-1964,Federation of Rhodesia and Nyasaland (1953-1964),colonial,Africa,1953,1964,FED,polity,1,4,5
SOU-1956-1958,Southern zone of Spanish Morocco (1956-1958),colonial,Africa,1956,1958,SOU,polity,1,1,2
CAN-1800-2025,Canary Islands,dependency,Africa,1800,2025,CAN,polity,4,1,5
CEU-1800-2025,Ceuta Y Melilla,dependency,Africa,1800,2025,CEU,polity,0,1,1
SHN-1800-2025,"Saint Helena, Ascension and Tristan da Cunha",dependency,Africa,1800,2025,SHN,polity,0,1,1
ST.-1800-2025,St. Helena,dependency,Africa,1800,2025,,polity,0,1,1
REU-1816-2025,Réunion,dependency,Africa,1816,2025,REU,polity,1,1,2
MYT-1843-1914,Mayotte and Noissi-be,dependency,Africa,1843,1914,MYT,polity,0,1,1
MYT-2002-2025,Mayotte,dependency,Africa,2002,2025,MYT,polity,0,1,1
GEA-1884-2025,German East Africa (Tanganyika),mandate,Africa,1884,2025,GEA,polity,1,1,2
TAN-1891-1920,Tanzania (1891-1920),mandate,Africa,1891,1920,TAN,polity,0,4,4
BRI-1919-1961,British Cameroon (1919-1961),mandate,Africa,1919,1961,BRI,polity,1,1,2
CAM-1919-1961,Cameroon (1919-1961),mandate,Africa,1919,1961,CAM,polity,0,1,1
RWA-1920-1962,Rwanda and Burundi (1920-1962),mandate,Africa,1920,1962,RWA,polity,5,4,9
TAN-1920-1922,Tanzania (1920-1922),mandate,Africa,1920,1922,TAN,polity,3,4,7
TAN-1922-1964,Tanzania (1922-1964),mandate,Africa,1922,1964,TAN,polity,3,1,4
TZA-1961-1964,Tanzania (1961-1964),mandate,Africa,1961,1964,TZA,polity,1,4,5
ESH-1800-2025,Western Sahara,disputed,Africa,1800,2025,ESH,polity,0,1,1
ETH-1800-2025,Ethiopia (old),aggregate,Africa,1800,2025,ETH,polity,0,8,8
F62-1800-1993,Ethiopia PDR,aggregate,Africa,1800,1993,,polity,0,1,1
F206-1800-2011,Sudan (old),aggregate,Africa,1800,2011,,polity,0,1,1
GOL-1843-2025,Gold Coast,aggregate,Africa,1843,2025,GOL,polity,0,1,1
SPA-1858-2025,Spanish Guinea,aggregate,Africa,1858,2025,SPA,polity,0,5,5
NGA-1861-2025,Nigeria (old),aggregate,Africa,1861,2025,NGA,polity,0,3,3
SUD-1882-2025,Sudan (Anglo-Egyptian),aggregate,Africa,1882,2025,SUD,polity,0,6,6
BAS-1884-2025,Basutoland,aggregate,Africa,1884,2025,BAS,polity,0,1,1
BSO-1884-2025,British Protectorate (British Somaliland),aggregate,Africa,1884,2025,BSO,polity,0,1,1
CMR-1884-2025,Cameroon (Kamerun),aggregate,Africa,1884,2025,CMR,polity,0,3,3
BEC-1885-2025,Bechuanaland Protectorate,aggregate,Africa,1885,2025,BEC,polity,0,1,1
BEL-1885-2025,Belgian Congo,aggregate,Africa,1885,2025,BEL,polity,0,1,1
FSM-1887-2025,French Somaliland,aggregate,Africa,1887,2025,FSM,polity,0,2,2
NYA-1891-2025,Nyasaland Protectorate (Malawi),aggregate,Africa,1891,2025,NYA,polity,0,1,1
BEA-1895-2025,British East Africa,aggregate,Africa,1895,2025,BEA,polity,0,1,1
FWA-1895-2025,French West Africa,aggregate,Africa,1895,2025,FWA,polity,0,1,1
ITS-1908-2025,Italian Somaliland,aggregate,Africa,1908,2025,ITS,polity,0,1,1
FEA-1910-2025,French Equatorial Africa,aggregate,Africa,1910,2025,FEA,polity,0,1,1
ITL-1911-2025,Italian Libia Cyrenaica (Lybia),aggregate,Africa,1911,2025,ITL,polity,0,1,1
BCA-1914-2025,British Cameroon,aggregate,Africa,1914,2025,BCA,polity,0,1,1
RWB-1919-2025,Rwanda and Burundi,aggregate,Africa,1919,2025,RWB,polity,0,1,1
ATA-1800-2025,Antarctica,dependency,Antarctica,1800,2025,ATA,polity,0,1,1
BVT-1800-2025,Bouvet Island,dependency,Antarctica,1800,2025,BVT,polity,0,1,1
DRO-1800-1982,Dronning Maud Land,dependency,Antarctica,1800,1982,DRO,polity,0,1,1
ATF-1800-2025,French Southern Territories,dependency,Antarctica,1800,2025,ATF,polity,1,1,2
BHR-1800-2025,Bahrain,sovereign,Asia,1800,2025,BHR,polity,2,1,3
BTN-1800-2025,Bhutan,sovereign,Asia,1800,2025,BTN,polity,1,1,2
IRN-1800-1828,Persia (Qajar to 1828),historical,Asia,1800,1828,IRN,polity,0,4,4
IRN-1828-2025,Iran,sovereign,Asia,1828,2025,IRN,polity,4,1,5
JPN-1800-2025,Japan,aggregate,Asia,1800,2025,JPN,polity,47,5,52
KWT-1800-2025,Kuwait,sovereign,Asia,1800,2025,KWT,polity,2,1,3
MDV-1800-2025,Maldives,sovereign,Asia,1800,2025,MDV,polity,1,1,2
MMR-1800-2025,Myanmar,aggregate,Asia,1800,2025,MMR,polity,0,5,5
NPL-1800-2025,Nepal,aggregate,Asia,1800,2025,NPL,polity,0,3,3
OMN-1800-2025,Oman,aggregate,Asia,1800,2025,OMN,polity,0,3,3
PHL-1800-2025,Philippines,sovereign,Asia,1800,2025,PHL,polity,2,1,3
QAT-1800-2025,Qatar,sovereign,Asia,1800,2025,QAT,polity,2,1,3
LKA-1800-2025,Sri Lanka,sovereign,Asia,1800,2025,LKA,polity,1,1,2
TLS-1800-2025,Timor-Leste,sovereign,Asia,1800,2025,TLS,polity,2,1,3
CYP-1879-2025,Cyprus,sovereign,Asia,1879,2025,CYP,polity,2,1,3
BRN-1888-2025,Brunei Darussalam,sovereign,Asia,1888,2025,BRN,polity,5,1,6
THA-1909-2025,Thailand,sovereign,Asia,1909,2025,THA,polity,5,1,6
MNG-1911-2025,Mongolia,sovereign,Asia,1911,2025,MNG,polity,2,1,3
JOR-1918-2025,Jordan,sovereign,Asia,1918,2025,JOR,polity,2,1,3
AFG-1919-2025,Afghanistan,sovereign,Asia,1919,2025,AFG,polity,1,1,2
IRQ-1921-2025,Iraq,sovereign,Asia,1921,2025,IRQ,polity,2,1,3
LBN-1944-2025,Lebanon,sovereign,Asia,1944,2025,LBN,polity,2,1,3
PRK-1948-2025,North Korea,sovereign,Asia,1948,2025,PRK,polity,2,1,3
KOR-1948-2025,South Korea,sovereign,Asia,1948,2025,KOR,polity,2,1,3
IND-1949-2025,India,sovereign,Asia,1949,2025,IND,polity,5,1,6
KHM-1953-2025,Cambodia,sovereign,Asia,1953,2025,KHM,polity,2,1,3
LAO-1954-2025,Laos,sovereign,Asia,1954,2025,LAO,polity,2,1,3
MYS-1965-2025,Malaysia,sovereign,Asia,1965,2025,MYS,polity,5,1,6
SGP-1965-2025,Singapore,sovereign,Asia,1965,2025,SGP,polity,2,1,3
SYR-1967-2025,Syrian Arab Republic,sovereign,Asia,1967,2025,SYR,polity,6,1,7
BGD-1971-2025,Bangladesh,sovereign,Asia,1971,2025,BGD,polity,3,1,4
PAK-1971-2025,Pakistan,sovereign,Asia,1971,2025,PAK,polity,4,1,5
ARE-1971-2025,United Arab Emirates,sovereign,Asia,1971,2025,ARE,polity,2,1,3
VNM-1975-2025,Vietnam,sovereign,Asia,1975,2025,VNM,polity,2,1,3
ISR-1979-2025,Israel,sovereign,Asia,1979,2025,ISR,polity,5,1,6
ARM-1991-2025,Armenia,sovereign,Asia,1991,2025,ARM,polity,4,1,5
AZE-1991-2025,Azerbaijan,sovereign,Asia,1991,2025,AZE,polity,4,1,5
GEO-1991-2025,Georgia,sovereign,Asia,1991,2025,GEO,polity,4,1,5
KAZ-1991-2025,Kazakhstan,sovereign,Asia,1991,2025,KAZ,polity,3,1,4
KGZ-1991-2025,Kyrgyzstan,sovereign,Asia,1991,2025,KGZ,polity,3,1,4
TJK-1991-2025,Tajikistan,sovereign,Asia,1991,2025,TJK,polity,3,1,4
TKM-1991-2025,Turkmenistan,sovereign,Asia,1991,2025,TKM,polity,3,1,4
UZB-1991-2025,Uzbekistan,sovereign,Asia,1991,2025,UZB,polity,3,1,4
SAU-2000-2025,Saudi Arabia,sovereign,Asia,2000,2025,SAU,polity,5,1,6
YEM-2000-2025,Yemen,sovereign,Asia,2000,2025,YEM,polity,5,1,6
IDN-2002-2025,Indonesia,sovereign,Asia,2002,2025,IDN,polity,5,1,6
ABU-1800-1971,Abu Dhabi,historical,Asia,1800,1971,ABU,polity,0,1,1
AFG-1800-1888,Afghanistan (to 1888),historical,Asia,1800,1888,AFG,polity,0,1,1
AFG-1800-1893,Afghanistan (to 1893),historical,Asia,1800,1893,AFG,polity,0,1,1
AJM-1800-1971,Ajman,historical,Asia,1800,1971,AJM,polity,0,1,1
BAD-1800-1873,Badakhshan,historical,Asia,1800,1873,BAD,polity,0,2,2
BUK-1800-1920,Bukhara,historical,Asia,1800,1920,BUK,polity,0,1,1
BOK-1800-1920,Bukhara (to 1920),historical,Asia,1800,1920,BOK,polity,0,1,1
CAM-1800-1904,Cambodia (to 1904),historical,Asia,1800,1904,CAM,polity,0,4,4
CHN-1800-1895,China (to 1895),historical,Asia,1800,1895,CHN,polity,27,4,31
DAN-1800-1845,Danish India,historical,Asia,1800,1845,DAN,polity,1,1,2
HER-1800-1862,Herat,historical,Asia,1800,1862,HER,polity,0,1,1
IND-1800-1893,India (to 1893),historical,Asia,1800,1893,IND,polity,1,3,4
IND-1800-1947,India (to 1947),historical,Asia,1800,1947,IND,polity,1,3,4
IDN-1800-1889,Indonesia (to 1889),historical,Asia,1800,1889,IDN,polity,0,4,4
KHI-1800-1873,Khiva,historical,Asia,1800,1873,KHI,polity,0,1,1
KHI-1800-1920,Khiva (to 1920),historical,Asia,1800,1920,KHI,polity,0,1,1
KOK-1800-1876,Kokand,historical,Asia,1800,1876,KOK,polity,0,1,1
OKO-1800-1910,Korea (to 1910),historical,Asia,1800,1910,OKO,polity,0,1,1
OTT-1800-1912,Ottoman Empire,historical,Asia,1800,1912,OTT,polity,0,1,1
PER-1800-1896,Perak (to 1896),historical,Asia,1800,1896,PER,polity,0,1,1
SEL-1800-1896,Selangore (to 1896),historical,Asia,1800,1896,SEL,polity,0,1,1
THA-1800-1893,Thailand (to 1893),historical,Asia,1800,1893,THA,polity,0,4,4
VNM-1800-1893,Vietnam (to 1893),historical,Asia,1800,1893,VNM,polity,0,1,1
BRN-1816-1888,Brunei (greater),historical,Asia,1816,1888,BRN,polity,0,4,4
CHE-1816-1857,Chechnya,historical,Asia,1816,1857,CHE,polity,0,1,1
CIR-1816-1861,Circassia,historical,Asia,1816,1861,CIR,polity,0,1,1
YUN-1856-1871,Yunnan,historical,Asia,1856,1871,YUN,polity,0,1,1
PAH-1888-1896,Pahang (1888-1896),historical,Asia,1888,1896,PAH,polity,0,1,1
IDN-1889-1949,Indonesia (1889-1949),historical,Asia,1889,1949,IDN,polity,3,3,6
IND-1893-1914,India (1893-1914),historical,Asia,1893,1914,IND,polity,1,6,7
THA-1893-1904,Thailand (1893-1904),historical,Asia,1893,1904,THA,polity,3,4,7
VIE-1893-1954,Vietnam (1893-1954),historical,Asia,1893,1954,VIE,polity,0,1,1
CHN-1895-1912,China (1895-1912),historical,Asia,1895,1912,CHN,polity,4,4,8
CAM-1904-1907,Cambodia (1904-1907),historical,Asia,1904,1907,CAM,polity,3,1,4
THA-1904-1907,Thailand (1904-1907),historical,Asia,1904,1907,THA,polity,3,4,7
SOU-1905-1945,Southern Sakhalin Island (1905-1945),historical,Asia,1905,1945,SOU,polity,3,1,4
THA-1907-1909,Thailand (1907-1909),historical,Asia,1907,1909,THA,polity,3,4,7
CHN-1913-1914,China (1913-1914),historical,Asia,1913,1914,CHN,polity,4,4,8
TIB-1913-1914,Tibet (1913-1914),historical,Asia,1913,1914,TIB,polity,1,4,5
CHN-1914-1921,China (1914-1921),historical,Asia,1914,1921,CHN,polity,4,4,8
IND-1914-1937,India (1914-1937),historical,Asia,1914,1937,IND,polity,4,6,10
TIB-1914-1950,Tibet (1914-1950),historical,Asia,1914,1950,TIB,polity,4,1,5
F246-1918-1990,North Yemen,historical,Asia,1918,1990,,polity,0,1,1
JOR-1920-1923,Jordan (1920-1923),historical,Asia,1920,1923,JOR,polity,0,1,1
SYR-1920-1967,Syrian Arab Republic (1920-1967),historical,Asia,1920,1967,SYR,polity,1,1,2
CHN-1921-1945,China (1921-1945),historical,Asia,1921,1945,CHN,polity,4,4,8
SAU-1924-1932,Saudi Arabia (1924-1932),historical,Asia,1924,1932,SAU,polity,0,4,4
SAU-1932-2000,Saudi Arabia (1932-2000),historical,Asia,1932,2000,SAU,polity,3,4,7
IND-1937-1947,India (1937-1947),historical,Asia,1937,1947,IND,polity,4,6,10
CHN-1945-1947,China (1945-1947),historical,Asia,1945,1947,CHN,polity,4,4,8
IDN-1945-1949,Indonesia (1945-1949),historical,Asia,1945,1949,IDN,polity,2,4,6
MAL-1946-1963,Malaysia (1946-1963),historical,Asia,1946,1963,MAL,polity,3,1,4
SYR-1946-1967,Syrian Arab Republic (1946-1967),historical,Asia,1946,1967,SYR,polity,1,4,5
CHN-1947-1949,China (1947-1949),historical,Asia,1947,1949,CHN,polity,4,4,8
IND-1947-1949,India (1947-1949),historical,Asia,1947,1949,IND,polity,6,6,12
JAM-1947-1949,Jammu and Kashmir (1947-1949),historical,Asia,1947,1949,JAM,polity,0,1,1
KAS-1947-1949,Kashmir (North Azad) (1947-1949),historical,Asia,1947,1949,KAS,polity,0,1,1
PAK-1947-1949,Pakistan (1947-1949),historical,Asia,1947,1949,PAK,polity,0,4,4
ISR-1948-1967,Israel (1948-1967),historical,Asia,1948,1967,ISR,polity,0,4,4
CHN-1949-1950,China (1949-1950),historical,Asia,1949,1950,CHN,polity,4,4,8
IDN-1949-1969,Indonesia (1949-1969),historical,Asia,1949,1969,IDN,polity,3,4,7
PAK-1949-1971,Pakistan (1949-1971),historical,Asia,1949,1971,PAK,polity,3,6,9
NVI-1954-1975,North Vietnam,historical,Asia,1954,1975,NVI,polity,0,1,1
SVI-1954-1975,South Vietnam,historical,Asia,1954,1975,SVI,polity,0,1,1
MYS-1957-1963,Malaysia (1957-1963),historical,Asia,1957,1963,MYS,polity,0,4,4
FED-1962-1967,Federation of South Arabia (1962-1967),historical,Asia,1962,1967,FED,polity,3,2,5
MYS-1963-1965,Malaysia (1963-1965),historical,Asia,1963,1965,MYS,polity,3,4,7
ISR-1967-1979,Israel (1967-1979),historical,Asia,1967,1979,ISR,polity,3,4,7
F247-1967-1990,South Yemen,historical,Asia,1967,1990,,polity,0,1,1
IDN-1969-1976,Indonesia (1969-1976),historical,Asia,1969,1976,IDN,polity,3,4,7
IDN-1976-2002,Indonesia (1976-2002),historical,Asia,1976,2002,IDN,polity,3,4,7
YEM-1990-2000,Yemen (1990-2000),historical,Asia,1990,2000,YEM,polity,0,4,4
STR-1800-1946,Straits Settlement (to 1946),colonial,Asia,1800,1946,STR,polity,0,1,1
UNF-1800-1909,Unfederated Malay States (to 1909),colonial,Asia,1800,1909,UNF,polity,0,4,4
STR-1826-1922,Straits Settlement,colonial,Asia,1826,1922,STR,polity,0,1,1
ADE-1839-1967,Aden,colonial,Asia,1839,1967,ADE,polity,0,1,1
SAB-1888-1963,Sabah (British Borneo) (1888-1963),colonial,Asia,1888,1963,SAB,polity,2,1,3
SAR-1888-1963,Sarawak (1888-1963),colonial,Asia,1888,1963,SAR,polity,1,1,2
FED-1895-1922,Federated Malay States,colonial,Asia,1895,1922,FED,polity,0,1,1
FED-1896-1909,Federated Malay States (1896-1909),colonial,Asia,1896,1909,FED,polity,0,4,4
KIA-1898-1922,Kiautchou,colonial,Asia,1898,1922,KIA,polity,0,1,1
FED-1909-1946,Federated Malay States (1909-1946),colonial,Asia,1909,1946,FED,polity,3,1,4
UNF-1909-1946,Unfederated Malay States (1909-1946),colonial,Asia,1909,1946,UNF,polity,3,1,4
ADE-1937-1962,Aden (1937-1962),colonial,Asia,1937,1962,ADE,polity,0,1,1
EAS-1937-1962,East Aden Protectorate (1937-1962),colonial,Asia,1937,1962,EAS,polity,0,1,1
IOT-1965-2025,British Indian Ocean Territory,dependency,Asia,1965,2025,IOT,polity,1,1,2
GAZ-1948-1982,Gaza Strip,dependency,Asia,1948,1982,GAZ,polity,0,1,1
MAC-1800-2025,Macao,dependency,Asia,1800,2025,MAC,polity,0,1,1
NEU-1800-1982,Neutral Zone,dependency,Asia,1800,1982,NEU,polity,0,1,1
RYU-1800-1982,Ryukyu Islands,dependency,Asia,1800,1982,RYU,polity,0,1,1
HKG-1841-2025,Hong Kong,dependency,Asia,1841,2025,HKG,polity,0,1,1
GAZ-1948-1967,Gaza Strip (1948-1967),dependency,Asia,1948,1967,GAZ,polity,0,1,1
WES-1948-1967,West Bank (1948-1967),dependency,Asia,1948,1967,WES,polity,0,1,1
PAL-1918-2025,Palestine/Jordan,mandate,Asia,1918,2025,PAL,polity,0,1,1
PAL-1920-1948,Palestine (1920-1948),mandate,Asia,1920,1948,PAL,polity,0,1,1
MAN-1932-1945,Manchukuo,puppet,Asia,1932,1945,MAN,polity,0,1,1
TWN-1896-2025,Taiwan,disputed,Asia,1896,2025,TWN,polity,0,1,1
PSE-1999-2025,Palestine,disputed,Asia,1999,2025,PSE,polity,0,1,1
CHN-1800-2025,"China, mainland",aggregate,Asia,1800,2025,CHN,polity,0,10,10
DEI-1800-2025,Dutch East Indies (Indonesia),aggregate,Asia,1800,2025,DEI,polity,0,1,1
FRI-1800-2025,French India,aggregate,Asia,1800,2025,FRI,polity,0,1,1
KOR-1800-1945,Korea (old) (to 1945),aggregate,Asia,1800,1945,KOR,polity,0,1,1
POR-1800-2025,Portuguese India,aggregate,Asia,1800,2025,POR,polity,0,1,1
SHA-1800-2025,Sharjah,aggregate,Asia,1800,2025,SHA,polity,0,1,1
SIK-1800-2025,Sikkim,aggregate,Asia,1800,2025,SIK,polity,0,1,1
TIB-1800-2025,Tibet (old),aggregate,Asia,1800,2025,TIB,polity,0,3,3
SAR-1841-2025,Sarawak,aggregate,Asia,1841,2025,SAR,polity,0,2,2
FUJ-1886-2025,Fujairah,aggregate,Asia,1886,2025,FUJ,polity,0,1,1
FID-1887-2025,French Indochina,aggregate,Asia,1887,2025,FID,polity,0,1,1
SAB-1888-2025,Sabah (British Borneo),aggregate,Asia,1888,2025,SAB,polity,0,2,2
UMM-1892-2025,Umm al Qawain,aggregate,Asia,1892,2025,UMM,polity,0,1,1
KCW-1898-2025,Kwang-Chou-Wan,aggregate,Asia,1898,2025,KCW,polity,0,1,1
KWA-1898-2025,Kwantung (Port Arthur),aggregate,Asia,1898,2025,KWA,polity,0,1,1
SYR-1918-2025,Syria and Lebanon,aggregate,Asia,1918,2025,SYR,polity,0,4,4
RAS-1919-2025,Ras al Khaimah,aggregate,Asia,1919,2025,RAS,polity,0,1,1
BMA-1922-2025,British Malaya,aggregate,Asia,1922,2025,BMA,polity,0,1,1
F351-1950-2025,China,aggregate,Asia,1950,2025,,polity,31,1,32
AND-1800-2025,Andorra,sovereign,Europe,1800,2025,AND,polity,2,1,3
VAT-1800-2025,Holy See,sovereign,Europe,1800,2025,VAT,polity,2,1,3
ISL-1800-2025,Iceland,sovereign,Europe,1800,2025,ISL,polity,2,1,3
LIE-1800-2025,Liechtenstein,sovereign,Europe,1800,2025,LIE,polity,2,1,3
MLT-1800-2025,Malta,sovereign,Europe,1800,2025,MLT,polity,2,1,3
MCO-1800-2025,Monaco,sovereign,Europe,1800,2025,MCO,polity,2,1,3
NLD-1800-2025,Netherlands,aggregate,Europe,1800,2025,NLD,polity,0,3,3
NOR-1800-2025,Norway,sovereign,Europe,1800,2025,NOR,polity,2,1,3
PRT-1800-2025,Portugal,sovereign,Europe,1800,2025,PRT,polity,2,1,3
SMR-1800-2025,San Marino,sovereign,Europe,1800,2025,SMR,polity,2,1,3
ESP-1800-2025,Spain,sovereign,Europe,1800,2025,ESP,polity,54,6,60
SWE-1800-2025,Sweden,sovereign,Europe,1800,2025,SWE,polity,2,1,3
CHE-1800-2025,Switzerland,sovereign,Europe,1800,2025,CHE,polity,2,1,3
BEL-1831-2025,Belgium,sovereign,Europe,1831,2025,BEL,polity,2,1,3
ALB-1913-2025,Albania,sovereign,Europe,1913,2025,ALB,polity,2,1,3
AUT-1918-2025,Austria,sovereign,Europe,1918,2025,AUT,polity,4,1,5
FRA-1919-2025,France,sovereign,Europe,1919,2025,FRA,polity,4,3,7
GRC-1919-2025,Greece,sovereign,Europe,1919,2025,GRC,polity,5,1,6
ITA-1919-2025,Italy,sovereign,Europe,1919,2025,ITA,polity,4,5,9
DNK-1920-2025,Denmark,sovereign,Europe,1920,2025,DNK,polity,5,1,6
TUR-1920-2025,Türkiye,sovereign,Europe,1920,2025,TUR,polity,5,1,6
IRL-1921-2025,Ireland,sovereign,Europe,1921,2025,IRL,polity,2,1,3
GBR-1921-2025,United Kingdom,sovereign,Europe,1921,2025,GBR,polity,10,3,13
BGR-1940-2025,Bulgaria,sovereign,Europe,1940,2025,BGR,polity,5,1,6
FIN-1940-2025,Finland,sovereign,Europe,1940,2025,FIN,polity,5,1,6
ROU-1940-2025,Romania,sovereign,Europe,1940,2025,ROU,polity,5,1,6
POL-1945-2025,Poland,sovereign,Europe,1945,2025,POL,polity,5,1,6
HUN-1947-2025,Hungary,sovereign,Europe,1947,2025,HUN,polity,5,1,6
DEU-1990-2025,Germany,sovereign,Europe,1990,2025,DEU,polity,6,1,7
BLR-1991-2025,Belarus,sovereign,Europe,1991,2025,BLR,polity,4,1,5
EST-1991-2025,Estonia,sovereign,Europe,1991,2025,EST,polity,4,1,5
LVA-1991-2025,Latvia,sovereign,Europe,1991,2025,LVA,polity,4,1,5
LTU-1991-2025,Lithuania,sovereign,Europe,1991,2025,LTU,polity,4,1,5
MDA-1991-2025,Moldova,sovereign,Europe,1991,2025,MDA,polity,4,1,5
MKD-1991-2025,North Macedonia,sovereign,Europe,1991,2025,MKD,polity,4,1,5
BIH-1992-2025,Bosnia and Herzegovina,sovereign,Europe,1992,2025,BIH,polity,4,1,5
HRV-1992-2025,Croatia,sovereign,Europe,1992,2025,HRV,polity,4,1,5
SVN-1992-2025,Slovenia,sovereign,Europe,1992,2025,SVN,polity,4,1,5
CZE-1993-2025,Czechia,sovereign,Europe,1993,2025,CZE,polity,7,1,8
SVK-1993-2025,Slovakia,sovereign,Europe,1993,2025,SVK,polity,4,1,5
LUX-2000-2025,Luxembourg,sovereign,Europe,2000,2025,LUX,polity,2,1,3
MNE-2006-2025,Montenegro,sovereign,Europe,2006,2025,MNE,polity,4,1,5
SRB-2008-2025,Serbia,sovereign,Europe,2008,2025,SRB,polity,4,1,5
RUS-2014-2025,Russia,sovereign,Europe,2014,2025,RUS,polity,89,1,90
UKR-2014-2025,Ukraine,sovereign,Europe,2014,2025,UKR,polity,5,1,6
AUH-1800-1867,Austrian Empire (to 1867),historical,Europe,1800,1867,AUH,polity,0,4,4
AUH-1867-1908,Austria-Hungary (to 1908),historical,Europe,1867,1908,AUH,polity,3,4,7
BAV-1800-1871,Bavaria,historical,Europe,1800,1871,BAV,polity,0,1,1
BOS-1878-1908,Bosnia (1878-1908),historical,Europe,1878,1908,BOS,polity,0,1,1
BRE-1800-1871,Bremen (city-state),historical,Europe,1800,1871,BRE,polity,0,1,1
DNK-1800-1864,Denmark (with Schleswig-Holstein),historical,Europe,1800,1864,DNK,polity,0,4,4
DNK-1864-1920,Denmark (to 1920),historical,Europe,1864,1920,DNK,polity,3,4,7
DMO-1800-1860,Duchy Modena,historical,Europe,1800,1860,DMO,polity,0,3,3
DPA-1800-1860,Duchy Parma,historical,Europe,1800,1860,DPA,polity,0,3,3
FRA-1800-1919,France (to 1919),historical,Europe,1800,1919,FRA,polity,1,11,12
DEU-1800-1919,Germany (to 1919),historical,Europe,1800,1919,DEU,polity,0,11,11
GRC-1830-1913,Greece (to 1913),historical,Europe,1830,1913,GRC,polity,0,4,4
HAN-1800-1866,Hanover,historical,Europe,1800,1866,HAN,polity,0,1,1
HER-1878-1908,Herzegovina (1878-1908),historical,Europe,1878,1908,HER,polity,0,1,1
HES-1800-1871,Hesse,historical,Europe,1800,1871,HES,polity,0,1,1
MEK-1800-1871,Mecklenburg,historical,Europe,1800,1871,MEK,polity,0,1,1
OLD-1800-1871,Oldenburg,historical,Europe,1800,1871,OLD,polity,0,1,1
PAP-1800-1870,Papal States,historical,Europe,1800,1870,PAP,polity,0,3,3
SAR-1800-1860,Sardinia,historical,Europe,1800,1860,SAR,polity,0,3,3
SAX-1800-1871,Saxony,historical,Europe,1800,1871,SAX,polity,0,1,1
SHL-1800-1866,Schleswig-Holstein,historical,Europe,1800,1866,SHL,polity,0,1,1
SWE-1800-1809,Sweden (with Finland to 1809),historical,Europe,1800,1809,SWE,polity,0,4,4
SWE-1809-1814,Sweden (1809-1814),historical,Europe,1809,1814,SWE,polity,3,4,7
SWE-1814-1905,Sweden-Norway (1814-1905),historical,Europe,1814,1905,SWE,polity,3,1,4
THU-1800-1871,Thuringia,historical,Europe,1800,1871,THU,polity,0,1,1
TUS-1800-1860,Tuscany,historical,Europe,1800,1860,TUS,polity,0,3,3
TWO-1800-1860,Two Sicilies,historical,Europe,1800,1860,TWO,polity,0,3,3
TUR-1800-1912,Türkiye (to 1912),historical,Europe,1800,1912,TUR,polity,0,4,4
F228-1800-1905,USSR (to 1905),aggregate,Europe,1800,1905,,polity,0,3,3
GBR-1800-1921,United Kingdom (to 1921),historical,Europe,1800,1921,GBR,polity,1,13,14
WUR-1800-1871,Württemberg,historical,Europe,1800,1871,WUR,polity,0,1,1
ION-1815-1864,Ionian islands,historical,Europe,1815,1864,ION,polity,0,1,1
ANB-1816-1864,Anhalt-Bernburg,historical,Europe,1816,1864,ANB,polity,0,1,1
AND-1816-1863,Anhalt-Dessau,historical,Europe,1816,1863,AND,polity,0,1,1
CRA-1816-1846,Cracow (Free City),historical,Europe,1816,1846,CRA,polity,0,1,1
FRA-1816-1866,Frankfurt (Free City),historical,Europe,1816,1866,FRA,polity,1,1,2
HHO-1816-1866,Hesse-Homburg,historical,Europe,1816,1866,HHO,polity,0,1,1
HOG-1816-1818,Hohengeroldseck,historical,Europe,1816,1818,HOG,polity,0,1,1
HHE-1816-1850,Hohenzollern-Hechingen,historical,Europe,1816,1850,HHE,polity,0,1,1
HSI-1816-1850,Hohenzollern-Sigmaringen,historical,Europe,1816,1850,HSI,polity,0,1,1
NAP-1816-1861,Kingdom of Naples,historical,Europe,1816,1861,NAP,polity,0,1,1
LIP-1816-1870,Lippe-Detmold,historical,Europe,1816,1870,LIP,polity,0,1,1
LUC-1816-1847,Lucca,historical,Europe,1816,1847,LUC,polity,0,1,1
MAS-1816-1829,Massa,historical,Europe,1816,1829,MAS,polity,0,1,1
NAS-1816-1866,Nassau,historical,Europe,1816,1866,NAS,polity,0,1,1
PIE-1816-1861,Piedmont,historical,Europe,1816,1861,PIE,polity,0,1,1
REU-1816-1870,Reuss,historical,Europe,1816,1870,REU,polity,1,2,3
SCS-1816-1826,Saxe-Coburg-Saalfeld,historical,Europe,1816,1826,SCS,polity,0,1,1
SGA-1816-1826,Saxe-Gotha-Altenberg,historical,Europe,1816,1826,SGA,polity,0,1,1
SHI-1816-1826,Saxe-Hildburgchausen,historical,Europe,1816,1826,SHI,polity,0,1,1
SME-1816-1870,Saxe-Meiningen,historical,Europe,1816,1870,SME,polity,0,1,1
SWE-1816-1870,Saxe-Weimar,historical,Europe,1816,1870,SWE,polity,0,1,1
SCL-1816-1870,Schaumburg-Lippe,historical,Europe,1816,1870,SCL,polity,0,1,1
SER-1816-1913,Serbia (1816-1913),historical,Europe,1816,1913,SER,polity,0,6,6
WAL-1816-1870,Waldeck,historical,Europe,1816,1870,WAL,polity,0,1,1
WOL-1816-1870,Wolfenbüttel,historical,Europe,1816,1870,WOL,polity,0,1,1
SAL-1827-1870,Saxe-Altenburg,historical,Europe,1827,1870,SAL,polity,0,1,1
SCG-1827-1870,Saxe-Coburg-Gotha,historical,Europe,1827,1870,SCG,polity,0,1,1
ROU-1859-1913,Romania (to 1913),historical,Europe,1859,1913,ROU,polity,0,4,4
ITA-1861-1919,Italy (to 1919),historical,Europe,1861,1919,ITA,polity,12,4,16
ANH-1864-1870,Anhalt,historical,Europe,1864,1870,ANH,polity,0,1,1
BGR-1878-1913,Bulgaria (to 1913),historical,Europe,1878,1913,BGR,polity,0,4,4
MNE-1878-1913,Montenegro (to 1913),historical,Europe,1878,1913,MNE,polity,0,4,4
CRE-1898-1913,Crete,historical,Europe,1898,1913,CRE,polity,0,1,1
F228-1905-1914,USSR (1905-1914),historical,Europe,1905,1914,,polity,3,3,6
AUH-1908-1918,Austria-Hungary (1908-1918),historical,Europe,1908,1918,AUH,polity,3,6,9
BGR-1913-1918,Bulgaria (1913-1918),historical,Europe,1913,1918,BGR,polity,3,4,7
GRC-1913-1919,Greece (1913-1919),historical,Europe,1913,1919,GRC,polity,3,4,7
MNE-1913-1915,Montenegro (1913-1915),historical,Europe,1913,1915,MNE,polity,3,1,4
MON-1913-1918,Montenegro (1913-1918),historical,Europe,1913,1918,MON,polity,0,1,1
ROU-1913-1918,Romania (1913-1918),historical,Europe,1913,1918,ROU,polity,3,4,7
SER-1913-1915,Serbia (1913-1915),historical,Europe,1913,1915,SER,polity,3,4,7
SER-1913-1918,Serbia (1913-1918),historical,Europe,1913,1918,SER,polity,5,1,6
TUR-1913-1914,Türkiye (1913-1914),historical,Europe,1913,1914,TUR,polity,3,4,7
TUR-1914-1918,Türkiye (1914-1918),historical,Europe,1914,1918,TUR,polity,3,4,7
F228-1914-1917,USSR (1914-1917),historical,Europe,1914,1917,,polity,2,3,5
FIN-1917-1940,Finland (1917-1940),historical,Europe,1917,1940,FIN,polity,0,4,4
F228-1917-1918,USSR (1917-1918),historical,Europe,1917,1918,,polity,2,3,5
AUT-1918-1919,Austria (1918-1919),historical,Europe,1918,1919,AUT,polity,1,1,2
BGR-1918-1919,Bulgaria (1918-1919),historical,Europe,1918,1919,BGR,polity,3,4,7
F51-1918-1938,Czechoslovakia (1918-1938),historical,Europe,1918,1938,,polity,0,1,1
EST-1918-1940,Estonia (1918-1940),historical,Europe,1918,1940,EST,polity,0,1,1
HUN-1918-1919,Hungary (1918-1919),historical,Europe,1918,1919,HUN,polity,2,4,6
LVA-1918-1940,Latvia (1918-1940),historical,Europe,1918,1940,LVA,polity,0,1,1
LTU-1918-1920,Lithuania (1918-1920),historical,Europe,1918,1920,LTU,polity,0,4,4
POL-1918-1919,Poland (1918-1919),historical,Europe,1918,1919,POL,polity,0,4,4
ROU-1918-1919,Romania (1918-1919),historical,Europe,1918,1919,ROU,polity,3,4,7
TUR-1918-1920,Türkiye (1918-1920),historical,Europe,1918,1920,TUR,polity,3,4,7
F228-1918-1920,USSR (1918-1920),historical,Europe,1918,1920,,polity,2,3,5
F248-1918-1919,Yugoslavia (1918-1919),historical,Europe,1918,1919,,polity,0,1,1
BGR-1919-1940,Bulgaria (1919-1940),historical,Europe,1919,1940,BGR,polity,3,4,7
DEU-1919-1920,Germany (1919-1920),historical,Europe,1919,1920,DEU,polity,3,4,7
HUN-1919-1920,Hungary (1919-1920),historical,Europe,1919,1920,HUN,polity,3,4,7
POL-1919-1920,Poland (1919-1920),historical,Europe,1919,1920,POL,polity,3,4,7
ROU-1919-1920,Romania (1919-1920),historical,Europe,1919,1920,ROU,polity,3,4,7
F248-1919-1920,Yugoslavia (1919-1920),historical,Europe,1919,1920,,polity,0,1,1
DEU-1920-1938,Germany (1920-1938),historical,Europe,1920,1938,DEU,polity,3,4,7
HUN-1920-1938,Hungary (1920-1938),historical,Europe,1920,1938,HUN,polity,3,4,7
LTU-1920-1940,Lithuania (1920-1940),historical,Europe,1920,1940,LTU,polity,3,1,4
POL-1920-1921,Poland (1920-1921),historical,Europe,1920,1921,POL,polity,3,4,7
ROU-1920-1940,Romania (1920-1940),historical,Europe,1920,1940,ROU,polity,3,4,7
F228-1920-1921,USSR (1920-1921),historical,Europe,1920,1921,,polity,2,3,5
F248-1920-1991,Yugoslavia (1920-1991),historical,Europe,1920,1991,,polity,0,2,2
POL-1921-1945,Poland (1921-1945),historical,Europe,1921,1945,POL,polity,3,4,7
F228-1921-1940,USSR (1921-1940),historical,Europe,1921,1940,,polity,2,3,5
F51-1938-1945,Czechoslovakia (1938-1945),historical,Europe,1938,1945,,polity,0,1,1
DEU-1938-1945,Germany (1938-1945),historical,Europe,1938,1945,DEU,polity,3,1,4
HUN-1938-1947,Hungary (1938-1947),historical,Europe,1938,1947,HUN,polity,3,4,7
F228-1940-1945,USSR (1940-1945),historical,Europe,1940,1945,,polity,2,3,5
F51-1945-1947,Czechoslovakia (1945-1947),historical,Europe,1945,1947,,polity,0,1,1
F228-1945-1991,USSR (1945-1991),historical,Europe,1945,1991,,polity,2,31,33
CZE-1947-1992,Czechoslovakia (1947-1992),historical,Europe,1947,1992,CZE,polity,0,4,4
F51-1947-1993,Czechoslovakia (1947-1993),historical,Europe,1947,1993,,polity,0,5,5
F77-1949-1990,East Germany,historical,Europe,1949,1990,,polity,0,3,3
F78-1949-1990,West Germany,historical,Europe,1949,1990,,polity,0,3,3
RUS-1991-2014,Russia (1991-2014),historical,Europe,1991,2014,RUS,polity,3,4,7
UKR-1991-2014,Ukraine (1991-2014),historical,Europe,1991,2014,UKR,polity,2,4,6
F248-1991-1992,Yugoslavia (1991-1992),historical,Europe,1991,1992,,polity,0,10,10
SCG-1992-2006,Serbia and Montenegro,historical,Europe,1992,2006,SCG,polity,2,5,7
YUG-1992-2006,Yugoslavia (1992-2006),historical,Europe,1992,2006,YUG,polity,0,1,1
SER-2006-2008,Serbia (2006-2008),historical,Europe,2006,2008,SER,polity,2,5,7
BAD-1800-1871,Baden,colonial,Europe,1800,1871,BAD,polity,1,1,2
CHA-1800-2023,Channel Islands,dependency,Europe,1800,2023,CHA,polity,2,1,3
GEB-1949-1982,East Berlin,dependency,Europe,1949,1982,GEB,polity,0,1,1
FRO-1800-2025,Faroe Islands,dependency,Europe,1800,2025,FRO,polity,0,1,1
GIB-1800-2025,Gibraltar,dependency,Europe,1800,2025,GIB,polity,0,1,1
GRL-1800-2025,Greenland,dependency,Europe,1800,2025,GRL,polity,0,1,1
IMN-1800-2025,Isle of Man,dependency,Europe,1800,2025,IMN,polity,0,1,1
SJM-1800-2025,Svalbard and Jan Mayen,dependency,Europe,1800,2025,SJM,polity,0,1,1
GWB-1949-1982,West Berlin,dependency,Europe,1949,1982,GWB,polity,0,1,1
GGY-2005-2025,Guernsey,dependency,Europe,2005,2025,GGY,polity,0,1,1
JEY-2005-2025,Jersey,dependency,Europe,2005,2025,JEY,polity,0,1,1
F285-2011-2023,Sark,dependency,Europe,2011,2023,,polity,0,1,1
DAN-1919-1938,Danzig (1919-1938),mandate,Europe,1919,1938,DAN,polity,1,1,2
KOS-2008-2025,Kosovo,disputed,Europe,2008,2025,KOS,polity,2,1,3
F15-1800-1999,Belgium-Luxembourg,aggregate,Europe,1800,1999,,polity,0,1,1
FRA-1800-1982,"France, Metropolitan",aggregate,Europe,1800,1982,FRA,polity,0,3,3
GER-1800-2025,Germany/Zollverein,aggregate,Europe,1800,2025,GER,polity,0,6,6
LUO-1800-2025,Luxembourg (old),aggregate,Europe,1800,2025,LUO,polity,0,1,1
NET-1800-2025,Netherlands (old),aggregate,Europe,1800,2025,NET,polity,0,2,2
DOD-1912-2025,Dodecanese Is.,aggregate,Europe,1912,2025,DOD,polity,0,1,1
X06-1800-2025,Africa,region,Global,1800,2025,,polity,0,0,0
X21-1800-2025,Americas,region,Global,1800,2025,,polity,0,0,0
F5848-1800-2025,Annex I countries,region,Global,1800,2025,,polity,0,0,0
F5600-1800-2025,Antarctic Region,region,Global,1800,2025,,polity,0,0,0
F5300-1800-2025,Asia,region,Global,1800,2025,,polity,3,47,50
F5501-1800-2025,Australia and New Zealand,region,Global,1800,2025,,polity,0,3,3
F5206-1800-2025,Caribbean,region,Global,1800,2025,,polity,0,17,17
F5857-1800-2025,Caucasus and Central Asia,region,Global,1800,2025,,polity,0,0,0
F5204-1800-2025,Central America,region,Global,1800,2025,,polity,0,9,9
F5101-1800-2025,Eastern Africa,region,Global,1800,2025,,polity,0,19,19
F5302-1800-2025,Eastern Asia,region,Global,1800,2025,,polity,0,6,6
F5829-1800-2025,Eastern Asia (excluding Japan and China),region,Global,1800,2025,,polity,0,0,0
F5307-1800-2025,Eastern Asia and South-eastern Asia,region,Global,1800,2025,,polity,0,0,0
F5401-1800-2025,Eastern Europe,region,Global,1800,2025,,polity,0,11,11
F5400-1800-2025,Europe,region,Global,1800,2025,,polity,4,45,49
EUR-1800-2025,"Europe, Northern America, Australia and New Zealand",region,Global,1800,2025,EUR,polity,0,0,0
F5707-1800-2025,European Union (27),region,Global,1800,2025,,polity,0,0,0
F99029-1800-2025,"FAO Major Fishing Area: Atlantic, Eastern Central (14.4.1)",region,Global,1800,2025,,polity,0,0,0
F99024-1800-2025,"FAO Major Fishing Area: Atlantic, Northeast (14.4.1)",region,Global,1800,2025,,polity,0,0,0
F99023-1800-2025,"FAO Major Fishing Area: Atlantic, Northwest (14.4.1)",region,Global,1800,2025,,polity,0,0,0
F99026-1800-2025,"FAO Major Fishing Area: Atlantic, Southeast (14.4.1)",region,Global,1800,2025,,polity,0,0,0
F99030-1800-2025,"FAO Major Fishing Area: Atlantic, Southwest (14.4.1)",region,Global,1800,2025,,polity,0,0,0
F99028-1800-2025,"FAO Major Fishing Area: Atlantic, Western Central (14.4.1)",region,Global,1800,2025,,polity,0,0,0
F99025-1800-2025,"FAO Major Fishing Area: Indian Ocean, Eastern (14.4.1)",region,Global,1800,2025,,polity,0,0,0
F99027-1800-2025,"FAO Major Fishing Area: Indian Ocean, Western (14.4.1)",region,Global,1800,2025,,polity,0,0,0
F99032-1800-2025,FAO Major Fishing Area: Mediterranean and Black Sea (14.4.1),region,Global,1800,2025,,polity,0,0,0
F99018-1800-2025,"FAO Major Fishing Area: Pacific, Eastern Central (14.4.1)",region,Global,1800,2025,,polity,0,0,0
F99019-1800-2025,"FAO Major Fishing Area: Pacific, Northeast (14.4.1)",region,Global,1800,2025,,polity,0,0,0
F99020-1800-2025,"FAO Major Fishing Area: Pacific, Northwest (14.4.1)",region,Global,1800,2025,,polity,0,0,0
F99031-1800-2025,"FAO Major Fishing Area: Pacific, Southeast (14.4.1)",region,Global,1800,2025,,polity,0,0,0
F99022-1800-2025,"FAO Major Fishing Area: Pacific, Southwest (14.4.1)",region,Global,1800,2025,,polity,0,0,0
F99021-1800-2025,"FAO Major Fishing Area: Pacific, Western Central (14.4.1)",region,Global,1800,2025,,polity,0,0,0
F9010-1800-2025,High-income economies,region,Global,1800,2025,,polity,0,0,0
F5823-1800-2025,International Centres (FAO) (2.5.1.a),region,Global,1800,2025,,polity,0,0,0
F5802-1800-2025,Land Locked Developing Countries (LLDCs),region,Global,1800,2025,,polity,0,0,0
F348-1800-2025,Latin America,region,Global,1800,2025,,polity,0,0,0
F5205-1800-2025,Latin America and the Caribbean,region,Global,1800,2025,,polity,3,36,39
F5801-1800-2025,Least Developed Countries (LDCs),region,Global,1800,2025,,polity,0,0,0
F5815-1800-2025,Low Income Food Deficit Countries (LIFDCs),region,Global,1800,2025,,polity,0,0,0
F5858-1800-2025,Low-income economies,region,Global,1800,2025,,polity,0,0,0
F5859-1800-2025,Lower-middle-income economies,region,Global,1800,2025,,polity,0,0,0
F5502-1800-2025,Melanesia,region,Global,1800,2025,,polity,0,5,5
F5102-1800-2025,Middle Africa,region,Global,1800,2025,,polity,0,9,9
F5817-1800-2025,Net Food Importing Developing Countries (NFIDCs),region,Global,1800,2025,,polity,0,0,0
F5849-1800-2025,Non-Annex I countries,region,Global,1800,2025,,polity,0,0,0
F336-1800-2025,North and Central America,region,Global,1800,2025,,polity,0,0,0
F5103-1800-2025,Northern Africa,region,Global,1800,2025,,polity,0,6,6
F429-1800-2025,Northern Africa (excluding Sudan),region,Global,1800,2025,,polity,0,0,0
F5203-1800-2025,Northern America,region,Global,1800,2025,,polity,0,2,2
F5208-1800-2025,Northern America and Europe,region,Global,1800,2025,,polity,0,0,0
F5402-1800-2025,Northern Europe,region,Global,1800,2025,,polity,0,12,12
F5873-1800-2025,OECD,region,Global,1800,2025,,polity,0,0,0
F5500-1800-2025,Oceania,region,Global,1800,2025,,polity,4,14,18
F5807-1800-2025,Oceania excluding Australia and New Zealand,region,Global,1800,2025,,polity,0,0,0
F5504-1800-2025,Polynesia,region,Global,1800,2025,,polity,0,4,4
F5822-1800-2025,Regional Centres (FAO) (2.5.1.a),region,Global,1800,2025,,polity,0,0,0
F5803-1800-2025,Small Island Developing States (SIDS),region,Global,1800,2025,,polity,0,0,0
F5207-1800-2025,South America,region,Global,1800,2025,,polity,0,13,13
F5306-1800-2005,South-Central Asia,region,Global,1800,2005,,polity,0,0,0
F5304-1800-2025,South-eastern Asia,region,Global,1800,2025,,polity,0,12,12
F5104-1800-2025,Southern Africa,region,Global,1800,2025,,polity,0,5,5
F5855-1800-2025,Southern Asia (excluding India),region,Global,1800,2025,,polity,0,0,0
F5403-1800-2025,Southern Europe,region,Global,1800,2025,,polity,0,16,16
F5810-1800-2025,Sub-Saharan Africa (including Sudan),region,Global,1800,2025,,polity,0,0,0
F9011-1800-2025,Upper-middle-income economies,region,Global,1800,2025,,polity,0,0,0
F5105-1800-2025,Western Africa,region,Global,1800,2025,,polity,0,16,16
F5305-1800-2025,Western Asia,region,Global,1800,2025,,polity,0,18,18
F5828-1800-2025,"Western Asia (exc. Armenia, Azerbaijan, Cyprus, Israel and Georgia)",region,Global,1800,2025,,polity,0,0,0
F5308-1800-2025,Western Asia and Northern Africa,region,Global,1800,2025,,polity,0,0,0
F5404-1800-2025,Western Europe,region,Global,1800,2025,,polity,0,10,10
X01-1800-2025,World,region,Global,1800,2025,,polity,0,0,0
F5301-2005-2025,Central Asia,region,Global,2005,2025,,polity,0,0,0
F5303-2005-2025,Southern Asia,region,Global,2005,2025,,polity,0,0,0
F420-2017-2025,Sub-Saharan Africa,region,Global,2017,2025,,polity,0,0,0
DEDREG-2021-2025,Developed regions,region,Global,2021,2025,,polity,0,0,0
DNGREG-2021-2025,Developing regions,region,Global,2021,2025,,polity,0,0,0
ATG-1800-2025,Antigua and Barbuda,sovereign,North America,1800,2025,ATG,polity,2,1,3
BHS-1800-2025,Bahamas,sovereign,North America,1800,2025,BHS,polity,2,1,3
BRB-1800-2025,Barbados,sovereign,North America,1800,2025,BRB,polity,2,1,3
BLZ-1800-2025,Belize,sovereign,North America,1800,2025,BLZ,polity,2,1,3
CRI-1800-2025,Costa Rica,sovereign,North America,1800,2025,CRI,polity,2,1,3
CUB-1800-2025,Cuba,sovereign,North America,1800,2025,CUB,polity,2,1,3
DMA-1800-2025,Dominica,sovereign,North America,1800,2025,DMA,polity,2,1,3
DOM-1800-2025,Dominican Republic,sovereign,North America,1800,2025,DOM,polity,2,1,3
HTI-1800-2025,Haiti,sovereign,North America,1800,2025,HTI,polity,2,1,3
HND-1800-2025,Honduras,sovereign,North America,1800,2025,HND,polity,2,1,3
JAM-1800-2025,Jamaica,sovereign,North America,1800,2025,JAM,polity,2,1,3
MEX-1800-2025,Mexico,aggregate,North America,1800,2025,MEX,polity,0,3,3
NIC-1800-2025,Nicaragua,sovereign,North America,1800,2025,NIC,polity,2,1,3
KNA-1800-2025,Saint Kitts and Nevis,sovereign,North America,1800,2025,KNA,polity,2,1,3
LCA-1800-2025,Saint Lucia,sovereign,North America,1800,2025,LCA,polity,2,1,3
VCT-1800-2025,Saint Vincent and the Grenadines,sovereign,North America,1800,2025,VCT,polity,2,1,3
TTO-1800-2025,Trinidad and Tobago,sovereign,North America,1800,2025,TTO,polity,2,1,3
SLV-1821-2025,El Salvador,sovereign,North America,1821,2025,SLV,polity,2,1,3
GTM-1821-2025,Guatemala,sovereign,North America,1821,2025,GTM,polity,2,1,3
PAN-1903-2025,Panama,sovereign,North America,1903,2025,PAN,polity,2,1,3
CAN-1948-2025,Canada,sovereign,North America,1948,2025,CAN,polity,16,2,18
USA-1959-2025,United States of America,sovereign,North America,1959,2025,USA,polity,56,1,57
BLM-2007-2025,Saint Barthélemy,sovereign,North America,2007,2025,BLM,polity,2,1,3
CUW-2010-2025,Curaçao,sovereign,North America,2010,2025,CUW,polity,2,1,3
ALA-1800-1959,Alaska (to 1959),historical,North America,1800,1959,ALA,polity,2,1,3
CAN-1938-1982,Canton and Enderbury Islands,historical,North America,1938,1982,CAN,polity,0,2,2
GRD-1800-1833,Grenada,historical,North America,1800,1833,GRD,polity,2,1,3
LOW-1800-1866,Lower Quebec,historical,North America,1800,1866,LOW,polity,0,1,1
NBW-1800-1866,New Brunswick,historical,North America,1800,1866,NBW,polity,0,1,1
NEW-1800-1948,Newfoundland (to 1948),historical,North America,1800,1948,NEW,polity,0,2,2
NOV-1800-1866,Nova Scotia  Cape Breton Isl.,historical,North America,1800,1866,NOV,polity,0,1,1
ONT-1800-1866,Ontario,historical,North America,1800,1866,ONT,polity,0,1,1
PAN-1800-1979,Panama (before Canal Zone),historical,North America,1800,1979,PAN,polity,0,1,1
PRI-1800-1866,Prince Edward Island,historical,North America,1800,1866,PRI,polity,2,2,4
ST.-1800-1838,St. Lucía,historical,North America,1800,1838,,polity,0,1,1
ST.-1800-1833,St. Vincent,historical,North America,1800,1833,,polity,0,1,1
USA-1800-1959,United States of America (to 1959),aggregate,North America,1800,1959,USA,polity,51,5,56
STM-1816-1878,St Martin and St Barthélemy,historical,North America,1816,1878,STM,polity,0,1,1
VAN-1849-1866,Vancouver's Island,historical,North America,1849,1866,VAN,polity,0,1,1
CAN-1866-1948,Canada (to 1948),historical,North America,1866,1948,CAN,polity,3,4,7
BCO-1858-1866,British Columbia,colonial,North America,1858,1866,BCO,polity,1,1,2
AIA-1800-2025,Anguilla,dependency,North America,1800,2025,AIA,polity,0,1,1
BMU-1800-2025,Bermuda,dependency,North America,1800,2025,BMU,polity,0,1,1
VGB-1800-2025,British Virgin Islands,dependency,North America,1800,2025,VGB,polity,1,1,2
CYM-1800-2025,Cayman Islands,dependency,North America,1800,2025,CYM,polity,0,1,1
GLP-1800-2025,Guadeloupe,dependency,North America,1800,2025,GLP,polity,0,1,1
LEE-1800-2025,"Leeward Islands (Antigua, Dominica, St.Christopher, Montserrat, Nevis, Virgin Island)",dependency,North America,1800,2025,LEE,polity,0,1,1
MTQ-1800-2025,Martinique,dependency,North America,1800,2025,MTQ,polity,0,1,1
MSR-1800-2025,Montserrat,dependency,North America,1800,2025,MSR,polity,0,1,1
NET-1800-1986,Netherlands Antilles (original),dependency,North America,1800,1986,NET,polity,2,1,3
PRI-1800-2025,Puerto Rico,dependency,North America,1800,2025,PRI,polity,1,1,2
SAI-1800-1982,Saint Kitts-Nevis-Anguilla,dependency,North America,1800,1982,SAI,polity,0,1,1
SPM-1800-2025,Saint Pierre and Miquelon,dependency,North America,1800,2025,SPM,polity,0,1,1
TCA-1800-2025,Turks and Caicos Islands,dependency,North America,1800,2025,TCA,polity,0,1,1
VIR-1917-2025,United States Virgin Islands,dependency,North America,1917,2025,VIR,polity,0,1,1
ABW-1986-2025,Aruba,dependency,North America,1986,2025,ABW,polity,0,1,1
ANT-1986-2010,Netherlands Antilles,dependency,North America,1986,2010,ANT,polity,1,1,2
ALA-2003-2025,Åland Islands,dependency,North America,2003,2025,ALA,polity,0,1,1
MAF-2007-2025,Saint Martin (French part),dependency,North America,2007,2025,MAF,polity,1,1,2
BES-2010-2025,"Bonaire, Sint Eustatius and Saba",dependency,North America,2010,2025,BES,polity,0,1,1
SXM-2010-2025,Sint Maarten (Dutch part),dependency,North America,2010,2025,SXM,polity,1,1,2
DAN-1800-2025,Danish Virgin Islands,aggregate,North America,1800,2025,DAN,polity,0,3,3
DUT-1800-2025,Dutch West Indies (Netherland Antilles),aggregate,North America,1800,2025,DUT,polity,0,1,1
NFL-1816-2025,Newfoundland,aggregate,North America,1816,2025,NFL,polity,0,1,1
KIR-1800-2025,Kiribati,sovereign,Oceania,1800,2025,KIR,polity,2,1,3
TON-1800-2025,Tonga,sovereign,Oceania,1800,2025,TON,polity,2,1,3
TUV-1800-2025,Tuvalu,sovereign,Oceania,1800,2025,TUV,polity,2,1,3
VUT-1800-2025,Vanuatu,sovereign,Oceania,1800,2025,VUT,polity,2,1,3
FJI-1874-2025,Fiji,sovereign,Oceania,1874,2025,FJI,polity,2,1,3
MHL-1874-2025,Marshall Islands,sovereign,Oceania,1874,2025,MHL,polity,2,1,3
SLB-1885-2025,Solomon Islands,sovereign,Oceania,1885,2025,SLB,polity,2,1,3
NRU-1888-2025,Nauru,sovereign,Oceania,1888,2025,NRU,polity,2,1,3
WSM-1900-2025,Samoa,sovereign,Oceania,1900,2025,WSM,polity,2,1,3
AUS-1901-2025,Australia,sovereign,Oceania,1901,2025,AUS,polity,13,1,14
NZL-1907-2025,New Zealand,sovereign,Oceania,1907,2025,NZL,polity,5,1,6
PNG-1975-2025,Papua New Guinea,sovereign,Oceania,1975,2025,PNG,polity,2,1,3
FSM-1991-2025,Micronesia,sovereign,Oceania,1991,2025,FSM,polity,3,1,4
PLW-1991-2025,Palau,sovereign,Oceania,1991,2025,PLW,polity,2,1,3
NEW-1884-1920,New Guinea (to 1920),historical,Oceania,1884,1920,NEW,polity,0,5,5
NEW-1800-1900,New South Wales (to 1900),historical,Oceania,1800,1900,NEW,polity,0,1,1
PAP-1800-1949,Papua (to 1949),historical,Oceania,1800,1949,PAP,polity,0,1,1
QUE-1859-1900,Queensland (to 1900),historical,Oceania,1859,1900,QUE,polity,0,2,2
SOU-1836-1900,South Australia (to 1900),historical,Oceania,1836,1900,SOU,polity,0,1,1
TAS-1825-1900,Van Diemen's Land (Tasmania) (to 1900),historical,Oceania,1825,1900,TAS,polity,0,1,1
VIC-1851-1900,Victoria (to 1900),historical,Oceania,1851,1900,VIC,polity,0,1,1
WES-1829-1900,Western Australia (to 1900),historical,Oceania,1829,1900,WES,polity,0,1,1
VAN-1828-1900,Van Diemen's Land (Tasmania),historical,Oceania,1828,1900,VAN,polity,0,1,1
SOU-1838-1900,South Australia,historical,Oceania,1838,1900,SOU,polity,0,4,4
WES-1838-1900,Western Australia,historical,Oceania,1838,1900,WES,polity,0,1,1
MRQ-1844-1903,Marquesas Island,historical,Oceania,1844,1903,MRQ,polity,0,1,1
SOC-1844-1903,Society Islands  (Tahiti),historical,Oceania,1844,1903,SOC,polity,0,1,1
BON-1846-1873,Bonin island,historical,Oceania,1846,1873,BON,polity,0,1,1
VIC-1853-1900,Victoria,historical,Oceania,1853,1900,VIC,polity,0,1,1
QUE-1859-1900,Queensland,historical,Oceania,1859,1900,QUE,polity,0,0,0
GAM-1881-1903,Gambier Island,historical,Oceania,1881,1903,GAM,polity,0,1,1
PAL-1889-1912,Palmyra Island,historical,Oceania,1889,1912,PAL,polity,0,1,1
SOL-1893-1899,Solomon Islands (1893-1899),historical,Oceania,1893,1899,SOL,polity,0,1,1
HAW-1898-1959,Hawaii (1898-1959),historical,Oceania,1898,1959,HAW,polity,0,1,1
GER-1885-1899,German Solomon Islands (to 1899),colonial,Oceania,1885,1899,GER,polity,3,1,4
WES-1949-1969,Dutch new Guinea (1949-1969),colonial,Oceania,1949,1969,WES,polity,1,1,2
CXR-1888-2025,Christmas Island,dependency,Oceania,1888,2025,CXR,polity,0,1,1
CCK-1826-2025,Cocos (Keeling) Islands,dependency,Oceania,1826,2025,CCK,polity,0,1,1
PYF-1800-2025,French Polynesia,dependency,Oceania,1800,2025,PYF,polity,1,1,2
GUM-1800-2025,Guam,dependency,Oceania,1800,2025,GUM,polity,0,1,1
HMD-1833-2025,Heard Island and McDonald Islands,dependency,Oceania,1833,2025,HMD,polity,0,1,1
JTN-1800-1982,Johnston Island,dependency,Oceania,1800,1982,JTN,polity,0,1,1
NFK-1800-1901,Norfolk Island,dependency,Oceania,1800,1901,NFK,polity,0,1,1
UMI-1800-2025,United States Minor Outlying Islands,dependency,Oceania,1800,2025,UMI,polity,0,1,1
UNI-1800-1982,United States miscellaneous Pacific Islands,dependency,Oceania,1800,1982,UNI,polity,0,1,1
PCN-1839-2025,Pitcairn,dependency,Oceania,1839,2025,PCN,polity,0,1,1
WLF-1842-2025,Wallis and Futuna,dependency,Oceania,1842,2025,WLF,polity,0,1,1
NCL-1853-2025,New Caledonia,dependency,Oceania,1853,2025,NCL,polity,0,1,1
MID-1859-1982,Midway Islands,dependency,Oceania,1859,1982,MID,polity,0,1,1
USS-1859-2025,US settlement Oceania,dependency,Oceania,1859,2025,USS,polity,0,1,1
TKL-1877-2025,Tokelau,dependency,Oceania,1877,2025,TKL,polity,0,1,1
COK-1893-2025,Cook Islands,dependency,Oceania,1893,2025,COK,polity,0,1,1
WAK-1898-1982,Wake Island,dependency,Oceania,1898,1982,WAK,polity,0,1,1
ASM-1900-2025,American Samoa,dependency,Oceania,1900,2025,ASM,polity,1,1,2
NIU-1900-2025,Niue,dependency,Oceania,1900,2025,NIU,polity,0,1,1
MNP-1991-2025,Northern Mariana Islands,dependency,Oceania,1991,2025,MNP,polity,0,1,1
F164-1920-1990,Pacific Islands Trust Territory,mandate,Oceania,1920,1990,,polity,0,1,1
NEW-1920-1949,New Guinea (1920-1949),mandate,Oceania,1920,1949,NEW,polity,5,1,6
MRI-1800-2025,Mariana Island,aggregate,Oceania,1800,2025,MRI,polity,0,1,1
BOC-1839-2025,British settlement Oceania,aggregate,Oceania,1839,2025,BOC,polity,0,1,1
FSO-1844-2025,French Settlements in Oceania,aggregate,Oceania,1844,2025,FSO,polity,0,2,2
BNG-1884-2025,British New Guinea,aggregate,Oceania,1884,2025,BNG,polity,0,1,1
GER-1884-2025,German colonies Oceania,aggregate,Oceania,1884,2025,GER,polity,0,6,6
NGN-1884-2025,New Guinea,aggregate,Oceania,1884,2025,NGN,polity,0,1,1
CAR-1885-2025,Caroline Island,aggregate,Oceania,1885,2025,CAR,polity,0,1,1
GIL-1892-2025,Gilbert and Ellice Island,aggregate,Oceania,1892,2025,GIL,polity,0,1,1
DUT-1898-2025,Dutch new Guinea,aggregate,Oceania,1898,2025,DUT,polity,0,1,1
NHB-1906-2025,New Hebrides,aggregate,Oceania,1906,2025,NHB,polity,0,1,1
F5503-1800-2025,Micronesia (Oceania region),region,Oceania,1800,2025,,polity,0,6,6
GUY-1800-2025,Guyana,sovereign,South America,1800,2025,GUY,polity,2,1,3
VEN-1821-2025,Venezuela,sovereign,South America,1821,2025,VEN,polity,2,1,3
URY-1828-2025,Uruguay,sovereign,South America,1828,2025,URY,polity,2,1,3
ARG-1902-2025,Argentina,sovereign,South America,1902,2025,ARG,polity,6,1,7
CHL-1902-2025,Chile,sovereign,South America,1902,2025,CHL,polity,5,1,6
BRA-1909-2025,Brazil,sovereign,South America,1909,2025,BRA,polity,32,1,33
COL-1922-2025,Colombia,sovereign,South America,1922,2025,COL,polity,5,1,6
BOL-1938-2025,Bolivia,sovereign,South America,1938,2025,BOL,polity,5,1,6
PRY-1938-2025,Paraguay,sovereign,South America,1938,2025,PRY,polity,5,1,6
ECU-1942-2025,Ecuador,sovereign,South America,1942,2025,ECU,polity,5,1,6
PER-1942-2025,Peru,sovereign,South America,1942,2025,PER,polity,5,1,6
SUR-1975-2025,Suriname,sovereign,South America,1975,2025,SUR,polity,2,1,3
ARG-1800-1899,Argentina (to 1899),historical,South America,1800,1899,ARG,polity,1,4,5
BRA-1800-1903,Brazil (to 1903),historical,South America,1800,1903,BRA,polity,0,4,4
COL-1800-1903,Colombia (to 1903),aggregate,South America,1800,1903,COL,polity,0,4,4
ECU-1800-1942,Ecuador (to 1942),historical,South America,1800,1942,ECU,polity,0,4,4
CHL-1810-1899,Chile (to 1899),historical,South America,1810,1899,CHL,polity,0,4,4
PRY-1811-1938,Paraguay (to 1938),historical,South America,1811,1938,PRY,polity,0,4,4
BOL-1825-1903,Bolivia (to 1903),historical,South America,1825,1903,BOL,polity,0,4,4
PER-1825-1909,Peru (to 1909),historical,South America,1825,1909,PER,polity,0,4,4
ARG-1899-1902,Argentina (1899-1902),historical,South America,1899,1902,ARG,polity,4,4,8
CHL-1899-1902,Chile (1899-1902),historical,South America,1899,1902,CHL,polity,3,4,7
BOL-1903-1909,Bolivia (1903-1909),historical,South America,1903,1909,BOL,polity,3,4,7
BRA-1903-1909,Brazil (1903-1909),historical,South America,1903,1909,BRA,polity,3,4,7
COL-1903-1922,Colombia (1903-1922),historical,South America,1903,1922,COL,polity,4,4,8
BOL-1909-1938,Bolivia (1909-1938),historical,South America,1909,1938,BOL,polity,3,4,7
PER-1909-1922,Peru (1909-1922),historical,South America,1909,1922,PER,polity,3,4,7
PER-1922-1942,Peru (1922-1942),historical,South America,1922,1942,PER,polity,3,4,7
INI-1930-1946,Inini (1930-1946),colonial,South America,1930,1946,INI,polity,0,1,1
GUF-1800-2025,French Guiana,dependency,South America,1800,2025,GUF,polity,1,1,2
FRE-1800-1930,French Guiana (to 1930),dependency,South America,1800,1930,FRE,polity,1,1,2
SGS-1800-2025,South Georgia and the South Sandwich Islands,dependency,South America,1800,2025,SGS,polity,0,1,1
FLK-1833-2025,Falkland Islands,dependency,South America,1833,2025,FLK,polity,0,1,1
FRE-1930-1946,French Guiana (1930-1946),dependency,South America,1930,1946,FRE,polity,1,1,2
DGU-1800-2025,Dutch Guayana,aggregate,South America,1800,2025,DGU,polity,0,1,1
USAL-1959-2025,Alabama (State),subnational,North America,1959,2025,USA,polity,1,2,3
USAK-1959-2025,Alaska (State),subnational,North America,1959,2025,USA,polity,1,2,3
USAZ-1959-2025,Arizona (State),subnational,North America,1959,2025,USA,polity,1,2,3
USAR-1959-2025,Arkansas (State),subnational,North America,1959,2025,USA,polity,1,2,3
USCA-1959-2025,California (State),subnational,North America,1959,2025,USA,polity,1,2,3
USCO-1959-2025,Colorado (State),subnational,North America,1959,2025,USA,polity,1,2,3
USCT-1959-2025,Connecticut (State),subnational,North America,1959,2025,USA,polity,1,2,3
USDE-1959-2025,Delaware (State),subnational,North America,1959,2025,USA,polity,1,2,3
USDC-1959-2025,District of Columbia (Federal District),subnational,North America,1959,2025,USA,polity,1,2,3
USFL-1959-2025,Florida (State),subnational,North America,1959,2025,USA,polity,1,2,3
USGA-1959-2025,Georgia (State),subnational,North America,1959,2025,USA,polity,1,2,3
USHI-1959-2025,Hawaii (State),subnational,North America,1959,2025,USA,polity,1,2,3
USID-1959-2025,Idaho (State),subnational,North America,1959,2025,USA,polity,1,2,3
USIL-1959-2025,Illinois (State),subnational,North America,1959,2025,USA,polity,1,2,3
USIN-1959-2025,Indiana (State),subnational,North America,1959,2025,USA,polity,1,2,3
USIA-1959-2025,Iowa (State),subnational,North America,1959,2025,USA,polity,1,2,3
USKS-1959-2025,Kansas (State),subnational,North America,1959,2025,USA,polity,1,2,3
USKY-1959-2025,Kentucky (State),subnational,North America,1959,2025,USA,polity,1,2,3
USLA-1959-2025,Louisiana (State),subnational,North America,1959,2025,USA,polity,1,2,3
USME-1959-2025,Maine (State),subnational,North America,1959,2025,USA,polity,1,2,3
USMD-1959-2025,Maryland (State),subnational,North America,1959,2025,USA,polity,1,2,3
USMA-1959-2025,Massachusetts (State),subnational,North America,1959,2025,USA,polity,1,2,3
USMI-1959-2025,Michigan (State),subnational,North America,1959,2025,USA,polity,1,2,3
USMN-1959-2025,Minnesota (State),subnational,North America,1959,2025,USA,polity,1,2,3
USMS-1959-2025,Mississippi (State),subnational,North America,1959,2025,USA,polity,1,2,3
USMO-1959-2025,Missouri (State),subnational,North America,1959,2025,USA,polity,1,2,3
USMT-1959-2025,Montana (State),subnational,North America,1959,2025,USA,polity,1,2,3
USNE-1959-2025,Nebraska (State),subnational,North America,1959,2025,USA,polity,1,2,3
USNV-1959-2025,Nevada (State),subnational,North America,1959,2025,USA,polity,1,2,3
USNH-1959-2025,New Hampshire (State),subnational,North America,1959,2025,USA,polity,1,2,3
USNJ-1959-2025,New Jersey (State),subnational,North America,1959,2025,USA,polity,1,2,3
USNM-1959-2025,New Mexico (State),subnational,North America,1959,2025,USA,polity,1,2,3
USNY-1959-2025,New York (State),subnational,North America,1959,2025,USA,polity,1,2,3
USNC-1959-2025,North Carolina (State),subnational,North America,1959,2025,USA,polity,1,2,3
USND-1959-2025,North Dakota (State),subnational,North America,1959,2025,USA,polity,1,2,3
USOH-1959-2025,Ohio (State),subnational,North America,1959,2025,USA,polity,1,2,3
USOK-1959-2025,Oklahoma (State),subnational,North America,1959,2025,USA,polity,1,2,3
USOR-1959-2025,Oregon (State),subnational,North America,1959,2025,USA,polity,1,2,3
USPA-1959-2025,Pennsylvania (State),subnational,North America,1959,2025,USA,polity,1,2,3
USRI-1959-2025,Rhode Island (State),subnational,North America,1959,2025,USA,polity,1,2,3
USSC-1959-2025,South Carolina (State),subnational,North America,1959,2025,USA,polity,1,2,3
USSD-1959-2025,South Dakota (State),subnational,North America,1959,2025,USA,polity,1,2,3
USTN-1959-2025,Tennessee (State),subnational,North America,1959,2025,USA,polity,1,2,3
USTX-1959-2025,Texas (State),subnational,North America,1959,2025,USA,polity,1,2,3
USUT-1959-2025,Utah (State),subnational,North America,1959,2025,USA,polity,1,2,3
USVT-1959-2025,Vermont (State),subnational,North America,1959,2025,USA,polity,1,2,3
USVA-1959-2025,Virginia (State),subnational,North America,1959,2025,USA,polity,1,2,3
USWA-1959-2025,Washington (State),subnational,North America,1959,2025,USA,polity,1,2,3
USWV-1959-2025,West Virginia (State),subnational,North America,1959,2025,USA,polity,1,2,3
USWI-1959-2025,Wisconsin (State),subnational,North America,1959,2025,USA,polity,1,2,3
USWY-1959-2025,Wyoming (State),subnational,North America,1959,2025,USA,polity,1,2,3
CAAB-1999-2025,Alberta (Province),subnational,North America,1999,2025,CAN,polity,0,2,2
CABC-1999-2025,British Columbia (Province),subnational,North America,1999,2025,CAN,polity,0,2,2
CAMB-1999-2025,Manitoba (Province),subnational,North America,1999,2025,CAN,polity,0,2,2
CANB-1999-2025,New Brunswick (Province),subnational,North America,1999,2025,CAN,polity,0,2,2
CANF-1999-2025,Newfoundland and Labrador (Province),subnational,North America,1999,2025,CAN,polity,0,2,2
CANT-1999-2025,Northwest Territories (Territory),subnational,North America,1999,2025,CAN,polity,0,2,2
CANS-1999-2025,Nova Scotia (Province),subnational,North America,1999,2025,CAN,polity,0,2,2
CANU-1999-2025,Nunavut (Territory),subnational,North America,1999,2025,CAN,polity,0,2,2
CAON-1999-2025,Ontario (Province),subnational,North America,1999,2025,CAN,polity,0,2,2
CAPE-1999-2025,Prince Edward Island (Province),subnational,North America,1999,2025,CAN,polity,0,2,2
CAQC-1999-2025,Québec (Province),subnational,North America,1999,2025,CAN,polity,0,2,2
CASK-1999-2025,Saskatchewan (Province),subnational,North America,1999,2025,CAN,polity,0,2,2
CAYT-1999-2025,Yukon (Territory),subnational,North America,1999,2025,CAN,polity,0,2,2
BRAC-1988-2025,Acre (State),subnational,South America,1988,2025,BRA,polity,1,2,3
BRAL-1988-2025,Alagoas (State),subnational,South America,1988,2025,BRA,polity,1,2,3
BRAP-1988-2025,Amapá (State),subnational,South America,1988,2025,BRA,polity,1,2,3
BRAM-1988-2025,Amazonas (State),subnational,South America,1988,2025,BRA,polity,1,2,3
BRBA-1988-2025,Bahia (State),subnational,South America,1988,2025,BRA,polity,1,2,3
BRCE-1988-2025,Ceará (State),subnational,South America,1988,2025,BRA,polity,1,2,3
BRDF-1988-2025,Distrito Federal (Federal District),subnational,South America,1988,2025,BRA,polity,1,2,3
BRES-1988-2025,Espírito Santo (State),subnational,South America,1988,2025,BRA,polity,1,2,3
BRGO-1988-2025,Goiás (State),subnational,South America,1988,2025,BRA,polity,1,2,3
BRMA-1988-2025,Maranhão (State),subnational,South America,1988,2025,BRA,polity,1,2,3
BRMT-1988-2025,Mato Grosso (State),subnational,South America,1988,2025,BRA,polity,1,2,3
BRMS-1988-2025,Mato Grosso do Sul (State),subnational,South America,1988,2025,BRA,polity,1,2,3
BRMG-1988-2025,Minas Gerais (State),subnational,South America,1988,2025,BRA,polity,1,2,3
BRPR-1988-2025,Paraná (State),subnational,South America,1988,2025,BRA,polity,1,2,3
BRPB-1988-2025,Paraíba (State),subnational,South America,1988,2025,BRA,polity,1,2,3
BRPA-1988-2025,Pará (State),subnational,South America,1988,2025,BRA,polity,1,2,3
BRPE-1988-2025,Pernambuco (State),subnational,South America,1988,2025,BRA,polity,1,2,3
BRPI-1988-2025,Piauí (State),subnational,South America,1988,2025,BRA,polity,1,2,3
BRRN-1988-2025,Rio Grande do Norte (State),subnational,South America,1988,2025,BRA,polity,1,2,3
BRRS-1988-2025,Rio Grande do Sul (State),subnational,South America,1988,2025,BRA,polity,1,2,3
BRRJ-1988-2025,Rio de Janeiro (State),subnational,South America,1988,2025,BRA,polity,1,2,3
BRRO-1988-2025,Rondônia (State),subnational,South America,1988,2025,BRA,polity,1,2,3
BRRR-1988-2025,Roraima (State),subnational,South America,1988,2025,BRA,polity,1,2,3
BRSC-1988-2025,Santa Catarina (State),subnational,South America,1988,2025,BRA,polity,1,2,3
BRSE-1988-2025,Sergipe (State),subnational,South America,1988,2025,BRA,polity,1,2,3
BRSP-1988-2025,São Paulo (State),subnational,South America,1988,2025,BRA,polity,1,2,3
BRTO-1988-2025,Tocantins (State),subnational,South America,1988,2025,BRA,polity,0,2,2
AUAS-1901-2025,Ashmore and Cartier Islands (Territory),subnational,Oceania,1901,2025,AUS,polity,0,2,2
AUAC-1901-2025,Australian Capital Territory (Territory),subnational,Oceania,1901,2025,AUS,polity,0,2,2
AUCR-1901-2025,Coral Sea Islands Territory (Territory),subnational,Oceania,1901,2025,AUS,polity,0,2,2
AUJB-1901-2025,Jervis Bay Territory (Territory),subnational,Oceania,1901,2025,AUS,polity,0,2,2
AUNS-1901-2025,New South Wales (State),subnational,Oceania,1901,2025,AUS,polity,0,2,2
AUNT-1901-2025,Northern Territory (Territory),subnational,Oceania,1901,2025,AUS,polity,0,2,2
AUQL-1901-2025,Queensland (State),subnational,Oceania,1901,2025,AUS,polity,0,2,2
AUSA-1901-2025,South Australia (State),subnational,Oceania,1901,2025,AUS,polity,0,2,2
AUTS-1901-2025,Tasmania (State),subnational,Oceania,1901,2025,AUS,polity,0,2,2
AUVI-1901-2025,Victoria (State),subnational,Oceania,1901,2025,AUS,polity,0,2,2
AUWA-1901-2025,Western Australia (State),subnational,Oceania,1901,2025,AUS,polity,0,2,2
CNAH-1997-2025,Anhui (Province),subnational,Asia,1997,2025,CHN,polity,0,2,2
CNBJ-1997-2025,Beijing (Municipality),subnational,Asia,1997,2025,CHN,polity,0,2,2
CNCQ-1997-2025,Chongqing (Municipality),subnational,Asia,1997,2025,CHN,polity,0,2,2
CNFJ-1997-2025,Fujian (Province),subnational,Asia,1997,2025,CHN,polity,0,2,2
CNGS-1997-2025,Gansu (Province),subnational,Asia,1997,2025,CHN,polity,0,2,2
CNGD-1997-2025,Guangdong (Province),subnational,Asia,1997,2025,CHN,polity,0,2,2
CNGX-1997-2025,Guangxi (Autonomous Region),subnational,Asia,1997,2025,CHN,polity,0,2,2
CNGZ-1997-2025,Guizhou (Province),subnational,Asia,1997,2025,CHN,polity,0,2,2
CNHA-1997-2025,Hainan (Province),subnational,Asia,1997,2025,CHN,polity,0,2,2
CNHB-1997-2025,Hebei (Province),subnational,Asia,1997,2025,CHN,polity,0,2,2
CNHL-1997-2025,Heilongjiang (Province),subnational,Asia,1997,2025,CHN,polity,0,2,2
CNHE-1997-2025,Henan (Province),subnational,Asia,1997,2025,CHN,polity,0,2,2
CNHU-1997-2025,Hubei (Province),subnational,Asia,1997,2025,CHN,polity,0,2,2
CNHN-1997-2025,Hunan (Province),subnational,Asia,1997,2025,CHN,polity,0,2,2
CNJS-1997-2025,Jiangsu (Province),subnational,Asia,1997,2025,CHN,polity,0,2,2
CNJX-1997-2025,Jiangxi (Province),subnational,Asia,1997,2025,CHN,polity,0,2,2
CNJL-1997-2025,Jilin (Province),subnational,Asia,1997,2025,CHN,polity,0,2,2
CNLN-1997-2025,Liaoning (Province),subnational,Asia,1997,2025,CHN,polity,0,2,2
CNNM-1997-2025,Nei Mongol (Autonomous Region),subnational,Asia,1997,2025,CHN,polity,0,2,2
CNNX-1997-2025,Ningxia Hui (Autonomous Region),subnational,Asia,1997,2025,CHN,polity,0,2,2
CNQH-1997-2025,Qinghai (Province),subnational,Asia,1997,2025,CHN,polity,0,2,2
CNSA-1997-2025,Shaanxi (Province),subnational,Asia,1997,2025,CHN,polity,0,2,2
CNSD-1997-2025,Shandong (Province),subnational,Asia,1997,2025,CHN,polity,0,2,2
CNSH-1997-2025,Shanghai (Municipality),subnational,Asia,1997,2025,CHN,polity,0,2,2
CNSX-1997-2025,Shanxi (Province),subnational,Asia,1997,2025,CHN,polity,0,2,2
CNSC-1997-2025,Sichuan (Province),subnational,Asia,1997,2025,CHN,polity,0,2,2
CNTJ-1997-2025,Tianjin (Municipality),subnational,Asia,1997,2025,CHN,polity,0,2,2
CNXJ-1997-2025,Xinjiang Uygur (Autonomous Region),subnational,Asia,1997,2025,CHN,polity,0,2,2
CNXZ-1997-2025,Xizang (Autonomous Region),subnational,Asia,1997,2025,CHN,polity,0,2,2
CNYN-1997-2025,Yunnan (Province),subnational,Asia,1997,2025,CHN,polity,0,2,2
CNZJ-1997-2025,Zhejiang (Province),subnational,Asia,1997,2025,CHN,polity,0,2,2
RUAD-1993-2025,Adygey (Republic),subnational,Europe,1993,2025,RUS,polity,0,2,2
RUAL-1993-2025,Altay (Territory),subnational,Europe,1993,2025,RUS,polity,0,2,2
RUAM-1993-2025,Amur (Region),subnational,Europe,1993,2025,RUS,polity,0,2,2
RUAR-1993-2025,Arkhangel'sk (Region),subnational,Europe,1993,2025,RUS,polity,0,2,2
RUAS-1993-2025,Astrakhan' (Region),subnational,Europe,1993,2025,RUS,polity,0,2,2
RUBK-1993-2025,Bashkortostan (Republic),subnational,Europe,1993,2025,RUS,polity,0,2,2
RUBL-1993-2025,Belgorod (Region),subnational,Europe,1993,2025,RUS,polity,0,2,2
RUBR-1993-2025,Bryansk (Region),subnational,Europe,1993,2025,RUS,polity,0,2,2
RUBU-1993-2025,Buryat (Republic),subnational,Europe,1993,2025,RUS,polity,0,2,2
RUCN-1993-2025,Chechnya (Republic),subnational,Europe,1993,2025,RUS,polity,0,2,2
RUCL-1993-2025,Chelyabinsk (Region),subnational,Europe,1993,2025,RUS,polity,0,2,2
RUCK-1993-2025,Chukot (Autonomous Province),subnational,Europe,1993,2025,RUS,polity,0,2,2
RUCV-1993-2025,Chuvash (Republic),subnational,Europe,1993,2025,RUS,polity,0,2,2
RUSP-1993-2025,City of St. Petersburg (City),subnational,Europe,1993,2025,RUS,polity,0,2,2
RUDA-1993-2025,Dagestan (Republic),subnational,Europe,1993,2025,RUS,polity,0,2,2
RUGA-1993-2025,Gorno-Altay (Republic),subnational,Europe,1993,2025,RUS,polity,0,2,2
RUIN-1993-2025,Ingush (Republic),subnational,Europe,1993,2025,RUS,polity,0,2,2
RUIK-1993-2025,Irkutsk (Region),subnational,Europe,1993,2025,RUS,polity,0,2,2
RUIV-1993-2025,Ivanovo (Region),subnational,Europe,1993,2025,RUS,polity,0,2,2
RUKB-1993-2025,Kabardin-Balkar (Republic),subnational,Europe,1993,2025,RUS,polity,0,2,2
RUKN-1993-2025,Kaliningrad (Region),subnational,Europe,1993,2025,RUS,polity,0,2,2
RUKL-1993-2025,Kalmyk (Republic),subnational,Europe,1993,2025,RUS,polity,0,2,2
RUKG-1993-2025,Kaluga (Region),subnational,Europe,1993,2025,RUS,polity,0,2,2
RUKQ-1993-2025,Kamchatka (Territory),subnational,Europe,1993,2025,RUS,polity,0,2,2
RUKC-1993-2025,Karachay-Cherkess (Republic),subnational,Europe,1993,2025,RUS,polity,0,2,2
RUKI-1993-2025,Karelia (Republic),subnational,Europe,1993,2025,RUS,polity,0,2,2
RUKE-1993-2025,Kemerovo (Region),subnational,Europe,1993,2025,RUS,polity,0,2,2
RUKH-1993-2025,Khabarovsk (Territory),subnational,Europe,1993,2025,RUS,polity,0,2,2
RUKK-1993-2025,Khakass (Republic),subnational,Europe,1993,2025,RUS,polity,0,2,2
RUKM-1993-2025,Khanty-Mansiy (Autonomous Province),subnational,Europe,1993,2025,RUS,polity,0,2,2
RUKV-1993-2025,Kirov (Region),subnational,Europe,1993,2025,RUS,polity,0,2,2
RUKO-1993-2025,Komi (Republic),subnational,Europe,1993,2025,RUS,polity,0,2,2
RUKT-1993-2025,Kostroma (Region),subnational,Europe,1993,2025,RUS,polity,0,2,2
RUKD-1993-2025,Krasnodar (Territory),subnational,Europe,1993,2025,RUS,polity,0,2,2
RUKX-1993-2025,Krasnoyarsk (Territory),subnational,Europe,1993,2025,RUS,polity,0,2,2
RUKU-1993-2025,Kurgan (Region),subnational,Europe,1993,2025,RUS,polity,0,2,2
RUKS-1993-2025,Kursk (Region),subnational,Europe,1993,2025,RUS,polity,0,2,2
RULN-1993-2025,Leningrad (Region),subnational,Europe,1993,2025,RUS,polity,0,2,2
RULP-1993-2025,Lipetsk (Region),subnational,Europe,1993,2025,RUS,polity,0,2,2
RUMG-1993-2025,Maga Buryatdan (Region),subnational,Europe,1993,2025,RUS,polity,0,2,2
RUME-1993-2025,Mariy-El (Republic),subnational,Europe,1993,2025,RUS,polity,0,2,2
RUMR-1993-2025,Mordovia (Republic),subnational,Europe,1993,2025,RUS,polity,0,2,2
RUMW-1993-2025,Moscow City (City),subnational,Europe,1993,2025,RUS,polity,0,2,2
RUMS-1993-2025,Moskva (Region),subnational,Europe,1993,2025,RUS,polity,0,2,2
RUMM-1993-2025,Murmansk (Region),subnational,Europe,1993,2025,RUS,polity,0,2,2
RUNN-1993-2025,Nenets (Autonomous Province),subnational,Europe,1993,2025,RUS,polity,0,2,2
RUNZ-1993-2025,Nizhegorod (Region),subnational,Europe,1993,2025,RUS,polity,0,2,2
RUNO-1993-2025,North Ossetia (Republic),subnational,Europe,1993,2025,RUS,polity,0,2,2
RUNG-1993-2025,Novgorod (Region),subnational,Europe,1993,2025,RUS,polity,0,2,2
RUNS-1993-2025,Novosibirsk (Region),subnational,Europe,1993,2025,RUS,polity,0,2,2
RUOM-1993-2025,Omsk (Region),subnational,Europe,1993,2025,RUS,polity,0,2,2
RUOL-1993-2025,Orel (Region),subnational,Europe,1993,2025,RUS,polity,0,2,2
RUOB-1993-2025,Orenburg (Region),subnational,Europe,1993,2025,RUS,polity,0,2,2
RUPZ-1993-2025,Penza (Region),subnational,Europe,1993,2025,RUS,polity,0,2,2
RUPE-1993-2025,Perm' (Territory),subnational,Europe,1993,2025,RUS,polity,0,2,2
RUPR-1993-2025,Primor'ye (Territory),subnational,Europe,1993,2025,RUS,polity,0,2,2
RUPS-1993-2025,Pskov (Region),subnational,Europe,1993,2025,RUS,polity,0,2,2
RURO-1993-2025,Rostov (Region),subnational,Europe,1993,2025,RUS,polity,0,2,2
RURZ-1993-2025,Ryazan' (Region),subnational,Europe,1993,2025,RUS,polity,0,2,2
RUSK-1993-2025,Sakha (Republic),subnational,Europe,1993,2025,RUS,polity,0,2,2
RUSL-1993-2025,Sakhalin (Region),subnational,Europe,1993,2025,RUS,polity,0,2,2
RUSA-1993-2025,Samara (Region),subnational,Europe,1993,2025,RUS,polity,0,2,2
RUSR-1993-2025,Saratov (Region),subnational,Europe,1993,2025,RUS,polity,0,2,2
RUSM-1993-2025,Smolensk (Region),subnational,Europe,1993,2025,RUS,polity,0,2,2
RUST-1993-2025,Stavropol' (Territory),subnational,Europe,1993,2025,RUS,polity,0,2,2
RUSV-1993-2025,Sverdlovsk (Region),subnational,Europe,1993,2025,RUS,polity,0,2,2
RUTB-1993-2025,Tambov (Region),subnational,Europe,1993,2025,RUS,polity,0,2,2
RUTT-1993-2025,Tatarstan (Republic),subnational,Europe,1993,2025,RUS,polity,0,2,2
RUTO-1993-2025,Tomsk (Region),subnational,Europe,1993,2025,RUS,polity,0,2,2
RUTL-1993-2025,Tula (Region),subnational,Europe,1993,2025,RUS,polity,0,2,2
RUTU-1993-2025,Tuva (Republic),subnational,Europe,1993,2025,RUS,polity,0,2,2
RUTV-1993-2025,Tver' (Region),subnational,Europe,1993,2025,RUS,polity,0,2,2
RUTY-1993-2025,Tyumen' (Region),subnational,Europe,1993,2025,RUS,polity,0,2,2
RUUD-1993-2025,Udmurt (Republic),subnational,Europe,1993,2025,RUS,polity,0,2,2
RUUL-1993-2025,Ul'yanovsk (Region),subnational,Europe,1993,2025,RUS,polity,0,2,2
RUVL-1993-2025,Vladimir (Region),subnational,Europe,1993,2025,RUS,polity,0,2,2
RUVG-1993-2025,Volgograd (Region),subnational,Europe,1993,2025,RUS,polity,0,2,2
RUVO-1993-2025,Vologda (Region),subnational,Europe,1993,2025,RUS,polity,0,2,2
RUVR-1993-2025,Voronezh (Region),subnational,Europe,1993,2025,RUS,polity,0,2,2
RUYN-1993-2025,Yamal-Nenets (Autonomous Province),subnational,Europe,1993,2025,RUS,polity,0,2,2
RUYS-1993-2025,Yaroslavl' (Region),subnational,Europe,1993,2025,RUS,polity,0,2,2
RUYV-1993-2025,Yevrey (Autonomous Region),subnational,Europe,1993,2025,RUS,polity,0,2,2
RUZB-1993-2025,Zabaykal'ye (Territory),subnational,Europe,1993,2025,RUS,polity,0,2,2
ASH-1800-1896,Ashanti Empire,historical,Africa,1800,1896,,polity,0,3,3
SOK-1804-1903,Sokoto Caliphate,historical,Africa,1804,1903,,polity,1,3,4
DHY-1800-1894,Kingdom of Dahomey,historical,Africa,1800,1894,,polity,0,5,5
ZUL-1816-1879,Zulu Kingdom,historical,Africa,1816,1879,,polity,0,5,5
BNU-1800-1893,Bornu Empire,historical,Africa,1800,1893,,polity,0,3,3
WAD-1800-1912,Wadai Empire,historical,Africa,1800,1912,,polity,0,4,4
DFR-1800-1874,Sultanate of Darfur,historical,Africa,1800,1874,,polity,0,2,2
BGA-1800-1894,Kingdom of Buganda,historical,Africa,1800,1894,,polity,0,5,5
BNY-1800-1899,Kingdom of Bunyoro,historical,Africa,1800,1899,,polity,0,4,4
BKN-1800-1897,Kingdom of Benin,historical,Africa,1800,1897,,polity,0,3,3
LBA-1800-1885,Luba Empire,historical,Africa,1800,1885,,polity,0,5,5
LND-1800-1887,Lunda Empire,historical,Africa,1800,1887,,polity,0,3,3
FTJ-1800-1896,Imamate of Futa Jallon,historical,Africa,1800,1896,,polity,0,3,3
NDB-1823-1894,Ndebele Kingdom,historical,Africa,1823,1894,,polity,0,5,5
GZE-1824-1895,Gaza Empire,historical,Africa,1824,1895,,polity,0,2,2
OYO-1800-1836,Oyo Empire,historical,Africa,1800,1836,,polity,0,3,3
RWK-1800-1890,Kingdom of Rwanda,historical,Africa,1800,1890,,polity,0,5,5
BDK-1800-1890,Kingdom of Burundi,historical,Africa,1800,1890,,polity,0,5,5
LST-1822-1868,Basotho Kingdom,historical,Africa,1822,1868,,polity,0,3,3
SWK-1800-1894,Swazi Kingdom,historical,Africa,1800,1894,,polity,0,3,3
LZI-1800-1890,Lozi Kingdom (Barotseland),historical,Africa,1800,1890,,polity,0,2,2
BRG-1800-1897,Borgu Confederacy,historical,Africa,1800,1897,,polity,0,2,2
DGM-1800-1899,Kingdom of Dagbon (Dagomba),historical,Africa,1800,1899,,polity,0,2,2
MOS-1800-1897,Mossi Kingdoms,historical,Africa,1800,1897,,polity,0,3,3
DMG-1800-1899,Sultanate of Damagaram,historical,Africa,1800,1899,,polity,0,2,2
GOB-1800-1808,Kingdom of Gobir,historical,Africa,1800,1808,,polity,0,2,2
PNV-1800-1882,Kingdom of Porto-Novo,historical,Africa,1800,1882,,polity,0,2,2
BND-1800-1887,Kingdom of Bundu,historical,Africa,1800,1887,,polity,0,2,2
FTT-1800-1862,Imamate of Futa Toro,historical,Africa,1800,1862,,polity,0,2,2
IGL-1800-1901,Igala Kingdom,historical,Africa,1800,1901,,polity,0,2,2
WLO-1800-1855,Kingdom of Waalo,historical,Africa,1800,1855,,polity,0,2,2
CAY-1800-1886,Kingdom of Cayor,historical,Africa,1800,1886,,polity,0,3,3
SNE-1800-1887,Kingdom of Sine,historical,Africa,1800,1887,,polity,0,2,2
JOL-1800-1890,Kingdom of Jolof,historical,Africa,1800,1890,,polity,0,2,2
SLM-1800-1887,Kingdom of Saloum,historical,Africa,1800,1887,,polity,0,2,2
NKR-1800-1901,Kingdom of Nkore (Ankole),historical,Africa,1800,1901,,polity,0,4,4
KSJ-1800-1911,Kingdom of Kasanje,historical,Africa,1800,1911,,polity,0,2,2
TUN-1800-1881,Beylik of Tunis,historical,Africa,1800,1881,TUN,polity,0,4,4
BMB-1800-1899,Bemba Kingdom,historical,Africa,1800,1899,,polity,0,3,3
IBD-1829-1893,Ibadan City-State,historical,Africa,1829,1893,,polity,2,2,4
EGB-1830-1914,Egba United Government (Abeokuta),historical,Africa,1830,1914,,polity,0,2,2
IJB-1800-1892,Ijebu Kingdom,historical,Africa,1800,1892,,polity,0,2,2
KZM-1800-1899,Kingdom of Kazembe,historical,Africa,1800,1899,,polity,0,2,2
CNXZ-1820-1912,Xizang (Tibet),subnational,Asia,1820,1912,CHN,polity,0,2,2
CNXJ-1820-1912,Xinjiang (Province),subnational,Asia,1820,1912,CHN,polity,0,2,2
CNSJ-1820-1912,Shengjing (Manchuria),subnational,Asia,1820,1912,CHN,polity,0,2,2
CNYN-1820-1912,Yunnan (Province),subnational,Asia,1820,1912,CHN,polity,0,2,2
CNHL-1820-1912,Heilongjiang (Manchuria),subnational,Asia,1820,1912,CHN,polity,0,2,2
CNJL-1820-1912,Jilin (Manchuria),subnational,Asia,1820,1912,CHN,polity,0,2,2
CNWL-1820-1912,Wuliyasutai (Outer Mongolia),subnational,Asia,1820,1912,CHN,polity,0,2,2
CNQH-1820-1912,Qinghai (Province),subnational,Asia,1820,1912,CHN,polity,0,2,2
CNSA-1820-1912,Shaanxi (Province),subnational,Asia,1820,1912,CHN,polity,0,2,2
CNAH-1820-1912,Anhui (Province),subnational,Asia,1820,1912,CHN,polity,0,2,2
CNHU-1820-1912,Hubei (Province),subnational,Asia,1820,1912,CHN,polity,0,2,2
CNHN-1820-1912,Hunan (Province),subnational,Asia,1820,1912,CHN,polity,0,2,2
CNGD-1820-1912,Guangdong (Province),subnational,Asia,1820,1912,CHN,polity,0,2,2
CNFJ-1820-1912,Fujian (Province),subnational,Asia,1820,1912,CHN,polity,0,2,2
CNZJ-1820-1912,Zhejiang (Province),subnational,Asia,1820,1912,CHN,polity,0,2,2
CNZL-1820-1912,Zhili (Province),subnational,Asia,1820,1912,CHN,polity,0,2,2
CNHE-1820-1912,Henan (Province),subnational,Asia,1820,1912,CHN,polity,0,2,2
CNNM-1820-1912,Nei Mongol (Inner Mongolia),subnational,Asia,1820,1912,CHN,polity,0,2,2
CNSX-1820-1912,Shanxi (Province),subnational,Asia,1820,1912,CHN,polity,0,2,2
CNGS-1820-1912,Gansu (Province),subnational,Asia,1820,1912,CHN,polity,0,2,2
CNSC-1820-1912,Sichuan (Province),subnational,Asia,1820,1912,CHN,polity,0,2,2
CNGZ-1820-1912,Guizhou (Province),subnational,Asia,1820,1912,CHN,polity,0,2,2
CNJX-1820-1912,Jiangxi (Province),subnational,Asia,1820,1912,CHN,polity,0,2,2
CNGX-1820-1912,Guangxi (Province),subnational,Asia,1820,1912,CHN,polity,0,2,2
CNSD-1820-1912,Shandong (Province),subnational,Asia,1820,1912,CHN,polity,0,2,2
CNJS-1820-1912,Jiangsu (Province),subnational,Asia,1820,1912,CHN,polity,0,2,2
USAK-1920-1958,Alaska Territory (Territory),subnational,North America,1920,1958,USA,polity,0,3,3
USAL-1820-1958,Alabama (State),subnational,North America,1820,1958,USA,polity,0,3,3
USAR-1850-1958,Arkansas (State),subnational,North America,1850,1958,USA,polity,0,3,3
USAZ-1912-1958,Arizona (State),subnational,North America,1912,1958,USA,polity,0,3,3
USCA-1870-1958,California (State),subnational,North America,1870,1958,USA,polity,0,3,3
USCO-1900-1958,Colorado (State),subnational,North America,1900,1958,USA,polity,0,3,3
USCT-1800-1958,Connecticut (State),subnational,North America,1800,1958,USA,polity,0,3,3
USDC-1800-1958,District of Columbia (Territory),subnational,North America,1800,1958,USA,polity,0,3,3
USDE-1800-1958,Delaware (State),subnational,North America,1800,1958,USA,polity,0,3,3
USFL-1850-1958,Florida (State),subnational,North America,1850,1958,USA,polity,0,3,3
USGA-1800-1958,Georgia (State),subnational,North America,1800,1958,USA,polity,0,3,3
USHI-1900-1958,Hawaii Territory (Territory),subnational,North America,1900,1958,USA,polity,0,3,3
USIA-1850-1958,Iowa (State),subnational,North America,1850,1958,USA,polity,0,3,3
USID-1900-1958,Idaho (State),subnational,North America,1900,1958,USA,polity,0,3,3
USIL-1820-1958,Illinois (State),subnational,North America,1820,1958,USA,polity,0,3,3
USIN-1820-1958,Indiana (State),subnational,North America,1820,1958,USA,polity,0,3,3
USKS-1870-1958,Kansas (State),subnational,North America,1870,1958,USA,polity,0,3,3
USKY-1800-1958,Kentucky (State),subnational,North America,1800,1958,USA,polity,0,3,3
USLA-1820-1958,Louisiana (State),subnational,North America,1820,1958,USA,polity,0,3,3
USMA-1800-1958,Massachusetts (State),subnational,North America,1800,1958,USA,polity,0,3,3
USMD-1800-1958,Maryland (State),subnational,North America,1800,1958,USA,polity,0,3,3
USME-1820-1958,Maine (State),subnational,North America,1820,1958,USA,polity,0,3,3
USMI-1850-1958,Michigan (State),subnational,North America,1850,1958,USA,polity,0,3,3
USMN-1870-1958,Minnesota (State),subnational,North America,1870,1958,USA,polity,0,3,3
USMO-1850-1958,Missouri (State),subnational,North America,1850,1958,USA,polity,0,3,3
USMS-1820-1958,Mississippi (State),subnational,North America,1820,1958,USA,polity,0,3,3
USMT-1900-1958,Montana (State),subnational,North America,1900,1958,USA,polity,0,3,3
USNC-1800-1958,North Carolina (State),subnational,North America,1800,1958,USA,polity,0,3,3
USND-1900-1958,North Dakota (State),subnational,North America,1900,1958,USA,polity,0,3,3
USNE-1870-1958,Nebraska (State),subnational,North America,1870,1958,USA,polity,0,3,3
USNH-1800-1958,New Hampshire (State),subnational,North America,1800,1958,USA,polity,0,3,3
USNJ-1800-1958,New Jersey (State),subnational,North America,1800,1958,USA,polity,0,3,3
USNM-1912-1958,New Mexico (State),subnational,North America,1912,1958,USA,polity,0,3,3
USNV-1870-1958,Nevada (State),subnational,North America,1870,1958,USA,polity,0,3,3
USNY-1800-1958,New York (State),subnational,North America,1800,1958,USA,polity,0,3,3
USOH-1820-1958,Ohio (State),subnational,North America,1820,1958,USA,polity,0,3,3
USOK-1912-1958,Oklahoma (State),subnational,North America,1912,1958,USA,polity,0,3,3
USOR-1870-1958,Oregon (State),subnational,North America,1870,1958,USA,polity,0,3,3
USPA-1800-1958,Pennsylvania (State),subnational,North America,1800,1958,USA,polity,0,3,3
USRI-1800-1958,Rhode Island (State),subnational,North America,1800,1958,USA,polity,0,3,3
USSC-1800-1958,South Carolina (State),subnational,North America,1800,1958,USA,polity,0,3,3
USSD-1900-1958,South Dakota (State),subnational,North America,1900,1958,USA,polity,0,3,3
USTN-1800-1958,Tennessee (State),subnational,North America,1800,1958,USA,polity,0,3,3
USTX-1850-1958,Texas (State),subnational,North America,1850,1958,USA,polity,0,3,3
USUT-1900-1958,Utah (State),subnational,North America,1900,1958,USA,polity,0,3,3
USVA-1800-1958,Virginia (State),subnational,North America,1800,1958,USA,polity,0,3,3
USVT-1800-1958,Vermont (State),subnational,North America,1800,1958,USA,polity,0,3,3
USWA-1900-1958,Washington (State),subnational,North America,1900,1958,USA,polity,0,3,3
USWI-1850-1958,Wisconsin (State),subnational,North America,1850,1958,USA,polity,0,3,3
USWV-1870-1958,West Virginia (State),subnational,North America,1870,1958,USA,polity,0,3,3
USWY-1900-1958,Wyoming (State),subnational,North America,1900,1958,USA,polity,0,3,3
BRAC-1980-1987,Acre (State),subnational,South America,1980,1987,BRA,polity,0,2,2
BRAL-1900-1987,Alagoas (State),subnational,South America,1900,1987,BRA,polity,0,2,2
BRAM-1872-1987,Amazonas (Province),subnational,South America,1872,1987,BRA,polity,0,2,2
BRBA-1872-1987,Bahia (Province),subnational,South America,1872,1987,BRA,polity,0,2,2
BRDF-1980-1987,Brasília (State),subnational,South America,1980,1987,BRA,polity,0,2,2
BRCE-1872-1987,Ceará (Province),subnational,South America,1872,1987,BRA,polity,0,2,2
BRES-1940-1987,Espírito Santo (State),subnational,South America,1940,1987,BRA,polity,0,2,2
BRGO-1940-1987,Goiás (State),subnational,South America,1940,1987,BRA,polity,0,2,2
BRMA-1872-1987,Maranhão (Province),subnational,South America,1872,1987,BRA,polity,0,2,2
BRMT-1940-1987,Mato Grosso (State),subnational,South America,1940,1987,BRA,polity,0,2,2
BRMS-1980-1987,Mato Grosso do Sul (State),subnational,South America,1980,1987,BRA,polity,0,2,2
BRMG-1940-1987,Minas Gerais (State),subnational,South America,1940,1987,BRA,polity,0,2,2
BRPA-1872-1987,Pará (Province),subnational,South America,1872,1987,BRA,polity,0,2,2
BRPB-1940-1987,Paraíba (State),subnational,South America,1940,1987,BRA,polity,0,2,2
BRPR-1872-1987,Paraná (Province),subnational,South America,1872,1987,BRA,polity,0,2,2
BRPE-1872-1987,Pernambuco (Province),subnational,South America,1872,1987,BRA,polity,0,2,2
BRPI-1940-1987,Piauí (State),subnational,South America,1940,1987,BRA,polity,0,2,2
BRRJ-1872-1987,Rio de Janeiro (Province),subnational,South America,1872,1987,BRA,polity,0,2,2
BRRN-1872-1987,Rio Grande do Norte (Province),subnational,South America,1872,1987,BRA,polity,0,2,2
BRRS-1872-1987,Rio Grande do Sul (Province),subnational,South America,1872,1987,BRA,polity,0,2,2
BRSC-1940-1987,Santa Catarina (State),subnational,South America,1940,1987,BRA,polity,0,2,2
BRSP-1872-1987,São Paulo (Province),subnational,South America,1872,1987,BRA,polity,0,2,2
BRSE-1872-1987,Sergipe (Province),subnational,South America,1872,1987,BRA,polity,0,2,2
BRRO-1980-1987,Território de Rondônia (State),subnational,South America,1980,1987,BRA,polity,0,2,2
BRRR-1960-1987,Território de Roraima (State),subnational,South America,1960,1987,BRA,polity,0,2,2
BRAP-1960-1987,Território do Amapá (State),subnational,South America,1960,1987,BRA,polity,0,2,2
ES04-1833-2025,Almería (Province),subnational,Europe,1833,2025,ESP,polity,0,2,2
ES11-1833-2025,Cádiz (Province),subnational,Europe,1833,2025,ESP,polity,0,2,2
ES14-1833-2025,Córdoba (Province),subnational,Europe,1833,2025,ESP,polity,0,2,2
ES18-1833-2025,Granada (Province),subnational,Europe,1833,2025,ESP,polity,0,2,2
ES21-1833-2025,Huelva (Province),subnational,Europe,1833,2025,ESP,polity,0,2,2
ES23-1833-2025,Jaén (Province),subnational,Europe,1833,2025,ESP,polity,0,2,2
ES29-1833-2025,Málaga (Province),subnational,Europe,1833,2025,ESP,polity,0,2,2
ES41-1833-2025,Sevilla (Province),subnational,Europe,1833,2025,ESP,polity,0,2,2
ES22-1833-2025,Huesca (Province),subnational,Europe,1833,2025,ESP,polity,0,2,2
ES44-1833-2025,Teruel (Province),subnational,Europe,1833,2025,ESP,polity,0,2,2
ES50-1833-2025,Zaragoza (Province),subnational,Europe,1833,2025,ESP,polity,0,2,2
ES33-1833-2025,Asturias (Province),subnational,Europe,1833,2025,ESP,polity,0,2,2
ES07-1833-2025,Baleares (Province),subnational,Europe,1833,2025,ESP,polity,0,2,2
ES35-1833-2025,Las Palmas (Province),subnational,Europe,1833,2025,ESP,polity,0,2,2
ES38-1833-2025,Santa Cruz de Tenerife (Province),subnational,Europe,1833,2025,ESP,polity,0,2,2
ES39-1833-2025,Cantabria (Province),subnational,Europe,1833,2025,ESP,polity,0,2,2
ES05-1833-2025,Ávila (Province),subnational,Europe,1833,2025,ESP,polity,0,2,2
ES09-1833-2025,Burgos (Province),subnational,Europe,1833,2025,ESP,polity,0,2,2
ES24-1833-2025,León (Province),subnational,Europe,1833,2025,ESP,polity,0,2,2
ES34-1833-2025,Palencia (Province),subnational,Europe,1833,2025,ESP,polity,0,2,2
ES37-1833-2025,Salamanca (Province),subnational,Europe,1833,2025,ESP,polity,0,2,2
ES40-1833-2025,Segovia (Province),subnational,Europe,1833,2025,ESP,polity,0,2,2
ES42-1833-2025,Soria (Province),subnational,Europe,1833,2025,ESP,polity,0,2,2
ES47-1833-2025,Valladolid (Province),subnational,Europe,1833,2025,ESP,polity,0,2,2
ES49-1833-2025,Zamora (Province),subnational,Europe,1833,2025,ESP,polity,0,2,2
ES02-1833-2025,Albacete (Province),subnational,Europe,1833,2025,ESP,polity,0,2,2
ES13-1833-2025,Ciudad Real (Province),subnational,Europe,1833,2025,ESP,polity,0,2,2
ES16-1833-2025,Cuenca (Province),subnational,Europe,1833,2025,ESP,polity,0,2,2
ES19-1833-2025,Guadalajara (Province),subnational,Europe,1833,2025,ESP,polity,0,2,2
ES45-1833-2025,Toledo (Province),subnational,Europe,1833,2025,ESP,polity,0,2,2
ES08-1833-2025,Barcelona (Province),subnational,Europe,1833,2025,ESP,polity,0,2,2
ES17-1833-2025,Gerona (Province),subnational,Europe,1833,2025,ESP,polity,0,2,2
ES25-1833-2025,Lérida (Province),subnational,Europe,1833,2025,ESP,polity,0,2,2
ES43-1833-2025,Tarragona (Province),subnational,Europe,1833,2025,ESP,polity,0,2,2
ES03-1833-2025,Alicante (Province),subnational,Europe,1833,2025,ESP,polity,0,2,2
ES12-1833-2025,Castellón (Province),subnational,Europe,1833,2025,ESP,polity,0,2,2
ES46-1833-2025,Valencia (Province),subnational,Europe,1833,2025,ESP,polity,0,2,2
ES06-1833-2025,Badajoz (Province),subnational,Europe,1833,2025,ESP,polity,0,2,2
ES10-1833-2025,Cáceres (Province),subnational,Europe,1833,2025,ESP,polity,0,2,2
ES15-1833-2025,La Coruña (Province),subnational,Europe,1833,2025,ESP,polity,0,2,2
ES27-1833-2025,Lugo (Province),subnational,Europe,1833,2025,ESP,polity,0,2,2
ES32-1833-2025,Orense (Province),subnational,Europe,1833,2025,ESP,polity,0,2,2
ES36-1833-2025,Pontevedra (Province),subnational,Europe,1833,2025,ESP,polity,0,2,2
ES28-1833-2025,Madrid (Province),subnational,Europe,1833,2025,ESP,polity,0,2,2
ES30-1833-2025,Murcia (Province),subnational,Europe,1833,2025,ESP,polity,0,2,2
ES31-1833-2025,Navarra (Province),subnational,Europe,1833,2025,ESP,polity,0,2,2
ES01-1833-2025,Álava (Province),subnational,Europe,1833,2025,ESP,polity,0,2,2
ES20-1833-2025,Guipúzcoa (Province),subnational,Europe,1833,2025,ESP,polity,0,2,2
ES48-1833-2025,Vizcaya (Province),subnational,Europe,1833,2025,ESP,polity,0,2,2
ES26-1833-2025,La Rioja (Province),subnational,Europe,1833,2025,ESP,polity,0,2,2
ES51-1833-2025,Ceuta (Province),subnational,Europe,1833,2025,ESP,polity,0,2,2
ES52-1833-2025,Melilla (Province),subnational,Europe,1833,2025,ESP,polity,0,2,2
GBR-1800-2025,United Kingdom (old),aggregate,Europe,1800,2025,GBR,polity,0,3,3
ARG-1800-2025,Argentina (old),aggregate,South America,1800,2025,ARG,polity,0,4,4
USA-1800-2025,United States (old),aggregate,North America,1800,2025,USA,polity,0,6,6
RUS-1800-2025,Russia/USSR (old),aggregate,Europe,1800,2025,RUS,polity,0,5,5
ZAF-1800-2025,South Africa (old),aggregate,Africa,1800,2025,ZAF,polity,0,2,2
NZL-1840-1907,New Zealand (colony),historical,Oceania,1840,1907,NZL,polity,0,4,4
CAN-1800-1866,Canada (pre-Confederation),historical,North America,1800,1866,CAN,polity,0,5,5
CHN-1950-2025,China (PRC),sovereign,Asia,1950,2025,CHN,polity,6,1,7
JPAI-1888-2025,Aichi (Prefecture),subnational,Asia,1888,2025,JPN,polity,0,2,2
JPAK-1888-2025,Akita (Prefecture),subnational,Asia,1888,2025,JPN,polity,0,2,2
JPAO-1888-2025,Aomori (Prefecture),subnational,Asia,1888,2025,JPN,polity,0,2,2
JPCH-1888-2025,Chiba (Prefecture),subnational,Asia,1888,2025,JPN,polity,0,2,2
JPEH-1888-2025,Ehime (Prefecture),subnational,Asia,1888,2025,JPN,polity,0,2,2
JPFI-1888-2025,Fukui (Prefecture),subnational,Asia,1888,2025,JPN,polity,0,2,2
JPFO-1888-2025,Fukuoka (Prefecture),subnational,Asia,1888,2025,JPN,polity,0,2,2
JPFS-1888-2025,Fukushima (Prefecture),subnational,Asia,1888,2025,JPN,polity,0,2,2
JPGF-1888-2025,Gifu (Prefecture),subnational,Asia,1888,2025,JPN,polity,0,2,2
JPGM-1888-2025,Gunma (Prefecture),subnational,Asia,1888,2025,JPN,polity,0,2,2
JPHS-1888-2025,Hiroshima (Prefecture),subnational,Asia,1888,2025,JPN,polity,0,2,2
JPHK-1888-2025,Hokkaido (Circuit),subnational,Asia,1888,2025,JPN,polity,0,2,2
JPHG-1888-2025,Hyōgo (Prefecture),subnational,Asia,1888,2025,JPN,polity,0,2,2
JPIB-1888-2025,Ibaraki (Prefecture),subnational,Asia,1888,2025,JPN,polity,0,2,2
JPIS-1888-2025,Ishikawa (Prefecture),subnational,Asia,1888,2025,JPN,polity,0,2,2
JPIW-1888-2025,Iwate (Prefecture),subnational,Asia,1888,2025,JPN,polity,0,2,2
JPKG-1888-2025,Kagawa (Prefecture),subnational,Asia,1888,2025,JPN,polity,0,2,2
JPKS-1888-2025,Kagoshima (Prefecture),subnational,Asia,1888,2025,JPN,polity,0,2,2
JPKN-1888-2025,Kanagawa (Prefecture),subnational,Asia,1888,2025,JPN,polity,0,2,2
JPKC-1888-2025,Kochi (Prefecture),subnational,Asia,1888,2025,JPN,polity,0,2,2
JPKM-1888-2025,Kumamoto (Prefecture),subnational,Asia,1888,2025,JPN,polity,0,2,2
JPKY-1888-2025,Kyoto (Urban Prefecture),subnational,Asia,1888,2025,JPN,polity,0,2,2
JPME-1888-2025,Mie (Prefecture),subnational,Asia,1888,2025,JPN,polity,0,2,2
JPMG-1888-2025,Miyagi (Prefecture),subnational,Asia,1888,2025,JPN,polity,0,2,2
JPMZ-1888-2025,Miyazaki (Prefecture),subnational,Asia,1888,2025,JPN,polity,0,2,2
JPNN-1888-2025,Nagano (Prefecture),subnational,Asia,1888,2025,JPN,polity,0,2,2
JPNS-1888-2025,Naoasaki (Prefecture),subnational,Asia,1888,2025,JPN,polity,0,2,2
JPNR-1888-2025,Nara (Prefecture),subnational,Asia,1888,2025,JPN,polity,0,2,2
JPNI-1888-2025,Niigata (Prefecture),subnational,Asia,1888,2025,JPN,polity,0,2,2
JPOT-1888-2025,Oita (Prefecture),subnational,Asia,1888,2025,JPN,polity,0,2,2
JPOY-1888-2025,Okayama (Prefecture),subnational,Asia,1888,2025,JPN,polity,0,2,2
JPON-1888-2025,Okinawa (Prefecture),subnational,Asia,1888,2025,JPN,polity,0,2,2
JPOS-1888-2025,Osaka (Urban Prefecture),subnational,Asia,1888,2025,JPN,polity,0,2,2
JPSG-1888-2025,Saga (Prefecture),subnational,Asia,1888,2025,JPN,polity,0,2,2
JPST-1888-2025,Saitama (Prefecture),subnational,Asia,1888,2025,JPN,polity,0,2,2
JPSH-1888-2025,Shiga (Prefecture),subnational,Asia,1888,2025,JPN,polity,0,2,2
JPSM-1888-2025,Shimane (Prefecture),subnational,Asia,1888,2025,JPN,polity,0,2,2
JPSZ-1888-2025,Shizuoka (Prefecture),subnational,Asia,1888,2025,JPN,polity,0,2,2
JPTC-1888-2025,Tochigi (Prefecture),subnational,Asia,1888,2025,JPN,polity,0,2,2
JPTS-1888-2025,Tokushima (Prefecture),subnational,Asia,1888,2025,JPN,polity,0,2,2
JPTK-1888-2025,Tokyo (Metropolis),subnational,Asia,1888,2025,JPN,polity,0,2,2
JPTT-1888-2025,Tottori (Prefecture),subnational,Asia,1888,2025,JPN,polity,0,2,2
JPTY-1888-2025,Toyama (Prefecture),subnational,Asia,1888,2025,JPN,polity,0,2,2
JPWK-1888-2025,Wakayama (Prefecture),subnational,Asia,1888,2025,JPN,polity,0,2,2
JPYT-1888-2025,Yamagata (Prefecture),subnational,Asia,1888,2025,JPN,polity,0,2,2
JPYC-1888-2025,Yamaguchi (Prefecture),subnational,Asia,1888,2025,JPN,polity,0,2,2
JPYN-1888-2025,Yamanashi (Prefecture),subnational,Asia,1888,2025,JPN,polity,0,2,2
GBENG-1800-2025,England (Country),subnational,Europe,1800,2025,GBR,polity,0,2,2
GBSCT-1800-2025,Scotland (Country),subnational,Europe,1800,2025,GBR,polity,0,2,2
GBWLS-1800-2025,Wales (Country),subnational,Europe,1800,2025,GBR,polity,0,2,2
GBNIR-1921-2025,Northern Ireland (Country),subnational,Europe,1921,2025,GBR,polity,0,2,2
SAA-1920-1935,Saar Territory (League of Nations),mandate,Europe,1920,1935,,polity,0,1,1
MEM-1920-1923,Memel Territory,mandate,Europe,1920,1923,,polity,0,1,1
FIU-1920-1924,Free City of Fiume,historical,Europe,1920,1924,,polity,0,1,1
MNG-1911-1921,Bogd Khanate of Mongolia,historical,Asia,1911,1921,MNG,polity,0,1,1
IND-1800-2025,India (old),aggregate,Asia,1800,2025,IND,polity,0,10,10
JPN-1800-1895,Japan (to 1895),historical,Asia,1800,1895,JPN,polity,1,4,5
JPN-1895-1945,Japanese Empire,historical,Asia,1895,1945,JPN,polity,4,4,8
JPN-1945-1952,Japan (occupied),historical,Asia,1945,1952,JPN,polity,4,4,8
JPN-1952-2025,Japan,sovereign,Asia,1952,2025,JPN,polity,6,1,7
NDD-1800-1884,Niger Delta City-States,historical,Africa,1800,1884,NGA,polity,1,3,4
NUP-1800-1897,Nupe Kingdom (Bida Emirate),historical,Africa,1800,1897,NGA,polity,1,3,4
NGA-1800-1899,Nigeria (pre-colonial),aggregate,Africa,1800,1899,NGA,polity,0,5,5
MEX-1800-1848,Mexico (to 1848),historical,North America,1800,1848,MEX,polity,1,4,5
MEX-1848-2025,Mexico,sovereign,North America,1848,2025,MEX,polity,6,1,7
NLD-1800-1830,United Kingdom of the Netherlands,historical,Europe,1800,1830,NLD,polity,1,4,5
NLD-1830-2025,Netherlands,sovereign,Europe,1830,2025,NLD,polity,6,5,11
NPL-1800-1816,Greater Nepal,historical,Asia,1800,1816,NPL,polity,1,4,5
NPL-1816-2025,Nepal,sovereign,Asia,1816,2025,NPL,polity,5,1,6
OMN-1800-1856,Omani Empire,historical,Asia,1800,1856,OMN,polity,1,4,5
OMN-1856-2025,Sultanate of Oman,sovereign,Asia,1856,2025,OMN,polity,6,1,7
COL-1800-1830,Gran Colombia,historical,South America,1800,1830,COL,polity,1,4,5
COL-1830-1903,Colombia (to 1903),historical,South America,1830,1903,COL,polity,4,4,8
USA-1800-1803,United States (original),historical,North America,1800,1803,USA,polity,2,4,6
USA-1803-1848,United States (1803-1848),historical,North America,1803,1848,USA,polity,5,4,9
USA-1848-1867,United States (1848-1867),historical,North America,1848,1867,USA,polity,5,4,9
USA-1867-1959,United States (1867-1959),historical,North America,1867,1959,USA,polity,5,5,10
F228-1800-1856,Russian Empire (to 1856),historical,Europe,1800,1856,RUS,polity,1,4,5
F228-1856-1905,Russian Empire (1856-1905),historical,Europe,1856,1905,RUS,polity,4,2,6
ICP-1858-1947,British India: Crown Provinces,colonial,Asia,1858,1947,IND,polity,8,2,10
IPS-1858-1947,British India: Princely States,dependency,Asia,1858,1947,IND,polity,8,2,10
MMR-1800-1826,Konbaung Burma (to 1826),historical,Asia,1800,1826,MMR,polity,1,4,5
MMR-1826-1852,Burma (1826-1852),historical,Asia,1826,1852,MMR,polity,4,4,8
MMR-1852-1885,Upper Burma (1852-1885),historical,Asia,1852,1885,MMR,polity,4,4,8
MMR-1885-2025,Myanmar,sovereign,Asia,1885,2025,MMR,polity,6,1,7
Africa,Africa,continent,Africa,1800,2025,,continent,264,0,264
Antarctica,Antarctica,continent,Antarctica,1800,2025,,continent,4,0,4
Asia,Asia,continent,Asia,1800,2025,,continent,284,0,284
Europe,Europe,continent,Europe,1800,2025,,continent,334,0,334
Global,Global,continent,Global,1800,2025,,continent,0,0,0
North America,North America,continent,North America,1800,2025,,continent,187,0,187
Oceania,Oceania,continent,Oceania,1800,2025,,continent,80,0,80
South America,South America,continent,South America,1800,2025,,continent,91,0,91
