polity_code,polity_name,polity_type,continent,area_deg2,centroid_lon,centroid_lat,n_parts,n_vertices,n_holes,compactness,is_valid,span_lon,span_lat
CPV-1800-2025,Cabo Verde,sovereign,Africa,0.3375028960869569,-23.968159973263592,15.978065889908413,8,183,0,0.1008814892992907,True,2.6941685025091147,2.3812550022176566
GMB-1800-2025,Gambia,sovereign,Africa,0.8950689264306005,-15.386758451861509,13.452586935473148,1,204,0,0.09675192033411675,True,3.023055002815397,0.7714088757184783
MUS-1800-2025,Mauritius,sovereign,Africa,0.184444315881789,57.85787149978426,-20.253300023864448,2,44,0,0.5866176560127296,True,6.189445005764355,0.8463910007882838
STP-1800-2025,Sao Tome and Principe,sovereign,Africa,0.09278999833283803,6.73658835748469,0.45698595480636117,2,30,0,0.49923255139031536,True,0.9983370009297801,1.6829090015673251
SLE-1800-2025,Sierra Leone,sovereign,Africa,5.9533057323335035,-11.791775797896758,8.56017913420444,2,259,0,0.39238788657270385,True,3.028914002820926,3.0816685028700164
AGO-1816-2025,Angola,sovereign,Africa,103.81177130266067,17.54471194160729,-12.295282312345382,2,758,0,0.3763612361480307,True,12.353200011504754,13.624950012689219
MOZ-1816-2025,Mozambique,sovereign,Africa,66.9746047526447,35.5520729626441,-17.260012614330293,3,1076,1,0.1884822106488367,True,10.633091009902756,16.385640994810686
ZAF-1828-2025,South Africa,sovereign,Africa,113.13601757344674,25.092496051116957,-28.998402394876937,2,999,1,0.3035278476035245,True,21.40889101993853,24.832640523127218
DZA-1831-2025,Algeria,sovereign,Africa,213.5133119927282,2.632372947737856,28.16323674542939,1,804,0,0.5394587145278948,True,20.653691019235225,18.113463016869503
LBR-1847-2025,Liberia,sovereign,Africa,7.848530661134322,-9.307712336394504,6.448053880662668,1,246,0,0.434961883072239,True,4.096187003814834,4.169173003882847
GNB-1879-2025,Guinea-Bissau,sovereign,Africa,2.759697585839525,-14.964722270660953,12.030611601354476,7,405,0,0.11664621715958327,True,3.078541252867069,1.7596180016387653
TUN-1881-2025,Tunisia,sovereign,Africa,15.186648190747349,9.561153977126024,34.11084431427702,3,511,0,0.306784468791157,True,4.089445003808663,7.099045506611432
ERI-1882-2025,Eritrea,sovereign,Africa,10.178056659146565,38.85138939952791,15.358559939513134,2,433,0,0.20231695922106668,True,6.678100006219438,5.638963505251738
MDG-1882-2025,Madagascar,sovereign,Africa,51.059782173473884,46.705875726567065,-19.3740876535651,3,975,0,0.3130862201467458,True,7.26456400676571,13.642781012705825
NAM-1884-2025,Namibia,sovereign,Africa,72.31055947312251,17.218195085533548,-22.133238238530776,1,621,0,0.3802896561012706,True,13.543126827634921,12.007700011183076
ZWE-1890-2025,Zimbabwe,sovereign,Africa,33.46240619633373,29.871733286978564,-19.000145369313646,1,337,0,0.6107645261191949,True,7.833673007295687,6.802088156334918
SWZ-1894-2025,Eswatini,sovereign,Africa,1.5500207007277902,31.497540077420524,-26.562650404458772,1,60,0,0.7714233920775386,True,1.3350640012434383,1.5880550014790273
SYC-1903-2025,Seychelles,sovereign,Africa,0.030892407213043926,52.22993299353522,-6.354351237455572,2,40,0,0.2109001431258448,True,9.334863008693787,4.911391004574099
LBY-1951-2025,Libya,sovereign,Africa,147.3456733486355,18.023184157355704,27.044051211255425,1,543,0,0.5612868787427855,True,15.839647264751818,13.664522012725996
GHA-1957-2025,Ghana,sovereign,Africa,19.61240710109282,-1.2073473645120885,7.95973597084313,2,389,0,0.4657483320174504,True,4.450000004144442,6.428609005987071
GIN-1958-2025,Guinea,sovereign,Africa,20.239894462105188,-10.941677452680587,10.438213250827083,1,509,0,0.25382776083413555,True,7.427464006917376,5.476605854174906
BEN-1960-2025,Benin,sovereign,Africa,9.574491100463765,2.343145591931978,9.6473134483231,1,231,0,0.4152119735662132,True,3.0783370028669594,6.169451121130365
BFA-1960-2025,Burkina Faso,sovereign,Africa,22.63391111384373,-1.7400796289746352,12.277943063182642,1,298,0,0.390932805439177,True,7.914873085922665,5.687082005296503
CAF-1960-2025,Central African Republic,sovereign,Africa,50.601157969308844,20.48292420423377,6.57119923111924,1,614,0,0.35725987123610403,True,13.040827012145257,8.782968368179667
TCD-1960-2025,Chad,sovereign,Africa,107.29604508861297,18.664558278808894,15.361186434655071,1,474,0,0.5053852783197131,True,10.539914009816101,15.99201801489373
COG-1960-2025,Congo,sovereign,Africa,27.97412639010858,15.224307692974682,-0.8401826247994522,1,577,0,0.24563663159905658,True,7.502305006986973,8.72610900812677
CIV-1960-2025,Côte d'Ivoire,sovereign,Africa,26.339038247266593,-5.555621510330347,7.631672236093615,2,566,0,0.33365664532435213,True,6.116868005696745,6.390536005951645
COD-1960-2025,Democratic Republic of the Congo,sovereign,Africa,189.79197782161313,23.65498170888296,-2.8762359640269333,1,1192,0,0.34288529368287896,True,19.08821901777725,18.838746017544942
GAB-1960-2025,Gabon,sovereign,Africa,21.18485058700381,11.797392296273863,-0.5908307524543168,2,595,0,0.25759674300552615,True,5.818746005419143,6.239845505811289
MLI-1960-2025,Mali,sovereign,Africa,106.64933740470875,-3.5243676556108663,17.350324526379833,1,613,0,0.3254876594619471,True,16.49598328809043,14.860385421247202
NER-1960-2025,Niger,sovereign,Africa,100.6387873491106,9.397681196919901,17.426107669731604,1,412,0,0.4897644619794866,True,15.830000014742836,11.829036011016669
SEN-1960-2025,Senegal,sovereign,Africa,16.426433816946393,-14.467529808050276,14.366963259680052,1,544,0,0.21511848030224726,True,6.162855005739601,4.388873004087387
SOM-1960-2025,Somalia,sovereign,Africa,52.06794968769511,45.86282562251094,6.06391897997588,1,626,0,0.2726302727607219,True,10.422709009706857,13.654037012716248
TGO-1960-2025,Togo,sovereign,Africa,4.690211052697484,0.9756233616877867,8.535355424355297,1,192,0,0.30253262264472675,True,1.943422656982363,5.022090004677182
CMR-1961-2025,Cameroon,sovereign,Africa,37.971960962025435,12.743588011718998,5.685931079547885,1,645,0,0.27157751797612534,True,7.70311284717414,11.430836010645876
NGA-1961-2025,Nigeria,sovereign,Africa,74.88504824462476,8.105194454755651,9.593953144832414,2,772,0,0.4071724085809983,True,11.95715401113597,9.618655008957958
BDI-1962-2025,Burundi,sovereign,Africa,2.2125230150337423,29.887114957117284,-3.356347607254019,1,123,0,0.47130600035614256,True,1.8681909281002334,2.1487595803358204
RWA-1962-2025,Rwanda,sovereign,Africa,2.043484848958831,29.917694493944403,-1.997869021170847,1,124,0,0.5028390076706246,True,2.0388179282451517,1.7710450016494401
UGA-1962-2025,Uganda,sovereign,Africa,19.677247228505593,32.38623165222829,1.2800840662887347,1,263,0,0.5480698856929843,True,5.435418005062161,5.698754505307405
KEN-1963-2025,Kenya,sovereign,Africa,47.30912292861626,37.85800253328941,0.5299165289679706,2,354,0,0.5273074352888146,True,7.992599101193775,9.291594579466974
MWI-1964-2025,Malawi,sovereign,Africa,9.885993307455168,34.30723535007089,-13.21586853093642,2,347,0,0.23353326493873416,True,3.2390900030166563,7.758608973095619
TZA-1964-2025,Tanzania,sovereign,Africa,77.00635839005326,34.82332583591994,-6.270387193885149,4,686,0,0.47078252346098604,True,11.101463945340754,10.743200018616065
ZMB-1964-2025,Zambia,sovereign,Africa,62.81458834314777,27.798234377753786,-13.453070168994634,1,588,0,0.3271376388720159,True,11.702736510899058,9.881228750004574
BWA-1966-2025,Botswana,sovereign,Africa,50.676145134014625,23.81503144729671,-22.18197433861177,1,404,0,0.5539452116229616,True,9.377509008733483,9.093473008468948
LSO-1966-2025,Lesotho,sovereign,Africa,2.841528893669023,28.2429739565123,-29.581013658660577,1,101,0,0.7089647665071943,True,2.4415810022738356,2.0798360019369966
GNQ-1968-2025,Equatorial Guinea,sovereign,Africa,2.1881368329049025,10.340154646737757,1.709621923774379,3,178,0,0.3950602211825006,True,5.751524178175146,5.22328308707813
COM-1975-2025,Comoros,sovereign,Africa,0.1411528987696359,43.67447209107141,-11.891500218989476,3,71,0,0.1915891456561621,True,1.3159045012255035,1.0154140009456754
DJI-1977-2025,Djibouti,sovereign,Africa,1.7775682369136647,42.577707382340634,11.749632349766213,1,151,0,0.42218669033321526,True,1.6605550015464132,1.766109001644807
EGY-1979-2025,Egypt,sovereign,Africa,90.48956298328648,29.871910458963264,26.494280037820474,1,808,0,0.40165272031659194,True,12.188891011351643,9.646643356848728
MRT-1979-2025,Mauritania,sovereign,Africa,89.90564696743232,-10.332325785775337,20.25990135162898,2,476,0,0.41336610769060145,True,12.266616159572408,12.564818011701902
MAR-1979-2025,Morocco,sovereign,Africa,62.46095312935972,-8.938028072750962,29.108475486903473,1,820,0,0.24946275327877293,True,16.08971801498464,15.152918680778882
ETH-1993-2025,Ethiopia,sovereign,Africa,92.72341359175749,39.61600831182321,8.626224382696789,1,560,0,0.5319138402888296,True,14.995809252061122,11.476945010688766
SSD-2011-2025,South Sudan,sovereign,Africa,51.39037471472438,30.34408677618941,7.258340931177789,1,426,0,0.3604458157472654,True,11.792597389125888,8.683852559781258
SDN-2011-2025,Sudan,sovereign,Africa,157.26424101641175,29.95381461167485,15.9796017319838,1,609,0,0.4595057506029672,True,16.77499551562292,13.603206967562272
ALG-1800-1902,Algeria (to 1902),historical,Africa,63.52243775547943,3.8485237400196812,33.33134981337675,1,410,0,0.5844679830201804,True,11.748150192759624,7.094158072626556
ANG-1800-1890,Angola (to 1890),historical,Africa,33.98916052862655,14.242289474955312,-11.478627211856411,2,542,0,0.3098285265832172,True,4.452636342385773,13.038559012143125
BOT-1800-1890,Botswana (to 1890),historical,Africa,27.3380237599628,23.413166593565574,-23.847741540248578,1,286,0,0.39390268683702084,True,9.377509008733483,6.3601646445993865
CON-1800-1898,Congo (to 1898),historical,Africa,27.97412639010858,15.224307692974682,-0.8401826247994522,1,577,0,0.24563663159905658,True,7.502305006986973,8.72610900812677
CON-1800-1891,Democratic Republic of the Congo (to 1891),historical,Africa,164.03900696609747,23.728264777560042,-2.7212052744126787,1,865,0,0.3484516704175603,True,18.55367586317584,18.608609017330657
EGY-1800-1899,Egypt (to 1899),historical,Africa,105.37005059399505,30.318315926150717,25.90716656347148,1,888,0,0.33409882096805993,True,15.293959612653197,13.976386513016521
EGY-1800-1922,Egypt (to 1922),historical,Africa,105.37005059399505,30.318315926150717,25.90716656347148,1,888,0,0.33409882096805993,True,15.293959612653197,13.976386513016521
ERI-1800-1889,Eritrea (to 1889),historical,Africa,1.5887856672320448,41.85281664056485,13.487771235333634,1,126,0,0.34796055331753734,True,2.428529440107013,2.3189216122163003
ETH-1800-1889,Ethiopia (to 1889),historical,Africa,77.33682150522485,40.05355069623983,9.167738515139332,1,488,0,0.5237874163144887,True,13.023446250224254,10.707464009972156
GAB-1800-1912,Gabon (to 1912),historical,Africa,21.18485058700381,11.797392296273863,-0.5908307524543168,2,595,0,0.25759674300552615,True,5.818746005419143,6.239845505811289
GHA-1800-1888,Ghana (to 1888),historical,Africa,5.580890720653374,-1.3011201030500688,6.008181834985045,2,376,0,0.247346661774993,True,4.450000004144442,2.497526648379279
LAG-1800-1906,Lagos (to 1906),historical,Africa,5.865410323894658,3.95063477854534,7.537515996126035,1,228,0,0.4629797879729186,True,2.8036878529162546,3.3026492422320217
MAD-1800-1912,Madagascar (to 1912),historical,Africa,51.059782173473884,46.705875726567065,-19.3740876535651,3,975,0,0.3130862201467458,True,7.26456400676571,13.642781012705825
MOR-1800-1904,Morocco (to 1904),historical,Africa,35.81758515298784,-6.002211092352567,32.17041725235591,1,526,0,0.45791436836727994,True,10.188587907671286,7.692169869190934
MOZ-1800-1891,Mozambique (to 1891),historical,Africa,54.211894345543584,35.898658229058135,-18.009319732464526,1,895,0,0.22728381580672277,True,9.54398750888842,16.385640994810686
SIE-1800-1889,Sierra Leone (to 1889),historical,Africa,6.848374658764104,-12.261632869823007,9.199607088505717,3,463,0,0.14232522441167023,True,6.557355006107002,6.910559506436002
ZAN-1800-1964,Zanzibar,historical,Africa,0.2115575199554392,39.513299840205995,-5.754855805742807,2,122,0,0.20656420163413183,True,0.6849950006379473,1.5684047514605766
ORA-1848-1910,Orange Free State (to 1910),historical,Africa,11.976114647143312,26.889105502040067,-28.679045955021703,1,406,0,0.43634211469480155,True,5.5725924551108506,3.9905107919679494
GHA-1888-1898,Ghana (1888-1898),historical,Africa,10.464530749048858,-1.3972143991847712,6.693618102960827,2,318,0,0.4417564367670041,True,4.450000004144442,4.0375657224965105
KEN-1888-1891,Kenya (1888-1891),historical,Africa,38.16919842215464,38.49055031186858,-0.45758063347759037,1,253,0,0.6665540470442689,True,8.99033782332532,6.675172638602504
COT-1889-1932,Côte d'Ivoire (1889-1932),historical,Africa,26.339038247266593,-5.555621510330347,7.631672236093615,2,566,0,0.33365664532435213,True,6.116868005696745,6.390536005951645
ETH-1889-1897,Ethiopia (1889-1897),historical,Africa,77.33682150522485,40.05355069623983,9.167738515139332,1,488,0,0.5237874163144887,True,13.023446250224254,10.707464009972156
ZIM-1889-1891,Zimbabwe (1889-1891),historical,Africa,33.46240619633373,29.871733286978564,-19.000145369313646,1,337,0,0.6107645261191949,True,7.833673007295687,6.802088156334918
ANG-1890-1891,Angola (1890-1891),historical,Africa,86.185979214598,16.728283253765632,-11.877417615991774,2,655,0,0.39645993652738104,True,10.583891009857012,13.499395012572265
BOT-1890-1895,Botswana (1890-1895),historical,Africa,50.52441729181913,23.729869379156305,-22.19834152755682,1,436,0,0.47088788056113096,True,9.377509008733483,10.572600763313659
ZAN-1890-1964,Zanzibar (1890-1964),historical,Africa,0.2115575199554392,39.513299840205995,-5.754855805742807,2,122,0,0.20656420163413183,True,0.6849950006379473,1.5684047514605766
ANG-1891-1905,Angola (1891-1905),historical,Africa,111.93095789525978,17.962980002076446,-12.433815358776544,2,858,0,0.3829038546284155,True,13.627109444134078,13.624950012689219
CON-1891-1894,Democratic Republic of the Congo (1891-1894),historical,Africa,181.22962013255253,23.485432905784698,-3.196912526943224,1,994,0,0.36752148347120095,True,18.55367586317584,18.608609017330657
KEN-1891-1894,Kenya (1891-1894),historical,Africa,84.69953632069002,37.125039321445115,1.3112644854336302,2,610,0,0.5119497671963121,True,13.32325582736064,10.677608279019154
ZIM-1891-1900,Zimbabwe (1891-1900),historical,Africa,88.15780794688227,28.998552108397245,-15.489334985361607,1,838,0,0.31261684589496347,True,10.87342220203189,14.224925904049897
CON-1894-1910,Democratic Republic of the Congo (1894-1910),historical,Africa,194.22072193050622,23.822555665001914,-2.7132569034934058,1,1353,0,0.31765256313706147,True,20.01741734883717,19.089544903585143
KEN-1894-1902,Kenya (1894-1902),historical,Africa,53.699666033702044,39.14097893173203,1.3562153510204489,2,449,0,0.5449958404176914,True,7.9081699829215495,10.677608279019154
UGA-1894-1902,Uganda (1894-1902),historical,Africa,30.99987028698787,33.63291877983257,1.2333981444589328,1,246,0,0.6232142066300103,True,7.147777115509371,6.735561736121824
BEN-1895-1898,Benin (1895-1898),historical,Africa,2.968883984030696,2.1880312290256314,7.665926000947876,1,93,0,0.574075729021233,True,1.2277807745885532,2.781306796302104
ETH-1897-1902,Ethiopia (1897-1902),historical,Africa,77.33682150522485,40.05355069623983,9.167738515139332,1,488,0,0.5237874163144887,True,13.023446250224254,10.707464009972156
CON-1898-1900,Congo (1898-1900),historical,Africa,185.87132944803042,18.641818982350983,10.529872861641769,1,1261,0,0.2147188319401076,True,16.318414015197646,28.46555402651056
GHA-1898-1956,Ghana (1898-1956),historical,Africa,17.42572601774234,-1.3924342071470424,7.906004978774948,2,376,0,0.4005599513222164,True,4.450000004144442,6.428609005987071
EGY-1899-1925,Egypt (1899-1925),historical,Africa,137.03821836823897,27.068276177602645,26.097967922891264,1,848,0,0.3637779329069305,True,20.894864019459817,9.646643356848728
NOR-1899-1904,Northern Nigeria (1899-1904),historical,Africa,60.16090692806936,8.4196612673816,10.836935879484276,1,275,0,0.5844652676194984,True,11.348153298479673,7.482575466088804
SOU-1899-1906,Southern Nigeria (1899-1906),historical,Africa,10.64577894584919,7.211863966550523,5.966299454097175,1,349,0,0.32542794661431984,True,5.3539998612540955,3.065649337314454
SUD-1899-1902,Sudan (1899-1902),historical,Africa,217.62243284240813,29.857229098418024,14.138352961428016,1,913,0,0.42533353358058923,True,19.53335479037389,18.60142913859555
CHA-1900-1912,Chad (1900-1912),historical,Africa,107.29604508861297,18.664558278808894,15.361186434655071,1,474,0,0.5053852783197131,True,10.539914009816101,15.99201801489373
CON-1900-1906,Congo (1900-1906),historical,Africa,78.57528435941744,18.610768040595985,3.9326222987790804,1,1078,0,0.18763844032905205,True,16.318414015197646,16.015836014915863
NOR-1900-1911,Northeastern Rhodesia (1900-1911),historical,Africa,23.646830649169075,31.01688321942974,-11.292907810984435,1,326,0,0.5466353912972756,True,5.341700504974881,6.684391257971896
NOR-1900-1905,Northwestern Rhodesia (1900-1905),historical,Africa,31.04857110137952,26.52030996946042,-14.901611950943797,1,395,0,0.5342715756391874,True,7.796561515067168,6.880472006407956
ALG-1902-1919,Algeria (1902-1919),historical,Africa,224.74103737222933,3.079621217556392,28.06454762841228,1,797,0,0.4620692008399323,True,22.79642193611292,18.113463016869503
ETH-1902-1907,Ethiopia (1902-1907),historical,Africa,81.57704685533554,39.76043429202727,9.135165505633335,1,576,0,0.48429316254756416,True,14.995809252061122,10.707464009972156
KEN-1902-1906,Kenya (1902-1906),historical,Africa,62.83598671634312,38.60972960053505,1.2309586240600054,2,521,0,0.5631176053526633,True,8.99033782332532,10.677608279019154
SUD-1902-1910,Sudan (1902-1910),historical,Africa,213.38035529407102,29.76662734264365,14.249651553622009,1,1002,0,0.38807019319005404,True,19.53335479037389,18.60142913859555
UGA-1902-1910,Uganda (1902-1910),historical,Africa,21.863549604346815,32.858029602390744,1.5420640641769754,1,298,0,0.5416447356763777,True,6.644367099222677,6.0979490500025975
MAU-1904-1912,Mauritania (1904-1912),historical,Africa,80.1714700133786,-11.102997452262535,21.406110978412844,2,471,0,0.40981477542336875,True,10.721888971446958,12.948849465922592
MOR-1904-1956,Morocco (1904-1956),historical,Africa,33.435315657575956,-6.111744842220636,31.964207667323333,1,457,0,0.4507894544520713,True,10.188587907671286,6.881279059913496
NOR-1904-1913,Northern Nigeria (1904-1913),historical,Africa,54.59105448265558,8.424650018172402,10.552301471276456,1,361,0,0.5513379219668834,True,11.348153298479673,6.805608485330069
MAL-1905-1919,Mali (1905-1919),historical,Africa,147.41800015973902,-3.718609536765653,16.67834944843516,1,643,0,0.4072680448747523,True,16.49598328809043,16.77175917384845
NIG-1905-1932,Niger (1905-1932),historical,Africa,100.6387873491106,9.397681196919901,17.426107669731604,1,412,0,0.4897644619794866,True,15.830000014742836,11.829036011016669
NOR-1905-1911,Northwestern Rhodesia (1905-1911),historical,Africa,39.16775769397871,25.855032914118404,-14.757229417876818,1,341,0,0.5555516596364835,True,8.625875823934336,7.205049840043557
CEN-1906-1912,Central African Republic (1906-1912),historical,Africa,50.601157969308844,20.48292420423377,6.57119923111924,1,614,0,0.35725987123610403,True,13.040827012145257,8.782968368179667
CON-1906-1912,Congo (1906-1912),historical,Africa,27.97412639010858,15.224307692974682,-0.8401826247994522,1,577,0,0.24563663159905658,True,7.502305006986973,8.72610900812677
SOU-1906-1913,Southern Nigeria (1906-1913),historical,Africa,16.525985851046524,6.054408623541855,6.5225904871677765,2,478,0,0.23722789361429572,True,7.661499863403179,4.887304243707732
ETH-1907-1952,Ethiopia (1907-1952),historical,Africa,92.72341359175749,39.61600831182321,8.626224382696789,1,560,0,0.5319138402888296,True,14.995809252061122,11.476945010688766
KEN-1907-1924,Kenya (1907-1924),historical,Africa,51.69147217814761,38.620539627231125,0.4396536081104937,2,436,0,0.5764755797555887,True,8.99033782332532,9.154371078503942
SUD-1910-1934,Sudan (1910-1934),historical,Africa,216.70429243213235,29.784390118945378,14.10271183131313,1,893,0,0.41617321960921355,True,19.53335479037389,18.738827017451868
UGA-1910-1926,Uganda (1910-1926),historical,Africa,22.968356575178944,32.78030299219724,1.6156277574000018,1,302,0,0.4915878465320107,True,6.644367099222677,6.0979490500025975
MAR-1911-1958,Morocco (to 1958),historical,Africa,33.435315657575956,-6.111744842220636,31.964207667323333,1,457,0,0.4507894544520713,True,10.188587907671286,6.881279059913496
CEN-1912-1919,Central African Republic (1912-1919),historical,Africa,40.56770791021903,21.546420875755775,6.952392174761366,1,507,0,0.41538918596659785,True,11.27198568040032,7.030403815676593
CHA-1912-1919,Chad (1912-1919),historical,Africa,103.10991785093192,18.788655284765493,15.62225399475079,1,420,0,0.5553194058180255,True,10.539914009816101,15.90274951481058
CON-1912-1919,Congo (1912-1919),historical,Africa,21.35328567148248,14.944174043964445,-1.515659096810441,2,583,0,0.1665299267573541,True,7.502305006986973,8.686281260376035
GAB-1912-1919,Gabon (1912-1919),historical,Africa,18.417746773265957,11.773731982382502,-0.9101964688951795,2,551,0,0.27176556021270853,True,5.818746005419143,5.361945504993671
LIB-1912-1919,Libya (1912-1919),historical,Africa,81.5196158831855,16.37554465450218,28.72611360576588,1,491,0,0.34072422782672873,True,15.839647264751818,10.556972009831952
MAD-1912-1946,Madagascar (1912-1946),historical,Africa,51.20093507224352,46.69751862508275,-19.353459340718913,6,1046,0,0.27565180603879175,True,7.286877506786482,14.220695013244047
MAU-1912-1944,Mauritania (1912-1944),historical,Africa,71.77089532624568,-11.090856989310954,20.775679285188936,2,415,0,0.454621864512999,True,10.721888971446958,12.564818011701902
NIG-1914-1961,Nigeria (1914-1961),historical,Africa,71.1022437523993,7.873992467529015,9.616965059081448,1,606,0,0.4381948215440003,True,11.410420788858204,9.618655008957958
LIB-1919-1925,Libya (1919-1925),historical,Africa,92.74734126268665,15.795587138603361,28.418834486406706,1,532,0,0.44292878920691764,True,15.839647264751818,10.556972009831952
MAL-1919-1932,Mali (1919-1932),historical,Africa,124.78408904589533,-4.077484377391786,17.476515366463076,1,574,0,0.4225332803503636,True,16.49598328809043,16.02529617315325
EGY-1922-1925,Egypt (1922-1925),historical,Africa,137.03821836823897,27.068276177602645,26.097967922891264,1,848,0,0.3637779329069305,True,20.894864019459817,9.646643356848728
KEN-1924-1926,Kenya (1924-1926),historical,Africa,44.0180135819429,38.06148798181771,0.2987436588269834,2,349,0,0.5383572645794806,True,7.992599101193775,9.154371078503942
EGY-1925-1967,Egypt (1925-1967),historical,Africa,90.48956298328648,29.871910458963264,26.494280037820474,1,808,0,0.40165272031659194,True,12.188891011351643,9.646643356848728
LIB-1925-1934,Libya (1925-1934),historical,Africa,139.29599664763919,17.741291846387767,27.385816083814284,1,532,0,0.592565777787573,True,15.839647264751818,11.17504748908037
COT-1932-1947,Côte d'Ivoire (1932-1947),historical,Africa,38.45279461830215,-4.6413791973236975,8.882827735105606,2,658,0,0.2558649696412589,True,8.654932008060541,9.5917903197102
MAL-1932-1944,Mali (1932-1944),historical,Africa,128.84581234933808,-4.031711424246173,17.347148471893274,1,556,0,0.42899914215198237,True,16.49598328809043,16.02529617315325
NIG-1932-1947,Niger (1932-1947),historical,Africa,107.09721878847596,8.86292544467359,17.15044709948803,1,421,0,0.4558869965263622,True,17.31555401612644,12.585364011721026
SUD-1934-2011,Sudan (1934-2011),historical,Africa,208.65461573113606,30.04993629441287,13.831607742165826,1,884,0,0.4931010645220771,True,16.77499551562292,18.738827017451868
MAL-1944-1947,Mali (1944-1947),historical,Africa,110.71106070815141,-3.4913895030221362,17.20439664670121,1,595,0,0.3325222168016154,True,16.49598328809043,14.860385421247202
MAU-1944-1975,Mauritania (1944-1975),historical,Africa,89.90564696743232,-10.332325785775337,20.25990135162898,2,476,0,0.41336610769060145,True,12.266616159572408,12.564818011701902
MAL-1947-1959,Mali (1947-1959),historical,Africa,106.64933740470875,-3.5243676556108663,17.350324526379833,1,613,0,0.3254876594619471,True,16.49598328809043,14.860385421247202
ETH-1952-1993,Ethiopia (1952-1993),historical,Africa,102.90147025090396,39.540379318447,9.292124418707788,2,742,0,0.4149335414863125,True,14.995809252061122,14.59619051359384
MOR-1956-1958,Morocco (1956-1958),historical,Africa,35.81758515298784,-6.002211092352567,32.17041725235591,1,526,0,0.45791436836727994,True,10.188587907671286,7.692169869190934
SUD-1956-2011,Sudan (1956-2011),historical,Africa,208.65461573113606,30.04993629441287,13.831607742165826,1,884,0,0.4931010645220771,True,16.77499551562292,18.738827017451868
MAR-1958-1975,Morocco (1958-1975),historical,Africa,38.45934552706057,-6.3178199573818254,31.8836203258479,1,556,0,0.36544574219082326,True,12.159069730336626,8.253516507436402
SPA-1958-1975,Western Sahara (1958-1975),historical,Africa,24.001607602299206,-13.136558893333852,24.661679421527513,1,298,0,0.36525521162113656,True,8.435136007855704,6.9096541269647815
MAL-1959-1960,Mali (1959-1960),historical,Africa,123.07577122165512,-4.984907996417845,16.952147160412075,1,1058,0,0.1954909308618848,True,21.784173020288137,14.860385421247202
CMR-1960-1961,Cameroon (1960-1961),historical,Africa,34.569451478481916,13.039613119497238,5.687088227921518,1,544,0,0.2942322169271816,True,6.748838164009726,11.430836010645876
MRT-1960-1975,Mauritania (1960-1975),historical,Africa,89.90564696743232,-10.332325785775337,20.25990135162898,2,476,0,0.41336610769060145,True,12.266616159572408,12.564818011701902
NGA-1960-1961,Nigeria (1960-1961),historical,Africa,71.1022437523993,7.873992467529015,9.616965059081448,1,606,0,0.4381948215440003,True,11.410420788858204,9.618655008957958
EGY-1967-1979,Egypt (1967-1979),historical,Africa,84.83958671173927,29.61769179829794,26.276924313931428,1,638,0,0.5255790505553196,True,12.188891011351643,9.646643356848728
MRT-1975-1979,Mauritania (1975-1979),historical,Africa,98.48934201488714,-10.726798993079466,20.45741138958711,2,544,0,0.42910204378203437,True,12.292588159596477,12.564818011701902
MAR-1975-1979,Morocco (1975-1979),historical,Africa,53.87725808190492,-7.994779755871264,30.15717080499611,1,684,0,0.30368098149494616,True,14.216420204911714,12.8030985952024
BRI-1800-1895,British Bechuanaland (to 1895),colonial,Africa,10.61992151755207,22.9289955889174,-26.672411024727953,1,321,0,0.5148117951530987,True,5.084104686696918,3.2189968162523357
BRI-1800-1960,British Protectorate (British Somaliland) (to 1960),colonial,Africa,14.131418142281635,46.345552299483565,9.717289144379663,1,219,0,0.562742850589829,True,6.373366925836876,3.4684270032301754
KAM-1800-1912,Cameroon (Kamerun) (to 1912),colonial,Africa,34.569451478481916,13.039613119497238,5.687088227921518,1,544,0,0.2942322169271816,True,6.748838164009726,11.430836010645876
CAP-1800-1895,Cape Colony (to 1895),colonial,Africa,56.93023917535218,22.694883778659623,-31.28079158601248,1,821,0,0.38117591670928597,True,13.953138076940732,7.523259310223203
NAT-1800-1895,Natal (to 1895),colonial,Africa,4.049047844410624,30.1273042275682,-29.312786133386787,1,229,0,0.45844750394392036,True,2.621110612668417,3.3752001923567647
OIL-1800-1898,Oil Rivers Protectorate (to 1898),colonial,Africa,10.64577894584919,7.211863966550523,5.966299454097175,1,349,0,0.32542794661431984,True,5.3539998612540955,3.065649337314454
SPA-1800-1982,Spanish North Africa,colonial,Africa,0.0029036149999997767,-4.668722585409301,35.72582113951058,8,111,0,0.11680266293257538,True,3.003,0.7471999999999994
SPA-1800-1912,Spanish West Africa (to 1912),colonial,Africa,15.601032915166348,-14.175705016480661,23.514447612801483,1,212,0,0.5208063803908397,True,5.101527004751205,5.235379256908502
TRA-1856-1910,Transvaal (to 1910),colonial,Africa,27.043231042249822,28.92113550914746,-25.201837354862974,1,524,0,0.35785041686060726,True,7.255254968599331,6.512118258285511
FSO-1884-1977,French Somalia,colonial,Africa,1.8552124400000014,42.565439853163994,11.72740150704654,9,699,0,0.3117633163454311,True,1.669400000000003,1.7980999999999998
GWA-1884-1914,German West Africa,colonial,Africa,4.6747532750000085,0.9791968540898733,8.535786097752522,5,1586,0,0.20915646656620235,True,1.9515,5.0264999999999995
BBE-1885-1895,British Bechuanaland,colonial,Africa,10.61992151755207,22.9289955889174,-26.672411024727953,1,321,0,0.5148117951530987,True,5.084104686696918,3.2189968162523357
GER-1887-1888,German Togoland (1887-1888),colonial,Africa,0.5574054631179959,1.257700456294434,6.496345427915158,1,45,0,0.703195423306039,True,1.1171248653817538,0.7366788864752465
GER-1888-1896,German Togoland (1888-1896),colonial,Africa,4.371996345116436,0.8488211185667116,7.676141660062518,1,113,0,0.5388380468378208,True,1.971404765050266,2.8913535209281633
ITA-1889-1924,Italian Somaliland (1889-1924),colonial,Africa,30.263072949208727,46.66061064340506,5.57909346200333,1,475,0,0.29054848692338,True,9.356553351742598,12.28170639491627
CAP-1895-1910,Cape Colony (1895-1910),colonial,Africa,67.39843285070863,22.665410208999763,-30.587405236870946,1,917,0,0.30693136566661167,True,13.953138076940732,10.055942645728962
FRE-1895-1898,French West Africa (1895-1898),colonial,Africa,489.52087359192916,-0.19708243285663962,20.75323654613035,1,1140,0,0.4369035247339739,True,33.07221803080097,22.76152702119836
NAT-1895-1910,Natal (1895-1910),colonial,Africa,6.684941496229786,30.792727905754216,-28.819444963500057,1,309,0,0.32125391755728205,True,3.9873730037134507,3.9752117454504656
GER-1897-1919,German Togoland (1897-1919),colonial,Africa,6.876892136047963,0.7504943131851959,8.488474563439661,1,179,0,0.42051683986698324,True,1.971404765050266,5.022090004677182
FRE-1898-1902,French West Africa (1898-1902),colonial,Africa,486.5025589767233,-0.24514839335873212,20.79392095109016,1,1178,0,0.4197714751611586,True,33.072218030801,22.76152702119836
FRE-1902-1904,French West Africa (1902-1904),colonial,Africa,325.2839593599721,-1.742831030570261,18.21893957501096,1,1075,0,0.3146259098068651,True,33.072218030801,19.214097047179916
KAM-1912-1919,Cameroon (Kamerun) (1912-1919),colonial,Africa,34.569451478481916,13.039613119497238,5.687088227921518,1,544,0,0.2942322169271816,True,6.748838164009726,11.430836010645876
SPA-1912-1956,Spanish Morocco (1912-1956),colonial,Africa,5.02402986948462,-7.689266127802754,31.347305202284684,2,224,0,0.14838898964865227,True,10.860641686035848,8.253516507436402
SPA-1912-1958,Spanish West Africa (1912-1958),colonial,Africa,24.001607602299213,-13.136558893333852,24.661679421527488,1,297,0,0.3652552116211361,True,8.435136007855704,6.9096541269647815
GER-1919-1922,German Togoland (1919-1922),colonial,Africa,2.1866810833504795,0.267615140904507,8.387919830652736,1,176,0,0.15521041675236494,True,1.240443338064608,4.889571293708883
BRI-1922-1955,British Togoland (1922-1955),colonial,Africa,2.1866810833504795,0.267615140904507,8.387919830652736,1,176,0,0.15521041675236494,True,1.240443338064608,4.889571293708883
ITA-1924-1960,Italian Somaliland (1924-1960),colonial,Africa,37.93653154541347,45.68300917006142,4.703032801967663,1,443,0,0.3198680044116349,True,10.422709009706857,13.654037012716248
FED-1953-1964,Federation of Rhodesia and Nyasaland (1953-1964),colonial,Africa,106.16298784693664,29.057922010052703,-15.179411085591354,2,918,0,0.25698484978406844,True,13.924572012968326,14.224925904049897
SOU-1956-1958,Southern zone of Spanish Morocco (1956-1958),colonial,Africa,2.641760374072723,-10.596916392156368,27.995162675550024,1,78,0,0.3083874063035095,True,4.5042147172967475,0.9455545299156931
CAN-1800-2025,Canary Islands,dependency,Africa,0.6913200000000005,-15.666577634974619,28.34290308022387,20,2398,0,0.05142687802223426,True,4.8269,1.779399999999999
CEU-1800-2025,Ceuta Y Melilla,dependency,Africa,0.0029036149999997767,-4.668722585409301,35.72582113951058,8,111,0,0.11680266293257538,True,3.003,0.7471999999999994
SHN-1800-2025,"Saint Helena, Ascension and Tristan da Cunha",dependency,Africa,0.03797234999999999,-10.480398634335216,-25.72047537799651,36,526,0,0.09171125891605507,True,8.7896,32.481899999999996
ST.-1800-2025,St. Helena,dependency,Africa,0.03797234999999999,-10.480398634335216,-25.72047537799651,36,526,0,0.09171125891605507,True,8.7896,32.481899999999996
REU-1816-2025,Réunion,dependency,Africa,0.21849905999999994,55.532731513230914,-21.13332113783312,1,243,0,0.6782457016734473,True,0.6211000000000055,0.5181000000000004
MYT-1843-1914,Mayotte and Noissi-be,dependency,Africa,50.970589798663504,46.69764006092706,-19.371451910389577,434,14252,0,0.07694390693132536,True,7.298000000000002,13.657300000000001
MYT-2002-2025,Mayotte,dependency,Africa,0.03262480499999999,45.14835812555289,-12.821244415637109,18,453,0,0.08696120025332481,True,0.2822000000000031,0.370099999999999
GEA-1884-2025,German East Africa (Tanganyika),mandate,Africa,76.79480087227222,34.8104057000736,-6.271807401212546,2,562,0,0.5536402042522212,True,11.101463945340754,10.743200018616065
TAN-1891-1920,Tanzania (1891-1920),mandate,Africa,81.05080873626483,34.55265287040684,-6.084465035907505,2,583,0,0.592015915886009,True,11.587845945793703,10.743200018616065
BRI-1919-1961,British Cameroon (1919-1961),mandate,Africa,7.170517394466322,11.17339620629098,7.5164135221894695,2,345,0,0.13922970515300323,True,6.147291005725094,9.175356496033842
CAM-1919-1961,Cameroon (1919-1961),mandate,Africa,34.569451478481916,13.039613119497238,5.687088227921518,1,544,0,0.2942322169271816,True,6.748838164009726,11.430836010645876
RWA-1920-1962,Rwanda and Burundi (1920-1962),mandate,Africa,4.256007863992573,29.90179745352973,-2.7040860285614086,1,162,0,0.5185863323165771,True,2.0388179282451517,3.3958775814973303
TAN-1920-1922,Tanzania (1920-1922),mandate,Africa,76.79480087309764,34.810405700120356,-6.271807401197503,2,562,0,0.5536402095322435,True,11.101463945340754,10.743200018616065
TAN-1922-1964,Tanzania (1922-1964),mandate,Africa,76.79480087227222,34.8104057000736,-6.271807401212546,2,562,0,0.5536402042522212,True,11.101463945340754,10.743200018616065
TZA-1961-1964,Tanzania (1961-1964),mandate,Africa,76.79480087227222,34.8104057000736,-6.271807401212546,2,562,0,0.5536402042522212,True,11.101463945340754,10.743200018616065
ESH-1800-2025,Western Sahara,disputed,Africa,24.001607602299206,-13.136558893333852,24.661679421527513,1,298,0,0.36525521162113656,True,8.435136007855704,6.9096541269647815
ETH-1800-2025,Ethiopia (old),aggregate,Africa,92.72341359175749,39.61600831182321,8.626224382696789,1,560,0,0.5319138402888296,True,14.995809252061122,11.476945010688766
F62-1800-1993,Ethiopia PDR,aggregate,Africa,102.90147025090396,39.540379318447,9.292124418707788,2,742,0,0.4149335414863125,True,14.995809252061122,14.59619051359384
F206-1800-2011,Sudan (old),aggregate,Africa,213.38035529407102,29.76662734264365,14.249651553622009,1,1002,0,0.38807019319005404,True,19.53335479037389,18.60142913859555
GOL-1843-2025,Gold Coast,aggregate,Africa,17.42572601774234,-1.3924342071470424,7.906004978774948,2,376,0,0.4005599513222164,True,4.450000004144442,6.428609005987071
SPA-1858-2025,Spanish Guinea,aggregate,Africa,2.1881368329049025,10.340154646737757,1.709621923774379,3,178,0,0.3950602211825006,True,5.751524178175146,5.22328308707813
NGA-1861-2025,Nigeria (old),aggregate,Africa,71.1022437523993,7.873992467529015,9.616965059081448,1,606,0,0.4381948215440003,True,11.410420788858204,9.618655008957958
SUD-1882-2025,Sudan (Anglo-Egyptian),aggregate,Africa,208.65461573113606,30.04993629441287,13.831607742165826,1,884,0,0.4931010645220771,True,16.77499551562292,18.738827017451868
BAS-1884-2025,Basutoland,aggregate,Africa,2.841528893669023,28.2429739565123,-29.581013658660577,1,101,0,0.7089647665071943,True,2.4415810022738356,2.0798360019369966
BSO-1884-2025,British Protectorate (British Somaliland),aggregate,Africa,14.025850659999998,46.33325362261123,9.718643706293788,17,800,0,0.4932803572986327,True,6.375299999999996,3.5300000000000002
CMR-1884-2025,Cameroon (Kamerun),aggregate,Africa,41.739968872948246,12.71901535195397,6.001348377051315,1,493,0,0.3362862583814229,True,7.70311284717414,11.430836010645876
BEC-1885-2025,Bechuanaland Protectorate,aggregate,Africa,10.61992151755207,22.9289955889174,-26.672411024727953,1,321,0,0.5148117951530987,True,5.084104686696918,3.2189968162523357
BEL-1885-2025,Belgian Congo,aggregate,Africa,189.79197782161313,23.65498170888296,-2.8762359640269333,1,1192,0,0.34288529368287896,True,19.08821901777725,18.838746017544942
FSM-1887-2025,French Somaliland,aggregate,Africa,1.7775682369136647,42.577707382340634,11.749632349766213,1,151,0,0.42218669033321526,True,1.6605550015464132,1.766109001644807
NYA-1891-2025,Nyasaland Protectorate (Malawi),aggregate,Africa,9.885993307455168,34.30723535007089,-13.21586853093642,2,347,0,0.23353326493873416,True,3.2390900030166563,7.758608973095619
BEA-1895-2025,British East Africa,aggregate,Africa,47.30912292861626,37.85800253328941,0.5299165289679706,2,354,0,0.5273074352888146,True,7.992599101193775,9.291594579466974
FWA-1895-2025,French West Africa,aggregate,Africa,486.5025589767233,-0.24514839335873212,20.79392095109016,1,1178,0,0.4197714751611586,True,33.072218030801,22.76152702119836
ITS-1908-2025,Italian Somaliland,aggregate,Africa,37.93653154541347,45.68300917006142,4.703032801967663,1,443,0,0.3198680044116349,True,10.422709009706857,13.654037012716248
FEA-1910-2025,French Equatorial Africa,aggregate,Africa,21.18485058700381,11.797392296273863,-0.5908307524543168,2,595,0,0.25759674300552615,True,5.818746005419143,6.239845505811289
ITL-1911-2025,Italian Libia Cyrenaica (Lybia),aggregate,Africa,147.3456733486355,18.023184157355704,27.044051211255425,1,543,0,0.5612868787427855,True,15.839647264751818,13.664522012725996
BCA-1914-2025,British Cameroon,aggregate,Africa,7.170517394466322,11.17339620629098,7.5164135221894695,2,345,0,0.13922970515300323,True,6.147291005725094,9.175356496033842
RWB-1919-2025,Rwanda and Burundi,aggregate,Africa,4.256007863992573,29.90179745352973,-2.7040860285614086,1,162,0,0.5185863323165771,True,2.0388179282451517,3.3958775814973303
ATA-1800-2025,Antarctica,dependency,Antarctica,6048.932237420096,19.92108951219572,-80.50857913109498,108,4923,0,0.032934623542060615,True,360.0,29.47802734375003
BVT-1800-2025,Bouvet Island,dependency,Antarctica,0.010675969999999913,3.3821286254551106,-54.42827125873961,2,60,0,0.4461305645914301,True,0.20309999999999961,0.07799999999999585
ATF-1800-2025,French Southern Territories,dependency,Antarctica,0.9661100799999955,68.62670009338171,-48.97750783622903,258,6414,0,0.008264900587842256,True,37.2751,38.5051
BHR-1800-2025,Bahrain,sovereign,Asia,0.05670078625212203,50.55980209956966,26.020587932611857,3,87,0,0.26618432794982333,True,0.3424050003189123,0.7134730006644503
BTN-1800-2025,Bhutan,sovereign,Asia,3.6358915351903853,90.42938005275289,27.415383450288306,1,188,0,0.5398833085609699,True,3.361695503130761,1.6213910015100197
IRN-1800-2025,Iran,sovereign,Asia,155.99548805748864,54.299926037184754,32.57121406878966,1,1197,0,0.351304435843727,True,19.29460501796956,14.703181013693364
JPN-1800-2025,Japan,sovereign,Asia,37.91594456163239,137.99321294765116,37.56394114082107,30,2464,0,0.0344640551419181,True,22.133546020613494,21.233741019775422
KWT-1800-2025,Kuwait,sovereign,Asia,1.5563278038346282,47.59050347290719,29.340277375959214,2,136,0,0.34446685846631314,True,1.8733486437354188,1.5461249745701622
MDV-1800-2025,Maldives,sovereign,Asia,0.0027384168796017886,73.25224822847548,3.2162867852819668,19,105,0,0.02701500224191997,True,0.7738810007207348,7.669437007142719
MMR-1800-2025,Myanmar,sovereign,Asia,58.110449791343754,96.50697494073101,21.155352573672616,16,1369,0,0.09631628281011571,True,8.964436008348741,18.706945017422214
NPL-1800-2025,Nepal,sovereign,Asia,13.534121448839965,83.93847908338175,28.25307817559355,1,364,0,0.30717636500042816,True,8.142354007583037,4.056354003777855
OMN-1800-2025,Oman,sovereign,Asia,26.759032312434925,56.109656504954124,20.602307514597737,3,517,0,0.3225042909777605,True,7.847791288467874,9.725925212643602
PHL-1800-2025,Philippines,sovereign,Asia,24.270156067567648,122.87873020108862,11.742026609167727,45,2551,0,0.01810429234336752,True,9.645818008983383,14.341945013356977
QAT-1800-2025,Qatar,sovereign,Asia,0.9941918409971281,51.19138297162878,25.31519589109906,1,151,0,0.5474219286661367,True,0.8638910008045002,1.596455001486774
LKA-1800-2025,Sri Lanka,sovereign,Asia,5.407533090796777,80.70487006580366,7.606996529242036,2,270,0,0.35070457542005723,True,2.1932040020425347,3.9062505036380344
TLS-1800-2025,Timor-Leste,sovereign,Asia,1.2348158640210503,125.8532864418856,-8.82350147552066,3,214,0,0.2612929667165797,True,3.260409003036557,1.3236270012326798
CYP-1879-2025,Cyprus,sovereign,Asia,0.9018215457176905,33.22192497196753,35.045898445834396,1,197,0,0.31275468538387907,True,2.315968002156808,1.0473635009754076
BRN-1888-2025,Brunei Darussalam,sovereign,Asia,0.46682806939961347,114.76162002078443,4.5213499034990114,2,97,0,0.25823522639889107,True,1.1986132511162282,1.032431500961465
THA-1909-2025,Thailand,sovereign,Asia,43.13692016075937,101.01720812160511,15.127646612508451,8,1195,0,0.1274637848826226,True,8.292019007722502,14.821109013803195
MNG-1911-2025,Mongolia,sovereign,Asia,184.42985744425962,103.08311705896011,46.83533982397475,1,1218,0,0.32053505947594185,True,32.170409029961036,10.555081059741497
JOR-1918-2025,Jordan,sovereign,Asia,8.45321698250599,36.7874910706177,31.2538721004231,1,119,0,0.40489323659420884,True,4.345049598146147,4.1910135039033065
AFG-1919-2025,Afghanistan,sovereign,Asia,62.56727792474293,66.02644043079925,33.83882269230428,1,696,0,0.3050008074148355,True,14.41157301342173,9.065873008443234
IRQ-1921-2025,Iraq,sovereign,Asia,42.13932229162362,43.77252479617608,33.04812401052007,1,349,0,0.46908752623713573,True,9.758204509087925,8.322009007750538
LBN-1944-2025,Lebanon,sovereign,Asia,0.9953826781848342,35.888007766425766,33.92023821127524,1,118,0,0.39896700145559566,True,1.5204941889160182,1.5854180014764694
PRK-1948-2025,North Korea,sovereign,Asia,12.917994023927132,127.18204290824026,40.143079769401,1,529,0,0.22179762896620098,True,6.3734640059356025,5.330272504964299
KOR-1948-2025,South Korea,sovereign,Asia,9.762808540210765,127.83515838140201,36.37547574945395,7,478,0,0.1532656062930035,True,3.4869540032473765,5.433036005059904
IND-1949-2025,India,sovereign,Asia,278.6791799665468,79.61598393581241,22.883711193300694,15,2764,0,0.11316829965699385,True,29.236309027228458,28.75979102678467
KHM-1953-2025,Cambodia,sovereign,Asia,15.129286847536019,104.92360971738161,12.71636970730855,2,393,0,0.39441273299826307,True,5.286625278524127,4.282959790446128
LAO-1954-2025,Laos,sovereign,Asia,19.68202189769658,103.76346396337911,18.50257762914223,1,578,0,0.17566410873803504,True,7.606999384496021,8.573461992839881
MYS-1965-2025,Malaysia,sovereign,Asia,26.74441486907562,109.7070251467268,3.7919798783141716,11,1147,0,0.09183011120087803,True,19.633745518285252,6.499991006053591
SGP-1965-2025,Singapore,sovereign,Asia,0.04426567858075458,103.8081735589262,1.3512092810966476,1,25,0,0.7685288833234001,True,0.3521135003278886,0.18597300017311502
SYR-1967-2025,Syrian Arab Republic,sovereign,Asia,18.462853690164557,38.521022494281304,35.024702043041074,1,252,0,0.4719226740334256,True,6.637861256182077,4.976936004635135
BGD-1971-2025,Bangladesh,sovereign,Asia,12.219751281739446,90.26815799504624,23.843624753964434,7,900,0,0.08722242524963462,True,4.623846004306245,5.8813180054774925
PAK-1971-2025,Pakistan,sovereign,Asia,82.0628747639053,69.38605627154207,29.967054696159767,1,1147,0,0.2005676107639538,True,16.95744959761106,13.372746012454307
ARE-1971-2025,United Arab Emirates,sovereign,Asia,6.239193981198625,54.33513755113454,23.910926505639047,3,271,0,0.27964260346559955,True,4.799772337803489,3.450555003213566
VNM-1975-2025,Vietnam,sovereign,Asia,32.377866076780606,105.77556803177981,17.277681900554693,5,1419,0,0.08762533776021895,True,8.944161792661816,14.764927965990111
ISR-1979-2025,Israel,sovereign,Asia,2.6670270256654582,35.05029597093819,31.54920563363754,1,168,0,0.3930981600370026,True,1.6673384101403599,3.8619685035967137
ARM-1991-2025,Armenia,sovereign,Asia,3.141682065739992,44.94712689378572,40.286509210984164,2,191,2,0.26753370622185474,True,3.16634150294891,2.4544090022858285
AZE-1991-2025,Azerbaijan,sovereign,Asia,9.10421119523186,47.53295036004862,40.292217842177436,4,428,1,0.1695654859989616,True,5.588418199742065,3.511251366906535
GEO-1991-2025,Georgia,sovereign,Asia,7.62314518708712,43.51739834454801,42.176289426048534,1,303,0,0.30072069346163277,True,6.707855006247257,2.536673002362562
KAZ-1991-2025,Kazakhstan,sovereign,Asia,329.67797159589924,67.3027513362108,48.16021208271179,2,2071,0,0.18804855850159335,True,40.844065364360745,14.848191013828497
KGZ-1991-2025,Kyrgyzstan,sovereign,Asia,21.511814630952834,74.55562875946082,41.46497488031093,1,576,0,0.20037494974945422,True,11.03208201027445,4.021427003745259
TJK-1991-2025,Tajikistan,sovereign,Asia,14.713480471867653,71.04228278141014,38.52805651920868,1,543,0,0.16129802221691367,True,7.8221320072848926,4.377409004076682
TKM-1991-2025,Turkmenistan,sovereign,Asia,49.150101911812854,59.38414490315106,39.12240413364773,1,898,0,0.22323917498338758,True,14.223409902458272,7.650182007124698
UZB-1991-2025,Uzbekistan,sovereign,Asia,48.36959600126649,63.16982416767573,41.7501848137169,1,796,0,0.16718484056885655,True,17.17005401599073,8.384724007808941
SAU-2000-2025,Saudi Arabia,sovereign,Asia,171.27621392464735,44.54632369553937,24.122932712215636,4,886,0,0.46214822804829964,True,21.088886236198725,15.777014202187004
YEM-2000-2025,Yemen,sovereign,Asia,38.288067198312085,47.60009969540424,15.905698696200881,5,558,0,0.41580561242840286,True,11.912845556671172,6.854623433555858
IDN-2002-2025,Indonesia,sovereign,Asia,152.86901218201345,117.2984808326011,-2.229700093230045,136,8383,0,0.011176035197227912,True,45.79438691599647,16.843128015686396
ABU-1800-1971,Abu Dhabi,historical,Asia,5.266858680748297,54.04983029730562,23.662023004630758,128,3230,1,0.07278093876698344,True,4.520099999999999,2.621000000000002
AFG-1800-1888,Afghanistan (to 1888),historical,Asia,78.75426275038488,67.00405217598963,33.72554972231488,1,717,0,0.3561893774304572,True,14.879988533471874,9.065873008443234
AFG-1800-1893,Afghanistan (to 1893),historical,Asia,78.75426275038488,67.00405217598963,33.72554972231488,1,717,0,0.3561893774304572,True,14.879988533471874,9.065873008443234
AJM-1800-1971,Ajman,historical,Asia,0.0209208850000003,55.733051938935674,25.225169192603467,3,102,1,0.13220271995760077,True,0.6792000000000016,0.6997
BAD-1800-1873,Badakhshan,historical,Asia,4.424837815000013,71.4588402202437,37.03289101041495,1,1309,0,0.1525088585716936,True,4.932599999999994,3.044000000000004
BUK-1800-1920,Bukhara,historical,Asia,20.182665021824537,67.14040858177692,38.97839209968738,1,411,0,0.24907137822418604,True,10.728015457445224,4.68335849235757
BOK-1800-1920,Bukhara (to 1920),historical,Asia,20.182665021824537,67.14040858177692,38.97839209968738,1,411,0,0.24907137822418604,True,10.728015457445224,4.68335849235757
CAM-1800-1904,Cambodia (to 1904),historical,Asia,10.831458361986396,105.361696559466,12.440408230129771,1,409,0,0.34545174190900807,True,4.657072955417959,4.282959790446128
CHN-1800-1895,China (to 1895),historical,Asia,1160.394193456734,103.67381047747375,38.39080652297491,22,4756,0,0.16069968002126706,True,61.14841805694908,35.56026054268537
HER-1800-1862,Herat,historical,Asia,5.353198125000001,62.12165345168294,34.19070441189311,2,601,0,0.3484099639352017,True,3.9699000000000026,2.8656000000000006
IND-1800-1893,India (to 1893),historical,Asia,414.12419573113647,80.34937928482915,23.771053831611198,36,3956,0,0.07849365066135208,True,40.30098543753326,30.715177210063956
IND-1800-1947,India (to 1947),historical,Asia,414.12419573113647,80.34937928482915,23.771053831611198,36,3956,0,0.07849365066135208,True,40.30098543753326,30.715177210063956
IND-1800-1889,Indonesia (to 1889),historical,Asia,152.86901185435255,117.29848083134543,-2.2297001069540126,136,8381,0,0.011176035174648468,True,45.79438691599647,16.843128015686396
KHI-1800-1873,Khiva,historical,Asia,9.006331763902498,58.89459807462282,41.13760116647764,2,600,3,0.25044734790213113,True,6.060200000000002,3.4140000000000015
KHI-1800-1920,Khiva (to 1920),historical,Asia,10.906136806607728,60.29832511171124,41.17334471217132,1,255,0,0.20116681816146795,True,8.700709603098119,6.619843539571335
KOK-1800-1876,Kokand,historical,Asia,1.9990264989925848,71.51564829145775,40.75935891128723,4,830,5,0.1450251967027407,True,2.8031000000000006,1.6732999999999976
OKO-1800-1910,Korea (to 1910),historical,Asia,22.680802564138077,127.4631723480429,38.521338360645515,7,815,0,0.10882380970468189,True,6.373464005935659,9.813891009140022
OTT-1800-1912,Ottoman Empire,historical,Asia,63.92279999999998,23.48867502675107,42.63597940015139,35,1799,1,0.053975043137269946,True,26.479999999999997,13.32
PER-1800-1896,Perak (to 1896),historical,Asia,1.475217129645367,101.05801031437429,4.648726496124345,1,204,0,0.4177557178495717,True,1.2826456109960418,1.921365353341201
SEL-1800-1896,Selangore (to 1896),historical,Asia,0.5579570025725367,101.47479677439263,3.3455825455915766,1,136,0,0.38268835951187685,True,1.0073979654816299,1.2010552353070811
THA-1800-1893,Thailand (to 1893),historical,Asia,65.60303810402334,101.94170714745417,15.117045787785317,8,1410,0,0.14041139299810526,True,10.347980958477365,16.910125120992348
VNM-1800-1893,Vietnam (to 1893),historical,Asia,32.377866076780606,105.77556803177981,17.277681900554693,5,1419,0,0.08762533776021895,True,8.944161792661816,14.764927965990111
BRN-1816-1888,Brunei (greater),historical,Asia,0.46682806939961347,114.76162002078443,4.5213499034990114,2,97,0,0.25823522639889107,True,1.1986132511162282,1.032431500961465
CHE-1816-1857,Chechnya,historical,Asia,2.0368000000000004,46.381352448284865,42.74499672689186,1,130,0,0.579449727340422,True,2.3000000000000043,1.4799999999999969
CIR-1816-1861,Circassia,historical,Asia,5.132400000000001,40.54338191359463,44.33104876211259,1,110,0,0.5722933105361038,True,4.380000000000003,2.1400000000000006
YUN-1856-1871,Yunnan,historical,Asia,34.264743344999964,101.48981328462975,24.97573084046053,1,4418,0,0.12679935149724658,True,8.6601,8.111700000000003
PAH-1888-1896,Pahang (1888-1896),historical,Asia,2.954783203982505,102.54722314622431,3.7254223339056147,2,308,0,0.3776540447069711,True,2.871480124803938,2.3075349070962674
IND-1889-1949,Indonesia (1889-1949),historical,Asia,152.86901218201345,117.2984808326011,-2.229700093230045,136,8382,0,0.011176035197227912,True,45.79438691599647,16.843128015686396
IND-1893-1914,India (1893-1914),historical,Asia,430.3111805567803,79.98951389290522,24.129041491461756,36,3935,0,0.08280390463732999,True,40.30098543753326,30.715177210063956
THA-1893-1904,Thailand (1893-1904),historical,Asia,50.748015021266546,101.31446934074691,14.345071807385924,8,1446,0,0.10968027335578634,True,8.58041525841088,16.538525120646327
VIE-1893-1954,Vietnam (1893-1954),historical,Asia,27.5508672618409,106.30118698602178,16.659604198466077,5,1410,0,0.07773052753819791,True,7.317976189994283,14.764927965990111
CHN-1895-1912,China (1895-1912),historical,Asia,1157.2064611580333,103.62618745835533,38.43113462342233,21,4564,0,0.16988174619580765,True,61.14841805694908,35.56026054268537
CAM-1904-1907,Cambodia (1904-1907),historical,Asia,12.392713324365884,105.26242994675293,12.544573920591604,2,422,0,0.3452776926771833,True,4.915925278178975,4.282959790446128
THA-1904-1907,Thailand (1904-1907),historical,Asia,49.18676005888668,101.21101526288199,14.379283654629246,9,1514,0,0.1186705625989054,True,8.292019007722502,16.538525120646327
SOU-1905-1945,Southern Sakhalin Island (1905-1945),historical,Asia,3.887199621431203,142.70894547788205,48.29414562101896,1,324,0,0.16180202841296043,True,2.9269730027259584,4.005569849246271
THA-1907-1909,Thailand (1907-1909),historical,Asia,46.45018653571652,101.08268669931917,14.431418436533045,9,1485,0,0.10987191138758785,True,8.292019007722502,16.538525120646327
CHN-1913-1914,China (1913-1914),historical,Asia,975.0316707187361,105.95421470608328,39.449628467045,21,4576,0,0.13335519473456722,True,61.14841805694908,35.56026054268537
TIB-1913-1914,Tibet (1913-1914),historical,Asia,182.17479043930155,91.16617424051624,32.97997559329693,1,1097,0,0.3622085270399924,True,23.356643085331882,12.513361940215262
CHN-1914-1921,China (1914-1921),historical,Asia,953.6340915837136,106.20665319946218,39.17774323908013,21,4611,0,0.13360894247612556,True,61.14841805694908,35.38486303295478
IND-1914-1937,India (1914-1937),historical,Asia,437.1646824667501,80.21452458735426,24.190667204701214,36,4026,0,0.08142504676453169,True,40.30098543753326,30.715177210063956
TIB-1914-1950,Tibet (1914-1950),historical,Asia,175.32128852933204,91.04201666710591,33.1723042528378,1,1122,0,0.33813904937496087,True,23.356643085331882,11.937763764143668
F246-1918-1990,North Yemen,historical,Asia,11.497256023939402,44.3724543803678,15.379263259147052,3,204,0,0.6290563127123057,True,3.7727041356533135,4.711908505475904
JOR-1920-1923,Jordan (1920-1923),historical,Asia,4.263056530188686,35.99700024611249,30.964711191398997,1,121,0,0.37089822361298586,True,3.0036667762407774,3.7485185559738454
SYR-1920-1967,Syrian Arab Republic (1920-1967),historical,Asia,18.570148408444762,38.5049550573603,35.013059071149804,1,266,0,0.4610224070917253,True,6.751193256287593,4.976936004635135
CHN-1921-1945,China (1921-1945),historical,Asia,769.2042341394542,106.95557435661021,37.34170362328449,21,4548,0,0.09864281028459641,True,61.14841805694908,35.38486303295478
SAU-1924-1932,Saudi Arabia (1924-1932),historical,Asia,173.81347309310613,44.58566558759741,24.023093286615218,4,882,0,0.44919709133621755,True,21.088886236198725,16.538001754390663
SAU-1932-2000,Saudi Arabia (1932-2000),historical,Asia,173.81347309310613,44.58566558759741,24.023093286615218,4,882,0,0.44919709133621755,True,21.088886236198725,16.538001754390663
IND-1937-1947,India (1937-1947),historical,Asia,379.05423267540596,77.71683022959549,24.655992435928376,21,3044,0,0.12094379162546019,True,36.512094434004666,30.715177210063956
CHN-1945-1947,China (1945-1947),historical,Asia,772.3919664381549,107.01337956775892,37.285613346471166,22,4740,0,0.09379249881507397,True,61.14841805694908,35.38486303295478
IDN-1945-1949,Indonesia (1945-1949),historical,Asia,152.86901218201345,117.2984808326011,-2.229700093230045,136,8382,0,0.011176035197227912,True,45.79438691599647,16.843128015686396
MAL-1946-1963,Malaysia (1946-1963),historical,Asia,10.711249380478414,102.17248660265516,4.038827130366018,4,434,0,0.3281550221023974,True,4.6512275043317,5.440709505067051
SYR-1946-1967,Syrian Arab Republic (1946-1967),historical,Asia,18.570148408444762,38.5049550573603,35.013059071149804,1,266,0,0.4610224070917253,True,6.751193256287593,4.976936004635135
CHN-1947-1949,China (1947-1949),historical,Asia,778.4843945951897,106.78541283213104,37.27410215289057,22,4856,0,0.09212662480870251,True,61.14841805694908,35.38486303295478
IND-1947-1949,India (1947-1949),historical,Asia,268.3787283457572,79.73078140757029,22.46646139189247,15,2538,0,0.12221586585601593,True,29.236309027228458,26.482550938612263
JAM-1947-1949,Jammu and Kashmir (1947-1949),historical,Asia,10.300451620789445,76.62493066728268,33.755173457969306,1,313,0,0.3486236751842501,True,5.730363005336926,3.2167328546897522
KAS-1947-1949,Kashmir (North Azad) (1947-1949),historical,Asia,8.12011493040055,74.8328838588246,35.541816042487724,1,328,0,0.23610451868498522,True,5.319478027816558,4.245364003953782
PAK-1947-1949,Pakistan (1947-1949),historical,Asia,86.16251111524416,71.83428138192954,28.573240934558854,8,1904,0,0.09215205021655848,True,31.79927642961536,16.156242956223164
ISR-1948-1967,Israel (1948-1967),historical,Asia,1.9642965818801932,34.966004034419875,31.358749972388775,1,208,0,0.21668950051723823,True,1.4135270013164245,3.783564003523651
CHN-1949-1950,China (1949-1950),historical,Asia,775.296662296489,106.72712455063211,37.32970433191659,21,4664,0,0.09682534044233279,True,61.14841805694908,35.38486303295478
IDN-1949-1969,Indonesia (1949-1969),historical,Asia,119.42983772251273,111.68754812406716,-1.7226269563033878,122,7045,0,0.012829115170754085,True,39.67342753694878,16.843128015686396
PAK-1949-1971,Pakistan (1949-1971),historical,Asia,94.28262604564473,72.09253677599546,29.17341122203173,8,2047,0,0.09170645312626285,True,31.79927642961536,16.31597301519548
NVI-1954-1975,North Vietnam,historical,Asia,13.525101208364608,105.15130768888673,20.98877800790851,3,571,0,0.18166574392091986,True,5.917422198687049,6.380035369398485
SVI-1954-1975,South Vietnam,historical,Asia,14.025766053476321,107.41002010157905,12.48496491687064,3,843,0,0.1266298455006389,True,5.618923050851379,8.452343234506568
MYS-1957-1963,Malaysia (1957-1963),historical,Asia,10.711249380478414,102.17248660265516,4.038827130366018,4,434,0,0.3281550221023974,True,4.6512275043317,5.440709505067051
FED-1962-1967,Federation of South Arabia (1962-1967),historical,Asia,24.253552057873822,49.16766945075911,16.011116154360433,3,381,0,0.35871903451734016,True,11.01153030682945,6.854623433555858
MYS-1963-1965,Malaysia (1963-1965),historical,Asia,26.78868054765638,109.69727787052499,3.7879467432535026,12,1163,0,0.08944857323249403,True,19.633745518285252,6.499991006053591
ISR-1967-1979,Israel (1967-1979),historical,Asia,8.317020783081524,34.125690570282806,30.332442161656452,1,286,0,0.4085446861624508,True,3.6693420765494977,5.620068505234105
F247-1967-1990,South Yemen,historical,Asia,24.253552057873822,49.16766945075911,16.011116154360433,3,381,0,0.35871903451734016,True,11.01153030682945,6.854623433555858
IDN-1969-1976,Indonesia (1969-1976),historical,Asia,152.86901218201345,117.2984808326011,-2.229700093230045,136,8382,0,0.011176035197227912,True,45.79438691599647,16.843128015686396
IDN-1976-2002,Indonesia (1976-2002),historical,Asia,154.1039025773607,117.36703324857301,-2.2825388848481314,137,8474,0,0.011023655041399877,True,45.79438691599647,16.843128015686396
YEM-1990-2000,Yemen (1990-2000),historical,Asia,35.7508080818132,47.625555626982674,15.807915866156826,5,556,0,0.3563973317912096,True,11.912845556671172,6.854623433555858
STR-1800-1946,Straits Settlement (to 1946),colonial,Asia,0.29312146370554615,101.91204142928491,3.1887391756769214,4,134,0,0.1827990437938563,True,3.8145495035524704,4.325049432091092
UNF-1800-1909,Unfederated Malay States (to 1909),colonial,Asia,1.553650088972771,103.3883510294826,2.045666640685453,1,163,0,0.47100726097504975,True,1.8013717159633416,1.578884116843842
STR-1826-1922,Straits Settlement,colonial,Asia,0.2770377349999995,102.02221107604092,3.0709943810747102,58,1218,0,0.04683243210719581,True,3.91040000000001,4.4193999999999996
ADE-1839-1967,Aden,colonial,Asia,3.8842256747536674,45.88672556687353,14.056438635152976,1,185,0,0.3131241638611921,True,3.9324974417266674,3.435380937121508
SAB-1888-1963,Sabah (British Borneo) (1888-1963),colonial,Asia,5.925279031465009,117.15354508262931,5.360149723849722,6,366,0,0.23615247049751212,True,3.9161090036470227,3.184437002965737
SAR-1888-1963,Sarawak (1888-1963),colonial,Asia,10.107886457131562,113.32614107506049,2.6111310005827284,2,455,0,0.21605466157104394,True,6.231408483654661,4.189163003901456
FED-1895-1922,Federated Malay States,colonial,Asia,5.59547713142366,102.00198678772476,3.8291219907880025,2,475,0,0.30971805867225666,True,3.85612750359131,3.193117630701977
FED-1896-1909,Federated Malay States (1896-1909),colonial,Asia,5.59547713142366,102.00198678772476,3.8291219907880025,2,475,0,0.30971805867225666,True,3.85612750359131,3.193117630701977
KIA-1898-1922,Kiautchou,colonial,Asia,1.1005462600000016,120.14494888558325,36.45650972695558,38,1884,0,0.09579564816607712,True,1.555800000000005,1.5615999999999985
FED-1909-1946,Federated Malay States (1909-1946),colonial,Asia,5.815458246392692,101.98180572485774,3.8969097129593133,2,507,0,0.27872269300349833,True,3.85612750359131,3.5190016395598747
UNF-1909-1946,Unfederated Malay States (1909-1946),colonial,Asia,4.646935348960928,102.44312594929384,4.244451814443339,4,580,0,0.1335219070992067,True,4.6512275043317,5.440709505067051
ADE-1937-1962,Aden (1937-1962),colonial,Asia,3.8842256747536674,45.88672556687353,14.056438635152976,1,185,0,0.3131241638611921,True,3.9324974417266674,3.435380937121508
EAS-1937-1962,East Aden Protectorate (1937-1962),colonial,Asia,20.36932638312015,49.793312450999665,16.38385349791153,3,280,0,0.5264522940963358,True,7.761019816047622,6.854623433555858
IOT-1800-2025,British Indian Ocean Territory,dependency,Asia,0.005255055000000037,72.12446509693989,-6.701616765571269,44,451,0,0.010601928707117085,True,1.2580999999999989,2.2086000000000006
GAZ-1800-1982,Gaza Strip,dependency,Asia,0.03249344999999953,34.37242591814145,31.404387745930325,1,22,0,0.3920201775132186,True,0.31700000000000017,0.37079999999999913
MAC-1800-2025,Macao,dependency,Asia,0.0029403099999997045,113.56070734128946,22.160572575340698,2,103,1,0.06904704214939668,True,0.06989999999998986,0.10809999999999675
RYU-1800-1982,Ryukyu Islands,dependency,Asia,0.21035612000000153,126.66806584542427,25.769374901498782,114,2818,0,0.011179829825921547,True,8.398899999999998,3.0493999999999986
HKG-1841-2025,Hong Kong,dependency,Asia,0.09896280999999955,114.13485013897949,22.381264890555055,73,1769,0,0.019511838296865126,True,0.6064000000000078,0.4089000000000027
GAZ-1948-1967,Gaza Strip (1948-1967),dependency,Asia,0.035408714217876405,34.373519811889956,31.402814129517115,1,19,0,0.3950487723312093,True,0.3421333357740082,0.3831730003569618
WES-1948-1967,West Bank (1948-1967),dependency,Asia,0.5600270112871822,35.25657566401842,31.94669404516589,1,67,0,0.5332983759679077,True,0.6824180006355505,1.195700001113579
PAL-1918-2025,Palestine/Jordan,mandate,Asia,9.038972676641082,36.68332415698421,31.28974057121585,2,489,0,0.30015832896407385,True,5.072800000000001,4.184800000000003
PAL-1920-1948,Palestine (1920-1948),mandate,Asia,2.5597323073852523,35.02138047216917,31.487991931039655,1,165,0,0.4110936064134077,True,1.4643513368192203,3.783564003523651
MAN-1932-1945,Manchukuo,puppet,Asia,769.2042341394542,106.95557435661021,37.34170362328449,21,4548,0,0.09864281028459641,True,61.14841805694908,35.38486303295478
TWN-1896-2025,Taiwan,disputed,Asia,3.187732298700556,120.96185735838165,23.750951594457394,1,259,0,0.5345709786805742,True,1.948550501814708,3.3558360031252903
PSE-1999-2025,Palestine,disputed,Asia,2.5597323073852523,35.02138047216917,31.487991931039655,1,165,0,0.4110936064134077,True,1.4643513368192203,3.783564003523651
CHN-1800-2025,"China, mainland",aggregate,Asia,1157.2064611580333,103.62618745835533,38.43113462342233,21,4564,0,0.16988174619580765,True,61.14841805694908,35.56026054268537
DEI-1800-2025,Dutch East Indies (Indonesia),aggregate,Asia,152.86901218201345,117.2984808326011,-2.229700093230045,136,8382,0,0.011176035197227912,True,45.79438691599647,16.843128015686396
FRI-1800-2025,French India,aggregate,Asia,430.3111805567803,79.98951389290522,24.129041491461756,36,3935,0,0.08280390463732999,True,40.30098543753326,30.715177210063956
KOR-1800-1945,Korea (old) (to 1945),aggregate,Asia,9.762808540210765,127.83515838140201,36.37547574945395,7,478,0,0.1532656062930035,True,3.4869540032473765,5.433036005059904
POR-1800-2025,Portuguese India,aggregate,Asia,0.31107558999999874,74.05739090436927,15.359676113241475,4,522,0,0.2570679178363671,True,0.6617999999999995,0.9017999999999997
SHA-1800-2025,Sharjah,aggregate,Asia,0.22551187999999958,55.81493755251385,25.170517622800304,8,561,0,0.08118963793585202,True,1.0315999999999974,0.8678000000000026
SIK-1800-2025,Sikkim,aggregate,Asia,0.6473365199999983,88.4728955974551,27.571522108399936,1,404,0,0.48008215160860185,True,0.90270000000001,1.0493999999999986
TIB-1800-2025,Tibet (old),aggregate,Asia,175.32128852933204,91.04201666710591,33.1723042528378,1,1122,0,0.33813904937496087,True,23.356643085331882,11.937763764143668
SAR-1841-2025,Sarawak,aggregate,Asia,10.107886457131562,113.32614107506049,2.6111310005827284,2,455,0,0.21605466157104394,True,6.231408483654661,4.189163003901456
FUJ-1886-2025,Fujairah,aggregate,Asia,0.1422661149999997,56.20360996947752,25.353975603321487,3,369,0,0.13290248831101492,True,0.4065000000000012,0.7599000000000018
FID-1887-2025,French Indochina,aggregate,Asia,27.5508672618409,106.30118698602178,16.659604198466077,5,1410,0,0.07773052753819791,True,7.317976189994283,14.764927965990111
SAB-1888-2025,Sabah (British Borneo),aggregate,Asia,5.925279031465009,117.15354508262931,5.360149723849722,6,366,0,0.23615247049751212,True,3.9161090036470227,3.184437002965737
UMM-1892-2025,Umm al Qawain,aggregate,Asia,0.06666531740596258,55.742105784219845,25.487002214629754,14,251,0,0.14519245249528515,True,0.5014000000000038,0.34380000000000166
KCW-1898-2025,Kwang-Chou-Wan,aggregate,Asia,1.0913471750000001,110.16438257943453,21.094214786231554,36,2365,0,0.05900125561183152,True,1.3033999999999963,1.6914000000000016
KWA-1898-2025,Kwantung (Port Arthur),aggregate,Asia,1.311251674999997,122.2173609039925,39.603599140120586,148,4200,0,0.029848889718691655,True,2.5418999999999983,1.4923000000000002
SYR-1918-2025,Syria and Lebanon,aggregate,Asia,18.462853690164557,38.521022494281304,35.024702043041074,1,252,0,0.4719226740334256,True,6.637861256182077,4.976936004635135
RAS-1919-2025,Ras al Khaimah,aggregate,Asia,0.21829220999999976,56.04343032962788,25.463085180786663,6,648,0,0.08335614732082332,True,0.5500000000000043,1.228399999999997
BMA-1922-2025,British Malaya,aggregate,Asia,5.815458246392692,101.98180572485774,3.8969097129593133,2,507,0,0.27872269300349833,True,3.85612750359131,3.5190016395598747
F351-1950-2025,China,aggregate,Asia,950.6179508258217,103.83433957589801,36.562960196522575,21,4649,0,0.12993739449736152,True,61.14841805694908,35.38486303295478
AND-1800-2025,Andorra,sovereign,Europe,0.05558516544953164,1.5767659285452509,42.5486544992114,1,19,0,0.7949931788948721,True,0.360327000335559,0.2195820002044968
VAT-1800-2025,Holy See,sovereign,Europe,31.250529440849284,12.106110131999554,42.587437632790106,4,1049,1,0.0875651786587935,True,11.884488511068128,10.040345009350915
ISL-1800-2025,Iceland,sovereign,Europe,19.561418141834675,-18.604427014919963,64.99742523936627,1,1043,0,0.07165559761902589,True,11.038954010280833,3.1461000029300408
LIE-1800-2025,Liechtenstein,sovereign,Europe,0.02092051965797024,9.554269974018995,47.15184767816034,1,17,0,0.6543165421423658,True,0.1592550001483346,0.2170910002021742
MLT-1800-2025,Malta,sovereign,Europe,0.029134133495508058,14.441902124580935,35.89036794329799,1,19,0,0.7973029736654839,True,0.23784550022147855,0.19138150017821687
MCO-1800-2025,Monaco,sovereign,Europe,0.0010361857069305215,7.412820916635263,43.747982283748684,1,6,0,0.6895979738172252,True,0.04839100004505781,0.04075500003796151
NLD-1800-2025,Netherlands,sovereign,Europe,4.59706606835306,5.609616260730358,52.2440162645518,6,478,0,0.08730715082188195,True,3.840108810617807,2.7119450025256953
NOR-1800-2025,Norway,sovereign,Europe,59.88980623018816,14.08433244725322,64.44616171395317,70,4742,0,0.008706628220762602,True,26.283954024478817,13.166791012262536
PRT-1800-2025,Portugal,sovereign,Europe,9.637801975175126,-8.557004525763164,39.60236011130285,9,629,0,0.1640803520340776,True,25.098572023374913,9.513173008859795
SMR-1800-2025,San Marino,sovereign,Europe,0.0067111306114992445,12.460978013745683,43.94294516545724,1,10,0,0.8493359218321573,True,0.10416400009700055,0.08819100008213354
ESP-1800-2025,Spain,sovereign,Europe,53.60211908634778,-3.6489755539879636,40.22785609202162,12,1279,0,0.18295505382492258,True,22.48541802094132,16.126800015019228
SWE-1800-2025,Sweden,sovereign,Europe,78.56164198741665,16.739840560011938,62.790289579472315,10,1384,0,0.11651508455531846,True,13.05367301215719,13.722085512779671
CHE-1800-2025,Switzerland,sovereign,Europe,4.890203493506079,8.234584419925893,46.802646076959434,1,269,0,0.26012379965100124,True,4.521200004210896,1.977227424607534
BEL-1831-2025,Belgium,sovereign,Europe,3.894228979700009,4.663692753555774,50.6428650310706,1,202,0,0.3426312440895356,True,3.8410359685083217,1.9923630018556793
ALB-1913-2025,Albania,sovereign,Europe,3.0737045526175764,20.068503536022927,41.141859149379385,1,200,0,0.4188107675670781,True,1.7647910016439141,3.015345002768214
AUT-1918-2025,Austria,sovereign,Europe,10.039868676239987,14.140292284650089,47.59295461307893,1,341,0,0.25989108401435357,True,7.637095519109124,2.6112540024569455
FRA-1919-2025,France,sovereign,Europe,64.34678967704474,2.5519529242902164,46.56456139137846,6,1016,0,0.18822435442131596,True,14.352500013366864,9.727641009059496
GRC-1919-2025,Greece,sovereign,Europe,13.527785541431733,22.958219675656295,39.06989083218838,32,1368,0,0.026537059310105002,True,8.595272508005024,6.817228006349083
ITA-1919-2025,Italy,sovereign,Europe,33.05201645622398,12.071750107612813,42.7956788012485,4,1025,1,0.0907923255109216,True,11.884488511068128,10.444100009726938
DNK-1920-2025,Denmark,sovereign,Europe,6.131440432018788,10.044373115379807,55.96400771181865,15,893,0,0.03785092477531771,True,7.056245006571714,3.1799050029615614
TUR-1920-2025,Türkiye,sovereign,Europe,81.196897928499,35.179813464631216,39.06064546075389,5,1164,0,0.17229363068039957,True,19.154718017839258,6.2909095058588065
IRL-1921-2025,Ireland,sovereign,Europe,9.351604080460158,-8.14968725344622,53.17648008581956,2,659,0,0.09768389655082302,True,4.461113004154726,3.933859503663683
GBR-1921-2025,United Kingdom,sovereign,Europe,33.593482515159984,-2.8943364496425623,54.15355586798711,27,2315,0,0.03172349775935606,True,9.921109009239785,10.887358510139578
BGR-1940-2025,Bulgaria,sovereign,Europe,12.210079467675758,25.231418850444122,42.76141245937121,1,341,0,0.3727434272715331,True,6.239863005729262,2.977517126820402
FIN-1940-2025,Finland,sovereign,Europe,62.64944555898102,26.266902377166772,64.50064956687723,13,1095,0,0.16591780608343956,True,12.070572011241723,10.281809009575738
ROU-1940-2025,Romania,sovereign,Europe,27.498611029376885,24.96933763747749,45.8436514255117,1,518,0,0.4105156176144526,True,9.41239479936533,4.642077504529411
POL-1945-2025,Poland,sovereign,Europe,40.91188581334094,19.400821651399678,52.124636134511235,1,583,0,0.4123573371012655,True,9.995836267787979,5.833118005432468
HUN-1947-2025,Hungary,sovereign,Europe,11.032831473839984,19.413625154529143,47.16661293697072,1,298,0,0.4220072805486964,True,6.783575236688222,2.8278460026220102
DEU-1990-2025,Germany,sovereign,Europe,45.82999336222454,10.39351182301926,51.103520354516746,4,1369,0,0.1945589974844049,True,9.168818237411358,7.7818079935826745
BLR-1991-2025,Belarus,sovereign,Europe,28.156479817884044,28.04675714414884,53.539968626033804,1,492,0,0.3531768196550899,True,9.574654008917094,4.915646004578008
EST-1991-2025,Estonia,sovereign,Europe,7.104508453459551,25.529109373593066,58.67404763004644,5,551,0,0.16064737815596453,True,6.356737005920042,2.141534078171105
LVA-1991-2025,Latvia,sovereign,Europe,9.516145687309649,24.929606364210425,56.85747648656397,1,397,0,0.31984008914396705,True,7.267354006768301,2.4077090022422567
LTU-1991-2025,Lithuania,sovereign,Europe,9.204471412568369,23.89782135560518,55.33571828734103,2,347,0,0.3953164588441686,True,5.870218005467223,2.559518002383669
MDA-1991-2025,Moldova,sovereign,Europe,3.9982073286577187,28.474309793345807,47.193570961631735,1,192,0,0.32465101586714723,True,3.49346073052547,3.0116345690176445
MKD-1991-2025,North Macedonia,sovereign,Europe,2.749792884815104,21.69753676171927,41.59973430866907,1,100,0,0.6641958046602954,True,2.572155002395533,1.5030630014129258
BIH-1992-2025,Bosnia and Herzegovina,sovereign,Europe,5.799257309490541,17.78661881434311,44.16809771692532,1,215,0,0.42606058283860027,True,3.879191003612817,2.697336561889415
HRV-1992-2025,Croatia,sovereign,Europe,6.378463264480764,16.41300711813756,45.05219413762027,12,742,0,0.057290812297795514,True,5.920209005511824,4.135836003628739
SVN-1992-2025,Slovenia,sovereign,Europe,2.3776401505811884,14.826737863941661,46.12365510037456,1,156,0,0.30528357187474275,True,3.216940080729273,1.4504270013566725
CZE-1993-2025,Czechia,sovereign,Europe,9.823926525212816,15.338355378081292,49.742835775508794,1,301,0,0.3645645725412228,True,6.752432601011748,2.469837986890056
SVK-1993-2025,Slovakia,sovereign,Europe,5.978172407601985,19.491712025445622,48.7076647489153,1,216,0,0.36720011861444735,True,5.718041845152186,1.863327001735371
LUX-2000-2025,Luxembourg,sovereign,Europe,0.3222124676867952,6.0877781151288834,49.77021435879669,1,48,0,0.580268642221322,True,0.7895820377704865,0.7330675006825942
MNE-2006-2025,Montenegro,sovereign,Europe,1.5415787063419886,19.2611090384784,42.79616911755519,1,133,0,0.3485052326865928,True,1.909400536006956,1.7069730015732958
SRB-2008-2025,Serbia,sovereign,Europe,8.69528976720783,20.79809066635948,44.23076528930787,1,367,0,0.27171065527587096,True,4.183324913821195,3.9486180037437606
RUS-2014-2025,Russia,sovereign,Europe,2901.854995642307,96.72473381445121,61.82128841156477,134,20532,0,0.02115004641619339,True,360.0,36.53562703402643
UKR-2014-2025,Ukraine,sovereign,Europe,70.51977063186193,31.263544165099812,49.17413709410067,1,1201,0,0.20921856875336295,True,18.02766744860773,7.167683050167433
AUH-1800-1908,Austria-Hungary (to 1908),historical,Europe,74.7244567145878,18.947034235081613,47.62737311163499,12,1499,0,0.14159813951512285,True,16.975571912374477,8.65234699242491
BAV-1800-1871,Bavaria,historical,Europe,9.3762,11.128811103289914,48.96987891327691,2,459,2,0.19259694453001375,True,6.84,3.3200000000000003
BOS-1800-1908,Bosnia (to 1908),historical,Europe,4.680537841353427,17.744321110704536,44.38123182371168,1,185,0,0.39914978893693565,True,3.879191003612817,2.0336999045655375
BRE-1800-1871,Bremen (city-state),historical,Europe,0.053738674999999216,8.744647761790427,53.197602695581914,3,341,0,0.11988593348965963,True,0.5091000000000001,0.5989999999999966
DNK-1800-1920,Denmark (to 1920),historical,Europe,5.575438554218219,10.127135828264082,56.04903070776548,14,836,0,0.03994151627209579,True,7.056245006571714,3.1799050029615614
DMO-1800-1860,Duchy Modena,historical,Europe,0.7267999999999993,10.617879288203998,44.5409796367639,1,140,0,0.37600258483937815,True,1.58,1.0599999999999952
DPA-1800-1860,Duchy Parma,historical,Europe,0.7121999999999999,9.913428812131423,44.73333707759991,1,106,0,0.599381166290609,True,1.2200000000000006,0.8799999999999955
FRA-1800-1919,France (to 1919),historical,Europe,62.42721194131167,2.4133086236042116,46.50106488602342,6,1001,0,0.19171890421137106,True,14.352500013366864,9.727641009059496
DEU-1800-1919,Germany (to 1919),historical,Europe,45.82999336222454,10.39351182301926,51.103520354516746,4,1369,0,0.1945589974844049,True,9.168818237411358,7.7818079935826745
GRC-1800-1913,Greece (to 1913),historical,Europe,6.573135390675297,22.364645282190057,38.371273438237964,19,738,0,0.04740525312701807,True,5.959304005550081,3.8340577911522047
HAN-1800-1866,Hanover,historical,Europe,5.324600000000004,9.22775169339794,52.76088044172328,3,658,0,0.0892758079962694,True,4.919999999999999,2.539999999999999
HER-1800-1908,Herzegovina (to 1908),historical,Europe,1.1187194681371109,17.963585433876702,43.276379747846036,1,75,0,0.5998516621512616,True,1.5832030736337686,1.2902823101691183
HES-1800-1871,Hesse,historical,Europe,2.681212170000001,9.03103332093969,50.60323867683284,2,2064,1,0.13888060197288724,True,2.4631999999999996,2.2627000000000024
MEK-1800-1871,Mecklenburg,historical,Europe,3.1839876749999965,12.553985379417012,53.75399875250791,35,3491,0,0.05521130907880338,True,3.8186999999999998,1.574300000000001
OLD-1800-1871,Oldenburg,historical,Europe,6.346912015,9.159290134658452,52.76586580178602,20,3008,2,0.09276737755104655,True,4.967,2.5966000000000022
PAP-1800-1870,Papal States,historical,Europe,4.340200000000003,12.484883031503916,43.111211464909424,3,365,1,0.1938959721019355,True,4.18,3.9399999999999977
SAR-1800-1860,Sardinia,historical,Europe,31.250529440849284,12.106110131999554,42.587437632790106,4,1049,1,0.0875651786587935,True,11.884488511068128,10.040345009350915
SAX-1800-1871,Saxony,historical,Europe,1.940200000000004,13.336407930453891,50.971325980139476,1,169,0,0.2656617737001107,True,3.16,1.259999999999998
SHL-1800-1866,Schleswig-Holstein,historical,Europe,2.150620550000008,9.810103777718968,54.18287405671199,34,2649,0,0.061619355858408054,True,3.4532999999999996,1.6965999999999966
SER-1800-1913,Serbia (to 1913),historical,Europe,5.879673028138283,21.114117608640427,43.84178867380655,1,202,0,0.4232448000554721,True,3.8920907135572804,2.5373433079018923
SWE-1800-1905,Sweden (to 1905),historical,Europe,138.4514482176047,15.591150038076263,63.5065685534569,79,5634,0,0.014818338743935443,True,26.283954024478817,15.815545014729366
THU-1800-1871,Thuringia,historical,Europe,2.070373550000001,11.024902750091327,50.90386441058139,1,2192,1,0.12218662518652121,True,2.777099999999999,1.4442000000000021
TUS-1800-1860,Tuscany,historical,Europe,2.559504420000002,11.126612000546631,43.451039874550204,17,1625,1,0.15505824018826497,True,2.6845999999999997,2.2363
TWO-1800-1860,Two Sicilies,historical,Europe,10.909,15.158536865584994,40.06111760931339,2,462,2,0.12337749684911427,True,6.08,6.300000000000004
TUR-1800-1912,Türkiye (to 1912),historical,Europe,282.9847151678049,30.611139529598674,32.88502466291479,26,4024,0,0.045368790051767596,True,41.33193518593313,31.40601619892678
F228-1800-1905,USSR (to 1905),historical,Europe,3533.452002081053,88.86164570207141,59.51956669805391,146,22043,0,0.021818953707769248,True,360.0,42.586218039661375
GBR-1800-1921,United Kingdom (to 1921),historical,Europe,42.94508659562015,-4.038727203440994,53.940790529836434,28,2869,0,0.02668694091111493,True,12.223613011384117,10.887358510139578
WUR-1800-1871,Württemberg,historical,Europe,4.393063170000003,9.04904770733357,48.53751815522086,3,2400,2,0.17358890331938867,True,2.9840999999999998,2.2890999999999977
ION-1815-1864,Ionian islands,historical,Europe,0.24185953500000026,20.433321059179384,38.620100313125285,61,2225,1,0.022193443015763707,True,1.748000000000001,2.659399999999998
ANB-1816-1864,Anhalt-Bernburg,historical,Europe,0.05600000000000013,11.459857142857144,51.75897619047619,2,44,0,0.22886322111964175,True,0.7200000000000006,0.20000000000000284
AND-1816-1863,Anhalt-Dessau,historical,Europe,0.06680000000000037,12.308682634730538,51.71528942115769,1,41,0,0.36745831474726975,True,0.5800000000000001,0.17999999999999972
CRA-1816-1846,Cracow (Free City),historical,Europe,0.1697999999999992,19.60737338044758,50.09824892029841,1,32,0,0.3729827582670871,True,1.0599999999999987,0.28000000000000114
FRA-1816-1866,Frankfurt (Free City),historical,Europe,0.0167999999999998,8.724920634920636,50.05722222222221,1,17,0,0.6670384533391118,True,0.20000000000000107,0.11999999999999744
HHO-1816-1866,Hesse-Homburg,historical,Europe,0.043199999999999905,8.139506172839502,50.03080246913579,2,37,0,0.328550251978673,True,1.259999999999999,0.6800000000000068
HOG-1816-1818,Hohengeroldseck,historical,Europe,0.00820000000000029,7.945040650406506,48.30390243902441,1,16,0,0.4673210149489745,True,0.1200000000000001,0.10000000000000142
HHE-1816-1850,Hohenzollern-Hechingen,historical,Europe,0.041400000000000096,9.11507246376812,48.31346215780998,1,51,0,0.20095831623765195,True,0.4399999999999995,0.3200000000000003
HSI-1816-1850,Hohenzollern-Sigmaringen,historical,Europe,0.12499999999999958,9.161375999999999,48.16561066666665,6,123,0,0.0833146677386221,True,1.0,0.6199999999999974
NAP-1816-1861,Kingdom of Naples,historical,Europe,10.909,15.158536865584994,40.06111760931339,2,462,2,0.12337749684911427,True,6.08,6.300000000000004
LIP-1816-1870,Lippe-Detmold,historical,Europe,0.12179999999999845,8.954822112753146,51.9593541324576,1,44,0,0.47717015441624067,True,0.6799999999999997,0.3399999999999963
LUC-1816-1847,Lucca,historical,Europe,0.10159999999999958,10.461771653543307,43.988372703412075,1,48,0,0.4895882670468972,True,0.4800000000000004,0.35999999999999943
MAS-1816-1829,Massa,historical,Europe,0.05939999999999953,10.046195286195285,44.135645342312,1,27,0,0.6623276349548417,True,0.40000000000000036,0.23999999999999488
NAS-1816-1866,Nassau,historical,Europe,0.6682000000000017,8.132896338421642,50.36231866706581,1,138,0,0.33147073957057954,True,1.120000000000001,0.9400000000000048
PIE-1816-1861,Piedmont,historical,Europe,15.718999999999998,9.30320198485908,44.024702334754075,3,614,0,0.1512247395950086,True,6.959999999999999,7.759999999999998
REU-1816-1870,Reuss,historical,Europe,0.18800000000000078,11.936964539007095,50.64622695035462,2,76,0,0.25212560157480646,True,0.7600000000000016,0.5799999999999983
SCS-1816-1826,Saxe-Coburg-Saalfeld,historical,Europe,0.30840000000000056,10.387410289667095,50.270691742326036,5,139,0,0.1264252349675054,True,4.56,1.2800000000000011
SGA-1816-1826,Saxe-Gotha-Altenberg,historical,Europe,0.3033999999999995,11.426666666666664,50.89081081081083,3,146,0,0.12377158389752656,True,2.26,0.5
SHI-1816-1826,Saxe-Hildburgchausen,historical,Europe,0.09780000000000016,10.760163599181997,50.34434901158826,2,81,0,0.12193872237806173,True,0.7800000000000011,0.6600000000000037
SME-1816-1870,Saxe-Meiningen,historical,Europe,0.31259999999999855,10.837223288547666,50.49287268074219,1,130,0,0.14752183865123547,True,1.540000000000001,0.5799999999999983
SWE-1816-1870,Saxe-Weimar,historical,Europe,0.3483999999999978,11.015070799846916,50.89737466513588,4,152,0,0.12015305835123255,True,2.2799999999999994,0.9000000000000057
SCL-1816-1870,Schaumburg-Lippe,historical,Europe,0.060200000000000184,9.146799557032121,52.21220376522703,1,53,0,0.2109115987504814,True,0.5,0.4399999999999977
SER-1816-1913,Serbia (1816-1913),historical,Europe,5.879673028138283,21.114117608640427,43.84178867380655,1,202,0,0.4232448000554721,True,3.8920907135572804,2.5373433079018923
WAL-1816-1870,Waldeck,historical,Europe,0.14140000000000094,8.92836397925507,51.30080150872231,1,87,0,0.26022032577809623,True,0.6600000000000001,0.480000000000004
WOL-1816-1870,Wolfenbüttel,historical,Europe,0.5553999999999989,10.482460688992932,52.08855599567878,4,220,0,0.09607929131662457,True,2.120000000000001,0.9799999999999969
SAL-1827-1870,Saxe-Altenburg,historical,Europe,0.14659999999999906,12.071732605729865,50.91173260572987,2,74,0,0.19436898934505484,True,1.2599999999999998,0.2600000000000051
SCG-1827-1870,Saxe-Coburg-Gotha,historical,Europe,0.30800000000000255,10.25611688311688,50.453142857142815,5,155,0,0.10699279563515456,True,4.86,1.6599999999999966
ROU-1859-1913,Romania (to 1913),historical,Europe,14.745890452323144,26.166800667393176,45.3074832937024,1,463,0,0.24521219038454364,True,7.212124691871338,4.642077504529411
ITA-1861-1919,Italy (to 1919),historical,Europe,31.250529440849284,12.106110131999554,42.587437632790106,4,1049,1,0.0875651786587935,True,11.884488511068128,10.040345009350915
ANH-1864-1870,Anhalt,historical,Europe,0.2812000000000014,12.092261735419637,51.807520151730664,2,118,0,0.18859076934787225,True,1.5200000000000014,0.480000000000004
BGR-1878-1913,Bulgaria (to 1913),historical,Europe,10.277277167584344,25.360426530031358,42.95349956120512,1,306,0,0.37630893903099505,True,6.237918005744177,2.5771381908278954
MNE-1878-1913,Montenegro (to 1913),historical,Europe,1.7497581368224104,19.39062947814498,42.77478063674032,1,146,0,0.33001615709125065,True,2.2268746138695974,1.7069730015732958
CRE-1898-1913,Crete,historical,Europe,6.573135390675297,22.364645282190057,38.371273438237964,19,738,0,0.04740525312701807,True,5.959304005550081,3.8340577911522047
F228-1905-1914,USSR (1905-1914),historical,Europe,3529.5648024596217,88.80234229923893,59.53192954021809,146,21800,0,0.02221467792493197,True,360.0,42.586218039661375
AUH-1908-1918,Austria-Hungary (1908-1918),historical,Europe,80.52371218242054,18.86346199860752,47.378238811779504,11,1438,0,0.16777815770765853,True,16.975571912374477,8.65234699242491
BGR-1913-1918,Bulgaria (1913-1918),historical,Europe,12.23258744116509,25.104068407203815,42.57681433395973,1,364,0,0.3706640663487809,True,5.719581005301556,3.4853932325565182
GRC-1913-1919,Greece (1913-1919),historical,Europe,12.645930389264851,22.764802533741737,38.92216650561676,32,1304,0,0.02792134714619844,True,8.595272508005024,6.639037006183074
MNE-1913-1915,Montenegro (1913-1915),historical,Europe,1.7497581368224104,19.39062947814498,42.77478063674032,1,146,0,0.33001615709125065,True,2.2268746138695974,1.7069730015732958
MON-1913-1918,Montenegro (1913-1918),historical,Europe,1.7497581368224104,19.39062947814498,42.77478063674032,1,146,0,0.33001615709125065,True,2.2268746138695974,1.7069730015732958
ROU-1913-1918,Romania (1913-1918),historical,Europe,15.605237631000675,26.243397707697483,45.22308074089217,1,489,0,0.25329337523098355,True,7.212124691871338,4.908313504630463
SER-1913-1915,Serbia (1913-1915),historical,Europe,10.018134474872141,21.2456235737868,43.06374288395858,1,273,0,0.38296750844462296,True,3.9265280036568413,4.084800919229721
SER-1913-1918,Serbia (1913-1918),historical,Europe,10.018134474872141,21.2456235737868,43.06374288395858,1,273,0,0.38296750844462296,True,3.9265280036568413,4.084800919229721
TUR-1913-1914,Türkiye (1913-1914),historical,Europe,177.5052287712688,38.05044183017341,33.598827167365094,13,2785,0,0.06779961703278231,True,31.354790176641586,29.84579907338629
TUR-1914-1918,Türkiye (1914-1918),historical,Europe,167.2020710319854,37.997281541500236,33.70253592271531,10,2209,0,0.09465598715498819,True,22.89486402132249,29.29544507291375
F228-1914-1917,USSR (1914-1917),historical,Europe,3550.9623815946447,88.83790296709621,59.483933085813305,146,21835,0,0.022464602765428276,True,360.0,42.586218039661375
FIN-1917-1940,Finland (1917-1940),historical,Europe,72.54803258136042,26.835793319966353,64.45947202124783,13,1155,0,0.14908922392710378,True,13.321538091936645,10.281809009575738
F228-1917-1918,USSR (1917-1918),historical,Europe,3478.4143490132847,90.13105858901608,59.3801600661039,134,21061,0,0.023264710372782823,True,360.0,42.586218039661375
AUT-1918-1919,Austria (1918-1919),historical,Europe,25.505173664541545,17.567203332886862,47.90150363122714,9,1153,0,0.07551831519537817,True,16.828820676479694,8.383862033068624
BGR-1918-1919,Bulgaria (1918-1919),historical,Europe,13.091934619842611,25.265127184725333,42.65544830235965,1,377,0,0.3489994956429046,True,6.239863005729262,3.4853932325565182
F51-1918-1938,Czechoslovakia (1918-1938),historical,Europe,17.346884282621804,17.476160527045884,49.267017894834986,1,546,0,0.20213396613575585,True,12.47904235524581,3.3148379876769667
EST-1918-1940,Estonia (1918-1940),historical,Europe,7.625450990047585,25.693819766130048,58.66202090815914,5,551,0,0.15328171001990468,True,6.692244489652371,2.246527002092108
HUN-1918-1919,Hungary (1918-1919),historical,Europe,31.71363115112791,20.882671681805473,46.52442140731704,1,588,0,0.26200236902685997,True,12.067057037953287,4.570296446024798
LVA-1918-1940,Latvia (1918-1940),historical,Europe,9.711090686482388,24.989121182337804,56.85847127944131,1,387,0,0.3283956561129738,True,7.267354006768301,2.4004032253420178
LTU-1918-1920,Lithuania (1918-1920),historical,Europe,11.815929567942849,24.334009487275065,55.1384226941549,2,382,0,0.43640077862745863,True,6.713097834242944,3.0382282138088357
POL-1918-1919,Poland (1918-1919),historical,Europe,17.026467666177183,21.220050242374807,51.960432608035084,1,405,0,0.45338641449756967,True,6.482731653990385,4.335136565634102
ROU-1918-1919,Romania (1918-1919),historical,Europe,14.745890452323144,26.166800667393176,45.3074832937024,1,463,0,0.24521219038454364,True,7.212124691871338,4.642077504529411
TUR-1918-1920,Türkiye (1918-1920),historical,Europe,163.72827006571544,37.860206421049064,34.536234143550786,8,2064,0,0.10428872851720328,True,22.89486402132249,25.732060211458403
F228-1918-1920,USSR (1918-1920),historical,Europe,3429.486486582761,91.06586406082366,59.455650570234866,131,20573,0,0.02382738384392825,True,360.0,42.586218039661375
F248-1918-1919,Yugoslavia (1918-1919),historical,Europe,17.55754869536641,19.920198520867388,43.39977972734905,1,395,0,0.34999345441547125,True,7.290382006789741,4.410054004107167
BGR-1919-1940,Bulgaria (1919-1940),historical,Europe,11.350732288998234,25.055295170468042,42.684691691692386,1,328,0,0.39755349671426155,True,5.719581005301556,2.977517126820402
DEU-1919-1920,Germany (1919-1920),historical,Europe,45.82999336222454,10.39351182301926,51.103520354516746,4,1369,0,0.1945589974844049,True,9.168818237411358,7.7818079935826745
HUN-1919-1920,Hungary (1919-1920),historical,Europe,30.179820069254042,20.642352303621596,46.45387724342338,1,528,0,0.30704914120710336,True,12.022795721033798,4.474642524138702
POL-1919-1920,Poland (1919-1920),historical,Europe,33.15089664280003,21.129405670964925,51.401081734747706,1,668,0,0.256946560974911,True,10.586109970882262,6.940554006482415
ROU-1919-1920,Romania (1919-1920),historical,Europe,17.139048712874523,26.186828325761496,45.46376042958476,1,479,0,0.26424666647277845,True,7.212124691871338,5.3147539268059845
F248-1919-1920,Yugoslavia (1919-1920),historical,Europe,21.449160000241545,19.068597545672933,43.72811304849778,8,786,0,0.1286872816114827,True,9.647500008986924,5.899245005490712
DEU-1920-1938,Germany (1920-1938),historical,Europe,45.82999336222454,10.39351182301926,51.103520354516746,4,1369,0,0.1945589974844049,True,9.168818237411358,7.7818079935826745
HUN-1920-1938,Hungary (1920-1938),historical,Europe,11.032831473839984,19.413625154529143,47.16661293697072,1,298,0,0.4220072805486964,True,6.783575236688222,2.8278460026220102
LTU-1920-1940,Lithuania (1920-1940),historical,Europe,7.926776150851131,23.648773695908144,55.4358152444571,2,325,0,0.43541000531989993,True,5.563101435270255,2.5259720023524466
POL-1920-1921,Poland (1920-1921),historical,Europe,37.04005005989171,21.612528846619647,51.72985364969516,1,829,0,0.1906454172004396,True,11.876436639268121,7.892545922837257
ROU-1920-1940,Romania (1920-1940),historical,Europe,34.39832849383585,25.593903887884526,46.00336051769417,1,590,0,0.42269730906341096,True,10.249506114846827,5.3147539268059845
F228-1920-1921,USSR (1920-1921),historical,Europe,3455.339660620693,90.92372311484222,59.297406075841096,131,20327,0,0.025051086952454442,True,360.0,42.586218039661375
F248-1920-1991,Yugoslavia (1920-1991),historical,Europe,28.71950673552715,18.72876865009467,44.16079837951578,11,886,0,0.16379481164151813,True,9.647500008986924,6.020354005612745
POL-1921-1945,Poland (1921-1945),historical,Europe,50.70634752652404,22.740736315067284,51.87532539393922,1,888,0,0.28613546535446416,True,12.623604172188607,7.892545922837257
F228-1921-1940,USSR (1921-1940),historical,Europe,3441.673363154059,91.18232409894158,59.325312292264606,131,20386,0,0.02503642340207986,True,360.0,42.586218039661375
F51-1938-1945,Czechoslovakia (1938-1945),historical,Europe,12.448720170237182,17.8459277431578,49.23473049081979,1,394,0,0.16390436364790065,True,11.48783318365031,2.8296412225914054
DEU-1938-1945,Germany (1938-1945),historical,Europe,45.82999336222454,10.39351182301926,51.103520354516746,4,1369,0,0.1945589974844049,True,9.168818237411358,7.7818079935826745
HUN-1938-1947,Hungary (1938-1947),historical,Europe,12.947924456745174,19.425949848538217,47.336513999397546,1,272,0,0.4492492922327852,True,6.783575236688222,3.221199740443666
F228-1940-1945,USSR (1940-1945),historical,Europe,3482.90286860261,90.41817821693202,59.300694019618966,136,21083,0,0.023969976847384195,True,360.0,42.586218039661375
F51-1945-1947,Czechoslovakia (1945-1947),historical,Europe,13.887005949909604,16.552827555146262,49.49407151907153,1,418,0,0.21797326252247426,True,10.46348756940887,3.035629384229736
F228-1945-1991,USSR (1945-1991),historical,Europe,3513.6465820339363,89.97639189013795,59.23220999654788,136,21175,0,0.0237469615006675,True,360.0,42.586218039661375
CZE-1947-1992,Czechoslovakia (1947-1992),historical,Europe,15.802098932814793,16.909632852913614,49.35121496015755,1,452,0,0.25170248664220896,True,10.46348756940887,3.3148379876769667
F51-1947-1993,Czechoslovakia (1947-1993),historical,Europe,15.802098932814793,16.909632852913614,49.35121496015755,1,452,0,0.25170248664220896,True,10.46348756940887,3.3148379876769667
F77-1949-1990,East Germany,historical,Europe,14.38169761005814,12.5349339187477,52.25722565100264,3,637,0,0.2915731830631395,True,4.8938349978028555,4.475834556819095
F78-1949-1990,West Germany,historical,Europe,31.448295752166384,9.414212808568127,50.57591654297967,2,883,0,0.2097228023803645,True,7.968609241335571,7.7818079935826745
RUS-1991-2014,Russia (1991-2014),historical,Europe,2898.892045424143,96.78850934306632,61.83819389309791,133,20215,0,0.02160417648250834,True,360.0,36.53562703402643
UKR-1991-2014,Ukraine (1991-2014),historical,Europe,73.48272085002601,31.387108908653307,49.01717112914667,1,1515,0,0.1463825536541842,True,18.02766744860773,7.999446007450032
F248-1991-1992,Yugoslavia (1991-1992),historical,Europe,28.71950673552715,18.72876865009468,44.1607983795157,11,886,0,0.1637948116415179,True,9.647500008986924,6.020354005612745
SCG-1992-2006,Serbia and Montenegro,historical,Europe,11.414353126159572,20.59912403357465,43.86707722109906,1,381,0,0.2803388668160552,True,4.543208714163683,4.332109003987789
YUG-1992-2006,Yugoslavia (1992-2006),historical,Europe,11.414353126159572,20.59912403357465,43.86707722109906,1,381,0,0.2803388668160552,True,4.543208714163683,4.332109003987789
SER-2006-2008,Serbia (2006-2008),historical,Europe,9.872774419817581,20.808047618526224,44.034293553476516,1,321,0,0.32232218238231397,True,4.183324913821195,4.3247180041269075
BAD-1800-1871,Baden,colonial,Europe,4.393063170000003,9.04904770733357,48.53751815522086,3,2400,2,0.17358890331938867,True,2.9840999999999998,2.2890999999999977
CHA-1800-2023,Channel Islands,dependency,Europe,0.026415965000000013,-2.291205091365516,49.32669971153811,26,633,0,0.051649519996866226,True,0.7535999999999998,0.5888999999999953
GEB-1800-1982,East Berlin,dependency,Europe,0.11798193499999939,13.40178934904314,52.50155306855381,1,288,0,0.2106678706601487,True,0.6722000000000001,0.33670000000000044
FRO-1800-2025,Faroe Islands,dependency,Europe,0.24708861661054216,-6.890424370964703,62.06919601816754,26,8040,0,0.017207394836044984,True,1.4375,0.9979171700000009
GIB-1800-2025,Gibraltar,dependency,Europe,0.0007170299999999732,-5.349130313468986,36.13678144754519,2,36,0,0.26532708113511255,True,0.02910000000000057,0.04870000000000374
GRL-1800-2025,Greenland,dependency,Europe,656.3722905299941,-41.48558093019052,74.67739158470944,5837,208170,0,0.0025705155668952415,True,73.2302,23.913799999999995
IMN-1800-2025,Isle of Man,dependency,Europe,0.07981901500000028,-4.539251134279635,54.227520974630345,4,265,0,0.30037731609171575,True,0.5347999999999997,0.3814000000000064
SJM-1800-2025,Svalbard and Jan Mayen,dependency,Europe,25.039531550000003,18.468370319070335,78.85618138714503,689,30875,0,0.003463036245887927,True,45.8844,11.712499999999991
GWB-1800-1982,West Berlin,dependency,Europe,0.11798193499999939,13.40178934904314,52.50155306855381,1,288,0,0.2106678706601487,True,0.6722000000000001,0.33670000000000044
GGY-2005-2025,Guernsey,dependency,Europe,0.010960909999999885,-2.515067562151934,49.48583597891658,19,415,0,0.056177077108746136,True,0.5225,0.33609999999999474
JEY-2005-2025,Jersey,dependency,Europe,0.015455055000000115,-2.1324391474935958,49.21383836588314,7,218,0,0.20670550199885945,True,0.3305,0.14580000000000126
DAN-1919-1938,Danzig (1919-1938),mandate,Europe,0.2806920488580763,18.802357871140984,54.224533137294365,1,99,0,0.24119252628125998,True,1.4410473335755967,0.5588169093176276
KOS-2008-2025,Kosovo,disputed,Europe,1.17748465260974,20.88157603700403,42.583422265826876,1,139,0,0.38976288460768427,True,1.7281796455782796,1.4167532578080824
F15-1800-1999,Belgium-Luxembourg,aggregate,Europe,3.894228979700009,4.663692753555774,50.6428650310706,1,202,0,0.3426312440895356,True,3.8410359685083217,1.9923630018556793
FRA-1800-1982,"France, Metropolitan",aggregate,Europe,62.42721194131167,2.4133086236042116,46.50106488602342,6,1001,0,0.19171890421137106,True,14.352500013366864,9.727641009059496
GER-1800-2025,Germany/Zollverein,aggregate,Europe,70.15370329358859,12.61670556396144,51.63169061138267,3,2004,0,0.11427419632283332,True,17.111458905070805,8.179875265249677
LUO-1800-2025,Luxembourg (old),aggregate,Europe,0.3222124676867952,6.0877781151288834,49.77021435879669,1,48,0,0.580268642221322,True,0.7895820377704865,0.7330675006825942
NET-1800-2025,Netherlands (old),aggregate,Europe,4.59706606835306,5.609616260730358,52.2440162645518,6,478,0,0.08730715082188195,True,3.840108810617807,2.7119450025256953
DOD-1912-2025,Dodecanese Is.,aggregate,Europe,13.527785541431733,22.958219675656295,39.06989083218838,32,1368,0,0.026537059310105002,True,8.595272508005024,6.817228006349083
ATG-1800-2025,Antigua and Barbuda,sovereign,North America,0.045625953853985976,-61.791236923567524,17.279821027541683,2,29,0,0.42397077583615816,True,0.2241630002087618,0.7345820006841279
BHS-1800-2025,Bahamas,sovereign,North America,1.071171954715256,-76.54970617260032,24.20042737142651,15,524,0,0.020894634869424507,True,6.239659005811177,6.0122270055993425
BRB-1800-2025,Barbados,sovereign,North America,0.03685846640931697,-59.56227377778318,13.178705038704617,1,40,0,0.706637612464626,True,0.23020900021433732,0.28652800026681113
BLZ-1800-2025,Belize,sovereign,North America,1.8768912208749264,-88.68478143992414,17.217701579169223,3,179,0,0.32261439961000504,True,1.4368090013381334,2.600046002421408
CRI-1800-2025,Costa Rica,sovereign,North America,4.209886445552431,-84.18842969731082,9.970943597219023,1,292,0,0.2493456077965916,True,3.350825203120678,3.1140270029001584
CUB-1800-2025,Cuba,sovereign,North America,9.517879710263438,-79.03516824013933,21.62088460115824,7,786,0,0.08325466062370958,True,10.819908343410205,3.3717365031402124
DMA-1800-2025,Dominica,sovereign,North America,0.0648350741037647,-61.35575929397519,15.435598551529177,1,27,0,0.6768830510627619,True,0.24069100022416023,0.43389100040408835
DOM-1800-2025,Dominican Republic,sovereign,North America,4.142946164031136,-70.48499997320492,18.894468353819928,2,302,0,0.3001262932409099,True,3.6770780034244837,2.3265950021668687
HTI-1800-2025,Haiti,sovereign,North America,2.327640145101461,-72.67859625309022,18.941375852895852,3,273,0,0.1499847339901515,True,2.838545502643683,2.0665540019246293
HND-1800-2025,Honduras,sovereign,North America,9.423430465505632,-86.61931063029853,14.819026565757698,2,336,0,0.27020746970500964,True,6.218636005791538,3.4543315032170625
JAM-1800-2025,Jamaica,sovereign,North America,0.9415849285538578,-77.31868857194829,18.151519270301144,1,207,0,0.4095097406254748,True,2.147850252000339,0.8240280007674485
MEX-1800-2025,Mexico,sovereign,North America,174.1077158599325,-102.5325937052376,23.950477845890855,16,2146,0,0.09843487665799246,True,31.665546029490827,18.16366663730183
NIC-1800-2025,Nicaragua,sovereign,North America,10.668081510286896,-85.03476913233291,12.839866752582564,1,263,0,0.41530754706612805,True,4.532741823392797,4.312527004016431
KNA-1800-2025,Saint Kitts and Nevis,sovereign,North America,0.01662598248696826,-62.75351722576658,17.326188223554038,1,21,0,0.47036263134244943,True,0.24027300022376608,0.20125400018743278
LCA-1800-2025,Saint Lucia,sovereign,North America,0.05312439274245183,-60.968713051471454,13.897866026661413,1,27,0,0.735071057634317,True,0.20151800018767574,0.39986400037240344
VCT-1800-2025,Saint Vincent and the Grenadines,sovereign,North America,0.028544819405167933,-61.193766318216326,13.254808148587353,1,16,0,0.8502426215286649,True,0.15986400014888602,0.2529090002355332
TTO-1800-2025,Trinidad and Tobago,sovereign,North America,0.41260246068000495,-61.25509277375195,10.466339606839377,2,96,0,0.27093769890019154,True,1.3963865013004622,1.2977090012085863
SLV-1821-2025,El Salvador,sovereign,North America,1.7178727657199595,-88.86693204760498,13.736776063370181,1,175,0,0.41296090484609366,True,2.4069045022417015,1.2755910011879479
GTM-1821-2025,Guatemala,sovereign,North America,9.193468810611554,-90.35626058052145,15.702136522692712,1,188,0,0.412192617061201,True,4.028159767601295,4.0735572811872345
PAN-1903-2025,Panama,sovereign,North America,6.086102965833141,-80.10322166571245,8.507248653610356,4,410,0,0.12011553359627396,True,5.831955005431411,2.4140270022482326
CAN-1948-2025,Canada,sovereign,North America,1693.8349407712192,-98.26582945130335,61.39159102899945,289,32200,0,0.0043772438704019236,True,88.3856270823155,41.43831903859231
USA-1959-2025,United States of America,sovereign,North America,1116.294878045342,-112.56515052335112,45.6937581090258,136,10601,0,0.027489284102597645,True,111.2457006036056,52.42595404882542
BLM-2007-2025,Saint Barthélemy,sovereign,North America,0.0017674599999999594,-62.83215950799455,17.90453287900905,22,187,0,0.09041139129266006,True,0.15850000000000364,0.09019999999999939
CUW-2010-2025,Curaçao,sovereign,North America,0.03631688499999993,-68.97138596532537,12.193213083023691,6,307,0,0.122643983113469,True,0.5232999999999919,0.41440000000000055
ALA-1800-1959,Alaska (to 1959),historical,North America,279.35188797873616,-152.56021153577393,64.25667135868065,96,6464,0,0.020606883110431167,True,48.222881544911104,19.767000018409533
GRD-1800-1833,Grenada,historical,North America,0.02986508500000003,-61.65873765496282,12.153122371380057,22,498,0,0.08734359282485295,True,0.4239000000000033,0.5553000000000008
LOW-1800-1866,Lower Quebec,historical,North America,206.1742974688821,-71.83876575835879,53.44890373464224,4107,74793,0,0.011510933314701674,True,23.885600000000004,18.707099999999997
NBW-1800-1866,New Brunswick,historical,North America,8.569719629999984,-66.37938844397716,46.61492467428465,145,6108,0,0.05906115277110674,True,5.280099999999997,3.589500000000001
NEW-1800-1948,Newfoundland (to 1948),historical,North America,53.22663819261254,-60.444250707451566,52.85836254759979,24,2667,0,0.023887363673910065,True,15.162427014121107,13.757454012812616
NOV-1800-1866,Nova Scotia  Cape Breton Isl.,historical,North America,6.3470583949999995,-63.33147946302105,45.146028420197496,833,17820,0,0.008580616145794695,True,6.752800000000001,3.8385000000000034
ONT-1800-1866,Ontario,historical,North America,136.0162843754248,-85.8158197489871,50.0829003361576,205,6992,2,0.2488435569892634,True,20.810000000000002,15.192599999999999
PAN-1800-1979,Panama (before Canal Zone),historical,North America,6.086102965833141,-80.10322166571245,8.507248653610356,4,410,0,0.12011553359627396,True,5.831955005431411,2.4140270022482326
PRI-1800-1866,Prince Edward Island,historical,North America,0.6705388599999993,-63.24614790560686,46.39113678053128,31,3178,0,0.01746184115878214,True,2.4421999999999997,1.1098999999999961
ST.-1800-1838,St. Lucía,historical,North America,0.05137591999999995,-60.966744361593314,13.89832373944838,3,369,0,0.23635312346236667,True,0.2102000000000004,0.40329999999999977
ST.-1800-1833,St. Vincent,historical,North America,0.033165744999999976,-61.200659905202436,13.20064782509284,29,593,0,0.07785824186383826,True,0.3470000000000013,0.8048000000000002
USA-1800-1959,United States of America (to 1959),historical,North America,835.5001611396484,-99.11707588009942,39.53111716651539,33,3893,0,0.12502546666888026,True,57.74347305377779,24.42518435608116
STM-1816-1878,St Martin and St Barthélemy,historical,North America,0.006563019999999886,-62.998989115554494,18.032336313490863,27,315,0,0.06566765623254787,True,0.3644999999999996,0.254999999999999
VAN-1849-1866,Vancouver's Island,historical,North America,7.083956548182234,-125.69513830833654,50.19036343911284,1068,20400,10,0.005606955925965286,True,6.051399999999987,3.7032999999999987
CAN-1866-1948,Canada (to 1948),historical,North America,1640.6083025786072,-99.49288376067612,61.668436552870794,268,30794,0,0.004599492659239483,True,83.90270907814045,41.43831903859231
BCO-1858-1866,British Columbia,colonial,North America,132.60747757424215,-124.76836202824511,54.75339738834032,2573,53861,0,0.011624907460532984,True,24.998000000000005,11.691400000000002
AIA-1800-2025,Anguilla,dependency,North America,0.0068151900000000855,-63.05503070929297,18.2203097506697,5,82,0,0.1645790938219388,True,0.501100000000001,0.4308999999999976
BMU-1800-2025,Bermuda,dependency,North America,0.006499415000000114,-64.76731428467025,32.309399912940904,14,296,0,0.03327518675524595,True,0.2412999999999954,0.23050000000000637
VGB-1800-2025,British Virgin Islands,dependency,North America,0.014407789999999828,-64.51817417851728,18.50303662533718,35,692,0,0.01883912776301769,True,0.5797000000000025,0.4427999999999983
CYM-1800-2025,Cayman Islands,dependency,North America,0.02416164999999979,-80.87424222016425,19.425218054023613,4,235,0,0.07742195459098763,True,1.6966999999999928,0.4941999999999993
GLP-1800-2025,Guadeloupe,dependency,North America,0.13933778000000016,-61.53934569172837,16.197589142121643,18,897,0,0.09152383967763789,True,0.8099999999999952,0.6834000000000007
LEE-1800-2025,"Leeward Islands (Antigua, Dominica, St.Christopher, Montserrat, Nevis, Virgin Island)",dependency,North America,0.14619098000000005,-62.03462681259831,16.563513681449464,56,1882,0,0.022373063987305965,True,3.6099999999999994,3.5424999999999986
MTQ-1800-2025,Martinique,dependency,North America,0.09378105500000004,-61.01783269303878,14.65269800952511,20,796,0,0.10020088060996758,True,0.42029999999999745,0.4908000000000001
MSR-1800-2025,Montserrat,dependency,North America,0.008524715000000117,-62.189641821202606,16.73930575587179,1,68,0,0.5952493601404548,True,0.09720000000000084,0.14939999999999998
NET-1800-1986,Netherlands Antilles (original),dependency,North America,0.08162215500000042,-68.49202333284794,12.691265572897045,14,692,0,0.05123026014444678,True,7.121700000000004,6.085300000000002
PRI-1800-2025,Puerto Rico,dependency,North America,0.7662154400000009,-66.4682113070363,18.22201955944136,59,1875,0,0.1047324192967374,True,2.951900000000009,0.6333999999999982
SAI-1800-1982,Saint Kitts-Nevis-Anguilla,dependency,North America,0.02952594500000016,-62.78297019072545,17.49070744936923,7,278,0,0.10370636397415715,True,0.8885000000000005,1.4983000000000004
SPM-1800-2025,Saint Pierre and Miquelon,dependency,North America,0.0268603600000001,-56.305916250017994,46.92991584885684,5,280,0,0.08781627468667678,True,0.2797000000000054,0.3961000000000041
TCA-1800-2025,Turks and Caicos Islands,dependency,North America,0.08648776140900252,-71.82457616594392,21.75820622270494,69,1469,2,0.01893817252964544,True,1.4008000000000038,0.7851999999999997
VIR-1800-2025,United States Virgin Islands,dependency,North America,0.03088117499999963,-64.80257173967094,17.971300298801243,31,759,0,0.034560850053651955,True,0.5216000000000065,0.7428000000000026
ABW-1986-2025,Aruba,dependency,North America,0.01511787999999994,-69.97023239981401,12.509303366190663,1,119,0,0.37100219046592464,True,0.19810000000001082,0.21160000000000068
ANT-1986-2010,Netherlands Antilles,dependency,North America,0.06650427500000049,-68.1559939980525,12.732629572512442,13,573,0,0.05914689974809701,True,6.220799999999997,6.085300000000002
ALA-2003-2025,Åland Islands,dependency,North America,0.24079848000000045,20.159298748870047,60.20291379674205,960,8861,0,0.0021760812962822915,True,2.023900000000001,0.9041999999999959
MAF-2007-2025,Saint Martin (French part),dependency,North America,0.004795559999999921,-63.06047612816158,18.079439771337086,5,128,0,0.15425474244530707,True,0.18419999999999703,0.0802999999999976
BES-2010-2025,"Bonaire, Sint Eustatius and Saba",dependency,North America,0.0269475650000006,-67.66949540333853,12.82171840108125,4,176,0,0.16992130309203754,True,5.478899999999996,5.6264
SXM-2010-2025,Sint Maarten (Dutch part),dependency,North America,0.0032398249999999475,-63.0623411612767,18.038224663986473,3,90,0,0.2327743284656965,True,0.1395000000000053,0.06360000000000099
DAN-1800-2025,Danish Virgin Islands,aggregate,North America,0.03088117499999963,-64.80257173967094,17.971300298801243,31,759,0,0.034560850053651955,True,0.5216000000000065,0.7428000000000026
DUT-1800-2025,Dutch West Indies (Netherland Antilles),aggregate,North America,0.08162215500000042,-68.49202333284794,12.691265572897045,14,692,0,0.05123026014444678,True,7.121700000000004,6.085300000000002
NFL-1816-2025,Newfoundland,aggregate,North America,53.22663819261254,-60.444250707451566,52.85836254759979,24,2667,0,0.023887363673910065,True,15.162427014121107,13.757454012812616
KIR-1800-2025,Kiribati,sovereign,Oceania,0.03435206998698451,-154.45970965907287,1.8345660008222582,2,53,0,0.15262106034370124,True,330.5292093078293,0.6970630006491951
TON-1800-2025,Tonga,sovereign,Oceania,0.04001817439453856,-174.83627440280733,-20.40289498768708,2,47,0,0.29343078583948884,True,1.4531730013533775,2.7000090025145767
TUV-1800-2025,Tuvalu,sovereign,Oceania,0.0023766513259251124,178.55739925787282,-7.827667426255131,4,28,0,0.18391763636383593,True,2.937027002735306,2.4718450023020893
VUT-1800-2025,Vanuatu,sovereign,Oceania,1.037135184661814,167.71814753365203,-16.255048803744412,14,387,0,0.048389410871986706,True,3.3722270031406083,6.546955006097335
FJI-1874-2025,Fiji,sovereign,Oceania,1.5338361480154874,172.20161903394427,-17.45254409801917,7,222,0,0.11337958510051077,True,360.0,3.007568002801044
MHL-1874-2025,Marshall Islands,sovereign,Oceania,0.002844918626798032,168.62676338478252,7.643559567171644,8,49,0,0.07652954501301329,True,9.053100008431386,8.993754008376087
SLB-1885-2025,Solomon Islands,sovereign,Oceania,2.208688608446025,159.6361562143876,-8.918481649451323,22,552,0,0.030189317803185203,True,11.260536010487215,5.240317973967182
NRU-1888-2025,Nauru,sovereign,Oceania,0.00220682635261159,166.92937631100583,-0.5221021069517748,1,11,0,0.9183131541560828,True,0.05262700004902854,0.058882000054836015
WSM-1900-2025,Samoa,sovereign,Oceania,0.2455189894118163,-172.1594595135083,-13.758366518284227,2,55,0,0.3383593455711188,True,1.3508270012580397,0.596945000555948
AUS-1901-2025,Australia,sovereign,Oceania,695.5167136262248,134.48935010988865,-25.73496163930726,36,4588,0,0.13783338399164402,True,46.05316304289033,44.61820000436425
NZL-1907-2025,New Zealand,sovereign,Oceania,29.14813881654226,171.7856593876197,-41.839176724054276,13,1652,0,0.05726996770402754,True,355.68406833125664,18.163337016915918
PNG-1975-2025,Papua New Guinea,sovereign,Oceania,37.76131535889936,145.23858982841142,-6.478121477878667,25,1573,0,0.06025449172490298,True,15.10799090104004,10.287217886104651
FSM-1991-2025,Micronesia,sovereign,Oceania,0.04220576071561521,159.40422295771532,6.492379005094897,2,26,0,0.48808469758477124,True,4.922791004584724,1.715972001598118
PLW-1991-2025,Palau,sovereign,Oceania,0.03113601620600471,134.5686858946551,7.501880149507685,2,33,0,0.3202539269603993,True,0.2063900001922434,0.4241910003950551
NEW-1800-1920,New Guinea (to 1920),historical,Oceania,37.76131535889936,145.23858982841142,-6.478121477878667,25,1573,0,0.06025449172490298,True,15.10799090104004,10.287217886104651
NEW-1800-1900,New South Wales (to 1900),historical,Oceania,76.52748217338971,146.99500766311587,-32.19524827968699,1,500,0,0.5427296451500724,True,12.789538419884593,9.230082972655751
PAP-1800-1949,Papua (to 1949),historical,Oceania,18.381057396092594,144.6037705895754,-7.884788853759451,13,772,0,0.10016996376316797,True,13.438908900418227,6.485742966810372
QUE-1800-1900,Queensland (to 1900),historical,Oceania,153.62627692136687,144.51499837411643,-22.59751131152567,10,1116,0,0.30736401509457384,True,15.685330978928732,19.04490696035284
SOU-1800-1900,South Australia (to 1900),historical,Oceania,206.67724178985048,134.3855809811582,-24.093123810793607,12,1407,0,0.18812109531053167,True,12.106512571826215,27.046238608312187
TAS-1800-1900,Van Diemen's Land (Tasmania) (to 1900),historical,Oceania,7.399109945690311,146.602386797684,-41.949016634619426,8,464,0,0.16600704815214848,True,4.6330930015460865,4.072631949502785
VIC-1800-1900,Victoria (to 1900),historical,Oceania,24.05910317998821,144.2181824103159,-36.83390569445929,1,461,0,0.32398663964022145,True,9.298579009864596,5.185395225089778
WES-1800-1900,Western Australia (to 1900),historical,Oceania,227.18067118585603,122.16338925059311,-25.466734035471,5,1258,0,0.3396102471952167,True,16.0897725659824,21.410126901424036
VAN-1828-1900,Van Diemen's Land (Tasmania),historical,Oceania,7.399109945690311,146.602386797684,-41.949016634619426,8,464,0,0.16600704815214848,True,4.6330930015460865,4.072631949502785
SOU-1838-1900,South Australia,historical,Oceania,206.67724178985048,134.3855809811582,-24.093123810793607,12,1407,0,0.18812109531053167,True,12.106512571826215,27.046238608312187
WES-1838-1900,Western Australia,historical,Oceania,227.18067118585603,122.16338925059311,-25.466734035471,5,1258,0,0.3396102471952167,True,16.0897725659824,21.410126901424036
MRQ-1844-1903,Marquesas Island,historical,Oceania,0.08140874000000002,-139.66266733795027,-9.25779797619601,19,1106,0,0.03654478252655494,True,1.9248000000000047,2.1319999999999997
SOC-1844-1903,Society Islands  (Tahiti),historical,Oceania,0.1391122450000007,-150.00478477880824,-17.408377992834723,89,1545,0,0.02444389542047031,True,6.668300000000016,2.0837999999999983
BON-1846-1873,Bonin island,historical,Oceania,0.005704884999999996,142.02323887931178,25.674341619915747,19,274,0,0.043440865899806023,True,13.114500000000021,3.0259
VIC-1853-1900,Victoria,historical,Oceania,24.05910317998821,144.2181824103159,-36.83390569445929,1,461,0,0.32398663964022145,True,9.298579009864596,5.185395225089778
QUE-1859-1900,Queensland,historical,Oceania,153.62627692136687,144.51499837411643,-22.59751131152567,10,1116,0,0.30736401509457384,True,15.685330978928732,19.04490696035284
GAM-1881-1903,Gambier Island,historical,Oceania,0.08737120000000242,-144.2853809336981,-16.26926809853261,623,7084,10,0.0005061793620166604,True,12.427399999999977,5.570800000000002
PAL-1889-1912,Palmyra Island,historical,Oceania,1.4428289269577872,-156.34908542381683,20.259445365912224,7,241,0,0.1296095151708601,True,5.450109005075802,3.313672003086083
SOL-1893-1899,Solomon Islands (1893-1899),historical,Oceania,1.617032320166622,160.16647599203418,-9.39858039646811,17,417,0,0.04121676876349718,True,10.435773009719071,4.275281003981661
HAW-1898-1959,Hawaii (1898-1959),historical,Oceania,1.4428289269577872,-156.34908542381683,20.259445365912224,7,241,0,0.1296095151708601,True,5.450109005075802,3.313672003086083
GER-1800-1899,German Solomon Islands (to 1899),colonial,Oceania,1.3642633792618204,156.53086604176224,-6.788389759936305,7,211,0,0.09627481348316938,True,5.358781952601817,3.538963926063163
WES-1949-1969,Dutch new Guinea (1949-1969),colonial,Oceania,33.439174459500684,137.33823341871113,-4.0407394934383865,14,1337,0,0.07980629989218624,True,11.28734588385933,9.122202876473118
CXR-1800-2025,Christmas Island,dependency,Oceania,0.011507854999999957,105.63663350482493,-10.485344802557329,1,79,0,0.3419330770869818,True,0.18030000000000257,0.15869999999999962
CCK-1800-2025,Cocos (Keeling) Islands,dependency,Oceania,0.0011385743819109497,96.8622362913172,-12.134576142632834,54,8704,0,0.01111962877737944,True,0.11254119873046875,0.39410305023187675
PYF-1800-2025,French Polynesia,dependency,Oceania,0.340667575000001,-145.32587516805535,-15.711021596088766,826,11116,19,0.0008605638202558841,True,20.276100000000014,20.0056
GUM-1800-2025,Guam,dependency,Oceania,0.04593700999999936,144.77677827508077,13.443285232774917,2,240,0,0.20303819872154777,True,0.3388999999999953,0.41910000000000025
HMD-1800-2025,Heard Island and McDonald Islands,dependency,Oceania,0.04866026000000001,73.51066759339825,-53.09266090350043,7,245,0,0.16259975624263034,True,1.290700000000001,0.2926000000000002
NFK-1800-1901,Norfolk Island,dependency,Oceania,0.003766074999999632,167.95240038545862,-29.038294649646275,4,85,0,0.2915853946051989,True,0.0841999999999814,0.13919999999999888
UMI-1800-2025,United States Minor Outlying Islands,dependency,Oceania,0.004047579069954461,-98.42987062367342,15.923139294885857,29,3373,0,0.012872072159036074,True,344.96110535,28.79067645
PCN-1839-2025,Pitcairn,dependency,Oceania,0.004809430000000533,-128.48051827423788,-24.428462720980754,7,105,0,0.10686753064795108,True,5.983899999999991,1.171999999999997
WLF-1842-2025,Wallis and Futuna,dependency,Oceania,0.013010825000000444,-177.10869848363436,-13.768477248176003,15,253,0,0.0883586801064531,True,2.0578000000000145,1.1862999999999992
NCL-1853-2025,New Caledonia,dependency,Oceania,1.6385426949999935,165.70004222844463,-21.306411864336024,291,5155,0,0.02386495177186247,True,16.2209,5.448899999999998
TKL-1877-2025,Tokelau,dependency,Oceania,0.001213415000000458,-171.7974686900193,-9.058138832688604,39,275,0,0.012765191248560837,True,1.3392000000000053,0.9114000000000004
COK-1893-2025,Cook Islands,dependency,Oceania,0.024090665000001416,-159.23576292779822,-19.13198548772557,67,675,1,0.01612458812617709,True,8.55879999999999,13.0435
ASM-1900-2025,American Samoa,dependency,Oceania,0.017056499999998788,-170.375347951299,-14.22525217846569,6,167,0,0.10307377380987588,True,1.6707999999999856,3.325100000000001
NIU-1900-2025,Niue,dependency,Oceania,0.02288381999999937,-169.85850312171073,-19.052373313225967,1,46,0,0.769949613337887,True,0.17719999999999914,0.2038999999999973
MNP-1991-2025,Northern Mariana Islands,dependency,Oceania,0.04248183499999996,145.60093659711262,16.013252613652387,18,492,0,0.04421375687633424,True,1.1810000000000116,6.444699999999999
F164-1800-1990,Pacific Islands Trust Territory,mandate,Oceania,0.03113601620600471,134.5686858946551,7.501880149507685,2,33,0,0.3202539269603993,True,0.2063900001922434,0.4241910003950551
NEW-1920-1949,New Guinea (1920-1949),mandate,Oceania,37.76131535889936,145.23858982841142,-6.478121477878667,25,1573,0,0.06025449172490298,True,15.10799090104004,10.287217886104651
MRI-1800-2025,Mariana Island,aggregate,Oceania,0.04248183499999996,145.60093659711262,16.013252613652387,18,492,0,0.04421375687633424,True,1.1810000000000116,6.444699999999999
BOC-1839-2025,British settlement Oceania,aggregate,Oceania,1.5338361480154874,172.20161903394427,-17.45254409801917,7,222,0,0.11337958510051077,True,360.0,3.007568002801044
FSO-1844-2025,French Settlements in Oceania,aggregate,Oceania,1.0648643467453012,-143.96033547647153,-16.62343052188135,48,418,0,0.01680762137845564,True,16.768946395563773,15.822781885397411
BNG-1884-2025,British New Guinea,aggregate,Oceania,18.381057396092594,144.6037705895754,-7.884788853759451,13,772,0,0.10016996376316797,True,13.438908900418227,6.485742966810372
GER-1884-2025,German colonies Oceania,aggregate,Oceania,19.379860822447245,145.84063296993037,-5.143918796670548,13,807,0,0.0776231974423704,True,14.962558879213077,6.6979379913463255
NGN-1884-2025,New Guinea,aggregate,Oceania,37.76131535889936,145.23858982841142,-6.478121477878667,25,1573,0,0.06025449172490298,True,15.10799090104004,10.287217886104651
CAR-1885-2025,Caroline Island,aggregate,Oceania,0.10202740216714783,146.89481686868004,7.207301942209364,450,4244,2,0.004094195192874225,True,31.915699999999987,9.0653
GIL-1892-2025,Gilbert and Ellice Island,aggregate,Oceania,0.03435206998698451,-154.45970965907287,1.8345660008222582,2,53,0,0.15262106034370124,True,330.5292093078293,0.6970630006491951
DUT-1898-2025,Dutch new Guinea,aggregate,Oceania,33.594931497789446,137.32694204425485,-4.037028851663038,625,17589,4,0.02449236273350023,True,11.711099999999988,10.056
NHB-1906-2025,New Hebrides,aggregate,Oceania,1.037135184661814,167.71814753365203,-16.255048803744412,14,387,0,0.048389410871986706,True,3.3722270031406083,6.546955006097335
GUY-1800-2025,Guyana,sovereign,South America,17.17507722979696,-58.974770377593664,4.79190094735908,2,414,0,0.3266440966400789,True,4.919091004581247,7.348400006843653
VEN-1821-2025,Venezuela,sovereign,South America,74.62620287657782,-66.16968628324037,7.122344718091471,10,1190,0,0.15857267859682397,True,13.57500901264271,11.548336010755236
URY-1828-2025,Uruguay,sovereign,South America,17.125768887635857,-56.01251887969801,-32.79955560021334,1,371,0,0.6327819222537661,True,5.340309004973577,4.84714500451426
ARG-1902-2025,Argentina,sovereign,South America,278.30504917692707,-65.16771139855456,-35.376223952762544,5,2113,0,0.18190859240490392,True,19.932154518563294,33.271155030986144
CHL-1902-2025,Chile,sovereign,South America,77.60196658307494,-71.37134845895923,-37.838339883101916,124,5821,0,0.008957820852184667,True,43.0254820400706,38.396945035759984
BRA-1909-2025,Brazil,sovereign,South America,707.0336657729954,-53.08996154199332,-10.773233922327009,42,3898,0,0.14406174626133345,True,39.21167303651873,39.0217455363418
COL-1922-2025,Colombia,sovereign,South America,92.57667786953982,-73.0733309324274,3.901187165378527,4,960,0,0.23385294622035266,True,14.843402870966898,16.7989235156452
BOL-1938-2025,Bolivia,sovereign,South America,92.18974688290211,-64.6709523266109,-16.71458551854068,1,608,0,0.4208118570230803,True,12.135073011301586,13.221918012313871
PRY-1938-2025,Paraguay,sovereign,South America,35.208959331940214,-58.391039640107294,-23.236210789151254,1,399,0,0.4634456997669608,True,8.406151541162103,8.287918007718801
ECU-1942-2025,Ecuador,sovereign,South America,20.750751321907543,-78.76570889180896,-1.4274012126672553,8,580,0,0.2106865784319053,True,16.447045015317514,6.438091005995943
PER-1942-2025,Peru,sovereign,South America,106.50057432364876,-74.37564281028293,-9.163727157181144,1,962,0,0.2872354354177741,True,12.679437011808645,18.30625936922896
SUR-1975-2025,Suriname,sovereign,South America,11.810359201058294,-55.911829025933514,4.126370392320799,1,268,0,0.505996024881449,True,4.0852820038047355,4.1655640038794814
ARG-1800-1899,Argentina (to 1899),historical,South America,279.2895809626263,-65.26558258511265,-35.735738235373184,5,1940,0,0.19346514451098637,True,19.932154518563294,33.271155030986144
BRA-1800-1903,Brazil (to 1903),historical,South America,693.8389360236549,-52.7565592461601,-10.803163819877998,42,3685,0,0.14866662547844928,True,38.95110148952756,39.0217455363418
COL-1800-1903,Colombia (to 1903),historical,South America,95.26238795513845,-73.59180496394254,4.419282613924087,7,1232,0,0.16091925762394477,True,16.15354787218709,14.520075320776542
ECU-1800-1942,Ecuador (to 1942),historical,South America,27.78388371684043,-77.99073936783644,-1.646990246112433,8,569,0,0.25384005581256797,True,18.24351044912825,6.438091005995943
CHL-1810-1899,Chile (to 1899),historical,South America,76.61743479737605,-71.09430022750409,-36.55945914001715,124,5648,0,0.009060767108252207,True,43.0254820400706,38.396945035759984
PRY-1811-1938,Paraguay (to 1938),historical,South America,26.081790265515757,-57.68727287609477,-24.12783770113486,1,351,0,0.4307848472757537,True,8.119573007561968,6.747211102776788
BOL-1825-1903,Bolivia (to 1903),historical,South America,111.90172275030976,-64.83173807091124,-16.298466199319126,1,462,0,0.3887967757897254,True,15.777259597792352,15.86377908196716
PER-1825-1909,Peru (to 1909),historical,South America,105.4777577573072,-74.14675442507317,-9.434733036920198,1,627,0,0.34624440951691066,True,12.811560381814033,17.094217262315148
ARG-1899-1902,Argentina (1899-1902),historical,South America,283.52210848263076,-65.3002743488283,-35.57675591447475,5,1956,0,0.19801497249943897,True,19.932154518563294,33.271155030986144
CHL-1899-1902,Chile (1899-1902),historical,South America,72.38490727737123,-71.2992369524387,-37.230336896953524,124,5664,0,0.00858926163799127,True,43.0254820400706,38.396945035759984
BOL-1903-1909,Bolivia (1903-1909),historical,South America,101.56660357902841,-64.3025470347265,-17.00435697090622,1,537,0,0.4611520485756135,True,12.807782011928111,13.221918012313871
BRA-1903-1909,Brazil (1903-1909),historical,South America,704.1740551949366,-53.01011381415486,-10.782003819613568,42,3792,0,0.14695626405319923,True,38.95110148952756,39.0217455363418
COL-1903-1922,Colombia (1903-1922),historical,South America,89.17628498930527,-73.14741380652691,4.1402871137040105,4,901,0,0.25928787784714413,True,14.843402870966898,14.520075320776542
BOL-1909-1938,Bolivia (1909-1938),historical,South America,101.31691594932654,-64.28639336809727,-17.072558814307225,1,590,0,0.47857817295139593,True,12.135073011301586,13.221918012313871
PER-1909-1922,Peru (1909-1922),historical,South America,102.86783480895032,-74.17753365007357,-9.408757802413433,1,806,0,0.3088453849880848,True,12.679437011808645,17.094217262315148
PER-1922-1942,Peru (1922-1942),historical,South America,99.4674419287158,-74.28169998181016,-9.649409381541645,1,849,0,0.304933284705077,True,12.679437011808645,16.536677367580843
INI-1930-1946,Inini (1930-1946),colonial,South America,5.751338695429322,-53.2651393250503,3.708017835701794,1,161,0,0.5766132321432058,True,2.953151771551603,3.1503209167185564
GUF-1800-2025,French Guiana,dependency,South America,6.783731995000002,-53.23098035869249,3.9304665521713336,15,1117,0,0.49151920020793266,True,2.9359000000000037,3.6223000000000005
FRE-1800-1930,French Guiana (to 1930),dependency,South America,6.817126691656699,-53.242057339086244,3.9260823028255643,1,191,0,0.5876724978935708,True,2.95967786330786,3.6375067015446096
SGS-1800-2025,South Georgia and the South Sandwich Islands,dependency,South America,0.5703180050000012,-35.90901334809376,-54.67788712532113,69,2499,0,0.022099365604035488,True,15.586300000000005,5.837399999999995
FLK-1833-2025,Falkland Islands,dependency,South America,1.6131518137917844,-59.39527004372063,-51.7412332479847,410,193648,0,0.0019583713746582896,True,3.7733879089356037,1.923332214355412
FRE-1930-1946,French Guiana (1930-1946),dependency,South America,1.0657879962273749,-53.11749943496993,5.10282909703467,1,124,0,0.22612968036287392,True,2.7097658790196135,1.6193492035267942
DGU-1800-2025,Dutch Guayana,aggregate,South America,11.927885320000021,-55.91597247086069,4.136211783514253,11,1380,0,0.41963807290528854,True,4.109099999999998,4.184
